{"type":"FeatureCollection","county":"嘉義市","data_ym":"202606","features":[{"type":"Feature","properties":{"id":"64955b1dcfea","NAME":"世賢路四段","PSTART":"世賢路四段22巷","PEND":"世賢路四段56巷","SW_DIRECT":"1","SW_LENG":65.33,"SW_WTH":2.91,"SWW_WTH":1.81,"SW_RAMP":2,"VILL_NAME":"西區"},"geometry":{"type":"Polygon","coordinates":[[[120.442025,23.461633],[120.442034,23.461613],[120.441395,23.461559],[120.441394,23.461564],[120.441399,23.46158],[120.441414,23.461587],[120.442011,23.461638],[120.442025,23.461633]]]}},{"type":"Feature","properties":{"id":"a0ee93731ace","NAME":"博愛路二段","PSTART":"無名路","PEND":"大聖路","SW_DIRECT":"2","SW_LENG":74.25,"SW_WTH":4.85,"SWW_WTH":3.64,"SW_RAMP":3,"VILL_NAME":"西區"},"geometry":{"type":"Polygon","coordinates":[[[120.421349,23.461061],[120.421804,23.461592],[120.421815,23.461584],[120.421825,23.46156],[120.421817,23.461537],[120.42141,23.461062],[120.421397,23.461053],[120.42138,23.461049],[120.421364,23.461052],[120.421349,23.461061]]]}},{"type":"Feature","properties":{"id":"db902bb2d144","NAME":"世賢路四段","PSTART":"世賢路四段56巷","PEND":"民生南路","SW_DIRECT":"1","SW_LENG":180.2,"SW_WTH":2.97,"SWW_WTH":1.64,"SW_RAMP":2,"VILL_NAME":"西區"},"geometry":{"type":"Polygon","coordinates":[[[120.442096,23.461619],[120.442096,23.461638],[120.442111,23.461647],[120.443821,23.461791],[120.443844,23.461785],[120.443858,23.461766],[120.442096,23.461619]]]}},{"type":"Feature","properties":{"id":"be70d2697ef0","NAME":"博愛路二段","PSTART":"大聖路","PEND":"博愛路二段","SW_DIRECT":"2","SW_LENG":14.83,"SW_WTH":4.26,"SWW_WTH":4.26,"SW_RAMP":2,"VILL_NAME":"西區"},"geometry":{"type":"Polygon","coordinates":[[[120.422703,23.46174],[120.422821,23.461651],[120.422809,23.461641],[120.422796,23.461636],[120.42278,23.461637],[120.422766,23.461643],[120.422696,23.461698],[120.422691,23.461721],[120.422703,23.46174]]]}},{"type":"Feature","properties":{"id":"3b879e72a757","NAME":"大貴路","PSTART":"大富西街87巷","PEND":"自強街","SW_DIRECT":"1","SW_LENG":30.28,"SW_WTH":3.32,"SWW_WTH":2.6,"SW_RAMP":2,"VILL_NAME":"西區"},"geometry":{"type":"Polygon","coordinates":[[[120.412447,23.464691],[120.41246,23.464704],[120.412478,23.464708],[120.41248,23.464427],[120.412458,23.464435],[120.412447,23.464455],[120.412447,23.464691]]]}},{"type":"Feature","properties":{"id":"d38f65a7b302","NAME":"博愛路二段","PSTART":"自強街","PEND":"博愛路二段","SW_DIRECT":"2","SW_LENG":15.55,"SW_WTH":4.99,"SWW_WTH":4.99,"SW_RAMP":2,"VILL_NAME":"西區"},"geometry":{"type":"Polygon","coordinates":[[[120.424785,23.464697],[120.424698,23.464762],[120.424696,23.464783],[120.424714,23.464807],[120.424834,23.46472],[120.424811,23.464696],[120.424798,23.464694],[120.424785,23.464697]]]}},{"type":"Feature","properties":{"id":"e1fb3a69ab25","NAME":"新民路","PSTART":"停車場出入口","PEND":"嘉義大學出入口","SW_DIRECT":"1","SW_LENG":138.3,"SW_WTH":3.14,"SWW_WTH":1.69,"SW_RAMP":2,"VILL_NAME":"西區"},"geometry":{"type":"Polygon","coordinates":[[[120.440655,23.463738],[120.440517,23.464962],[120.44052,23.464964],[120.440547,23.464967],[120.440688,23.46372],[120.440662,23.463728],[120.440655,23.463738]]]}},{"type":"Feature","properties":{"id":"262e15683624","NAME":"世賢路三段","PSTART":"無名路","PEND":"世賢路三段116巷","SW_DIRECT":"2","SW_LENG":144.31,"SW_WTH":2.98,"SWW_WTH":1.24,"SW_RAMP":2,"VILL_NAME":"西區"},"geometry":{"type":"Polygon","coordinates":[[[120.428265,23.465082],[120.428275,23.465062],[120.428269,23.465042],[120.427813,23.464538],[120.428293,23.464169],[120.4283,23.46415],[120.428294,23.464133],[120.427772,23.464534],[120.428265,23.465082]]]}},{"type":"Feature","properties":{"id":"b8c08bbb4658","NAME":"世賢路三段","PSTART":"蘭州四街","PEND":"世賢路二段","SW_DIRECT":"1","SW_LENG":84.13,"SW_WTH":2.92,"SWW_WTH":1.48,"SW_RAMP":1,"VILL_NAME":"西區"},"geometry":{"type":"Polygon","coordinates":[[[120.428834,23.464738],[120.428223,23.465208],[120.428242,23.465228],[120.428878,23.464739],[120.428857,23.46473],[120.428834,23.464738]]]}},{"type":"Feature","properties":{"id":"82264878d887","NAME":"溫州一街","PSTART":"興嘉國小出入口","PEND":"重慶路","SW_DIRECT":"1","SW_LENG":228.04,"SW_WTH":3.15,"SWW_WTH":2.06,"SW_RAMP":2,"VILL_NAME":"西區"},"geometry":{"type":"Polygon","coordinates":[[[120.437301,23.465232],[120.437284,23.465223],[120.437277,23.465211],[120.437477,23.463234],[120.437446,23.463232],[120.437242,23.465258],[120.437299,23.465262],[120.437301,23.465232]]]}},{"type":"Feature","properties":{"id":"0278f5aee446","NAME":"興業西路","PSTART":"無名路","PEND":"志昇街52巷","SW_DIRECT":"2","SW_LENG":104.52,"SW_WTH":2.46,"SWW_WTH":1.8,"SW_RAMP":null,"VILL_NAME":"西區"},"geometry":{"type":"Polygon","coordinates":[[[120.443086,23.468356],[120.443069,23.468362],[120.443056,23.468375],[120.444081,23.468475],[120.444084,23.468453],[120.443086,23.468356]]]}},{"type":"Feature","properties":{"id":"f92c9cde7381","NAME":"興業西路","PSTART":"興業西路13巷","PEND":"民生南路","SW_DIRECT":"1","SW_LENG":14.78,"SW_WTH":2.64,"SWW_WTH":1.02,"SW_RAMP":2,"VILL_NAME":"西區"},"geometry":{"type":"Polygon","coordinates":[[[120.446461,23.468476],[120.446314,23.468461],[120.446311,23.468485],[120.446439,23.468497],[120.446454,23.46849],[120.446461,23.468476]]]}},{"type":"Feature","properties":{"id":"7e6aeb827b50","NAME":"博愛路二段","PSTART":"無名路","PEND":"住宅出入口","SW_DIRECT":"2","SW_LENG":138.58,"SW_WTH":2.98,"SWW_WTH":2.21,"SW_RAMP":2,"VILL_NAME":"西區"},"geometry":{"type":"Polygon","coordinates":[[[120.427293,23.467511],[120.427257,23.467515],[120.42788,23.46824],[120.427872,23.468245],[120.428089,23.468513],[120.428127,23.468487],[120.427293,23.467511]]]}},{"type":"Feature","properties":{"id":"92521079e63e","NAME":"興業西路","PSTART":"志昇街52巷","PEND":"新榮路","SW_DIRECT":"2","SW_LENG":104.08,"SW_WTH":2.29,"SWW_WTH":1.74,"SW_RAMP":2,"VILL_NAME":"西區"},"geometry":{"type":"Polygon","coordinates":[[[120.444213,23.46849],[120.445225,23.468583],[120.445229,23.468563],[120.444215,23.468467],[120.444213,23.46849]]]}},{"type":"Feature","properties":{"id":"89b3e064fe86","NAME":"博愛路二段","PSTART":"工廠出入口","PEND":"工廠出入口","SW_DIRECT":"1","SW_LENG":71.47,"SW_WTH":2.96,"SWW_WTH":1.75,"SW_RAMP":2,"VILL_NAME":"西區"},"geometry":{"type":"Polygon","coordinates":[[[120.428034,23.468028],[120.428462,23.468527],[120.428484,23.468524],[120.428492,23.468517],[120.428055,23.468011],[120.428034,23.468028]]]}},{"type":"Feature","properties":{"id":"e7233b351dd7","NAME":"興業西路","PSTART":"蘭州一街","PEND":"上海路","SW_DIRECT":"2","SW_LENG":41.12,"SW_WTH":2.35,"SWW_WTH":1.5,"SW_RAMP":3,"VILL_NAME":"西區"},"geometry":{"type":"Polygon","coordinates":[[[120.434167,23.468235],[120.434177,23.468257],[120.434172,23.468289],[120.434159,23.468308],[120.433837,23.468547],[120.43385,23.468557],[120.433858,23.468557],[120.434185,23.468318],[120.434202,23.468296],[120.434202,23.468259],[120.434175,23.468227],[120.434167,23.468235]]]}},{"type":"Feature","properties":{"id":"860cbc534f40","NAME":"興業西路","PSTART":"上海路","PEND":"無名路","SW_DIRECT":"1","SW_LENG":11.38,"SW_WTH":2.45,"SWW_WTH":2.24,"SW_RAMP":3,"VILL_NAME":"西區"},"geometry":{"type":"Polygon","coordinates":[[[120.434237,23.468642],[120.434264,23.468598],[120.434299,23.468561],[120.43435,23.468529],[120.43439,23.468524],[120.434422,23.468531],[120.434444,23.468553],[120.43446,23.468543],[120.434411,23.468492],[120.43439,23.468484],[120.434358,23.468489],[120.434323,23.468509],[120.434248,23.468568],[120.434234,23.468595],[120.434237,23.468642]]]}},{"type":"Feature","properties":{"id":"0cfca42993e3","NAME":"興業西路","PSTART":"新榮路","PEND":"民生南路","SW_DIRECT":"2","SW_LENG":121.65,"SW_WTH":2.16,"SWW_WTH":1.69,"SW_RAMP":0,"VILL_NAME":"西區"},"geometry":{"type":"Polygon","coordinates":[[[120.445407,23.4686],[120.446592,23.468712],[120.446594,23.468694],[120.445409,23.46858],[120.445407,23.4686]]]}},{"type":"Feature","properties":{"id":"96564a22fd83","NAME":"友忠路","PSTART":"學校出入口","PEND":"無名路","SW_DIRECT":"2","SW_LENG":66.39,"SW_WTH":3.52,"SWW_WTH":2.92,"SW_RAMP":2,"VILL_NAME":"西區"},"geometry":{"type":"Polygon","coordinates":[[[120.425776,23.468287],[120.426183,23.468756],[120.426191,23.468752],[120.426199,23.468736],[120.426194,23.468718],[120.425817,23.468284],[120.425797,23.468276],[120.425776,23.468287]]]}},{"type":"Feature","properties":{"id":"14db377f498c","NAME":"新民路","PSTART":"上海路","PEND":"垂楊國小出入口","SW_DIRECT":"2","SW_LENG":68.94,"SW_WTH":3.12,"SWW_WTH":1.5,"SW_RAMP":2,"VILL_NAME":"西區"},"geometry":{"type":"Polygon","coordinates":[[[120.439515,23.471607],[120.439546,23.471599],[120.439551,23.471553],[120.439543,23.471543],[120.439569,23.47131],[120.439579,23.471302],[120.439614,23.470987],[120.439584,23.470984],[120.439515,23.471607]]]}},{"type":"Feature","properties":{"id":"71a26cc3e66f","NAME":"世賢路二段","PSTART":"育人路","PEND":"加油站出入口","SW_DIRECT":"2","SW_LENG":31.02,"SW_WTH":2.97,"SWW_WTH":1.42,"SW_RAMP":2,"VILL_NAME":"西區"},"geometry":{"type":"Polygon","coordinates":[[[120.421302,23.471402],[120.421229,23.471683],[120.421246,23.471681],[120.42126,23.471671],[120.421275,23.471622],[120.421324,23.471432],[120.421319,23.471414],[120.421302,23.471402]]]}},{"type":"Feature","properties":{"id":"d9dc89f70ba9","NAME":"玉山路","PSTART":"金山路","PEND":"玉山路 251巷","SW_DIRECT":"1","SW_LENG":28.18,"SW_WTH":2.64,"SWW_WTH":1.71,"SW_RAMP":2,"VILL_NAME":"西區"},"geometry":{"type":"Polygon","coordinates":[[[120.424741,23.471644],[120.424982,23.471698],[120.424995,23.471696],[120.425001,23.471677],[120.424732,23.471617],[120.42473,23.471633],[120.424741,23.471644]]]}},{"type":"Feature","properties":{"id":"05d3b21255ce","NAME":"中興路","PSTART":"友忠路","PEND":"中興路726巷","SW_DIRECT":"1","SW_LENG":49.64,"SW_WTH":2.87,"SWW_WTH":2.54,"SW_RAMP":0,"VILL_NAME":"西區"},"geometry":{"type":"Polygon","coordinates":[[[120.429879,23.471427],[120.429494,23.471707],[120.42951,23.471724],[120.429523,23.471719],[120.429887,23.471453],[120.429879,23.471427]]]}},{"type":"Feature","properties":{"id":"7c71670cb9ee","NAME":"友忠路","PSTART":"住宅出入口","PEND":"住宅出入口","SW_DIRECT":"2","SW_LENG":51.53,"SW_WTH":3.44,"SWW_WTH":2.78,"SW_RAMP":1,"VILL_NAME":"西區"},"geometry":{"type":"Polygon","coordinates":[[[120.428783,23.471726],[120.428788,23.471697],[120.428493,23.471359],[120.428477,23.471354],[120.428457,23.471367],[120.428775,23.471732],[120.428783,23.471726]]]}},{"type":"Feature","properties":{"id":"e1b1e66f89b0","NAME":"玉山路","PSTART":"玉山路288巷","PEND":"金山路","SW_DIRECT":"2","SW_LENG":110.76,"SW_WTH":2.75,"SWW_WTH":1.89,"SW_RAMP":2,"VILL_NAME":"西區"},"geometry":{"type":"Polygon","coordinates":[[[120.423129,23.471492],[120.423634,23.471608],[120.424191,23.47173],[120.424188,23.471713],[120.424174,23.471702],[120.423167,23.471477],[120.423145,23.471479],[120.423129,23.471492]]]}},{"type":"Feature","properties":{"id":"691e4a40e48e","NAME":"垂楊路","PSTART":"垂楊路431巷","PEND":"新榮路","SW_DIRECT":"1","SW_LENG":35.85,"SW_WTH":6.9,"SWW_WTH":3.02,"SW_RAMP":3,"VILL_NAME":"西區"},"geometry":{"type":"Polygon","coordinates":[[[120.444355,23.473164],[120.444359,23.473184],[120.444372,23.473201],[120.444649,23.473226],[120.44467,23.473223],[120.444689,23.473214],[120.444701,23.473202],[120.444717,23.473177],[120.444716,23.473166],[120.444357,23.473138],[120.444355,23.473164]]]}},{"type":"Feature","properties":{"id":"c819a0b06a85","NAME":"博愛路二段","PSTART":"中興路","PEND":"玉山路","SW_DIRECT":"2","SW_LENG":265.14,"SW_WTH":2.99,"SWW_WTH":1.98,"SW_RAMP":2,"VILL_NAME":"西區"},"geometry":{"type":"Polygon","coordinates":[[[120.432153,23.473182],[120.430559,23.471323],[120.430536,23.471314],[120.43051,23.471313],[120.432131,23.473198],[120.432153,23.473182]]]}},{"type":"Feature","properties":{"id":"4ae15b39615c","NAME":"垂楊路","PSTART":"永和街","PEND":"廣寧街","SW_DIRECT":"2","SW_LENG":89.41,"SW_WTH":6.61,"SWW_WTH":3.42,"SW_RAMP":4,"VILL_NAME":"西區"},"geometry":{"type":"Polygon","coordinates":[[[120.440434,23.473183],[120.44131,23.47326],[120.441312,23.473237],[120.441217,23.473226],[120.441195,23.473215],[120.441157,23.473187],[120.440517,23.473129],[120.440489,23.473129],[120.440464,23.473139],[120.440444,23.473157],[120.440434,23.473183]]]}},{"type":"Feature","properties":{"id":"4802dfc732ae","NAME":"垂楊路","PSTART":"新榮路","PEND":"西榮街","SW_DIRECT":"1","SW_LENG":80.29,"SW_WTH":6.73,"SWW_WTH":4.55,"SW_RAMP":4,"VILL_NAME":"西區"},"geometry":{"type":"Polygon","coordinates":[[[120.445687,23.47326],[120.445346,23.473228],[120.444888,23.473186],[120.444893,23.473209],[120.444906,23.47323],[120.444925,23.473245],[120.444949,23.473253],[120.445633,23.473316],[120.445654,23.473313],[120.445672,23.473301],[120.44568,23.473287],[120.445687,23.47326]]]}},{"type":"Feature","properties":{"id":"e3098192e6cb","NAME":"玉山路","PSTART":"玉山路","PEND":"博愛路二段","SW_DIRECT":"1","SW_LENG":128.32,"SW_WTH":2.73,"SWW_WTH":1.41,"SW_RAMP":2,"VILL_NAME":"西區"},"geometry":{"type":"Polygon","coordinates":[[[120.432157,23.47319],[120.432153,23.473182],[120.43207,23.473253],[120.430964,23.473006],[120.430958,23.47303],[120.432064,23.473274],[120.432098,23.473264],[120.432152,23.473209],[120.432157,23.47319]]]}},{"type":"Feature","properties":{"id":"59d14f068daf","NAME":"中興路","PSTART":"玉山路","PEND":"中興路640巷","SW_DIRECT":"2","SW_LENG":49.79,"SW_WTH":2.8,"SWW_WTH":1.41,"SW_RAMP":1,"VILL_NAME":"西區"},"geometry":{"type":"Polygon","coordinates":[[[120.428807,23.472878],[120.4288,23.472861],[120.428785,23.472848],[120.428674,23.473298],[120.428694,23.473293],[120.428705,23.473278],[120.428807,23.472878]]]}},{"type":"Feature","properties":{"id":"b51375ac44f1","NAME":"友愛路","PSTART":"博愛路二段","PEND":"友忠路","SW_DIRECT":"1","SW_LENG":159.47,"SW_WTH":2.81,"SWW_WTH":1.56,"SW_RAMP":2,"VILL_NAME":"西區"},"geometry":{"type":"Polygon","coordinates":[[[120.434659,23.476137],[120.434671,23.475983],[120.434655,23.475989],[120.434644,23.476002],[120.434636,23.476059],[120.4345,23.477397],[120.434505,23.477414],[120.43452,23.477426],[120.434526,23.477422],[120.434659,23.476137]]]}},{"type":"Feature","properties":{"id":"715009f0e3f4","NAME":"中山路","PSTART":"園區出入口","PEND":"中山路532巷","SW_DIRECT":"2","SW_LENG":53.72,"SW_WTH":3.31,"SWW_WTH":1.44,"SW_RAMP":2,"VILL_NAME":"西區"},"geometry":{"type":"Polygon","coordinates":[[[120.440142,23.47704],[120.440126,23.477026],[120.440105,23.477027],[120.440168,23.477176],[120.440202,23.477246],[120.440265,23.477351],[120.440347,23.47746],[120.440359,23.477447],[120.440361,23.477432],[120.440332,23.477387],[120.440316,23.477398],[120.440277,23.477344],[120.440232,23.477269],[120.44025,23.47726],[120.440239,23.477239],[120.440231,23.477233],[120.440142,23.47704]]]}},{"type":"Feature","properties":{"id":"9e7f836ff983","NAME":"四維路","PSTART":"空地出入口","PEND":"球場出入口","SW_DIRECT":"2","SW_LENG":30.19,"SW_WTH":5.02,"SWW_WTH":5.02,"SW_RAMP":1,"VILL_NAME":"西區"},"geometry":{"type":"Polygon","coordinates":[[[120.425106,23.477405],[120.425171,23.477139],[120.425123,23.477131],[120.425057,23.477396],[120.425106,23.477405]]]}},{"type":"Feature","properties":{"id":"505f41c6bef5","NAME":"中山路","PSTART":"蘭井街","PEND":"光彩街","SW_DIRECT":"1","SW_LENG":97.75,"SW_WTH":3.06,"SWW_WTH":1.56,"SW_RAMP":2,"VILL_NAME":"西區"},"geometry":{"type":"Polygon","coordinates":[[[120.440285,23.476714],[120.440266,23.476733],[120.440266,23.476746],[120.440334,23.476902],[120.440352,23.476908],[120.44041,23.477041],[120.440455,23.477135],[120.440486,23.477188],[120.440483,23.477209],[120.440561,23.477313],[120.440558,23.477316],[120.440645,23.477415],[120.44065,23.477411],[120.440653,23.477423],[120.440669,23.477412],[120.440706,23.477452],[120.440693,23.477466],[120.440717,23.477479],[120.440753,23.477481],[120.440652,23.477375],[120.44056,23.477266],[120.440499,23.47718],[120.440423,23.477035],[120.440285,23.476714]]]}},{"type":"Feature","properties":{"id":"d059ad871a24","NAME":"高鐵大道","PSTART":"福義街","PEND":"住宅出入口","SW_DIRECT":"2","SW_LENG":109.86,"SW_WTH":4.2,"SWW_WTH":2.22,"SW_RAMP":2,"VILL_NAME":"西區"},"geometry":{"type":"Polygon","coordinates":[[[120.430803,23.477472],[120.430791,23.477484],[120.430783,23.477498],[120.430782,23.477514],[120.430786,23.477529],[120.431702,23.476987],[120.431679,23.476971],[120.43165,23.476972],[120.431241,23.477215],[120.431252,23.47723],[120.431143,23.477296],[120.431132,23.477281],[120.430803,23.477472]]]}},{"type":"Feature","properties":{"id":"70a6db961329","NAME":"中山路","PSTART":"停車場出入口","PEND":"西榮街","SW_DIRECT":"1","SW_LENG":12.41,"SW_WTH":3.51,"SWW_WTH":3.16,"SW_RAMP":2,"VILL_NAME":"西區"},"geometry":{"type":"Polygon","coordinates":[[[120.444926,23.479424],[120.445009,23.47943],[120.445027,23.47942],[120.445035,23.479401],[120.444912,23.479391],[120.444911,23.47941],[120.444926,23.479424]]]}},{"type":"Feature","properties":{"id":"c96252555836","NAME":"北港路","PSTART":"福義街","PEND":"空地出入口","SW_DIRECT":"2","SW_LENG":15.31,"SW_WTH":2.67,"SWW_WTH":2.67,"SW_RAMP":2,"VILL_NAME":"西區"},"geometry":{"type":"Polygon","coordinates":[[[120.431622,23.47934],[120.43159,23.479331],[120.431485,23.479392],[120.431481,23.4794],[120.431479,23.479425],[120.431622,23.47934]]]}},{"type":"Feature","properties":{"id":"362119ea5ecc","NAME":"四維路","PSTART":"高鐵大道","PEND":"空地出入口","SW_DIRECT":"2","SW_LENG":37.17,"SW_WTH":5.02,"SWW_WTH":5.02,"SW_RAMP":4,"VILL_NAME":"西區"},"geometry":{"type":"Polygon","coordinates":[[[120.424814,23.479386],[120.424813,23.479347],[120.424761,23.479188],[120.42474,23.479068],[120.424691,23.479067],[120.424698,23.479129],[120.424713,23.479197],[120.424735,23.479274],[120.42477,23.479368],[120.424786,23.479405],[120.424814,23.479386]]]}},{"type":"Feature","properties":{"id":"5651efac591e","NAME":"中山路","PSTART":"林森西路","PEND":"新榮路","SW_DIRECT":"2","SW_LENG":158.29,"SW_WTH":3.71,"SWW_WTH":1.89,"SW_RAMP":13,"VILL_NAME":"西區"},"geometry":{"type":"Polygon","coordinates":[[[120.44402,23.479509],[120.444017,23.479492],[120.444,23.479475],[120.442645,23.479351],[120.442625,23.479344],[120.442559,23.479338],[120.442546,23.479342],[120.442524,23.479369],[120.442505,23.479423],[120.44254,23.479422],[120.442562,23.479377],[120.44402,23.479509]]]}},{"type":"Feature","properties":{"id":"bfedb5012877","NAME":"中山路","PSTART":"西榮街","PEND":"民生北路","SW_DIRECT":"1","SW_LENG":91.93,"SW_WTH":3.55,"SWW_WTH":2.01,"SW_RAMP":7,"VILL_NAME":"西區"},"geometry":{"type":"Polygon","coordinates":[[[120.446101,23.479497],[120.445186,23.479416],[120.445186,23.479421],[120.44519,23.479437],[120.445205,23.479448],[120.446052,23.479526],[120.446079,23.479514],[120.446101,23.479497]]]}},{"type":"Feature","properties":{"id":"e3c5825285d2","NAME":"世賢路二段","PSTART":"大同路","PEND":"世賢路二段196巷","SW_DIRECT":"1","SW_LENG":409.17,"SW_WTH":2.97,"SWW_WTH":1.47,"SW_RAMP":7,"VILL_NAME":"西區"},"geometry":{"type":"Polygon","coordinates":[[[120.420342,23.478617],[120.421063,23.475822],[120.421051,23.475819],[120.421037,23.475825],[120.421029,23.475837],[120.420314,23.478611],[120.420271,23.478809],[120.420257,23.478892],[120.420238,23.479077],[120.420232,23.479254],[120.420234,23.479378],[120.420238,23.479416],[120.420246,23.479426],[120.420258,23.479432],[120.420267,23.479432],[120.420261,23.479253],[120.420262,23.479156],[120.420273,23.47901],[120.4203,23.478814],[120.420342,23.478617]]]}},{"type":"Feature","properties":{"id":"146c2560e695","NAME":"博愛路二段","PSTART":"無名路","PEND":"無名路","SW_DIRECT":"1","SW_LENG":17.7,"SW_WTH":2.81,"SWW_WTH":2.81,"SW_RAMP":2,"VILL_NAME":"西區"},"geometry":{"type":"Polygon","coordinates":[[[120.434283,23.475133],[120.434164,23.475004],[120.434161,23.475007],[120.434154,23.47502],[120.434157,23.475036],[120.434248,23.475134],[120.434266,23.475136],[120.434283,23.475133]]]}},{"type":"Feature","properties":{"id":"5e7d1e774870","NAME":"博愛路二段","PSTART":"高鐵大道","PEND":"高鐵大道","SW_DIRECT":"2","SW_LENG":20.0,"SW_WTH":2.59,"SWW_WTH":2.59,"SW_RAMP":2,"VILL_NAME":"西區"},"geometry":{"type":"Polygon","coordinates":[[[120.434131,23.475379],[120.434145,23.475366],[120.434146,23.475359],[120.434021,23.475226],[120.434003,23.475242],[120.434131,23.475379]]]}},{"type":"Feature","properties":{"id":"7248d5a683ea","NAME":"友忠路","PSTART":"高鐵大道","PEND":"高鐵大道","SW_DIRECT":"1","SW_LENG":20.29,"SW_WTH":2.94,"SWW_WTH":2.94,"SW_RAMP":2,"VILL_NAME":"西區"},"geometry":{"type":"Polygon","coordinates":[[[120.433238,23.476098],[120.433371,23.476234],[120.433399,23.476222],[120.433265,23.476086],[120.433238,23.476098]]]}},{"type":"Feature","properties":{"id":"86f83f017649","NAME":"友忠路","PSTART":"高鐵大道","PEND":"高鐵大道","SW_DIRECT":"2","SW_LENG":22.51,"SW_WTH":2.77,"SWW_WTH":2.77,"SW_RAMP":2,"VILL_NAME":"西區"},"geometry":{"type":"Polygon","coordinates":[[[120.432938,23.476411],[120.432945,23.476409],[120.432954,23.47639],[120.432816,23.476249],[120.432786,23.476255],[120.432938,23.476411]]]}},{"type":"Feature","properties":{"id":"b12ec1a5558f","NAME":"中興路","PSTART":"高鐵大道","PEND":"高鐵大道","SW_DIRECT":"1","SW_LENG":20.44,"SW_WTH":2.44,"SWW_WTH":2.44,"SW_RAMP":0,"VILL_NAME":"西區"},"geometry":{"type":"Polygon","coordinates":[[[120.428544,23.478142],[120.42856,23.478151],[120.428578,23.478151],[120.428469,23.47799],[120.428461,23.477994],[120.428456,23.478003],[120.428458,23.478014],[120.428544,23.478142]]]}},{"type":"Feature","properties":{"id":"4d41580c65f3","NAME":"中興路","PSTART":"高鐵大道","PEND":"高鐵大道","SW_DIRECT":"2","SW_LENG":20.48,"SW_WTH":2.53,"SWW_WTH":2.14,"SW_RAMP":0,"VILL_NAME":"西區"},"geometry":{"type":"Polygon","coordinates":[[[120.428309,23.478206],[120.428224,23.47808],[120.428208,23.47807],[120.428188,23.47807],[120.428298,23.478233],[120.428311,23.478222],[120.428309,23.478206]]]}},{"type":"Feature","properties":{"id":"ce9e1e7528d2","NAME":"世賢路二段","PSTART":"北港路 715巷","PEND":"世賢路二段120巷","SW_DIRECT":"2","SW_LENG":25.93,"SW_WTH":2.71,"SWW_WTH":1.97,"SW_RAMP":2,"VILL_NAME":"西區"},"geometry":{"type":"Polygon","coordinates":[[[120.420862,23.482435],[120.420748,23.482269],[120.420731,23.482261],[120.420713,23.482264],[120.420853,23.482468],[120.420864,23.482454],[120.420862,23.482435]]]}},{"type":"Feature","properties":{"id":"6924510cb1a4","NAME":"新民路","PSTART":"凱湯精密有限公司","PEND":"福懋加油站","SW_DIRECT":"2","SW_LENG":4.16,"SW_WTH":2.36,"SWW_WTH":2.36,"SW_RAMP":1,"VILL_NAME":"西區"},"geometry":{"type":"Polygon","coordinates":[[[120.432199,23.452615],[120.43217,23.452588],[120.432154,23.452603],[120.432182,23.452629],[120.432199,23.452615]]]}},{"type":"Feature","properties":{"id":"61fc79e024b4","NAME":"新民路","PSTART":"工廠出入口","PEND":"工廠出入口","SW_DIRECT":"1","SW_LENG":33.33,"SW_WTH":2.3,"SWW_WTH":1.18,"SW_RAMP":2,"VILL_NAME":"西區"},"geometry":{"type":"Polygon","coordinates":[[[120.432714,23.452794],[120.43248,23.452583],[120.432465,23.452597],[120.432697,23.452808],[120.432714,23.452794]]]}},{"type":"Feature","properties":{"id":"de70053b451d","NAME":"新民路","PSTART":"工廠出入口","PEND":"工廠出入口","SW_DIRECT":"1","SW_LENG":17.21,"SW_WTH":2.29,"SWW_WTH":1.2,"SW_RAMP":1,"VILL_NAME":"西區"},"geometry":{"type":"Polygon","coordinates":[[[120.432856,23.452952],[120.432869,23.452952],[120.432879,23.452944],[120.432759,23.452834],[120.432744,23.452849],[120.432856,23.452952]]]}},{"type":"Feature","properties":{"id":"8be58a36a48a","NAME":"新民路","PSTART":"工廠出入口","PEND":"工廠出入口","SW_DIRECT":"1","SW_LENG":107.21,"SW_WTH":2.47,"SWW_WTH":1.36,"SW_RAMP":4,"VILL_NAME":"西區"},"geometry":{"type":"Polygon","coordinates":[[[120.433716,23.453702],[120.432964,23.453022],[120.432958,23.453035],[120.432961,23.453048],[120.433698,23.453717],[120.433716,23.453702]]]}},{"type":"Feature","properties":{"id":"22d98c0e24f3","NAME":"新民路","PSTART":"新民路","PEND":"嘉義液化石油氣儲","SW_DIRECT":"2","SW_LENG":227.55,"SW_WTH":2.36,"SWW_WTH":0.95,"SW_RAMP":4,"VILL_NAME":"西區"},"geometry":{"type":"Polygon","coordinates":[[[120.433842,23.454106],[120.432263,23.452673],[120.432247,23.452687],[120.433835,23.45413],[120.433842,23.454119],[120.433842,23.454106]]]}},{"type":"Feature","properties":{"id":"402d327527d7","NAME":"新民路","PSTART":"台灣中油 磐石站","PEND":"嘉義液化石油氣儲分裝所大門","SW_DIRECT":"2","SW_LENG":10.81,"SW_WTH":2.37,"SWW_WTH":1.0,"SW_RAMP":2,"VILL_NAME":"西區"},"geometry":{"type":"Polygon","coordinates":[[[120.4339,23.45419],[120.433976,23.454258],[120.433985,23.45425],[120.433985,23.454237],[120.433923,23.454181],[120.433908,23.454183],[120.4339,23.45419]]]}},{"type":"Feature","properties":{"id":"059491c93dec","NAME":"新民路","PSTART":"工廠出入口","PEND":"工廠出入口","SW_DIRECT":"1","SW_LENG":95.7,"SW_WTH":2.46,"SWW_WTH":1.05,"SW_RAMP":2,"VILL_NAME":"西區"},"geometry":{"type":"Polygon","coordinates":[[[120.434428,23.45435],[120.433761,23.453743],[120.433744,23.453759],[120.4344,23.454357],[120.434416,23.454359],[120.434428,23.45435]]]}},{"type":"Feature","properties":{"id":"adf825b79c87","NAME":"新民路","PSTART":"工廠出入口","PEND":"民生南路","SW_DIRECT":"1","SW_LENG":29.31,"SW_WTH":2.34,"SWW_WTH":0.82,"SW_RAMP":0,"VILL_NAME":"西區"},"geometry":{"type":"Polygon","coordinates":[[[120.434499,23.454416],[120.434492,23.454428],[120.434493,23.454441],[120.434689,23.454618],[120.434705,23.454604],[120.434499,23.454416]]]}},{"type":"Feature","properties":{"id":"fdefe6d50750","NAME":"新民路","PSTART":"民生南路","PEND":"停車場出入口","SW_DIRECT":"1","SW_LENG":54.47,"SW_WTH":2.27,"SWW_WTH":0.67,"SW_RAMP":0,"VILL_NAME":"西區"},"geometry":{"type":"Polygon","coordinates":[[[120.435358,23.455226],[120.435371,23.455227],[120.435382,23.45522],[120.435003,23.454875],[120.434993,23.454882],[120.434993,23.454895],[120.435358,23.455226]]]}},{"type":"Feature","properties":{"id":"51a69a63e26a","NAME":"新民路","PSTART":"新民路221巷","PEND":"台灣中油 磐石站","SW_DIRECT":"2","SW_LENG":50.8,"SW_WTH":2.25,"SWW_WTH":0.86,"SW_RAMP":0,"VILL_NAME":"西區"},"geometry":{"type":"Polygon","coordinates":[[[120.434791,23.454999],[120.435147,23.455322],[120.435162,23.455308],[120.434817,23.454993],[120.434803,23.454992],[120.434791,23.454999]]]}},{"type":"Feature","properties":{"id":"84411feaeb0f","NAME":"新民路","PSTART":"空地出入口","PEND":"新民路251巷","SW_DIRECT":"2","SW_LENG":16.76,"SW_WTH":2.26,"SWW_WTH":2.26,"SW_RAMP":2,"VILL_NAME":"西區"},"geometry":{"type":"Polygon","coordinates":[[[120.435323,23.455453],[120.435206,23.455347],[120.43519,23.455362],[120.435308,23.455468],[120.435323,23.455453]]]}},{"type":"Feature","properties":{"id":"57c39c914a58","NAME":"新民路","PSTART":"停車場出入口","PEND":"新民路186巷","SW_DIRECT":"1","SW_LENG":85.34,"SW_WTH":2.25,"SWW_WTH":0.62,"SW_RAMP":2,"VILL_NAME":"西區"},"geometry":{"type":"Polygon","coordinates":[[[120.435404,23.455269],[120.435987,23.455799],[120.436009,23.45579],[120.435411,23.455247],[120.435403,23.455257],[120.435404,23.455269]]]}},{"type":"Feature","properties":{"id":"6562af9eaf65","NAME":"新民路","PSTART":"新民路251巷","PEND":"無名路","SW_DIRECT":"2","SW_LENG":100.26,"SW_WTH":2.41,"SWW_WTH":0.99,"SW_RAMP":2,"VILL_NAME":"西區"},"geometry":{"type":"Polygon","coordinates":[[[120.43537,23.455496],[120.435357,23.455513],[120.435939,23.456043],[120.436054,23.456147],[120.436071,23.456133],[120.43537,23.455496]]]}},{"type":"Feature","properties":{"id":"0445e281e956","NAME":"新民路","PSTART":"新民路186巷","PEND":"新民路204巷","SW_DIRECT":"1","SW_LENG":35.85,"SW_WTH":2.24,"SWW_WTH":2.24,"SW_RAMP":1,"VILL_NAME":"西區"},"geometry":{"type":"Polygon","coordinates":[[[120.436385,23.456157],[120.436399,23.456144],[120.436139,23.455907],[120.436143,23.455935],[120.436151,23.455948],[120.436385,23.456157]]]}},{"type":"Feature","properties":{"id":"b8829192618f","NAME":"新民路","PSTART":"新民路204巷","PEND":"新民路228巷","SW_DIRECT":"1","SW_LENG":57.85,"SW_WTH":2.34,"SWW_WTH":0.74,"SW_RAMP":0,"VILL_NAME":"西區"},"geometry":{"type":"Polygon","coordinates":[[[120.436455,23.456224],[120.436858,23.456589],[120.436877,23.456576],[120.436471,23.456209],[120.436455,23.456224]]]}},{"type":"Feature","properties":{"id":"bfa461b437b5","NAME":"新民路","PSTART":"新民路228巷","PEND":"停車場出入口","SW_DIRECT":"1","SW_LENG":7.54,"SW_WTH":2.26,"SWW_WTH":2.26,"SW_RAMP":2,"VILL_NAME":"西區"},"geometry":{"type":"Polygon","coordinates":[[[120.436903,23.456601],[120.436887,23.456616],[120.43694,23.456664],[120.436955,23.456649],[120.436903,23.456601]]]}},{"type":"Feature","properties":{"id":"c2bb730632b4","NAME":"新民路","PSTART":"停車場出入口","PEND":"南京路","SW_DIRECT":"1","SW_LENG":150.46,"SW_WTH":2.27,"SWW_WTH":0.97,"SW_RAMP":2,"VILL_NAME":"西區"},"geometry":{"type":"Polygon","coordinates":[[[120.438088,23.457705],[120.438102,23.45769],[120.437691,23.457318],[120.437686,23.457322],[120.437339,23.457007],[120.437344,23.457003],[120.437053,23.456737],[120.437037,23.456753],[120.438088,23.457705]]]}},{"type":"Feature","properties":{"id":"f01b595e9083","NAME":"新民路","PSTART":"無名路","PEND":"南京路","SW_DIRECT":"2","SW_LENG":259.19,"SW_WTH":2.36,"SWW_WTH":0.96,"SW_RAMP":2,"VILL_NAME":"西區"},"geometry":{"type":"Polygon","coordinates":[[[120.43612,23.456178],[120.436104,23.456192],[120.43625,23.456326],[120.437912,23.457835],[120.437927,23.45782],[120.43612,23.456178]]]}},{"type":"Feature","properties":{"id":"8df672bd583a","NAME":"新民路","PSTART":"南京路","PEND":"平交道","SW_DIRECT":"2","SW_LENG":90.73,"SW_WTH":2.41,"SWW_WTH":0.8,"SW_RAMP":2,"VILL_NAME":"西區"},"geometry":{"type":"Polygon","coordinates":[[[120.438771,23.458586],[120.438148,23.458021],[120.438133,23.458036],[120.438765,23.458612],[120.438774,23.4586],[120.438771,23.458586]]]}},{"type":"Feature","properties":{"id":"fcab94cd752a","NAME":"新民路","PSTART":"南京路","PEND":"平交道","SW_DIRECT":"1","SW_LENG":118.56,"SW_WTH":2.32,"SWW_WTH":0.76,"SW_RAMP":2,"VILL_NAME":"西區"},"geometry":{"type":"Polygon","coordinates":[[[120.439108,23.458635],[120.439125,23.45864],[120.43914,23.458633],[120.438304,23.457873],[120.438304,23.457894],[120.438312,23.457912],[120.439108,23.458635]]]}},{"type":"Feature","properties":{"id":"a2fbcbb174f4","NAME":"新民路","PSTART":"平交道","PEND":"新民路475巷","SW_DIRECT":"2","SW_LENG":60.58,"SW_WTH":2.41,"SWW_WTH":0.99,"SW_RAMP":1,"VILL_NAME":"西區"},"geometry":{"type":"Polygon","coordinates":[[[120.438851,23.458659],[120.438827,23.458658],[120.438819,23.458662],[120.439246,23.45905],[120.439262,23.459035],[120.438851,23.458659]]]}},{"type":"Feature","properties":{"id":"c6baf513cd4e","NAME":"新民路","PSTART":"新民路475巷","PEND":"新民路499巷","SW_DIRECT":"2","SW_LENG":51.58,"SW_WTH":2.34,"SWW_WTH":2.34,"SW_RAMP":2,"VILL_NAME":"西區"},"geometry":{"type":"Polygon","coordinates":[[[120.439666,23.459431],[120.439675,23.459421],[120.439674,23.459407],[120.439324,23.45909],[120.439305,23.459102],[120.439666,23.459431]]]}},{"type":"Feature","properties":{"id":"1ea0533e3251","NAME":"新民路","PSTART":"新民路449巷","PEND":"新民路519巷","SW_DIRECT":"2","SW_LENG":32.65,"SW_WTH":2.54,"SWW_WTH":2.54,"SW_RAMP":2,"VILL_NAME":"西區"},"geometry":{"type":"Polygon","coordinates":[[[120.439701,23.459464],[120.43993,23.459672],[120.439936,23.459667],[120.43994,23.459649],[120.439727,23.459456],[120.439713,23.459456],[120.439701,23.459464]]]}},{"type":"Feature","properties":{"id":"781000cbe3a0","NAME":"新民路","PSTART":"平交道","PEND":"新民路416巷","SW_DIRECT":"1","SW_LENG":205.57,"SW_WTH":2.35,"SWW_WTH":0.77,"SW_RAMP":3,"VILL_NAME":"西區"},"geometry":{"type":"Polygon","coordinates":[[[120.440455,23.459877],[120.440572,23.460022],[120.440584,23.460027],[120.440595,23.460022],[120.440597,23.460019],[120.440546,23.459953],[120.440472,23.459865],[120.440358,23.459742],[120.4392,23.458687],[120.439195,23.45869],[120.43919,23.458701],[120.439193,23.458713],[120.440346,23.459762],[120.440455,23.459877]]]}},{"type":"Feature","properties":{"id":"d6c237e42621","NAME":"新民路","PSTART":"新民路519巷","PEND":"新民路555巷","SW_DIRECT":"2","SW_LENG":86.69,"SW_WTH":2.33,"SWW_WTH":0.84,"SW_RAMP":0,"VILL_NAME":"西區"},"geometry":{"type":"Polygon","coordinates":[[[120.440507,23.460325],[120.440518,23.460317],[120.440521,23.460303],[120.440485,23.460241],[120.440433,23.460164],[120.440316,23.46001],[120.440212,23.459899],[120.439997,23.459702],[120.439984,23.45972],[120.440195,23.459913],[120.440298,23.460025],[120.440414,23.460175],[120.440465,23.460252],[120.440507,23.460325]]]}},{"type":"Feature","properties":{"id":"170a00b90f4e","NAME":"世賢路三段","PSTART":"加油站出入口","PEND":"世賢路三段320巷","SW_DIRECT":"1","SW_LENG":129.53,"SW_WTH":2.97,"SWW_WTH":0.96,"SW_RAMP":2,"VILL_NAME":"西區"},"geometry":{"type":"Polygon","coordinates":[[[120.434237,23.460683],[120.434253,23.460711],[120.43489,23.460764],[120.435481,23.460814],[120.435503,23.460807],[120.435514,23.46079],[120.434237,23.460683]]]}},{"type":"Feature","properties":{"id":"f90ac4f4e865","NAME":"新民路","PSTART":"新民路555巷","PEND":"新民路577巷","SW_DIRECT":"2","SW_LENG":43.79,"SW_WTH":2.28,"SWW_WTH":1.09,"SW_RAMP":2,"VILL_NAME":"西區"},"geometry":{"type":"Polygon","coordinates":[[[120.440589,23.46049],[120.440652,23.460692],[120.440691,23.460877],[120.440704,23.460869],[120.440708,23.460855],[120.440672,23.460688],[120.440651,23.460612],[120.440611,23.460497],[120.440601,23.46049],[120.440589,23.46049]]]}},{"type":"Feature","properties":{"id":"b9b306fceeaa","NAME":"世賢路三段","PSTART":"世賢路三段320巷","PEND":"南京路","SW_DIRECT":"1","SW_LENG":86.81,"SW_WTH":3.2,"SWW_WTH":2.13,"SW_RAMP":2,"VILL_NAME":"西區"},"geometry":{"type":"Polygon","coordinates":[[[120.435608,23.460796],[120.435615,23.460816],[120.435636,23.460827],[120.436229,23.460875],[120.436456,23.460892],[120.436459,23.460864],[120.435608,23.460796]]]}},{"type":"Feature","properties":{"id":"a29a6e019b9c","NAME":"新民路","PSTART":"新民路416巷","PEND":"民生南路466巷","SW_DIRECT":"1","SW_LENG":98.86,"SW_WTH":2.36,"SWW_WTH":1.38,"SW_RAMP":2,"VILL_NAME":"西區"},"geometry":{"type":"Polygon","coordinates":[[[120.440672,23.460132],[120.44066,23.460139],[120.440657,23.460152],[120.440706,23.460237],[120.440762,23.46035],[120.440815,23.460483],[120.440848,23.460584],[120.440891,23.460757],[120.440912,23.460928],[120.440914,23.460979],[120.440925,23.460987],[120.440938,23.460988],[120.440935,23.460926],[120.440914,23.460753],[120.44087,23.460579],[120.440837,23.460476],[120.440783,23.460342],[120.440726,23.460227],[120.440672,23.460132]]]}},{"type":"Feature","properties":{"id":"44c53e2656ba","NAME":"世賢路三段","PSTART":"世賢路三段180巷","PEND":"加油站出入口","SW_DIRECT":"1","SW_LENG":158.91,"SW_WTH":2.96,"SWW_WTH":1.71,"SW_RAMP":2,"VILL_NAME":"西區"},"geometry":{"type":"Polygon","coordinates":[[[120.432504,23.460965],[120.432649,23.460894],[120.432799,23.460833],[120.432949,23.460782],[120.433102,23.460741],[120.43329,23.460704],[120.433443,23.460684],[120.433654,23.460673],[120.433862,23.460677],[120.433866,23.460649],[120.433654,23.460646],[120.43344,23.460658],[120.433285,23.460678],[120.433095,23.460715],[120.43294,23.460757],[120.432727,23.460831],[120.432547,23.460912],[120.432373,23.461008],[120.432388,23.461019],[120.432407,23.461019],[120.432504,23.460965]]]}},{"type":"Feature","properties":{"id":"cab98dce9400","NAME":"世賢路三段","PSTART":"南京路","PEND":"新民路555巷","SW_DIRECT":"1","SW_LENG":190.97,"SW_WTH":3.0,"SWW_WTH":1.91,"SW_RAMP":2,"VILL_NAME":"西區"},"geometry":{"type":"Polygon","coordinates":[[[120.438524,23.461039],[120.436653,23.460883],[120.436652,23.460885],[120.436659,23.460903],[120.436677,23.460912],[120.438493,23.461065],[120.438512,23.461057],[120.438524,23.461039]]]}},{"type":"Feature","properties":{"id":"f1c26e633547","NAME":"無名路","PSTART":"博愛路二段","PEND":"博愛路二段","SW_DIRECT":"2","SW_LENG":15.43,"SW_WTH":5.03,"SWW_WTH":5.03,"SW_RAMP":2,"VILL_NAME":"西區"},"geometry":{"type":"Polygon","coordinates":[[[120.422223,23.460955],[120.4222,23.460933],[120.422187,23.460931],[120.422173,23.460934],[120.422091,23.460991],[120.422084,23.461004],[120.422086,23.461019],[120.422103,23.46104],[120.422223,23.460955]]]}},{"type":"Feature","properties":{"id":"8a8b5e912ed7","NAME":"世賢路三段","PSTART":"新民路555巷","PEND":"新民路555巷","SW_DIRECT":"1","SW_LENG":89.92,"SW_WTH":3.05,"SWW_WTH":1.1,"SW_RAMP":2,"VILL_NAME":"西區"},"geometry":{"type":"Polygon","coordinates":[[[120.439491,23.461123],[120.438607,23.461047],[120.438614,23.461068],[120.438633,23.461078],[120.439464,23.461148],[120.439482,23.46114],[120.439491,23.461123]]]}},{"type":"Feature","properties":{"id":"fb72a53f88fa","NAME":"世賢路三段","PSTART":"世賢路三段","PEND":"南京路","SW_DIRECT":"1","SW_LENG":21.73,"SW_WTH":3.01,"SWW_WTH":3.01,"SW_RAMP":2,"VILL_NAME":"西區"},"geometry":{"type":"Polygon","coordinates":[[[120.436391,23.46096],[120.436361,23.461157],[120.43639,23.461155],[120.43642,23.46097],[120.436391,23.46096]]]}},{"type":"Feature","properties":{"id":"7710bab5522a","NAME":"世賢路三段","PSTART":"南京路","PEND":"世賢路三段","SW_DIRECT":"1","SW_LENG":21.74,"SW_WTH":2.94,"SWW_WTH":2.1,"SW_RAMP":2,"VILL_NAME":"西區"},"geometry":{"type":"Polygon","coordinates":[[[120.436694,23.460991],[120.436673,23.461176],[120.436702,23.461186],[120.436723,23.460987],[120.436694,23.460991]]]}},{"type":"Feature","properties":{"id":"c7cab8c53e39","NAME":"新民路","PSTART":"民生南路466巷","PEND":"世賢路四段","SW_DIRECT":"1","SW_LENG":18.99,"SW_WTH":2.45,"SWW_WTH":2.45,"SW_RAMP":2,"VILL_NAME":"西區"},"geometry":{"type":"Polygon","coordinates":[[[120.440918,23.461052],[120.440912,23.461212],[120.440937,23.461213],[120.440942,23.46104],[120.440928,23.461042],[120.440918,23.461052]]]}},{"type":"Feature","properties":{"id":"50b5e2dab933","NAME":"世賢路三段","PSTART":"新民路555巷","PEND":"新民路","SW_DIRECT":"1","SW_LENG":118.83,"SW_WTH":3.02,"SWW_WTH":2.01,"SW_RAMP":2,"VILL_NAME":"西區"},"geometry":{"type":"Polygon","coordinates":[[[120.440689,23.461223],[120.439529,23.461126],[120.439528,23.461131],[120.439532,23.461145],[120.439544,23.461155],[120.440687,23.461249],[120.440689,23.461223]]]}},{"type":"Feature","properties":{"id":"2dc426a37459","NAME":"新民路","PSTART":"新民路577巷","PEND":"世賢路三段","SW_DIRECT":"2","SW_LENG":29.49,"SW_WTH":2.09,"SWW_WTH":2.09,"SW_RAMP":2,"VILL_NAME":"西區"},"geometry":{"type":"Polygon","coordinates":[[[120.440698,23.461135],[120.440687,23.461249],[120.440707,23.461251],[120.440718,23.461135],[120.440717,23.460985],[120.440697,23.460984],[120.440698,23.461135]]]}},{"type":"Feature","properties":{"id":"426a017aa4c2","NAME":"博愛路二段","PSTART":"大聖路","PEND":"博愛路二段","SW_DIRECT":"1","SW_LENG":14.54,"SW_WTH":4.32,"SWW_WTH":4.32,"SW_RAMP":2,"VILL_NAME":"西區"},"geometry":{"type":"Polygon","coordinates":[[[120.422407,23.461395],[120.422419,23.461405],[120.422433,23.46141],[120.42245,23.461409],[120.422464,23.461403],[120.422528,23.461351],[120.422534,23.461331],[120.422527,23.461309],[120.422525,23.461306],[120.422407,23.461395]]]}},{"type":"Feature","properties":{"id":"ab3d9b3afb5d","NAME":"世賢路三段","PSTART":"南京路","PEND":"溫州一街","SW_DIRECT":"2","SW_LENG":76.13,"SW_WTH":2.42,"SWW_WTH":1.2,"SW_RAMP":1,"VILL_NAME":"西區"},"geometry":{"type":"Polygon","coordinates":[[[120.436706,23.461408],[120.436688,23.461413],[120.436679,23.461428],[120.437429,23.46149],[120.437424,23.461476],[120.43741,23.461467],[120.436706,23.461408]]]}},{"type":"Feature","properties":{"id":"7fe5c78d3823","NAME":"新民路","PSTART":"世賢路三段","PEND":"世賢路三段","SW_DIRECT":"1","SW_LENG":21.79,"SW_WTH":2.72,"SWW_WTH":2.72,"SW_RAMP":2,"VILL_NAME":"西區"},"geometry":{"type":"Polygon","coordinates":[[[120.440625,23.461321],[120.440602,23.461519],[120.44063,23.461517],[120.440648,23.461353],[120.440655,23.46133],[120.440625,23.461321]]]}},{"type":"Feature","properties":{"id":"2898c62d85e7","NAME":"世賢路四段","PSTART":"新民路","PEND":"世賢路四段22巷","SW_DIRECT":"1","SW_LENG":30.22,"SW_WTH":3.0,"SWW_WTH":1.97,"SW_RAMP":null,"VILL_NAME":"西區"},"geometry":{"type":"Polygon","coordinates":[[[120.441268,23.461547],[120.441021,23.461526],[120.440975,23.461514],[120.440963,23.461538],[120.441016,23.461553],[120.441249,23.461573],[120.441261,23.461562],[120.441268,23.461547]]]}},{"type":"Feature","properties":{"id":"6119571223d2","NAME":"博愛路二段","PSTART":"大聖路","PEND":"博愛路二段","SW_DIRECT":"1","SW_LENG":14.3,"SW_WTH":4.37,"SWW_WTH":4.37,"SW_RAMP":2,"VILL_NAME":"西區"},"geometry":{"type":"Polygon","coordinates":[[[120.421895,23.461519],[120.421921,23.46153],[120.421951,23.461528],[120.42202,23.461478],[120.422027,23.461459],[120.422022,23.46144],[120.422016,23.461432],[120.421895,23.461519]]]}},{"type":"Feature","properties":{"id":"a2f37248150a","NAME":"世賢路四段","PSTART":"民生南路","PEND":"無名路","SW_DIRECT":"1","SW_LENG":69.17,"SW_WTH":2.75,"SWW_WTH":1.72,"SW_RAMP":3,"VILL_NAME":"西區"},"geometry":{"type":"Polygon","coordinates":[[[120.444222,23.4618],[120.444231,23.461818],[120.444249,23.461826],[120.444879,23.461877],[120.444897,23.461871],[120.444905,23.461855],[120.444222,23.4618]]]}},{"type":"Feature","properties":{"id":"fb6d0f43f2b1","NAME":"新民路","PSTART":"世賢路三段","PEND":"世賢路三段","SW_DIRECT":"1","SW_LENG":18.06,"SW_WTH":3.1,"SWW_WTH":3.1,"SW_RAMP":3,"VILL_NAME":"西區"},"geometry":{"type":"Polygon","coordinates":[[[120.440595,23.461829],[120.440603,23.46177],[120.440572,23.461767],[120.440552,23.461932],[120.440582,23.461929],[120.440592,23.46185],[120.440631,23.461857],[120.440634,23.461834],[120.440595,23.461829]]]}},{"type":"Feature","properties":{"id":"b6692e139539","NAME":"世賢路四段","PSTART":"無名路","PEND":"世賢路四段208巷","SW_DIRECT":"1","SW_LENG":79.99,"SW_WTH":3.04,"SWW_WTH":1.46,"SW_RAMP":2,"VILL_NAME":"西區"},"geometry":{"type":"Polygon","coordinates":[[[120.445011,23.461862],[120.445017,23.461881],[120.445035,23.46189],[120.445772,23.461953],[120.445789,23.461946],[120.445797,23.46193],[120.445011,23.461862]]]}},{"type":"Feature","properties":{"id":"b0251cdd91ea","NAME":"博愛路二段","PSTART":"大聖路","PEND":"博愛路二段","SW_DIRECT":"2","SW_LENG":15.49,"SW_WTH":4.87,"SWW_WTH":3.6,"SW_RAMP":2,"VILL_NAME":"西區"},"geometry":{"type":"Polygon","coordinates":[[[120.422185,23.461856],[120.4222,23.461874],[120.42232,23.461786],[120.422296,23.461764],[120.422284,23.461762],[120.422272,23.461765],[120.422187,23.461828],[120.422181,23.461842],[120.422185,23.461856]]]}},{"type":"Feature","properties":{"id":"72e6bfd8fe14","NAME":"世賢路四段","PSTART":"世賢路四段208巷","PEND":"南京東街","SW_DIRECT":"1","SW_LENG":107.49,"SW_WTH":3.0,"SWW_WTH":1.97,"SW_RAMP":2,"VILL_NAME":"西區"},"geometry":{"type":"Polygon","coordinates":[[[120.447034,23.462031],[120.445986,23.461943],[120.445983,23.46197],[120.44703,23.462057],[120.447034,23.462031]]]}},{"type":"Feature","properties":{"id":"bf1d0c7a5899","NAME":"世賢路三段","PSTART":"溫州一街","PEND":"新民路","SW_DIRECT":"2","SW_LENG":307.34,"SW_WTH":2.91,"SWW_WTH":1.52,"SW_RAMP":2,"VILL_NAME":"西區"},"geometry":{"type":"Polygon","coordinates":[[[120.440583,23.462007],[120.43761,23.461754],[120.437607,23.46178],[120.440608,23.462037],[120.4406,23.462018],[120.440583,23.462007]]]}},{"type":"Feature","properties":{"id":"bbc190682252","NAME":"世賢路四段","PSTART":"新民路","PEND":"民生南路","SW_DIRECT":"2","SW_LENG":322.52,"SW_WTH":3.17,"SWW_WTH":1.78,"SW_RAMP":4,"VILL_NAME":"西區"},"geometry":{"type":"Polygon","coordinates":[[[120.440862,23.46187],[120.440892,23.461873],[120.44093,23.461841],[120.44096,23.461823],[120.441,23.461809],[120.441041,23.461802],[120.443999,23.462053],[120.44399,23.462033],[120.443968,23.462022],[120.441054,23.461775],[120.440995,23.461782],[120.440944,23.461801],[120.440899,23.461831],[120.440862,23.46187]]]}},{"type":"Feature","properties":{"id":"115ea2d27bfb","NAME":"世賢路四段","PSTART":"民生南路","PEND":"志航國小出入口","SW_DIRECT":"2","SW_LENG":147.68,"SW_WTH":3.0,"SWW_WTH":1.49,"SW_RAMP":5,"VILL_NAME":"西區"},"geometry":{"type":"Polygon","coordinates":[[[120.445734,23.462168],[120.444345,23.462052],[120.444323,23.462058],[120.444313,23.462078],[120.444313,23.462082],[120.444352,23.46208],[120.445761,23.462197],[120.445755,23.462177],[120.445734,23.462168]]]}},{"type":"Feature","properties":{"id":"998b6b98b193","NAME":"博愛路二段","PSTART":"無名路","PEND":"無名路","SW_DIRECT":"1","SW_LENG":178.13,"SW_WTH":5.03,"SWW_WTH":3.81,"SW_RAMP":4,"VILL_NAME":"西區"},"geometry":{"type":"Polygon","coordinates":[[[120.422376,23.46095],[120.422363,23.460964],[120.422357,23.46098],[120.422358,23.460999],[120.422367,23.461015],[120.4234,23.462219],[120.423414,23.462228],[120.423429,23.462232],[120.423446,23.462229],[120.423459,23.462222],[120.423462,23.462219],[120.422376,23.46095]]]}},{"type":"Feature","properties":{"id":"ae40b45b2630","NAME":"世賢路四段","PSTART":"志航國小大門","PEND":"無名路","SW_DIRECT":"2","SW_LENG":134.47,"SW_WTH":3.2,"SWW_WTH":1.69,"SW_RAMP":2,"VILL_NAME":"西區"},"geometry":{"type":"Polygon","coordinates":[[[120.445922,23.462212],[120.447235,23.462323],[120.447238,23.462294],[120.445951,23.462186],[120.44593,23.462193],[120.445922,23.462212]]]}},{"type":"Feature","properties":{"id":"c737de7dbf44","NAME":"世賢路三段","PSTART":"世賢路三段180巷","PEND":"重慶路","SW_DIRECT":"2","SW_LENG":213.64,"SW_WTH":3.06,"SWW_WTH":1.81,"SW_RAMP":2,"VILL_NAME":"西區"},"geometry":{"type":"Polygon","coordinates":[[[120.430754,23.462272],[120.432224,23.46114],[120.432331,23.461068],[120.432339,23.461051],[120.432334,23.461032],[120.432205,23.461118],[120.430716,23.462267],[120.430734,23.462276],[120.430754,23.462272]]]}},{"type":"Feature","properties":{"id":"5c511badaf2c","NAME":"新民路","PSTART":"世賢路三段","PEND":"停車場出入口","SW_DIRECT":"1","SW_LENG":56.76,"SW_WTH":3.28,"SWW_WTH":1.98,"SW_RAMP":2,"VILL_NAME":"西區"},"geometry":{"type":"Polygon","coordinates":[[[120.440838,23.462385],[120.440892,23.461873],[120.440862,23.46187],[120.440809,23.462362],[120.440817,23.462377],[120.440834,23.462385],[120.440838,23.462385]]]}},{"type":"Feature","properties":{"id":"7ea13efd5567","NAME":"世賢路三段","PSTART":"重慶路","PEND":"南京路","SW_DIRECT":"2","SW_LENG":539.96,"SW_WTH":2.55,"SWW_WTH":1.37,"SW_RAMP":2,"VILL_NAME":"西區"},"geometry":{"type":"Polygon","coordinates":[[[120.432604,23.461491],[120.431478,23.462355],[120.431485,23.462379],[120.432538,23.461569],[120.432619,23.461509],[120.432721,23.461445],[120.432857,23.461374],[120.433009,23.461309],[120.433184,23.461254],[120.433307,23.461225],[120.43345,23.461201],[120.433582,23.461189],[120.433672,23.461187],[120.433801,23.461191],[120.43634,23.4614],[120.436341,23.461392],[120.43633,23.461379],[120.436307,23.461374],[120.433802,23.461168],[120.433676,23.461164],[120.433591,23.461166],[120.433432,23.46118],[120.433302,23.461203],[120.433117,23.461248],[120.432948,23.461308],[120.432795,23.461379],[120.432708,23.461426],[120.432604,23.461491]]]}},{"type":"Feature","properties":{"id":"fb86117ef240","NAME":"博愛路二段","PSTART":"劉富街(分隔島東南側)","PEND":"博愛路二段","SW_DIRECT":"1","SW_LENG":15.48,"SW_WTH":4.96,"SWW_WTH":4.96,"SW_RAMP":2,"VILL_NAME":"西區"},"geometry":{"type":"Polygon","coordinates":[[[120.423262,23.462393],[120.423284,23.462415],[120.423308,23.462416],[120.423395,23.462355],[120.423402,23.462343],[120.4234,23.462329],[120.423382,23.462306],[120.423262,23.462393]]]}},{"type":"Feature","properties":{"id":"49b2d0e1a2a7","NAME":"重慶路","PSTART":"無名路","PEND":"世賢路三段","SW_DIRECT":"1","SW_LENG":22.34,"SW_WTH":2.98,"SWW_WTH":2.98,"SW_RAMP":2,"VILL_NAME":"西區"},"geometry":{"type":"Polygon","coordinates":[[[120.430978,23.462449],[120.431003,23.462433],[120.430826,23.462311],[120.43082,23.462317],[120.43081,23.462334],[120.430978,23.462449]]]}},{"type":"Feature","properties":{"id":"8a368ed876b6","NAME":"博愛路二段","PSTART":"博愛路二段","PEND":"博愛路二段","SW_DIRECT":"1","SW_LENG":23.58,"SW_WTH":4.9,"SWW_WTH":4.9,"SW_RAMP":2,"VILL_NAME":"西區"},"geometry":{"type":"Polygon","coordinates":[[[120.423483,23.462314],[120.42359,23.462438],[120.423618,23.462447],[120.423633,23.462443],[120.423646,23.462434],[120.4235,23.462262],[120.423488,23.462271],[120.42348,23.462285],[120.423478,23.462299],[120.423483,23.462314]]]}},{"type":"Feature","properties":{"id":"9225a9fc9dc8","NAME":"新民路","PSTART":"世賢路三段","PEND":"停車場出入口","SW_DIRECT":"2","SW_LENG":53.08,"SW_WTH":3.02,"SWW_WTH":1.46,"SW_RAMP":2,"VILL_NAME":"西區"},"geometry":{"type":"Polygon","coordinates":[[[120.440556,23.462505],[120.440608,23.462037],[120.440579,23.462034],[120.440525,23.462512],[120.440529,23.462513],[120.440543,23.462512],[120.440556,23.462505]]]}},{"type":"Feature","properties":{"id":"71b64824fe32","NAME":"博愛路二段","PSTART":"劉富街(分隔島南側)","PEND":"博愛路二段","SW_DIRECT":"1","SW_LENG":15.52,"SW_WTH":5.12,"SWW_WTH":5.12,"SW_RAMP":2,"VILL_NAME":"西區"},"geometry":{"type":"Polygon","coordinates":[[[120.42286,23.462419],[120.422743,23.462507],[120.422764,23.462529],[120.422786,23.462531],[120.422875,23.462468],[120.422881,23.462458],[120.422882,23.462445],[120.42286,23.462419]]]}},{"type":"Feature","properties":{"id":"cc2db2b16e7e","NAME":"世賢路三段","PSTART":"世賢路三段","PEND":"重慶路","SW_DIRECT":"1","SW_LENG":8.8,"SW_WTH":2.38,"SWW_WTH":2.38,"SW_RAMP":1,"VILL_NAME":"西區"},"geometry":{"type":"Polygon","coordinates":[[[120.431225,23.462577],[120.4313,23.46252],[120.431276,23.46251],[120.431226,23.462549],[120.431221,23.462563],[120.431225,23.462577]]]}},{"type":"Feature","properties":{"id":"17843af2e6ed","NAME":"博愛路二段","PSTART":"大聖路","PEND":"劉富街","SW_DIRECT":"2","SW_LENG":92.82,"SW_WTH":4.9,"SWW_WTH":3.72,"SW_RAMP":3,"VILL_NAME":"西區"},"geometry":{"type":"Polygon","coordinates":[[[120.422637,23.462494],[120.422116,23.461885],[120.422104,23.461877],[120.422089,23.461874],[120.422073,23.461876],[120.42206,23.461885],[120.422057,23.461888],[120.422622,23.462549],[120.422635,23.462539],[120.422643,23.462525],[120.422644,23.462508],[120.422637,23.462494]]]}},{"type":"Feature","properties":{"id":"1d8f501b048b","NAME":"世賢路三段","PSTART":"重慶路","PEND":"上海路","SW_DIRECT":"1","SW_LENG":22.17,"SW_WTH":2.93,"SWW_WTH":2.46,"SW_RAMP":2,"VILL_NAME":"西區"},"geometry":{"type":"Polygon","coordinates":[[[120.430561,23.462515],[120.430737,23.462638],[120.430749,23.462622],[120.430753,23.462615],[120.430586,23.4625],[120.430561,23.462515]]]}},{"type":"Feature","properties":{"id":"c3fbca8b2dd2","NAME":"博愛路二段","PSTART":"劉富街(分隔島東側)","PEND":"博愛路二段","SW_DIRECT":"2","SW_LENG":15.4,"SW_WTH":5.0,"SWW_WTH":4.46,"SW_RAMP":2,"VILL_NAME":"西區"},"geometry":{"type":"Polygon","coordinates":[[[120.423575,23.462567],[120.423488,23.462633],[120.423486,23.462651],[120.423506,23.462676],[120.423624,23.462588],[120.423601,23.462565],[120.423587,23.462563],[120.423575,23.462567]]]}},{"type":"Feature","properties":{"id":"facdb19756c5","NAME":"博愛路二段","PSTART":"劉富街(分隔島西北側)","PEND":"博愛路二段","SW_DIRECT":"2","SW_LENG":15.49,"SW_WTH":4.88,"SWW_WTH":2.38,"SW_RAMP":2,"VILL_NAME":"西區"},"geometry":{"type":"Polygon","coordinates":[[[120.42297,23.462772],[120.422985,23.46279],[120.423104,23.462702],[120.423081,23.46268],[120.423069,23.462678],[120.423057,23.462681],[120.422972,23.462744],[120.422966,23.462757],[120.42297,23.462772]]]}},{"type":"Feature","properties":{"id":"13e44ebba5fc","NAME":"新民路","PSTART":"停車場出入口","PEND":"嘉義大學出入口","SW_DIRECT":"1","SW_LENG":48.38,"SW_WTH":3.09,"SWW_WTH":1.77,"SW_RAMP":2,"VILL_NAME":"西區"},"geometry":{"type":"Polygon","coordinates":[[[120.4408,23.462439],[120.440755,23.462849],[120.440782,23.462871],[120.440833,23.462421],[120.440814,23.462427],[120.4408,23.462439]]]}},{"type":"Feature","properties":{"id":"2f7c8adebead","NAME":"博愛路二段","PSTART":"劉富街","PEND":"空地出入口","SW_DIRECT":"2","SW_LENG":31.68,"SW_WTH":4.97,"SWW_WTH":3.86,"SW_RAMP":1,"VILL_NAME":"西區"},"geometry":{"type":"Polygon","coordinates":[[[120.422817,23.462704],[120.422803,23.462696],[120.422787,23.462693],[120.42277,23.462696],[120.422757,23.462706],[120.42295,23.462932],[120.422989,23.462905],[120.422817,23.462704]]]}},{"type":"Feature","properties":{"id":"7e7f9c9a1be0","NAME":"重慶路","PSTART":"世賢路三段116巷","PEND":"福州八街","SW_DIRECT":"2","SW_LENG":23.7,"SW_WTH":5.14,"SWW_WTH":3.06,"SW_RAMP":2,"VILL_NAME":"西區"},"geometry":{"type":"Polygon","coordinates":[[[120.431216,23.462939],[120.431411,23.463072],[120.431419,23.463064],[120.431422,23.46305],[120.431416,23.463024],[120.431397,23.463005],[120.431255,23.462908],[120.431216,23.462939]]]}},{"type":"Feature","properties":{"id":"ab55db93c668","NAME":"世賢路三段","PSTART":"重慶路","PEND":"上海路","SW_DIRECT":"2","SW_LENG":21.68,"SW_WTH":2.99,"SWW_WTH":2.99,"SW_RAMP":2,"VILL_NAME":"西區"},"geometry":{"type":"Polygon","coordinates":[[[120.430026,23.463179],[120.430051,23.463167],[120.429911,23.463016],[120.429893,23.463038],[120.430026,23.463179]]]}},{"type":"Feature","properties":{"id":"8d8059d4ce48","NAME":"世賢路三段","PSTART":"重慶路","PEND":"上海路","SW_DIRECT":"2","SW_LENG":170.78,"SW_WTH":3.0,"SWW_WTH":1.44,"SW_RAMP":5,"VILL_NAME":"西區"},"geometry":{"type":"Polygon","coordinates":[[[120.43065,23.462318],[120.429362,23.463311],[120.429381,23.46332],[120.429403,23.463314],[120.430647,23.462354],[120.430657,23.462338],[120.430652,23.46232],[120.43065,23.462318]]]}},{"type":"Feature","properties":{"id":"794144269e1a","NAME":"世賢路三段","PSTART":"重慶路","PEND":"上海路","SW_DIRECT":"1","SW_LENG":98.92,"SW_WTH":2.56,"SWW_WTH":1.41,"SW_RAMP":1,"VILL_NAME":"西區"},"geometry":{"type":"Polygon","coordinates":[[[120.430214,23.46336],[120.430961,23.462783],[120.430959,23.462781],[120.430946,23.462774],[120.43093,23.462778],[120.430219,23.463325],[120.430209,23.463341],[120.430214,23.46336]]]}},{"type":"Feature","properties":{"id":"5d971d63966c","NAME":"博愛路二段","PSTART":"空地出入口","PEND":"店家出入口","SW_DIRECT":"2","SW_LENG":64.92,"SW_WTH":4.82,"SWW_WTH":3.57,"SW_RAMP":1,"VILL_NAME":"西區"},"geometry":{"type":"Polygon","coordinates":[[[120.423032,23.462955],[120.422997,23.462983],[120.42339,23.463443],[120.423427,23.463415],[120.423032,23.462955]]]}},{"type":"Feature","properties":{"id":"3f6d94e7e702","NAME":"重慶路","PSTART":"福州八街","PEND":"廣州街","SW_DIRECT":"2","SW_LENG":79.83,"SW_WTH":5.23,"SWW_WTH":3.14,"SW_RAMP":2,"VILL_NAME":"西區"},"geometry":{"type":"Polygon","coordinates":[[[120.432075,23.46347],[120.431476,23.463058],[120.43144,23.463092],[120.432073,23.463524],[120.432086,23.463508],[120.432085,23.46349],[120.432075,23.46347]]]}},{"type":"Feature","properties":{"id":"e354dcace727","NAME":"新民路","PSTART":"嘉義大學出入口","PEND":"停車場出入口","SW_DIRECT":"1","SW_LENG":30.7,"SW_WTH":3.04,"SWW_WTH":1.71,"SW_RAMP":2,"VILL_NAME":"西區"},"geometry":{"type":"Polygon","coordinates":[[[120.440689,23.463433],[120.440662,23.463672],[120.440671,23.463687],[120.44069,23.463695],[120.440722,23.463401],[120.440698,23.463419],[120.440689,23.463433]]]}},{"type":"Feature","properties":{"id":"f17f7c34a2d6","NAME":"新民路","PSTART":"停車場出入口","PEND":"民生國中出入口","SW_DIRECT":"2","SW_LENG":133.33,"SW_WTH":2.76,"SWW_WTH":1.08,"SW_RAMP":2,"VILL_NAME":"西區"},"geometry":{"type":"Polygon","coordinates":[[[120.440381,23.463789],[120.440412,23.463779],[120.440544,23.46261],[120.440537,23.462593],[120.44052,23.462584],[120.44041,23.463557],[120.440407,23.463557],[120.440381,23.463789]]]}},{"type":"Feature","properties":{"id":"b55e027c0786","NAME":"世賢路4段","PSTART":"興安街","PEND":"大業街172巷","SW_DIRECT":"1","SW_LENG":286.77,"SW_WTH":3.04,"SWW_WTH":1.91,"SW_RAMP":1,"VILL_NAME":"西區"},"geometry":{"type":"Polygon","coordinates":[[[120.448762,23.462516],[120.448757,23.462532],[120.44876,23.462549],[120.450514,23.463833],[120.45051,23.463838],[120.450905,23.46409],[120.450908,23.464087],[120.450956,23.464116],[120.450976,23.464117],[120.45098,23.464111],[120.450682,23.463922],[120.4506,23.463863],[120.448762,23.462516]]]}},{"type":"Feature","properties":{"id":"809d5d1fd3a6","NAME":"世賢路三段","PSTART":"世賢路三段116巷","PEND":"無名路","SW_DIRECT":"2","SW_LENG":126.68,"SW_WTH":2.99,"SWW_WTH":1.48,"SW_RAMP":3,"VILL_NAME":"西區"},"geometry":{"type":"Polygon","coordinates":[[[120.428332,23.464103],[120.428352,23.464114],[120.428373,23.464108],[120.429287,23.463404],[120.429296,23.463387],[120.429291,23.463368],[120.428332,23.464103]]]}},{"type":"Feature","properties":{"id":"4959f4579595","NAME":"博愛路二段","PSTART":"店家出入口","PEND":"停車場出入口","SW_DIRECT":"2","SW_LENG":87.66,"SW_WTH":4.92,"SWW_WTH":3.7,"SW_RAMP":1,"VILL_NAME":"西區"},"geometry":{"type":"Polygon","coordinates":[[[120.423433,23.463493],[120.423965,23.464115],[120.424001,23.464086],[120.42347,23.463465],[120.423433,23.463493]]]}},{"type":"Feature","properties":{"id":"46c5e425427d","NAME":"博愛路二段","PSTART":"自強街","PEND":"博愛路二段","SW_DIRECT":"1","SW_LENG":15.39,"SW_WTH":4.93,"SWW_WTH":4.93,"SW_RAMP":2,"VILL_NAME":"西區"},"geometry":{"type":"Polygon","coordinates":[[[120.424904,23.464269],[120.424989,23.464205],[120.424991,23.464185],[120.424973,23.464161],[120.424854,23.464248],[120.424878,23.464272],[120.424891,23.464274],[120.424904,23.464269]]]}},{"type":"Feature","properties":{"id":"30ac63f4b754","NAME":"重慶路","PSTART":"廣州街","PEND":"漢口路","SW_DIRECT":"2","SW_LENG":150.84,"SW_WTH":5.2,"SWW_WTH":2.82,"SW_RAMP":2,"VILL_NAME":"西區"},"geometry":{"type":"Polygon","coordinates":[[[120.433378,23.464413],[120.433382,23.464394],[120.43338,23.464374],[120.433372,23.464356],[120.433358,23.464341],[120.432688,23.463885],[120.432244,23.463582],[120.432226,23.463575],[120.432205,23.463575],[120.432185,23.463582],[120.432174,23.463593],[120.433378,23.464413]]]}},{"type":"Feature","properties":{"id":"0556c954b1eb","NAME":"博愛路二段","PSTART":"自強街","PEND":"博愛路二段","SW_DIRECT":"2","SW_LENG":15.43,"SW_WTH":4.89,"SWW_WTH":4.89,"SW_RAMP":2,"VILL_NAME":"西區"},"geometry":{"type":"Polygon","coordinates":[[[120.425082,23.464513],[120.425096,23.464531],[120.425215,23.464443],[120.425193,23.464421],[120.42517,23.46442],[120.425083,23.464484],[120.425077,23.464498],[120.425082,23.464513]]]}},{"type":"Feature","properties":{"id":"724ae4cea6c6","NAME":"博愛路二段","PSTART":"自強街","PEND":"博愛路二段","SW_DIRECT":"1","SW_LENG":15.31,"SW_WTH":4.94,"SWW_WTH":4.94,"SW_RAMP":2,"VILL_NAME":"西區"},"geometry":{"type":"Polygon","coordinates":[[[120.424488,23.464541],[120.424502,23.464547],[120.424518,23.464544],[120.424603,23.464482],[120.424608,23.464472],[120.424608,23.464461],[120.424589,23.464435],[120.424471,23.464523],[120.424488,23.464541]]]}},{"type":"Feature","properties":{"id":"8632793d47a0","NAME":"新民路","PSTART":"民生國中出入口","PEND":"民生國中出入口","SW_DIRECT":"2","SW_LENG":80.79,"SW_WTH":3.09,"SWW_WTH":1.39,"SW_RAMP":2,"VILL_NAME":"西區"},"geometry":{"type":"Polygon","coordinates":[[[120.440365,23.464056],[120.440382,23.464044],[120.440395,23.463934],[120.440393,23.463925],[120.440383,23.463916],[120.440367,23.463912],[120.440286,23.464638],[120.440299,23.46464],[120.440317,23.464487],[120.440335,23.464469],[120.440347,23.464365],[120.440332,23.46435],[120.440365,23.464056]]]}},{"type":"Feature","properties":{"id":"93f33fe9b8bc","NAME":"博愛路二段","PSTART":"停車場出入口","PEND":"自強街","SW_DIRECT":"2","SW_LENG":72.97,"SW_WTH":2.74,"SWW_WTH":1.55,"SW_RAMP":2,"VILL_NAME":"西區"},"geometry":{"type":"Polygon","coordinates":[[[120.424481,23.464683],[120.424489,23.464668],[120.424487,23.464651],[120.424055,23.464147],[120.424034,23.464163],[120.424481,23.464683]]]}},{"type":"Feature","properties":{"id":"57d4d52aec58","NAME":"重慶路","PSTART":"溫州一街","PEND":"興嘉國小出入口","SW_DIRECT":"1","SW_LENG":113.82,"SW_WTH":3.32,"SWW_WTH":2.32,"SW_RAMP":2,"VILL_NAME":"西區"},"geometry":{"type":"Polygon","coordinates":[[[120.437301,23.465232],[120.437299,23.465262],[120.43841,23.465331],[120.438412,23.465301],[120.437301,23.465232]]]}},{"type":"Feature","properties":{"id":"63fc1b554feb","NAME":"新民路","PSTART":"嘉義大學出入口","PEND":"嘉大停車場出入口","SW_DIRECT":"1","SW_LENG":36.91,"SW_WTH":3.08,"SWW_WTH":1.78,"SW_RAMP":2,"VILL_NAME":"西區"},"geometry":{"type":"Polygon","coordinates":[[[120.440467,23.465406],[120.440478,23.465422],[120.440496,23.465426],[120.440533,23.465086],[120.440509,23.465094],[120.440501,23.465104],[120.440467,23.465406]]]}},{"type":"Feature","properties":{"id":"361e8db4f171","NAME":"新民路","PSTART":"民生國中出入口","PEND":"重慶路","SW_DIRECT":"2","SW_LENG":60.49,"SW_WTH":2.89,"SWW_WTH":1.05,"SW_RAMP":2,"VILL_NAME":"西區"},"geometry":{"type":"Polygon","coordinates":[[[120.440233,23.46539],[120.440217,23.465376],[120.440261,23.464972],[120.440282,23.46496],[120.440286,23.464915],[120.44026,23.464898],[120.440199,23.465445],[120.440214,23.465443],[120.440228,23.465434],[120.440233,23.46539]]]}},{"type":"Feature","properties":{"id":"91fe06c3a774","NAME":"世賢路二段","PSTART":"迴轉道","PEND":"迴轉道","SW_DIRECT":"1","SW_LENG":87.1,"SW_WTH":2.97,"SWW_WTH":1.6,"SW_RAMP":1,"VILL_NAME":"西區"},"geometry":{"type":"Polygon","coordinates":[[[120.427984,23.465391],[120.427439,23.464786],[120.427411,23.464808],[120.427454,23.464843],[120.427961,23.465408],[120.427984,23.465391]]]}},{"type":"Feature","properties":{"id":"41571b0b8781","NAME":"博愛路二段","PSTART":"自立街","PEND":"博愛路二段","SW_DIRECT":"1","SW_LENG":15.49,"SW_WTH":5.04,"SWW_WTH":5.04,"SW_RAMP":2,"VILL_NAME":"西區"},"geometry":{"type":"Polygon","coordinates":[[[120.425435,23.465421],[120.425421,23.465405],[120.425302,23.465492],[120.425325,23.465515],[120.425338,23.465517],[120.425353,23.465513],[120.425435,23.465452],[120.425441,23.465436],[120.425435,23.465421]]]}},{"type":"Feature","properties":{"id":"e4880e66dbc2","NAME":"博愛路二段","PSTART":"自強街","PEND":"自立街","SW_DIRECT":"2","SW_LENG":105.81,"SW_WTH":4.91,"SWW_WTH":3.69,"SW_RAMP":2,"VILL_NAME":"西區"},"geometry":{"type":"Polygon","coordinates":[[[120.425197,23.46548],[120.424597,23.46478],[120.424584,23.464771],[120.424568,23.464768],[120.424553,23.46477],[120.424539,23.464779],[120.424537,23.464781],[120.425184,23.465535],[120.425196,23.465525],[120.425203,23.46551],[120.425203,23.465494],[120.425197,23.46548]]]}},{"type":"Feature","properties":{"id":"3671bb13f6c1","NAME":"新民路","PSTART":"重慶路","PEND":"重慶路","SW_DIRECT":"2","SW_LENG":14.3,"SW_WTH":2.59,"SWW_WTH":2.59,"SW_RAMP":2,"VILL_NAME":"西區"},"geometry":{"type":"Polygon","coordinates":[[[120.440214,23.465551],[120.440202,23.46553],[120.440177,23.46552],[120.440184,23.465533],[120.440188,23.465561],[120.440173,23.465664],[120.440196,23.465659],[120.440203,23.465653],[120.440214,23.465551]]]}},{"type":"Feature","properties":{"id":"2dc736f028de","NAME":"世賢路二段","PSTART":"博愛路二段","PEND":"迴轉道","SW_DIRECT":"2","SW_LENG":134.93,"SW_WTH":3.01,"SWW_WTH":1.62,"SW_RAMP":2,"VILL_NAME":"西區"},"geometry":{"type":"Polygon","coordinates":[[[120.427386,23.464828],[120.426361,23.465616],[120.426369,23.465624],[120.426389,23.465626],[120.426401,23.465621],[120.427377,23.46487],[120.427387,23.464852],[120.427386,23.464828]]]}},{"type":"Feature","properties":{"id":"9d36f74c4943","NAME":"博愛路二段","PSTART":"無名路","PEND":"世賢路二段","SW_DIRECT":"1","SW_LENG":439.17,"SW_WTH":4.96,"SWW_WTH":3.87,"SW_RAMP":10,"VILL_NAME":"西區"},"geometry":{"type":"Polygon","coordinates":[[[120.426369,23.465624],[120.426361,23.465616],[120.426371,23.465609],[120.42371,23.462507],[120.423699,23.462514],[120.423687,23.462537],[120.423694,23.462562],[120.426299,23.465598],[120.426332,23.465632],[120.426352,23.465634],[120.426366,23.46563],[120.426369,23.465624]]]}},{"type":"Feature","properties":{"id":"c475ad8759f6","NAME":"新民路","PSTART":"嘉大停車場出入口","PEND":"杭州五街","SW_DIRECT":"1","SW_LENG":31.02,"SW_WTH":3.09,"SWW_WTH":1.74,"SW_RAMP":2,"VILL_NAME":"西區"},"geometry":{"type":"Polygon","coordinates":[[[120.440462,23.465748],[120.440492,23.465463],[120.440466,23.465471],[120.440459,23.465479],[120.440432,23.465745],[120.440462,23.465748]]]}},{"type":"Feature","properties":{"id":"a864e0119773","NAME":"博愛路二段","PSTART":"自立街","PEND":"博愛路二段","SW_DIRECT":"2","SW_LENG":15.43,"SW_WTH":4.77,"SWW_WTH":4.77,"SW_RAMP":2,"VILL_NAME":"西區"},"geometry":{"type":"Polygon","coordinates":[[[120.425573,23.465618],[120.425489,23.465682],[120.425486,23.465703],[120.425503,23.465726],[120.425621,23.465638],[120.425599,23.465617],[120.425586,23.465615],[120.425573,23.465618]]]}},{"type":"Feature","properties":{"id":"cb13eed5818b","NAME":"世賢路二段","PSTART":"博愛路二段","PEND":"博愛路二段","SW_DIRECT":"1","SW_LENG":11.32,"SW_WTH":4.96,"SWW_WTH":4.45,"SW_RAMP":2,"VILL_NAME":"西區"},"geometry":{"type":"Polygon","coordinates":[[[120.425886,23.465948],[120.42587,23.465929],[120.425752,23.466016],[120.425757,23.466018],[120.42585,23.466],[120.425885,23.465973],[120.425889,23.465961],[120.425886,23.465948]]]}},{"type":"Feature","properties":{"id":"66a9cf0add4f","NAME":"博愛路二段","PSTART":"自立街","PEND":"世賢路二段","SW_DIRECT":"2","SW_LENG":68.98,"SW_WTH":4.94,"SWW_WTH":3.81,"SW_RAMP":1,"VILL_NAME":"西區"},"geometry":{"type":"Polygon","coordinates":[[[120.425727,23.466103],[120.425332,23.465638],[120.425319,23.465629],[120.425303,23.465625],[120.425286,23.465628],[120.425272,23.465637],[120.42546,23.465858],[120.425498,23.465879],[120.425704,23.46612],[120.425727,23.466103]]]}},{"type":"Feature","properties":{"id":"9fce3cbf5858","NAME":"新民路","PSTART":"重慶路","PEND":"徐州五街","SW_DIRECT":"2","SW_LENG":52.57,"SW_WTH":2.33,"SWW_WTH":2.33,"SW_RAMP":2,"VILL_NAME":"西區"},"geometry":{"type":"Polygon","coordinates":[[[120.440118,23.465853],[120.440112,23.465887],[120.440132,23.465914],[120.440129,23.465945],[120.440141,23.465946],[120.440102,23.466323],[120.440123,23.466325],[120.440166,23.465916],[120.440149,23.465879],[120.440118,23.465853]]]}},{"type":"Feature","properties":{"id":"f40aea5dd594","NAME":"新民路","PSTART":"杭州五街","PEND":"仁愛路","SW_DIRECT":"1","SW_LENG":48.56,"SW_WTH":2.6,"SWW_WTH":2.04,"SW_RAMP":2,"VILL_NAME":"西區"},"geometry":{"type":"Polygon","coordinates":[[[120.44037,23.466337],[120.44039,23.466349],[120.440418,23.466065],[120.440421,23.466062],[120.440438,23.465907],[120.440413,23.465906],[120.440367,23.466325],[120.44037,23.466337]]]}},{"type":"Feature","properties":{"id":"11e5e6d8d418","NAME":"世賢路二段","PSTART":"迴轉道","PEND":"博愛路二段","SW_DIRECT":"1","SW_LENG":174.42,"SW_WTH":3.0,"SWW_WTH":1.59,"SW_RAMP":1,"VILL_NAME":"西區"},"geometry":{"type":"Polygon","coordinates":[[[120.427984,23.465391],[120.426683,23.466392],[120.426673,23.466403],[120.426691,23.466423],[120.428003,23.465412],[120.427984,23.465391]]]}},{"type":"Feature","properties":{"id":"050d21fdef42","NAME":"世賢路二段","PSTART":"友忠路","PEND":"博愛路二段","SW_DIRECT":"1","SW_LENG":108.05,"SW_WTH":3.04,"SWW_WTH":1.48,"SW_RAMP":6,"VILL_NAME":"西區"},"geometry":{"type":"Polygon","coordinates":[[[120.424949,23.466736],[120.425728,23.466138],[120.425734,23.466119],[120.425728,23.466103],[120.424908,23.466732],[120.424928,23.466741],[120.424949,23.466736]]]}},{"type":"Feature","properties":{"id":"c1f713c94425","NAME":"大貴路","PSTART":"自強街","PEND":"大信街","SW_DIRECT":"1","SW_LENG":225.57,"SW_WTH":3.24,"SWW_WTH":1.89,"SW_RAMP":5,"VILL_NAME":"西區"},"geometry":{"type":"Polygon","coordinates":[[[120.412447,23.464922],[120.412443,23.465576],[120.412419,23.46692],[120.412428,23.466941],[120.41245,23.466951],[120.412475,23.465611],[120.412478,23.464907],[120.41246,23.46491],[120.412447,23.464922]]]}},{"type":"Feature","properties":{"id":"35875cc887ac","NAME":"新民路","PSTART":"徐州五街","PEND":"徐州一街","SW_DIRECT":"2","SW_LENG":111.53,"SW_WTH":2.49,"SWW_WTH":1.8,"SW_RAMP":null,"VILL_NAME":"西區"},"geometry":{"type":"Polygon","coordinates":[[[120.439997,23.467361],[120.440008,23.467349],[120.440118,23.466361],[120.440096,23.466357],[120.439983,23.46736],[120.439997,23.467361]]]}},{"type":"Feature","properties":{"id":"96d4c4e5addf","NAME":"世賢路二段","PSTART":"友忠路","PEND":"博愛路二段","SW_DIRECT":"1","SW_LENG":124.82,"SW_WTH":2.94,"SWW_WTH":1.49,"SW_RAMP":6,"VILL_NAME":"西區"},"geometry":{"type":"Polygon","coordinates":[[[120.425517,23.467319],[120.426076,23.466891],[120.426466,23.466592],[120.426445,23.466585],[120.426427,23.466587],[120.425522,23.467283],[120.425513,23.467296],[120.425513,23.467313],[120.425517,23.467319]]]}},{"type":"Feature","properties":{"id":"ad12bd433e27","NAME":"博愛路二段","PSTART":"世賢路二段","PEND":"無名路","SW_DIRECT":"2","SW_LENG":113.57,"SW_WTH":3.36,"SWW_WTH":2.39,"SW_RAMP":8,"VILL_NAME":"西區"},"geometry":{"type":"Polygon","coordinates":[[[120.426538,23.466629],[120.426523,23.466631],[120.426505,23.466642],[120.4272,23.467451],[120.427218,23.467424],[120.426538,23.466629]]]}},{"type":"Feature","properties":{"id":"f4549b9423e3","NAME":"興業西路","PSTART":"興業西路423巷","PEND":"南京路","SW_DIRECT":"1","SW_LENG":54.18,"SW_WTH":6.0,"SWW_WTH":4.3,"SW_RAMP":3,"VILL_NAME":"西區"},"geometry":{"type":"Polygon","coordinates":[[[120.435268,23.467489],[120.435287,23.467521],[120.4353,23.467531],[120.435322,23.467536],[120.435443,23.467502],[120.435523,23.467489],[120.435622,23.46748],[120.435654,23.467499],[120.435735,23.467494],[120.435762,23.467489],[120.435786,23.467462],[120.435791,23.467438],[120.435791,23.467401],[120.43577,23.467398],[120.435764,23.467411],[120.43574,23.467433],[120.43562,23.467438],[120.435464,23.467455],[120.435314,23.467494],[120.435298,23.467492],[120.435284,23.467482],[120.435268,23.467489]]]}},{"type":"Feature","properties":{"id":"3b7f817c2952","NAME":"興業西路","PSTART":"南京路","PEND":"興業西路385巷","SW_DIRECT":"1","SW_LENG":52.0,"SW_WTH":6.0,"SWW_WTH":4.3,"SW_RAMP":3,"VILL_NAME":"西區"},"geometry":{"type":"Polygon","coordinates":[[[120.435968,23.467411],[120.435949,23.467408],[120.435944,23.467485],[120.435946,23.467499],[120.435979,23.467534],[120.436048,23.467541],[120.436062,23.467536],[120.436064,23.467526],[120.436405,23.467553],[120.436413,23.467551],[120.436421,23.467536],[120.436424,23.467504],[120.436016,23.46747],[120.435997,23.467462],[120.435981,23.467445],[120.435968,23.467411]]]}},{"type":"Feature","properties":{"id":"5c8ce852a5cf","NAME":"博愛路二段","PSTART":"世賢路二段","PEND":"無名路","SW_DIRECT":"1","SW_LENG":158.92,"SW_WTH":2.8,"SWW_WTH":1.58,"SW_RAMP":1,"VILL_NAME":"西區"},"geometry":{"type":"Polygon","coordinates":[[[120.427141,23.466947],[120.426673,23.466403],[120.426667,23.466424],[120.426669,23.466439],[120.427618,23.467544],[120.427667,23.46754],[120.427149,23.466942],[120.427141,23.466947]]]}},{"type":"Feature","properties":{"id":"817b4b519114","NAME":"興業西路","PSTART":"興業西路385巷","PEND":"徐州六街","SW_DIRECT":"1","SW_LENG":146.0,"SW_WTH":6.0,"SWW_WTH":4.3,"SW_RAMP":3,"VILL_NAME":"西區"},"geometry":{"type":"Polygon","coordinates":[[[120.436459,23.467509],[120.436453,23.467541],[120.436459,23.467553],[120.436469,23.467556],[120.437848,23.467686],[120.437869,23.467681],[120.437891,23.467669],[120.437902,23.467657],[120.43791,23.467585],[120.437888,23.467585],[120.43788,23.467617],[120.437872,23.46763],[120.437843,23.467644],[120.436459,23.467509]]]}},{"type":"Feature","properties":{"id":"ce44d8afcfe4","NAME":"興業西路","PSTART":"徐州六街","PEND":"徐州四街","SW_DIRECT":"1","SW_LENG":96.22,"SW_WTH":2.43,"SWW_WTH":1.87,"SW_RAMP":2,"VILL_NAME":"西區"},"geometry":{"type":"Polygon","coordinates":[[[120.43801,23.467596],[120.437999,23.467596],[120.437996,23.46766],[120.438001,23.467682],[120.43801,23.467692],[120.438031,23.467705],[120.438044,23.467707],[120.438962,23.467791],[120.43898,23.467778],[120.438986,23.467749],[120.438042,23.467663],[120.438023,23.467646],[120.43801,23.467596]]]}},{"type":"Feature","properties":{"id":"5d68c28f91b8","NAME":"興業西路","PSTART":"南京路","PEND":"建成街","SW_DIRECT":"2","SW_LENG":67.0,"SW_WTH":6.0,"SWW_WTH":4.3,"SW_RAMP":3,"VILL_NAME":"西區"},"geometry":{"type":"Polygon","coordinates":[[[120.435925,23.467812],[120.435938,23.46777],[120.435946,23.46776],[120.435992,23.467733],[120.436126,23.46774],[120.436402,23.467768],[120.43655,23.467777],[120.43652,23.467738],[120.436499,23.467733],[120.436086,23.467701],[120.436056,23.467676],[120.436013,23.467674],[120.435981,23.467679],[120.435941,23.467711],[120.43592,23.467738],[120.435906,23.467765],[120.435898,23.467809],[120.435925,23.467812]]]}},{"type":"Feature","properties":{"id":"ce31858e29c8","NAME":"興業西路","PSTART":"徐州四街","PEND":"新民路","SW_DIRECT":"1","SW_LENG":83.18,"SW_WTH":2.75,"SWW_WTH":1.21,"SW_RAMP":2,"VILL_NAME":"西區"},"geometry":{"type":"Polygon","coordinates":[[[120.439025,23.467754],[120.439025,23.467781],[120.439035,23.467801],[120.439878,23.467872],[120.439928,23.467872],[120.439953,23.46786],[120.439974,23.467845],[120.439993,23.467803],[120.439993,23.467791],[120.439969,23.467788],[120.439969,23.467774],[120.439934,23.467771],[120.43992,23.467788],[120.439899,23.467806],[120.439864,23.467823],[120.439025,23.467754]]]}},{"type":"Feature","properties":{"id":"b87ab06daa8f","NAME":"新民路","PSTART":"徐州一街","PEND":"興業西路","SW_DIRECT":"2","SW_LENG":57.47,"SW_WTH":2.4,"SWW_WTH":1.07,"SW_RAMP":2,"VILL_NAME":"西區"},"geometry":{"type":"Polygon","coordinates":[[[120.439968,23.467769],[120.440011,23.467393],[120.439978,23.467393],[120.43993,23.467767],[120.439968,23.467769]]]}},{"type":"Feature","properties":{"id":"3d2f8b3596f4","NAME":"新民路","PSTART":"仁愛路","PEND":"興業西路","SW_DIRECT":"1","SW_LENG":141.12,"SW_WTH":2.54,"SWW_WTH":1.0,"SW_RAMP":2,"VILL_NAME":"西區"},"geometry":{"type":"Polygon","coordinates":[[[120.440279,23.467858],[120.44026,23.467854],[120.440239,23.467841],[120.44023,23.46782],[120.440226,23.467801],[120.440356,23.466635],[120.440333,23.466633],[120.440201,23.467802],[120.440206,23.467827],[120.440218,23.467853],[120.440277,23.467896],[120.440279,23.467858]]]}},{"type":"Feature","properties":{"id":"567f5e658bcc","NAME":"世賢路二段","PSTART":"友忠路","PEND":"停車場出入口","SW_DIRECT":"2","SW_LENG":184.13,"SW_WTH":3.03,"SWW_WTH":1.5,"SW_RAMP":5,"VILL_NAME":"西區"},"geometry":{"type":"Polygon","coordinates":[[[120.424863,23.466801],[120.424871,23.466784],[120.424863,23.466767],[120.423473,23.467836],[120.423494,23.467845],[120.423517,23.467838],[120.424863,23.466801]]]}},{"type":"Feature","properties":{"id":"b48eb9de3da4","NAME":"興業西路","PSTART":"建成街","PEND":"新建街","SW_DIRECT":"2","SW_LENG":211.85,"SW_WTH":2.48,"SWW_WTH":0.85,"SW_RAMP":0,"VILL_NAME":"西區"},"geometry":{"type":"Polygon","coordinates":[[[120.436622,23.467797],[120.438682,23.467996],[120.438695,23.468001],[120.438724,23.468031],[120.438741,23.468033],[120.438738,23.467989],[120.438722,23.467972],[120.438692,23.467957],[120.436659,23.467755],[120.436638,23.46777],[120.436622,23.467797]]]}},{"type":"Feature","properties":{"id":"54f1bb158396","NAME":"興業西路","PSTART":"車店街","PEND":"興業西路423巷","SW_DIRECT":"2","SW_LENG":85.99,"SW_WTH":6.0,"SWW_WTH":4.3,"SW_RAMP":3,"VILL_NAME":"西區"},"geometry":{"type":"Polygon","coordinates":[[[120.434559,23.468023],[120.434585,23.468053],[120.435224,23.46758],[120.435237,23.467561],[120.435237,23.467536],[120.435216,23.467494],[120.435205,23.467506],[120.43521,23.467546],[120.434559,23.468023]]]}},{"type":"Feature","properties":{"id":"74d696952a40","NAME":"興業西路","PSTART":"新建街","PEND":"無名路","SW_DIRECT":"2","SW_LENG":45.85,"SW_WTH":2.52,"SWW_WTH":1.1,"SW_RAMP":2,"VILL_NAME":"西區"},"geometry":{"type":"Polygon","coordinates":[[[120.43885,23.468039],[120.438869,23.468017],[120.43889,23.468017],[120.439314,23.468064],[120.439314,23.46802],[120.439306,23.468015],[120.438877,23.467975],[120.438861,23.46798],[120.43885,23.467993],[120.438842,23.468039],[120.43885,23.468039]]]}},{"type":"Feature","properties":{"id":"ac5ea2c9a41d","NAME":"興業西路","PSTART":"無名路","PEND":"新民路","SW_DIRECT":"2","SW_LENG":47.06,"SW_WTH":2.54,"SWW_WTH":1.93,"SW_RAMP":2,"VILL_NAME":"西區"},"geometry":{"type":"Polygon","coordinates":[[[120.439352,23.468066],[120.439824,23.468113],[120.439877,23.468167],[120.439891,23.468192],[120.439928,23.468194],[120.439934,23.468165],[120.439931,23.468133],[120.439902,23.468084],[120.439877,23.468069],[120.439376,23.468022],[120.439365,23.468022],[120.439357,23.468032],[120.439352,23.468066]]]}},{"type":"Feature","properties":{"id":"909968ebc3c3","NAME":"友忠路","PSTART":"世賢路二段","PEND":"學校出入口","SW_DIRECT":"2","SW_LENG":67.84,"SW_WTH":3.48,"SWW_WTH":2.97,"SW_RAMP":1,"VILL_NAME":"西區"},"geometry":{"type":"Polygon","coordinates":[[[120.425195,23.46757],[120.425168,23.467591],[120.425586,23.468068],[120.425594,23.468062],[120.425602,23.468049],[120.425599,23.468034],[120.425195,23.46757]]]}},{"type":"Feature","properties":{"id":"b795d7e4bad2","NAME":"興業西路","PSTART":"新民路","PEND":"仁愛路","SW_DIRECT":"1","SW_LENG":264.75,"SW_WTH":2.5,"SWW_WTH":1.1,"SW_RAMP":null,"VILL_NAME":"西區"},"geometry":{"type":"Polygon","coordinates":[[[120.440873,23.467939],[120.440873,23.467935],[120.440464,23.467903],[120.440467,23.467875],[120.440279,23.467858],[120.440277,23.467896],[120.440328,23.467909],[120.442842,23.468149],[120.442854,23.468145],[120.442857,23.468129],[120.440873,23.467939]]]}},{"type":"Feature","properties":{"id":"c2bc9665b3d8","NAME":"世賢路二段","PSTART":"停車場出入口","PEND":"急診出入口","SW_DIRECT":"2","SW_LENG":35.6,"SW_WTH":3.04,"SWW_WTH":1.54,"SW_RAMP":3,"VILL_NAME":"西區"},"geometry":{"type":"Polygon","coordinates":[[[120.423412,23.467882],[120.423138,23.468094],[120.423158,23.468103],[120.423178,23.468099],[120.423408,23.467922],[120.423419,23.467903],[120.423412,23.467882]]]}},{"type":"Feature","properties":{"id":"f41262433ca1","NAME":"興業西路","PSTART":"上海路","PEND":"東信街","SW_DIRECT":"2","SW_LENG":30.0,"SW_WTH":6.0,"SWW_WTH":4.3,"SW_RAMP":3,"VILL_NAME":"西區"},"geometry":{"type":"Polygon","coordinates":[[[120.434316,23.468123],[120.434305,23.468133],[120.434359,23.468195],[120.434396,23.4682],[120.434538,23.468089],[120.434541,23.468077],[120.434538,23.468067],[120.434493,23.468013],[120.434487,23.468018],[120.434495,23.46803],[120.434493,23.468059],[120.434474,23.468082],[120.434385,23.468145],[120.434329,23.468138],[120.434316,23.468123]]]}},{"type":"Feature","properties":{"id":"a9baf9f23839","NAME":"友忠路","PSTART":"世賢路二段","PEND":"博愛路二段750巷","SW_DIRECT":"2","SW_LENG":170.78,"SW_WTH":3.0,"SWW_WTH":2.5,"SW_RAMP":5,"VILL_NAME":"西區"},"geometry":{"type":"Polygon","coordinates":[[[120.426245,23.468131],[120.426258,23.468121],[120.425544,23.467301],[120.425517,23.467319],[120.426222,23.468129],[120.426233,23.468133],[120.426245,23.468131]]]}},{"type":"Feature","properties":{"id":"902e73d48054","NAME":"興業西路","PSTART":"新民路","PEND":"新民路 728巷","SW_DIRECT":"2","SW_LENG":104.45,"SW_WTH":2.61,"SWW_WTH":1.25,"SW_RAMP":2,"VILL_NAME":"西區"},"geometry":{"type":"Polygon","coordinates":[[[120.440252,23.468091],[120.440257,23.468112],[120.440305,23.468113],[120.441271,23.468207],[120.441273,23.468183],[120.440305,23.468088],[120.440252,23.468091]]]}},{"type":"Feature","properties":{"id":"963a33a9d649","NAME":"興業西路","PSTART":"新民路 728巷","PEND":"無名路","SW_DIRECT":"2","SW_LENG":40.05,"SW_WTH":2.37,"SWW_WTH":1.83,"SW_RAMP":null,"VILL_NAME":"西區"},"geometry":{"type":"Polygon","coordinates":[[[120.441514,23.468226],[120.441906,23.468266],[120.441902,23.468252],[120.44189,23.468242],[120.441527,23.468206],[120.441516,23.468214],[120.441514,23.468226]]]}},{"type":"Feature","properties":{"id":"e570f69952a6","NAME":"興業西路","PSTART":"仁愛路","PEND":"無名路","SW_DIRECT":"1","SW_LENG":138.69,"SW_WTH":2.94,"SWW_WTH":1.8,"SW_RAMP":null,"VILL_NAME":"西區"},"geometry":{"type":"Polygon","coordinates":[[[120.443097,23.468154],[120.443094,23.468164],[120.4431,23.468175],[120.443126,23.468182],[120.444432,23.468307],[120.444441,23.468304],[120.444446,23.468297],[120.444447,23.468284],[120.443097,23.468154]]]}},{"type":"Feature","properties":{"id":"1aaf131371dc","NAME":"興業西路","PSTART":"無名路","PEND":"無名路","SW_DIRECT":"2","SW_LENG":43.07,"SW_WTH":2.4,"SWW_WTH":1.13,"SW_RAMP":null,"VILL_NAME":"西區"},"geometry":{"type":"Polygon","coordinates":[[[120.441962,23.468249],[120.44195,23.468256],[120.441943,23.468268],[120.442366,23.468309],[120.442367,23.468304],[120.442364,23.468292],[120.442352,23.468286],[120.441962,23.468249]]]}},{"type":"Feature","properties":{"id":"b212ebe07013","NAME":"興業西路","PSTART":"無名路","PEND":"仁愛路","SW_DIRECT":"2","SW_LENG":43.94,"SW_WTH":2.57,"SWW_WTH":2.25,"SW_RAMP":null,"VILL_NAME":"西區"},"geometry":{"type":"Polygon","coordinates":[[[120.442423,23.468293],[120.442411,23.4683],[120.442407,23.468313],[120.442838,23.468356],[120.442838,23.468353],[120.442834,23.468338],[120.442819,23.46833],[120.442423,23.468293]]]}},{"type":"Feature","properties":{"id":"f7c71dfc7eae","NAME":"興業西路","PSTART":"上海路","PEND":"南京路","SW_DIRECT":"2","SW_LENG":137.2,"SW_WTH":6.0,"SWW_WTH":4.3,"SW_RAMP":4,"VILL_NAME":"西區"},"geometry":{"type":"Polygon","coordinates":[[[120.435687,23.467802],[120.435751,23.467804],[120.435749,23.467755],[120.435738,23.467716],[120.435711,23.467684],[120.435679,23.467667],[120.435633,23.467659],[120.435609,23.467659],[120.435572,23.467684],[120.435507,23.467696],[120.435432,23.467718],[120.435355,23.467753],[120.435314,23.467775],[120.434553,23.468328],[120.434536,23.468351],[120.434531,23.468385],[120.434536,23.468412],[120.434558,23.468442],[120.434614,23.46841],[120.434625,23.468333],[120.434692,23.468284],[120.434684,23.468277],[120.434762,23.468247],[120.434786,23.468233],[120.434818,23.468181],[120.434861,23.468149],[120.43492,23.468134],[120.434931,23.468149],[120.435009,23.4681],[120.434995,23.468087],[120.435043,23.468023],[120.435314,23.467829],[120.435432,23.46776],[120.435609,23.467733],[120.435687,23.467802]]]}},{"type":"Feature","properties":{"id":"8333f0f6a18a","NAME":"興業西路","PSTART":"無名路","PEND":"興業西路13巷","SW_DIRECT":"1","SW_LENG":177.87,"SW_WTH":2.67,"SWW_WTH":1.28,"SW_RAMP":2,"VILL_NAME":"西區"},"geometry":{"type":"Polygon","coordinates":[[[120.446221,23.468453],[120.444489,23.468289],[120.444487,23.468295],[120.444492,23.468308],[120.444505,23.468315],[120.446219,23.468477],[120.446221,23.468453]]]}},{"type":"Feature","properties":{"id":"6721169bc4ea","NAME":"興業西路","PSTART":"蘭州一街","PEND":"空地出入口","SW_DIRECT":"2","SW_LENG":37.06,"SW_WTH":2.59,"SWW_WTH":1.35,"SW_RAMP":2,"VILL_NAME":"西區"},"geometry":{"type":"Polygon","coordinates":[[[120.433528,23.468787],[120.433555,23.468782],[120.433805,23.468599],[120.433812,23.468579],[120.433804,23.46857],[120.433519,23.468778],[120.433528,23.468787]]]}},{"type":"Feature","properties":{"id":"140782b8108f","NAME":"博愛路二段","PSTART":"住宅出入口","PEND":"住宅出入口","SW_DIRECT":"2","SW_LENG":9.13,"SW_WTH":2.15,"SWW_WTH":0.77,"SW_RAMP":0,"VILL_NAME":"西區"},"geometry":{"type":"Polygon","coordinates":[[[120.428346,23.468772],[120.428362,23.468761],[120.428301,23.46869],[120.428297,23.468697],[120.428297,23.468717],[120.428346,23.468772]]]}},{"type":"Feature","properties":{"id":"5ce1f53436e8","NAME":"興業東路","PSTART":"興業東路11巷","PEND":"興業東路47巷","SW_DIRECT":"2","SW_LENG":71.58,"SW_WTH":1.98,"SWW_WTH":1.98,"SW_RAMP":2,"VILL_NAME":"西區"},"geometry":{"type":"Polygon","coordinates":[[[120.447304,23.468769],[120.447302,23.468787],[120.448001,23.468853],[120.447993,23.468834],[120.447304,23.468769]]]}},{"type":"Feature","properties":{"id":"a8733155c7e9","NAME":"新民路","PSTART":"興業西路","PEND":"新民路728巷","SW_DIRECT":"1","SW_LENG":94.95,"SW_WTH":3.27,"SWW_WTH":2.81,"SW_RAMP":2,"VILL_NAME":"西區"},"geometry":{"type":"Polygon","coordinates":[[[120.440257,23.468112],[120.440252,23.468091],[120.440211,23.468107],[120.440178,23.468135],[120.440158,23.468167],[120.44008,23.468897],[120.440088,23.468911],[120.440104,23.468919],[120.440111,23.468919],[120.440184,23.468189],[120.440216,23.468133],[120.440257,23.468112]]]}},{"type":"Feature","properties":{"id":"91ba0ca759c9","NAME":"博愛路二段","PSTART":"工廠出入口","PEND":"工廠出入口","SW_DIRECT":"1","SW_LENG":22.38,"SW_WTH":2.98,"SWW_WTH":2.06,"SW_RAMP":2,"VILL_NAME":"西區"},"geometry":{"type":"Polygon","coordinates":[[[120.428794,23.468871],[120.428658,23.468711],[120.42865,23.468717],[120.428641,23.468736],[120.428772,23.468888],[120.428794,23.468871]]]}},{"type":"Feature","properties":{"id":"3ac14b932a23","NAME":"新民路","PSTART":"興業西路","PEND":"新民路707巷","SW_DIRECT":"1","SW_LENG":96.47,"SW_WTH":2.87,"SWW_WTH":1.61,"SW_RAMP":2,"VILL_NAME":"西區"},"geometry":{"type":"Polygon","coordinates":[[[120.43981,23.46894],[120.439829,23.46894],[120.43984,23.468932],[120.439845,23.46891],[120.439918,23.468197],[120.439894,23.468194],[120.43981,23.46894]]]}},{"type":"Feature","properties":{"id":"0b53e1af2f9f","NAME":"友忠路","PSTART":"無名路","PEND":"無名路","SW_DIRECT":"1","SW_LENG":105.96,"SW_WTH":3.43,"SWW_WTH":2.65,"SW_RAMP":2,"VILL_NAME":"西區"},"geometry":{"type":"Polygon","coordinates":[[[120.426938,23.468904],[120.426289,23.468156],[120.426276,23.468166],[120.426271,23.468185],[120.426899,23.468908],[120.426913,23.468914],[120.426927,23.468912],[120.426938,23.468904]]]}},{"type":"Feature","properties":{"id":"eec93b51fc07","NAME":"興業東路","PSTART":"興業東路47巷","PEND":"國華街","SW_DIRECT":"2","SW_LENG":142.31,"SW_WTH":2.12,"SWW_WTH":0.98,"SW_RAMP":1,"VILL_NAME":"西區"},"geometry":{"type":"Polygon","coordinates":[[[120.449508,23.468978],[120.448128,23.468846],[120.448126,23.468865],[120.449518,23.468998],[120.449508,23.468978]]]}},{"type":"Feature","properties":{"id":"b49a7bb0e84e","NAME":"博愛路二段","PSTART":"住宅出入口","PEND":"大統路","SW_DIRECT":"2","SW_LENG":11.67,"SW_WTH":3.18,"SWW_WTH":1.75,"SW_RAMP":1,"VILL_NAME":"西區"},"geometry":{"type":"Polygon","coordinates":[[[120.428491,23.468908],[120.428419,23.468827],[120.428396,23.468845],[120.428466,23.468928],[120.428491,23.468908]]]}},{"type":"Feature","properties":{"id":"60ad5f852c43","NAME":"興業西路","PSTART":"無名路","PEND":"興業地下道前","SW_DIRECT":"1","SW_LENG":54.82,"SW_WTH":2.39,"SWW_WTH":1.25,"SW_RAMP":2,"VILL_NAME":"西區"},"geometry":{"type":"Polygon","coordinates":[[[120.43416,23.468657],[120.434141,23.468643],[120.433724,23.468947],[120.433739,23.468964],[120.43416,23.468657]]]}},{"type":"Feature","properties":{"id":"66115c2ba8e4","NAME":"友忠路","PSTART":"無名路","PEND":"無名路","SW_DIRECT":"2","SW_LENG":18.89,"SW_WTH":3.42,"SWW_WTH":3.02,"SW_RAMP":2,"VILL_NAME":"西區"},"geometry":{"type":"Polygon","coordinates":[[[120.426238,23.468819],[120.426357,23.468954],[120.426364,23.468949],[120.426371,23.468934],[120.426368,23.468918],[120.426276,23.468813],[120.426256,23.468809],[120.426238,23.468819]]]}},{"type":"Feature","properties":{"id":"389fef80d24a","NAME":"世賢路二段","PSTART":"金山路 1巷","PEND":"友忠路","SW_DIRECT":"2","SW_LENG":244.74,"SW_WTH":3.09,"SWW_WTH":1.53,"SW_RAMP":10,"VILL_NAME":"西區"},"geometry":{"type":"Polygon","coordinates":[[[120.423349,23.468989],[120.425195,23.46757],[120.425175,23.467561],[120.425153,23.467567],[120.423347,23.468955],[120.423339,23.468968],[120.423345,23.468985],[120.423349,23.468989]]]}},{"type":"Feature","properties":{"id":"455ac1c1fe1f","NAME":"興業東路","PSTART":"民生南路","PEND":"吳鳳南路","SW_DIRECT":"1","SW_LENG":752.19,"SW_WTH":2.45,"SWW_WTH":2.02,"SW_RAMP":2,"VILL_NAME":"西區"},"geometry":{"type":"Polygon","coordinates":[[[120.450401,23.468851],[120.448905,23.468714],[120.448904,23.468707],[120.4468,23.468506],[120.446797,23.468527],[120.45412,23.469229],[120.454124,23.469207],[120.450401,23.468851]]]}},{"type":"Feature","properties":{"id":"f7fae7a53630","NAME":"南京路","PSTART":"興業西路","PEND":"青年街","SW_DIRECT":"2","SW_LENG":159.35,"SW_WTH":4.18,"SWW_WTH":2.43,"SW_RAMP":2,"VILL_NAME":"西區"},"geometry":{"type":"Polygon","coordinates":[[[120.435548,23.469083],[120.435577,23.469085],[120.435725,23.467801],[120.435687,23.467798],[120.435548,23.469083]]]}},{"type":"Feature","properties":{"id":"b118890fbaff","NAME":"大貴路","PSTART":"大信街","PEND":"玉山路","SW_DIRECT":"1","SW_LENG":208.86,"SW_WTH":3.23,"SWW_WTH":2.05,"SW_RAMP":4,"VILL_NAME":"西區"},"geometry":{"type":"Polygon","coordinates":[[[120.412416,23.467132],[120.412373,23.468972],[120.412382,23.468994],[120.412405,23.469006],[120.412447,23.467112],[120.412423,23.467121],[120.412416,23.467132]]]}},{"type":"Feature","properties":{"id":"f288905c1ce7","NAME":"博愛路二段","PSTART":"工廠出入口","PEND":"工廠出入口","SW_DIRECT":"1","SW_LENG":13.36,"SW_WTH":3.02,"SWW_WTH":2.15,"SW_RAMP":2,"VILL_NAME":"西區"},"geometry":{"type":"Polygon","coordinates":[[[120.428972,23.469077],[120.42889,23.468983],[120.428868,23.469],[120.428948,23.469094],[120.428972,23.469077]]]}},{"type":"Feature","properties":{"id":"3126864a5f9f","NAME":"上海路","PSTART":"興業西路","PEND":"青年街","SW_DIRECT":"1","SW_LENG":112.51,"SW_WTH":3.35,"SWW_WTH":1.52,"SW_RAMP":1,"VILL_NAME":"西區"},"geometry":{"type":"Polygon","coordinates":[[[120.435293,23.469201],[120.434612,23.468419],[120.434576,23.468431],[120.435277,23.46923],[120.435293,23.469201]]]}},{"type":"Feature","properties":{"id":"37cfac1be27e","NAME":"青年街","PSTART":"上海路","PEND":"南京路","SW_DIRECT":"1","SW_LENG":34.35,"SW_WTH":3.16,"SWW_WTH":1.5,"SW_RAMP":0,"VILL_NAME":"西區"},"geometry":{"type":"Polygon","coordinates":[[[120.435579,23.469091],[120.435547,23.469085],[120.435375,23.46921],[120.435363,23.469214],[120.435346,23.469212],[120.435293,23.469201],[120.435277,23.46923],[120.43535,23.469243],[120.435388,23.469237],[120.435574,23.469102],[120.435579,23.469091]]]}},{"type":"Feature","properties":{"id":"c155f086851d","NAME":"博愛路二段","PSTART":"工廠出入口","PEND":"工廠出入口","SW_DIRECT":"1","SW_LENG":10.39,"SW_WTH":3.06,"SWW_WTH":2.14,"SW_RAMP":2,"VILL_NAME":"西區"},"geometry":{"type":"Polygon","coordinates":[[[120.429131,23.469263],[120.429067,23.469189],[120.429044,23.469206],[120.429107,23.469279],[120.429131,23.469263]]]}},{"type":"Feature","properties":{"id":"118b7aa6d83d","NAME":"新民路","PSTART":"新民路728巷","PEND":"新民路756巷","SW_DIRECT":"1","SW_LENG":56.13,"SW_WTH":3.11,"SWW_WTH":1.17,"SW_RAMP":null,"VILL_NAME":"西區"},"geometry":{"type":"Polygon","coordinates":[[[120.440106,23.468966],[120.440073,23.46897],[120.440018,23.469464],[120.44003,23.469472],[120.440047,23.469474],[120.440106,23.468966]]]}},{"type":"Feature","properties":{"id":"608f531d97e3","NAME":"世賢路二段","PSTART":"急診出入口","PEND":"世賢路二段538巷","SW_DIRECT":"2","SW_LENG":171.38,"SW_WTH":3.04,"SWW_WTH":1.47,"SW_RAMP":7,"VILL_NAME":"西區"},"geometry":{"type":"Polygon","coordinates":[[[120.42296,23.468231],[120.422766,23.468379],[120.42262,23.468498],[120.422488,23.46862],[120.422369,23.468742],[120.422229,23.468905],[120.4221,23.469076],[120.421986,23.46925],[120.421889,23.469421],[120.42191,23.469423],[120.421926,23.469412],[120.422013,23.469262],[120.422125,23.469091],[120.422253,23.468922],[120.422392,23.46876],[120.422509,23.468639],[120.42264,23.468518],[120.422712,23.468458],[120.422958,23.468268],[120.422966,23.46825],[120.42296,23.468231]]]}},{"type":"Feature","properties":{"id":"b31c9bbdaa39","NAME":"友忠路","PSTART":"無名路","PEND":"大統路","SW_DIRECT":"1","SW_LENG":96.78,"SW_WTH":3.37,"SWW_WTH":2.9,"SW_RAMP":1,"VILL_NAME":"西區"},"geometry":{"type":"Polygon","coordinates":[[[120.426966,23.468935],[120.42695,23.46895],[120.426953,23.468969],[120.42752,23.469618],[120.427539,23.469626],[120.427562,23.469619],[120.426966,23.468935]]]}},{"type":"Feature","properties":{"id":"20514e75b515","NAME":"友忠路","PSTART":"無名路","PEND":"大統路","SW_DIRECT":"2","SW_LENG":128.87,"SW_WTH":3.43,"SWW_WTH":2.79,"SW_RAMP":2,"VILL_NAME":"西區"},"geometry":{"type":"Polygon","coordinates":[[[120.426386,23.468988],[120.427178,23.469898],[120.427187,23.469892],[120.427194,23.469878],[120.42719,23.469863],[120.426426,23.468984],[120.426406,23.468979],[120.426386,23.468988]]]}},{"type":"Feature","properties":{"id":"e85c50d815e0","NAME":"新民路","PSTART":"新民路70巷","PEND":"新民路757巷","SW_DIRECT":"2","SW_LENG":112.74,"SW_WTH":2.96,"SWW_WTH":2.3,"SW_RAMP":2,"VILL_NAME":"西區"},"geometry":{"type":"Polygon","coordinates":[[[120.439807,23.46898],[120.439695,23.469999],[120.4397,23.47],[120.439716,23.469996],[120.439726,23.469983],[120.439834,23.468993],[120.439807,23.46898]]]}},{"type":"Feature","properties":{"id":"36fdfa9b2771","NAME":"新民路","PSTART":"新民路756巷","PEND":"永安街","SW_DIRECT":"1","SW_LENG":58.58,"SW_WTH":3.04,"SWW_WTH":1.6,"SW_RAMP":null,"VILL_NAME":"西區"},"geometry":{"type":"Polygon","coordinates":[[[120.440043,23.469517],[120.440012,23.469525],[120.439981,23.469806],[120.439957,23.470026],[120.439962,23.47004],[120.439983,23.470056],[120.440043,23.469517]]]}},{"type":"Feature","properties":{"id":"d912b19fb17d","NAME":"永安街","PSTART":"大同國小出入口","PEND":"補習班出入口","SW_DIRECT":"2","SW_LENG":8.2,"SW_WTH":2.05,"SWW_WTH":2.05,"SW_RAMP":2,"VILL_NAME":"西區"},"geometry":{"type":"Polygon","coordinates":[[[120.445159,23.470386],[120.445199,23.47039],[120.44522,23.470378],[120.445321,23.470389],[120.445338,23.470373],[120.445413,23.47038],[120.44542,23.470392],[120.445432,23.470397],[120.445443,23.470398],[120.445458,23.470384],[120.445657,23.470403],[120.445665,23.470415],[120.445676,23.47042],[120.445687,23.470421],[120.445701,23.470407],[120.445843,23.47042],[120.445851,23.470432],[120.445864,23.470437],[120.445875,23.470438],[120.445892,23.470425],[120.446111,23.470444],[120.446118,23.470456],[120.446142,23.470462],[120.446158,23.470449],[120.446314,23.470463],[120.446314,23.47045],[120.445188,23.470348],[120.445162,23.470361],[120.445159,23.470386]]]}},{"type":"Feature","properties":{"id":"3b67c3f5ee44","NAME":"永安街","PSTART":"新榮路","PEND":"大同國小出入口","SW_DIRECT":"2","SW_LENG":120.32,"SW_WTH":1.3,"SWW_WTH":0.85,"SW_RAMP":0,"VILL_NAME":"西區"},"geometry":{"type":"Polygon","coordinates":[[[120.446384,23.470451],[120.446379,23.470454],[120.446379,23.470469],[120.446459,23.470476],[120.446461,23.470457],[120.446384,23.470451]]]}},{"type":"Feature","properties":{"id":"2a3d29400d0b","NAME":"新民路","PSTART":"新民路757巷","PEND":"建成街","SW_DIRECT":"2","SW_LENG":67.92,"SW_WTH":2.91,"SWW_WTH":2.91,"SW_RAMP":2,"VILL_NAME":"西區"},"geometry":{"type":"Polygon","coordinates":[[[120.439715,23.470059],[120.439704,23.470049],[120.439688,23.470047],[120.43962,23.470661],[120.439638,23.470657],[120.43965,23.470643],[120.439715,23.470059]]]}},{"type":"Feature","properties":{"id":"718e3ec1ebdb","NAME":"博愛路二段","PSTART":"大統路","PEND":"中興路","SW_DIRECT":"2","SW_LENG":228.01,"SW_WTH":3.17,"SWW_WTH":2.05,"SW_RAMP":2,"VILL_NAME":"西區"},"geometry":{"type":"Polygon","coordinates":[[[120.428578,23.46906],[120.429223,23.469811],[120.429967,23.470677],[120.429987,23.470653],[120.429918,23.470574],[120.428604,23.469043],[120.428578,23.46906]]]}},{"type":"Feature","properties":{"id":"6bbcefcfef86","NAME":"新民路","PSTART":"永安街","PEND":"建成街","SW_DIRECT":"1","SW_LENG":77.52,"SW_WTH":2.99,"SWW_WTH":2.99,"SW_RAMP":2,"VILL_NAME":"西區"},"geometry":{"type":"Polygon","coordinates":[[[120.439863,23.470859],[120.439873,23.470878],[120.439895,23.470882],[120.439937,23.470458],[120.439969,23.470203],[120.439978,23.470191],[120.43998,23.47018],[120.439939,23.470185],[120.439863,23.470859]]]}},{"type":"Feature","properties":{"id":"bdf79a8b1e9b","NAME":"上海路","PSTART":"停車場出入口","PEND":"停車場出入口","SW_DIRECT":"2","SW_LENG":51.08,"SW_WTH":1.95,"SWW_WTH":1.66,"SW_RAMP":0,"VILL_NAME":"西區"},"geometry":{"type":"Polygon","coordinates":[[[120.439024,23.470872],[120.439028,23.47086],[120.439021,23.470849],[120.438544,23.470801],[120.438534,23.470804],[120.43853,23.470812],[120.438532,23.47082],[120.438541,23.470825],[120.438542,23.470819],[120.438943,23.470859],[120.438938,23.470902],[120.438948,23.470904],[120.438982,23.470899],[120.439024,23.470872]]]}},{"type":"Feature","properties":{"id":"d430a76587e1","NAME":"博愛路二段","PSTART":"工廠出入口","PEND":"博愛路二段","SW_DIRECT":"1","SW_LENG":206.48,"SW_WTH":3.0,"SWW_WTH":2.09,"SW_RAMP":2,"VILL_NAME":"西區"},"geometry":{"type":"Polygon","coordinates":[[[120.430515,23.470877],[120.429261,23.469414],[120.429252,23.469419],[120.429243,23.469438],[120.430492,23.470894],[120.430515,23.470877]]]}},{"type":"Feature","properties":{"id":"536f2dafc555","NAME":"新榮路","PSTART":"永安街","PEND":"大同國小出入口","SW_DIRECT":"1","SW_LENG":62.82,"SW_WTH":1.2,"SWW_WTH":1.2,"SW_RAMP":0,"VILL_NAME":"西區"},"geometry":{"type":"Polygon","coordinates":[[[120.445171,23.470387],[120.445159,23.470386],[120.445095,23.47095],[120.44511,23.470952],[120.445134,23.470727],[120.445129,23.470719],[120.445131,23.470706],[120.445148,23.47069],[120.445157,23.470669],[120.445141,23.470657],[120.445161,23.470483],[120.445179,23.470463],[120.44518,23.470453],[120.445165,23.470442],[120.445171,23.470387]]]}},{"type":"Feature","properties":{"id":"cb9d124c54ec","NAME":"世賢路二段","PSTART":"世賢路二段538巷","PEND":"玉山路","SW_DIRECT":"2","SW_LENG":157.89,"SW_WTH":3.02,"SWW_WTH":1.55,"SW_RAMP":6,"VILL_NAME":"西區"},"geometry":{"type":"Polygon","coordinates":[[[120.421678,23.469949],[120.421441,23.470868],[120.421461,23.470865],[120.421473,23.470851],[120.421706,23.469956],[120.421749,23.469825],[120.421808,23.469665],[120.421872,23.469516],[120.421869,23.469498],[120.421855,23.469486],[120.42178,23.469656],[120.421721,23.469816],[120.421678,23.469949]]]}},{"type":"Feature","properties":{"id":"5b007e66a2dd","NAME":"興業西路","PSTART":"博愛路二段","PEND":"無名路","SW_DIRECT":"1","SW_LENG":50.55,"SW_WTH":2.38,"SWW_WTH":1.97,"SW_RAMP":0,"VILL_NAME":"西區"},"geometry":{"type":"Polygon","coordinates":[[[120.430515,23.470877],[120.430492,23.470894],[120.430543,23.470914],[120.43059,23.470918],[120.430633,23.470907],[120.430877,23.470724],[120.430954,23.470645],[120.430622,23.470886],[120.430575,23.470892],[120.430515,23.470877]]]}},{"type":"Feature","properties":{"id":"91064a5e305f","NAME":"友忠路","PSTART":"大統路","PEND":"住宅出入口","SW_DIRECT":"2","SW_LENG":138.57,"SW_WTH":3.5,"SWW_WTH":2.92,"SW_RAMP":1,"VILL_NAME":"西區"},"geometry":{"type":"Polygon","coordinates":[[[120.427251,23.469982],[120.427579,23.47036],[120.428112,23.470971],[120.428116,23.470926],[120.427288,23.469975],[120.427268,23.469973],[120.427251,23.469982]]]}},{"type":"Feature","properties":{"id":"da08ab596188","NAME":"博愛路二段","PSTART":"無名路","PEND":"中興路","SW_DIRECT":"2","SW_LENG":54.66,"SW_WTH":3.17,"SWW_WTH":3.17,"SW_RAMP":1,"VILL_NAME":"西區"},"geometry":{"type":"Polygon","coordinates":[[[120.430327,23.471097],[120.430337,23.471077],[120.43033,23.471055],[120.430019,23.470692],[120.429988,23.470701],[120.430327,23.471097]]]}},{"type":"Feature","properties":{"id":"a034f0edee33","NAME":"世賢路二段","PSTART":"金山路 1巷","PEND":"玉山路","SW_DIRECT":"1","SW_LENG":257.32,"SW_WTH":3.17,"SWW_WTH":1.63,"SW_RAMP":11,"VILL_NAME":"西區"},"geometry":{"type":"Polygon","coordinates":[[[120.422287,23.471098],[120.422543,23.470124],[120.422599,23.469965],[120.422662,23.469821],[120.422746,23.469666],[120.422813,23.469558],[120.42293,23.469398],[120.423091,23.469218],[120.423148,23.469162],[120.423303,23.469025],[120.423296,23.46902],[120.42328,23.469016],[120.423265,23.46902],[120.423229,23.469047],[120.423068,23.469199],[120.422951,23.469325],[120.422905,23.469381],[120.422787,23.469542],[120.422719,23.469653],[120.422634,23.469809],[120.42257,23.469955],[120.422513,23.470116],[120.422486,23.470212],[120.422265,23.47107],[120.422271,23.471088],[120.422287,23.471098]]]}},{"type":"Feature","properties":{"id":"55fa18e196da","NAME":"新榮路","PSTART":"大同國小出入口","PEND":"大同國小出入口","SW_DIRECT":"1","SW_LENG":24.27,"SW_WTH":2.77,"SWW_WTH":2.77,"SW_RAMP":2,"VILL_NAME":"西區"},"geometry":{"type":"Polygon","coordinates":[[[120.445094,23.471225],[120.445117,23.471007],[120.44509,23.471005],[120.445067,23.471224],[120.445094,23.471225]]]}},{"type":"Feature","properties":{"id":"6e37a5ed3789","NAME":"興業西路","PSTART":"博愛路二段","PEND":"無名路","SW_DIRECT":"2","SW_LENG":50.0,"SW_WTH":2.44,"SWW_WTH":1.92,"SW_RAMP":1,"VILL_NAME":"西區"},"geometry":{"type":"Polygon","coordinates":[[[120.430791,23.471199],[120.43078,23.471173],[120.430778,23.471149],[120.430785,23.471123],[120.430799,23.471102],[120.431135,23.470857],[120.431054,23.470898],[120.430985,23.47094],[120.430785,23.471084],[120.430759,23.471122],[120.430752,23.471167],[120.430756,23.47119],[120.430767,23.471215],[120.430791,23.471199]]]}},{"type":"Feature","properties":{"id":"de79ebc656a7","NAME":"友忠路","PSTART":"住宅出入口","PEND":"住宅出入口","SW_DIRECT":"2","SW_LENG":29.75,"SW_WTH":3.48,"SWW_WTH":2.98,"SW_RAMP":null,"VILL_NAME":"西區"},"geometry":{"type":"Polygon","coordinates":[[[120.428333,23.471226],[120.428352,23.471207],[120.428349,23.471194],[120.428185,23.471005],[120.428158,23.471008],[120.428149,23.471014],[120.428333,23.471226]]]}},{"type":"Feature","properties":{"id":"80f70f83c670","NAME":"友忠路","PSTART":"住宅出入口","PEND":"住宅出入口","SW_DIRECT":"2","SW_LENG":8.74,"SW_WTH":3.43,"SWW_WTH":3.43,"SW_RAMP":null,"VILL_NAME":"西區"},"geometry":{"type":"Polygon","coordinates":[[[120.428433,23.47134],[120.428451,23.471321],[120.42845,23.471309],[120.428415,23.47127],[120.428398,23.471266],[120.42838,23.471278],[120.428433,23.47134]]]}},{"type":"Feature","properties":{"id":"f108dcd0d984","NAME":"新建街","PSTART":"上海路","PEND":"垂楊國小出入口","SW_DIRECT":"1","SW_LENG":62.46,"SW_WTH":1.63,"SWW_WTH":1.63,"SW_RAMP":2,"VILL_NAME":"西區"},"geometry":{"type":"Polygon","coordinates":[[[120.438118,23.471407],[120.438165,23.470848],[120.438148,23.470846],[120.438106,23.47141],[120.438118,23.471407]]]}},{"type":"Feature","properties":{"id":"bef143868188","NAME":"玉山路","PSTART":"世賢路二段","PEND":"玉山路304巷","SW_DIRECT":"2","SW_LENG":54.54,"SW_WTH":2.76,"SWW_WTH":1.49,"SW_RAMP":1,"VILL_NAME":"西區"},"geometry":{"type":"Polygon","coordinates":[[[120.422208,23.47129],[120.422727,23.471405],[120.422728,23.471403],[120.422724,23.471386],[120.422709,23.471375],[120.422242,23.471272],[120.422221,23.471275],[120.422208,23.47129]]]}},{"type":"Feature","properties":{"id":"d0490f78f5c8","NAME":"玉山路","PSTART":"玉山路304巷","PEND":"玉山路288巷","SW_DIRECT":"2","SW_LENG":28.64,"SW_WTH":2.5,"SWW_WTH":1.5,"SW_RAMP":2,"VILL_NAME":"西區"},"geometry":{"type":"Polygon","coordinates":[[[120.422789,23.471419],[120.423066,23.471481],[120.423067,23.47148],[120.423063,23.471462],[120.423049,23.471451],[120.422817,23.471399],[120.422798,23.471403],[120.422789,23.471419]]]}},{"type":"Feature","properties":{"id":"72da551501be","NAME":"新民路","PSTART":"建成街","PEND":"新民路848巷","SW_DIRECT":"1","SW_LENG":55.27,"SW_WTH":2.96,"SWW_WTH":2.21,"SW_RAMP":2,"VILL_NAME":"西區"},"geometry":{"type":"Polygon","coordinates":[[[120.439871,23.47106],[120.439842,23.471057],[120.439787,23.471553],[120.439816,23.471557],[120.439871,23.47106]]]}},{"type":"Feature","properties":{"id":"7caf74b41943","NAME":"玉山路","PSTART":"世賢路二段","PEND":"金山路","SW_DIRECT":"1","SW_LENG":203.58,"SW_WTH":2.8,"SWW_WTH":1.64,"SW_RAMP":21,"VILL_NAME":"西區"},"geometry":{"type":"Polygon","coordinates":[[[120.422294,23.471073],[120.422287,23.471098],[120.424207,23.471527],[120.424223,23.471522],[120.424233,23.471509],[120.422294,23.471073]]]}},{"type":"Feature","properties":{"id":"60a762d0dcfd","NAME":"友忠路","PSTART":"大統路","PEND":"中興路","SW_DIRECT":"1","SW_LENG":302.29,"SW_WTH":3.4,"SWW_WTH":3.13,"SW_RAMP":2,"VILL_NAME":"西區"},"geometry":{"type":"Polygon","coordinates":[[[120.429507,23.471721],[120.429494,23.471707],[120.429441,23.471743],[120.42942,23.471743],[120.429403,23.471732],[120.427635,23.469703],[120.42762,23.469711],[120.427615,23.46972],[120.427617,23.469731],[120.429398,23.471775],[120.42941,23.471781],[120.429424,23.471778],[120.429507,23.471721]]]}},{"type":"Feature","properties":{"id":"10a7b4da2400","NAME":"中興路","PSTART":"友忠路","PEND":"中興路817巷","SW_DIRECT":"2","SW_LENG":31.95,"SW_WTH":2.89,"SWW_WTH":2.51,"SW_RAMP":0,"VILL_NAME":"西區"},"geometry":{"type":"Polygon","coordinates":[[[120.430064,23.471603],[120.429846,23.471762],[120.429846,23.471778],[120.429856,23.471788],[120.430102,23.47161],[120.430084,23.4716],[120.430064,23.471603]]]}},{"type":"Feature","properties":{"id":"a9bda64ec54c","NAME":"玉山路","PSTART":"玉山路 251巷","PEND":"大統路","SW_DIRECT":"1","SW_LENG":64.28,"SW_WTH":2.82,"SWW_WTH":2.42,"SW_RAMP":2,"VILL_NAME":"西區"},"geometry":{"type":"Polygon","coordinates":[[[120.425115,23.471728],[120.425689,23.471856],[120.425706,23.471851],[120.425715,23.471838],[120.425095,23.471698],[120.425101,23.471716],[120.425115,23.471728]]]}},{"type":"Feature","properties":{"id":"18cca4f821d7","NAME":"玉山路","PSTART":"金山路","PEND":"玉山路240巷","SW_DIRECT":"2","SW_LENG":30.57,"SW_WTH":2.71,"SWW_WTH":1.74,"SW_RAMP":2,"VILL_NAME":"西區"},"geometry":{"type":"Polygon","coordinates":[[[120.424947,23.471874],[120.424688,23.471817],[120.424673,23.471823],[120.424665,23.471837],[120.424963,23.471902],[120.42496,23.471886],[120.424947,23.471874]]]}},{"type":"Feature","properties":{"id":"d9511efada73","NAME":"玉山路","PSTART":"玉山路240巷","PEND":"大統路","SW_DIRECT":"2","SW_LENG":52.21,"SW_WTH":2.53,"SWW_WTH":2.39,"SW_RAMP":2,"VILL_NAME":"西區"},"geometry":{"type":"Polygon","coordinates":[[[120.425151,23.471922],[120.425137,23.471929],[120.425133,23.471942],[120.425639,23.472052],[120.425631,23.472036],[120.425617,23.472024],[120.425151,23.471922]]]}},{"type":"Feature","properties":{"id":"bc7436615a28","NAME":"友忠路","PSTART":"住宅出入口","PEND":"中興路","SW_DIRECT":"2","SW_LENG":31.77,"SW_WTH":3.42,"SWW_WTH":2.13,"SW_RAMP":2,"VILL_NAME":"西區"},"geometry":{"type":"Polygon","coordinates":[[[120.428934,23.471864],[120.428922,23.471862],[120.4289,23.471875],[120.429102,23.472106],[120.42911,23.472084],[120.429106,23.472062],[120.428934,23.471864]]]}},{"type":"Feature","properties":{"id":"339a38edcc0b","NAME":"玉山路","PSTART":"大統路","PEND":"住宅出入口","SW_DIRECT":"1","SW_LENG":96.23,"SW_WTH":2.62,"SWW_WTH":2.11,"SW_RAMP":2,"VILL_NAME":"西區"},"geometry":{"type":"Polygon","coordinates":[[[120.425956,23.471916],[120.426833,23.472111],[120.426851,23.472107],[120.426862,23.472092],[120.425938,23.471886],[120.425941,23.471904],[120.425956,23.471916]]]}},{"type":"Feature","properties":{"id":"4f4253aa8163","NAME":"新榮路","PSTART":"大同國小出入口","PEND":"成功街","SW_DIRECT":"1","SW_LENG":101.98,"SW_WTH":1.63,"SWW_WTH":1.63,"SW_RAMP":2,"VILL_NAME":"西區"},"geometry":{"type":"Polygon","coordinates":[[[120.444978,23.47219],[120.445014,23.471847],[120.445009,23.471836],[120.445011,23.471814],[120.445017,23.471809],[120.445068,23.471309],[120.445075,23.471278],[120.445058,23.471276],[120.444959,23.472196],[120.444978,23.47219]]]}},{"type":"Feature","properties":{"id":"0ce1111177fd","NAME":"玉山路","PSTART":"大統路","PEND":"玉山路 186巷","SW_DIRECT":"2","SW_LENG":67.6,"SW_WTH":2.63,"SWW_WTH":1.07,"SW_RAMP":2,"VILL_NAME":"西區"},"geometry":{"type":"Polygon","coordinates":[[[120.426546,23.472255],[120.426542,23.472237],[120.426527,23.472225],[120.425913,23.472088],[120.425904,23.472091],[120.425899,23.472109],[120.426546,23.472255]]]}},{"type":"Feature","properties":{"id":"d57cae24bd47","NAME":"成功街","PSTART":"新榮路","PEND":"成功街5巷","SW_DIRECT":"1","SW_LENG":215.4,"SW_WTH":2.93,"SWW_WTH":1.55,"SW_RAMP":2,"VILL_NAME":"西區"},"geometry":{"type":"Polygon","coordinates":[[[120.444978,23.47219],[120.444959,23.472196],[120.444991,23.472235],[120.446183,23.472344],[120.446193,23.472333],[120.445748,23.472291],[120.44575,23.472277],[120.445502,23.472255],[120.445501,23.472268],[120.445004,23.472221],[120.444978,23.47219]]]}},{"type":"Feature","properties":{"id":"240cbc984ef4","NAME":"玉山路","PSTART":"住宅出入口","PEND":"玉康路","SW_DIRECT":"1","SW_LENG":88.0,"SW_WTH":2.72,"SWW_WTH":1.45,"SW_RAMP":2,"VILL_NAME":"西區"},"geometry":{"type":"Polygon","coordinates":[[[120.427764,23.472294],[120.42692,23.472105],[120.426922,23.472121],[120.426933,23.472134],[120.427733,23.472312],[120.427753,23.472309],[120.427764,23.472294]]]}},{"type":"Feature","properties":{"id":"c8229456f1a3","NAME":"博愛路二段","PSTART":"興業西路","PEND":"無名路","SW_DIRECT":"1","SW_LENG":161.7,"SW_WTH":3.05,"SWW_WTH":2.08,"SW_RAMP":2,"VILL_NAME":"西區"},"geometry":{"type":"Polygon","coordinates":[[[120.430791,23.471199],[120.430767,23.471215],[120.431744,23.472355],[120.431759,23.472354],[120.431772,23.472344],[120.431249,23.471729],[120.430791,23.471199]]]}},{"type":"Feature","properties":{"id":"bc90008f2d66","NAME":"世賢路二段","PSTART":"玉山路","PEND":"世賢路二段271巷","SW_DIRECT":"1","SW_LENG":120.01,"SW_WTH":2.98,"SWW_WTH":1.49,"SW_RAMP":6,"VILL_NAME":"西區"},"geometry":{"type":"Polygon","coordinates":[[[120.422236,23.471296],[120.422208,23.47129],[120.42194,23.472325],[120.421943,23.472341],[120.421957,23.472351],[120.421962,23.472352],[120.422236,23.471296]]]}},{"type":"Feature","properties":{"id":"6a3338e98466","NAME":"玉山路","PSTART":"玉山路 186巷","PEND":"玉山路 158巷","SW_DIRECT":"2","SW_LENG":67.88,"SW_WTH":2.66,"SWW_WTH":1.26,"SW_RAMP":4,"VILL_NAME":"西區"},"geometry":{"type":"Polygon","coordinates":[[[120.426696,23.472263],[120.426676,23.472269],[120.426671,23.472282],[120.427321,23.472426],[120.427319,23.472409],[120.427304,23.472398],[120.426696,23.472263]]]}},{"type":"Feature","properties":{"id":"35baf1219dab","NAME":"玉山路","PSTART":"玉山路 158巷","PEND":"玉康路","SW_DIRECT":"2","SW_LENG":44.58,"SW_WTH":2.45,"SWW_WTH":1.53,"SW_RAMP":4,"VILL_NAME":"西區"},"geometry":{"type":"Polygon","coordinates":[[[120.427378,23.472437],[120.427809,23.472537],[120.427802,23.472518],[120.427785,23.472506],[120.427402,23.472421],[120.427386,23.472424],[120.427378,23.472437]]]}},{"type":"Feature","properties":{"id":"879c6f26c7aa","NAME":"玉山路","PSTART":"玉康路","PEND":"中興路","SW_DIRECT":"1","SW_LENG":77.56,"SW_WTH":2.86,"SWW_WTH":0.78,"SW_RAMP":6,"VILL_NAME":"西區"},"geometry":{"type":"Polygon","coordinates":[[[120.428781,23.472516],[120.428028,23.472352],[120.428049,23.472382],[120.428757,23.472539],[120.428774,23.472542],[120.428781,23.472516]]]}},{"type":"Feature","properties":{"id":"2cfeef69af4c","NAME":"中興路","PSTART":"友忠路","PEND":"玉山路","SW_DIRECT":"2","SW_LENG":60.43,"SW_WTH":3.0,"SWW_WTH":1.76,"SW_RAMP":6,"VILL_NAME":"西區"},"geometry":{"type":"Polygon","coordinates":[[[120.429102,23.472106],[120.429081,23.472082],[120.429027,23.472162],[120.428973,23.472257],[120.428929,23.472345],[120.428892,23.47244],[120.428879,23.472463],[120.428861,23.472482],[120.428836,23.4725],[120.428812,23.47251],[120.428781,23.472516],[120.428774,23.472542],[120.428808,23.472537],[120.428844,23.472523],[120.428877,23.472502],[120.428903,23.472475],[120.428919,23.472447],[120.429001,23.472265],[120.429052,23.472176],[120.429102,23.472106]]]}},{"type":"Feature","properties":{"id":"6877d77847d5","NAME":"友忠路","PSTART":"中興路","PEND":"友忠路 296巷","SW_DIRECT":"1","SW_LENG":98.91,"SW_WTH":3.48,"SWW_WTH":2.91,"SW_RAMP":2,"VILL_NAME":"西區"},"geometry":{"type":"Polygon","coordinates":[[[120.42959,23.471948],[120.429575,23.471966],[120.42958,23.471986],[120.430111,23.472594],[120.430123,23.472599],[120.430136,23.472595],[120.430146,23.472585],[120.42961,23.47197],[120.429673,23.471922],[120.429655,23.471911],[120.429645,23.47191],[120.42959,23.471948]]]}},{"type":"Feature","properties":{"id":"e2ed26f0dabd","NAME":"中興路","PSTART":"友忠路","PEND":"玉山路","SW_DIRECT":"1","SW_LENG":35.01,"SW_WTH":2.91,"SWW_WTH":2.55,"SW_RAMP":1,"VILL_NAME":"西區"},"geometry":{"type":"Polygon","coordinates":[[[120.429194,23.472579],[120.429178,23.472553],[120.429175,23.472525],[120.429197,23.472462],[120.429243,23.472365],[120.429277,23.472309],[120.429255,23.47229],[120.42922,23.472349],[120.42917,23.472454],[120.42915,23.472515],[120.429151,23.472552],[120.429167,23.472587],[120.429176,23.472598],[120.429194,23.472579]]]}},{"type":"Feature","properties":{"id":"44ae52a24342","NAME":"垂楊路","PSTART":"垂楊路629巷","PEND":"新建街","SW_DIRECT":"1","SW_LENG":43.52,"SW_WTH":4.62,"SWW_WTH":3.8,"SW_RAMP":2,"VILL_NAME":"西區"},"geometry":{"type":"Polygon","coordinates":[[[120.437526,23.472659],[120.437702,23.472622],[120.437829,23.472601],[120.437879,23.472605],[120.437904,23.472591],[120.437915,23.472566],[120.437752,23.472575],[120.437579,23.472602],[120.437472,23.472627],[120.437493,23.472651],[120.437526,23.472659]]]}},{"type":"Feature","properties":{"id":"e27075c1ef2e","NAME":"垂楊路","PSTART":"新建街","PEND":"垂楊國小出入口","SW_DIRECT":"1","SW_LENG":38.55,"SW_WTH":8.41,"SWW_WTH":4.27,"SW_RAMP":2,"VILL_NAME":"西區"},"geometry":{"type":"Polygon","coordinates":[[[120.438115,23.472623],[120.438139,23.472637],[120.438163,23.472644],[120.438455,23.472669],[120.438471,23.472653],[120.438478,23.472633],[120.438471,23.472633],[120.438474,23.472595],[120.438078,23.472559],[120.438086,23.472587],[120.438115,23.472623]]]}},{"type":"Feature","properties":{"id":"c24929e7c042","NAME":"新民路","PSTART":"垂楊國小出入口","PEND":"垂楊路","SW_DIRECT":"2","SW_LENG":115.3,"SW_WTH":2.16,"SWW_WTH":1.97,"SW_RAMP":2,"VILL_NAME":"西區"},"geometry":{"type":"Polygon","coordinates":[[[120.439487,23.472047],[120.439521,23.471741],[120.439531,23.471732],[120.439539,23.47166],[120.439526,23.47165],[120.43951,23.471646],[120.439406,23.472582],[120.439389,23.472631],[120.439373,23.47265],[120.439351,23.472666],[120.439413,23.472673],[120.439429,23.472631],[120.439452,23.472454],[120.439444,23.472443],[120.439469,23.472209],[120.43948,23.472199],[120.439496,23.472058],[120.439487,23.472047]]]}},{"type":"Feature","properties":{"id":"f207bd7cf3e8","NAME":"新民路","PSTART":"新民路848巷","PEND":"垂楊路","SW_DIRECT":"1","SW_LENG":110.26,"SW_WTH":2.89,"SWW_WTH":1.96,"SW_RAMP":2,"VILL_NAME":"西區"},"geometry":{"type":"Polygon","coordinates":[[[120.439679,23.472714],[120.43971,23.472717],[120.439691,23.472672],[120.439802,23.471729],[120.439774,23.471727],[120.439767,23.47174],[120.439665,23.47267],[120.439679,23.472714]]]}},{"type":"Feature","properties":{"id":"530c610f7039","NAME":"垂楊路","PSTART":"垂楊國小出入口","PEND":"新民路","SW_DIRECT":"1","SW_LENG":57.48,"SW_WTH":8.97,"SWW_WTH":4.76,"SW_RAMP":2,"VILL_NAME":"西區"},"geometry":{"type":"Polygon","coordinates":[[[120.439413,23.472673],[120.438826,23.472626],[120.438818,23.472703],[120.439292,23.472744],[120.43933,23.472736],[120.439364,23.472721],[120.439383,23.472709],[120.439413,23.472673]]]}},{"type":"Feature","properties":{"id":"23c01b67aaed","NAME":"友忠路","PSTART":"中興路","PEND":"玉山路","SW_DIRECT":"2","SW_LENG":61.32,"SW_WTH":3.38,"SWW_WTH":2.87,"SW_RAMP":2,"VILL_NAME":"西區"},"geometry":{"type":"Polygon","coordinates":[[[120.42965,23.472687],[120.4293,23.472286],[120.42928,23.472279],[120.429255,23.47229],[120.429277,23.472309],[120.429624,23.472706],[120.429651,23.472712],[120.42965,23.472687]]]}},{"type":"Feature","properties":{"id":"24cf1b0573f4","NAME":"玉山路","PSTART":"中興路","PEND":"友忠路","SW_DIRECT":"1","SW_LENG":49.88,"SW_WTH":2.59,"SWW_WTH":1.68,"SW_RAMP":2,"VILL_NAME":"西區"},"geometry":{"type":"Polygon","coordinates":[[[120.429651,23.472712],[120.429258,23.472625],[120.429224,23.472608],[120.429194,23.472579],[120.429176,23.472598],[120.429209,23.472627],[120.429252,23.472648],[120.429622,23.472731],[120.429641,23.472727],[120.429651,23.472712]]]}},{"type":"Feature","properties":{"id":"7f4c5f626cc9","NAME":"玉山路","PSTART":"玉山路130巷","PEND":"中興路","SW_DIRECT":"2","SW_LENG":56.97,"SW_WTH":2.76,"SWW_WTH":1.4,"SW_RAMP":2,"VILL_NAME":"西區"},"geometry":{"type":"Polygon","coordinates":[[[120.428735,23.472744],[120.428734,23.472725],[120.428718,23.472713],[120.428211,23.4726],[120.428197,23.472607],[120.428189,23.47262],[120.428735,23.472744]]]}},{"type":"Feature","properties":{"id":"eb2c8eb37c63","NAME":"垂楊路","PSTART":"新西街","PEND":"垂楊路629巷","SW_DIRECT":"1","SW_LENG":39.46,"SW_WTH":4.18,"SWW_WTH":2.88,"SW_RAMP":2,"VILL_NAME":"西區"},"geometry":{"type":"Polygon","coordinates":[[[120.437121,23.472847],[120.437244,23.472773],[120.437331,23.47273],[120.43742,23.472693],[120.43743,23.47268],[120.437427,23.472663],[120.437421,23.472656],[120.437224,23.472736],[120.437167,23.472768],[120.43708,23.472829],[120.437096,23.472845],[120.437121,23.472847]]]}},{"type":"Feature","properties":{"id":"92adf532a8f7","NAME":"垂楊路","PSTART":"新民路","PEND":"垂楊路557巷","SW_DIRECT":"1","SW_LENG":102.14,"SW_WTH":6.72,"SWW_WTH":3.66,"SW_RAMP":2,"VILL_NAME":"西區"},"geometry":{"type":"Polygon","coordinates":[[[120.440701,23.47281],[120.440042,23.47275],[120.439679,23.472714],[120.439699,23.472742],[120.439723,23.472763],[120.439747,23.472777],[120.439792,23.472789],[120.440651,23.472866],[120.440672,23.472866],[120.440694,23.472851],[120.440704,23.47283],[120.440701,23.47281]]]}},{"type":"Feature","properties":{"id":"e6f3a8338833","NAME":"友忠路","PSTART":"友忠路296巷","PEND":"玉山路","SW_DIRECT":"1","SW_LENG":33.58,"SW_WTH":3.91,"SWW_WTH":3.71,"SW_RAMP":2,"VILL_NAME":"西區"},"geometry":{"type":"Polygon","coordinates":[[[120.430363,23.472886],[120.430378,23.472898],[120.430399,23.472903],[120.430405,23.472903],[120.430413,23.472888],[120.430207,23.472648],[120.430196,23.472673],[120.430202,23.4727],[120.430363,23.472886]]]}},{"type":"Feature","properties":{"id":"f5673103c55b","NAME":"垂楊路","PSTART":"垂楊路557巷","PEND":"建成街22巷","SW_DIRECT":"1","SW_LENG":85.18,"SW_WTH":6.82,"SWW_WTH":4.05,"SW_RAMP":4,"VILL_NAME":"西區"},"geometry":{"type":"Polygon","coordinates":[[[120.441729,23.47294],[120.441739,23.4729],[120.440884,23.472828],[120.440907,23.472865],[120.440948,23.472893],[120.441688,23.47296],[120.441718,23.472951],[120.441729,23.47294]]]}},{"type":"Feature","properties":{"id":"6968d37ba67f","NAME":"玉山路","PSTART":"中興路","PEND":"無名路","SW_DIRECT":"2","SW_LENG":39.59,"SW_WTH":2.64,"SWW_WTH":1.09,"SW_RAMP":3,"VILL_NAME":"西區"},"geometry":{"type":"Polygon","coordinates":[[[120.429576,23.472904],[120.429216,23.472824],[120.429212,23.472847],[120.429589,23.472932],[120.429589,23.472915],[120.429576,23.472904]]]}},{"type":"Feature","properties":{"id":"c33ef7fa7d77","NAME":"垂楊路","PSTART":"垂楊路862巷","PEND":"力行街","SW_DIRECT":"2","SW_LENG":26.89,"SW_WTH":3.92,"SWW_WTH":3.17,"SW_RAMP":2,"VILL_NAME":"西區"},"geometry":{"type":"Polygon","coordinates":[[[120.438053,23.472929],[120.437881,23.472924],[120.4378,23.472931],[120.437803,23.472963],[120.437908,23.472958],[120.438067,23.472963],[120.438063,23.472939],[120.438053,23.472929]]]}},{"type":"Feature","properties":{"id":"843cb516efa6","NAME":"垂楊路","PSTART":"建成街22巷","PEND":"仁愛路","SW_DIRECT":"1","SW_LENG":53.93,"SW_WTH":6.88,"SWW_WTH":3.98,"SW_RAMP":3,"VILL_NAME":"西區"},"geometry":{"type":"Polygon","coordinates":[[[120.442268,23.47301],[120.442288,23.473004],[120.442304,23.472993],[120.442314,23.472979],[120.442322,23.472954],[120.441786,23.472906],[120.441784,23.472932],[120.441789,23.472948],[120.441803,23.472963],[120.441822,23.472971],[120.442268,23.47301]]]}},{"type":"Feature","properties":{"id":"92080074512b","NAME":"垂楊路","PSTART":"垂楊路663巷","PEND":"新西街","SW_DIRECT":"1","SW_LENG":16.86,"SW_WTH":3.67,"SWW_WTH":3.04,"SW_RAMP":2,"VILL_NAME":"西區"},"geometry":{"type":"Polygon","coordinates":[[[120.436916,23.472998],[120.437004,23.472929],[120.437015,23.47291],[120.437015,23.472886],[120.436952,23.472925],[120.436872,23.472986],[120.436892,23.473001],[120.436916,23.472998]]]}},{"type":"Feature","properties":{"id":"7b4b5ca42554","NAME":"玉山路","PSTART":"無名路","PEND":"玉山路78巷","SW_DIRECT":"2","SW_LENG":13.47,"SW_WTH":3.21,"SWW_WTH":3.19,"SW_RAMP":2,"VILL_NAME":"西區"},"geometry":{"type":"Polygon","coordinates":[[[120.429679,23.472927],[120.429668,23.472958],[120.429801,23.472979],[120.429803,23.472963],[120.429792,23.472952],[120.429679,23.472927]]]}},{"type":"Feature","properties":{"id":"f21d7323c387","NAME":"垂楊路","PSTART":"力行街","PEND":"康樂街305巷","SW_DIRECT":"2","SW_LENG":107.31,"SW_WTH":6.78,"SWW_WTH":3.97,"SW_RAMP":2,"VILL_NAME":"西區"},"geometry":{"type":"Polygon","coordinates":[[[120.438178,23.47295],[120.438169,23.472978],[120.439225,23.473072],[120.439227,23.473062],[120.439221,23.473032],[120.439199,23.473009],[120.438222,23.472919],[120.438197,23.47293],[120.438178,23.47295]]]}},{"type":"Feature","properties":{"id":"bb5dc434e575","NAME":"垂楊路","PSTART":"康樂街305巷","PEND":"新民路","SW_DIRECT":"2","SW_LENG":7.78,"SW_WTH":5.31,"SWW_WTH":2.22,"SW_RAMP":2,"VILL_NAME":"西區"},"geometry":{"type":"Polygon","coordinates":[[[120.439314,23.473024],[120.43929,23.473019],[120.439278,23.473071],[120.439373,23.47308],[120.439363,23.47306],[120.43935,23.473045],[120.439314,23.473024]]]}},{"type":"Feature","properties":{"id":"f42f85c8522a","NAME":"垂楊路","PSTART":"仁愛路","PEND":"西門街","SW_DIRECT":"1","SW_LENG":100.44,"SW_WTH":6.75,"SWW_WTH":3.53,"SW_RAMP":4,"VILL_NAME":"西區"},"geometry":{"type":"Polygon","coordinates":[[[120.443524,23.473126],[120.443545,23.47312],[120.443563,23.47311],[120.443577,23.473094],[120.443586,23.473076],[120.443383,23.473051],[120.442592,23.472982],[120.442593,23.473004],[120.442603,23.473024],[120.442617,23.473039],[120.442638,23.473045],[120.443524,23.473126]]]}},{"type":"Feature","properties":{"id":"d353b172fc82","NAME":"世賢路二段","PSTART":"世賢路二段271巷","PEND":"世賢路二段233巷","SW_DIRECT":"1","SW_LENG":72.87,"SW_WTH":3.03,"SWW_WTH":1.56,"SW_RAMP":3,"VILL_NAME":"西區"},"geometry":{"type":"Polygon","coordinates":[[[120.421759,23.47302],[120.421763,23.47304],[120.421781,23.473053],[120.421949,23.472406],[120.421927,23.472409],[120.421913,23.472426],[120.421759,23.47302]]]}},{"type":"Feature","properties":{"id":"5e45fef8b8ea","NAME":"垂楊路","PSTART":"垂楊路870巷","PEND":"垂楊路862巷","SW_DIRECT":"2","SW_LENG":32.29,"SW_WTH":3.04,"SWW_WTH":2.37,"SW_RAMP":null,"VILL_NAME":"西區"},"geometry":{"type":"Polygon","coordinates":[[[120.43738,23.473111],[120.437489,23.473049],[120.437486,23.473044],[120.437603,23.473],[120.43766,23.472984],[120.437684,23.472982],[120.437677,23.472951],[120.437561,23.472984],[120.437456,23.473027],[120.437399,23.473067],[120.43738,23.473111]]]}},{"type":"Feature","properties":{"id":"f6276263046b","NAME":"垂楊路","PSTART":"新民路","PEND":"永和街","SW_DIRECT":"2","SW_LENG":60.99,"SW_WTH":6.78,"SWW_WTH":3.55,"SW_RAMP":3,"VILL_NAME":"西區"},"geometry":{"type":"Polygon","coordinates":[[[120.440237,23.473135],[120.440225,23.473112],[120.4402,23.4731],[120.439712,23.473056],[120.439686,23.473058],[120.439659,23.473068],[120.439636,23.473086],[120.439621,23.473109],[120.440242,23.473167],[120.440237,23.473135]]]}},{"type":"Feature","properties":{"id":"c00efa3b822d","NAME":"垂楊路","PSTART":"西門街","PEND":"垂楊路431巷","SW_DIRECT":"1","SW_LENG":60.13,"SW_WTH":6.79,"SWW_WTH":2.85,"SW_RAMP":3,"VILL_NAME":"西區"},"geometry":{"type":"Polygon","coordinates":[[[120.44371,23.47308],[120.443714,23.473102],[120.443726,23.473122],[120.443745,23.473138],[120.443768,23.473146],[120.44428,23.473193],[120.444296,23.473178],[120.444306,23.47316],[120.444308,23.473134],[120.44371,23.47308]]]}},{"type":"Feature","properties":{"id":"1a6077b493fc","NAME":"垂楊路","PSTART":"廣寧街","PEND":"仁愛路","SW_DIRECT":"2","SW_LENG":83.9,"SW_WTH":6.71,"SWW_WTH":2.69,"SW_RAMP":3,"VILL_NAME":"西區"},"geometry":{"type":"Polygon","coordinates":[[[120.441463,23.473276],[120.442299,23.473349],[120.442297,23.473329],[120.44229,23.473311],[120.442274,23.473296],[120.442257,23.473286],[120.441529,23.47322],[120.441506,23.473225],[120.441486,23.473236],[120.44147,23.473255],[120.441463,23.473276]]]}},{"type":"Feature","properties":{"id":"6b11544594c4","NAME":"垂楊路","PSTART":"西榮街","PEND":"民生南路","SW_DIRECT":"1","SW_LENG":92.03,"SW_WTH":6.68,"SWW_WTH":3.68,"SW_RAMP":4,"VILL_NAME":"西區"},"geometry":{"type":"Polygon","coordinates":[[[120.446754,23.473354],[120.445835,23.473273],[120.44584,23.473294],[120.445851,23.473312],[120.445868,23.473327],[120.44589,23.473337],[120.446692,23.473411],[120.446713,23.473407],[120.446731,23.473395],[120.446746,23.473376],[120.446754,23.473354]]]}},{"type":"Feature","properties":{"id":"2027ca692285","NAME":"垂楊路","PSTART":"仁愛路","PEND":"停車場出入口","SW_DIRECT":"2","SW_LENG":67.83,"SW_WTH":6.63,"SWW_WTH":2.44,"SW_RAMP":3,"VILL_NAME":"西區"},"geometry":{"type":"Polygon","coordinates":[[[120.443195,23.473372],[120.442595,23.473316],[120.442569,23.473332],[120.442551,23.473351],[120.442539,23.473373],[120.443219,23.473432],[120.443215,23.473393],[120.443195,23.473372]]]}},{"type":"Feature","properties":{"id":"83c44852a784","NAME":"垂楊路","PSTART":"民生南路","PEND":"教會出入口","SW_DIRECT":"1","SW_LENG":37.15,"SW_WTH":6.82,"SWW_WTH":3.9,"SW_RAMP":3,"VILL_NAME":"西區"},"geometry":{"type":"Polygon","coordinates":[[[120.447062,23.473442],[120.447348,23.47347],[120.447365,23.473464],[120.447377,23.473453],[120.447389,23.473411],[120.447014,23.473376],[120.447016,23.473397],[120.447026,23.473417],[120.447041,23.473432],[120.447062,23.473442]]]}},{"type":"Feature","properties":{"id":"2cde5d30c317","NAME":"垂楊路","PSTART":"停車場出入口","PEND":"西門街","SW_DIRECT":"2","SW_LENG":22.81,"SW_WTH":6.94,"SWW_WTH":2.95,"SW_RAMP":2,"VILL_NAME":"西區"},"geometry":{"type":"Polygon","coordinates":[[[120.443314,23.473398],[120.443293,23.473442],[120.443532,23.473464],[120.443541,23.473454],[120.443537,23.473439],[120.443492,23.473399],[120.443485,23.473397],[120.443338,23.473383],[120.443323,23.473388],[120.443314,23.473398]]]}},{"type":"Feature","properties":{"id":"407ced8ecc7f","NAME":"世賢路二段","PSTART":"加油站出入口","PEND":"育人路 160巷","SW_DIRECT":"2","SW_LENG":132.4,"SW_WTH":3.03,"SWW_WTH":1.49,"SW_RAMP":6,"VILL_NAME":"西區"},"geometry":{"type":"Polygon","coordinates":[[[120.421113,23.472249],[120.421109,23.472227],[120.421092,23.472213],[120.420789,23.473386],[120.420811,23.473382],[120.420824,23.473365],[120.421113,23.472249]]]}},{"type":"Feature","properties":{"id":"7c312611c674","NAME":"世賢路二段","PSTART":"世賢路二段233巷","PEND":"大華路","SW_DIRECT":"1","SW_LENG":36.11,"SW_WTH":2.99,"SWW_WTH":1.49,"SW_RAMP":4,"VILL_NAME":"西區"},"geometry":{"type":"Polygon","coordinates":[[[120.421658,23.473412],[120.421661,23.473434],[120.421679,23.473446],[120.421763,23.473123],[120.421742,23.473125],[120.421728,23.473139],[120.421658,23.473412]]]}},{"type":"Feature","properties":{"id":"3c96a79a011c","NAME":"垂楊路","PSTART":"民生南路","PEND":"國華街","SW_DIRECT":"1","SW_LENG":161.05,"SW_WTH":6.75,"SWW_WTH":3.03,"SW_RAMP":8,"VILL_NAME":"西區"},"geometry":{"type":"Polygon","coordinates":[[[120.449004,23.473607],[120.449023,23.473588],[120.449031,23.47356],[120.447455,23.473418],[120.447451,23.473432],[120.447453,23.47345],[120.447461,23.473466],[120.447474,23.473478],[120.447493,23.473485],[120.44891,23.47361],[120.44898,23.473614],[120.449004,23.473607]]]}},{"type":"Feature","properties":{"id":"2234d21fb847","NAME":"垂楊路","PSTART":"西門街","PEND":"新榮路","SW_DIRECT":"2","SW_LENG":96.26,"SW_WTH":6.47,"SWW_WTH":3.82,"SW_RAMP":6,"VILL_NAME":"西區"},"geometry":{"type":"Polygon","coordinates":[[[120.444604,23.473497],[120.443763,23.473421],[120.44374,23.473425],[120.44372,23.473436],[120.443706,23.473453],[120.443698,23.473473],[120.444653,23.473562],[120.444652,23.473541],[120.444643,23.473521],[120.444626,23.473506],[120.444604,23.473497]]]}},{"type":"Feature","properties":{"id":"e051935fae6c","NAME":"垂楊路","PSTART":"新榮路","PEND":"垂楊路572巷","SW_DIRECT":"2","SW_LENG":44.58,"SW_WTH":6.65,"SWW_WTH":3.2,"SW_RAMP":2,"VILL_NAME":"西區"},"geometry":{"type":"Polygon","coordinates":[[[120.444849,23.47358],[120.445294,23.473619],[120.445297,23.473587],[120.445291,23.473568],[120.445274,23.473557],[120.44492,23.473525],[120.444896,23.473529],[120.444874,23.47354],[120.444857,23.473559],[120.444849,23.47358]]]}},{"type":"Feature","properties":{"id":"fe3f1fea3e53","NAME":"垂楊路","PSTART":"垂楊路663巷","PEND":"平等街","SW_DIRECT":"2","SW_LENG":81.53,"SW_WTH":4.92,"SWW_WTH":3.71,"SW_RAMP":2,"VILL_NAME":"西區"},"geometry":{"type":"Polygon","coordinates":[[[120.436162,23.473587],[120.436725,23.473148],[120.436735,23.473137],[120.436739,23.473123],[120.436737,23.473108],[120.43673,23.473095],[120.436727,23.473092],[120.436104,23.473568],[120.436129,23.473585],[120.436162,23.473587]]]}},{"type":"Feature","properties":{"id":"36edaa2058e1","NAME":"玉山路","PSTART":"玉山路42巷","PEND":"信義路","SW_DIRECT":"2","SW_LENG":103.29,"SW_WTH":2.7,"SWW_WTH":1.23,"SW_RAMP":2,"VILL_NAME":"西區"},"geometry":{"type":"Polygon","coordinates":[[[120.432497,23.473581],[120.43238,23.473531],[120.432311,23.473514],[120.431534,23.473342],[120.431516,23.473346],[120.431505,23.47336],[120.432371,23.473552],[120.432475,23.473599],[120.432497,23.473581]]]}},{"type":"Feature","properties":{"id":"d5c747f2ef8e","NAME":"垂楊路","PSTART":"垂楊路572巷","PEND":"西榮街","SW_DIRECT":"2","SW_LENG":30.73,"SW_WTH":6.75,"SWW_WTH":3.77,"SW_RAMP":2,"VILL_NAME":"西區"},"geometry":{"type":"Polygon","coordinates":[[[120.445331,23.473623],[120.445644,23.473654],[120.445642,23.473634],[120.445636,23.473617],[120.445622,23.4736],[120.445604,23.473589],[120.44537,23.473567],[120.445356,23.473572],[120.445345,23.473582],[120.445331,23.473623]]]}},{"type":"Feature","properties":{"id":"7fec6c629cc5","NAME":"垂楊路","PSTART":"西榮街","PEND":"嘉義市舊市府出入","SW_DIRECT":"2","SW_LENG":62.79,"SW_WTH":6.88,"SWW_WTH":3.84,"SW_RAMP":2,"VILL_NAME":"西區"},"geometry":{"type":"Polygon","coordinates":[[[120.445787,23.473667],[120.446417,23.473721],[120.446414,23.473675],[120.4464,23.473658],[120.445863,23.473611],[120.445837,23.473615],[120.445814,23.473626],[120.445797,23.473645],[120.445787,23.473667]]]}},{"type":"Feature","properties":{"id":"82741541afa0","NAME":"垂楊路","PSTART":"嘉義市舊市府出入","PEND":"民生北路","SW_DIRECT":"2","SW_LENG":15.99,"SW_WTH":6.85,"SWW_WTH":3.41,"SW_RAMP":2,"VILL_NAME":"西區"},"geometry":{"type":"Polygon","coordinates":[[[120.446592,23.473675],[120.44657,23.473681],[120.446553,23.473695],[120.446543,23.473713],[120.446542,23.473733],[120.446705,23.473748],[120.446706,23.473731],[120.446703,23.473715],[120.446681,23.473689],[120.446666,23.473683],[120.446592,23.473675]]]}},{"type":"Feature","properties":{"id":"f635e2356478","NAME":"垂楊路","PSTART":"垂楊路920巷","PEND":"康樂街","SW_DIRECT":"1","SW_LENG":97.45,"SW_WTH":2.99,"SWW_WTH":1.72,"SW_RAMP":2,"VILL_NAME":"西區"},"geometry":{"type":"Polygon","coordinates":[[[120.436574,23.473715],[120.436907,23.47346],[120.436914,23.473466],[120.437312,23.473161],[120.437287,23.473129],[120.436556,23.473696],[120.436574,23.473715]]]}},{"type":"Feature","properties":{"id":"0860e5b3bca1","NAME":"友忠路","PSTART":"玉山路","PEND":"友忠路 327巷","SW_DIRECT":"2","SW_LENG":103.7,"SW_WTH":3.5,"SWW_WTH":2.98,"SW_RAMP":2,"VILL_NAME":"西區"},"geometry":{"type":"Polygon","coordinates":[[[120.430481,23.473711],[120.430494,23.473698],[120.430497,23.47368],[120.430004,23.473095],[120.429907,23.472981],[120.429858,23.472973],[120.429853,23.472986],[120.429876,23.472995],[120.430481,23.473711]]]}},{"type":"Feature","properties":{"id":"fbe0f861f56e","NAME":"新民路","PSTART":"垂楊路","PEND":"康樂街","SW_DIRECT":"1","SW_LENG":76.62,"SW_WTH":2.75,"SWW_WTH":1.74,"SW_RAMP":null,"VILL_NAME":"西區"},"geometry":{"type":"Polygon","coordinates":[[[120.439635,23.473173],[120.439689,23.473128],[120.439691,23.473115],[120.439621,23.473109],[120.439615,23.47312],[120.439539,23.473793],[120.439567,23.473803],[120.439635,23.473173]]]}},{"type":"Feature","properties":{"id":"ca1b498c840e","NAME":"垂楊路","PSTART":"國華街","PEND":"興中街","SW_DIRECT":"1","SW_LENG":265.81,"SW_WTH":6.93,"SWW_WTH":2.19,"SW_RAMP":4,"VILL_NAME":"西區"},"geometry":{"type":"Polygon","coordinates":[[[120.449201,23.473572],[120.449193,23.473589],[120.449198,23.473608],[120.449222,23.47363],[120.449251,23.473642],[120.450495,23.473751],[120.451686,23.473861],[120.451713,23.473868],[120.451743,23.473865],[120.451768,23.473853],[120.451788,23.473834],[120.451799,23.473808],[120.449201,23.473572]]]}},{"type":"Feature","properties":{"id":"7a78a503e073","NAME":"垂楊路","PSTART":"民生北路","PEND":"忠義街","SW_DIRECT":"2","SW_LENG":93.3,"SW_WTH":6.73,"SWW_WTH":3.87,"SW_RAMP":5,"VILL_NAME":"西區"},"geometry":{"type":"Polygon","coordinates":[[[120.447824,23.473792],[120.44702,23.473715],[120.446993,23.473719],[120.446968,23.47373],[120.446947,23.473747],[120.446932,23.473768],[120.447869,23.473855],[120.447867,23.473835],[120.447858,23.473816],[120.447843,23.473801],[120.447824,23.473792]]]}},{"type":"Feature","properties":{"id":"58aaf189d3c0","NAME":"新民路","PSTART":"垂楊路","PEND":"康樂街","SW_DIRECT":"2","SW_LENG":93.45,"SW_WTH":3.0,"SWW_WTH":3.0,"SW_RAMP":null,"VILL_NAME":"西區"},"geometry":{"type":"Polygon","coordinates":[[[120.439373,23.47308],[120.439351,23.473078],[120.439258,23.473918],[120.439288,23.473919],[120.439378,23.473112],[120.439373,23.47308]]]}},{"type":"Feature","properties":{"id":"dfaa0c1962d0","NAME":"垂楊路","PSTART":"忠義街","PEND":"國華街","SW_DIRECT":"2","SW_LENG":100.68,"SW_WTH":6.65,"SWW_WTH":4.61,"SW_RAMP":5,"VILL_NAME":"西區"},"geometry":{"type":"Polygon","coordinates":[[[120.448013,23.473867],[120.449009,23.473955],[120.44901,23.473949],[120.449009,23.473932],[120.449001,23.473915],[120.448987,23.473901],[120.448969,23.473892],[120.448106,23.473814],[120.44807,23.473813],[120.448044,23.473822],[120.448023,23.473841],[120.448013,23.473867]]]}},{"type":"Feature","properties":{"id":"f7058933d9ee","NAME":"垂楊路","PSTART":"康樂街","PEND":"垂楊路920巷","SW_DIRECT":"1","SW_LENG":26.14,"SW_WTH":2.32,"SWW_WTH":1.47,"SW_RAMP":2,"VILL_NAME":"西區"},"geometry":{"type":"Polygon","coordinates":[[[120.436435,23.473792],[120.436251,23.473935],[120.436245,23.47396],[120.43625,23.47397],[120.436362,23.473885],[120.436358,23.47388],[120.436449,23.473806],[120.436435,23.473792]]]}},{"type":"Feature","properties":{"id":"31fd33899347","NAME":"垂楊路","PSTART":"國華街","PEND":"文化路","SW_DIRECT":"2","SW_LENG":100.74,"SW_WTH":6.39,"SWW_WTH":4.13,"SW_RAMP":2,"VILL_NAME":"西區"},"geometry":{"type":"Polygon","coordinates":[[[120.450156,23.474054],[120.450154,23.474034],[120.450143,23.474014],[120.450128,23.474],[120.450108,23.473991],[120.449878,23.47397],[120.449213,23.473911],[120.449191,23.473917],[120.449175,23.473928],[120.449161,23.473944],[120.449156,23.473962],[120.450156,23.474054]]]}},{"type":"Feature","properties":{"id":"3683cf0f0f7b","NAME":"中興路","PSTART":"中興路640巷","PEND":"中興路598巷","SW_DIRECT":"2","SW_LENG":90.86,"SW_WTH":3.11,"SWW_WTH":1.03,"SW_RAMP":2,"VILL_NAME":"西區"},"geometry":{"type":"Polygon","coordinates":[[[120.428683,23.473364],[120.42868,23.473346],[120.428665,23.473335],[120.42863,23.473482],[120.428622,23.47348],[120.428455,23.474144],[120.428474,23.474139],[120.428487,23.474125],[120.428683,23.473364]]]}},{"type":"Feature","properties":{"id":"c3a7d18fcd01","NAME":"友忠路","PSTART":"友忠路 327巷","PEND":"住宅出入口","SW_DIRECT":"2","SW_LENG":86.42,"SW_WTH":3.52,"SWW_WTH":3.15,"SW_RAMP":1,"VILL_NAME":"西區"},"geometry":{"type":"Polygon","coordinates":[[[120.430517,23.473754],[120.430809,23.474099],[120.431046,23.474365],[120.431067,23.474347],[120.431066,23.474336],[120.430831,23.474073],[120.430553,23.473748],[120.430534,23.473745],[120.430517,23.473754]]]}},{"type":"Feature","properties":{"id":"7068edc76ff5","NAME":"新民路","PSTART":"康樂街","PEND":"新民路859巷","SW_DIRECT":"2","SW_LENG":50.54,"SW_WTH":2.96,"SWW_WTH":2.96,"SW_RAMP":2,"VILL_NAME":"西區"},"geometry":{"type":"Polygon","coordinates":[[[120.43924,23.474076],[120.439192,23.474541],[120.43922,23.474523],[120.439267,23.474104],[120.43926,23.474084],[120.43924,23.474076]]]}},{"type":"Feature","properties":{"id":"bc45dd067ce8","NAME":"博愛路二段","PSTART":"玉山路","PEND":"大同路","SW_DIRECT":"2","SW_LENG":143.49,"SW_WTH":3.11,"SWW_WTH":1.89,"SW_RAMP":1,"VILL_NAME":"西區"},"geometry":{"type":"Polygon","coordinates":[[[120.432497,23.473581],[120.432475,23.473599],[120.433388,23.474585],[120.433409,23.474565],[120.432497,23.473581]]]}},{"type":"Feature","properties":{"id":"744cf0c94cf5","NAME":"民族路","PSTART":"新民路","PEND":"民族路","SW_DIRECT":"2","SW_LENG":39.04,"SW_WTH":2.8,"SWW_WTH":2.8,"SW_RAMP":2,"VILL_NAME":"西區"},"geometry":{"type":"Polygon","coordinates":[[[120.438931,23.474849],[120.438953,23.474848],[120.438976,23.474841],[120.439024,23.474789],[120.439066,23.474755],[120.439111,23.474729],[120.439168,23.474707],[120.439181,23.474697],[120.439199,23.474671],[120.439208,23.474642],[120.439208,23.47463],[120.439188,23.474607],[120.439182,23.474606],[120.439185,23.474627],[120.43918,23.474647],[120.439163,23.474672],[120.43908,23.474716],[120.439034,23.474746],[120.439002,23.474774],[120.438954,23.474828],[120.438929,23.474845],[120.438931,23.474849]]]}},{"type":"Feature","properties":{"id":"56785e227caa","NAME":"博愛路二段","PSTART":"大同路","PEND":"博愛路二段448巷","SW_DIRECT":"2","SW_LENG":11.32,"SW_WTH":2.73,"SWW_WTH":2.46,"SW_RAMP":2,"VILL_NAME":"西區"},"geometry":{"type":"Polygon","coordinates":[[[120.433648,23.474859],[120.433667,23.474842],[120.433595,23.474765],[120.433576,23.474782],[120.433648,23.474859]]]}},{"type":"Feature","properties":{"id":"59b8dae9cc49","NAME":"中興路","PSTART":"中興路 598巷","PEND":"大華路","SW_DIRECT":"2","SW_LENG":78.82,"SW_WTH":3.18,"SWW_WTH":1.74,"SW_RAMP":2,"VILL_NAME":"西區"},"geometry":{"type":"Polygon","coordinates":[[[120.428443,23.474184],[120.428361,23.474493],[120.42826,23.474889],[120.428269,23.47489],[120.428299,23.474864],[120.428466,23.474215],[120.428462,23.474197],[120.428443,23.474184]]]}},{"type":"Feature","properties":{"id":"6de32312a79b","NAME":"新民路","PSTART":"康樂街","PEND":"民族路","SW_DIRECT":"1","SW_LENG":105.37,"SW_WTH":2.93,"SWW_WTH":1.84,"SW_RAMP":null,"VILL_NAME":"西區"},"geometry":{"type":"Polygon","coordinates":[[[120.439674,23.47498],[120.439654,23.47491],[120.439619,23.47484],[120.439562,23.474772],[120.43949,23.474715],[120.439471,23.474677],[120.439533,23.474103],[120.439526,23.474103],[120.43951,23.474111],[120.439502,23.474125],[120.439441,23.47469],[120.439447,23.474708],[120.439458,23.474724],[120.439542,23.474791],[120.439588,23.474844],[120.439618,23.474896],[120.439647,23.474977],[120.43966,23.474993],[120.439674,23.47498]]]}},{"type":"Feature","properties":{"id":"fe088414e173","NAME":"博愛路二段","PSTART":"信義路","PEND":"無名路","SW_DIRECT":"1","SW_LENG":157.2,"SW_WTH":3.11,"SWW_WTH":1.49,"SW_RAMP":1,"VILL_NAME":"西區"},"geometry":{"type":"Polygon","coordinates":[[[120.434138,23.474971],[120.433186,23.473945],[120.433165,23.47393],[120.43317,23.473909],[120.433144,23.473882],[120.433118,23.473906],[120.433123,23.47392],[120.434098,23.474972],[120.434118,23.474979],[120.434138,23.474971]]]}},{"type":"Feature","properties":{"id":"ca6ec65bb639","NAME":"民族路","PSTART":"新民路","PEND":"永和街","SW_DIRECT":"1","SW_LENG":40.3,"SW_WTH":2.0,"SWW_WTH":0.71,"SW_RAMP":null,"VILL_NAME":"西區"},"geometry":{"type":"Polygon","coordinates":[[[120.439674,23.47498],[120.43966,23.474993],[120.439719,23.475026],[120.440039,23.475055],[120.440051,23.475043],[120.44005,23.475038],[120.439716,23.475008],[120.439674,23.47498]]]}},{"type":"Feature","properties":{"id":"f3c302773a3d","NAME":"民族路","PSTART":"永和街","PEND":"廣寧街","SW_DIRECT":"1","SW_LENG":92.02,"SW_WTH":1.98,"SWW_WTH":0.68,"SW_RAMP":0,"VILL_NAME":"西區"},"geometry":{"type":"Polygon","coordinates":[[[120.441113,23.47515],[120.441124,23.475145],[120.441128,23.475133],[120.440234,23.475054],[120.440226,23.475069],[120.441113,23.47515]]]}},{"type":"Feature","properties":{"id":"a3cd6121e7ba","NAME":"友忠路","PSTART":"玉山路","PEND":"大同路","SW_DIRECT":"1","SW_LENG":289.99,"SW_WTH":3.49,"SWW_WTH":2.82,"SW_RAMP":2,"VILL_NAME":"西區"},"geometry":{"type":"Polygon","coordinates":[[[120.431351,23.47405],[120.432364,23.475183],[120.432387,23.475193],[120.432411,23.475185],[120.431376,23.47403],[120.430879,23.473463],[120.430619,23.47315],[120.430608,23.473158],[120.430603,23.473169],[120.430607,23.473181],[120.430855,23.473479],[120.431351,23.47405]]]}},{"type":"Feature","properties":{"id":"2bf0be47e05d","NAME":"民族路","PSTART":"廣寧街","PEND":"仁愛路","SW_DIRECT":"1","SW_LENG":85.83,"SW_WTH":2.05,"SWW_WTH":0.72,"SW_RAMP":0,"VILL_NAME":"西區"},"geometry":{"type":"Polygon","coordinates":[[[120.441267,23.475145],[120.441268,23.475157],[120.441279,23.475165],[120.442089,23.475236],[120.442099,23.475232],[120.442104,23.475223],[120.442104,23.475219],[120.441267,23.475145]]]}},{"type":"Feature","properties":{"id":"7de24ca85d13","NAME":"博愛路二段","PSTART":"高鐵大道","PEND":"博愛路二段448巷","SW_DIRECT":"2","SW_LENG":45.29,"SW_WTH":2.96,"SWW_WTH":1.79,"SW_RAMP":2,"VILL_NAME":"西區"},"geometry":{"type":"Polygon","coordinates":[[[120.433702,23.47488],[120.433683,23.474902],[120.433974,23.475213],[120.433986,23.475186],[120.433702,23.47488]]]}},{"type":"Feature","properties":{"id":"16edf43a7ca0","NAME":"民族路","PSTART":"中山路","PEND":"永和街","SW_DIRECT":"2","SW_LENG":41.12,"SW_WTH":2.14,"SWW_WTH":1.62,"SW_RAMP":null,"VILL_NAME":"西區"},"geometry":{"type":"Polygon","coordinates":[[[120.440025,23.475228],[120.440017,23.475216],[120.439639,23.475182],[120.439623,23.475192],[120.439623,23.4752],[120.440024,23.475235],[120.440025,23.475228]]]}},{"type":"Feature","properties":{"id":"ff5fe96cef1f","NAME":"民族路","PSTART":"永和街","PEND":"廣寧街","SW_DIRECT":"2","SW_LENG":90.95,"SW_WTH":1.9,"SWW_WTH":0.62,"SW_RAMP":0,"VILL_NAME":"西區"},"geometry":{"type":"Polygon","coordinates":[[[120.440217,23.47524],[120.440214,23.475252],[120.440242,23.475255],[120.441104,23.475325],[120.441102,23.475316],[120.441094,23.475311],[120.440239,23.475235],[120.440217,23.47524]]]}},{"type":"Feature","properties":{"id":"6e2ade533967","NAME":"民族路","PSTART":"仁愛路","PEND":"西門街","SW_DIRECT":"1","SW_LENG":94.08,"SW_WTH":2.0,"SWW_WTH":0.79,"SW_RAMP":0,"VILL_NAME":"西區"},"geometry":{"type":"Polygon","coordinates":[[[120.442348,23.475259],[120.443254,23.47534],[120.443255,23.475322],[120.442335,23.475241],[120.442339,23.475252],[120.442348,23.475259]]]}},{"type":"Feature","properties":{"id":"c553108d708c","NAME":"博愛路二段","PSTART":"無名路","PEND":"民族路","SW_DIRECT":"1","SW_LENG":49.11,"SW_WTH":4.26,"SWW_WTH":2.66,"SW_RAMP":0,"VILL_NAME":"西區"},"geometry":{"type":"Polygon","coordinates":[[[120.434417,23.475315],[120.43447,23.475322],[120.434554,23.475307],[120.434613,23.475305],[120.434648,23.475311],[120.434714,23.475333],[120.434733,23.475332],[120.434757,23.47531],[120.43474,23.475312],[120.434663,23.475288],[120.434587,23.475276],[120.434523,23.475277],[120.434447,23.475287],[120.434418,23.475275],[120.434324,23.475172],[120.434314,23.475189],[120.434317,23.475209],[120.434417,23.475315]]]}},{"type":"Feature","properties":{"id":"5b6d1e14fd2b","NAME":"民族路","PSTART":"民族路","PEND":"中山路","SW_DIRECT":"2","SW_LENG":48.83,"SW_WTH":2.78,"SWW_WTH":2.03,"SW_RAMP":0,"VILL_NAME":"西區"},"geometry":{"type":"Polygon","coordinates":[[[120.439306,23.475367],[120.439174,23.475344],[120.439131,23.475328],[120.439081,23.475302],[120.439024,23.475258],[120.438996,23.47523],[120.438968,23.475191],[120.438941,23.475139],[120.438925,23.475128],[120.438907,23.475124],[120.438926,23.47517],[120.438958,23.475229],[120.438987,23.47526],[120.439066,23.475323],[120.439135,23.475355],[120.439233,23.475381],[120.439293,23.475392],[120.439306,23.475367]]]}},{"type":"Feature","properties":{"id":"d73817fbcd99","NAME":"民族路","PSTART":"廣寧街","PEND":"仁愛路","SW_DIRECT":"2","SW_LENG":86.77,"SW_WTH":2.13,"SWW_WTH":0.76,"SW_RAMP":0,"VILL_NAME":"西區"},"geometry":{"type":"Polygon","coordinates":[[[120.4421,23.475419],[120.442101,23.475407],[120.442092,23.475399],[120.441896,23.475381],[120.44127,23.475326],[120.441258,23.475331],[120.441255,23.475344],[120.4421,23.475419]]]}},{"type":"Feature","properties":{"id":"bf6a43e09e14","NAME":"民族路","PSTART":"西門街","PEND":"新榮路","SW_DIRECT":"1","SW_LENG":97.88,"SW_WTH":1.83,"SWW_WTH":0.46,"SW_RAMP":0,"VILL_NAME":"西區"},"geometry":{"type":"Polygon","coordinates":[[[120.443492,23.475344],[120.443494,23.475354],[120.443502,23.475361],[120.444433,23.475444],[120.444443,23.47544],[120.444449,23.475433],[120.444449,23.475427],[120.443492,23.475344]]]}},{"type":"Feature","properties":{"id":"71283e424268","NAME":"友忠路","PSTART":"住宅出入口","PEND":"大同路","SW_DIRECT":"2","SW_LENG":141.81,"SW_WTH":3.62,"SWW_WTH":3.16,"SW_RAMP":1,"VILL_NAME":"西區"},"geometry":{"type":"Polygon","coordinates":[[[120.431989,23.47542],[120.432003,23.475407],[120.432007,23.47539],[120.431648,23.474986],[120.431141,23.47442],[120.431119,23.47442],[120.431104,23.47443],[120.431989,23.47542]]]}},{"type":"Feature","properties":{"id":"46f72e0f67b9","NAME":"民族路","PSTART":"新榮路","PEND":"西榮街","SW_DIRECT":"1","SW_LENG":81.48,"SW_WTH":1.99,"SWW_WTH":0.62,"SW_RAMP":5,"VILL_NAME":"西區"},"geometry":{"type":"Polygon","coordinates":[[[120.445445,23.475515],[120.444653,23.475445],[120.444645,23.475463],[120.445434,23.475532],[120.445443,23.475525],[120.445445,23.475515]]]}},{"type":"Feature","properties":{"id":"4cb7ff636665","NAME":"民族路","PSTART":"仁愛路","PEND":"西門街","SW_DIRECT":"2","SW_LENG":103.82,"SW_WTH":2.0,"SWW_WTH":0.66,"SW_RAMP":0,"VILL_NAME":"西區"},"geometry":{"type":"Polygon","coordinates":[[[120.443319,23.475519],[120.443308,23.475506],[120.442644,23.475447],[120.442319,23.475419],[120.44231,23.475422],[120.442306,23.47543],[120.442307,23.475436],[120.443025,23.4755],[120.443319,23.475525],[120.443319,23.475519]]]}},{"type":"Feature","properties":{"id":"8cdc2ac69fad","NAME":"世賢路二段","PSTART":"育人路 160巷","PEND":"大同路","SW_DIRECT":"2","SW_LENG":213.27,"SW_WTH":2.99,"SWW_WTH":1.47,"SW_RAMP":6,"VILL_NAME":"西區"},"geometry":{"type":"Polygon","coordinates":[[[120.420737,23.473588],[120.420495,23.47452],[120.420253,23.475467],[120.420274,23.475465],[120.420286,23.47545],[120.420754,23.473637],[120.420759,23.473613],[120.42075,23.473595],[120.420737,23.473588]]]}},{"type":"Feature","properties":{"id":"bca1c8faf17d","NAME":"民族路","PSTART":"西榮街","PEND":"民生北路","SW_DIRECT":"1","SW_LENG":89.98,"SW_WTH":2.0,"SWW_WTH":0.72,"SW_RAMP":6,"VILL_NAME":"西區"},"geometry":{"type":"Polygon","coordinates":[[[120.446464,23.475605],[120.445588,23.475528],[120.445586,23.475546],[120.446463,23.475623],[120.446464,23.475605]]]}},{"type":"Feature","properties":{"id":"132aebd34746","NAME":"民族路","PSTART":"西門街","PEND":"新榮路","SW_DIRECT":"2","SW_LENG":98.21,"SW_WTH":2.16,"SWW_WTH":1.02,"SW_RAMP":0,"VILL_NAME":"西區"},"geometry":{"type":"Polygon","coordinates":[[[120.443469,23.47554],[120.444428,23.475626],[120.444429,23.475622],[120.444427,23.475612],[120.444418,23.475606],[120.443481,23.475522],[120.443469,23.475537],[120.443469,23.47554]]]}},{"type":"Feature","properties":{"id":"3590d86f1374","NAME":"民族路","PSTART":"新榮路","PEND":"西榮街","SW_DIRECT":"2","SW_LENG":83.85,"SW_WTH":2.09,"SWW_WTH":0.88,"SW_RAMP":0,"VILL_NAME":"西區"},"geometry":{"type":"Polygon","coordinates":[[[120.444599,23.47564],[120.445421,23.475712],[120.445412,23.475693],[120.444615,23.475622],[120.444604,23.475629],[120.444599,23.47564]]]}},{"type":"Feature","properties":{"id":"37a7df391f8d","NAME":"民族路","PSTART":"民生北路","PEND":"忠義街","SW_DIRECT":"1","SW_LENG":90.67,"SW_WTH":1.89,"SWW_WTH":0.55,"SW_RAMP":6,"VILL_NAME":"西區"},"geometry":{"type":"Polygon","coordinates":[[[120.446811,23.475654],[120.447672,23.475731],[120.447682,23.475726],[120.447686,23.475715],[120.4468,23.475636],[120.446801,23.475647],[120.446811,23.475654]]]}},{"type":"Feature","properties":{"id":"095e032b9912","NAME":"世賢路二段","PSTART":"大華路","PEND":"大同路","SW_DIRECT":"1","SW_LENG":232.84,"SW_WTH":2.99,"SWW_WTH":4.44,"SW_RAMP":7,"VILL_NAME":"西區"},"geometry":{"type":"Polygon","coordinates":[[[120.421081,23.475641],[120.421087,23.475658],[120.421104,23.475664],[120.421635,23.473617],[120.421631,23.473615],[120.421613,23.473617],[120.421602,23.473631],[120.421081,23.475641]]]}},{"type":"Feature","properties":{"id":"a77f58cd961f","NAME":"民族路","PSTART":"西榮街","PEND":"民生北路","SW_DIRECT":"2","SW_LENG":88.95,"SW_WTH":2.21,"SWW_WTH":0.88,"SW_RAMP":5,"VILL_NAME":"西區"},"geometry":{"type":"Polygon","coordinates":[[[120.445576,23.475728],[120.446443,23.475804],[120.446444,23.475796],[120.446432,23.475783],[120.445616,23.475711],[120.445584,23.47571],[120.445576,23.475718],[120.445576,23.475728]]]}},{"type":"Feature","properties":{"id":"e13d5e6c7881","NAME":"民族路","PSTART":"忠義街","PEND":"國華街","SW_DIRECT":"1","SW_LENG":101.47,"SW_WTH":1.93,"SWW_WTH":0.53,"SW_RAMP":0,"VILL_NAME":"西區"},"geometry":{"type":"Polygon","coordinates":[[[120.4488,23.475839],[120.448802,23.475817],[120.447826,23.475737],[120.447824,23.475734],[120.447811,23.475745],[120.447817,23.475751],[120.44784,23.475754],[120.448782,23.475838],[120.4488,23.475839]]]}},{"type":"Feature","properties":{"id":"c914ea82d629","NAME":"民族路","PSTART":"民生北路","PEND":"忠義街","SW_DIRECT":"2","SW_LENG":90.78,"SW_WTH":2.07,"SWW_WTH":0.91,"SW_RAMP":7,"VILL_NAME":"西區"},"geometry":{"type":"Polygon","coordinates":[[[120.446778,23.475833],[120.447663,23.475912],[120.447664,23.475904],[120.447663,23.475896],[120.447655,23.475892],[120.446791,23.475816],[120.44678,23.475822],[120.446778,23.475833]]]}},{"type":"Feature","properties":{"id":"e5439400c5f8","NAME":"民族路","PSTART":"國華街","PEND":"文化路","SW_DIRECT":"1","SW_LENG":99.75,"SW_WTH":1.62,"SWW_WTH":0.33,"SW_RAMP":null,"VILL_NAME":"西區"},"geometry":{"type":"Polygon","coordinates":[[[120.448955,23.475835],[120.448961,23.475853],[120.44992,23.475937],[120.449929,23.475929],[120.448955,23.475835]]]}},{"type":"Feature","properties":{"id":"16ea8be73697","NAME":"中山路","PSTART":"民族路","PEND":"永和街","SW_DIRECT":"1","SW_LENG":88.43,"SW_WTH":3.45,"SWW_WTH":1.45,"SW_RAMP":6,"VILL_NAME":"西區"},"geometry":{"type":"Polygon","coordinates":[[[120.439623,23.475204],[120.439623,23.475192],[120.439608,23.475197],[120.439586,23.475209],[120.439568,23.475226],[120.439553,23.475259],[120.439554,23.475297],[120.439577,23.475355],[120.439659,23.475519],[120.439659,23.475529],[120.439699,23.475609],[120.439716,23.475602],[120.439741,23.47565],[120.439723,23.475658],[120.439751,23.475715],[120.43976,23.475721],[120.439851,23.475903],[120.439868,23.475915],[120.439889,23.475916],[120.439586,23.475308],[120.439582,23.47528],[120.439587,23.47525],[120.4396,23.475226],[120.439623,23.475204]]]}},{"type":"Feature","properties":{"id":"0685a13678de","NAME":"友忠路","PSTART":"高鐵大道","PEND":"大同路","SW_DIRECT":"2","SW_LENG":57.23,"SW_WTH":3.62,"SWW_WTH":3.12,"SW_RAMP":1,"VILL_NAME":"西區"},"geometry":{"type":"Polygon","coordinates":[[[120.43249,23.475952],[120.432504,23.475932],[120.432501,23.475915],[120.432163,23.475559],[120.432139,23.475551],[120.432116,23.47556],[120.43249,23.475952]]]}},{"type":"Feature","properties":{"id":"b80efc8f7dbb","NAME":"民族路","PSTART":"忠義街","PEND":"國華街","SW_DIRECT":"2","SW_LENG":99.6,"SW_WTH":1.65,"SWW_WTH":0.45,"SW_RAMP":null,"VILL_NAME":"西區"},"geometry":{"type":"Polygon","coordinates":[[[120.447814,23.47593],[120.448787,23.476016],[120.448787,23.476015],[120.44878,23.476001],[120.447826,23.475916],[120.447817,23.475921],[120.447814,23.47593]]]}},{"type":"Feature","properties":{"id":"c8aff968f610","NAME":"友忠路","PSTART":"大同路","PEND":"高鐵大道","SW_DIRECT":"1","SW_LENG":105.73,"SW_WTH":3.68,"SWW_WTH":3.28,"SW_RAMP":2,"VILL_NAME":"西區"},"geometry":{"type":"Polygon","coordinates":[[[120.432517,23.475347],[120.43319,23.476054],[120.433207,23.476049],[120.433221,23.47604],[120.433223,23.476038],[120.432541,23.475323],[120.432522,23.475335],[120.432517,23.475347]]]}},{"type":"Feature","properties":{"id":"2bb135872456","NAME":"民族路","PSTART":"國華街","PEND":"文化路","SW_DIRECT":"2","SW_LENG":99.46,"SW_WTH":1.82,"SWW_WTH":0.41,"SW_RAMP":0,"VILL_NAME":"西區"},"geometry":{"type":"Polygon","coordinates":[[[120.448945,23.476015],[120.448936,23.476021],[120.448933,23.476031],[120.449904,23.476118],[120.449906,23.476103],[120.449863,23.476095],[120.448945,23.476015]]]}},{"type":"Feature","properties":{"id":"1bd83d026c94","NAME":"博愛路二段","PSTART":"友愛路7巷","PEND":"高鐵大道","SW_DIRECT":"2","SW_LENG":87.26,"SW_WTH":2.96,"SWW_WTH":2.57,"SW_RAMP":2,"VILL_NAME":"西區"},"geometry":{"type":"Polygon","coordinates":[[[120.434405,23.475965],[120.434401,23.475942],[120.434327,23.475894],[120.434276,23.475846],[120.434242,23.4758],[120.434217,23.475749],[120.4342,23.475683],[120.434197,23.475615],[120.434206,23.47556],[120.43424,23.475466],[120.434234,23.475453],[120.434183,23.475398],[120.434158,23.475417],[120.434211,23.475471],[120.434179,23.475554],[120.43417,23.475614],[120.434169,23.475662],[120.434179,23.475721],[120.434204,23.475788],[120.43425,23.475859],[120.434313,23.475917],[120.43438,23.475957],[120.434366,23.476091],[120.434394,23.476093],[120.434405,23.475965]]]}},{"type":"Feature","properties":{"id":"920a5fc1a34a","NAME":"高鐵大道","PSTART":"大同路 102巷","PEND":"友忠路","SW_DIRECT":"1","SW_LENG":74.18,"SW_WTH":4.22,"SWW_WTH":2.37,"SW_RAMP":2,"VILL_NAME":"西區"},"geometry":{"type":"Polygon","coordinates":[[[120.432505,23.475977],[120.431875,23.476348],[120.431885,23.476357],[120.431906,23.476363],[120.431925,23.476362],[120.431943,23.476356],[120.432491,23.476031],[120.432507,23.476008],[120.432505,23.475977]]]}},{"type":"Feature","properties":{"id":"1f626e600a19","NAME":"博愛路二段","PSTART":"友愛路","PEND":"博愛路二段408巷","SW_DIRECT":"2","SW_LENG":64.1,"SW_WTH":2.97,"SWW_WTH":1.98,"SW_RAMP":2,"VILL_NAME":"西區"},"geometry":{"type":"Polygon","coordinates":[[[120.434729,23.475988],[120.434701,23.475977],[120.434671,23.475983],[120.434666,23.47603],[120.434716,23.476016],[120.435079,23.47641],[120.435091,23.476404],[120.435093,23.476393],[120.435089,23.47638],[120.434729,23.475988]]]}},{"type":"Feature","properties":{"id":"3a2fbd018141","NAME":"中山路","PSTART":"永和街","PEND":"蘭井街","SW_DIRECT":"1","SW_LENG":29.32,"SW_WTH":2.98,"SWW_WTH":2.6,"SW_RAMP":2,"VILL_NAME":"西區"},"geometry":{"type":"Polygon","coordinates":[[[120.440077,23.476296],[120.440062,23.476313],[120.440063,23.476335],[120.440161,23.476535],[120.440177,23.476546],[120.440197,23.476545],[120.440077,23.476296]]]}},{"type":"Feature","properties":{"id":"24df66fc3470","NAME":"博愛路二段","PSTART":"民族路","PEND":"北港路","SW_DIRECT":"1","SW_LENG":140.48,"SW_WTH":3.01,"SWW_WTH":1.54,"SW_RAMP":2,"VILL_NAME":"西區"},"geometry":{"type":"Polygon","coordinates":[[[120.434904,23.475801],[120.434912,23.475795],[120.434942,23.475713],[120.434949,23.475667],[120.434949,23.475598],[120.434933,23.475532],[120.434916,23.475547],[120.434922,23.475623],[120.43492,23.475675],[120.434915,23.475713],[120.43488,23.475799],[120.434885,23.475819],[120.435563,23.476557],[120.435579,23.476564],[120.435596,23.476558],[120.435143,23.476057],[120.434904,23.475801]]]}},{"type":"Feature","properties":{"id":"0f3f4126564f","NAME":"大同路","PSTART":"世賢路二段","PEND":"四維路","SW_DIRECT":"2","SW_LENG":433.82,"SW_WTH":1.18,"SWW_WTH":1.18,"SW_RAMP":2,"VILL_NAME":"西區"},"geometry":{"type":"Polygon","coordinates":[[[120.425189,23.47675],[120.421063,23.475822],[120.42106,23.475834],[120.425186,23.47676],[120.425189,23.47675]]]}},{"type":"Feature","properties":{"id":"075cb1d03df4","NAME":"博愛路二段","PSTART":"博愛路二段408巷","PEND":"北港路","SW_DIRECT":"2","SW_LENG":56.54,"SW_WTH":2.91,"SWW_WTH":1.4,"SW_RAMP":2,"VILL_NAME":"西區"},"geometry":{"type":"Polygon","coordinates":[[[120.435162,23.476458],[120.435143,23.476449],[120.435122,23.476455],[120.435483,23.476847],[120.435505,23.47683],[120.435162,23.476458]]]}},{"type":"Feature","properties":{"id":"c880fe32605d","NAME":"中山路","PSTART":"民族路","PEND":"園區出入口","SW_DIRECT":"2","SW_LENG":182.33,"SW_WTH":3.69,"SWW_WTH":1.65,"SW_RAMP":6,"VILL_NAME":"西區"},"geometry":{"type":"Polygon","coordinates":[[[120.439306,23.475367],[120.439293,23.475392],[120.43931,23.475404],[120.43933,23.475438],[120.439701,23.476184],[120.440041,23.476882],[120.440056,23.47687],[120.440059,23.476858],[120.440033,23.476802],[120.440034,23.476792],[120.440029,23.476781],[120.44001,23.476788],[120.439979,23.476723],[120.439996,23.476716],[120.439984,23.47669],[120.439967,23.476697],[120.439932,23.476625],[120.439949,23.476618],[120.439892,23.476501],[120.439874,23.476508],[120.439847,23.476451],[120.439864,23.476444],[120.439859,23.476432],[120.43985,23.476424],[120.439766,23.476253],[120.439633,23.475977],[120.439634,23.47597],[120.439619,23.475939],[120.439601,23.475947],[120.439569,23.475883],[120.439586,23.475876],[120.439565,23.475832],[120.439557,23.475828],[120.439441,23.475597],[120.439442,23.475588],[120.439435,23.475575],[120.439418,23.475581],[120.439402,23.475549],[120.439419,23.475542],[120.439389,23.47548],[120.439381,23.475477],[120.439342,23.475398],[120.439323,23.475378],[120.439306,23.475367]]]}},{"type":"Feature","properties":{"id":"7cf559fea5ab","NAME":"高鐵大道","PSTART":"住宅出入口","PEND":"福嘉街","SW_DIRECT":"2","SW_LENG":36.42,"SW_WTH":4.21,"SWW_WTH":3.54,"SW_RAMP":2,"VILL_NAME":"西區"},"geometry":{"type":"Polygon","coordinates":[[[120.431759,23.476908],[120.431754,23.476929],[120.431764,23.47695],[120.432068,23.476771],[120.432057,23.476756],[120.432051,23.476754],[120.432032,23.476752],[120.432013,23.476757],[120.431759,23.476908]]]}},{"type":"Feature","properties":{"id":"c383847f4ab9","NAME":"中興路","PSTART":"玉山路","PEND":"大同路","SW_DIRECT":"1","SW_LENG":473.19,"SW_WTH":2.88,"SWW_WTH":1.64,"SW_RAMP":2,"VILL_NAME":"西區"},"geometry":{"type":"Polygon","coordinates":[[[120.429076,23.472889],[120.429059,23.472882],[120.42903,23.472948],[120.428007,23.476944],[120.427986,23.477027],[120.427993,23.47704],[120.42801,23.477047],[120.429076,23.472889]]]}},{"type":"Feature","properties":{"id":"636275e6a008","NAME":"四維路","PSTART":"大同路","PEND":"空地出入口","SW_DIRECT":"2","SW_LENG":35.91,"SW_WTH":1.23,"SWW_WTH":1.23,"SW_RAMP":1,"VILL_NAME":"西區"},"geometry":{"type":"Polygon","coordinates":[[[120.42522,23.476794],[120.425213,23.476767],[120.425189,23.47675],[120.425186,23.47676],[120.425203,23.476773],[120.425208,23.476792],[120.425142,23.47706],[120.425153,23.477063],[120.42522,23.476794]]]}},{"type":"Feature","properties":{"id":"e613ad1814a7","NAME":"中興路","PSTART":"大華路","PEND":"大同路","SW_DIRECT":"2","SW_LENG":220.08,"SW_WTH":2.96,"SWW_WTH":1.62,"SW_RAMP":1,"VILL_NAME":"西區"},"geometry":{"type":"Polygon","coordinates":[[[120.427737,23.477056],[120.428221,23.475161],[120.4282,23.475136],[120.427702,23.47708],[120.427726,23.477076],[120.427737,23.477056]]]}},{"type":"Feature","properties":{"id":"3e8c387d0aec","NAME":"友忠路","PSTART":"高鐵大道","PEND":"友愛路","SW_DIRECT":"1","SW_LENG":126.57,"SW_WTH":3.62,"SWW_WTH":2.73,"SW_RAMP":2,"VILL_NAME":"西區"},"geometry":{"type":"Polygon","coordinates":[[[120.434263,23.477111],[120.433447,23.476272],[120.433435,23.47628],[120.43343,23.47629],[120.433432,23.476302],[120.434258,23.477155],[120.434263,23.477111]]]}},{"type":"Feature","properties":{"id":"b21cd6df8bd6","NAME":"高鐵大道","PSTART":"無名路","PEND":"大同路 102巷","SW_DIRECT":"1","SW_LENG":147.27,"SW_WTH":4.28,"SWW_WTH":2.88,"SW_RAMP":2,"VILL_NAME":"西區"},"geometry":{"type":"Polygon","coordinates":[[[120.431775,23.476411],[120.431579,23.476524],[120.430546,23.477135],[120.430557,23.477146],[120.430576,23.477151],[120.430597,23.47715],[120.430616,23.477143],[120.431747,23.476472],[120.431774,23.476442],[120.431778,23.476427],[120.431775,23.476411]]]}},{"type":"Feature","properties":{"id":"ce663264609d","NAME":"友愛路","PSTART":"博愛路二段","PEND":"友忠路","SW_DIRECT":"2","SW_LENG":114.98,"SW_WTH":2.91,"SWW_WTH":1.77,"SW_RAMP":1,"VILL_NAME":"西區"},"geometry":{"type":"Polygon","coordinates":[[[120.434363,23.476131],[120.434258,23.477155],[120.434282,23.477175],[120.434291,23.477127],[120.434391,23.476134],[120.434363,23.476131]]]}},{"type":"Feature","properties":{"id":"876cd73b1a46","NAME":"博愛路二段","PSTART":"北港路","PEND":"博愛路二段311巷","SW_DIRECT":"1","SW_LENG":50.47,"SW_WTH":3.05,"SWW_WTH":1.93,"SW_RAMP":null,"VILL_NAME":"西區"},"geometry":{"type":"Polygon","coordinates":[[[120.435838,23.476838],[120.435832,23.47685],[120.435835,23.476863],[120.436115,23.477201],[120.436131,23.477205],[120.436149,23.477195],[120.435846,23.476833],[120.435838,23.476838]]]}},{"type":"Feature","properties":{"id":"5d0b30f4a628","NAME":"友忠路","PSTART":"北港路","PEND":"高鐵大道","SW_DIRECT":"2","SW_LENG":164.52,"SW_WTH":3.66,"SWW_WTH":3.09,"SW_RAMP":null,"VILL_NAME":"西區"},"geometry":{"type":"Polygon","coordinates":[[[120.434073,23.47756],[120.434076,23.477551],[120.434072,23.477541],[120.433023,23.476455],[120.432974,23.476454],[120.434057,23.477575],[120.434073,23.47756]]]}},{"type":"Feature","properties":{"id":"fc20484fc7dd","NAME":"世賢路二段","PSTART":"大同路","PEND":"大同路 376巷","SW_DIRECT":"2","SW_LENG":242.19,"SW_WTH":2.91,"SWW_WTH":1.37,"SW_RAMP":10,"VILL_NAME":"西區"},"geometry":{"type":"Polygon","coordinates":[[[120.419691,23.477751],[120.420232,23.475668],[120.420229,23.475647],[120.420212,23.475631],[120.419657,23.477767],[120.419677,23.477765],[120.419691,23.477751]]]}},{"type":"Feature","properties":{"id":"672080729136","NAME":"中興路","PSTART":"大同路","PEND":"高鐵大道","SW_DIRECT":"1","SW_LENG":68.65,"SW_WTH":2.9,"SWW_WTH":1.78,"SW_RAMP":4,"VILL_NAME":"西區"},"geometry":{"type":"Polygon","coordinates":[[[120.428403,23.477885],[120.428048,23.477359],[120.428033,23.477367],[120.428039,23.477394],[120.428375,23.477893],[120.428403,23.477885]]]}},{"type":"Feature","properties":{"id":"6f0c0810c990","NAME":"博愛路二段","PSTART":"北港路","PEND":"無名路","SW_DIRECT":"2","SW_LENG":129.09,"SW_WTH":2.92,"SWW_WTH":1.61,"SW_RAMP":null,"VILL_NAME":"西區"},"geometry":{"type":"Polygon","coordinates":[[[120.436394,23.477895],[120.435648,23.476995],[120.435631,23.47699],[120.435616,23.476996],[120.436382,23.477927],[120.436396,23.477913],[120.436394,23.477895]]]}},{"type":"Feature","properties":{"id":"51736b619900","NAME":"高鐵大道","PSTART":"中興路","PEND":"無名路","SW_DIRECT":"1","SW_LENG":224.42,"SW_WTH":3.89,"SWW_WTH":2.37,"SW_RAMP":2,"VILL_NAME":"西區"},"geometry":{"type":"Polygon","coordinates":[[[120.430019,23.477408],[120.428375,23.477893],[120.428404,23.477909],[120.428436,23.47791],[120.42986,23.477491],[120.430054,23.477426],[120.43023,23.477357],[120.430435,23.477243],[120.430449,23.477224],[120.43045,23.4772],[120.430448,23.477194],[120.430349,23.477254],[120.430201,23.477334],[120.430019,23.477408]]]}},{"type":"Feature","properties":{"id":"1afdb6706a5a","NAME":"中興路","PSTART":"高鐵大道","PEND":"大同路","SW_DIRECT":"2","SW_LENG":70.28,"SW_WTH":2.98,"SWW_WTH":1.87,"SW_RAMP":0,"VILL_NAME":"西區"},"geometry":{"type":"Polygon","coordinates":[[[120.428098,23.477899],[120.428085,23.477873],[120.427738,23.477361],[120.427713,23.477372],[120.427956,23.477735],[120.428079,23.477911],[120.428098,23.477899]]]}},{"type":"Feature","properties":{"id":"2dfbfd07009a","NAME":"北港路","PSTART":"福嘉街","PEND":"友忠路","SW_DIRECT":"1","SW_LENG":79.25,"SW_WTH":2.99,"SWW_WTH":1.66,"SW_RAMP":2,"VILL_NAME":"西區"},"geometry":{"type":"Polygon","coordinates":[[[120.43338,23.477983],[120.433401,23.477994],[120.433424,23.477989],[120.434033,23.477627],[120.434044,23.477612],[120.434041,23.477594],[120.434039,23.477591],[120.43338,23.477983]]]}},{"type":"Feature","properties":{"id":"bf8ec1fb1a04","NAME":"北港路","PSTART":"無名路","PEND":"友愛路","SW_DIRECT":"2","SW_LENG":48.16,"SW_WTH":2.47,"SWW_WTH":1.82,"SW_RAMP":null,"VILL_NAME":"西區"},"geometry":{"type":"Polygon","coordinates":[[[120.43411,23.477843],[120.433738,23.478066],[120.433739,23.478075],[120.433748,23.478087],[120.434147,23.477847],[120.434129,23.477839],[120.43411,23.477843]]]}},{"type":"Feature","properties":{"id":"a04a125f0460","NAME":"高鐵大道","PSTART":"永春一街","PEND":"中興路","SW_DIRECT":"1","SW_LENG":46.27,"SW_WTH":3.38,"SWW_WTH":2.07,"SW_RAMP":2,"VILL_NAME":"西區"},"geometry":{"type":"Polygon","coordinates":[[[120.428098,23.477899],[120.428079,23.477911],[120.428088,23.47793],[120.428087,23.47795],[120.428079,23.477969],[120.428062,23.477984],[120.427734,23.478099],[120.427752,23.478107],[120.427771,23.478106],[120.428082,23.478012],[120.428104,23.477988],[120.428114,23.477958],[120.428112,23.477927],[120.428098,23.477899]]]}},{"type":"Feature","properties":{"id":"b640acf1094f","NAME":"友忠路","PSTART":"友愛路","PEND":"友愛路98巷","SW_DIRECT":"2","SW_LENG":34.93,"SW_WTH":3.14,"SWW_WTH":2.57,"SW_RAMP":2,"VILL_NAME":"西區"},"geometry":{"type":"Polygon","coordinates":[[[120.434657,23.478284],[120.434684,23.478265],[120.43449,23.478029],[120.43448,23.478021],[120.434448,23.478019],[120.434657,23.478284]]]}},{"type":"Feature","properties":{"id":"efaf3e8b9298","NAME":"高鐵大道","PSTART":"永春四街","PEND":"永春一街","SW_DIRECT":"1","SW_LENG":44.2,"SW_WTH":3.87,"SWW_WTH":2.53,"SW_RAMP":2,"VILL_NAME":"西區"},"geometry":{"type":"Polygon","coordinates":[[[120.427612,23.478153],[120.42763,23.478135],[120.427629,23.478112],[120.427213,23.478236],[120.427222,23.478252],[120.427239,23.478263],[120.427258,23.478257],[120.427253,23.47824],[120.427373,23.478204],[120.42738,23.478221],[120.427612,23.478153]]]}},{"type":"Feature","properties":{"id":"cf9280284062","NAME":"高鐵大道","PSTART":"中興路","PEND":"福義街","SW_DIRECT":"2","SW_LENG":217.94,"SW_WTH":4.39,"SWW_WTH":2.04,"SW_RAMP":2,"VILL_NAME":"西區"},"geometry":{"type":"Polygon","coordinates":[[[120.4306,23.477571],[120.430426,23.477664],[120.430436,23.47768],[120.430322,23.477736],[120.430314,23.47772],[120.430111,23.477806],[120.429954,23.477864],[120.429961,23.477881],[120.429839,23.477918],[120.429833,23.477901],[120.429677,23.477947],[120.429683,23.477964],[120.429561,23.477999],[120.429555,23.477982],[120.429218,23.478081],[120.428868,23.478184],[120.428874,23.478201],[120.428759,23.478235],[120.428753,23.478218],[120.428695,23.478236],[120.428673,23.478252],[120.428668,23.478278],[120.430133,23.477849],[120.430345,23.47777],[120.430683,23.477582],[120.43065,23.477565],[120.4306,23.477571]]]}},{"type":"Feature","properties":{"id":"7ff80fbab0b7","NAME":"友愛路","PSTART":"友忠路","PEND":"友愛路98巷","SW_DIRECT":"1","SW_LENG":19.67,"SW_WTH":2.01,"SWW_WTH":0.64,"SW_RAMP":0,"VILL_NAME":"西區"},"geometry":{"type":"Polygon","coordinates":[[[120.434437,23.478309],[120.434454,23.478141],[120.434434,23.478139],[120.434417,23.478308],[120.434426,23.478317],[120.434437,23.478309]]]}},{"type":"Feature","properties":{"id":"021ead9258c0","NAME":"中山路","PSTART":"中山路532巷","PEND":"無名路","SW_DIRECT":"2","SW_LENG":122.51,"SW_WTH":3.74,"SWW_WTH":1.69,"SW_RAMP":4,"VILL_NAME":"西區"},"geometry":{"type":"Polygon","coordinates":[[[120.441114,23.478257],[120.440856,23.477967],[120.440843,23.477961],[120.440801,23.477915],[120.4408,23.477908],[120.440793,23.4779],[120.440778,23.477911],[120.440769,23.477901],[120.440784,23.47789],[120.440711,23.477811],[120.440697,23.477822],[120.440671,23.477794],[120.440686,23.477783],[120.440679,23.477774],[120.440671,23.477773],[120.440507,23.477594],[120.440503,23.477583],[120.440488,23.477594],[120.440393,23.477491],[120.440382,23.4775],[120.441155,23.478345],[120.44117,23.478328],[120.441169,23.478307],[120.441131,23.478265],[120.441114,23.478257]]]}},{"type":"Feature","properties":{"id":"ed345c9377f7","NAME":"中山路","PSTART":"光彩街","PEND":"中正路","SW_DIRECT":"1","SW_LENG":115.95,"SW_WTH":5.1,"SWW_WTH":1.53,"SW_RAMP":2,"VILL_NAME":"西區"},"geometry":{"type":"Polygon","coordinates":[[[120.44081,23.477596],[120.440823,23.477609],[120.440837,23.477597],[120.440869,23.477632],[120.440855,23.477644],[120.440866,23.477657],[120.440889,23.477676],[120.440913,23.477681],[120.441008,23.477785],[120.441002,23.477792],[120.441002,23.4778],[120.441035,23.477835],[120.441044,23.477838],[120.441054,23.477836],[120.441171,23.477963],[120.441173,23.477987],[120.441302,23.478129],[120.441314,23.478174],[120.441434,23.478304],[120.441464,23.478307],[120.441513,23.478361],[120.441529,23.478363],[120.441545,23.478357],[120.440816,23.477552],[120.440807,23.47756],[120.440803,23.477573],[120.44081,23.477596]]]}},{"type":"Feature","properties":{"id":"5d12924c8dc9","NAME":"北港路","PSTART":"北埔路 256巷","PEND":"無名路","SW_DIRECT":"2","SW_LENG":58.79,"SW_WTH":2.61,"SWW_WTH":2.19,"SW_RAMP":2,"VILL_NAME":"西區"},"geometry":{"type":"Polygon","coordinates":[[[120.433214,23.4784],[120.4337,23.478113],[120.4337,23.478112],[120.433686,23.478102],[120.43367,23.478104],[120.433212,23.478374],[120.433206,23.478388],[120.433214,23.4784]]]}},{"type":"Feature","properties":{"id":"e503be6abac4","NAME":"博愛路二段","PSTART":"博愛路二段311巷","PEND":"住宅出入口","SW_DIRECT":"1","SW_LENG":169.22,"SW_WTH":3.17,"SWW_WTH":2.08,"SW_RAMP":null,"VILL_NAME":"西區"},"geometry":{"type":"Polygon","coordinates":[[[120.4372,23.478465],[120.436197,23.477252],[120.436182,23.477263],[120.436179,23.477273],[120.436182,23.477282],[120.437178,23.478485],[120.437186,23.478479],[120.4372,23.478465]]]}},{"type":"Feature","properties":{"id":"71aaf80b10f7","NAME":"博愛路二段","PSTART":"無名路","PEND":"空地出入口","SW_DIRECT":"2","SW_LENG":76.03,"SW_WTH":2.97,"SWW_WTH":2.28,"SW_RAMP":1,"VILL_NAME":"西區"},"geometry":{"type":"Polygon","coordinates":[[[120.436889,23.478537],[120.436899,23.478514],[120.436896,23.4785],[120.436467,23.477982],[120.436449,23.477975],[120.436432,23.477981],[120.436889,23.478537]]]}},{"type":"Feature","properties":{"id":"05e277fb58f0","NAME":"北港路","PSTART":"北港路 268巷","PEND":"北埔路 256巷","SW_DIRECT":"2","SW_LENG":26.27,"SW_WTH":2.47,"SWW_WTH":2.47,"SW_RAMP":2,"VILL_NAME":"西區"},"geometry":{"type":"Polygon","coordinates":[[[120.432951,23.478535],[120.432957,23.478549],[120.433176,23.478421],[120.433168,23.478411],[120.433152,23.478408],[120.432956,23.478524],[120.432951,23.478535]]]}},{"type":"Feature","properties":{"id":"c84d7f64ef6a","NAME":"友忠路","PSTART":"北港路","PEND":"無名路","SW_DIRECT":"1","SW_LENG":140.78,"SW_WTH":3.31,"SWW_WTH":2.13,"SW_RAMP":2,"VILL_NAME":"西區"},"geometry":{"type":"Polygon","coordinates":[[[120.434654,23.477588],[120.435459,23.478565],[120.435477,23.478573],[120.435497,23.478566],[120.434665,23.47755],[120.434649,23.477567],[120.434654,23.477588]]]}},{"type":"Feature","properties":{"id":"ddbc57981153","NAME":"高鐵大道(永春五街)","PSTART":"永春二街","PEND":"永春四街","SW_DIRECT":"1","SW_LENG":86.76,"SW_WTH":4.11,"SWW_WTH":2.19,"SW_RAMP":2,"VILL_NAME":"西區"},"geometry":{"type":"Polygon","coordinates":[[[120.426308,23.478595],[120.426349,23.478576],[120.426341,23.47856],[120.426456,23.47851],[120.426465,23.478525],[120.426727,23.478423],[120.426721,23.478406],[120.42684,23.478364],[120.426847,23.478381],[120.42706,23.478315],[120.427048,23.478284],[120.426827,23.478347],[120.426536,23.478438],[120.426422,23.478483],[120.426249,23.478563],[120.426273,23.478586],[120.426308,23.478595]]]}},{"type":"Feature","properties":{"id":"04f460331053","NAME":"四維路","PSTART":"球場出入口","PEND":"空地出入口","SW_DIRECT":"2","SW_LENG":127.99,"SW_WTH":5.04,"SWW_WTH":4.15,"SW_RAMP":2,"VILL_NAME":"西區"},"geometry":{"type":"Polygon","coordinates":[[[120.424799,23.478624],[120.424927,23.478116],[120.425081,23.477499],[120.425034,23.477489],[120.424751,23.478616],[120.424799,23.478624]]]}},{"type":"Feature","properties":{"id":"e3b99b7146db","NAME":"高鐵大道","PSTART":"僑嘉一街","PEND":"中興路","SW_DIRECT":"2","SW_LENG":102.35,"SW_WTH":3.89,"SWW_WTH":1.91,"SW_RAMP":2,"VILL_NAME":"西區"},"geometry":{"type":"Polygon","coordinates":[[[120.427418,23.478646],[120.428118,23.478441],[120.428383,23.478364],[120.428361,23.478344],[120.42833,23.478342],[120.428245,23.478367],[120.428251,23.478384],[120.42813,23.478419],[120.428124,23.478403],[120.427813,23.478494],[120.427818,23.478511],[120.427697,23.478546],[120.427691,23.47853],[120.427436,23.478604],[120.427417,23.478621],[120.427415,23.478634],[120.427418,23.478646]]]}},{"type":"Feature","properties":{"id":"3f526d8f46bc","NAME":"博愛路二段","PSTART":"空地出入口","PEND":"友忠路 546巷","SW_DIRECT":"2","SW_LENG":24.83,"SW_WTH":3.05,"SWW_WTH":1.59,"SW_RAMP":1,"VILL_NAME":"西區"},"geometry":{"type":"Polygon","coordinates":[[[120.436916,23.47857],[120.437072,23.478758],[120.43708,23.47874],[120.437078,23.47872],[120.436956,23.478572],[120.436939,23.478565],[120.436916,23.47857]]]}},{"type":"Feature","properties":{"id":"0fc171af0856","NAME":"友忠路","PSTART":"友愛路 98巷","PEND":"友忠路 509巷","SW_DIRECT":"2","SW_LENG":72.38,"SW_WTH":3.28,"SWW_WTH":2.74,"SW_RAMP":1,"VILL_NAME":"西區"},"geometry":{"type":"Polygon","coordinates":[[[120.435111,23.478837],[120.435124,23.478819],[120.435122,23.478799],[120.434708,23.478294],[120.434683,23.478312],[120.435111,23.478837]]]}},{"type":"Feature","properties":{"id":"78bf319a217f","NAME":"友愛路","PSTART":"停車場出入口","PEND":"店面出入口","SW_DIRECT":"2","SW_LENG":73.24,"SW_WTH":1.9,"SWW_WTH":1.27,"SW_RAMP":null,"VILL_NAME":"西區"},"geometry":{"type":"Polygon","coordinates":[[[120.434148,23.47825],[120.43408,23.47891],[120.434099,23.47891],[120.434152,23.4784],[120.434168,23.478254],[120.434148,23.47825]]]}},{"type":"Feature","properties":{"id":"d02422cd76ec","NAME":"博愛路二段","PSTART":"住宅出入口","PEND":"後驛街","SW_DIRECT":"1","SW_LENG":56.11,"SW_WTH":3.22,"SWW_WTH":2.93,"SW_RAMP":null,"VILL_NAME":"西區"},"geometry":{"type":"Polygon","coordinates":[[[120.437258,23.47857],[120.43726,23.478583],[120.437571,23.478958],[120.437583,23.478964],[120.437616,23.478963],[120.437269,23.478548],[120.437258,23.47857]]]}},{"type":"Feature","properties":{"id":"7d625b23c8e5","NAME":"四維路","PSTART":"空地出入口","PEND":"空地出入口","SW_DIRECT":"2","SW_LENG":27.7,"SW_WTH":5.02,"SWW_WTH":5.02,"SW_RAMP":4,"VILL_NAME":"西區"},"geometry":{"type":"Polygon","coordinates":[[[120.424727,23.478709],[120.42469,23.478892],[120.424687,23.478961],[120.424735,23.47896],[120.42474,23.478893],[120.424775,23.478718],[120.424727,23.478709]]]}},{"type":"Feature","properties":{"id":"f8c2ce3d055c","NAME":"高鐵大道","PSTART":"僑嘉三街","PEND":"僑嘉一街","SW_DIRECT":"2","SW_LENG":92.82,"SW_WTH":3.77,"SWW_WTH":1.99,"SW_RAMP":2,"VILL_NAME":"西區"},"geometry":{"type":"Polygon","coordinates":[[[120.426438,23.478986],[120.426618,23.478895],[120.426747,23.478847],[120.427286,23.478685],[120.427284,23.478678],[120.427275,23.478665],[120.427261,23.478656],[120.427247,23.47866],[120.427253,23.478677],[120.427132,23.478713],[120.427126,23.478696],[120.427113,23.478699],[120.426904,23.478762],[120.426735,23.47882],[120.426601,23.478874],[120.426448,23.478946],[120.426434,23.478963],[120.426438,23.478986]]]}},{"type":"Feature","properties":{"id":"d7239304d2e7","NAME":"友愛路","PSTART":"友愛路 98巷","PEND":"友忠路 509巷","SW_DIRECT":"1","SW_LENG":73.19,"SW_WTH":1.92,"SWW_WTH":0.74,"SW_RAMP":0,"VILL_NAME":"西區"},"geometry":{"type":"Polygon","coordinates":[[[120.434429,23.478369],[120.434415,23.47837],[120.434409,23.478377],[120.434342,23.479025],[120.434362,23.479028],[120.434429,23.478369]]]}},{"type":"Feature","properties":{"id":"6cada329f04f","NAME":"中興路","PSTART":"高鐵大道","PEND":"福全街","SW_DIRECT":"1","SW_LENG":101.74,"SW_WTH":2.81,"SWW_WTH":2.81,"SW_RAMP":2,"VILL_NAME":"西區"},"geometry":{"type":"Polygon","coordinates":[[[120.428669,23.478323],[120.429192,23.479101],[120.429214,23.479087],[120.428686,23.478304],[120.428669,23.478323]]]}},{"type":"Feature","properties":{"id":"4c25bf251780","NAME":"中山路","PSTART":"西門街197巷","PEND":"中山路","SW_DIRECT":"1","SW_LENG":54.64,"SW_WTH":2.92,"SWW_WTH":2.43,"SW_RAMP":2,"VILL_NAME":"西區"},"geometry":{"type":"Polygon","coordinates":[[[120.442272,23.479133],[120.441926,23.478757],[120.441924,23.478758],[120.441916,23.478774],[120.441922,23.478792],[120.442147,23.479039],[120.442156,23.47906],[120.442191,23.479101],[120.442255,23.479155],[120.442272,23.479133]]]}},{"type":"Feature","properties":{"id":"20234df5854e","NAME":"北港路","PSTART":"福義街","PEND":"福嘉街","SW_DIRECT":"1","SW_LENG":191.21,"SW_WTH":2.69,"SWW_WTH":1.93,"SW_RAMP":0,"VILL_NAME":"西區"},"geometry":{"type":"Polygon","coordinates":[[[120.433048,23.478185],[120.4329,23.478269],[120.431462,23.479116],[120.431481,23.479126],[120.431506,23.47912],[120.433042,23.478214],[120.433051,23.478201],[120.433048,23.478185]]]}},{"type":"Feature","properties":{"id":"7bb8be2608f0","NAME":"友忠路","PSTART":"友忠路 509巷","PEND":"友忠路 521巷","SW_DIRECT":"2","SW_LENG":39.09,"SW_WTH":3.4,"SWW_WTH":2.89,"SW_RAMP":2,"VILL_NAME":"西區"},"geometry":{"type":"Polygon","coordinates":[[[120.435383,23.479117],[120.435182,23.478871],[120.435161,23.478861],[120.435137,23.478866],[120.43537,23.479154],[120.435385,23.479139],[120.435383,23.479117]]]}},{"type":"Feature","properties":{"id":"05e31cddaad5","NAME":"中山路","PSTART":"林森西路","PEND":"西門街","SW_DIRECT":"1","SW_LENG":67.71,"SW_WTH":3.73,"SWW_WTH":2.49,"SW_RAMP":2,"VILL_NAME":"西區"},"geometry":{"type":"Polygon","coordinates":[[[120.442272,23.479133],[120.442255,23.479155],[120.442318,23.479191],[120.442369,23.479196],[120.442387,23.479192],[120.442888,23.479238],[120.442909,23.479231],[120.44292,23.479213],[120.442921,23.479208],[120.44231,23.479151],[120.442272,23.479133]]]}},{"type":"Feature","properties":{"id":"b458b22d838c","NAME":"高鐵大道","PSTART":"四維路","PEND":"僑嘉三街","SW_DIRECT":"1","SW_LENG":122.75,"SW_WTH":3.8,"SWW_WTH":2.4,"SW_RAMP":2,"VILL_NAME":"西區"},"geometry":{"type":"Polygon","coordinates":[[[120.426147,23.478622],[120.425122,23.479217],[120.425122,23.479218],[120.425142,23.479233],[120.425169,23.47923],[120.425186,23.47922],[120.425176,23.479205],[120.425283,23.479143],[120.425294,23.479157],[120.425524,23.479024],[120.425513,23.479008],[120.42562,23.478947],[120.42563,23.478962],[120.425877,23.478819],[120.425867,23.478804],[120.425993,23.478733],[120.426002,23.478748],[120.426133,23.47868],[120.426144,23.478668],[120.426151,23.478654],[120.426152,23.478638],[120.426147,23.478622]]]}},{"type":"Feature","properties":{"id":"83c2eb39eefe","NAME":"中興路","PSTART":"中興路408巷","PEND":"高鐵大道","SW_DIRECT":"2","SW_LENG":71.96,"SW_WTH":2.84,"SWW_WTH":1.08,"SW_RAMP":1,"VILL_NAME":"西區"},"geometry":{"type":"Polygon","coordinates":[[[120.428995,23.47927],[120.429011,23.479259],[120.429009,23.479241],[120.428646,23.478706],[120.428622,23.47872],[120.428995,23.47927]]]}},{"type":"Feature","properties":{"id":"48e711880c16","NAME":"中山路","PSTART":"西門街","PEND":"新榮路","SW_DIRECT":"1","SW_LENG":98.38,"SW_WTH":3.63,"SWW_WTH":1.48,"SW_RAMP":8,"VILL_NAME":"西區"},"geometry":{"type":"Polygon","coordinates":[[[120.443077,23.479224],[120.443082,23.479246],[120.443102,23.479259],[120.444014,23.479341],[120.444033,23.479331],[120.444043,23.479311],[120.443077,23.479224]]]}},{"type":"Feature","properties":{"id":"9bcf0a620209","NAME":"北港路","PSTART":"福義街","PEND":"北港路268巷","SW_DIRECT":"2","SW_LENG":149.63,"SW_WTH":2.8,"SWW_WTH":2.3,"SW_RAMP":2,"VILL_NAME":"西區"},"geometry":{"type":"Polygon","coordinates":[[[120.431696,23.479297],[120.432595,23.478765],[120.432936,23.478562],[120.432924,23.478544],[120.431699,23.479262],[120.431696,23.479297]]]}},{"type":"Feature","properties":{"id":"98c09f05d774","NAME":"友忠路","PSTART":"無名路","PEND":"友忠路 546巷","SW_DIRECT":"1","SW_LENG":101.08,"SW_WTH":3.47,"SWW_WTH":2.62,"SW_RAMP":1,"VILL_NAME":"西區"},"geometry":{"type":"Polygon","coordinates":[[[120.435513,23.478631],[120.436095,23.47934],[120.436127,23.479327],[120.435526,23.478596],[120.435511,23.478611],[120.435513,23.478631]]]}},{"type":"Feature","properties":{"id":"63ee4c6a3401","NAME":"中山路","PSTART":"新榮路","PEND":"客運站出入口","SW_DIRECT":"1","SW_LENG":54.1,"SW_WTH":3.45,"SWW_WTH":1.92,"SW_RAMP":3,"VILL_NAME":"西區"},"geometry":{"type":"Polygon","coordinates":[[[120.444244,23.479362],[120.444732,23.479406],[120.44475,23.4794],[120.444758,23.479383],[120.444758,23.479379],[120.444226,23.479326],[120.44423,23.479346],[120.444244,23.479362]]]}},{"type":"Feature","properties":{"id":"ce09a35c20f0","NAME":"中山路","PSTART":"客運站出入口","PEND":"停車場出入口","SW_DIRECT":"1","SW_LENG":7.73,"SW_WTH":3.6,"SWW_WTH":1.11,"SW_RAMP":2,"VILL_NAME":"西區"},"geometry":{"type":"Polygon","coordinates":[[[120.444831,23.479415],[120.444881,23.479417],[120.444887,23.479407],[120.444889,23.479388],[120.44481,23.479381],[120.444812,23.479398],[120.444831,23.479415]]]}},{"type":"Feature","properties":{"id":"a70109eec165","NAME":"友愛路","PSTART":"友忠路509巷","PEND":"住宅出入口","SW_DIRECT":"1","SW_LENG":29.44,"SW_WTH":2.03,"SWW_WTH":0.75,"SW_RAMP":0,"VILL_NAME":"西區"},"geometry":{"type":"Polygon","coordinates":[[[120.434338,23.479248],[120.434318,23.479252],[120.434291,23.479508],[120.434301,23.479515],[120.43431,23.479516],[120.434338,23.479248]]]}},{"type":"Feature","properties":{"id":"3816e4009053","NAME":"北港路","PSTART":"空地出入口","PEND":"德明路","SW_DIRECT":"2","SW_LENG":11.3,"SW_WTH":2.82,"SWW_WTH":2.52,"SW_RAMP":2,"VILL_NAME":"西區"},"geometry":{"type":"Polygon","coordinates":[[[120.43142,23.479459],[120.431388,23.479452],[120.431378,23.479454],[120.431328,23.479483],[120.431307,23.479507],[120.431316,23.479521],[120.43142,23.479459]]]}},{"type":"Feature","properties":{"id":"2e455c2ccf90","NAME":"友忠路","PSTART":"友忠路 521巷","PEND":"友孝路","SW_DIRECT":"2","SW_LENG":48.16,"SW_WTH":3.52,"SWW_WTH":2.95,"SW_RAMP":2,"VILL_NAME":"西區"},"geometry":{"type":"Polygon","coordinates":[[[120.435697,23.479499],[120.435441,23.479187],[120.435419,23.479178],[120.435397,23.479187],[120.435686,23.479538],[120.435699,23.47952],[120.435697,23.479499]]]}},{"type":"Feature","properties":{"id":"cdb3dbff3c0c","NAME":"中山路","PSTART":"新榮路","PEND":"西榮街","SW_DIRECT":"2","SW_LENG":81.57,"SW_WTH":3.49,"SWW_WTH":2.13,"SW_RAMP":7,"VILL_NAME":"西區"},"geometry":{"type":"Polygon","coordinates":[[[120.444986,23.479565],[120.44424,23.479496],[120.444219,23.479506],[120.444206,23.479525],[120.445013,23.479598],[120.445007,23.479576],[120.444986,23.479565]]]}},{"type":"Feature","properties":{"id":"bb1558b02e64","NAME":"中山路","PSTART":"民生北路","PEND":"忠義街","SW_DIRECT":"1","SW_LENG":93.27,"SW_WTH":3.33,"SWW_WTH":1.74,"SW_RAMP":6,"VILL_NAME":"西區"},"geometry":{"type":"Polygon","coordinates":[[[120.447238,23.479635],[120.447259,23.479627],[120.447269,23.479608],[120.446354,23.479522],[120.446353,23.479526],[120.446359,23.479546],[120.446378,23.479556],[120.447238,23.479635]]]}},{"type":"Feature","properties":{"id":"3cee73bef992","NAME":"世賢路二段","PSTART":"大同路 376巷","PEND":"世賢路二段196巷","SW_DIRECT":"2","SW_LENG":191.93,"SW_WTH":2.91,"SWW_WTH":1.41,"SW_RAMP":10,"VILL_NAME":"西區"},"geometry":{"type":"Polygon","coordinates":[[[120.419421,23.479537],[120.419413,23.479312],[120.419414,23.479098],[120.419435,23.478858],[120.41946,23.478691],[120.419494,23.478521],[120.41966,23.477872],[120.419656,23.477852],[120.419639,23.477839],[120.419467,23.478515],[120.419432,23.478687],[120.419406,23.478855],[120.419385,23.479097],[120.419383,23.479314],[120.419394,23.479561],[120.419412,23.479553],[120.419421,23.479537]]]}},{"type":"Feature","properties":{"id":"37726af3bcd1","NAME":"高鐵大道","PSTART":"四維路","PEND":"僑嘉三街","SW_DIRECT":"2","SW_LENG":114.78,"SW_WTH":4.04,"SWW_WTH":2.64,"SW_RAMP":2,"VILL_NAME":"西區"},"geometry":{"type":"Polygon","coordinates":[[[120.425366,23.479565],[120.425358,23.479586],[120.425365,23.479608],[120.426324,23.479052],[120.426313,23.479042],[120.4263,23.479036],[120.426271,23.47904],[120.425366,23.479565]]]}},{"type":"Feature","properties":{"id":"0e7173b0937a","NAME":"中山路","PSTART":"西榮街","PEND":"民生北路","SW_DIRECT":"2","SW_LENG":90.64,"SW_WTH":3.64,"SWW_WTH":1.65,"SW_RAMP":6,"VILL_NAME":"西區"},"geometry":{"type":"Polygon","coordinates":[[[120.446054,23.479695],[120.446049,23.479674],[120.446031,23.47966],[120.445196,23.479582],[120.445175,23.479588],[120.445164,23.479607],[120.445164,23.479612],[120.446054,23.479695]]]}},{"type":"Feature","properties":{"id":"09e89ce85e0e","NAME":"中山路","PSTART":"忠義街","PEND":"國華街","SW_DIRECT":"1","SW_LENG":99.11,"SW_WTH":3.44,"SWW_WTH":2.0,"SW_RAMP":9,"VILL_NAME":"西區"},"geometry":{"type":"Polygon","coordinates":[[[120.447404,23.479616],[120.447407,23.479636],[120.447423,23.479649],[120.448347,23.479733],[120.448367,23.479724],[120.448375,23.479704],[120.447404,23.479616]]]}},{"type":"Feature","properties":{"id":"d822424fb6bb","NAME":"中山路","PSTART":"民生北路","PEND":"中山路366巷","SW_DIRECT":"2","SW_LENG":47.07,"SW_WTH":3.48,"SWW_WTH":2.14,"SW_RAMP":4,"VILL_NAME":"西區"},"geometry":{"type":"Polygon","coordinates":[[[120.446775,23.479728],[120.446362,23.47969],[120.446342,23.479697],[120.446334,23.479715],[120.446334,23.479721],[120.446794,23.47976],[120.446793,23.479739],[120.446775,23.479728]]]}},{"type":"Feature","properties":{"id":"7babef884b09","NAME":"中山路","PSTART":"國華街","PEND":"中山路","SW_DIRECT":"1","SW_LENG":56.75,"SW_WTH":3.46,"SWW_WTH":1.89,"SW_RAMP":4,"VILL_NAME":"西區"},"geometry":{"type":"Polygon","coordinates":[[[120.44855,23.47972],[120.448562,23.479743],[120.448585,23.479755],[120.449085,23.4798],[120.449103,23.479794],[120.449113,23.479778],[120.449113,23.479771],[120.44855,23.47972]]]}},{"type":"Feature","properties":{"id":"9473b2dd30a4","NAME":"中山路","PSTART":"中山路366巷","PEND":"忠義街","SW_DIRECT":"2","SW_LENG":40.95,"SW_WTH":3.35,"SWW_WTH":1.2,"SW_RAMP":2,"VILL_NAME":"西區"},"geometry":{"type":"Polygon","coordinates":[[[120.446833,23.479767],[120.447237,23.479801],[120.447232,23.479782],[120.447215,23.479768],[120.446861,23.479736],[120.446849,23.479738],[120.446839,23.479745],[120.446833,23.479755],[120.446833,23.479767]]]}},{"type":"Feature","properties":{"id":"6616a836cd74","NAME":"中山路","PSTART":"中山路","PEND":"文化路","SW_DIRECT":"2","SW_LENG":44.87,"SW_WTH":3.78,"SWW_WTH":2.27,"SW_RAMP":7,"VILL_NAME":"西區"},"geometry":{"type":"Polygon","coordinates":[[[120.44916,23.479777],[120.449168,23.479798],[120.44919,23.47981],[120.449342,23.479825],[120.44936,23.479821],[120.449409,23.479797],[120.449441,23.479761],[120.44947,23.479738],[120.449503,23.479721],[120.449545,23.479706],[120.449558,23.479689],[120.44956,23.479669],[120.449507,23.479684],[120.449458,23.479708],[120.449424,23.479733],[120.449374,23.479783],[120.449357,23.479792],[120.44934,23.479793],[120.44916,23.479777]]]}},{"type":"Feature","properties":{"id":"8becd699e7ee","NAME":"中山路","PSTART":"忠義街","PEND":"國華街","SW_DIRECT":"2","SW_LENG":98.4,"SW_WTH":3.46,"SWW_WTH":2.06,"SW_RAMP":7,"VILL_NAME":"西區"},"geometry":{"type":"Polygon","coordinates":[[[120.448356,23.479903],[120.448359,23.479891],[120.448355,23.479881],[120.448335,23.479868],[120.447427,23.479785],[120.447404,23.479793],[120.447394,23.479812],[120.448356,23.479903]]]}},{"type":"Feature","properties":{"id":"dcd13902de12","NAME":"博愛路二段","PSTART":"後驛街","PEND":"無名路","SW_DIRECT":"1","SW_LENG":113.92,"SW_WTH":3.02,"SWW_WTH":2.05,"SW_RAMP":null,"VILL_NAME":"西區"},"geometry":{"type":"Polygon","coordinates":[[[120.438396,23.479904],[120.437715,23.479088],[120.437693,23.479102],[120.43836,23.47991],[120.438375,23.479914],[120.438396,23.479904]]]}},{"type":"Feature","properties":{"id":"8f36b428a108","NAME":"中興路","PSTART":"福全街","PEND":"北港路","SW_DIRECT":"1","SW_LENG":104.39,"SW_WTH":2.9,"SWW_WTH":2.51,"SW_RAMP":3,"VILL_NAME":"西區"},"geometry":{"type":"Polygon","coordinates":[[[120.429932,23.480017],[120.429831,23.479997],[120.4295,23.479505],[120.429504,23.479503],[120.429344,23.479261],[120.429334,23.479292],[120.429343,23.479323],[120.429815,23.480021],[120.429897,23.480038],[120.429932,23.480017]]]}},{"type":"Feature","properties":{"id":"47459d951df8","NAME":"友愛路","PSTART":"住宅出入口","PEND":"友平街","SW_DIRECT":"1","SW_LENG":16.19,"SW_WTH":2.03,"SWW_WTH":0.91,"SW_RAMP":2,"VILL_NAME":"西區"},"geometry":{"type":"Polygon","coordinates":[[[120.434248,23.479917],[120.434234,23.480053],[120.434254,23.480055],[120.434268,23.479909],[120.434253,23.479908],[120.434248,23.479917]]]}},{"type":"Feature","properties":{"id":"8b143068aa7f","NAME":"北港路","PSTART":"中興路","PEND":"福義街","SW_DIRECT":"1","SW_LENG":173.49,"SW_WTH":2.89,"SWW_WTH":2.09,"SW_RAMP":null,"VILL_NAME":"西區"},"geometry":{"type":"Polygon","coordinates":[[[120.431344,23.479185],[120.43107,23.479344],[120.429897,23.480038],[120.429929,23.480046],[120.429964,23.48003],[120.431334,23.47922],[120.431346,23.479205],[120.431344,23.479185]]]}},{"type":"Feature","properties":{"id":"282cf2a9a86a","NAME":"中山路","PSTART":"國華街","PEND":"文化路","SW_DIRECT":"2","SW_LENG":105.26,"SW_WTH":3.47,"SWW_WTH":2.19,"SW_RAMP":9,"VILL_NAME":"西區"},"geometry":{"type":"Polygon","coordinates":[[[120.449467,23.480147],[120.449478,23.48014],[120.449481,23.48012],[120.449475,23.480103],[120.449418,23.480049],[120.449378,23.479984],[120.449359,23.479969],[120.449339,23.479961],[120.448561,23.479888],[120.448543,23.479895],[120.448531,23.479909],[120.44853,23.479918],[120.449318,23.47999],[120.449351,23.480006],[120.44938,23.480049],[120.449454,23.480127],[120.449467,23.480147]]]}},{"type":"Feature","properties":{"id":"ba9b29fbbf26","NAME":"友愛路","PSTART":"友愛路123弄","PEND":"友愛路149巷","SW_DIRECT":"2","SW_LENG":45.31,"SW_WTH":2.02,"SWW_WTH":0.95,"SW_RAMP":2,"VILL_NAME":"西區"},"geometry":{"type":"Polygon","coordinates":[[[120.433996,23.47971],[120.433952,23.480117],[120.433972,23.480119],[120.434015,23.479711],[120.433996,23.47971]]]}},{"type":"Feature","properties":{"id":"1444e9910896","NAME":"友忠路","PSTART":"友孝路","PEND":"友和路","SW_DIRECT":"2","SW_LENG":87.13,"SW_WTH":3.49,"SWW_WTH":2.7,"SW_RAMP":2,"VILL_NAME":"西區"},"geometry":{"type":"Polygon","coordinates":[[[120.436239,23.480163],[120.435751,23.479566],[120.43573,23.479557],[120.435707,23.479564],[120.436226,23.480196],[120.43624,23.480176],[120.436239,23.480163]]]}},{"type":"Feature","properties":{"id":"a0505c275c83","NAME":"高鐵大道","PSTART":"學校出入口","PEND":"四維路","SW_DIRECT":"2","SW_LENG":152.67,"SW_WTH":3.93,"SWW_WTH":1.92,"SW_RAMP":2,"VILL_NAME":"西區"},"geometry":{"type":"Polygon","coordinates":[[[120.424814,23.479386],[120.424703,23.479456],[120.423524,23.480142],[120.423547,23.480156],[120.423574,23.480154],[120.424128,23.479833],[120.424118,23.479818],[120.424226,23.479756],[120.424236,23.47977],[120.424476,23.479632],[120.424465,23.479617],[120.424573,23.479555],[120.424583,23.479569],[120.424717,23.479492],[120.424767,23.47946],[120.424786,23.479443],[120.424804,23.479416],[120.424814,23.479386]]]}},{"type":"Feature","properties":{"id":"5206e863069c","NAME":"中興路","PSTART":"中興路408巷","PEND":"北港路","SW_DIRECT":"2","SW_LENG":114.88,"SW_WTH":3.01,"SWW_WTH":1.76,"SW_RAMP":5,"VILL_NAME":"西區"},"geometry":{"type":"Polygon","coordinates":[[[120.429598,23.480214],[120.429617,23.48014],[120.42907,23.479332],[120.429054,23.479332],[120.42904,23.479341],[120.429586,23.480144],[120.429564,23.480233],[120.429598,23.480214]]]}},{"type":"Feature","properties":{"id":"ce23acb72814","NAME":"林森西路","PSTART":"中山路","PEND":"北榮街","SW_DIRECT":"1","SW_LENG":124.67,"SW_WTH":3.01,"SWW_WTH":1.71,"SW_RAMP":2,"VILL_NAME":"西區"},"geometry":{"type":"Polygon","coordinates":[[[120.443318,23.480278],[120.443239,23.480186],[120.442543,23.479425],[120.44254,23.479422],[120.442505,23.479423],[120.442506,23.479434],[120.442515,23.479449],[120.442543,23.479481],[120.442565,23.479493],[120.443287,23.480282],[120.443304,23.480286],[120.443318,23.480278]]]}},{"type":"Feature","properties":{"id":"3c70088d8648","NAME":"林森西路","PSTART":"中山路","PEND":"林森西路502巷","SW_DIRECT":"2","SW_LENG":158.87,"SW_WTH":2.94,"SWW_WTH":1.81,"SW_RAMP":2,"VILL_NAME":"西區"},"geometry":{"type":"Polygon","coordinates":[[[120.442961,23.480304],[120.442986,23.48029],[120.442188,23.47942],[120.442151,23.479367],[120.442111,23.479322],[120.442044,23.479269],[120.441953,23.479216],[120.441934,23.479219],[120.441936,23.479262],[120.442029,23.479289],[120.442122,23.479385],[120.442961,23.480304]]]}},{"type":"Feature","properties":{"id":"41b4d23f4d36","NAME":"北港路","PSTART":"中興路","PEND":"德明路","SW_DIRECT":"2","SW_LENG":122.97,"SW_WTH":2.93,"SWW_WTH":1.52,"SW_RAMP":1,"VILL_NAME":"西區"},"geometry":{"type":"Polygon","coordinates":[[[120.43005,23.480272],[120.4306,23.479945],[120.43108,23.479661],[120.431071,23.479651],[120.431045,23.479651],[120.43007,23.480226],[120.430061,23.480236],[120.43005,23.480272]]]}},{"type":"Feature","properties":{"id":"f30c9dec1394","NAME":"後驛街","PSTART":"無名路","PEND":"無名路","SW_DIRECT":"1","SW_LENG":46.57,"SW_WTH":4.01,"SWW_WTH":1.96,"SW_RAMP":1,"VILL_NAME":"西區"},"geometry":{"type":"Polygon","coordinates":[[[120.439598,23.480034],[120.439599,23.480046],[120.439875,23.480364],[120.43988,23.480364],[120.439902,23.48035],[120.439803,23.480236],[120.439827,23.480219],[120.439787,23.48017],[120.439767,23.480184],[120.439715,23.480121],[120.439706,23.480127],[120.439656,23.48007],[120.439686,23.480049],[120.439646,23.480001],[120.439598,23.480034]]]}},{"type":"Feature","properties":{"id":"3fde4373f7ec","NAME":"世賢路二段","PSTART":"世賢路二段196巷","PEND":"學校出入口","SW_DIRECT":"1","SW_LENG":82.37,"SW_WTH":2.96,"SWW_WTH":1.47,"SW_RAMP":3,"VILL_NAME":"西區"},"geometry":{"type":"Polygon","coordinates":[[[120.420481,23.480314],[120.420422,23.480164],[120.420369,23.480005],[120.420327,23.479843],[120.420296,23.479691],[120.420283,23.479591],[120.420279,23.479592],[120.420262,23.479604],[120.420257,23.479624],[120.420283,23.479775],[120.420342,23.480014],[120.420394,23.480173],[120.420444,23.480301],[120.420459,23.480314],[120.420481,23.480314]]]}},{"type":"Feature","properties":{"id":"1d35ee231651","NAME":"中興路","PSTART":"博愛路二段","PEND":"後驛街","SW_DIRECT":"1","SW_LENG":66.25,"SW_WTH":2.8,"SWW_WTH":2.8,"SW_RAMP":6,"VILL_NAME":"西區"},"geometry":{"type":"Polygon","coordinates":[[[120.439478,23.480143],[120.43932,23.480257],[120.438959,23.480507],[120.438978,23.480529],[120.438996,23.480519],[120.439476,23.480181],[120.439485,23.480162],[120.439478,23.480143]]]}},{"type":"Feature","properties":{"id":"51544a6f4934","NAME":"博愛路二段","PSTART":"無名路","PEND":"中興路","SW_DIRECT":"1","SW_LENG":88.18,"SW_WTH":3.24,"SWW_WTH":2.22,"SW_RAMP":1,"VILL_NAME":"西區"},"geometry":{"type":"Polygon","coordinates":[[[120.438978,23.480529],[120.438959,23.480507],[120.438938,23.480513],[120.438917,23.480512],[120.438897,23.480505],[120.43888,23.480493],[120.438424,23.479941],[120.438406,23.479955],[120.438404,23.479965],[120.438856,23.48051],[120.438884,23.48053],[120.438914,23.480539],[120.438949,23.480539],[120.438978,23.480529]]]}},{"type":"Feature","properties":{"id":"4d524f4a779d","NAME":"友愛路","PSTART":"友愛路149巷","PEND":"友和路","SW_DIRECT":"2","SW_LENG":18.56,"SW_WTH":2.03,"SWW_WTH":0.85,"SW_RAMP":0,"VILL_NAME":"西區"},"geometry":{"type":"Polygon","coordinates":[[[120.433936,23.480372],[120.433933,23.480367],[120.433917,23.480366],[120.4339,23.480533],[120.43392,23.480534],[120.433936,23.480372]]]}},{"type":"Feature","properties":{"id":"29bec3916e09","NAME":"友愛路","PSTART":"友平街","PEND":"友和路","SW_DIRECT":"1","SW_LENG":40.54,"SW_WTH":2.27,"SWW_WTH":1.03,"SW_RAMP":null,"VILL_NAME":"西區"},"geometry":{"type":"Polygon","coordinates":[[[120.434172,23.480643],[120.434184,23.480643],[120.434222,23.480279],[120.434198,23.480277],[120.434165,23.480633],[120.434172,23.480643]]]}},{"type":"Feature","properties":{"id":"c1e7570bd8f0","NAME":"中興路","PSTART":"博愛路二段","PEND":"後驛街","SW_DIRECT":"2","SW_LENG":65.82,"SW_WTH":2.8,"SWW_WTH":2.8,"SW_RAMP":4,"VILL_NAME":"西區"},"geometry":{"type":"Polygon","coordinates":[[[120.439148,23.480719],[120.439662,23.48036],[120.43965,23.480349],[120.439625,23.48035],[120.439129,23.480699],[120.439148,23.480719]]]}},{"type":"Feature","properties":{"id":"8abe90b05293","NAME":"博愛路二段","PSTART":"友忠路 546巷","PEND":"中興路","SW_DIRECT":"2","SW_LENG":270.04,"SW_WTH":3.02,"SWW_WTH":2.07,"SW_RAMP":1,"VILL_NAME":"西區"},"geometry":{"type":"Polygon","coordinates":[[[120.437119,23.478815],[120.437724,23.479545],[120.438143,23.480041],[120.438137,23.480045],[120.438457,23.480427],[120.438623,23.480636],[120.438633,23.480664],[120.438634,23.480696],[120.438623,23.480729],[120.438605,23.480755],[120.438624,23.480778],[120.438655,23.480756],[120.438672,23.480643],[120.437159,23.478816],[120.437139,23.478811],[120.437119,23.478815]]]}},{"type":"Feature","properties":{"id":"83d2f83fae05","NAME":"世賢路二段","PSTART":"學校出入口","PEND":"學校出入口","SW_DIRECT":"1","SW_LENG":37.48,"SW_WTH":3.01,"SWW_WTH":1.48,"SW_RAMP":2,"VILL_NAME":"西區"},"geometry":{"type":"Polygon","coordinates":[[[120.420679,23.480741],[120.420697,23.480752],[120.420718,23.480748],[120.420596,23.480548],[120.420543,23.480444],[120.420528,23.480459],[120.420528,23.480479],[120.420571,23.480563],[120.420679,23.480741]]]}},{"type":"Feature","properties":{"id":"3da6e781e915","NAME":"北港路","PSTART":"僑嘉一街","PEND":"中興路","SW_DIRECT":"1","SW_LENG":116.37,"SW_WTH":2.74,"SWW_WTH":2.24,"SW_RAMP":null,"VILL_NAME":"西區"},"geometry":{"type":"Polygon","coordinates":[[[120.429598,23.480214],[120.42862,23.480782],[120.428622,23.480786],[120.428635,23.480796],[120.428651,23.480796],[120.429585,23.480249],[120.429598,23.480214]]]}},{"type":"Feature","properties":{"id":"6f3f1e7b92b3","NAME":"林森西路","PSTART":"林森西路502巷","PEND":"林森西路472巷","SW_DIRECT":"2","SW_LENG":85.35,"SW_WTH":2.89,"SWW_WTH":1.59,"SW_RAMP":2,"VILL_NAME":"西區"},"geometry":{"type":"Polygon","coordinates":[[[120.443587,23.480988],[120.443599,23.480975],[120.443596,23.480958],[120.44307,23.48038],[120.443049,23.480399],[120.443587,23.480988]]]}},{"type":"Feature","properties":{"id":"74c17a1319b2","NAME":"北港路","PSTART":"僑嘉一街","PEND":"中興路","SW_DIRECT":"2","SW_LENG":114.65,"SW_WTH":2.99,"SWW_WTH":1.44,"SW_RAMP":2,"VILL_NAME":"西區"},"geometry":{"type":"Polygon","coordinates":[[[120.428794,23.481003],[120.429756,23.480442],[120.429725,23.480435],[120.429704,23.48044],[120.428795,23.480973],[120.428788,23.480985],[120.42879,23.480998],[120.428794,23.481003]]]}},{"type":"Feature","properties":{"id":"a52fe25059b7","NAME":"高鐵大道","PSTART":"興達路","PEND":"四維路","SW_DIRECT":"1","SW_LENG":236.93,"SW_WTH":3.94,"SWW_WTH":2.49,"SW_RAMP":2,"VILL_NAME":"西區"},"geometry":{"type":"Polygon","coordinates":[[[120.424907,23.479832],[120.423519,23.480637],[120.423529,23.480652],[120.423421,23.480714],[120.423411,23.4807],[120.423374,23.480721],[120.423363,23.480728],[120.423373,23.480743],[120.423265,23.480805],[120.423254,23.48079],[120.422974,23.480952],[120.422971,23.480967],[120.422976,23.480979],[120.422983,23.480989],[120.424951,23.479848],[120.424932,23.479833],[120.424907,23.479832]]]}},{"type":"Feature","properties":{"id":"efd13845ca58","NAME":"中興路","PSTART":"中興路65巷","PEND":"博愛路二段","SW_DIRECT":"1","SW_LENG":61.54,"SW_WTH":2.8,"SWW_WTH":2.8,"SW_RAMP":6,"VILL_NAME":"西區"},"geometry":{"type":"Polygon","coordinates":[[[120.438624,23.480778],[120.438605,23.480755],[120.438125,23.481095],[120.438141,23.481105],[120.438162,23.481102],[120.438624,23.480778]]]}},{"type":"Feature","properties":{"id":"d47131b04dd8","NAME":"友忠路","PSTART":"友和路","PEND":"友信街","SW_DIRECT":"2","SW_LENG":102.61,"SW_WTH":3.38,"SWW_WTH":2.52,"SW_RAMP":2,"VILL_NAME":"西區"},"geometry":{"type":"Polygon","coordinates":[[[120.436972,23.481106],[120.436984,23.481088],[120.436982,23.481066],[120.436407,23.480365],[120.436385,23.480353],[120.43636,23.48036],[120.436972,23.481106]]]}},{"type":"Feature","properties":{"id":"59eca5904d23","NAME":"林森西路","PSTART":"林森西路472巷","PEND":"林森西路452巷","SW_DIRECT":"2","SW_LENG":36.11,"SW_WTH":2.95,"SWW_WTH":2.95,"SW_RAMP":2,"VILL_NAME":"西區"},"geometry":{"type":"Polygon","coordinates":[[[120.443849,23.481232],[120.443645,23.48101],[120.443626,23.481004],[120.443609,23.481011],[120.443839,23.481262],[120.443852,23.481249],[120.443849,23.481232]]]}},{"type":"Feature","properties":{"id":"fac901ca6289","NAME":"世賢路二段","PSTART":"世賢路二段196巷","PEND":"高鐵大道","SW_DIRECT":"2","SW_LENG":190.81,"SW_WTH":2.98,"SWW_WTH":1.72,"SW_RAMP":2,"VILL_NAME":"西區"},"geometry":{"type":"Polygon","coordinates":[[[120.419455,23.479956],[120.419487,23.480093],[120.419559,23.480338],[120.41967,23.480631],[120.419785,23.480869],[120.419889,23.481057],[120.420012,23.481241],[120.420036,23.481226],[120.419916,23.481042],[120.419812,23.480859],[120.419697,23.48062],[120.419587,23.48033],[120.419515,23.480087],[120.419485,23.479958],[120.419456,23.47981],[120.419431,23.479639],[120.41942,23.479623],[120.4194,23.479619],[120.419415,23.479741],[120.419455,23.479956]]]}},{"type":"Feature","properties":{"id":"f33fd00462b6","NAME":"北港路","PSTART":"無名路","PEND":"僑嘉一街","SW_DIRECT":"2","SW_LENG":47.81,"SW_WTH":2.98,"SWW_WTH":1.4,"SW_RAMP":3,"VILL_NAME":"西區"},"geometry":{"type":"Polygon","coordinates":[[[120.428289,23.481266],[120.428286,23.481273],[120.428296,23.481293],[120.428694,23.481059],[120.42868,23.481048],[120.428662,23.481047],[120.428289,23.481266]]]}},{"type":"Feature","properties":{"id":"508ef49a1abe","NAME":"友忠路","PSTART":"友忠路 546巷","PEND":"中興路","SW_DIRECT":"1","SW_LENG":267.17,"SW_WTH":3.38,"SWW_WTH":2.96,"SW_RAMP":2,"VILL_NAME":"西區"},"geometry":{"type":"Polygon","coordinates":[[[120.437778,23.481336],[120.436185,23.479399],[120.436158,23.479418],[120.437748,23.481356],[120.437778,23.481336]]]}},{"type":"Feature","properties":{"id":"2528d5d98c67","NAME":"北港路","PSTART":"僑嘉三街","PEND":"僑嘉一街","SW_DIRECT":"1","SW_LENG":97.24,"SW_WTH":2.7,"SWW_WTH":2.34,"SW_RAMP":null,"VILL_NAME":"西區"},"geometry":{"type":"Polygon","coordinates":[[[120.428522,23.480839],[120.42771,23.481313],[120.42774,23.481324],[120.428523,23.480868],[120.428528,23.480853],[120.428522,23.480839]]]}},{"type":"Feature","properties":{"id":"82ed46e93a58","NAME":"中興路","PSTART":"北港路","PEND":"德明路 37巷","SW_DIRECT":"1","SW_LENG":139.75,"SW_WTH":3.13,"SWW_WTH":2.81,"SW_RAMP":11,"VILL_NAME":"西區"},"geometry":{"type":"Polygon","coordinates":[[[120.430751,23.481333],[120.430066,23.480335],[120.430088,23.480249],[120.43005,23.480272],[120.430033,23.48034],[120.430712,23.481327],[120.430731,23.481336],[120.430751,23.481333]]]}},{"type":"Feature","properties":{"id":"d438a3fcbf71","NAME":"中興路","PSTART":"友忠路","PEND":"中興路65巷","SW_DIRECT":"1","SW_LENG":41.31,"SW_WTH":2.8,"SWW_WTH":2.8,"SW_RAMP":8,"VILL_NAME":"西區"},"geometry":{"type":"Polygon","coordinates":[[[120.438081,23.481127],[120.437778,23.481336],[120.437748,23.481356],[120.437769,23.481366],[120.437792,23.481361],[120.438075,23.481162],[120.438085,23.481146],[120.438081,23.481127]]]}},{"type":"Feature","properties":{"id":"961176f1c1fe","NAME":"世賢路二段","PSTART":"學校出入口","PEND":"高鐵大道","SW_DIRECT":"1","SW_LENG":82.21,"SW_WTH":3.01,"SWW_WTH":1.48,"SW_RAMP":3,"VILL_NAME":"西區"},"geometry":{"type":"Polygon","coordinates":[[[120.421195,23.481449],[120.420765,23.480818],[120.420762,23.480819],[120.420751,23.480834],[120.420754,23.480853],[120.421138,23.481418],[120.42117,23.481463],[120.421195,23.481449]]]}},{"type":"Feature","properties":{"id":"baecb830bf49","NAME":"高鐵大道","PSTART":"世賢路二段","PEND":"學校出入口","SW_DIRECT":"2","SW_LENG":272.55,"SW_WTH":3.9,"SWW_WTH":2.52,"SW_RAMP":2,"VILL_NAME":"西區"},"geometry":{"type":"Polygon","coordinates":[[[120.421257,23.481456],[120.421225,23.481461],[120.421195,23.481449],[120.42117,23.481463],[120.421195,23.481479],[120.421221,23.481487],[120.421251,23.48149],[120.42128,23.481484],[120.423454,23.480224],[120.42344,23.480203],[120.423361,23.480253],[120.423343,23.480257],[120.423312,23.480278],[120.423292,23.480284],[120.42318,23.480352],[120.423162,23.480353],[120.421257,23.481456]]]}},{"type":"Feature","properties":{"id":"5c0008370c8f","NAME":"中興路","PSTART":"友忠路","PEND":"博愛路二段","SW_DIRECT":"2","SW_LENG":113.34,"SW_WTH":2.8,"SWW_WTH":2.8,"SW_RAMP":8,"VILL_NAME":"西區"},"geometry":{"type":"Polygon","coordinates":[[[120.437927,23.481572],[120.438806,23.480955],[120.438801,23.480927],[120.437925,23.481541],[120.437919,23.481553],[120.437927,23.481572]]]}},{"type":"Feature","properties":{"id":"5fea24403c36","NAME":"高鐵大道","PSTART":"姜文街","PEND":"興達路","SW_DIRECT":"1","SW_LENG":108.34,"SW_WTH":4.04,"SWW_WTH":2.54,"SW_RAMP":2,"VILL_NAME":"西區"},"geometry":{"type":"Polygon","coordinates":[[[120.422123,23.481486],[120.422795,23.481097],[120.422859,23.481061],[120.42284,23.481046],[120.422815,23.481045],[120.422478,23.481238],[120.422324,23.48132],[120.421965,23.481492],[120.421951,23.481504],[120.421941,23.481519],[120.421938,23.481536],[120.421941,23.481554],[120.421953,23.481572],[120.422117,23.481477],[120.422123,23.481486]]]}},{"type":"Feature","properties":{"id":"f2b16c6e0f2c","NAME":"林森西路","PSTART":"林森西路452巷","PEND":"林森西路426巷","SW_DIRECT":"2","SW_LENG":52.89,"SW_WTH":2.9,"SWW_WTH":1.67,"SW_RAMP":2,"VILL_NAME":"西區"},"geometry":{"type":"Polygon","coordinates":[[[120.443896,23.481285],[120.443877,23.481279],[120.443859,23.481287],[120.444198,23.481655],[120.444207,23.481638],[120.444202,23.481619],[120.443896,23.481285]]]}},{"type":"Feature","properties":{"id":"30a91fb5f6ba","NAME":"友忠路","PSTART":"友信街","PEND":"中興路","SW_DIRECT":"2","SW_LENG":61.13,"SW_WTH":3.44,"SWW_WTH":2.99,"SW_RAMP":1,"VILL_NAME":"西區"},"geometry":{"type":"Polygon","coordinates":[[[120.437037,23.481185],[120.437404,23.481632],[120.437416,23.481614],[120.437415,23.481593],[120.437075,23.481179],[120.437055,23.481178],[120.437037,23.481185]]]}},{"type":"Feature","properties":{"id":"eb6ffa46fd11","NAME":"林森西路","PSTART":"西榮街269巷","PEND":"民權路","SW_DIRECT":"1","SW_LENG":82.78,"SW_WTH":2.81,"SWW_WTH":1.64,"SW_RAMP":2,"VILL_NAME":"西區"},"geometry":{"type":"Polygon","coordinates":[[[120.444585,23.481698],[120.444602,23.4817],[120.444615,23.481691],[120.444088,23.481119],[120.444079,23.481136],[120.444085,23.481154],[120.444585,23.481698]]]}},{"type":"Feature","properties":{"id":"ea2c79fb9dd8","NAME":"友愛路","PSTART":"友和路","PEND":"友信街","SW_DIRECT":"1","SW_LENG":89.35,"SW_WTH":2.26,"SWW_WTH":0.97,"SW_RAMP":1,"VILL_NAME":"西區"},"geometry":{"type":"Polygon","coordinates":[[[120.434053,23.48171],[120.434072,23.481712],[120.434119,23.481282],[120.434155,23.480909],[120.434136,23.480907],[120.434053,23.48171]]]}},{"type":"Feature","properties":{"id":"9d94d2951f93","NAME":"友愛路","PSTART":"友和路","PEND":"中興路 271巷1弄","SW_DIRECT":"2","SW_LENG":95.34,"SW_WTH":1.99,"SWW_WTH":0.64,"SW_RAMP":0,"VILL_NAME":"西區"},"geometry":{"type":"Polygon","coordinates":[[[120.433864,23.480875],[120.433776,23.481732],[120.433795,23.481734],[120.43381,23.481592],[120.433882,23.480884],[120.433876,23.480876],[120.433864,23.480875]]]}},{"type":"Feature","properties":{"id":"fff5cf6b81b2","NAME":"世賢路二段","PSTART":"高鐵大道","PEND":"高鐵大道","SW_DIRECT":"2","SW_LENG":27.42,"SW_WTH":7.49,"SWW_WTH":6.4,"SW_RAMP":2,"VILL_NAME":"西區"},"geometry":{"type":"Polygon","coordinates":[[[120.420166,23.481545],[120.420284,23.481713],[120.420346,23.481692],[120.420349,23.481683],[120.420189,23.481451],[120.420181,23.481452],[120.420177,23.481458],[120.420174,23.481505],[120.420166,23.481545]]]}},{"type":"Feature","properties":{"id":"27ac4cdd6626","NAME":"中興路","PSTART":"北港路","PEND":"國城一街","SW_DIRECT":"2","SW_LENG":177.47,"SW_WTH":2.88,"SWW_WTH":1.3,"SW_RAMP":9,"VILL_NAME":"西區"},"geometry":{"type":"Polygon","coordinates":[[[120.429756,23.480442],[120.429721,23.480462],[120.429817,23.48048],[120.430697,23.481762],[120.430701,23.48176],[120.430711,23.481746],[120.430709,23.48173],[120.429835,23.480459],[120.429756,23.480442]]]}},{"type":"Feature","properties":{"id":"75e5c2da90d3","NAME":"高鐵大道","PSTART":"世賢路二段","PEND":"姜文街","SW_DIRECT":"1","SW_LENG":45.76,"SW_WTH":1.46,"SWW_WTH":0.99,"SW_RAMP":2,"VILL_NAME":"西區"},"geometry":{"type":"Polygon","coordinates":[[[120.421414,23.481777],[120.421411,23.481764],[120.421413,23.481749],[120.421431,23.481729],[120.421674,23.481621],[120.421773,23.481591],[120.421769,23.481573],[120.421416,23.481712],[120.421403,23.481723],[120.421396,23.481737],[120.421392,23.48179],[120.421414,23.481777]]]}},{"type":"Feature","properties":{"id":"ee0148a3e84f","NAME":"北港路","PSTART":"四維路","PEND":"僑嘉三街","SW_DIRECT":"1","SW_LENG":90.22,"SW_WTH":2.84,"SWW_WTH":2.15,"SW_RAMP":2,"VILL_NAME":"西區"},"geometry":{"type":"Polygon","coordinates":[[[120.427613,23.481401],[120.427617,23.481385],[120.427614,23.481369],[120.426865,23.481809],[120.426876,23.481823],[120.426891,23.481823],[120.427613,23.481401]]]}},{"type":"Feature","properties":{"id":"4ffd24c9523b","NAME":"中興路","PSTART":"德明路 37巷","PEND":"八德路","SW_DIRECT":"1","SW_LENG":73.45,"SW_WTH":2.81,"SWW_WTH":1.7,"SW_RAMP":2,"VILL_NAME":"西區"},"geometry":{"type":"Polygon","coordinates":[[[120.431265,23.481946],[120.431234,23.481941],[120.431182,23.481917],[120.431144,23.48189],[120.431113,23.48186],[120.430836,23.481459],[120.430833,23.481447],[120.430825,23.481452],[120.430817,23.481466],[120.430818,23.481481],[120.431093,23.481878],[120.431149,23.481926],[120.431215,23.481961],[120.431262,23.481971],[120.431265,23.481946]]]}},{"type":"Feature","properties":{"id":"cb352f64aa35","NAME":"中興路","PSTART":"八德路","PEND":"德明路","SW_DIRECT":"1","SW_LENG":51.93,"SW_WTH":2.85,"SWW_WTH":2.27,"SW_RAMP":2,"VILL_NAME":"西區"},"geometry":{"type":"Polygon","coordinates":[[[120.431265,23.481946],[120.431262,23.481971],[120.431748,23.482012],[120.431765,23.482006],[120.431772,23.481991],[120.431772,23.481988],[120.431265,23.481946]]]}},{"type":"Feature","properties":{"id":"4d33357d27f7","NAME":"友愛路","PSTART":"中興路271巷1弄","PEND":"中興路","SW_DIRECT":"2","SW_LENG":33.74,"SW_WTH":2.24,"SWW_WTH":0.91,"SW_RAMP":1,"VILL_NAME":"西區"},"geometry":{"type":"Polygon","coordinates":[[[120.433738,23.48206],[120.433761,23.482062],[120.433793,23.481758],[120.433772,23.481757],[120.433738,23.48206]]]}},{"type":"Feature","properties":{"id":"e5b5d62ae5e4","NAME":"北港路","PSTART":"四維路","PEND":"無名路","SW_DIRECT":"2","SW_LENG":148.17,"SW_WTH":3.08,"SWW_WTH":1.47,"SW_RAMP":4,"VILL_NAME":"西區"},"geometry":{"type":"Polygon","coordinates":[[[120.427016,23.482039],[120.428244,23.481324],[120.428242,23.48132],[120.428227,23.481309],[120.428207,23.481312],[120.427015,23.482008],[120.427006,23.482025],[120.427016,23.482039]]]}},{"type":"Feature","properties":{"id":"42cbb9fe10e5","NAME":"友愛路","PSTART":"友信街","PEND":"中興路","SW_DIRECT":"1","SW_LENG":35.94,"SW_WTH":2.3,"SWW_WTH":0.94,"SW_RAMP":1,"VILL_NAME":"西區"},"geometry":{"type":"Polygon","coordinates":[[[120.434036,23.482083],[120.43407,23.481763],[120.434049,23.481761],[120.434015,23.482087],[120.434036,23.482083]]]}},{"type":"Feature","properties":{"id":"f34d0e761880","NAME":"友忠路","PSTART":"中興路","PEND":"友忠路 668巷","SW_DIRECT":"1","SW_LENG":75.75,"SW_WTH":3.43,"SWW_WTH":2.05,"SW_RAMP":2,"VILL_NAME":"西區"},"geometry":{"type":"Polygon","coordinates":[[[120.438405,23.482096],[120.437954,23.481554],[120.437927,23.481572],[120.438379,23.482115],[120.438405,23.482096]]]}},{"type":"Feature","properties":{"id":"34e25072a5e7","NAME":"林森西路","PSTART":"民權路","PEND":"自由路","SW_DIRECT":"1","SW_LENG":45.21,"SW_WTH":1.36,"SWW_WTH":1.36,"SW_RAMP":2,"VILL_NAME":"西區"},"geometry":{"type":"Polygon","coordinates":[[[120.444738,23.481824],[120.444727,23.481832],[120.444935,23.48206],[120.445013,23.482144],[120.445023,23.482136],[120.444738,23.481824]]]}},{"type":"Feature","properties":{"id":"d5b075079e69","NAME":"中興路","PSTART":"中興路 108巷","PEND":"友忠路","SW_DIRECT":"1","SW_LENG":94.48,"SW_WTH":2.8,"SWW_WTH":2.8,"SW_RAMP":8,"VILL_NAME":"西區"},"geometry":{"type":"Polygon","coordinates":[[[120.437404,23.481632],[120.437386,23.481611],[120.437102,23.481813],[120.436649,23.482126],[120.436655,23.482136],[120.436667,23.482143],[120.436681,23.482141],[120.437404,23.481632]]]}},{"type":"Feature","properties":{"id":"67ae159f12b3","NAME":"中興路","PSTART":"德明路","PEND":"中興路 271巷","SW_DIRECT":"1","SW_LENG":110.35,"SW_WTH":2.92,"SWW_WTH":1.68,"SW_RAMP":2,"VILL_NAME":"西區"},"geometry":{"type":"Polygon","coordinates":[[[120.432085,23.482015],[120.432083,23.482034],[120.432089,23.482041],[120.433143,23.482131],[120.433156,23.482124],[120.433162,23.482111],[120.433162,23.482106],[120.432953,23.482087],[120.432085,23.482015]]]}},{"type":"Feature","properties":{"id":"77123fabecb8","NAME":"中興路","PSTART":"中興路 271巷","PEND":"友愛路","SW_DIRECT":"1","SW_LENG":61.14,"SW_WTH":2.48,"SWW_WTH":2.48,"SW_RAMP":2,"VILL_NAME":"西區"},"geometry":{"type":"Polygon","coordinates":[[[120.433761,23.482062],[120.433738,23.48206],[120.433727,23.482089],[120.433709,23.482112],[120.433683,23.48213],[120.433642,23.482147],[120.433207,23.482108],[120.433205,23.482135],[120.433644,23.482168],[120.433691,23.482151],[120.433729,23.482124],[120.433751,23.482093],[120.433761,23.482062]]]}},{"type":"Feature","properties":{"id":"802e642c133f","NAME":"林森西路","PSTART":"林森西路426巷","PEND":"自由路","SW_DIRECT":"2","SW_LENG":80.98,"SW_WTH":2.81,"SWW_WTH":2.49,"SW_RAMP":2,"VILL_NAME":"西區"},"geometry":{"type":"Polygon","coordinates":[[[120.444741,23.482251],[120.444751,23.482244],[120.444563,23.482036],[120.444559,23.482016],[120.444547,23.481996],[120.444269,23.481693],[120.44425,23.481685],[120.44423,23.481691],[120.444741,23.482251]]]}},{"type":"Feature","properties":{"id":"33ef17e01b88","NAME":"友忠路","PSTART":"中興路","PEND":"住宅出入口","SW_DIRECT":"2","SW_LENG":58.58,"SW_WTH":3.5,"SWW_WTH":1.95,"SW_RAMP":2,"VILL_NAME":"西區"},"geometry":{"type":"Polygon","coordinates":[[[120.437548,23.481805],[120.437899,23.482227],[120.437906,23.482222],[120.437915,23.482207],[120.437911,23.482191],[120.437594,23.481809],[120.437573,23.481793],[120.437548,23.481805]]]}},{"type":"Feature","properties":{"id":"632b395b76e5","NAME":"中興路","PSTART":"友愛路","PEND":"友諒街","SW_DIRECT":"1","SW_LENG":52.05,"SW_WTH":2.98,"SWW_WTH":1.59,"SW_RAMP":2,"VILL_NAME":"西區"},"geometry":{"type":"Polygon","coordinates":[[[120.434036,23.482083],[120.434015,23.482087],[120.434039,23.482147],[120.434073,23.482185],[120.434116,23.482209],[120.43414,23.482216],[120.434457,23.482242],[120.434462,23.482217],[120.434133,23.482187],[120.434106,23.482181],[120.434082,23.482168],[120.434062,23.482147],[120.434044,23.482114],[120.434036,23.482083]]]}},{"type":"Feature","properties":{"id":"72e7569a82fa","NAME":"中興路","PSTART":"八德路","PEND":"德明路","SW_DIRECT":"2","SW_LENG":45.62,"SW_WTH":2.86,"SWW_WTH":1.54,"SW_RAMP":1,"VILL_NAME":"西區"},"geometry":{"type":"Polygon","coordinates":[[[120.431314,23.482195],[120.431316,23.482221],[120.43176,23.482259],[120.431762,23.482241],[120.431729,23.48223],[120.431314,23.482195]]]}},{"type":"Feature","properties":{"id":"b8386f050f70","NAME":"中興路","PSTART":"中興路 108巷","PEND":"友忠路","SW_DIRECT":"2","SW_LENG":85.76,"SW_WTH":2.8,"SWW_WTH":2.8,"SW_RAMP":4,"VILL_NAME":"西區"},"geometry":{"type":"Polygon","coordinates":[[[120.437565,23.481827],[120.437548,23.481805],[120.436892,23.482264],[120.436888,23.482279],[120.436893,23.482293],[120.436895,23.482296],[120.437249,23.482051],[120.437565,23.481827]]]}},{"type":"Feature","properties":{"id":"7d3e27f4c333","NAME":"中興路","PSTART":"友諒街","PEND":"友孝路","SW_DIRECT":"1","SW_LENG":102.83,"SW_WTH":2.9,"SWW_WTH":1.49,"SW_RAMP":2,"VILL_NAME":"西區"},"geometry":{"type":"Polygon","coordinates":[[[120.434494,23.48222],[120.434491,23.482246],[120.435494,23.482331],[120.435496,23.482306],[120.434494,23.48222]]]}},{"type":"Feature","properties":{"id":"76d7a6341707","NAME":"高鐵大道","PSTART":"世賢路二段138巷55","PEND":"世賢路二段","SW_DIRECT":"1","SW_LENG":230.67,"SW_WTH":2.11,"SWW_WTH":0.8,"SW_RAMP":3,"VILL_NAME":"西區"},"geometry":{"type":"Polygon","coordinates":[[[120.419824,23.481831],[120.418375,23.482267],[120.418382,23.482278],[120.418393,23.482281],[120.419746,23.481873],[120.419817,23.481855],[120.419898,23.481816],[120.41997,23.481762],[120.420029,23.481696],[120.420067,23.481634],[120.420099,23.48155],[120.42011,23.481484],[120.420108,23.481405],[120.420089,23.481327],[120.420067,23.481278],[120.420058,23.481266],[120.420042,23.481275],[120.420066,23.481323],[120.420081,23.48137],[120.420089,23.481419],[120.42009,23.481469],[120.420078,23.481543],[120.420054,23.481614],[120.42004,23.481641],[120.419989,23.481714],[120.419957,23.481746],[120.41991,23.481784],[120.419824,23.481831]]]}},{"type":"Feature","properties":{"id":"2bec3becb305","NAME":"友忠路","PSTART":"友忠路 668巷","PEND":"博愛路二段116巷","SW_DIRECT":"1","SW_LENG":33.19,"SW_WTH":3.38,"SWW_WTH":1.9,"SW_RAMP":1,"VILL_NAME":"西區"},"geometry":{"type":"Polygon","coordinates":[[[120.43859,23.482367],[120.438608,23.482372],[120.438626,23.482361],[120.438428,23.482124],[120.438402,23.482143],[120.43859,23.482367]]]}},{"type":"Feature","properties":{"id":"5f8418a581b9","NAME":"中興路","PSTART":"友孝路","PEND":"建國路","SW_DIRECT":"1","SW_LENG":62.81,"SW_WTH":2.95,"SWW_WTH":1.47,"SW_RAMP":2,"VILL_NAME":"西區"},"geometry":{"type":"Polygon","coordinates":[[[120.435832,23.482334],[120.43583,23.482345],[120.435835,23.482355],[120.435857,23.482363],[120.436187,23.482391],[120.436278,23.482392],[120.436312,23.482386],[120.436362,23.482363],[120.436415,23.482324],[120.43642,23.482307],[120.436414,23.482293],[120.436347,23.48234],[120.436303,23.482363],[120.436271,23.482367],[120.436188,23.482365],[120.435832,23.482334]]]}},{"type":"Feature","properties":{"id":"6567943b7385","NAME":"北港路","PSTART":"住宅出入口","PEND":"四維路","SW_DIRECT":"1","SW_LENG":66.64,"SW_WTH":2.79,"SWW_WTH":2.18,"SW_RAMP":null,"VILL_NAME":"西區"},"geometry":{"type":"Polygon","coordinates":[[[120.426453,23.482049],[120.425898,23.482371],[120.425899,23.482373],[120.425914,23.482384],[120.425932,23.482383],[120.426453,23.482077],[120.426459,23.482063],[120.426453,23.482049]]]}},{"type":"Feature","properties":{"id":"10e553b724a6","NAME":"博愛路二段","PSTART":"中興路","PEND":"竹文街","SW_DIRECT":"1","SW_LENG":246.21,"SW_WTH":3.0,"SWW_WTH":1.93,"SW_RAMP":2,"VILL_NAME":"西區"},"geometry":{"type":"Polygon","coordinates":[[[120.440521,23.482479],[120.439119,23.48078],[120.439128,23.480746],[120.439148,23.480719],[120.439129,23.480699],[120.43911,23.480722],[120.439099,23.480746],[120.439095,23.480776],[120.439099,23.480802],[120.440497,23.482494],[120.440521,23.482479]]]}},{"type":"Feature","properties":{"id":"13df81da988b","NAME":"中興路","PSTART":"德明路","PEND":"友愛路","SW_DIRECT":"2","SW_LENG":178.32,"SW_WTH":2.92,"SWW_WTH":1.57,"SW_RAMP":1,"VILL_NAME":"西區"},"geometry":{"type":"Polygon","coordinates":[[[120.432047,23.482282],[120.433578,23.482412],[120.433621,23.482422],[120.433643,23.482436],[120.433666,23.482458],[120.433684,23.482483],[120.433694,23.482509],[120.433693,23.482527],[120.433723,23.482528],[120.43372,23.482502],[120.43371,23.482472],[120.433697,23.482449],[120.433677,23.482425],[120.433638,23.482397],[120.433577,23.482387],[120.432049,23.482258],[120.432047,23.482282]]]}},{"type":"Feature","properties":{"id":"23bd33c48529","NAME":"中興路","PSTART":"友愛路","PEND":"友孝路","SW_DIRECT":"2","SW_LENG":163.33,"SW_WTH":2.98,"SWW_WTH":1.65,"SW_RAMP":2,"VILL_NAME":"西區"},"geometry":{"type":"Polygon","coordinates":[[[120.433959,23.482549],[120.433983,23.482553],[120.433985,23.48253],[120.433993,23.482509],[120.434021,23.482476],[120.434052,23.48246],[120.434087,23.482455],[120.435496,23.482574],[120.435489,23.482556],[120.43547,23.482547],[120.434115,23.482432],[120.434054,23.482436],[120.434006,23.482458],[120.433985,23.482476],[120.43397,23.482498],[120.433961,23.482523],[120.433959,23.482549]]]}},{"type":"Feature","properties":{"id":"9d8cd30d1e56","NAME":"中興路","PSTART":"建國路","PEND":"中興路 108巷","SW_DIRECT":"2","SW_LENG":49.95,"SW_WTH":2.8,"SWW_WTH":2.8,"SW_RAMP":5,"VILL_NAME":"西區"},"geometry":{"type":"Polygon","coordinates":[[[120.436832,23.482307],[120.436492,23.482548],[120.436461,23.482586],[120.436478,23.482601],[120.43651,23.48257],[120.436863,23.48232],[120.436849,23.482311],[120.436832,23.482307]]]}},{"type":"Feature","properties":{"id":"3a2f66793928","NAME":"博愛路二段","PSTART":"中興路","PEND":"竹文街","SW_DIRECT":"2","SW_LENG":251.43,"SW_WTH":2.91,"SWW_WTH":1.63,"SW_RAMP":1,"VILL_NAME":"西區"},"geometry":{"type":"Polygon","coordinates":[[[120.43892,23.480948],[120.438889,23.480939],[120.438801,23.480927],[120.438806,23.480955],[120.438879,23.480962],[120.438902,23.480971],[120.438914,23.480984],[120.440332,23.482693],[120.440342,23.48268],[120.440342,23.482663],[120.43892,23.480948]]]}},{"type":"Feature","properties":{"id":"50ac3eaf8796","NAME":"八德路","PSTART":"國城一街","PEND":"八德路 29巷","SW_DIRECT":"2","SW_LENG":98.6,"SW_WTH":3.08,"SWW_WTH":2.1,"SW_RAMP":5,"VILL_NAME":"西區"},"geometry":{"type":"Polygon","coordinates":[[[120.43079,23.481896],[120.430891,23.482046],[120.430907,23.482084],[120.430917,23.482131],[120.430916,23.482177],[120.43085,23.482746],[120.43086,23.482748],[120.430872,23.482743],[120.43088,23.482733],[120.430945,23.482177],[120.430945,23.482128],[120.430932,23.482069],[120.430908,23.482019],[120.430824,23.481897],[120.430807,23.48189],[120.43079,23.481896]]]}},{"type":"Feature","properties":{"id":"bd996443f7bc","NAME":"友愛路","PSTART":"中興路","PEND":"興雅路","SW_DIRECT":"2","SW_LENG":34.0,"SW_WTH":2.96,"SWW_WTH":1.52,"SW_RAMP":2,"VILL_NAME":"西區"},"geometry":{"type":"Polygon","coordinates":[[[120.433677,23.482834],[120.433688,23.482825],[120.433693,23.482814],[120.433723,23.482528],[120.433693,23.482527],[120.433663,23.482835],[120.433677,23.482834]]]}},{"type":"Feature","properties":{"id":"dcffa4d9647c","NAME":"林森西路","PSTART":"自由路","PEND":"民生北路","SW_DIRECT":"1","SW_LENG":65.46,"SW_WTH":1.37,"SWW_WTH":1.06,"SW_RAMP":1,"VILL_NAME":"西區"},"geometry":{"type":"Polygon","coordinates":[[[120.445305,23.482445],[120.445302,23.48243],[120.445289,23.482434],[120.445295,23.482453],[120.445696,23.482891],[120.445705,23.482885],[120.445305,23.482445]]]}},{"type":"Feature","properties":{"id":"70d2f45d7450","NAME":"友忠路","PSTART":"住宅出入口","PEND":"友竹街","SW_DIRECT":"2","SW_LENG":86.11,"SW_WTH":3.38,"SWW_WTH":1.87,"SW_RAMP":2,"VILL_NAME":"西區"},"geometry":{"type":"Polygon","coordinates":[[[120.437957,23.482246],[120.437939,23.482245],[120.437923,23.482255],[120.438437,23.482873],[120.438448,23.482865],[120.438455,23.482845],[120.437957,23.482246]]]}},{"type":"Feature","properties":{"id":"42635ed56047","NAME":"友愛路","PSTART":"中興路","PEND":"興雅路","SW_DIRECT":"1","SW_LENG":35.11,"SW_WTH":2.79,"SWW_WTH":1.51,"SW_RAMP":1,"VILL_NAME":"西區"},"geometry":{"type":"Polygon","coordinates":[[[120.433983,23.482553],[120.433959,23.482549],[120.433947,23.482656],[120.433931,23.482838],[120.433938,23.482857],[120.433952,23.482871],[120.433958,23.48287],[120.433956,23.482842],[120.433976,23.482656],[120.433983,23.482553]]]}},{"type":"Feature","properties":{"id":"ffbb1bac0a42","NAME":"北港路","PSTART":"無名路","PEND":"住宅出入口","SW_DIRECT":"1","SW_LENG":93.63,"SW_WTH":2.82,"SWW_WTH":1.39,"SW_RAMP":2,"VILL_NAME":"西區"},"geometry":{"type":"Polygon","coordinates":[[[120.425837,23.482407],[120.425475,23.482619],[120.425054,23.482865],[120.425068,23.482876],[120.425088,23.482874],[120.425827,23.482444],[120.425836,23.482427],[120.425837,23.482407]]]}},{"type":"Feature","properties":{"id":"bc4f556c2ee6","NAME":"建國路","PSTART":"中興路","PEND":"興雅路","SW_DIRECT":"2","SW_LENG":45.19,"SW_WTH":2.43,"SWW_WTH":1.41,"SW_RAMP":1,"VILL_NAME":"西區"},"geometry":{"type":"Polygon","coordinates":[[[120.436183,23.48264],[120.436167,23.482635],[120.436152,23.482644],[120.436175,23.482666],[120.436194,23.482701],[120.436161,23.48303],[120.436184,23.483031],[120.436217,23.48272],[120.436208,23.482673],[120.436183,23.48264]]]}},{"type":"Feature","properties":{"id":"383b70eebbcc","NAME":"北港路","PSTART":"無名路","PEND":"四維路","SW_DIRECT":"2","SW_LENG":167.72,"SW_WTH":2.83,"SWW_WTH":1.65,"SW_RAMP":2,"VILL_NAME":"西區"},"geometry":{"type":"Polygon","coordinates":[[[120.42657,23.482269],[120.425216,23.483057],[120.425208,23.48307],[120.425211,23.483085],[120.425215,23.48309],[120.426608,23.482276],[120.42659,23.482267],[120.42657,23.482269]]]}},{"type":"Feature","properties":{"id":"44f100d275de","NAME":"北港路","PSTART":"興達路","PEND":"無名路","SW_DIRECT":"1","SW_LENG":41.66,"SW_WTH":2.75,"SWW_WTH":2.29,"SW_RAMP":2,"VILL_NAME":"西區"},"geometry":{"type":"Polygon","coordinates":[[[120.425019,23.482886],[120.424729,23.483054],[120.424668,23.48309],[120.424682,23.483101],[120.424702,23.4831],[120.425011,23.48292],[120.425022,23.482905],[120.425019,23.482886]]]}},{"type":"Feature","properties":{"id":"47d361ca23db","NAME":"林森西路","PSTART":"自由路","PEND":"林森西路296巷","SW_DIRECT":"2","SW_LENG":109.98,"SW_WTH":1.19,"SWW_WTH":1.19,"SW_RAMP":2,"VILL_NAME":"西區"},"geometry":{"type":"Polygon","coordinates":[[[120.445003,23.482519],[120.444993,23.482527],[120.445541,23.483122],[120.445756,23.483206],[120.44576,23.483197],[120.445545,23.48311],[120.445003,23.482519]]]}},{"type":"Feature","properties":{"id":"c62016ac929e","NAME":"中興路","PSTART":"建國路","PEND":"雙竹街","SW_DIRECT":"1","SW_LENG":81.93,"SW_WTH":2.45,"SWW_WTH":1.34,"SW_RAMP":0,"VILL_NAME":"西區"},"geometry":{"type":"Polygon","coordinates":[[[120.436478,23.482601],[120.436461,23.482586],[120.436435,23.482643],[120.436423,23.482684],[120.436351,23.483323],[120.436378,23.483325],[120.43644,23.482721],[120.436447,23.482686],[120.436478,23.482601]]]}},{"type":"Feature","properties":{"id":"e30b3fb65c98","NAME":"林森西路","PSTART":"民生北路","PEND":"忠義街","SW_DIRECT":"1","SW_LENG":101.04,"SW_WTH":2.73,"SWW_WTH":1.66,"SW_RAMP":2,"VILL_NAME":"西區"},"geometry":{"type":"Polygon","coordinates":[[[120.445979,23.483003],[120.445981,23.483025],[120.445989,23.483033],[120.446011,23.483043],[120.446868,23.483387],[120.446884,23.483381],[120.446894,23.48337],[120.445979,23.483003]]]}},{"type":"Feature","properties":{"id":"c41937c911aa","NAME":"八德路","PSTART":"八德路 29巷","PEND":"國城二街","SW_DIRECT":"2","SW_LENG":58.4,"SW_WTH":2.99,"SWW_WTH":2.99,"SW_RAMP":2,"VILL_NAME":"西區"},"geometry":{"type":"Polygon","coordinates":[[[120.430843,23.482804],[120.430782,23.48333],[120.430786,23.483331],[120.430804,23.483327],[120.430814,23.483314],[120.430872,23.482807],[120.430843,23.482804]]]}},{"type":"Feature","properties":{"id":"50e84eadd1c7","NAME":"北港路","PSTART":"興達路","PEND":"無名路","SW_DIRECT":"2","SW_LENG":42.02,"SW_WTH":3.03,"SWW_WTH":2.7,"SW_RAMP":2,"VILL_NAME":"西區"},"geometry":{"type":"Polygon","coordinates":[[[120.424821,23.483319],[120.425055,23.483184],[120.425177,23.483112],[120.42516,23.483101],[120.425138,23.483102],[120.424825,23.483285],[120.424818,23.483301],[120.424821,23.483319]]]}},{"type":"Feature","properties":{"id":"c08c1e49ccfc","NAME":"林森西路","PSTART":"林森西路296巷","PEND":"林森西路268巷","SW_DIRECT":"2","SW_LENG":54.27,"SW_WTH":2.71,"SWW_WTH":2.54,"SW_RAMP":2,"VILL_NAME":"西區"},"geometry":{"type":"Polygon","coordinates":[[[120.446289,23.483421],[120.44629,23.4834],[120.446279,23.483388],[120.445811,23.483202],[120.445797,23.483222],[120.446289,23.483421]]]}},{"type":"Feature","properties":{"id":"a890886bcad8","NAME":"博愛路二段","PSTART":"竹文街","PEND":"博愛路二段23巷","SW_DIRECT":"1","SW_LENG":122.81,"SW_WTH":3.13,"SWW_WTH":1.98,"SW_RAMP":1,"VILL_NAME":"西區"},"geometry":{"type":"Polygon","coordinates":[[[120.441291,23.483452],[120.441304,23.483457],[120.441322,23.483449],[120.440629,23.482611],[120.440582,23.482548],[120.440579,23.482558],[120.440594,23.482611],[120.441291,23.483452]]]}},{"type":"Feature","properties":{"id":"b2600fed8157","NAME":"友忠路","PSTART":"博愛路二段116巷","PEND":"博愛路二段80巷","SW_DIRECT":"1","SW_LENG":156.32,"SW_WTH":3.46,"SWW_WTH":1.2,"SW_RAMP":2,"VILL_NAME":"西區"},"geometry":{"type":"Polygon","coordinates":[[[120.438638,23.482398],[120.438632,23.482411],[120.438636,23.482424],[120.439544,23.483513],[120.439563,23.48352],[120.439584,23.483509],[120.43865,23.482389],[120.438638,23.482398]]]}},{"type":"Feature","properties":{"id":"30783f342235","NAME":"林森西路","PSTART":"林森西路268巷","PEND":"無名巷","SW_DIRECT":"2","SW_LENG":44.11,"SW_WTH":2.79,"SWW_WTH":1.56,"SW_RAMP":null,"VILL_NAME":"西區"},"geometry":{"type":"Polygon","coordinates":[[[120.44634,23.483421],[120.446321,23.483432],[120.446719,23.483593],[120.446721,23.483587],[120.446707,23.483581],[120.446714,23.483566],[120.446704,23.48356],[120.446355,23.48342],[120.44634,23.483421]]]}},{"type":"Feature","properties":{"id":"72394da88458","NAME":"博愛路二段","PSTART":"博愛路二段80巷","PEND":"吉安街","SW_DIRECT":"2","SW_LENG":121.64,"SW_WTH":2.91,"SWW_WTH":1.61,"SW_RAMP":1,"VILL_NAME":"西區"},"geometry":{"type":"Polygon","coordinates":[[[120.44042,23.482758],[120.440402,23.482753],[120.440384,23.482758],[120.441109,23.483634],[120.441131,23.483619],[120.44042,23.482758]]]}},{"type":"Feature","properties":{"id":"a691b47501a1","NAME":"林森西路","PSTART":"忠義街","PEND":"國華街","SW_DIRECT":"1","SW_LENG":81.09,"SW_WTH":2.75,"SWW_WTH":1.72,"SW_RAMP":2,"VILL_NAME":"西區"},"geometry":{"type":"Polygon","coordinates":[[[120.447709,23.483697],[120.446976,23.483402],[120.446972,23.483411],[120.446974,23.483425],[120.446985,23.483436],[120.447673,23.483711],[120.447694,23.483711],[120.447709,23.483697]]]}},{"type":"Feature","properties":{"id":"edce846cad39","NAME":"北港路","PSTART":"北港路 503巷","PEND":"興達路","SW_DIRECT":"1","SW_LENG":78.46,"SW_WTH":2.67,"SWW_WTH":2.35,"SW_RAMP":null,"VILL_NAME":"西區"},"geometry":{"type":"Polygon","coordinates":[[[120.424415,23.483237],[120.424085,23.48343],[120.423762,23.483619],[120.423768,23.483627],[120.423783,23.483629],[120.423799,23.483625],[120.424414,23.483268],[120.424421,23.483253],[120.424415,23.483237]]]}},{"type":"Feature","properties":{"id":"8e54fe6505b4","NAME":"八德路","PSTART":"國城二街","PEND":"德安路","SW_DIRECT":"2","SW_LENG":29.46,"SW_WTH":2.91,"SWW_WTH":2.79,"SW_RAMP":0,"VILL_NAME":"西區"},"geometry":{"type":"Polygon","coordinates":[[[120.430804,23.483395],[120.430776,23.483393],[120.430746,23.483657],[120.430774,23.48366],[120.430804,23.483395]]]}},{"type":"Feature","properties":{"id":"7fef4f27c25c","NAME":"八德路","PSTART":"中興路","PEND":"德安路","SW_DIRECT":"1","SW_LENG":171.99,"SW_WTH":2.79,"SWW_WTH":1.54,"SW_RAMP":2,"VILL_NAME":"西區"},"geometry":{"type":"Polygon","coordinates":[[[120.431036,23.483685],[120.431197,23.482304],[120.431213,23.48227],[120.431241,23.482242],[120.431276,23.482225],[120.431316,23.482221],[120.431314,23.482195],[120.431266,23.482201],[120.431219,23.482225],[120.431186,23.482261],[120.431168,23.482305],[120.431011,23.483659],[120.431016,23.483675],[120.431031,23.483685],[120.431036,23.483685]]]}},{"type":"Feature","properties":{"id":"37c72ab0c287","NAME":"林森西路","PSTART":"無名巷","PEND":"無名巷","SW_DIRECT":"2","SW_LENG":43.18,"SW_WTH":2.97,"SWW_WTH":2.69,"SW_RAMP":2,"VILL_NAME":"西區"},"geometry":{"type":"Polygon","coordinates":[[[120.446748,23.483605],[120.447138,23.483765],[120.447142,23.483757],[120.447142,23.483743],[120.447131,23.483732],[120.446781,23.483591],[120.446759,23.483593],[120.446748,23.483605]]]}},{"type":"Feature","properties":{"id":"2e095acb8524","NAME":"友忠路","PSTART":"友竹街","PEND":"住宅出入口","SW_DIRECT":"2","SW_LENG":109.21,"SW_WTH":3.49,"SWW_WTH":1.92,"SW_RAMP":2,"VILL_NAME":"西區"},"geometry":{"type":"Polygon","coordinates":[[[120.438549,23.482957],[120.438528,23.482948],[120.438507,23.482958],[120.439159,23.483739],[120.43917,23.483734],[120.439178,23.48372],[120.439173,23.483704],[120.438549,23.482957]]]}},{"type":"Feature","properties":{"id":"bc252529e86c","NAME":"高鐵大道","PSTART":"北港路 715巷","PEND":"世賢路二段138巷55","SW_DIRECT":"1","SW_LENG":485.73,"SW_WTH":2.15,"SWW_WTH":0.92,"SW_RAMP":13,"VILL_NAME":"西區"},"geometry":{"type":"Polygon","coordinates":[[[120.413801,23.483648],[120.413839,23.483656],[120.418327,23.4823],[120.418335,23.482292],[120.418333,23.482279],[120.413801,23.483648]]]}},{"type":"Feature","properties":{"id":"bd490d83fe4e","NAME":"友忠路","PSTART":"住宅出入口","PEND":"友忠路722巷","SW_DIRECT":"2","SW_LENG":8.94,"SW_WTH":3.46,"SWW_WTH":2.96,"SW_RAMP":2,"VILL_NAME":"西區"},"geometry":{"type":"Polygon","coordinates":[[[120.439256,23.483804],[120.439236,23.483799],[120.439218,23.483809],[120.439272,23.483874],[120.439285,23.483862],[120.439288,23.483846],[120.439256,23.483804]]]}},{"type":"Feature","properties":{"id":"d22bf96c6c16","NAME":"博愛路二段","PSTART":"後驛街","PEND":"北興街","SW_DIRECT":"1","SW_LENG":48.81,"SW_WTH":2.73,"SWW_WTH":2.46,"SW_RAMP":1,"VILL_NAME":"西區"},"geometry":{"type":"Polygon","coordinates":[[[120.441408,23.483592],[120.441677,23.483919],[120.441699,23.483927],[120.441731,23.483914],[120.441674,23.483879],[120.44142,23.483566],[120.441407,23.483579],[120.441408,23.483592]]]}},{"type":"Feature","properties":{"id":"da66cac7b210","NAME":"博愛路二段","PSTART":"吉安街","PEND":"北興街","SW_DIRECT":"2","SW_LENG":39.85,"SW_WTH":2.94,"SWW_WTH":2.17,"SW_RAMP":1,"VILL_NAME":"西區"},"geometry":{"type":"Polygon","coordinates":[[[120.441155,23.48369],[120.441387,23.483977],[120.441412,23.48396],[120.441178,23.483676],[120.44117,23.483677],[120.441155,23.48369]]]}},{"type":"Feature","properties":{"id":"14fe9449520d","NAME":"友愛路","PSTART":"興雅路","PEND":"德安路","SW_DIRECT":"2","SW_LENG":97.97,"SW_WTH":2.95,"SWW_WTH":1.82,"SW_RAMP":6,"VILL_NAME":"西區"},"geometry":{"type":"Polygon","coordinates":[[[120.43364,23.483068],[120.43357,23.483724],[120.433545,23.483955],[120.433567,23.483949],[120.433578,23.483931],[120.433665,23.483095],[120.433658,23.483076],[120.43364,23.483068]]]}},{"type":"Feature","properties":{"id":"e19f94338151","NAME":"北港路","PSTART":"巷子出入口","PEND":"興達路","SW_DIRECT":"2","SW_LENG":95.15,"SW_WTH":2.82,"SWW_WTH":2.25,"SW_RAMP":1,"VILL_NAME":"西區"},"geometry":{"type":"Polygon","coordinates":[[[120.42378,23.483927],[120.423958,23.483823],[120.424571,23.483464],[120.424555,23.483452],[120.424535,23.483454],[120.423788,23.483891],[120.423776,23.483907],[120.42378,23.483927]]]}},{"type":"Feature","properties":{"id":"861443548a07","NAME":"高鐵大道","PSTART":"北港路 715巷","PEND":"世賢路二段","SW_DIRECT":"2","SW_LENG":668.12,"SW_WTH":2.12,"SWW_WTH":0.88,"SW_RAMP":11,"VILL_NAME":"西區"},"geometry":{"type":"Polygon","coordinates":[[[120.420062,23.482189],[120.41442,23.483889],[120.414413,23.483896],[120.414412,23.483907],[120.414415,23.483912],[120.41846,23.48269],[120.42006,23.482211],[120.420107,23.4822],[120.420224,23.482186],[120.420339,23.482189],[120.420418,23.482201],[120.42049,23.482219],[120.420558,23.482243],[120.42063,23.482276],[120.420687,23.482227],[120.420629,23.482158],[120.420605,23.482145],[120.420515,23.482113],[120.420433,23.482101],[120.420062,23.482189]]]}},{"type":"Feature","properties":{"id":"8b544676eb9d","NAME":"林森西路","PSTART":"國華街","PEND":"文化路","SW_DIRECT":"1","SW_LENG":77.73,"SW_WTH":2.98,"SWW_WTH":1.73,"SW_RAMP":2,"VILL_NAME":"西區"},"geometry":{"type":"Polygon","coordinates":[[[120.448517,23.48402],[120.44782,23.483743],[120.44781,23.483755],[120.447808,23.483766],[120.44849,23.48404],[120.448505,23.484037],[120.448517,23.48402]]]}},{"type":"Feature","properties":{"id":"de3f3f437e00","NAME":"林森西路","PSTART":"無名巷","PEND":"國華街","SW_DIRECT":"2","SW_LENG":64.25,"SW_WTH":3.15,"SWW_WTH":2.82,"SW_RAMP":null,"VILL_NAME":"西區"},"geometry":{"type":"Polygon","coordinates":[[[120.447616,23.48408],[120.447648,23.483996],[120.447644,23.483964],[120.447629,23.483934],[120.447226,23.48377],[120.447229,23.483765],[120.447206,23.483756],[120.447189,23.483759],[120.447175,23.483769],[120.447171,23.483778],[120.447581,23.483944],[120.447579,23.483947],[120.447594,23.483954],[120.447618,23.48401],[120.447593,23.484072],[120.447616,23.48408]]]}},{"type":"Feature","properties":{"id":"f91d9fc42d6a","NAME":"高鐵大道","PSTART":"大溪路","PEND":"北港路 715巷","SW_DIRECT":"1","SW_LENG":102.58,"SW_WTH":2.15,"SWW_WTH":2.25,"SW_RAMP":4,"VILL_NAME":"西區"},"geometry":{"type":"Polygon","coordinates":[[[120.413674,23.483699],[120.413674,23.483686],[120.412784,23.483955],[120.412715,23.483973],[120.412721,23.483991],[120.41279,23.483974],[120.413665,23.483709],[120.413674,23.483699]]]}},{"type":"Feature","properties":{"id":"1dc9ce85a4c6","NAME":"高鐵大道","PSTART":"加油站出入口","PEND":"北港路 715巷","SW_DIRECT":"2","SW_LENG":11.85,"SW_WTH":2.11,"SWW_WTH":0.84,"SW_RAMP":0,"VILL_NAME":"西區"},"geometry":{"type":"Polygon","coordinates":[[[120.414207,23.483974],[120.414199,23.483963],[120.414185,23.483961],[120.414102,23.483986],[120.414094,23.483994],[120.414093,23.484005],[120.414094,23.484009],[120.414207,23.483974]]]}},{"type":"Feature","properties":{"id":"30d0016270e5","NAME":"八德路","PSTART":"德安路","PEND":"德安路","SW_DIRECT":"2","SW_LENG":8.96,"SW_WTH":2.96,"SWW_WTH":2.78,"SW_RAMP":1,"VILL_NAME":"西區"},"geometry":{"type":"Polygon","coordinates":[[[120.430707,23.483989],[120.430697,23.484079],[120.430716,23.484072],[120.430729,23.484059],[120.430732,23.484008],[120.430723,23.483995],[120.430707,23.483989]]]}},{"type":"Feature","properties":{"id":"d9d4d4156dcb","NAME":"世賢路二段","PSTART":"高鐵大道","PEND":"北港路","SW_DIRECT":"1","SW_LENG":300.02,"SW_WTH":2.98,"SWW_WTH":1.45,"SW_RAMP":7,"VILL_NAME":"西區"},"geometry":{"type":"Polygon","coordinates":[[[120.421475,23.481869],[120.421414,23.481777],[120.421392,23.48179],[120.422952,23.484072],[120.422966,23.484075],[120.422986,23.484071],[120.421479,23.481867],[120.421475,23.481869]]]}},{"type":"Feature","properties":{"id":"ed0f29f7ed27","NAME":"北港路","PSTART":"世賢路二段","PEND":"北港路503巷","SW_DIRECT":"1","SW_LENG":87.93,"SW_WTH":2.55,"SWW_WTH":2.31,"SW_RAMP":2,"VILL_NAME":"西區"},"geometry":{"type":"Polygon","coordinates":[[[120.423045,23.484065],[120.42372,23.483673],[120.423731,23.483658],[120.423728,23.48364],[120.42299,23.484068],[120.423008,23.484075],[120.423045,23.484065]]]}},{"type":"Feature","properties":{"id":"096986aafe1c","NAME":"高鐵大道","PSTART":"加油站出入口","PEND":"加油站出入口","SW_DIRECT":"2","SW_LENG":21.9,"SW_WTH":2.11,"SWW_WTH":0.85,"SW_RAMP":0,"VILL_NAME":"西區"},"geometry":{"type":"Polygon","coordinates":[[[120.413922,23.484048],[120.413908,23.484044],[120.413728,23.484098],[120.413718,23.484108],[120.413722,23.48412],[120.413926,23.484059],[120.413922,23.484048]]]}},{"type":"Feature","properties":{"id":"1984ea93af46","NAME":"高鐵大道","PSTART":"大溪路","PEND":"大溪路","SW_DIRECT":"2","SW_LENG":12.83,"SW_WTH":3.19,"SWW_WTH":3.19,"SW_RAMP":3,"VILL_NAME":"西區"},"geometry":{"type":"Polygon","coordinates":[[[120.412312,23.484116],[120.412318,23.48411],[120.412314,23.484103],[120.412189,23.484058],[120.41219,23.484089],[120.412224,23.484102],[120.412237,23.484139],[120.412312,23.484116]]]}},{"type":"Feature","properties":{"id":"b36b3c341533","NAME":"高鐵大道","PSTART":"大溪路","PEND":"大溪路","SW_DIRECT":"2","SW_LENG":10.37,"SW_WTH":2.05,"SWW_WTH":0.9,"SW_RAMP":2,"VILL_NAME":"西區"},"geometry":{"type":"Polygon","coordinates":[[[120.412104,23.484054],[120.412111,23.484095],[120.412093,23.484138],[120.412111,23.484147],[120.412131,23.484097],[120.412124,23.484052],[120.412104,23.484054]]]}},{"type":"Feature","properties":{"id":"d70042a9e760","NAME":"林森西路","PSTART":"國華街","PEND":"文化路","SW_DIRECT":"2","SW_LENG":72.7,"SW_WTH":2.92,"SWW_WTH":2.68,"SW_RAMP":4,"VILL_NAME":"西區"},"geometry":{"type":"Polygon","coordinates":[[[120.448446,23.484286],[120.448451,23.484283],[120.448445,23.484262],[120.447822,23.48401],[120.447801,23.48401],[120.447787,23.484023],[120.448241,23.484209],[120.448446,23.484286]]]}},{"type":"Feature","properties":{"id":"ba33df5cfa30","NAME":"北港路","PSTART":"世賢路二段","PEND":"世賢路二段","SW_DIRECT":"1","SW_LENG":19.15,"SW_WTH":2.83,"SWW_WTH":2.83,"SW_RAMP":2,"VILL_NAME":"西區"},"geometry":{"type":"Polygon","coordinates":[[[120.422706,23.48419],[120.422732,23.484202],[120.422874,23.484106],[120.422864,23.48408],[120.422706,23.48419]]]}},{"type":"Feature","properties":{"id":"829bd0c2d300","NAME":"博愛路一段","PSTART":"北興街","PEND":"自由路","SW_DIRECT":"1","SW_LENG":62.86,"SW_WTH":2.87,"SWW_WTH":2.34,"SW_RAMP":2,"VILL_NAME":"西區"},"geometry":{"type":"Polygon","coordinates":[[[120.441753,23.484014],[120.441957,23.484257],[120.442097,23.484248],[120.442154,23.484255],[120.442219,23.484274],[120.442239,23.484272],[120.442237,23.484255],[120.442194,23.484238],[120.442165,23.484241],[120.442126,23.484235],[120.442107,23.484225],[120.441971,23.48422],[120.441964,23.484224],[120.441771,23.483992],[120.441756,23.484002],[120.441753,23.484014]]]}},{"type":"Feature","properties":{"id":"01223ee2ef9f","NAME":"德安路","PSTART":"德惠街","PEND":"八德路","SW_DIRECT":"2","SW_LENG":140.0,"SW_WTH":2.13,"SWW_WTH":2.13,"SW_RAMP":2,"VILL_NAME":"西區"},"geometry":{"type":"Polygon","coordinates":[[[120.432398,23.484059],[120.432398,23.484023],[120.430974,23.483887],[120.430974,23.483929],[120.432398,23.484059]]]}},{"type":"Feature","properties":{"id":"288c775d091a","NAME":"友忠路","PSTART":"友忠路722巷","PEND":"工廠出入口","SW_DIRECT":"2","SW_LENG":51.15,"SW_WTH":3.52,"SWW_WTH":3.1,"SW_RAMP":2,"VILL_NAME":"西區"},"geometry":{"type":"Polygon","coordinates":[[[120.439356,23.483925],[120.439336,23.483919],[120.439317,23.48393],[120.439623,23.484298],[120.439629,23.484295],[120.439639,23.484278],[120.439635,23.484259],[120.439356,23.483925]]]}},{"type":"Feature","properties":{"id":"8c852c63c593","NAME":"友愛路","PSTART":"興雅路","PEND":"遠東街","SW_DIRECT":"1","SW_LENG":130.45,"SW_WTH":2.89,"SWW_WTH":1.71,"SW_RAMP":2,"VILL_NAME":"西區"},"geometry":{"type":"Polygon","coordinates":[[[120.433806,23.484288],[120.433888,23.483514],[120.43393,23.483109],[120.433909,23.483115],[120.433898,23.483132],[120.433782,23.484262],[120.433789,23.48428],[120.433806,23.484288]]]}},{"type":"Feature","properties":{"id":"7aceb29687b2","NAME":"北港路","PSTART":"世賢路一段","PEND":"巷子出入口","SW_DIRECT":"2","SW_LENG":69.7,"SW_WTH":2.83,"SWW_WTH":2.33,"SW_RAMP":2,"VILL_NAME":"西區"},"geometry":{"type":"Polygon","coordinates":[[[120.423149,23.484266],[120.423163,23.484287],[120.423742,23.483948],[120.423727,23.483937],[120.423707,23.483939],[120.423149,23.484266]]]}},{"type":"Feature","properties":{"id":"62150e306621","NAME":"自由路","PSTART":"博愛路一段","PEND":"自由路","SW_DIRECT":"1","SW_LENG":11.87,"SW_WTH":1.55,"SWW_WTH":1.55,"SW_RAMP":2,"VILL_NAME":"西區"},"geometry":{"type":"Polygon","coordinates":[[[120.44209,23.484405],[120.442115,23.484405],[120.442121,23.484397],[120.442202,23.484342],[120.442186,23.484335],[120.44209,23.484405]]]}},{"type":"Feature","properties":{"id":"1d68562c9bc9","NAME":"北港路","PSTART":"世賢路二段","PEND":"世賢路二段","SW_DIRECT":"1","SW_LENG":17.99,"SW_WTH":2.69,"SWW_WTH":2.69,"SW_RAMP":2,"VILL_NAME":"西區"},"geometry":{"type":"Polygon","coordinates":[[[120.422263,23.484352],[120.422284,23.484373],[120.422426,23.484319],[120.422434,23.484308],[120.422437,23.484291],[120.422263,23.484352]]]}},{"type":"Feature","properties":{"id":"cf6ed4430b8d","NAME":"大溪路","PSTART":"高鐵大道","PEND":"高鐵大道","SW_DIRECT":"1","SW_LENG":22.89,"SW_WTH":3.43,"SWW_WTH":3.43,"SW_RAMP":null,"VILL_NAME":"西區"},"geometry":{"type":"Polygon","coordinates":[[[120.41312,23.484298],[120.413326,23.484373],[120.413331,23.484368],[120.413326,23.484342],[120.413199,23.484294],[120.413182,23.484264],[120.41312,23.484283],[120.413115,23.484288],[120.41312,23.484298]]]}},{"type":"Feature","properties":{"id":"f117890773fa","NAME":"世賢路二段","PSTART":"世賢路二段120巷","PEND":"北港路","SW_DIRECT":"2","SW_LENG":248.71,"SW_WTH":2.99,"SWW_WTH":1.94,"SW_RAMP":2,"VILL_NAME":"西區"},"geometry":{"type":"Polygon","coordinates":[[[120.420884,23.482519],[120.421767,23.483814],[120.422184,23.484425],[120.422194,23.48441],[120.422194,23.484392],[120.421794,23.483803],[120.420924,23.482526],[120.420902,23.482513],[120.420884,23.482519]]]}},{"type":"Feature","properties":{"id":"9143b76939c1","NAME":"高鐵大道","PSTART":"大溪路","PEND":"加油站出入口","SW_DIRECT":"2","SW_LENG":48.42,"SW_WTH":2.06,"SWW_WTH":1.14,"SW_RAMP":2,"VILL_NAME":"西區"},"geometry":{"type":"Polygon","coordinates":[[[120.413436,23.484413],[120.413454,23.484422],[120.413436,23.484404],[120.413421,23.484377],[120.413412,23.484347],[120.41341,23.484317],[120.413419,23.484272],[120.413444,23.484229],[120.41347,23.484207],[120.413497,23.48419],[120.413664,23.484138],[120.413659,23.484127],[120.413643,23.484124],[120.4135,23.484168],[120.413462,23.484189],[120.413429,23.484217],[120.413404,23.484256],[120.413396,23.484313],[120.413407,23.484364],[120.413436,23.484413]]]}},{"type":"Feature","properties":{"id":"adf684f995e1","NAME":"建國路","PSTART":"興雅路","PEND":"遠東街","SW_DIRECT":"2","SW_LENG":133.98,"SW_WTH":2.44,"SWW_WTH":1.26,"SW_RAMP":2,"VILL_NAME":"西區"},"geometry":{"type":"Polygon","coordinates":[[[120.435992,23.484506],[120.436007,23.484506],[120.436021,23.484479],[120.436151,23.483323],[120.436149,23.483308],[120.436143,23.483302],[120.436131,23.4833],[120.43601,23.484372],[120.435992,23.484506]]]}},{"type":"Feature","properties":{"id":"de29bc606592","NAME":"友忠路","PSTART":"博愛路二段80巷","PEND":"北興街","SW_DIRECT":"1","SW_LENG":132.32,"SW_WTH":0.33,"SWW_WTH":1.85,"SW_RAMP":2,"VILL_NAME":"西區"},"geometry":{"type":"Polygon","coordinates":[[[120.440426,23.484526],[120.439637,23.483573],[120.439635,23.483575],[120.439624,23.483591],[120.439625,23.48361],[120.440391,23.484529],[120.440408,23.484536],[120.440426,23.484526]]]}},{"type":"Feature","properties":{"id":"0a259a3f9c48","NAME":"高鐵大道","PSTART":"大溪路二段210巷","PEND":"大溪路","SW_DIRECT":"2","SW_LENG":73.99,"SW_WTH":2.07,"SWW_WTH":0.9,"SW_RAMP":2,"VILL_NAME":"西區"},"geometry":{"type":"Polygon","coordinates":[[[120.41249,23.484493],[120.412632,23.484449],[120.412727,23.484427],[120.412872,23.484409],[120.41294,23.484405],[120.413011,23.484408],[120.4132,23.484436],[120.413001,23.484393],[120.412939,23.484387],[120.412889,23.484388],[120.412771,23.4844],[120.412663,23.484422],[120.412484,23.484475],[120.41249,23.484493]]]}},{"type":"Feature","properties":{"id":"c04042844804","NAME":"自由路","PSTART":"博愛路一段","PEND":"自由路","SW_DIRECT":"2","SW_LENG":12.83,"SW_WTH":1.58,"SWW_WTH":1.58,"SW_RAMP":2,"VILL_NAME":"西區"},"geometry":{"type":"Polygon","coordinates":[[[120.442363,23.484536],[120.442359,23.484522],[120.442313,23.484544],[120.442257,23.484581],[120.442254,23.484603],[120.442322,23.484556],[120.442363,23.484536]]]}},{"type":"Feature","properties":{"id":"09e6158b53d6","NAME":"八德路","PSTART":"德安路","PEND":"國賢一街","SW_DIRECT":"2","SW_LENG":41.26,"SW_WTH":3.01,"SWW_WTH":3.01,"SW_RAMP":1,"VILL_NAME":"西區"},"geometry":{"type":"Polygon","coordinates":[[[120.430685,23.484191],[120.430683,23.484207],[120.430639,23.484567],[120.430662,23.484561],[120.430673,23.484543],[120.430707,23.484242],[120.430705,23.484199],[120.430685,23.484191]]]}},{"type":"Feature","properties":{"id":"811e0c419f1a","NAME":"自由路","PSTART":"自由路","PEND":"博愛路一段","SW_DIRECT":"1","SW_LENG":14.34,"SW_WTH":1.47,"SWW_WTH":1.47,"SW_RAMP":2,"VILL_NAME":"西區"},"geometry":{"type":"Polygon","coordinates":[[[120.441885,23.484568],[120.441889,23.484545],[120.441779,23.484634],[120.441783,23.484649],[120.441885,23.484568]]]}},{"type":"Feature","properties":{"id":"e6d2d3bd9206","NAME":"友愛路","PSTART":"遠東街","PEND":"興通路","SW_DIRECT":"1","SW_LENG":18.52,"SW_WTH":2.82,"SWW_WTH":2.82,"SW_RAMP":null,"VILL_NAME":"西區"},"geometry":{"type":"Polygon","coordinates":[[[120.433771,23.484639],[120.433788,23.484462],[120.433771,23.484469],[120.433759,23.484483],[120.433745,23.484611],[120.433753,23.48463],[120.433771,23.484639]]]}},{"type":"Feature","properties":{"id":"868428ceee35","NAME":"博愛路一段","PSTART":"北興街","PEND":"自由路","SW_DIRECT":"2","SW_LENG":67.75,"SW_WTH":3.1,"SWW_WTH":3.1,"SW_RAMP":1,"VILL_NAME":"西區"},"geometry":{"type":"Polygon","coordinates":[[[120.441739,23.484401],[120.4417,23.484475],[120.441686,23.484537],[120.441687,23.484597],[120.441693,23.484649],[120.441702,23.484689],[120.441718,23.484707],[120.441726,23.484692],[120.441729,23.48467],[120.441726,23.484628],[120.441717,23.484573],[120.441719,23.484522],[120.44174,23.484456],[120.441743,23.484456],[120.441764,23.484417],[120.441769,23.484397],[120.441766,23.484388],[120.441578,23.484161],[120.441554,23.484166],[120.441554,23.484177],[120.441739,23.484401]]]}},{"type":"Feature","properties":{"id":"2cb81f04d2b1","NAME":"友忠路","PSTART":"工廠出入口","PEND":"北興街","SW_DIRECT":"2","SW_LENG":58.89,"SW_WTH":3.51,"SWW_WTH":3.1,"SW_RAMP":2,"VILL_NAME":"西區"},"geometry":{"type":"Polygon","coordinates":[[[120.43964,23.484319],[120.439995,23.484744],[120.440009,23.484734],[120.440015,23.484722],[120.440011,23.484709],[120.439688,23.484323],[120.439665,23.484312],[120.43964,23.484319]]]}},{"type":"Feature","properties":{"id":"a807566a288f","NAME":"北港路","PSTART":"世賢路一段","PEND":"世賢路一段","SW_DIRECT":"2","SW_LENG":20.45,"SW_WTH":2.89,"SWW_WTH":2.89,"SW_RAMP":2,"VILL_NAME":"西區"},"geometry":{"type":"Polygon","coordinates":[[[120.422512,23.484685],[120.422702,23.484605],[120.422671,23.48459],[120.422498,23.484661],[120.422512,23.484685]]]}},{"type":"Feature","properties":{"id":"644ebc8f2c1a","NAME":"建國路","PSTART":"雙竹街","PEND":"遠東街","SW_DIRECT":"1","SW_LENG":132.99,"SW_WTH":2.46,"SWW_WTH":1.32,"SW_RAMP":1,"VILL_NAME":"西區"},"geometry":{"type":"Polygon","coordinates":[[[120.436212,23.48477],[120.436347,23.483576],[120.436323,23.483573],[120.436188,23.484768],[120.436212,23.48477]]]}},{"type":"Feature","properties":{"id":"13d196305763","NAME":"自由路","PSTART":"自由路","PEND":"博愛路一段","SW_DIRECT":"2","SW_LENG":12.16,"SW_WTH":1.61,"SWW_WTH":1.61,"SW_RAMP":2,"VILL_NAME":"西區"},"geometry":{"type":"Polygon","coordinates":[[[120.441978,23.484818],[120.442063,23.484757],[120.442039,23.484755],[120.441962,23.484812],[120.44196,23.484819],[120.441966,23.48483],[120.441978,23.484818]]]}},{"type":"Feature","properties":{"id":"fd7e3488f96c","NAME":"興達路","PSTART":"四維路","PEND":"國賢二街","SW_DIRECT":"1","SW_LENG":39.86,"SW_WTH":2.37,"SWW_WTH":1.23,"SW_RAMP":2,"VILL_NAME":"西區"},"geometry":{"type":"Polygon","coordinates":[[[120.428075,23.484779],[120.428079,23.484793],[120.428092,23.484801],[120.428444,23.484828],[120.428461,23.484823],[120.428469,23.484808],[120.428075,23.484779]]]}},{"type":"Feature","properties":{"id":"f1e91e30a6d2","NAME":"八德路","PSTART":"國賢一街","PEND":"興達路","SW_DIRECT":"2","SW_LENG":30.18,"SW_WTH":3.14,"SWW_WTH":2.87,"SW_RAMP":1,"VILL_NAME":"西區"},"geometry":{"type":"Polygon","coordinates":[[[120.430635,23.484601],[120.430603,23.484876],[120.430634,23.484879],[120.430663,23.48463],[120.430655,23.484611],[120.430635,23.484601]]]}},{"type":"Feature","properties":{"id":"6bc75ea45af0","NAME":"八德路","PSTART":"德安路","PEND":"興達路","SW_DIRECT":"1","SW_LENG":98.25,"SW_WTH":2.9,"SWW_WTH":1.69,"SW_RAMP":2,"VILL_NAME":"西區"},"geometry":{"type":"Polygon","coordinates":[[[120.430873,23.484861],[120.430881,23.484879],[120.430898,23.484887],[120.431001,23.483997],[120.430981,23.484003],[120.43097,23.48402],[120.430873,23.484861]]]}},{"type":"Feature","properties":{"id":"d185ac7c030e","NAME":"興達路","PSTART":"國賢二街","PEND":"國賢三街","SW_DIRECT":"1","SW_LENG":143.27,"SW_WTH":2.62,"SWW_WTH":1.24,"SW_RAMP":2,"VILL_NAME":"西區"},"geometry":{"type":"Polygon","coordinates":[[[120.428671,23.484844],[120.429985,23.484943],[120.430016,23.484938],[120.430054,23.484917],[120.430043,23.484908],[120.43002,23.484919],[120.429997,23.484924],[120.42866,23.484821],[120.428661,23.484835],[120.428671,23.484844]]]}},{"type":"Feature","properties":{"id":"f1469b0a6f4a","NAME":"興達路","PSTART":"國賢三街","PEND":"八德路","SW_DIRECT":"1","SW_LENG":46.92,"SW_WTH":2.59,"SWW_WTH":2.36,"SW_RAMP":1,"VILL_NAME":"西區"},"geometry":{"type":"Polygon","coordinates":[[[120.430634,23.484879],[120.430603,23.484876],[120.430592,23.484907],[120.430574,23.484931],[120.430546,23.484951],[120.430515,23.484961],[120.4305,23.484963],[120.430213,23.484938],[120.430209,23.484963],[120.430496,23.484985],[120.430521,23.484983],[120.430563,23.484968],[120.430594,23.484946],[120.430618,23.484916],[120.430634,23.484879]]]}},{"type":"Feature","properties":{"id":"0fc8b6b40b5d","NAME":"博愛路一段","PSTART":"自由路","PEND":"博愛路一段385巷","SW_DIRECT":"1","SW_LENG":71.29,"SW_WTH":3.15,"SWW_WTH":2.0,"SW_RAMP":2,"VILL_NAME":"西區"},"geometry":{"type":"Polygon","coordinates":[[[120.442432,23.484513],[120.442439,23.48457],[120.442436,23.484627],[120.442418,23.484696],[120.44239,23.484751],[120.442386,23.484767],[120.442389,23.484783],[120.442602,23.485037],[120.442625,23.485023],[120.442414,23.484764],[120.442427,23.484751],[120.442448,23.484703],[120.442461,23.484653],[120.442466,23.484614],[120.442467,23.484576],[120.442462,23.484524],[120.442442,23.484466],[120.44242,23.484472],[120.442432,23.484513]]]}},{"type":"Feature","properties":{"id":"8de38cec1cb5","NAME":"世賢路一段","PSTART":"北港路","PEND":"加油站出入口","SW_DIRECT":"2","SW_LENG":44.19,"SW_WTH":2.91,"SWW_WTH":2.47,"SW_RAMP":2,"VILL_NAME":"西區"},"geometry":{"type":"Polygon","coordinates":[[[120.422364,23.484677],[120.422652,23.48499],[120.422653,23.48499],[120.422662,23.48497],[120.422655,23.484951],[120.422404,23.484681],[120.422385,23.484675],[120.422364,23.484677]]]}},{"type":"Feature","properties":{"id":"4bc312f085e2","NAME":"興達路","PSTART":"四維路","PEND":"興達路 592巷","SW_DIRECT":"2","SW_LENG":76.13,"SW_WTH":2.64,"SWW_WTH":1.34,"SW_RAMP":2,"VILL_NAME":"西區"},"geometry":{"type":"Polygon","coordinates":[[[120.428781,23.48505],[120.428775,23.485039],[120.428762,23.485034],[120.428039,23.484978],[120.428037,23.485001],[120.42878,23.48506],[120.428781,23.48505]]]}},{"type":"Feature","properties":{"id":"f1bb0236bcb0","NAME":"興達路","PSTART":"八德路","PEND":"北鎮街","SW_DIRECT":"1","SW_LENG":77.89,"SW_WTH":2.43,"SWW_WTH":1.03,"SW_RAMP":2,"VILL_NAME":"西區"},"geometry":{"type":"Polygon","coordinates":[[[120.4317,23.485103],[120.431713,23.485094],[120.431716,23.485081],[120.430957,23.485004],[120.430954,23.485025],[120.4317,23.485103]]]}},{"type":"Feature","properties":{"id":"ca14f6d7fda1","NAME":"興達路","PSTART":"興達路 592巷","PEND":"國聖四街","SW_DIRECT":"2","SW_LENG":47.21,"SW_WTH":2.4,"SWW_WTH":0.92,"SW_RAMP":2,"VILL_NAME":"西區"},"geometry":{"type":"Polygon","coordinates":[[[120.429404,23.485084],[120.428978,23.48505],[120.42896,23.485057],[120.428953,23.485071],[120.429423,23.485106],[120.429416,23.485093],[120.429404,23.485084]]]}},{"type":"Feature","properties":{"id":"f6964860c8ca","NAME":"博愛路一段","PSTART":"自由路","PEND":"博愛路 496巷","SW_DIRECT":"2","SW_LENG":56.36,"SW_WTH":2.68,"SWW_WTH":1.44,"SW_RAMP":2,"VILL_NAME":"西區"},"geometry":{"type":"Polygon","coordinates":[[[120.442203,23.484918],[120.442189,23.484908],[120.442119,23.484919],[120.442069,23.484918],[120.441955,23.484892],[120.441946,23.484921],[120.442004,23.484935],[120.442089,23.484941],[120.442183,23.484932],[120.442365,23.485155],[120.442389,23.485137],[120.442203,23.484918]]]}},{"type":"Feature","properties":{"id":"8a24b9490041","NAME":"興達路","PSTART":"國聖四街","PEND":"國聖六街","SW_DIRECT":"2","SW_LENG":42.5,"SW_WTH":2.51,"SWW_WTH":1.65,"SW_RAMP":2,"VILL_NAME":"西區"},"geometry":{"type":"Polygon","coordinates":[[[120.430021,23.48513],[120.429636,23.485101],[120.429619,23.485108],[120.429608,23.485123],[120.430031,23.485151],[120.430029,23.485139],[120.430021,23.48513]]]}},{"type":"Feature","properties":{"id":"238c02bd7664","NAME":"自由路","PSTART":"友忠路","PEND":"博愛路一段","SW_DIRECT":"1","SW_LENG":88.54,"SW_WTH":2.48,"SWW_WTH":1.08,"SW_RAMP":2,"VILL_NAME":"西區"},"geometry":{"type":"Polygon","coordinates":[[[120.441718,23.484707],[120.441702,23.484689],[120.441032,23.485199],[120.441043,23.485207],[120.441057,23.485208],[120.441718,23.484707]]]}},{"type":"Feature","properties":{"id":"0bea7e22fbf1","NAME":"友忠路","PSTART":"北興街","PEND":"自由路","SW_DIRECT":"2","SW_LENG":83.4,"SW_WTH":1.92,"SWW_WTH":1.38,"SW_RAMP":2,"VILL_NAME":"西區"},"geometry":{"type":"Polygon","coordinates":[[[120.441011,23.485243],[120.440868,23.485077],[120.44087,23.485075],[120.440719,23.484893],[120.440518,23.484635],[120.440511,23.484639],[120.440503,23.484653],[120.440508,23.484668],[120.440984,23.48524],[120.440997,23.485246],[120.441011,23.485243]]]}},{"type":"Feature","properties":{"id":"e1c5585f4eb1","NAME":"博愛路一段","PSTART":"博愛路 496巷","PEND":"博愛路一段492巷","SW_DIRECT":"2","SW_LENG":11.77,"SW_WTH":2.72,"SWW_WTH":1.45,"SW_RAMP":2,"VILL_NAME":"西區"},"geometry":{"type":"Polygon","coordinates":[[[120.442413,23.485214],[120.442487,23.4853],[120.442502,23.48528],[120.442436,23.485198],[120.442413,23.485214]]]}},{"type":"Feature","properties":{"id":"1dfaab0b7406","NAME":"興達路","PSTART":"北鎮街","PEND":"友愛路","SW_DIRECT":"1","SW_LENG":151.64,"SW_WTH":2.56,"SWW_WTH":1.17,"SW_RAMP":2,"VILL_NAME":"西區"},"geometry":{"type":"Polygon","coordinates":[[[120.433278,23.485245],[120.433158,23.485231],[120.431792,23.48509],[120.431793,23.485098],[120.431803,23.4851],[120.431813,23.485114],[120.433146,23.485254],[120.433281,23.485267],[120.433278,23.485245]]]}},{"type":"Feature","properties":{"id":"c8277951fe37","NAME":"友愛路","PSTART":"德安路","PEND":"興達路","SW_DIRECT":"2","SW_LENG":120.34,"SW_WTH":2.9,"SWW_WTH":1.59,"SW_RAMP":1,"VILL_NAME":"西區"},"geometry":{"type":"Polygon","coordinates":[[[120.433546,23.484255],[120.433514,23.484253],[120.433421,23.485146],[120.433397,23.485181],[120.433364,23.485211],[120.433324,23.485233],[120.433278,23.485245],[120.433281,23.485267],[120.433334,23.485253],[120.433382,23.485227],[120.433417,23.485198],[120.433448,23.485155],[120.433546,23.484255]]]}},{"type":"Feature","properties":{"id":"1c45d8ea31d2","NAME":"友忠路","PSTART":"北興街","PEND":"自由路","SW_DIRECT":"1","SW_LENG":62.13,"SW_WTH":3.45,"SWW_WTH":2.91,"SW_RAMP":1,"VILL_NAME":"西區"},"geometry":{"type":"Polygon","coordinates":[[[120.440085,23.48485],[120.440457,23.485296],[120.440484,23.485276],[120.440127,23.484849],[120.440105,23.48484],[120.440085,23.48485]]]}},{"type":"Feature","properties":{"id":"4aca3949a701","NAME":"興達路","PSTART":"國聖六街","PEND":"八德路","SW_DIRECT":"2","SW_LENG":48.01,"SW_WTH":2.7,"SWW_WTH":1.91,"SW_RAMP":2,"VILL_NAME":"西區"},"geometry":{"type":"Polygon","coordinates":[[[120.430584,23.485267],[120.430571,23.485232],[120.43055,23.485204],[120.430521,23.485182],[120.430482,23.485167],[120.430172,23.485142],[120.430153,23.485147],[120.430143,23.485163],[120.430473,23.48519],[120.430499,23.485201],[120.430525,23.48522],[120.430543,23.485242],[120.430556,23.48527],[120.430584,23.485267]]]}},{"type":"Feature","properties":{"id":"55276e779c86","NAME":"興達路","PSTART":"八德路","PEND":"北鎮街","SW_DIRECT":"2","SW_LENG":73.65,"SW_WTH":2.15,"SWW_WTH":0.84,"SW_RAMP":1,"VILL_NAME":"西區"},"geometry":{"type":"Polygon","coordinates":[[[120.430955,23.485209],[120.430935,23.485214],[120.430922,23.485228],[120.431645,23.485302],[120.431649,23.485281],[120.430955,23.485209]]]}},{"type":"Feature","properties":{"id":"42d3281093d7","NAME":"友愛路","PSTART":"興通路","PEND":"興達路","SW_DIRECT":"1","SW_LENG":51.25,"SW_WTH":3.34,"SWW_WTH":2.29,"SW_RAMP":3,"VILL_NAME":"西區"},"geometry":{"type":"Polygon","coordinates":[[[120.433814,23.485294],[120.433786,23.48529],[120.433751,23.48527],[120.433728,23.485243],[120.433714,23.485208],[120.433712,23.485189],[120.433742,23.484903],[120.433733,23.484904],[120.433719,23.484911],[120.433712,23.484924],[120.433698,23.485058],[120.433681,23.485162],[120.433683,23.485203],[120.433703,23.485251],[120.433719,23.485272],[120.433743,23.485292],[120.433776,23.48531],[120.433812,23.485319],[120.433814,23.485294]]]}},{"type":"Feature","properties":{"id":"b4f3c8c680c4","NAME":"自由路","PSTART":"友忠路","PEND":"博愛路一段","SW_DIRECT":"2","SW_LENG":79.51,"SW_WTH":2.51,"SWW_WTH":1.17,"SW_RAMP":2,"VILL_NAME":"西區"},"geometry":{"type":"Polygon","coordinates":[[[120.441216,23.485379],[120.441211,23.485394],[120.441218,23.485408],[120.44182,23.484951],[120.441805,23.484932],[120.441216,23.485379]]]}},{"type":"Feature","properties":{"id":"367f879d803f","NAME":"興達路","PSTART":"友愛路","PEND":"友孝路","SW_DIRECT":"1","SW_LENG":143.97,"SW_WTH":2.5,"SWW_WTH":1.21,"SW_RAMP":1,"VILL_NAME":"西區"},"geometry":{"type":"Polygon","coordinates":[[[120.435229,23.48541],[120.433814,23.485294],[120.433812,23.485319],[120.435183,23.48543],[120.435208,23.485426],[120.435229,23.48541]]]}},{"type":"Feature","properties":{"id":"91ca11231a7f","NAME":"興達路","PSTART":"北鎮街","PEND":"無名路","SW_DIRECT":"2","SW_LENG":103.8,"SW_WTH":2.47,"SWW_WTH":1.83,"SW_RAMP":2,"VILL_NAME":"西區"},"geometry":{"type":"Polygon","coordinates":[[[120.431817,23.485325],[120.431816,23.485346],[120.43183,23.485347],[120.431847,23.485331],[120.43187,23.485327],[120.432813,23.485426],[120.432815,23.485404],[120.431867,23.485304],[120.43184,23.485309],[120.431817,23.485325]]]}},{"type":"Feature","properties":{"id":"456a2ca53bd1","NAME":"建國路","PSTART":"遠東街","PEND":"興達路","SW_DIRECT":"1","SW_LENG":85.0,"SW_WTH":2.55,"SWW_WTH":1.42,"SW_RAMP":2,"VILL_NAME":"西區"},"geometry":{"type":"Polygon","coordinates":[[[120.436186,23.485016],[120.436169,23.485023],[120.436158,23.485038],[120.436112,23.485442],[120.436137,23.485445],[120.436186,23.485016]]]}},{"type":"Feature","properties":{"id":"f378ea9840b1","NAME":"博愛路一段","PSTART":"博愛路一段385巷","PEND":"長安街","SW_DIRECT":"1","SW_LENG":55.99,"SW_WTH":3.12,"SWW_WTH":1.61,"SW_RAMP":2,"VILL_NAME":"西區"},"geometry":{"type":"Polygon","coordinates":[[[120.442655,23.485081],[120.442651,23.485096],[120.442978,23.48549],[120.443002,23.485472],[120.44267,23.485072],[120.442655,23.485081]]]}},{"type":"Feature","properties":{"id":"61638a225174","NAME":"興達路","PSTART":"友孝路","PEND":"建國路","SW_DIRECT":"1","SW_LENG":62.6,"SW_WTH":2.5,"SWW_WTH":1.33,"SW_RAMP":1,"VILL_NAME":"西區"},"geometry":{"type":"Polygon","coordinates":[[[120.43585,23.485459],[120.435892,23.485419],[120.435919,23.485372],[120.435929,23.485324],[120.435938,23.485233],[120.435913,23.485229],[120.435898,23.485356],[120.435885,23.485384],[120.435854,23.485424],[120.435814,23.485453],[120.435747,23.485453],[120.435493,23.485434],[120.435498,23.485448],[120.435511,23.485455],[120.435748,23.485475],[120.435821,23.485476],[120.43585,23.485459]]]}},{"type":"Feature","properties":{"id":"451ddbdd1bd2","NAME":"興達路","PSTART":"無名路","PEND":"友愛路","SW_DIRECT":"2","SW_LENG":44.38,"SW_WTH":2.49,"SWW_WTH":1.05,"SW_RAMP":2,"VILL_NAME":"西區"},"geometry":{"type":"Polygon","coordinates":[[[120.432872,23.485409],[120.432869,23.485429],[120.433231,23.485471],[120.433284,23.485514],[120.433285,23.485503],[120.433238,23.485464],[120.433233,23.485447],[120.432872,23.485409]]]}},{"type":"Feature","properties":{"id":"c5564c42e922","NAME":"博愛路一段","PSTART":"博愛路一段482巷","PEND":"博愛路 496巷","SW_DIRECT":"2","SW_LENG":32.33,"SW_WTH":2.9,"SWW_WTH":1.78,"SW_RAMP":2,"VILL_NAME":"西區"},"geometry":{"type":"Polygon","coordinates":[[[120.442736,23.48556],[120.442544,23.48533],[120.442521,23.485344],[120.442713,23.485578],[120.442736,23.48556]]]}},{"type":"Feature","properties":{"id":"53485b906e1f","NAME":"八德路","PSTART":"興達路","PEND":"國聖一街","SW_DIRECT":"2","SW_LENG":30.07,"SW_WTH":2.87,"SWW_WTH":2.16,"SW_RAMP":0,"VILL_NAME":"西區"},"geometry":{"type":"Polygon","coordinates":[[[120.430584,23.485267],[120.430556,23.48527],[120.430531,23.485537],[120.43056,23.485542],[120.430584,23.485267]]]}},{"type":"Feature","properties":{"id":"497f1d165ef2","NAME":"興達路","PSTART":"友愛路","PEND":"友孝路","SW_DIRECT":"2","SW_LENG":149.47,"SW_WTH":2.28,"SWW_WTH":0.97,"SW_RAMP":1,"VILL_NAME":"西區"},"geometry":{"type":"Polygon","coordinates":[[[120.433879,23.485528],[120.43451,23.485579],[120.435218,23.485636],[120.435206,23.485619],[120.435185,23.485611],[120.433801,23.485501],[120.433777,23.48552],[120.433772,23.485571],[120.433785,23.485572],[120.433808,23.485552],[120.433836,23.485538],[120.433879,23.485528]]]}},{"type":"Feature","properties":{"id":"81b51eb359e2","NAME":"興達路","PSTART":"友孝路","PEND":"建國路","SW_DIRECT":"2","SW_LENG":41.37,"SW_WTH":2.47,"SWW_WTH":0.95,"SW_RAMP":1,"VILL_NAME":"西區"},"geometry":{"type":"Polygon","coordinates":[[[120.43585,23.485667],[120.435461,23.485633],[120.435447,23.48564],[120.43544,23.485653],[120.435847,23.485688],[120.43585,23.485667]]]}},{"type":"Feature","properties":{"id":"25aef062b9bd","NAME":"友忠路","PSTART":"自由路","PEND":"友忠路827巷","SW_DIRECT":"2","SW_LENG":28.53,"SW_WTH":3.38,"SWW_WTH":2.91,"SW_RAMP":2,"VILL_NAME":"西區"},"geometry":{"type":"Polygon","coordinates":[[[120.441172,23.486096],[120.441001,23.485893],[120.440975,23.485911],[120.441147,23.486115],[120.441172,23.486096]]]}},{"type":"Feature","properties":{"id":"52b4b2d3d181","NAME":"博愛路一段","PSTART":"博愛路一段482巷","PEND":"博愛路一段448巷","SW_DIRECT":"2","SW_LENG":74.55,"SW_WTH":2.87,"SWW_WTH":2.05,"SW_RAMP":2,"VILL_NAME":"西區"},"geometry":{"type":"Polygon","coordinates":[[[120.443213,23.486176],[120.443234,23.48616],[120.442792,23.485626],[120.442769,23.485641],[120.443213,23.486176]]]}},{"type":"Feature","properties":{"id":"ac8381b1d8d8","NAME":"興達路","PSTART":"建國路","PEND":"北興街","SW_DIRECT":"1","SW_LENG":118.28,"SW_WTH":2.43,"SWW_WTH":1.92,"SW_RAMP":3,"VILL_NAME":"西區"},"geometry":{"type":"Polygon","coordinates":[[[120.436797,23.486288],[120.436806,23.48628],[120.436784,23.486255],[120.436197,23.485624],[120.436159,23.485573],[120.436141,23.485536],[120.436132,23.485491],[120.436137,23.485445],[120.436112,23.485442],[120.436107,23.485491],[120.436117,23.485543],[120.436137,23.485585],[120.436177,23.485638],[120.436784,23.486289],[120.436797,23.486288]]]}},{"type":"Feature","properties":{"id":"94a7c4b86d64","NAME":"自由路","PSTART":"自由路66巷","PEND":"友忠路","SW_DIRECT":"1","SW_LENG":64.29,"SW_WTH":2.92,"SWW_WTH":1.59,"SW_RAMP":1,"VILL_NAME":"西區"},"geometry":{"type":"Polygon","coordinates":[[[120.44099,23.485931],[120.440975,23.485911],[120.440826,23.486024],[120.440507,23.486272],[120.4405,23.486288],[120.440505,23.486304],[120.440507,23.486307],[120.44099,23.485931]]]}},{"type":"Feature","properties":{"id":"5efd7e236491","NAME":"友忠路","PSTART":"自由路","PEND":"博愛路一段492巷","SW_DIRECT":"1","SW_LENG":123.86,"SW_WTH":3.4,"SWW_WTH":1.76,"SW_RAMP":2,"VILL_NAME":"西區"},"geometry":{"type":"Polygon","coordinates":[[[120.441938,23.486317],[120.441189,23.48543],[120.441184,23.485433],[120.441175,23.485449],[120.441177,23.485467],[120.441897,23.486316],[120.441918,23.486324],[120.441938,23.486317]]]}},{"type":"Feature","properties":{"id":"d9317317a6d8","NAME":"興達路","PSTART":"建國路","PEND":"北興街","SW_DIRECT":"2","SW_LENG":109.34,"SW_WTH":2.52,"SWW_WTH":1.15,"SW_RAMP":2,"VILL_NAME":"西區"},"geometry":{"type":"Polygon","coordinates":[[[120.43585,23.485667],[120.435847,23.485688],[120.43592,23.48571],[120.435974,23.485737],[120.436586,23.486384],[120.436591,23.486377],[120.436584,23.48635],[120.435991,23.485721],[120.43592,23.485686],[120.43585,23.485667]]]}},{"type":"Feature","properties":{"id":"9632d01bc6a3","NAME":"博愛路一段","PSTART":"長安街","PEND":"無名路","SW_DIRECT":"1","SW_LENG":116.63,"SW_WTH":2.97,"SWW_WTH":1.24,"SW_RAMP":2,"VILL_NAME":"西區"},"geometry":{"type":"Polygon","coordinates":[[[120.443328,23.485866],[120.443149,23.485643],[120.443125,23.48566],[120.443304,23.485883],[120.443817,23.486498],[120.443841,23.486481],[120.443328,23.485866]]]}},{"type":"Feature","properties":{"id":"e23b6f52b646","NAME":"自由路","PSTART":"住宅出入口","PEND":"自由路66巷","SW_DIRECT":"1","SW_LENG":34.94,"SW_WTH":3.0,"SWW_WTH":1.57,"SW_RAMP":2,"VILL_NAME":"西區"},"geometry":{"type":"Polygon","coordinates":[[[120.440174,23.486563],[120.440342,23.486435],[120.440441,23.486357],[120.440424,23.486348],[120.440406,23.48635],[120.440328,23.48641],[120.440173,23.48653],[120.440166,23.486547],[120.440174,23.486563]]]}},{"type":"Feature","properties":{"id":"04eab01eb659","NAME":"八德路","PSTART":"國聖一街","PEND":"竹圍路","SW_DIRECT":"2","SW_LENG":90.34,"SW_WTH":3.02,"SWW_WTH":2.04,"SW_RAMP":1,"VILL_NAME":"西區"},"geometry":{"type":"Polygon","coordinates":[[[120.430421,23.486567],[120.430442,23.486561],[120.430453,23.486542],[120.430535,23.485774],[120.430527,23.485757],[120.43051,23.485748],[120.430421,23.486567]]]}},{"type":"Feature","properties":{"id":"5f10b4008e95","NAME":"友忠路","PSTART":"友忠路 827巷","PEND":"友忠路 827巷2弄","SW_DIRECT":"2","SW_LENG":64.83,"SW_WTH":3.31,"SWW_WTH":2.75,"SW_RAMP":2,"VILL_NAME":"西區"},"geometry":{"type":"Polygon","coordinates":[[[120.441579,23.486623],[120.441594,23.486612],[120.441596,23.4866],[120.441591,23.48659],[120.441222,23.486155],[120.441205,23.486149],[120.441187,23.486164],[120.441579,23.486623]]]}},{"type":"Feature","properties":{"id":"f7d68fa82b96","NAME":"博愛路一段","PSTART":"博愛路一段448巷","PEND":"無名路","SW_DIRECT":"2","SW_LENG":64.45,"SW_WTH":2.9,"SWW_WTH":1.27,"SW_RAMP":2,"VILL_NAME":"西區"},"geometry":{"type":"Polygon","coordinates":[[[120.443632,23.48665],[120.443637,23.486641],[120.443635,23.486633],[120.443272,23.486196],[120.443258,23.486182],[120.443236,23.486198],[120.443618,23.48666],[120.443632,23.48665]]]}},{"type":"Feature","properties":{"id":"650cdacdf0c3","NAME":"自由路","PSTART":"遠東街","PEND":"友忠路","SW_DIRECT":"2","SW_LENG":110.66,"SW_WTH":2.97,"SWW_WTH":1.66,"SW_RAMP":1,"VILL_NAME":"西區"},"geometry":{"type":"Polygon","coordinates":[[[120.438677,23.486664],[120.438697,23.486672],[120.438718,23.486666],[120.439533,23.486044],[120.439516,23.486023],[120.438677,23.486664]]]}},{"type":"Feature","properties":{"id":"67c77acf6abd","NAME":"友忠路","PSTART":"博愛路一段492巷","PEND":"博愛路一段482巷","SW_DIRECT":"1","SW_LENG":41.65,"SW_WTH":3.34,"SWW_WTH":1.79,"SW_RAMP":2,"VILL_NAME":"西區"},"geometry":{"type":"Polygon","coordinates":[[[120.442212,23.486688],[120.442231,23.486689],[120.442248,23.486681],[120.441994,23.486381],[120.441991,23.486383],[120.441981,23.486396],[120.441979,23.486411],[120.442212,23.486688]]]}},{"type":"Feature","properties":{"id":"6aff1fc4aa8d","NAME":"世賢路一段","PSTART":"北港路","PEND":"竹圍路","SW_DIRECT":"1","SW_LENG":334.95,"SW_WTH":3.15,"SWW_WTH":2.02,"SW_RAMP":2,"VILL_NAME":"西區"},"geometry":{"type":"Polygon","coordinates":[[[120.423137,23.48437],[120.423111,23.484354],[120.422947,23.484456],[120.422946,23.484489],[120.423152,23.484713],[120.423405,23.485011],[120.424897,23.48663],[120.424918,23.486635],[120.424936,23.486631],[120.423428,23.484992],[120.423177,23.484696],[120.422971,23.484473],[120.423137,23.48437]]]}},{"type":"Feature","properties":{"id":"29d476a11c09","NAME":"世賢路一段","PSTART":"世賢路一段","PEND":"竹圍路","SW_DIRECT":"1","SW_LENG":21.71,"SW_WTH":2.78,"SWW_WTH":2.65,"SW_RAMP":2,"VILL_NAME":"西區"},"geometry":{"type":"Polygon","coordinates":[[[120.424956,23.486647],[120.425119,23.486526],[120.425104,23.486505],[120.424936,23.48663],[120.424956,23.486647]]]}},{"type":"Feature","properties":{"id":"5f0057bec0fe","NAME":"八德路","PSTART":"興達路","PEND":"竹圍路","SW_DIRECT":"1","SW_LENG":150.09,"SW_WTH":2.86,"SWW_WTH":1.82,"SW_RAMP":6,"VILL_NAME":"西區"},"geometry":{"type":"Polygon","coordinates":[[[120.430824,23.485312],[120.430677,23.486647],[120.430687,23.48666],[120.430703,23.486669],[120.430817,23.485624],[120.430855,23.485312],[120.430824,23.485312]]]}},{"type":"Feature","properties":{"id":"eeb30771ad03","NAME":"自由路","PSTART":"遠東街","PEND":"友忠路","SW_DIRECT":"2","SW_LENG":241.01,"SW_WTH":2.76,"SWW_WTH":2.76,"SW_RAMP":3,"VILL_NAME":"西區"},"geometry":{"type":"Polygon","coordinates":[[[120.440618,23.485516],[120.43896,23.48679],[120.438826,23.486688],[120.438811,23.486703],[120.438805,23.486718],[120.438804,23.486736],[120.438811,23.486753],[120.438899,23.48682],[120.438938,23.486825],[120.438975,23.486811],[120.440629,23.485536],[120.440632,23.485527],[120.440628,23.485519],[120.440618,23.485516]]]}},{"type":"Feature","properties":{"id":"0eb752e682fe","NAME":"世賢路一段","PSTART":"世賢路一段","PEND":"竹圍路","SW_DIRECT":"2","SW_LENG":21.61,"SW_WTH":2.75,"SWW_WTH":2.75,"SW_RAMP":2,"VILL_NAME":"西區"},"geometry":{"type":"Polygon","coordinates":[[[120.42534,23.48676],[120.42532,23.486743],[120.425153,23.486858],[120.425168,23.48688],[120.42534,23.48676]]]}},{"type":"Feature","properties":{"id":"9a38a0b222fe","NAME":"世賢路一段","PSTART":"世賢路一段","PEND":"竹圍路","SW_DIRECT":"1","SW_LENG":21.61,"SW_WTH":2.88,"SWW_WTH":2.88,"SW_RAMP":2,"VILL_NAME":"西區"},"geometry":{"type":"Polygon","coordinates":[[[120.424596,23.486944],[120.424621,23.48696],[120.424774,23.486837],[120.424766,23.486822],[120.42476,23.486815],[120.424596,23.486944]]]}},{"type":"Feature","properties":{"id":"f1bc34376100","NAME":"博愛路一段","PSTART":"無名路","PEND":"五顯街","SW_DIRECT":"1","SW_LENG":74.67,"SW_WTH":2.82,"SWW_WTH":1.76,"SW_RAMP":2,"VILL_NAME":"西區"},"geometry":{"type":"Polygon","coordinates":[[[120.444278,23.487044],[120.444295,23.487048],[120.444309,23.487039],[120.443859,23.486507],[120.443837,23.486523],[120.444278,23.487044]]]}},{"type":"Feature","properties":{"id":"b37f615ae9cb","NAME":"自由路","PSTART":"友忠路","PEND":"遠東街","SW_DIRECT":"1","SW_LENG":232.92,"SW_WTH":2.7,"SWW_WTH":2.7,"SW_RAMP":3,"VILL_NAME":"西區"},"geometry":{"type":"Polygon","coordinates":[[[120.439172,23.486957],[120.439159,23.486986],[120.439159,23.487003],[120.439165,23.487019],[120.439247,23.487081],[120.439268,23.487087],[120.439293,23.487089],[120.439314,23.487084],[120.439335,23.487072],[120.439341,23.487067],[120.439194,23.486968],[120.440779,23.485743],[120.440763,23.485726],[120.439172,23.486957]]]}},{"type":"Feature","properties":{"id":"6574892444ad","NAME":"博愛路一段","PSTART":"無名路","PEND":"無名路","SW_DIRECT":"2","SW_LENG":51.34,"SW_WTH":3.25,"SWW_WTH":1.72,"SW_RAMP":2,"VILL_NAME":"西區"},"geometry":{"type":"Polygon","coordinates":[[[120.444008,23.487128],[120.444028,23.48711],[120.444027,23.4871],[120.443734,23.486754],[120.44372,23.486749],[120.443702,23.48676],[120.444008,23.487128]]]}},{"type":"Feature","properties":{"id":"0a04e5de5c28","NAME":"自由路","PSTART":"遠東街","PEND":"住宅出入口","SW_DIRECT":"1","SW_LENG":102.17,"SW_WTH":2.94,"SWW_WTH":1.59,"SW_RAMP":2,"VILL_NAME":"西區"},"geometry":{"type":"Polygon","coordinates":[[[120.439374,23.487184],[120.440143,23.486588],[120.44014,23.486584],[120.440125,23.486576],[120.440109,23.48658],[120.439375,23.487148],[120.439367,23.487166],[120.439374,23.487184]]]}},{"type":"Feature","properties":{"id":"8effd6c4d45a","NAME":"世賢路一段","PSTART":"世賢路一段","PEND":"竹圍路","SW_DIRECT":"2","SW_LENG":21.83,"SW_WTH":2.72,"SWW_WTH":2.72,"SW_RAMP":2,"VILL_NAME":"西區"},"geometry":{"type":"Polygon","coordinates":[[[120.424924,23.487001],[120.424768,23.487122],[120.424781,23.487145],[120.424945,23.487016],[120.424924,23.487001]]]}},{"type":"Feature","properties":{"id":"ffccbcb8ec61","NAME":"友忠路","PSTART":"博愛路一段482巷","PEND":"博愛路一段448巷","SW_DIRECT":"1","SW_LENG":65.37,"SW_WTH":3.49,"SWW_WTH":1.85,"SW_RAMP":2,"VILL_NAME":"西區"},"geometry":{"type":"Polygon","coordinates":[[[120.442295,23.486735],[120.442275,23.486761],[120.442656,23.487211],[120.442669,23.487217],[120.442693,23.487203],[120.442295,23.486735]]]}},{"type":"Feature","properties":{"id":"1942b7156106","NAME":"八德路","PSTART":"竹圍路","PEND":"八德路 171巷","SW_DIRECT":"2","SW_LENG":37.83,"SW_WTH":3.05,"SWW_WTH":3.05,"SW_RAMP":2,"VILL_NAME":"西區"},"geometry":{"type":"Polygon","coordinates":[[[120.430352,23.487176],[120.430374,23.487175],[120.430386,23.487158],[120.430418,23.486857],[120.43041,23.48684],[120.430392,23.486832],[120.430352,23.487176]]]}},{"type":"Feature","properties":{"id":"79b352f66bed","NAME":"八德路","PSTART":"竹圍路","PEND":"竹圍路 90巷","SW_DIRECT":"1","SW_LENG":56.08,"SW_WTH":2.92,"SWW_WTH":1.97,"SW_RAMP":2,"VILL_NAME":"西區"},"geometry":{"type":"Polygon","coordinates":[[[120.430689,23.486815],[120.430661,23.486811],[120.430607,23.487307],[120.430617,23.487316],[120.430634,23.487319],[120.430689,23.486815]]]}},{"type":"Feature","properties":{"id":"565a83811db6","NAME":"興達路","PSTART":"北興街","PEND":"自由路","SW_DIRECT":"2","SW_LENG":122.45,"SW_WTH":2.4,"SWW_WTH":1.27,"SW_RAMP":2,"VILL_NAME":"西區"},"geometry":{"type":"Polygon","coordinates":[[[120.437789,23.487345],[120.437803,23.487335],[120.437015,23.486496],[120.437008,23.486512],[120.437013,23.486527],[120.437789,23.487345]]]}},{"type":"Feature","properties":{"id":"5daaeddd8375","NAME":"自由路(慢車道)","PSTART":"興達路","PEND":"遠東街","SW_DIRECT":"2","SW_LENG":102.48,"SW_WTH":2.94,"SWW_WTH":2.94,"SW_RAMP":2,"VILL_NAME":"西區"},"geometry":{"type":"Polygon","coordinates":[[[120.43856,23.486752],[120.437789,23.487345],[120.437794,23.487351],[120.437807,23.487356],[120.437823,23.48735],[120.438566,23.486781],[120.43857,23.486763],[120.43856,23.486752]]]}},{"type":"Feature","properties":{"id":"36bd136ed3cc","NAME":"友忠路","PSTART":"友忠路 827巷2弄","PEND":"友忠路 865巷","SW_DIRECT":"2","SW_LENG":98.09,"SW_WTH":3.36,"SWW_WTH":2.75,"SW_RAMP":2,"VILL_NAME":"西區"},"geometry":{"type":"Polygon","coordinates":[[[120.442235,23.487347],[120.441657,23.486666],[120.441639,23.486662],[120.441624,23.486676],[120.442216,23.487373],[120.442233,23.487359],[120.442235,23.487347]]]}},{"type":"Feature","properties":{"id":"f8c950bd445d","NAME":"八德路","PSTART":"八德路 171巷","PEND":"八德路 181巷","SW_DIRECT":"2","SW_LENG":16.9,"SW_WTH":3.07,"SWW_WTH":3.07,"SW_RAMP":1,"VILL_NAME":"西區"},"geometry":{"type":"Polygon","coordinates":[[[120.430364,23.487353],[120.430377,23.487237],[120.430369,23.487222],[120.430352,23.487217],[120.430348,23.487218],[120.430333,23.487372],[120.430353,23.487368],[120.430364,23.487353]]]}},{"type":"Feature","properties":{"id":"ef780741a64b","NAME":"興達路","PSTART":"北興街","PEND":"自由路","SW_DIRECT":"1","SW_LENG":133.42,"SW_WTH":2.27,"SWW_WTH":1.1,"SW_RAMP":1,"VILL_NAME":"西區"},"geometry":{"type":"Polygon","coordinates":[[[120.43763,23.487461],[120.436785,23.486564],[120.436768,23.486556],[120.436755,23.486564],[120.437613,23.487474],[120.43763,23.487461]]]}},{"type":"Feature","properties":{"id":"ee4b270e0bb6","NAME":"友忠路","PSTART":"博愛路一段448巷","PEND":"友忠路 788巷","SW_DIRECT":"1","SW_LENG":34.98,"SW_WTH":2.96,"SWW_WTH":1.41,"SW_RAMP":2,"VILL_NAME":"西區"},"geometry":{"type":"Polygon","coordinates":[[[120.442964,23.487529],[120.44275,23.487273],[120.442731,23.48729],[120.442733,23.487301],[120.442927,23.487531],[120.442945,23.487534],[120.442964,23.487529]]]}},{"type":"Feature","properties":{"id":"80f68574c141","NAME":"自由路","PSTART":"興達路","PEND":"遠東街","SW_DIRECT":"2","SW_LENG":135.63,"SW_WTH":2.47,"SWW_WTH":2.47,"SW_RAMP":4,"VILL_NAME":"西區"},"geometry":{"type":"Polygon","coordinates":[[[120.437915,23.48739],[120.4379,23.487403],[120.437891,23.487421],[120.43789,23.48744],[120.437897,23.487458],[120.437957,23.487519],[120.437974,23.487531],[120.438009,23.487538],[120.438042,23.48753],[120.438328,23.487312],[120.43876,23.486975],[120.438775,23.486951],[120.438771,23.486923],[120.43876,23.48691],[120.438675,23.486845],[120.438644,23.486841],[120.438617,23.486852],[120.438608,23.486862],[120.438739,23.486963],[120.43803,23.487512],[120.437915,23.48739]]]}},{"type":"Feature","properties":{"id":"85ee8a61a8a7","NAME":"博愛路一段","PSTART":"無名路","PEND":"博愛路一段320巷","SW_DIRECT":"2","SW_LENG":46.09,"SW_WTH":3.06,"SWW_WTH":1.31,"SW_RAMP":2,"VILL_NAME":"西區"},"geometry":{"type":"Polygon","coordinates":[[[120.44414,23.487245],[120.444119,23.487256],[120.444406,23.487593],[120.444413,23.487556],[120.44415,23.487248],[120.44414,23.487245]]]}},{"type":"Feature","properties":{"id":"d7b60101d8d1","NAME":"四維路","PSTART":"國揚三街","PEND":"國揚一街","SW_DIRECT":"1","SW_LENG":51.7,"SW_WTH":3.38,"SWW_WTH":3.38,"SW_RAMP":2,"VILL_NAME":"西區"},"geometry":{"type":"Polygon","coordinates":[[[120.427776,23.487547],[120.427822,23.487074],[120.427824,23.48706],[120.427803,23.487072],[120.427787,23.487091],[120.427746,23.487507],[120.427757,23.48753],[120.427776,23.487547]]]}},{"type":"Feature","properties":{"id":"2ae66e644123","NAME":"友忠路","PSTART":"友忠路 865巷","PEND":"重興街","SW_DIRECT":"2","SW_LENG":38.59,"SW_WTH":3.25,"SWW_WTH":2.69,"SW_RAMP":2,"VILL_NAME":"西區"},"geometry":{"type":"Polygon","coordinates":[[[120.442508,23.487667],[120.442293,23.487414],[120.442273,23.487413],[120.44226,23.487422],[120.442491,23.487696],[120.442507,23.487686],[120.442508,23.487667]]]}},{"type":"Feature","properties":{"id":"a93090e3351d","NAME":"自由路","PSTART":"遠東街","PEND":"興達路","SW_DIRECT":"1","SW_LENG":140.57,"SW_WTH":2.57,"SWW_WTH":1.11,"SW_RAMP":4,"VILL_NAME":"西區"},"geometry":{"type":"Polygon","coordinates":[[[120.438969,23.487141],[120.439106,23.487248],[120.439129,23.487224],[120.439133,23.487202],[120.439124,23.487184],[120.439036,23.487116],[120.439,23.487107],[120.438964,23.487115],[120.438213,23.487694],[120.438197,23.487713],[120.43819,23.487734],[120.438189,23.487756],[120.438196,23.487777],[120.438253,23.487837],[120.43827,23.487848],[120.438305,23.487853],[120.438339,23.48784],[120.438223,23.487718],[120.438969,23.487141]]]}},{"type":"Feature","properties":{"id":"14dff8652026","NAME":"友忠路","PSTART":"友忠路 788巷","PEND":"無名路","SW_DIRECT":"1","SW_LENG":46.18,"SW_WTH":3.74,"SWW_WTH":1.97,"SW_RAMP":1,"VILL_NAME":"西區"},"geometry":{"type":"Polygon","coordinates":[[[120.443206,23.487958],[120.443216,23.487957],[120.443236,23.48794],[120.443194,23.487851],[120.443157,23.487781],[120.443088,23.487678],[120.443007,23.487575],[120.44299,23.487606],[120.443057,23.487693],[120.44312,23.487791],[120.443163,23.487866],[120.443206,23.487958]]]}},{"type":"Feature","properties":{"id":"305696dc9f99","NAME":"自由路(慢車道)","PSTART":"遠東街","PEND":"興達路","SW_DIRECT":"1","SW_LENG":117.69,"SW_WTH":2.9,"SWW_WTH":1.6,"SW_RAMP":2,"VILL_NAME":"西區"},"geometry":{"type":"Polygon","coordinates":[[[120.438364,23.487961],[120.438676,23.487721],[120.439255,23.487276],[120.439244,23.487269],[120.439208,23.487278],[120.438358,23.48793],[120.438352,23.487943],[120.438364,23.487961]]]}},{"type":"Feature","properties":{"id":"6eb64b189af9","NAME":"高鐵大道","PSTART":"大溪路 342巷","PEND":"大溪路","SW_DIRECT":"2","SW_LENG":1302.37,"SW_WTH":2.05,"SWW_WTH":0.78,"SW_RAMP":21,"VILL_NAME":"西區"},"geometry":{"type":"Polygon","coordinates":[[[120.411944,23.484209],[120.40591,23.486031],[120.405688,23.486105],[120.399824,23.487865],[120.399832,23.487877],[120.399845,23.487879],[120.405695,23.486122],[120.405917,23.486049],[120.41195,23.484226],[120.411944,23.484209]]]}},{"type":"Feature","properties":{"id":"7c2521229e64","NAME":"自由路(慢車道)","PSTART":"長春三街","PEND":"興達路","SW_DIRECT":"2","SW_LENG":105.33,"SW_WTH":2.93,"SWW_WTH":1.67,"SW_RAMP":1,"VILL_NAME":"西區"},"geometry":{"type":"Polygon","coordinates":[[[120.43763,23.487461],[120.437613,23.487474],[120.436833,23.488066],[120.43685,23.488076],[120.43687,23.488072],[120.437636,23.487491],[120.437643,23.487474],[120.43763,23.487461]]]}},{"type":"Feature","properties":{"id":"7e13edc34d0d","NAME":"高鐵大道","PSTART":"加油站出入口","PEND":"大溪路二段210巷","SW_DIRECT":"1","SW_LENG":1259.23,"SW_WTH":2.1,"SWW_WTH":0.71,"SW_RAMP":14,"VILL_NAME":"西區"},"geometry":{"type":"Polygon","coordinates":[[[120.400594,23.488082],[120.400885,23.487998],[120.412292,23.484552],[120.412285,23.484535],[120.400879,23.487979],[120.400587,23.488063],[120.400594,23.488082]]]}},{"type":"Feature","properties":{"id":"0559c7705b69","NAME":"自由路","PSTART":"長春三街","PEND":"興達路","SW_DIRECT":"2","SW_LENG":133.76,"SW_WTH":2.48,"SWW_WTH":1.34,"SW_RAMP":4,"VILL_NAME":"西區"},"geometry":{"type":"Polygon","coordinates":[[[120.436966,23.488117],[120.436948,23.488134],[120.436939,23.488155],[120.436939,23.488178],[120.436948,23.488199],[120.437006,23.488261],[120.437015,23.488265],[120.437049,23.488273],[120.437085,23.488264],[120.437803,23.487716],[120.437819,23.48769],[120.437814,23.48766],[120.43774,23.487579],[120.437719,23.487572],[120.437698,23.487572],[120.437677,23.487577],[120.437657,23.487588],[120.437778,23.487707],[120.437078,23.488241],[120.436966,23.488117]]]}},{"type":"Feature","properties":{"id":"dafe2baf8fba","NAME":"友忠路","PSTART":"重興街","PEND":"友忠路 911巷","SW_DIRECT":"2","SW_LENG":76.2,"SW_WTH":3.25,"SWW_WTH":2.88,"SW_RAMP":2,"VILL_NAME":"西區"},"geometry":{"type":"Polygon","coordinates":[[[120.44257,23.487789],[120.442631,23.487862],[120.4427,23.487956],[120.442753,23.488046],[120.442785,23.48811],[120.442824,23.488211],[120.442848,23.488299],[120.442866,23.488407],[120.442896,23.4884],[120.442882,23.488307],[120.442853,23.488199],[120.442813,23.488096],[120.44278,23.48803],[120.44273,23.487946],[120.442661,23.487846],[120.442612,23.48779],[120.442591,23.487783],[120.44257,23.487789]]]}},{"type":"Feature","properties":{"id":"e2075f6d522f","NAME":"博愛路一段","PSTART":"博愛路一段320巷","PEND":"博愛路一段320巷","SW_DIRECT":"2","SW_LENG":116.31,"SW_WTH":3.01,"SWW_WTH":1.64,"SW_RAMP":2,"VILL_NAME":"西區"},"geometry":{"type":"Polygon","coordinates":[[[120.445149,23.488463],[120.445162,23.488448],[120.44516,23.488433],[120.444465,23.487619],[120.444442,23.487637],[120.445149,23.488463]]]}},{"type":"Feature","properties":{"id":"2641e7ae86c1","NAME":"高鐵大道","PSTART":"無名路","PEND":"加油站出入口","SW_DIRECT":"1","SW_LENG":49.27,"SW_WTH":2.05,"SWW_WTH":0.82,"SW_RAMP":0,"VILL_NAME":"西區"},"geometry":{"type":"Polygon","coordinates":[[[120.400146,23.488217],[120.400139,23.488198],[120.399686,23.488337],[120.399683,23.488343],[120.399687,23.488355],[120.400146,23.488217]]]}},{"type":"Feature","properties":{"id":"347dae8e6e7c","NAME":"友忠路","PSTART":"無名路","PEND":"空地出入口","SW_DIRECT":"1","SW_LENG":59.06,"SW_WTH":3.5,"SWW_WTH":1.9,"SW_RAMP":1,"VILL_NAME":"西區"},"geometry":{"type":"Polygon","coordinates":[[[120.443296,23.488099],[120.443251,23.487977],[120.443225,23.488],[120.443269,23.488124],[120.443297,23.488226],[120.443314,23.488327],[120.443326,23.488494],[120.44335,23.488518],[120.443359,23.488516],[120.443359,23.48848],[120.443348,23.488324],[120.443331,23.488223],[120.443296,23.488099]]]}},{"type":"Feature","properties":{"id":"b72b43ecbd8f","NAME":"八德路","PSTART":"八德路 181巷","PEND":"竹圍三路","SW_DIRECT":"2","SW_LENG":120.47,"SW_WTH":2.89,"SWW_WTH":1.9,"SW_RAMP":1,"VILL_NAME":"西區"},"geometry":{"type":"Polygon","coordinates":[[[120.430241,23.488497],[120.430353,23.487456],[120.430348,23.487439],[120.430331,23.48743],[120.430211,23.488516],[120.430231,23.488513],[120.430241,23.488497]]]}},{"type":"Feature","properties":{"id":"a3f2207d5db4","NAME":"世賢路一段","PSTART":"泰源二街","PEND":"賢達路","SW_DIRECT":"2","SW_LENG":415.74,"SW_WTH":3.06,"SWW_WTH":1.98,"SW_RAMP":2,"VILL_NAME":"西區"},"geometry":{"type":"Polygon","coordinates":[[[120.425904,23.488475],[120.4233,23.485649],[120.423279,23.485643],[120.423257,23.485646],[120.425902,23.488515],[120.425912,23.488495],[120.425904,23.488475]]]}},{"type":"Feature","properties":{"id":"0b4be7e885ba","NAME":"八德路","PSTART":"竹圍路 90巷","PEND":"北安路","SW_DIRECT":"1","SW_LENG":131.55,"SW_WTH":3.04,"SWW_WTH":1.64,"SW_RAMP":2,"VILL_NAME":"西區"},"geometry":{"type":"Polygon","coordinates":[[[120.430627,23.487386],[120.430607,23.487393],[120.430596,23.487411],[120.430473,23.488553],[120.430479,23.488567],[120.430493,23.488574],[120.430499,23.488574],[120.430627,23.487386]]]}},{"type":"Feature","properties":{"id":"f9364218938a","NAME":"自由路","PSTART":"興達路","PEND":"長春三街","SW_DIRECT":"1","SW_LENG":133.6,"SW_WTH":2.65,"SWW_WTH":1.62,"SW_RAMP":4,"VILL_NAME":"西區"},"geometry":{"type":"Polygon","coordinates":[[[120.437303,23.488604],[120.437317,23.488609],[120.437332,23.488607],[120.437379,23.488574],[120.437269,23.488451],[120.437966,23.487916],[120.438083,23.488036],[120.438098,23.488025],[120.438109,23.48801],[120.438113,23.487992],[120.43811,23.487973],[120.438025,23.487887],[120.437996,23.487878],[120.437967,23.487885],[120.437239,23.488443],[120.437219,23.488468],[120.437215,23.488501],[120.437303,23.488604]]]}},{"type":"Feature","properties":{"id":"f4fda603d3ac","NAME":"世賢路一段","PSTART":"竹圍路","PEND":"四維路","SW_DIRECT":"1","SW_LENG":275.57,"SW_WTH":2.99,"SWW_WTH":1.89,"SW_RAMP":2,"VILL_NAME":"西區"},"geometry":{"type":"Polygon","coordinates":[[[120.426946,23.488518],[120.426935,23.488495],[120.426767,23.488619],[120.425177,23.48689],[120.425172,23.486894],[120.425166,23.486911],[120.425172,23.486927],[120.426743,23.488635],[120.426767,23.488653],[120.426946,23.488518]]]}},{"type":"Feature","properties":{"id":"5c78b23d46cd","NAME":"自由路(慢車道)","PSTART":"興達路","PEND":"長春三街","SW_DIRECT":"1","SW_LENG":108.22,"SW_WTH":2.61,"SWW_WTH":1.39,"SW_RAMP":2,"VILL_NAME":"西區"},"geometry":{"type":"Polygon","coordinates":[[[120.43739,23.488703],[120.438191,23.48809],[120.438209,23.488076],[120.438192,23.488069],[120.438174,23.488073],[120.437785,23.48837],[120.437382,23.488679],[120.437379,23.48869],[120.43739,23.488703]]]}},{"type":"Feature","properties":{"id":"312ecd761f62","NAME":"興達路","PSTART":"自由路","PEND":"保安二路","SW_DIRECT":"2","SW_LENG":90.42,"SW_WTH":2.42,"SWW_WTH":0.9,"SW_RAMP":2,"VILL_NAME":"西區"},"geometry":{"type":"Polygon","coordinates":[[[120.438209,23.488076],[120.438191,23.48809],[120.43878,23.488718],[120.438779,23.488684],[120.438209,23.488076]]]}},{"type":"Feature","properties":{"id":"290fdf9e1842","NAME":"博愛路一段","PSTART":"向榮街","PEND":"博愛路一段197巷","SW_DIRECT":"2","SW_LENG":127.92,"SW_WTH":2.85,"SWW_WTH":1.74,"SW_RAMP":2,"VILL_NAME":"西區"},"geometry":{"type":"Polygon","coordinates":[[[120.445761,23.488785],[120.445777,23.48879],[120.445794,23.488781],[120.445017,23.487873],[120.445011,23.487877],[120.445004,23.487887],[120.445004,23.487899],[120.445761,23.488785]]]}},{"type":"Feature","properties":{"id":"110485659cc2","NAME":"興達路","PSTART":"自由路","PEND":"遠東街","SW_DIRECT":"1","SW_LENG":309.17,"SW_WTH":2.42,"SWW_WTH":1.3,"SW_RAMP":4,"VILL_NAME":"西區"},"geometry":{"type":"Polygon","coordinates":[[[120.441065,23.488821],[120.439074,23.488634],[120.439046,23.488626],[120.439017,23.488613],[120.438972,23.488578],[120.438383,23.487947],[120.438364,23.487961],[120.438957,23.488595],[120.439003,23.488631],[120.439037,23.488647],[120.439073,23.488657],[120.441031,23.488841],[120.441052,23.488835],[120.441065,23.488821]]]}},{"type":"Feature","properties":{"id":"d28769e4ec6d","NAME":"四維路","PSTART":"世賢路一段","PEND":"國揚五街","SW_DIRECT":"1","SW_LENG":49.66,"SW_WTH":3.1,"SWW_WTH":1.65,"SW_RAMP":2,"VILL_NAME":"西區"},"geometry":{"type":"Polygon","coordinates":[[[120.427397,23.488806],[120.427422,23.488826],[120.427538,23.488692],[120.427592,23.488612],[120.427642,23.488508],[120.427668,23.488438],[120.427638,23.488428],[120.427613,23.488498],[120.427566,23.488597],[120.427483,23.488713],[120.427397,23.488806]]]}},{"type":"Feature","properties":{"id":"3695b1ef5b63","NAME":"友忠路","PSTART":"空地出入口","PEND":"博愛路一段320巷","SW_DIRECT":"1","SW_LENG":32.98,"SW_WTH":3.22,"SWW_WTH":1.5,"SW_RAMP":1,"VILL_NAME":"西區"},"geometry":{"type":"Polygon","coordinates":[[[120.443294,23.488865],[120.443305,23.488878],[120.443322,23.488884],[120.443354,23.488586],[120.443347,23.488584],[120.44333,23.488587],[120.44332,23.488601],[120.443294,23.488865]]]}},{"type":"Feature","properties":{"id":"f353e63b2686","NAME":"世賢路一段","PSTART":"世賢路一段","PEND":"四維路","SW_DIRECT":"1","SW_LENG":21.59,"SW_WTH":2.69,"SWW_WTH":2.69,"SW_RAMP":2,"VILL_NAME":"西區"},"geometry":{"type":"Polygon","coordinates":[[[120.426565,23.488777],[120.426397,23.488901],[120.426416,23.488917],[120.426579,23.488798],[120.426565,23.488777]]]}},{"type":"Feature","properties":{"id":"f1e06d10cbda","NAME":"興達路","PSTART":"保安二路","PEND":"撫順一街","SW_DIRECT":"2","SW_LENG":103.05,"SW_WTH":2.81,"SWW_WTH":1.06,"SW_RAMP":1,"VILL_NAME":"西區"},"geometry":{"type":"Polygon","coordinates":[[[120.440141,23.488938],[120.439184,23.488849],[120.439161,23.488853],[120.439142,23.488863],[120.439143,23.488875],[120.43953,23.488904],[120.440161,23.488967],[120.440156,23.48895],[120.440141,23.488938]]]}},{"type":"Feature","properties":{"id":"8cfd219db6bf","NAME":"興達路","PSTART":"遠東街","PEND":"友忠路","SW_DIRECT":"1","SW_LENG":146.47,"SW_WTH":2.34,"SWW_WTH":0.97,"SW_RAMP":3,"VILL_NAME":"西區"},"geometry":{"type":"Polygon","coordinates":[[[120.442821,23.48898],[120.441392,23.488849],[120.441391,23.488856],[120.441399,23.488867],[120.441412,23.488872],[120.442818,23.489],[120.442821,23.48898]]]}},{"type":"Feature","properties":{"id":"8f086b1183f6","NAME":"友忠路","PSTART":"友忠路 911巷","PEND":"興達路","SW_DIRECT":"2","SW_LENG":59.48,"SW_WTH":3.25,"SWW_WTH":1.51,"SW_RAMP":2,"VILL_NAME":"西區"},"geometry":{"type":"Polygon","coordinates":[[[120.442899,23.488482],[120.442888,23.488467],[120.442868,23.488464],[120.442868,23.488554],[120.442818,23.489],[120.442826,23.489002],[120.442842,23.488999],[120.442852,23.488986],[120.442884,23.488722],[120.4429,23.488535],[120.442899,23.488482]]]}},{"type":"Feature","properties":{"id":"47345a1e83c2","NAME":"博愛路一段","PSTART":"博愛路一段197巷","PEND":"文化路","SW_DIRECT":"2","SW_LENG":21.29,"SW_WTH":3.03,"SWW_WTH":3.03,"SW_RAMP":2,"VILL_NAME":"西區"},"geometry":{"type":"Polygon","coordinates":[[[120.445866,23.48884],[120.445848,23.488858],[120.445845,23.488883],[120.445963,23.489021],[120.445986,23.489005],[120.445879,23.488878],[120.445866,23.48884]]]}},{"type":"Feature","properties":{"id":"581c6fddf13d","NAME":"友忠路","PSTART":"博愛路一段320巷","PEND":"興達路","SW_DIRECT":"1","SW_LENG":7.76,"SW_WTH":3.27,"SWW_WTH":3.06,"SW_RAMP":1,"VILL_NAME":"西區"},"geometry":{"type":"Polygon","coordinates":[[[120.443275,23.489012],[120.443284,23.489031],[120.443303,23.489041],[120.443314,23.488965],[120.443297,23.488965],[120.443284,23.488974],[120.443275,23.489012]]]}},{"type":"Feature","properties":{"id":"c3b08bcca09e","NAME":"八德路","PSTART":"八德路 245巷","PEND":"竹圍三路","SW_DIRECT":"2","SW_LENG":25.88,"SW_WTH":2.88,"SWW_WTH":1.59,"SW_RAMP":2,"VILL_NAME":"西區"},"geometry":{"type":"Polygon","coordinates":[[[120.430185,23.488981],[120.430206,23.488772],[120.430181,23.488755],[120.430154,23.488999],[120.430173,23.488994],[120.430185,23.488981]]]}},{"type":"Feature","properties":{"id":"72678e8dff5e","NAME":"興達路","PSTART":"撫順一街","PEND":"龍江街","SW_DIRECT":"2","SW_LENG":71.03,"SW_WTH":2.4,"SWW_WTH":1.51,"SW_RAMP":2,"VILL_NAME":"西區"},"geometry":{"type":"Polygon","coordinates":[[[120.440349,23.488983],[120.441046,23.489047],[120.441043,23.489033],[120.441032,23.489022],[120.440375,23.488959],[120.440356,23.488966],[120.440349,23.488983]]]}},{"type":"Feature","properties":{"id":"2d98ea5c2e28","NAME":"興達路","PSTART":"龍江街","PEND":"空地出入口","SW_DIRECT":"2","SW_LENG":16.79,"SW_WTH":2.27,"SWW_WTH":2.02,"SW_RAMP":2,"VILL_NAME":"西區"},"geometry":{"type":"Polygon","coordinates":[[[120.441416,23.489058],[120.441263,23.489043],[120.441261,23.489065],[120.441425,23.489079],[120.441424,23.489067],[120.441416,23.489058]]]}},{"type":"Feature","properties":{"id":"6591b3d57efd","NAME":"興達路","PSTART":"空地出入口","PEND":"龍江街 74巷","SW_DIRECT":"2","SW_LENG":28.29,"SW_WTH":2.35,"SWW_WTH":0.97,"SW_RAMP":1,"VILL_NAME":"西區"},"geometry":{"type":"Polygon","coordinates":[[[120.441591,23.489073],[120.441575,23.489079],[120.441568,23.489093],[120.441849,23.489116],[120.441846,23.489104],[120.441836,23.489095],[120.441591,23.489073]]]}},{"type":"Feature","properties":{"id":"edb38215b286","NAME":"高鐵大道","PSTART":"埤竹路","PEND":"大溪路 342巷","SW_DIRECT":"2","SW_LENG":404.72,"SW_WTH":2.11,"SWW_WTH":0.74,"SW_RAMP":8,"VILL_NAME":"西區"},"geometry":{"type":"Polygon","coordinates":[[[120.395984,23.488955],[120.395983,23.488974],[120.396099,23.488971],[120.396199,23.488959],[120.396306,23.488936],[120.39665,23.48884],[120.399756,23.487906],[120.399763,23.487899],[120.399767,23.487882],[120.396644,23.488822],[120.396301,23.488919],[120.396231,23.488935],[120.396098,23.488952],[120.395984,23.488955]]]}},{"type":"Feature","properties":{"id":"052ebee1e1fc","NAME":"自由路(慢車道側)","PSTART":"友愛路","PEND":"長春三街","SW_DIRECT":"2","SW_LENG":179.96,"SW_WTH":2.96,"SWW_WTH":1.74,"SW_RAMP":2,"VILL_NAME":"西區"},"geometry":{"type":"Polygon","coordinates":[[[120.435458,23.489164],[120.436775,23.488156],[120.436785,23.488138],[120.43678,23.488118],[120.435415,23.489162],[120.435436,23.48917],[120.435458,23.489164]]]}},{"type":"Feature","properties":{"id":"e82493a4aee0","NAME":"興達路","PSTART":"龍江街 74巷","PEND":"友忠路","SW_DIRECT":"2","SW_LENG":77.79,"SW_WTH":2.35,"SWW_WTH":1.21,"SW_RAMP":2,"VILL_NAME":"西區"},"geometry":{"type":"Polygon","coordinates":[[[120.442795,23.489184],[120.442052,23.489115],[120.44204,23.489122],[120.442034,23.489134],[120.442796,23.489206],[120.442795,23.489184]]]}},{"type":"Feature","properties":{"id":"6745d0130574","NAME":"保安二路","PSTART":"興達路","PEND":"保安二路 19巷","SW_DIRECT":"2","SW_LENG":40.64,"SW_WTH":2.44,"SWW_WTH":1.61,"SW_RAMP":1,"VILL_NAME":"西區"},"geometry":{"type":"Polygon","coordinates":[[[120.438843,23.488895],[120.438838,23.488879],[120.438821,23.48887],[120.438778,23.489237],[120.438798,23.489239],[120.438843,23.488895]]]}},{"type":"Feature","properties":{"id":"fa00441c99cd","NAME":"高鐵大道","PSTART":"埤竹路","PEND":"埤竹路","SW_DIRECT":"1","SW_LENG":18.13,"SW_WTH":4.14,"SWW_WTH":4.14,"SW_RAMP":2,"VILL_NAME":"西區"},"geometry":{"type":"Polygon","coordinates":[[[120.395668,23.489054],[120.395694,23.489075],[120.395715,23.48908],[120.395867,23.489047],[120.395874,23.489038],[120.395867,23.489029],[120.395807,23.48902],[120.395668,23.489054]]]}},{"type":"Feature","properties":{"id":"25ae546d7a10","NAME":"興達路","PSTART":"友忠路","PEND":"文化路","SW_DIRECT":"1","SW_LENG":283.15,"SW_WTH":2.36,"SWW_WTH":0.95,"SW_RAMP":1,"VILL_NAME":"西區"},"geometry":{"type":"Polygon","coordinates":[[[120.445742,23.489237],[120.445644,23.489239],[120.443325,23.489024],[120.443321,23.489045],[120.445747,23.489268],[120.445742,23.489237]]]}},{"type":"Feature","properties":{"id":"4f7383c1f156","NAME":"博愛路一段","PSTART":"博愛路一段320巷","PEND":"興達路","SW_DIRECT":"1","SW_LENG":102.73,"SW_WTH":2.84,"SWW_WTH":1.91,"SW_RAMP":2,"VILL_NAME":"西區"},"geometry":{"type":"Polygon","coordinates":[[[120.445245,23.488544],[120.445226,23.488552],[120.445788,23.48921],[120.445793,23.48922],[120.44578,23.489231],[120.445764,23.489237],[120.445742,23.489237],[120.445747,23.489268],[120.445777,23.489269],[120.445801,23.489258],[120.445819,23.489234],[120.44582,23.489206],[120.445258,23.488547],[120.445245,23.488544]]]}},{"type":"Feature","properties":{"id":"136ec5fb76e9","NAME":"保安二路","PSTART":"興達路","PEND":"保安二路 12巷","SW_DIRECT":"1","SW_LENG":37.54,"SW_WTH":2.53,"SWW_WTH":1.99,"SW_RAMP":1,"VILL_NAME":"西區"},"geometry":{"type":"Polygon","coordinates":[[[120.439019,23.489258],[120.439059,23.488953],[120.439068,23.488928],[120.439055,23.48892],[120.439035,23.488946],[120.438994,23.489256],[120.439019,23.489258]]]}},{"type":"Feature","properties":{"id":"f6ee099128ad","NAME":"埤竹路","PSTART":"高鐵大道","PEND":"高鐵大道","SW_DIRECT":"2","SW_LENG":32.34,"SW_WTH":6.1,"SWW_WTH":6.1,"SW_RAMP":2,"VILL_NAME":"西區"},"geometry":{"type":"Polygon","coordinates":[[[120.395278,23.488891],[120.395263,23.488899],[120.395261,23.488954],[120.395453,23.489134],[120.395483,23.489126],[120.395492,23.489108],[120.395488,23.489089],[120.395278,23.488891]]]}},{"type":"Feature","properties":{"id":"81d49c9cebc8","NAME":"八德路","PSTART":"國安一街","PEND":"八德路 245巷","SW_DIRECT":"2","SW_LENG":15.09,"SW_WTH":2.8,"SWW_WTH":1.39,"SW_RAMP":2,"VILL_NAME":"西區"},"geometry":{"type":"Polygon","coordinates":[[[120.430162,23.489185],[120.430155,23.489168],[120.430138,23.48916],[120.430122,23.489303],[120.43014,23.489298],[120.430152,23.489283],[120.430162,23.489185]]]}},{"type":"Feature","properties":{"id":"a378d9029f7a","NAME":"自由路","PSTART":"長春三街","PEND":"長春一街","SW_DIRECT":"1","SW_LENG":100.93,"SW_WTH":2.83,"SWW_WTH":1.53,"SW_RAMP":2,"VILL_NAME":"西區"},"geometry":{"type":"Polygon","coordinates":[[[120.436557,23.489343],[120.437322,23.488759],[120.437321,23.488757],[120.437306,23.488748],[120.437289,23.48875],[120.436556,23.489311],[120.43655,23.489327],[120.436557,23.489343]]]}},{"type":"Feature","properties":{"id":"261812306dba","NAME":"自由路","PSTART":"友愛路","PEND":"長春三街","SW_DIRECT":"2","SW_LENG":207.35,"SW_WTH":2.5,"SWW_WTH":1.23,"SW_RAMP":4,"VILL_NAME":"西區"},"geometry":{"type":"Polygon","coordinates":[[[120.436885,23.488248],[120.436863,23.488237],[120.436839,23.488233],[120.436815,23.488237],[120.436795,23.488248],[120.436906,23.488372],[120.436229,23.488891],[120.435896,23.489133],[120.435647,23.489323],[120.435542,23.489205],[120.435528,23.48922],[120.43552,23.48924],[120.43552,23.489261],[120.435527,23.48928],[120.435577,23.489338],[120.435586,23.489343],[120.43562,23.489353],[120.435657,23.489347],[120.435909,23.489154],[120.436244,23.488908],[120.436929,23.488384],[120.436946,23.488354],[120.436944,23.488322],[120.436938,23.488309],[120.436885,23.488248]]]}},{"type":"Feature","properties":{"id":"c4c510ba5742","NAME":"世賢路一段","PSTART":"世賢路一段","PEND":"四維路","SW_DIRECT":"2","SW_LENG":21.75,"SW_WTH":2.72,"SWW_WTH":2.72,"SW_RAMP":2,"VILL_NAME":"西區"},"geometry":{"type":"Polygon","coordinates":[[[120.426954,23.489201],[120.426796,23.48933],[120.426811,23.48935],[120.426972,23.489219],[120.426954,23.489201]]]}},{"type":"Feature","properties":{"id":"19ef1071a1f2","NAME":"高鐵大道","PSTART":"無名路","PEND":"埤竹路","SW_DIRECT":"1","SW_LENG":118.48,"SW_WTH":2.09,"SWW_WTH":0.61,"SW_RAMP":2,"VILL_NAME":"西區"},"geometry":{"type":"Polygon","coordinates":[[[120.394204,23.48925],[120.394218,23.489262],[120.394237,23.489268],[120.394408,23.48926],[120.394718,23.489236],[120.394936,23.489213],[120.394979,23.489201],[120.395019,23.489185],[120.395066,23.489157],[120.395107,23.489122],[120.395135,23.48909],[120.395164,23.489044],[120.39518,23.489005],[120.395192,23.488953],[120.395194,23.488911],[120.395174,23.488912],[120.39517,23.488961],[120.39516,23.488999],[120.39514,23.489045],[120.395112,23.489087],[120.395084,23.489116],[120.395053,23.489142],[120.39501,23.489168],[120.394972,23.489183],[120.394932,23.489194],[120.394716,23.489217],[120.394407,23.489241],[120.394204,23.48925]]]}},{"type":"Feature","properties":{"id":"c9059f8989b5","NAME":"友忠路","PSTART":"興達路","PEND":"新龍街2巷","SW_DIRECT":"2","SW_LENG":31.54,"SW_WTH":3.21,"SWW_WTH":2.87,"SW_RAMP":2,"VILL_NAME":"西區"},"geometry":{"type":"Polygon","coordinates":[[[120.442795,23.489184],[120.442796,23.489206],[120.442765,23.489478],[120.442783,23.489475],[120.442796,23.489463],[120.442826,23.489218],[120.442817,23.489197],[120.442795,23.489184]]]}},{"type":"Feature","properties":{"id":"8a519becfeb9","NAME":"友忠路","PSTART":"興達路","PEND":"友忠路 866巷","SW_DIRECT":"1","SW_LENG":45.21,"SW_WTH":3.26,"SWW_WTH":1.34,"SW_RAMP":2,"VILL_NAME":"西區"},"geometry":{"type":"Polygon","coordinates":[[[120.443245,23.48954],[120.443282,23.489227],[120.443262,23.489229],[120.443248,23.489244],[120.443204,23.489618],[120.44321,23.489629],[120.443221,23.489634],[120.44323,23.489635],[120.443245,23.48954]]]}},{"type":"Feature","properties":{"id":"31d335448fec","NAME":"興達路","PSTART":"友忠路","PEND":"文化路","SW_DIRECT":"2","SW_LENG":283.15,"SW_WTH":2.36,"SWW_WTH":0.95,"SW_RAMP":2,"VILL_NAME":"西區"},"geometry":{"type":"Polygon","coordinates":[[[120.445684,23.489447],[120.443282,23.489227],[120.443279,23.489253],[120.444487,23.489358],[120.445678,23.489468],[120.445716,23.489485],[120.445747,23.489508],[120.445833,23.489631],[120.445905,23.489693],[120.445925,23.4897],[120.445927,23.489685],[120.445925,23.489675],[120.445851,23.489607],[120.44577,23.489499],[120.445739,23.489471],[120.4457,23.489452],[120.445684,23.489447]]]}},{"type":"Feature","properties":{"id":"c895c4042095","NAME":"高鐵大道","PSTART":"高鐵大道","PEND":"埤竹路","SW_DIRECT":"2","SW_LENG":22.99,"SW_WTH":4.04,"SWW_WTH":4.04,"SW_RAMP":2,"VILL_NAME":"西區"},"geometry":{"type":"Polygon","coordinates":[[[120.395845,23.489451],[120.39566,23.489491],[120.395654,23.489501],[120.39566,23.489507],[120.395712,23.489516],[120.395899,23.489478],[120.395873,23.489455],[120.395845,23.489451]]]}},{"type":"Feature","properties":{"id":"4ad03072b437","NAME":"自由路","PSTART":"長春三街","PEND":"友愛路","SW_DIRECT":"1","SW_LENG":208.06,"SW_WTH":2.6,"SWW_WTH":2.6,"SW_RAMP":4,"VILL_NAME":"西區"},"geometry":{"type":"Polygon","coordinates":[[[120.435925,23.489685],[120.435952,23.489666],[120.435849,23.489549],[120.436092,23.489362],[120.436407,23.489109],[120.436999,23.488655],[120.437094,23.488584],[120.437204,23.488708],[120.437229,23.48869],[120.437236,23.488676],[120.437233,23.488662],[120.437142,23.488555],[120.437113,23.48855],[120.437086,23.48856],[120.43639,23.489091],[120.436075,23.489345],[120.435821,23.48954],[120.435807,23.489567],[120.435809,23.489598],[120.435888,23.489685],[120.435906,23.489691],[120.435925,23.489685]]]}},{"type":"Feature","properties":{"id":"6b43c153ac57","NAME":"友忠路","PSTART":"友忠路866巷","PEND":"學校出入口","SW_DIRECT":"1","SW_LENG":6.09,"SW_WTH":3.09,"SWW_WTH":2.7,"SW_RAMP":2,"VILL_NAME":"西區"},"geometry":{"type":"Polygon","coordinates":[[[120.443226,23.489693],[120.443205,23.48969],[120.443195,23.489699],[120.44319,23.489745],[120.44322,23.489746],[120.443226,23.489693]]]}},{"type":"Feature","properties":{"id":"d05781d92ea4","NAME":"友忠路","PSTART":"新龍街2巷","PEND":"新龍街","SW_DIRECT":"2","SW_LENG":19.67,"SW_WTH":3.47,"SWW_WTH":2.25,"SW_RAMP":1,"VILL_NAME":"西區"},"geometry":{"type":"Polygon","coordinates":[[[120.442745,23.489625],[120.442722,23.489807],[120.442757,23.489799],[120.442777,23.489641],[120.442772,23.489628],[120.442745,23.489625]]]}},{"type":"Feature","properties":{"id":"719abeec6a49","NAME":"自由路","PSTART":"長春一街","PEND":"友愛路","SW_DIRECT":"1","SW_LENG":71.28,"SW_WTH":2.84,"SWW_WTH":1.56,"SW_RAMP":2,"VILL_NAME":"西區"},"geometry":{"type":"Polygon","coordinates":[[[120.43598,23.489784],[120.436524,23.489368],[120.436492,23.489359],[120.43597,23.489759],[120.435965,23.489768],[120.43598,23.489784]]]}},{"type":"Feature","properties":{"id":"ded2c293c430","NAME":"八德路","PSTART":"北安路","PEND":"保安一路","SW_DIRECT":"1","SW_LENG":109.8,"SW_WTH":3.07,"SWW_WTH":1.74,"SW_RAMP":2,"VILL_NAME":"西區"},"geometry":{"type":"Polygon","coordinates":[[[120.43044,23.48882],[120.430335,23.489779],[120.430343,23.489787],[120.430355,23.489791],[120.430364,23.48979],[120.430472,23.488802],[120.430453,23.488805],[120.43044,23.48882]]]}},{"type":"Feature","properties":{"id":"1423849e8974","NAME":"埤竹路","PSTART":"高鐵大道","PEND":"埤竹路","SW_DIRECT":"1","SW_LENG":38.93,"SW_WTH":4.41,"SWW_WTH":4.41,"SW_RAMP":2,"VILL_NAME":"西區"},"geometry":{"type":"Polygon","coordinates":[[[120.396109,23.489389],[120.396071,23.489408],[120.396068,23.489429],[120.396323,23.489672],[120.396334,23.489671],[120.396338,23.489665],[120.396109,23.489389]]]}},{"type":"Feature","properties":{"id":"bc34703748ce","NAME":"高鐵大道","PSTART":"無名路","PEND":"無名路","SW_DIRECT":"2","SW_LENG":68.88,"SW_WTH":2.0,"SWW_WTH":0.68,"SW_RAMP":1,"VILL_NAME":"西區"},"geometry":{"type":"Polygon","coordinates":[[[120.394336,23.489652],[120.394061,23.48966],[120.393682,23.489657],[120.393681,23.489675],[120.394061,23.489678],[120.394359,23.48967],[120.394352,23.489657],[120.394336,23.489652]]]}},{"type":"Feature","properties":{"id":"46ece78441f8","NAME":"保安二路","PSTART":"保安二路 19巷","PEND":"長春一街","SW_DIRECT":"2","SW_LENG":79.16,"SW_WTH":2.51,"SWW_WTH":1.96,"SW_RAMP":2,"VILL_NAME":"西區"},"geometry":{"type":"Polygon","coordinates":[[[120.438681,23.489989],[120.438698,23.489985],[120.438709,23.489971],[120.438794,23.489278],[120.438772,23.489274],[120.438681,23.489989]]]}},{"type":"Feature","properties":{"id":"5c0f3d8a8496","NAME":"保安二路","PSTART":"保安二路 12巷","PEND":"撫順二街","SW_DIRECT":"1","SW_LENG":78.43,"SW_WTH":2.27,"SWW_WTH":1.3,"SW_RAMP":1,"VILL_NAME":"西區"},"geometry":{"type":"Polygon","coordinates":[[[120.438928,23.490001],[120.438943,23.489863],[120.439013,23.489294],[120.438991,23.489292],[120.438905,23.489979],[120.438911,23.489994],[120.438928,23.490001]]]}},{"type":"Feature","properties":{"id":"49216d19de13","NAME":"八德路","PSTART":"八德路245巷","PEND":"國安三街","SW_DIRECT":"2","SW_LENG":75.68,"SW_WTH":2.96,"SWW_WTH":1.81,"SW_RAMP":2,"VILL_NAME":"西區"},"geometry":{"type":"Polygon","coordinates":[[[120.430073,23.490006],[120.430143,23.489365],[120.430136,23.489346],[120.430117,23.489338],[120.430043,23.490023],[120.430062,23.490021],[120.430073,23.490006]]]}},{"type":"Feature","properties":{"id":"1ba11a5b2591","NAME":"自由路(慢車道側)","PSTART":"北安路","PEND":"友愛路","SW_DIRECT":"2","SW_LENG":103.47,"SW_WTH":2.93,"SWW_WTH":1.58,"SW_RAMP":2,"VILL_NAME":"西區"},"geometry":{"type":"Polygon","coordinates":[[[120.435041,23.489458],[120.43426,23.490062],[120.434276,23.49007],[120.434294,23.490066],[120.435034,23.489498],[120.435045,23.489483],[120.435047,23.489465],[120.435041,23.489458]]]}},{"type":"Feature","properties":{"id":"874ff4163409","NAME":"高鐵大道","PSTART":"埤竹路","PEND":"無名路","SW_DIRECT":"1","SW_LENG":410.95,"SW_WTH":2.08,"SWW_WTH":0.68,"SW_RAMP":6,"VILL_NAME":"西區"},"geometry":{"type":"Polygon","coordinates":[[[120.399608,23.488358],[120.396655,23.489249],[120.396602,23.489275],[120.396554,23.489307],[120.396512,23.489345],[120.396476,23.489388],[120.396447,23.489434],[120.396425,23.489484],[120.396411,23.489536],[120.396403,23.489591],[120.396406,23.489655],[120.396416,23.489705],[120.39644,23.489765],[120.396474,23.48982],[120.396602,23.489936],[120.396613,23.489941],[120.396628,23.489937],[120.396544,23.489853],[120.396491,23.489808],[120.396465,23.489767],[120.396444,23.489723],[120.396433,23.489688],[120.396427,23.489652],[120.396424,23.489604],[120.396431,23.489539],[120.396441,23.489502],[120.39646,23.489454],[120.396486,23.489409],[120.396519,23.489368],[120.396557,23.489331],[120.396638,23.489278],[120.396703,23.489252],[120.399623,23.488375],[120.399619,23.488363],[120.399608,23.488358]]]}},{"type":"Feature","properties":{"id":"e477d139cb9f","NAME":"文化路","PSTART":"興達路","PEND":"無名路","SW_DIRECT":"2","SW_LENG":50.99,"SW_WTH":2.18,"SWW_WTH":1.78,"SW_RAMP":2,"VILL_NAME":"西區"},"geometry":{"type":"Polygon","coordinates":[[[120.44575,23.490123],[120.44592,23.489709],[120.445925,23.4897],[120.445905,23.489693],[120.445901,23.489702],[120.445725,23.490123],[120.44574,23.490127],[120.44575,23.490123]]]}},{"type":"Feature","properties":{"id":"25d671ccd50b","NAME":"自由路","PSTART":"北安路","PEND":"友愛路","SW_DIRECT":"2","SW_LENG":112.26,"SW_WTH":2.56,"SWW_WTH":2.56,"SW_RAMP":4,"VILL_NAME":"西區"},"geometry":{"type":"Polygon","coordinates":[[[120.434925,23.489907],[120.43519,23.489705],[120.435201,23.489692],[120.435208,23.48967],[120.435204,23.489648],[120.435139,23.489575],[120.435121,23.489567],[120.435098,23.489564],[120.435075,23.489568],[120.435057,23.489576],[120.435162,23.489694],[120.434923,23.489877],[120.434614,23.490138],[120.434451,23.490053],[120.434435,23.490075],[120.434436,23.490103],[120.434448,23.490119],[120.434523,23.490169],[120.434566,23.490177],[120.434606,23.490169],[120.434627,23.490158],[120.434925,23.489907]]]}},{"type":"Feature","properties":{"id":"7714280bbd8b","NAME":"竹圍四路","PSTART":"國揚五街","PEND":"世賢路一段","SW_DIRECT":"2","SW_LENG":248.61,"SW_WTH":3.44,"SWW_WTH":2.04,"SW_RAMP":2,"VILL_NAME":"西區"},"geometry":{"type":"Polygon","coordinates":[[[120.428939,23.488015],[120.428746,23.490186],[120.428741,23.490225],[120.428734,23.490248],[120.428761,23.49026],[120.428777,23.490208],[120.428973,23.488017],[120.428964,23.487999],[120.428949,23.487984],[120.428933,23.487978],[120.428915,23.487978],[120.428939,23.488015]]]}},{"type":"Feature","properties":{"id":"72e70113a235","NAME":"世賢路一段","PSTART":"四維路","PEND":"竹圍四路","SW_DIRECT":"1","SW_LENG":216.12,"SW_WTH":3.32,"SWW_WTH":1.86,"SW_RAMP":2,"VILL_NAME":"西區"},"geometry":{"type":"Polygon","coordinates":[[[120.428761,23.49026],[120.428734,23.490248],[120.42872,23.490258],[120.428703,23.490253],[120.427405,23.488844],[120.427422,23.488826],[120.427395,23.488807],[120.427383,23.488825],[120.427379,23.488848],[120.427383,23.488865],[120.4274,23.488887],[120.42869,23.490284],[120.42871,23.490294],[120.428732,23.490293],[120.428749,23.490282],[120.428761,23.49026]]]}},{"type":"Feature","properties":{"id":"78d54ef1da8f","NAME":"高鐵大道","PSTART":"高鐵大道","PEND":"大溪路 210巷","SW_DIRECT":"2","SW_LENG":246.03,"SW_WTH":2.0,"SWW_WTH":0.63,"SW_RAMP":4,"VILL_NAME":"西區"},"geometry":{"type":"Polygon","coordinates":[[[120.394422,23.489666],[120.394809,23.489636],[120.395281,23.489577],[120.395365,23.489572],[120.395448,23.489571],[120.395573,23.489578],[120.395697,23.489596],[120.395767,23.489612],[120.395895,23.489649],[120.396012,23.489696],[120.396122,23.489751],[120.39623,23.48982],[120.396604,23.490178],[120.396601,23.490148],[120.396242,23.489806],[120.396132,23.489736],[120.396021,23.489679],[120.395902,23.489632],[120.395772,23.489594],[120.395659,23.489571],[120.395534,23.489557],[120.395406,23.489553],[120.39532,23.489556],[120.394807,23.489618],[120.394439,23.489647],[120.394427,23.489653],[120.394422,23.489666]]]}},{"type":"Feature","properties":{"id":"1edd726a3c3b","NAME":"文化路","PSTART":"無名路","PEND":"無名路","SW_DIRECT":"2","SW_LENG":15.39,"SW_WTH":2.37,"SWW_WTH":1.1,"SW_RAMP":2,"VILL_NAME":"西區"},"geometry":{"type":"Polygon","coordinates":[[[120.445598,23.490429],[120.445613,23.490434],[120.445623,23.490428],[120.44567,23.490313],[120.445665,23.490304],[120.445651,23.490299],[120.445598,23.490429]]]}},{"type":"Feature","properties":{"id":"d5083124a71f","NAME":"自由路","PSTART":"友愛路","PEND":"通化四街","SW_DIRECT":"1","SW_LENG":104.48,"SW_WTH":2.56,"SWW_WTH":2.56,"SW_RAMP":4,"VILL_NAME":"西區"},"geometry":{"type":"Polygon","coordinates":[[[120.435508,23.489987],[120.435419,23.489888],[120.435395,23.489879],[120.43537,23.489885],[120.435097,23.490094],[120.434828,23.490285],[120.434819,23.490315],[120.434826,23.490345],[120.43484,23.490363],[120.43497,23.490418],[120.434987,23.490417],[120.435027,23.490387],[120.434874,23.49028],[120.435114,23.490111],[120.435366,23.489917],[120.435477,23.49004],[120.435508,23.490014],[120.435511,23.49],[120.435508,23.489987]]]}},{"type":"Feature","properties":{"id":"abee0e1dc416","NAME":"世賢路一段","PSTART":"四維路","PEND":"世賢路一段","SW_DIRECT":"1","SW_LENG":221.55,"SW_WTH":2.99,"SWW_WTH":1.85,"SW_RAMP":2,"VILL_NAME":"西區"},"geometry":{"type":"Polygon","coordinates":[[[120.428382,23.490413],[120.428401,23.49042],[120.428421,23.490413],[120.427172,23.489058],[120.427338,23.488931],[120.427316,23.488915],[120.427137,23.489053],[120.427153,23.48908],[120.428382,23.490413]]]}},{"type":"Feature","properties":{"id":"d4a7dbe0c941","NAME":"世賢路一段","PSTART":"竹圍四路","PEND":"世賢路一段","SW_DIRECT":"1","SW_LENG":21.56,"SW_WTH":2.55,"SWW_WTH":2.55,"SW_RAMP":2,"VILL_NAME":"西區"},"geometry":{"type":"Polygon","coordinates":[[[120.428597,23.490297],[120.428431,23.490424],[120.42845,23.490438],[120.428609,23.490318],[120.428597,23.490297]]]}},{"type":"Feature","properties":{"id":"d0d3e1d5c6c9","NAME":"自由路(慢車道側)","PSTART":"友愛路","PEND":"通化四街","SW_DIRECT":"1","SW_LENG":65.3,"SW_WTH":2.7,"SWW_WTH":1.5,"SW_RAMP":2,"VILL_NAME":"西區"},"geometry":{"type":"Polygon","coordinates":[[[120.435095,23.490442],[120.435093,23.490452],[120.435105,23.490467],[120.435595,23.490088],[120.435586,23.490078],[120.435565,23.49008],[120.435095,23.490442]]]}},{"type":"Feature","properties":{"id":"9ae43999db22","NAME":"文化路","PSTART":"無名路","PEND":"學校出入口","SW_DIRECT":"2","SW_LENG":11.97,"SW_WTH":2.26,"SWW_WTH":0.66,"SW_RAMP":0,"VILL_NAME":"西區"},"geometry":{"type":"Polygon","coordinates":[[[120.445578,23.490537],[120.445577,23.490528],[120.445561,23.490521],[120.445519,23.490621],[120.445533,23.490626],[120.445543,23.490621],[120.445578,23.490537]]]}},{"type":"Feature","properties":{"id":"81abbe66b381","NAME":"世賢路一段","PSTART":"竹圍四路","PEND":"世賢路一段","SW_DIRECT":"1","SW_LENG":20.01,"SW_WTH":2.61,"SWW_WTH":2.61,"SW_RAMP":2,"VILL_NAME":"西區"},"geometry":{"type":"Polygon","coordinates":[[[120.428659,23.49067],[120.428811,23.490556],[120.428799,23.490544],[120.428812,23.490533],[120.428807,23.490529],[120.428644,23.490649],[120.428659,23.49067]]]}},{"type":"Feature","properties":{"id":"648d4ef27117","NAME":"八德路","PSTART":"國安三街","PEND":"國安二街","SW_DIRECT":"2","SW_LENG":57.62,"SW_WTH":2.89,"SWW_WTH":1.71,"SW_RAMP":3,"VILL_NAME":"西區"},"geometry":{"type":"Polygon","coordinates":[[[120.430044,23.490206],[120.430023,23.490196],[120.429967,23.490721],[120.429987,23.490716],[120.429998,23.4907],[120.43005,23.49022],[120.430044,23.490206]]]}},{"type":"Feature","properties":{"id":"2183438807c5","NAME":"世賢路一段","PSTART":"世賢路一段","PEND":"世賢路一段","SW_DIRECT":"2","SW_LENG":21.02,"SW_WTH":2.63,"SWW_WTH":2.63,"SW_RAMP":2,"VILL_NAME":"西區"},"geometry":{"type":"Polygon","coordinates":[[[120.428076,23.490705],[120.428088,23.490726],[120.428247,23.490609],[120.428234,23.490587],[120.428076,23.490705]]]}},{"type":"Feature","properties":{"id":"5a8e642f0d21","NAME":"友忠路","PSTART":"學校出入口","PEND":"學校出入口","SW_DIRECT":"1","SW_LENG":111.6,"SW_WTH":3.32,"SWW_WTH":1.38,"SW_RAMP":2,"VILL_NAME":"西區"},"geometry":{"type":"Polygon","coordinates":[[[120.443183,23.4898],[120.443065,23.490794],[120.443085,23.490807],[120.443096,23.490808],[120.443214,23.489803],[120.443183,23.4898]]]}},{"type":"Feature","properties":{"id":"502d22611910","NAME":"保安二路","PSTART":"撫順二街","PEND":"保安二路 80巷","SW_DIRECT":"1","SW_LENG":74.36,"SW_WTH":2.2,"SWW_WTH":1.97,"SW_RAMP":1,"VILL_NAME":"西區"},"geometry":{"type":"Polygon","coordinates":[[[120.438877,23.490197],[120.438796,23.490849],[120.438799,23.49085],[120.438818,23.490852],[120.438902,23.490179],[120.438887,23.490185],[120.438877,23.490197]]]}},{"type":"Feature","properties":{"id":"f844e704d264","NAME":"文化路","PSTART":"學校出入口","PEND":"賣場出入口","SW_DIRECT":"2","SW_LENG":28.03,"SW_WTH":2.06,"SWW_WTH":1.73,"SW_RAMP":2,"VILL_NAME":"西區"},"geometry":{"type":"Polygon","coordinates":[[[120.445498,23.490697],[120.445491,23.490696],[120.445393,23.490932],[120.445405,23.490935],[120.445416,23.490929],[120.445507,23.49071],[120.445498,23.490697]]]}},{"type":"Feature","properties":{"id":"93075b0d67bd","NAME":"世賢路一段","PSTART":"世賢路一段","PEND":"世賢路一段","SW_DIRECT":"2","SW_LENG":21.68,"SW_WTH":2.62,"SWW_WTH":2.62,"SW_RAMP":2,"VILL_NAME":"西區"},"geometry":{"type":"Polygon","coordinates":[[[120.428235,23.490886],[120.428247,23.490907],[120.428418,23.490785],[120.428396,23.49077],[120.428235,23.490886]]]}},{"type":"Feature","properties":{"id":"db622698e84f","NAME":"自由路","PSTART":"通化四街","PEND":"工廠出入口","SW_DIRECT":"1","SW_LENG":77.66,"SW_WTH":3.11,"SWW_WTH":1.44,"SW_RAMP":2,"VILL_NAME":"西區"},"geometry":{"type":"Polygon","coordinates":[[[120.435003,23.490522],[120.434982,23.490527],[120.434414,23.490964],[120.43443,23.490985],[120.435014,23.490535],[120.435003,23.490522]]]}},{"type":"Feature","properties":{"id":"db6b0bb0fbe8","NAME":"八德路","PSTART":"保安一路","PEND":"八德路","SW_DIRECT":"1","SW_LENG":127.31,"SW_WTH":3.04,"SWW_WTH":1.52,"SW_RAMP":4,"VILL_NAME":"西區"},"geometry":{"type":"Polygon","coordinates":[[[120.430215,23.491143],[120.43022,23.491092],[120.430341,23.489994],[120.430321,23.490001],[120.430309,23.490018],[120.430257,23.490485],[120.430186,23.491134],[120.43019,23.491141],[120.430215,23.491143]]]}},{"type":"Feature","properties":{"id":"09fe7b049066","NAME":"保安二路","PSTART":"長春一街","PEND":"友愛路","SW_DIRECT":"2","SW_LENG":113.79,"SW_WTH":2.51,"SWW_WTH":1.09,"SW_RAMP":1,"VILL_NAME":"西區"},"geometry":{"type":"Polygon","coordinates":[[[120.438682,23.490194],[120.438677,23.490176],[120.438659,23.490166],[120.438532,23.491192],[120.438536,23.491193],[120.43855,23.49119],[120.438558,23.491179],[120.438682,23.490194]]]}},{"type":"Feature","properties":{"id":"956389484fbd","NAME":"保安二路","PSTART":"保安二路 80巷","PEND":"友愛路","SW_DIRECT":"1","SW_LENG":35.0,"SW_WTH":2.37,"SWW_WTH":2.13,"SW_RAMP":null,"VILL_NAME":"西區"},"geometry":{"type":"Polygon","coordinates":[[[120.438775,23.491203],[120.438814,23.490888],[120.43879,23.490886],[120.438752,23.4912],[120.438775,23.491203]]]}},{"type":"Feature","properties":{"id":"f35a2550bcc0","NAME":"自由路","PSTART":"保安一路351巷","PEND":"保安一路351巷","SW_DIRECT":"2","SW_LENG":129.58,"SW_WTH":2.92,"SWW_WTH":1.56,"SW_RAMP":2,"VILL_NAME":"西區"},"geometry":{"type":"Polygon","coordinates":[[[120.433734,23.490463],[120.432888,23.491113],[120.432748,23.49122],[120.432768,23.491226],[120.432791,23.491222],[120.433735,23.490498],[120.433739,23.49048],[120.433734,23.490463]]]}},{"type":"Feature","properties":{"id":"5814ecae7051","NAME":"世賢路一段","PSTART":"世賢路一段","PEND":"北社尾路","SW_DIRECT":"1","SW_LENG":77.48,"SW_WTH":2.95,"SWW_WTH":1.83,"SW_RAMP":0,"VILL_NAME":"西區"},"geometry":{"type":"Polygon","coordinates":[[[120.428654,23.490707],[120.429121,23.491213],[120.429139,23.491217],[120.429156,23.49121],[120.428661,23.490672],[120.428649,23.490688],[120.428654,23.490707]]]}},{"type":"Feature","properties":{"id":"e1c623876fe7","NAME":"文化路","PSTART":"賣場出入口","PEND":"巷子出入口","SW_DIRECT":"2","SW_LENG":25.62,"SW_WTH":2.09,"SWW_WTH":0.43,"SW_RAMP":0,"VILL_NAME":"西區"},"geometry":{"type":"Polygon","coordinates":[[[120.445251,23.491278],[120.445264,23.49128],[120.445274,23.491273],[120.445357,23.491076],[120.44535,23.491065],[120.44534,23.491061],[120.445251,23.491278]]]}},{"type":"Feature","properties":{"id":"c9a9499c69e7","NAME":"世賢路一段","PSTART":"無名路","PEND":"北社尾路","SW_DIRECT":"1","SW_LENG":21.5,"SW_WTH":2.72,"SWW_WTH":2.72,"SW_RAMP":2,"VILL_NAME":"西區"},"geometry":{"type":"Polygon","coordinates":[[[120.429161,23.491215],[120.429183,23.491231],[120.429339,23.49111],[120.429326,23.491088],[120.429161,23.491215]]]}},{"type":"Feature","properties":{"id":"ec34f05d1dcc","NAME":"世賢路一段","PSTART":"賢達路","PEND":"旅館出入口","SW_DIRECT":"2","SW_LENG":380.49,"SW_WTH":3.05,"SWW_WTH":2.06,"SW_RAMP":2,"VILL_NAME":"西區"},"geometry":{"type":"Polygon","coordinates":[[[120.428411,23.491238],[120.428419,23.491219],[120.428413,23.491199],[120.426342,23.488951],[120.426019,23.488603],[120.425991,23.488613],[120.428411,23.491238]]]}},{"type":"Feature","properties":{"id":"873d07b8b194","NAME":"世賢路一段","PSTART":"北社尾路","PEND":"世賢路一段","SW_DIRECT":"1","SW_LENG":21.54,"SW_WTH":3.01,"SWW_WTH":3.01,"SW_RAMP":2,"VILL_NAME":"西區"},"geometry":{"type":"Polygon","coordinates":[[[120.429346,23.491415],[120.429509,23.491286],[120.429487,23.491268],[120.42933,23.491391],[120.429346,23.491415]]]}},{"type":"Feature","properties":{"id":"beb0ce4f5e8b","NAME":"文化路","PSTART":"巷子出入口","PEND":"住宅出入口","SW_DIRECT":"2","SW_LENG":23.1,"SW_WTH":1.94,"SWW_WTH":1.94,"SW_RAMP":1,"VILL_NAME":"西區"},"geometry":{"type":"Polygon","coordinates":[[[120.445249,23.491313],[120.445239,23.491309],[120.445157,23.491506],[120.445176,23.491508],[120.445254,23.491323],[120.445249,23.491313]]]}},{"type":"Feature","properties":{"id":"52f21944e835","NAME":"埤竹路","PSTART":"大溪路 210巷","PEND":"工廠出入口","SW_DIRECT":"1","SW_LENG":122.9,"SW_WTH":1.8,"SWW_WTH":1.26,"SW_RAMP":2,"VILL_NAME":"西區"},"geometry":{"type":"Polygon","coordinates":[[[120.397399,23.490872],[120.397243,23.490642],[120.397037,23.490376],[120.397031,23.490388],[120.397034,23.4904],[120.397229,23.490651],[120.397384,23.49088],[120.397504,23.491074],[120.397645,23.491336],[120.397661,23.491329],[120.397519,23.491067],[120.397399,23.490872]]]}},{"type":"Feature","properties":{"id":"b41aae69b3f3","NAME":"友忠路","PSTART":"新龍街","PEND":"友愛路","SW_DIRECT":"2","SW_LENG":180.11,"SW_WTH":3.2,"SWW_WTH":1.29,"SW_RAMP":2,"VILL_NAME":"西區"},"geometry":{"type":"Polygon","coordinates":[[[120.442552,23.4915],[120.442747,23.4899],[120.442717,23.489888],[120.442524,23.491496],[120.442527,23.49151],[120.442539,23.49151],[120.442552,23.4915]]]}},{"type":"Feature","properties":{"id":"62261eab68d1","NAME":"八德路","PSTART":"國安二街","PEND":"世賢路一段","SW_DIRECT":"2","SW_LENG":66.14,"SW_WTH":2.96,"SWW_WTH":1.46,"SW_RAMP":5,"VILL_NAME":"西區"},"geometry":{"type":"Polygon","coordinates":[[[120.429912,23.491481],[120.429975,23.49092],[120.429968,23.490902],[120.42995,23.490893],[120.429883,23.491492],[120.429895,23.491493],[120.429912,23.491481]]]}},{"type":"Feature","properties":{"id":"6e406a24e491","NAME":"友忠路","PSTART":"學校出入口","PEND":"友愛路","SW_DIRECT":"1","SW_LENG":71.88,"SW_WTH":3.18,"SWW_WTH":1.48,"SW_RAMP":1,"VILL_NAME":"西區"},"geometry":{"type":"Polygon","coordinates":[[[120.443006,23.491565],[120.443082,23.490912],[120.443051,23.490908],[120.442977,23.491546],[120.443006,23.491565]]]}},{"type":"Feature","properties":{"id":"1ce34fc7cda7","NAME":"自由路","PSTART":"工廠出入口","PEND":"無名路","SW_DIRECT":"1","SW_LENG":59.07,"SW_WTH":3.13,"SWW_WTH":3.13,"SW_RAMP":2,"VILL_NAME":"西區"},"geometry":{"type":"Polygon","coordinates":[[[120.4337,23.491525],[120.433713,23.491539],[120.434154,23.491195],[120.434136,23.491174],[120.433699,23.49151],[120.4337,23.491525]]]}},{"type":"Feature","properties":{"id":"68c6c72dac1b","NAME":"世賢路一段","PSTART":"世賢路一段","PEND":"北社尾路","SW_DIRECT":"2","SW_LENG":21.66,"SW_WTH":2.82,"SWW_WTH":2.82,"SW_RAMP":2,"VILL_NAME":"西區"},"geometry":{"type":"Polygon","coordinates":[[[120.428992,23.491419],[120.428979,23.491395],[120.428811,23.491519],[120.42883,23.491536],[120.428992,23.491419]]]}},{"type":"Feature","properties":{"id":"ca16d10f45d7","NAME":"埤竹路","PSTART":"大溪路 210巷","PEND":"無名路","SW_DIRECT":"2","SW_LENG":106.54,"SW_WTH":1.89,"SWW_WTH":1.35,"SW_RAMP":2,"VILL_NAME":"西區"},"geometry":{"type":"Polygon","coordinates":[[[120.396976,23.490604],[120.397105,23.490778],[120.397267,23.491022],[120.397406,23.491258],[120.397501,23.491438],[120.397509,23.491428],[120.397507,23.491414],[120.397419,23.491245],[120.397284,23.491014],[120.397122,23.490769],[120.397001,23.490608],[120.396989,23.490601],[120.396976,23.490604]]]}},{"type":"Feature","properties":{"id":"e46fccd407af","NAME":"自由路","PSTART":"保安一路351巷","PEND":"保安一路","SW_DIRECT":"2","SW_LENG":54.2,"SW_WTH":2.69,"SWW_WTH":2.69,"SW_RAMP":2,"VILL_NAME":"西區"},"geometry":{"type":"Polygon","coordinates":[[[120.432325,23.491578],[120.432704,23.491288],[120.432709,23.491273],[120.432704,23.491258],[120.432288,23.491574],[120.432306,23.491583],[120.432325,23.491578]]]}},{"type":"Feature","properties":{"id":"372ce1427d93","NAME":"友愛路","PSTART":"友忠路","PEND":"學校出入口","SW_DIRECT":"1","SW_LENG":93.6,"SW_WTH":1.46,"SWW_WTH":1.46,"SW_RAMP":1,"VILL_NAME":"西區"},"geometry":{"type":"Polygon","coordinates":[[[120.443008,23.491552],[120.443006,23.491565],[120.443369,23.491596],[120.443918,23.49164],[120.44392,23.491628],[120.443008,23.491552]]]}},{"type":"Feature","properties":{"id":"8747fce05902","NAME":"世賢路一段","PSTART":"旅館出入口","PEND":"北社尾路","SW_DIRECT":"2","SW_LENG":48.73,"SW_WTH":2.95,"SWW_WTH":1.98,"SW_RAMP":2,"VILL_NAME":"西區"},"geometry":{"type":"Polygon","coordinates":[[[120.428763,23.49158],[120.42848,23.491272],[120.428459,23.491261],[120.428435,23.491264],[120.428751,23.491606],[120.428761,23.491595],[120.428763,23.49158]]]}},{"type":"Feature","properties":{"id":"4764f6c57f5e","NAME":"友愛路","PSTART":"學校出入口","PEND":"文化路","SW_DIRECT":"1","SW_LENG":82.33,"SW_WTH":1.58,"SWW_WTH":1.16,"SW_RAMP":1,"VILL_NAME":"西區"},"geometry":{"type":"Polygon","coordinates":[[[120.444173,23.491649],[120.444172,23.491662],[120.444975,23.491727],[120.444976,23.491717],[120.444825,23.491704],[120.444825,23.491701],[120.444173,23.491649]]]}},{"type":"Feature","properties":{"id":"1db56405ebb4","NAME":"文化路","PSTART":"住宅出入口","PEND":"友愛路","SW_DIRECT":"2","SW_LENG":19.41,"SW_WTH":2.16,"SWW_WTH":1.1,"SW_RAMP":2,"VILL_NAME":"西區"},"geometry":{"type":"Polygon","coordinates":[[[120.445139,23.49157],[120.44513,23.491565],[120.445063,23.491733],[120.445085,23.491731],[120.445147,23.491583],[120.445139,23.49157]]]}},{"type":"Feature","properties":{"id":"ee6f0834c0ef","NAME":"世賢路一段","PSTART":"北社尾路","PEND":"北社尾路","SW_DIRECT":"2","SW_LENG":21.39,"SW_WTH":2.96,"SWW_WTH":2.96,"SW_RAMP":2,"VILL_NAME":"西區"},"geometry":{"type":"Polygon","coordinates":[[[120.429103,23.491547],[120.428958,23.491673],[120.428974,23.491696],[120.429131,23.49156],[120.429103,23.491547]]]}},{"type":"Feature","properties":{"id":"0345b6512451","NAME":"自由路","PSTART":"保安一路","PEND":"北安路","SW_DIRECT":"2","SW_LENG":265.47,"SW_WTH":2.51,"SWW_WTH":1.18,"SW_RAMP":3,"VILL_NAME":"西區"},"geometry":{"type":"Polygon","coordinates":[[[120.434412,23.490292],[120.432562,23.491714],[120.432442,23.491595],[120.432426,23.491612],[120.432418,23.491634],[120.432418,23.491656],[120.432427,23.491677],[120.432482,23.49173],[120.432502,23.491741],[120.43254,23.491746],[120.432575,23.491734],[120.4344,23.49033],[120.434412,23.490313],[120.434412,23.490292]]]}},{"type":"Feature","properties":{"id":"d9830842e416","NAME":"世賢路一段","PSTART":"北社尾路","PEND":"世賢路一段","SW_DIRECT":"1","SW_LENG":49.95,"SW_WTH":2.12,"SWW_WTH":2.12,"SW_RAMP":1,"VILL_NAME":"西區"},"geometry":{"type":"Polygon","coordinates":[[[120.429346,23.491415],[120.429335,23.491432],[120.429338,23.49145],[120.429398,23.491516],[120.429577,23.491688],[120.42965,23.491767],[120.429664,23.491761],[120.429346,23.491415]]]}},{"type":"Feature","properties":{"id":"e9021e3811c4","NAME":"世賢路一段","PSTART":"八德路","PEND":"世賢路一段","SW_DIRECT":"1","SW_LENG":21.67,"SW_WTH":2.97,"SWW_WTH":2.97,"SW_RAMP":2,"VILL_NAME":"西區"},"geometry":{"type":"Polygon","coordinates":[[[120.429666,23.491763],[120.429689,23.491781],[120.429829,23.491668],[120.429853,23.491678],[120.429844,23.491652],[120.429829,23.491632],[120.429666,23.491763]]]}},{"type":"Feature","properties":{"id":"a1e8f74da518","NAME":"埤竹路","PSTART":"工廠出入口","PEND":"北港路","SW_DIRECT":"1","SW_LENG":36.94,"SW_WTH":1.86,"SWW_WTH":1.36,"SW_RAMP":2,"VILL_NAME":"西區"},"geometry":{"type":"Polygon","coordinates":[[[120.397678,23.491364],[120.397662,23.491371],[120.397725,23.491505],[120.397794,23.491665],[120.397804,23.491674],[120.397817,23.491673],[120.397678,23.491364]]]}},{"type":"Feature","properties":{"id":"ea07a8954fa1","NAME":"埤竹路","PSTART":"無名路","PEND":"北港路","SW_DIRECT":"2","SW_LENG":25.02,"SW_WTH":1.83,"SWW_WTH":1.29,"SW_RAMP":2,"VILL_NAME":"西區"},"geometry":{"type":"Polygon","coordinates":[[[120.397549,23.491503],[120.397539,23.491493],[120.397525,23.491493],[120.397565,23.491574],[120.397622,23.491707],[120.397632,23.491699],[120.397633,23.491686],[120.397549,23.491503]]]}},{"type":"Feature","properties":{"id":"6ede2178d5f1","NAME":"八德路","PSTART":"八德路","PEND":"世賢路一段","SW_DIRECT":"1","SW_LENG":73.3,"SW_WTH":3.06,"SWW_WTH":1.99,"SW_RAMP":1,"VILL_NAME":"西區"},"geometry":{"type":"Polygon","coordinates":[[[120.430213,23.491177],[120.430199,23.491178],[120.430182,23.491188],[120.430113,23.491834],[120.430136,23.491838],[120.430146,23.491744],[120.43015,23.491744],[120.43016,23.491674],[120.430213,23.491177]]]}},{"type":"Feature","properties":{"id":"b099a05d456a","NAME":"自由路","PSTART":"無名路","PEND":"加油站入口","SW_DIRECT":"1","SW_LENG":48.52,"SW_WTH":2.99,"SWW_WTH":1.63,"SW_RAMP":2,"VILL_NAME":"西區"},"geometry":{"type":"Polygon","coordinates":[[[120.433614,23.491613],[120.433591,23.491603],[120.433578,23.491603],[120.433232,23.49187],[120.433231,23.491883],[120.433243,23.491896],[120.433614,23.491613]]]}},{"type":"Feature","properties":{"id":"0007c793659b","NAME":"自由路","PSTART":"通化四街","PEND":"保安一路","SW_DIRECT":"1","SW_LENG":294.53,"SW_WTH":2.68,"SWW_WTH":1.6,"SW_RAMP":4,"VILL_NAME":"西區"},"geometry":{"type":"Polygon","coordinates":[[[120.43283,23.492067],[120.43287,23.492043],[120.432758,23.491918],[120.433353,23.49146],[120.43465,23.490463],[120.434827,23.490538],[120.434896,23.490483],[120.434758,23.490433],[120.434685,23.490427],[120.434658,23.490432],[120.434634,23.490444],[120.432716,23.49192],[120.432708,23.491943],[120.432713,23.491968],[120.432804,23.492059],[120.432816,23.492066],[120.43283,23.492067]]]}},{"type":"Feature","properties":{"id":"a6f1a3808784","NAME":"自由路","PSTART":"加油站入口","PEND":"保安一路","SW_DIRECT":"1","SW_LENG":25.7,"SW_WTH":2.8,"SWW_WTH":1.49,"SW_RAMP":2,"VILL_NAME":"西區"},"geometry":{"type":"Polygon","coordinates":[[[120.433167,23.491954],[120.433157,23.491942],[120.433135,23.491947],[120.432964,23.492076],[120.432961,23.492087],[120.432974,23.492103],[120.433167,23.491954]]]}},{"type":"Feature","properties":{"id":"9563537d93ad","NAME":"世賢路一段","PSTART":"世賢路一段","PEND":"世賢路一段","SW_DIRECT":"2","SW_LENG":21.29,"SW_WTH":2.98,"SWW_WTH":2.98,"SW_RAMP":2,"VILL_NAME":"西區"},"geometry":{"type":"Polygon","coordinates":[[[120.429591,23.492358],[120.429745,23.492238],[120.429732,23.492212],[120.429569,23.492341],[120.429591,23.492358]]]}},{"type":"Feature","properties":{"id":"eb658edc06eb","NAME":"自由路","PSTART":"保安一路","PEND":"保安一路348巷","SW_DIRECT":"2","SW_LENG":131.23,"SW_WTH":2.97,"SWW_WTH":0.97,"SW_RAMP":2,"VILL_NAME":"西區"},"geometry":{"type":"Polygon","coordinates":[[[120.432214,23.491645],[120.432206,23.491636],[120.431216,23.492396],[120.431232,23.492406],[120.431251,23.492404],[120.432208,23.491669],[120.432215,23.491658],[120.432214,23.491645]]]}},{"type":"Feature","properties":{"id":"0197e156ec9c","NAME":"文化路","PSTART":"興達路","PEND":"無名路","SW_DIRECT":"1","SW_LENG":360.26,"SW_WTH":2.25,"SWW_WTH":1.66,"SW_RAMP":6,"VILL_NAME":"西區"},"geometry":{"type":"Polygon","coordinates":[[[120.444958,23.492497],[120.446089,23.489757],[120.446184,23.489755],[120.44626,23.489739],[120.446345,23.489701],[120.446411,23.489652],[120.446386,23.489649],[120.446323,23.489692],[120.446241,23.489725],[120.446168,23.489738],[120.446084,23.489738],[120.446073,23.489745],[120.444946,23.492473],[120.444947,23.492488],[120.444958,23.492497]]]}},{"type":"Feature","properties":{"id":"a8f420615644","NAME":"文化路","PSTART":"友愛路","PEND":"松江一街","SW_DIRECT":"2","SW_LENG":45.45,"SW_WTH":2.4,"SWW_WTH":2.4,"SW_RAMP":1,"VILL_NAME":"西區"},"geometry":{"type":"Polygon","coordinates":[[[120.444902,23.492176],[120.444899,23.492164],[120.444887,23.492158],[120.444723,23.492541],[120.444748,23.492547],[120.444902,23.492176]]]}},{"type":"Feature","properties":{"id":"542dda793867","NAME":"無名路","PSTART":"北港路","PEND":"工廠出入口","SW_DIRECT":"2","SW_LENG":281.1,"SW_WTH":3.13,"SWW_WTH":1.55,"SW_RAMP":11,"VILL_NAME":"西區"},"geometry":{"type":"Polygon","coordinates":[[[120.405467,23.492403],[120.404587,23.49032],[120.404554,23.490252],[120.404531,23.490219],[120.404496,23.490184],[120.404461,23.490161],[120.404421,23.490144],[120.404379,23.490133],[120.404285,23.490161],[120.404332,23.490158],[120.404373,23.490162],[120.404426,23.490176],[120.404458,23.490193],[120.404487,23.490215],[120.404528,23.490265],[120.404561,23.490335],[120.405439,23.492415],[120.405467,23.492403]]]}},{"type":"Feature","properties":{"id":"9d6449d845fb","NAME":"世賢路一段","PSTART":"世賢路一段","PEND":"世賢路一段","SW_DIRECT":"2","SW_LENG":19.51,"SW_WTH":2.91,"SWW_WTH":2.91,"SW_RAMP":2,"VILL_NAME":"西區"},"geometry":{"type":"Polygon","coordinates":[[[120.429878,23.492407],[120.42974,23.492519],[120.429755,23.492544],[120.429903,23.492422],[120.429878,23.492407]]]}},{"type":"Feature","properties":{"id":"eb63d7bd423f","NAME":"無名路","PSTART":"北港路","PEND":"工廠出入口","SW_DIRECT":"1","SW_LENG":307.75,"SW_WTH":3.2,"SWW_WTH":1.7,"SW_RAMP":10,"VILL_NAME":"西區"},"geometry":{"type":"Polygon","coordinates":[[[120.404833,23.489984],[120.404802,23.490011],[120.404781,23.490036],[120.40476,23.490071],[120.404749,23.490101],[120.404741,23.490132],[120.404739,23.490171],[120.404753,23.490245],[120.405731,23.492563],[120.405761,23.492553],[120.404784,23.490241],[120.40477,23.490172],[120.404771,23.490137],[120.404779,23.490103],[120.404794,23.490071],[120.404813,23.490043],[120.404868,23.489993],[120.404853,23.489977],[120.404833,23.489984]]]}},{"type":"Feature","properties":{"id":"19ba22001e4e","NAME":"自由路","PSTART":"保安一路348巷","PEND":"世賢路一段","SW_DIRECT":"2","SW_LENG":36.77,"SW_WTH":2.92,"SWW_WTH":2.92,"SW_RAMP":2,"VILL_NAME":"西區"},"geometry":{"type":"Polygon","coordinates":[[[120.431157,23.492477],[120.431164,23.49246],[120.431156,23.492443],[120.430875,23.492658],[120.430884,23.492667],[120.430911,23.492666],[120.431157,23.492477]]]}},{"type":"Feature","properties":{"id":"b2e4ad7542bd","NAME":"文化路","PSTART":"松江一街","PEND":"松江三街","SW_DIRECT":"2","SW_LENG":27.98,"SW_WTH":2.68,"SWW_WTH":2.16,"SW_RAMP":1,"VILL_NAME":"西區"},"geometry":{"type":"Polygon","coordinates":[[[120.444726,23.492602],[120.444697,23.492605],[120.444601,23.492845],[120.444631,23.492836],[120.444726,23.492602]]]}},{"type":"Feature","properties":{"id":"b98d21709070","NAME":"自由路","PSTART":"自由路","PEND":"世賢路一段","SW_DIRECT":"2","SW_LENG":10.84,"SW_WTH":3.04,"SWW_WTH":3.04,"SW_RAMP":2,"VILL_NAME":"西區"},"geometry":{"type":"Polygon","coordinates":[[[120.431066,23.492781],[120.430997,23.492706],[120.430987,23.492715],[120.430979,23.492728],[120.431044,23.4928],[120.431066,23.492781]]]}},{"type":"Feature","properties":{"id":"43e6853dc4cc","NAME":"自由路","PSTART":"保安一路","PEND":"安東二街","SW_DIRECT":"1","SW_LENG":101.1,"SW_WTH":6.7,"SWW_WTH":3.48,"SW_RAMP":2,"VILL_NAME":"西區"},"geometry":{"type":"Polygon","coordinates":[[[120.432753,23.49224],[120.432074,23.492763],[120.43207,23.49278],[120.43208,23.492796],[120.432102,23.49282],[120.432744,23.492327],[120.432791,23.492317],[120.432816,23.49232],[120.43284,23.492328],[120.432865,23.492298],[120.432786,23.492241],[120.432753,23.49224]]]}},{"type":"Feature","properties":{"id":"56ca5e6c332a","NAME":"無名路","PSTART":"工廠出入口","PEND":"無名路","SW_DIRECT":"2","SW_LENG":32.51,"SW_WTH":3.09,"SWW_WTH":1.7,"SW_RAMP":2,"VILL_NAME":"西區"},"geometry":{"type":"Polygon","coordinates":[[[120.405494,23.492466],[120.405465,23.492476],[120.405578,23.492752],[120.405594,23.492742],[120.405597,23.492721],[120.405494,23.492466]]]}},{"type":"Feature","properties":{"id":"e51620f6b6de","NAME":"自由路","PSTART":"世賢路一段","PEND":"保安一路","SW_DIRECT":"2","SW_LENG":183.31,"SW_WTH":2.55,"SWW_WTH":2.55,"SW_RAMP":2,"VILL_NAME":"西區"},"geometry":{"type":"Polygon","coordinates":[[[120.432343,23.491883],[120.431133,23.492811],[120.431127,23.492829],[120.431126,23.492848],[120.432361,23.491898],[120.432374,23.491882],[120.432379,23.491865],[120.432379,23.491846],[120.432372,23.491827],[120.432303,23.491763],[120.432276,23.49175],[120.432249,23.49175],[120.432224,23.491763],[120.432343,23.491883]]]}},{"type":"Feature","properties":{"id":"f65362343d00","NAME":"無名路","PSTART":"工廠出入口","PEND":"無名路","SW_DIRECT":"1","SW_LENG":16.85,"SW_WTH":3.18,"SWW_WTH":3.18,"SW_RAMP":2,"VILL_NAME":"西區"},"geometry":{"type":"Polygon","coordinates":[[[120.405845,23.49275],[120.405784,23.492608],[120.405755,23.492619],[120.405809,23.492744],[120.405827,23.492755],[120.405845,23.49275]]]}},{"type":"Feature","properties":{"id":"e4352ce4c59c","NAME":"世賢路一段","PSTART":"北社尾路","PEND":"世賢路一段638巷","SW_DIRECT":"2","SW_LENG":171.2,"SW_WTH":2.8,"SWW_WTH":1.8,"SW_RAMP":2,"VILL_NAME":"西區"},"geometry":{"type":"Polygon","coordinates":[[[120.429942,23.492859],[120.428883,23.49171],[120.428866,23.491706],[120.428851,23.491711],[120.429942,23.492898],[120.429947,23.492879],[120.429942,23.492859]]]}},{"type":"Feature","properties":{"id":"cb5d2373d7c1","NAME":"自由路","PSTART":"保安一路","PEND":"世賢路一段","SW_DIRECT":"1","SW_LENG":180.68,"SW_WTH":2.64,"SWW_WTH":1.57,"SW_RAMP":2,"VILL_NAME":"西區"},"geometry":{"type":"Polygon","coordinates":[[[120.431337,23.493012],[120.432525,23.492097],[120.432648,23.492212],[120.432683,23.492183],[120.432687,23.492171],[120.432685,23.49216],[120.432576,23.492074],[120.432542,23.492067],[120.432511,23.492076],[120.431293,23.493013],[120.431337,23.493012]]]}},{"type":"Feature","properties":{"id":"c2817885968f","NAME":"世賢路一段","PSTART":"世賢路一段","PEND":"自由路","SW_DIRECT":"1","SW_LENG":154.79,"SW_WTH":3.23,"SWW_WTH":2.07,"SW_RAMP":4,"VILL_NAME":"西區"},"geometry":{"type":"Polygon","coordinates":[[[120.430974,23.492877],[120.430956,23.492856],[120.430793,23.492981],[120.430606,23.492781],[120.430336,23.49247],[120.430139,23.492255],[120.430296,23.492141],[120.430277,23.492122],[120.430111,23.492241],[120.430123,23.492279],[120.430314,23.492487],[120.430588,23.492806],[120.430788,23.493021],[120.430974,23.492877]]]}},{"type":"Feature","properties":{"id":"448b441c01d2","NAME":"無名路","PSTART":"無名路","PEND":"工廠出入口","SW_DIRECT":"2","SW_LENG":21.96,"SW_WTH":3.1,"SWW_WTH":1.66,"SW_RAMP":2,"VILL_NAME":"西區"},"geometry":{"type":"Polygon","coordinates":[[[120.405644,23.492829],[120.405627,23.492816],[120.405607,23.492819],[120.405686,23.493005],[120.405714,23.492995],[120.405644,23.492829]]]}},{"type":"Feature","properties":{"id":"809ddde4d9d0","NAME":"自由路","PSTART":"自由路","PEND":"世賢路一段","SW_DIRECT":"1","SW_LENG":8.13,"SW_WTH":3.03,"SWW_WTH":3.03,"SW_RAMP":2,"VILL_NAME":"西區"},"geometry":{"type":"Polygon","coordinates":[[[120.431366,23.493105],[120.431335,23.493113],[120.43139,23.493173],[120.431414,23.493157],[120.431366,23.493105]]]}},{"type":"Feature","properties":{"id":"dee8fc617a02","NAME":"文化路","PSTART":"松江三街","PEND":"無名路","SW_DIRECT":"2","SW_LENG":35.55,"SW_WTH":2.31,"SWW_WTH":1.06,"SW_RAMP":2,"VILL_NAME":"西區"},"geometry":{"type":"Polygon","coordinates":[[[120.444422,23.493309],[120.444435,23.493302],[120.444552,23.493025],[120.44455,23.493013],[120.44454,23.493006],[120.444535,23.493004],[120.44441,23.493307],[120.444422,23.493309]]]}},{"type":"Feature","properties":{"id":"448a9f824852","NAME":"自由路","PSTART":"安東二街","PEND":"世賢路一段","SW_DIRECT":"1","SW_LENG":78.38,"SW_WTH":2.87,"SWW_WTH":1.5,"SW_RAMP":3,"VILL_NAME":"西區"},"geometry":{"type":"Polygon","coordinates":[[[120.432009,23.49281],[120.431439,23.493251],[120.431438,23.493263],[120.43145,23.493275],[120.432039,23.492821],[120.432027,23.492809],[120.432009,23.49281]]]}},{"type":"Feature","properties":{"id":"f1cb6e9a7830","NAME":"世賢路一段","PSTART":"世賢路一段","PEND":"世賢路一段612巷","SW_DIRECT":"2","SW_LENG":21.69,"SW_WTH":3.06,"SWW_WTH":3.06,"SW_RAMP":2,"VILL_NAME":"西區"},"geometry":{"type":"Polygon","coordinates":[[[120.430581,23.493135],[120.430416,23.493261],[120.430439,23.493281],[120.430597,23.493158],[120.430581,23.493135]]]}},{"type":"Feature","properties":{"id":"3ae9e064fe0d","NAME":"文化路","PSTART":"無名路","PEND":"文化路 566巷","SW_DIRECT":"1","SW_LENG":96.08,"SW_WTH":2.09,"SWW_WTH":1.33,"SW_RAMP":2,"VILL_NAME":"西區"},"geometry":{"type":"Polygon","coordinates":[[[120.444581,23.49336],[120.444583,23.493373],[120.444594,23.49338],[120.44493,23.492565],[120.444917,23.492565],[120.444905,23.492573],[120.444581,23.49336]]]}},{"type":"Feature","properties":{"id":"7ae8b305ece5","NAME":"世賢路一段","PSTART":"世賢路一段638巷","PEND":"世賢路一段612巷","SW_DIRECT":"2","SW_LENG":62.54,"SW_WTH":3.01,"SWW_WTH":2.0,"SW_RAMP":2,"VILL_NAME":"西區"},"geometry":{"type":"Polygon","coordinates":[[[120.43038,23.493376],[120.430393,23.493362],[120.430389,23.493343],[120.430019,23.492942],[120.430002,23.492935],[120.429984,23.492942],[120.43038,23.493376]]]}},{"type":"Feature","properties":{"id":"acea6756089b","NAME":"世賢路一段","PSTART":"世賢路一段612巷","PEND":"世賢路一段592巷","SW_DIRECT":"2","SW_LENG":21.93,"SW_WTH":2.8,"SWW_WTH":2.8,"SW_RAMP":3,"VILL_NAME":"西區"},"geometry":{"type":"Polygon","coordinates":[[[120.430895,23.493475],[120.430876,23.493456],[120.430713,23.493583],[120.43073,23.493603],[120.430895,23.493475]]]}},{"type":"Feature","properties":{"id":"5c2841cb851a","NAME":"無名路","PSTART":"無名路","PEND":"無名路","SW_DIRECT":"1","SW_LENG":106.17,"SW_WTH":3.09,"SWW_WTH":1.68,"SW_RAMP":1,"VILL_NAME":"西區"},"geometry":{"type":"Polygon","coordinates":[[[120.40625,23.493709],[120.405872,23.492817],[120.40586,23.492819],[120.405851,23.492827],[120.405848,23.492838],[120.406211,23.493698],[120.406221,23.493709],[120.406236,23.493714],[120.40625,23.493709]]]}},{"type":"Feature","properties":{"id":"39f08435599e","NAME":"世賢路一段","PSTART":"自由路","PEND":"世賢路一段","SW_DIRECT":"1","SW_LENG":121.11,"SW_WTH":2.83,"SWW_WTH":2.83,"SW_RAMP":5,"VILL_NAME":"西區"},"geometry":{"type":"Polygon","coordinates":[[[120.431524,23.493815],[120.431539,23.493822],[120.431556,23.493823],[120.431659,23.493631],[120.431641,23.4936],[120.431541,23.493794],[120.4311,23.493316],[120.431262,23.49319],[120.431242,23.493168],[120.431061,23.493313],[120.431524,23.493815]]]}},{"type":"Feature","properties":{"id":"359a3a88f7f2","NAME":"世賢路一段","PSTART":"世賢路一段612巷","PEND":"世賢路一段592巷","SW_DIRECT":"2","SW_LENG":57.57,"SW_WTH":3.0,"SWW_WTH":2.01,"SW_RAMP":2,"VILL_NAME":"西區"},"geometry":{"type":"Polygon","coordinates":[[[120.430798,23.49383],[120.430806,23.493813],[120.430802,23.493795],[120.430469,23.493432],[120.430449,23.493422],[120.430426,23.493427],[120.430798,23.49383]]]}},{"type":"Feature","properties":{"id":"9e27259d36a4","NAME":"保安二路","PSTART":"保安一路","PEND":"保安二路 177巷","SW_DIRECT":"2","SW_LENG":39.79,"SW_WTH":2.51,"SWW_WTH":1.59,"SW_RAMP":1,"VILL_NAME":"西區"},"geometry":{"type":"Polygon","coordinates":[[[120.438255,23.49352],[120.438209,23.493877],[120.438234,23.49388],[120.438277,23.493523],[120.438255,23.49352]]]}},{"type":"Feature","properties":{"id":"0a18110e1d97","NAME":"保安二路","PSTART":"保安一路","PEND":"保安二路 178巷","SW_DIRECT":"1","SW_LENG":39.92,"SW_WTH":2.56,"SWW_WTH":1.53,"SW_RAMP":2,"VILL_NAME":"西區"},"geometry":{"type":"Polygon","coordinates":[[[120.438459,23.493881],[120.438501,23.493523],[120.438479,23.493519],[120.438435,23.493878],[120.438459,23.493881]]]}},{"type":"Feature","properties":{"id":"61145e50e4ef","NAME":"世賢路一段","PSTART":"世賢路一段","PEND":"世賢路一段","SW_DIRECT":"1","SW_LENG":130.15,"SW_WTH":2.72,"SWW_WTH":1.51,"SW_RAMP":4,"VILL_NAME":"西區"},"geometry":{"type":"Polygon","coordinates":[[[120.4317,23.493882],[120.431711,23.493895],[120.431729,23.493902],[120.432507,23.493974],[120.432547,23.493967],[120.432563,23.493764],[120.432538,23.493756],[120.432522,23.493943],[120.432497,23.493948],[120.431731,23.493878],[120.431828,23.493691],[120.431797,23.493695],[120.4317,23.493882]]]}},{"type":"Feature","properties":{"id":"1d558fccd89f","NAME":"世賢路一段","PSTART":"世賢路一段592巷","PEND":"世賢路一段580巷","SW_DIRECT":"2","SW_LENG":20.5,"SW_WTH":2.77,"SWW_WTH":2.77,"SW_RAMP":1,"VILL_NAME":"西區"},"geometry":{"type":"Polygon","coordinates":[[[120.431317,23.493959],[120.431302,23.493937],[120.431132,23.494039],[120.431149,23.494057],[120.431317,23.493959]]]}},{"type":"Feature","properties":{"id":"d58e2a3b7ecf","NAME":"世賢路一段","PSTART":"世賢路一段","PEND":"世賢路一段","SW_DIRECT":"1","SW_LENG":100.3,"SW_WTH":2.76,"SWW_WTH":1.51,"SW_RAMP":2,"VILL_NAME":"西區"},"geometry":{"type":"Polygon","coordinates":[[[120.432806,23.493779],[120.432771,23.493996],[120.432797,23.494003],[120.433522,23.49407],[120.433533,23.494064],[120.43354,23.494054],[120.433542,23.494047],[120.432803,23.493977],[120.432834,23.493782],[120.432806,23.493779]]]}},{"type":"Feature","properties":{"id":"06d6dec8bfb3","NAME":"世賢路一段","PSTART":"世賢路一段592巷","PEND":"世賢路一段580巷","SW_DIRECT":"2","SW_LENG":38.26,"SW_WTH":2.96,"SWW_WTH":1.98,"SW_RAMP":2,"VILL_NAME":"西區"},"geometry":{"type":"Polygon","coordinates":[[[120.431083,23.494139],[120.431093,23.494122],[120.431088,23.494103],[120.430873,23.49387],[120.430853,23.493864],[120.430834,23.49387],[120.431083,23.494139]]]}},{"type":"Feature","properties":{"id":"5f809c923a7b","NAME":"保安二路","PSTART":"保安二路 177巷","PEND":"世賢路一段","SW_DIRECT":"2","SW_LENG":33.06,"SW_WTH":2.55,"SWW_WTH":1.97,"SW_RAMP":2,"VILL_NAME":"西區"},"geometry":{"type":"Polygon","coordinates":[[[120.438205,23.493915],[120.438171,23.494211],[120.438195,23.494215],[120.43823,23.493925],[120.438219,23.493917],[120.438205,23.493915]]]}},{"type":"Feature","properties":{"id":"34edc5c078a2","NAME":"保安二路","PSTART":"保安二路 178巷","PEND":"世賢路一段","SW_DIRECT":"1","SW_LENG":35.51,"SW_WTH":2.57,"SWW_WTH":1.45,"SW_RAMP":1,"VILL_NAME":"西區"},"geometry":{"type":"Polygon","coordinates":[[[120.438454,23.493913],[120.438429,23.49391],[120.43839,23.494228],[120.438414,23.494231],[120.438454,23.493913]]]}},{"type":"Feature","properties":{"id":"d425af59fba4","NAME":"世賢路一段","PSTART":"世賢路一段","PEND":"世賢路一段","SW_DIRECT":"1","SW_LENG":148.28,"SW_WTH":2.69,"SWW_WTH":1.56,"SW_RAMP":2,"VILL_NAME":"西區"},"geometry":{"type":"Polygon","coordinates":[[[120.435114,23.494219],[120.435142,23.494215],[120.43515,23.494002],[120.435124,23.493997],[120.435116,23.494195],[120.433903,23.494081],[120.433911,23.494096],[120.433925,23.494108],[120.435114,23.494219]]]}},{"type":"Feature","properties":{"id":"4ef5e5e94aa1","NAME":"世賢路一段","PSTART":"世賢路一段580巷","PEND":"海口寮路","SW_DIRECT":"2","SW_LENG":25.77,"SW_WTH":2.7,"SWW_WTH":2.7,"SW_RAMP":3,"VILL_NAME":"西區"},"geometry":{"type":"Polygon","coordinates":[[[120.431449,23.494238],[120.431461,23.49426],[120.43168,23.494124],[120.431681,23.494119],[120.431638,23.494121],[120.431449,23.494238]]]}},{"type":"Feature","properties":{"id":"91fc22b0f655","NAME":"無名路","PSTART":"工廠出入口","PEND":"住家出入口","SW_DIRECT":"2","SW_LENG":142.81,"SW_WTH":3.31,"SWW_WTH":1.53,"SW_RAMP":2,"VILL_NAME":"西區"},"geometry":{"type":"Polygon","coordinates":[[[120.40596,23.49365],[120.406085,23.493962],[120.406125,23.494106],[120.406162,23.494279],[120.406193,23.494274],[120.406155,23.494096],[120.406089,23.49388],[120.40574,23.493055],[120.405709,23.493064],[120.40596,23.49365]]]}},{"type":"Feature","properties":{"id":"82d0ee64a8fa","NAME":"世賢路一段","PSTART":"世賢路一段580巷","PEND":"海口寮路","SW_DIRECT":"2","SW_LENG":21.62,"SW_WTH":2.63,"SWW_WTH":2.63,"SW_RAMP":2,"VILL_NAME":"西區"},"geometry":{"type":"Polygon","coordinates":[[[120.432455,23.494392],[120.432482,23.494391],[120.432512,23.494204],[120.432488,23.494196],[120.432455,23.494392]]]}},{"type":"Feature","properties":{"id":"55da57ab2183","NAME":"世賢路一段","PSTART":"海口寮路","PEND":"世賢路一段","SW_DIRECT":"2","SW_LENG":21.35,"SW_WTH":2.62,"SWW_WTH":2.62,"SW_RAMP":2,"VILL_NAME":"西區"},"geometry":{"type":"Polygon","coordinates":[[[120.432742,23.494225],[120.432715,23.494407],[120.432739,23.494418],[120.432769,23.494222],[120.432742,23.494225]]]}},{"type":"Feature","properties":{"id":"22ef7d3f97c6","NAME":"世賢路一段","PSTART":"世賢路一段","PEND":"世賢路一段","SW_DIRECT":"1","SW_LENG":322.52,"SW_WTH":2.61,"SWW_WTH":1.38,"SW_RAMP":4,"VILL_NAME":"西區"},"geometry":{"type":"Polygon","coordinates":[[[120.438065,23.494473],[120.435393,23.494221],[120.435421,23.494025],[120.435395,23.494028],[120.435365,23.494233],[120.435388,23.494245],[120.438061,23.494497],[120.438088,23.494494],[120.438123,23.494292],[120.438098,23.494279],[120.438065,23.494473]]]}},{"type":"Feature","properties":{"id":"1d62850c01e6","NAME":"文化路","PSTART":"文化路 566巷","PEND":"文化路 641巷","SW_DIRECT":"2","SW_LENG":136.19,"SW_WTH":2.43,"SWW_WTH":1.77,"SW_RAMP":2,"VILL_NAME":"西區"},"geometry":{"type":"Polygon","coordinates":[[[120.444391,23.493385],[120.44438,23.493382],[120.443905,23.494534],[120.443922,23.494534],[120.443929,23.494529],[120.444398,23.4934],[120.444391,23.493385]]]}},{"type":"Feature","properties":{"id":"8595b7f0ff41","NAME":"世賢路一段","PSTART":"世賢路一段580巷","PEND":"海口寮路","SW_DIRECT":"2","SW_LENG":127.84,"SW_WTH":3.04,"SWW_WTH":1.96,"SW_RAMP":2,"VILL_NAME":"西區"},"geometry":{"type":"Polygon","coordinates":[[[120.432491,23.494494],[120.432485,23.494476],[120.432468,23.494466],[120.431547,23.494379],[120.431431,23.49435],[120.431299,23.494291],[120.431278,23.49429],[120.431259,23.494297],[120.431319,23.494333],[120.431404,23.49437],[120.431478,23.494393],[120.431543,23.494406],[120.432491,23.494494]]]}},{"type":"Feature","properties":{"id":"d646ae6f0129","NAME":"世賢路一段","PSTART":"世賢路一段","PEND":"世賢路一段","SW_DIRECT":"2","SW_LENG":21.42,"SW_WTH":2.69,"SWW_WTH":2.69,"SW_RAMP":2,"VILL_NAME":"西區"},"geometry":{"type":"Polygon","coordinates":[[[120.435063,23.494636],[120.43509,23.494633],[120.435109,23.494447],[120.435083,23.494439],[120.435063,23.494636]]]}},{"type":"Feature","properties":{"id":"0d136fde30f4","NAME":"世賢路一段","PSTART":"保安二路","PEND":"無名路","SW_DIRECT":"1","SW_LENG":197.39,"SW_WTH":2.64,"SWW_WTH":1.49,"SW_RAMP":4,"VILL_NAME":"西區"},"geometry":{"type":"Polygon","coordinates":[[[120.438456,23.494531],[120.439909,23.494667],[120.439929,23.494663],[120.43996,23.494458],[120.439935,23.494449],[120.439904,23.494644],[120.438451,23.494506],[120.438473,23.494311],[120.438465,23.494311],[120.438447,23.494314],[120.438423,23.49452],[120.438456,23.494531]]]}},{"type":"Feature","properties":{"id":"5dca19c3ab21","NAME":"世賢路一段","PSTART":"世賢路一段","PEND":"世賢路一段","SW_DIRECT":"2","SW_LENG":21.6,"SW_WTH":2.71,"SWW_WTH":2.71,"SW_RAMP":2,"VILL_NAME":"西區"},"geometry":{"type":"Polygon","coordinates":[[[120.43534,23.494471],[120.435334,23.49466],[120.43536,23.494664],[120.435367,23.494466],[120.43534,23.494471]]]}},{"type":"Feature","properties":{"id":"c3ee71da4714","NAME":"文化路","PSTART":"文化路 566巷","PEND":"世賢路一段","SW_DIRECT":"1","SW_LENG":150.42,"SW_WTH":1.95,"SWW_WTH":1.18,"SW_RAMP":3,"VILL_NAME":"西區"},"geometry":{"type":"Polygon","coordinates":[[[120.44454,23.493457],[120.444214,23.494248],[120.444022,23.494712],[120.44404,23.494719],[120.444566,23.493447],[120.444551,23.493448],[120.44454,23.493457]]]}},{"type":"Feature","properties":{"id":"e0fb0db23fd1","NAME":"文化路","PSTART":"文化路 641巷","PEND":"世賢路一段","SW_DIRECT":"2","SW_LENG":18.32,"SW_WTH":1.91,"SWW_WTH":1.91,"SW_RAMP":2,"VILL_NAME":"西區"},"geometry":{"type":"Polygon","coordinates":[[[120.4439,23.494597],[120.443885,23.494585],[120.443821,23.49474],[120.44384,23.494742],[120.4439,23.494597]]]}},{"type":"Feature","properties":{"id":"5d96fd1650eb","NAME":"無名路","PSTART":"無名路","PEND":"無名路","SW_DIRECT":"1","SW_LENG":96.96,"SW_WTH":3.18,"SWW_WTH":1.71,"SW_RAMP":2,"VILL_NAME":"西區"},"geometry":{"type":"Polygon","coordinates":[[[120.406277,23.493817],[120.406269,23.493829],[120.406268,23.493843],[120.406317,23.493994],[120.406338,23.494081],[120.406462,23.494674],[120.406494,23.494669],[120.406367,23.494068],[120.406309,23.493867],[120.40629,23.493813],[120.406277,23.493817]]]}},{"type":"Feature","properties":{"id":"d4b5e9367472","NAME":"無名路","PSTART":"住家出入口","PEND":"無名路","SW_DIRECT":"2","SW_LENG":42.3,"SW_WTH":3.14,"SWW_WTH":1.67,"SW_RAMP":2,"VILL_NAME":"西區"},"geometry":{"type":"Polygon","coordinates":[[[120.406173,23.494332],[120.406252,23.494706],[120.406283,23.494701],[120.406203,23.494326],[120.406173,23.494332]]]}},{"type":"Feature","properties":{"id":"086bbe276215","NAME":"世賢路一段","PSTART":"無名路","PEND":"松江一街","SW_DIRECT":"1","SW_LENG":242.63,"SW_WTH":2.57,"SWW_WTH":1.42,"SW_RAMP":4,"VILL_NAME":"西區"},"geometry":{"type":"Polygon","coordinates":[[[120.440217,23.494476],[120.440189,23.494484],[120.440173,23.494687],[120.440198,23.494695],[120.442085,23.494874],[120.442115,23.494868],[120.442125,23.494658],[120.44212,23.494656],[120.442099,23.494653],[120.442088,23.49485],[120.441324,23.494779],[120.440201,23.49467],[120.440217,23.494476]]]}},{"type":"Feature","properties":{"id":"e8f9477b67ee","NAME":"保安二路","PSTART":"世賢路一段","PEND":"世賢路一段","SW_DIRECT":"2","SW_LENG":21.71,"SW_WTH":2.65,"SWW_WTH":2.65,"SW_RAMP":2,"VILL_NAME":"西區"},"geometry":{"type":"Polygon","coordinates":[[[120.438007,23.494913],[120.438035,23.494911],[120.438051,23.494721],[120.438027,23.494714],[120.438007,23.494913]]]}},{"type":"Feature","properties":{"id":"4f6f936a1c73","NAME":"保安二路","PSTART":"世賢路一段","PEND":"世賢路一段","SW_DIRECT":"1","SW_LENG":21.43,"SW_WTH":2.66,"SWW_WTH":2.66,"SW_RAMP":2,"VILL_NAME":"西區"},"geometry":{"type":"Polygon","coordinates":[[[120.438419,23.49475],[120.438391,23.494754],[120.438368,23.494938],[120.438381,23.494944],[120.438392,23.494946],[120.438419,23.49475]]]}},{"type":"Feature","properties":{"id":"5250c5915fe8","NAME":"世賢路一段","PSTART":"海口寮路","PEND":"世賢路一段324巷","SW_DIRECT":"2","SW_LENG":515.04,"SW_WTH":2.99,"SWW_WTH":1.76,"SW_RAMP":2,"VILL_NAME":"西區"},"geometry":{"type":"Polygon","coordinates":[[[120.432576,23.494502],[120.437094,23.494926],[120.437599,23.49497],[120.437593,23.494951],[120.437576,23.494941],[120.437333,23.494918],[120.437093,23.494899],[120.432607,23.494478],[120.432587,23.494485],[120.432576,23.494502]]]}},{"type":"Feature","properties":{"id":"161c8ccedaa1","NAME":"世賢路一段","PSTART":"松江一街","PEND":"文化路","SW_DIRECT":"1","SW_LENG":149.35,"SW_WTH":2.54,"SWW_WTH":1.47,"SW_RAMP":3,"VILL_NAME":"西區"},"geometry":{"type":"Polygon","coordinates":[[[120.443578,23.494994],[120.442377,23.49488],[120.442378,23.494875],[120.442363,23.494873],[120.442396,23.494682],[120.442369,23.494685],[120.442331,23.494888],[120.442351,23.494899],[120.442386,23.494902],[120.443574,23.495015],[120.443577,23.495015],[120.443578,23.494994]]]}},{"type":"Feature","properties":{"id":"a9d20568ecd6","NAME":"世賢路一段","PSTART":"世賢路一段","PEND":"世賢路一段","SW_DIRECT":"1","SW_LENG":30.5,"SW_WTH":2.91,"SWW_WTH":2.91,"SW_RAMP":2,"VILL_NAME":"西區"},"geometry":{"type":"Polygon","coordinates":[[[120.446887,23.495059],[120.447185,23.495088],[120.447187,23.495061],[120.44689,23.495033],[120.446887,23.495059]]]}},{"type":"Feature","properties":{"id":"fe64665759eb","NAME":"無名路","PSTART":"世賢路一段","PEND":"世賢路一段","SW_DIRECT":"2","SW_LENG":21.61,"SW_WTH":2.69,"SWW_WTH":2.69,"SW_RAMP":2,"VILL_NAME":"西區"},"geometry":{"type":"Polygon","coordinates":[[[120.439896,23.494894],[120.43987,23.494887],[120.439845,23.495084],[120.439872,23.495081],[120.439896,23.494894]]]}},{"type":"Feature","properties":{"id":"8969ac675eba","NAME":"無名路","PSTART":"世賢路一段","PEND":"世賢路一段","SW_DIRECT":"1","SW_LENG":21.7,"SW_WTH":2.77,"SWW_WTH":2.77,"SW_RAMP":2,"VILL_NAME":"西區"},"geometry":{"type":"Polygon","coordinates":[[[120.440145,23.495112],[120.440171,23.494915],[120.440144,23.494917],[120.440118,23.495104],[120.440145,23.495112]]]}},{"type":"Feature","properties":{"id":"7e17e7a90263","NAME":"世賢路一段","PSTART":"世賢路一段324巷","PEND":"無名路","SW_DIRECT":"2","SW_LENG":311.48,"SW_WTH":3.0,"SWW_WTH":1.93,"SW_RAMP":2,"VILL_NAME":"西區"},"geometry":{"type":"Polygon","coordinates":[[[120.437715,23.494954],[120.437694,23.49496],[120.437683,23.494977],[120.440729,23.495268],[120.440715,23.495247],[120.440692,23.495237],[120.437715,23.494954]]]}},{"type":"Feature","properties":{"id":"eb379adbb907","NAME":"松江一街","PSTART":"世賢路一段","PEND":"世賢路一段","SW_DIRECT":"2","SW_LENG":21.99,"SW_WTH":7.4,"SWW_WTH":5.7,"SW_RAMP":2,"VILL_NAME":"西區"},"geometry":{"type":"Polygon","coordinates":[[[120.442039,23.495092],[120.442003,23.495289],[120.442032,23.495288],[120.442065,23.495099],[120.442039,23.495092]]]}},{"type":"Feature","properties":{"id":"58fa10b7e4db","NAME":"松江一街","PSTART":"世賢路一段","PEND":"世賢路一段","SW_DIRECT":"1","SW_LENG":21.89,"SW_WTH":2.97,"SWW_WTH":2.42,"SW_RAMP":2,"VILL_NAME":"西區"},"geometry":{"type":"Polygon","coordinates":[[[120.442341,23.49532],[120.44237,23.495323],[120.442389,23.495126],[120.44236,23.495123],[120.442341,23.49532]]]}},{"type":"Feature","properties":{"id":"e04d2d0b8b24","NAME":"世賢路一段","PSTART":"無名路","PEND":"松江一街","SW_DIRECT":"2","SW_LENG":135.99,"SW_WTH":2.98,"SWW_WTH":1.9,"SW_RAMP":2,"VILL_NAME":"西區"},"geometry":{"type":"Polygon","coordinates":[[[120.440782,23.495273],[120.442111,23.495399],[120.442113,23.495372],[120.440807,23.495248],[120.44079,23.495255],[120.440782,23.495273]]]}},{"type":"Feature","properties":{"id":"7d8eaf19a16a","NAME":"世賢路一段","PSTART":"加油站出入口","PEND":"文化路","SW_DIRECT":"2","SW_LENG":69.42,"SW_WTH":2.92,"SWW_WTH":2.92,"SW_RAMP":2,"VILL_NAME":"西區"},"geometry":{"type":"Polygon","coordinates":[[[120.442817,23.495465],[120.443518,23.495532],[120.443474,23.4955],[120.442821,23.495439],[120.442817,23.495465]]]}},{"type":"Feature","properties":{"id":"d02115d4f7bc","NAME":"世賢路一段","PSTART":"文化路","PEND":"文化路 566巷","SW_DIRECT":"2","SW_LENG":159.33,"SW_WTH":2.97,"SWW_WTH":1.56,"SW_RAMP":2,"VILL_NAME":"西區"},"geometry":{"type":"Polygon","coordinates":[[[120.443714,23.495549],[120.445281,23.495698],[120.445269,23.495678],[120.445245,23.495668],[120.444021,23.495551],[120.443755,23.495526],[120.443728,23.495528],[120.443714,23.495549]]]}},{"type":"Feature","properties":{"id":"a9852c81029b","NAME":"世賢路一段","PSTART":"文化路 566巷","PEND":"無名路","SW_DIRECT":"2","SW_LENG":117.26,"SW_WTH":2.99,"SWW_WTH":1.57,"SW_RAMP":2,"VILL_NAME":"西區"},"geometry":{"type":"Polygon","coordinates":[[[120.445331,23.495703],[120.446484,23.495814],[120.446477,23.495795],[120.446457,23.495785],[120.445371,23.495679],[120.445346,23.495684],[120.445331,23.495703]]]}},{"type":"Feature","properties":{"id":"e4e031f55441","NAME":"世賢路一段","PSTART":"無名路","PEND":"無名路","SW_DIRECT":"2","SW_LENG":342.18,"SW_WTH":3.01,"SWW_WTH":1.58,"SW_RAMP":1,"VILL_NAME":"西區"},"geometry":{"type":"Polygon","coordinates":[[[120.449039,23.49603],[120.446567,23.495795],[120.446554,23.495799],[120.446545,23.495808],[120.446541,23.49582],[120.449062,23.496058],[120.449238,23.495296],[120.44921,23.495291],[120.449039,23.49603]]]}},{"type":"Feature","properties":{"id":"a77bc1b8618a","NAME":"文化路","PSTART":"世賢路一段","PEND":"文化路694巷","SW_DIRECT":"1","SW_LENG":190.22,"SW_WTH":2.01,"SWW_WTH":1.02,"SW_RAMP":5,"VILL_NAME":"西區"},"geometry":{"type":"Polygon","coordinates":[[[120.443706,23.495563],[120.443688,23.495553],[120.443105,23.49651],[120.442785,23.497038],[120.442783,23.497051],[120.442792,23.497063],[120.443706,23.495563]]]}},{"type":"Feature","properties":{"id":"a65daf10ff8a","NAME":"文化路","PSTART":"世賢路一段","PEND":"文化路769巷","SW_DIRECT":"2","SW_LENG":290.5,"SW_WTH":2.0,"SWW_WTH":0.95,"SW_RAMP":10,"VILL_NAME":"西區"},"geometry":{"type":"Polygon","coordinates":[[[120.443496,23.495575],[120.44347,23.495561],[120.443477,23.495567],[120.442084,23.497856],[120.4421,23.497857],[120.442112,23.497848],[120.443496,23.495575]]]}},{"type":"Feature","properties":{"id":"803140177717","NAME":"文化路","PSTART":"文化路694巷","PEND":"文化路722巷","SW_DIRECT":"1","SW_LENG":95.89,"SW_WTH":1.97,"SWW_WTH":1.43,"SW_RAMP":2,"VILL_NAME":"西區"},"geometry":{"type":"Polygon","coordinates":[[[120.44276,23.497115],[120.44274,23.497112],[120.44229,23.497851],[120.44229,23.497868],[120.442299,23.497873],[120.44276,23.497115]]]}},{"type":"Feature","properties":{"id":"42c36b12d975","NAME":"文化路","PSTART":"文化路722巷","PEND":"無名路","SW_DIRECT":"1","SW_LENG":11.48,"SW_WTH":2.1,"SWW_WTH":2.1,"SW_RAMP":2,"VILL_NAME":"西區"},"geometry":{"type":"Polygon","coordinates":[[[120.442191,23.498051],[120.442251,23.497951],[120.442224,23.497957],[120.442186,23.49802],[120.442183,23.498042],[120.442191,23.498051]]]}},{"type":"Feature","properties":{"id":"8fad9cf6a234","NAME":"文化路","PSTART":"文化路743巷","PEND":"文化路769巷","SW_DIRECT":"2","SW_LENG":70.44,"SW_WTH":1.98,"SWW_WTH":0.77,"SW_RAMP":3,"VILL_NAME":"西區"},"geometry":{"type":"Polygon","coordinates":[[[120.442045,23.497921],[120.441806,23.498313],[120.441701,23.498485],[120.441723,23.498482],[120.442049,23.497951],[120.442051,23.497937],[120.442045,23.497921]]]}},{"type":"Feature","properties":{"id":"c5048587948c","NAME":"文化路","PSTART":"無名路","PEND":"無名路","SW_DIRECT":"1","SW_LENG":72.14,"SW_WTH":2.03,"SWW_WTH":1.04,"SW_RAMP":2,"VILL_NAME":"西區"},"geometry":{"type":"Polygon","coordinates":[[[120.442168,23.498088],[120.442148,23.498082],[120.441813,23.498633],[120.44181,23.498648],[120.441818,23.498661],[120.442168,23.498088]]]}},{"type":"Feature","properties":{"id":"9dda11f61ed5","NAME":"湖美一路","PSTART":"健康十八街","PEND":"環湖路","SW_DIRECT":"2","SW_LENG":217.54,"SW_WTH":2.5,"SWW_WTH":1.5,"SW_RAMP":2,"VILL_NAME":"西區"},"geometry":{"type":"Polygon","coordinates":[[[120.446955,23.45517],[120.446932,23.45518],[120.446922,23.457142],[120.446938,23.457137],[120.446947,23.45712],[120.446955,23.45517]]]}},{"type":"Feature","properties":{"id":"db99a4713e66","NAME":"湖美一路","PSTART":"興美六路","PEND":"健康十八街","SW_DIRECT":"2","SW_LENG":130.29,"SW_WTH":2.5,"SWW_WTH":1.5,"SW_RAMP":2,"VILL_NAME":"西區"},"geometry":{"type":"Polygon","coordinates":[[[120.447027,23.458477],[120.447044,23.458469],[120.44705,23.458452],[120.446954,23.457318],[120.446946,23.457303],[120.446928,23.457298],[120.447027,23.458477]]]}},{"type":"Feature","properties":{"id":"eaa8d5bc4f63","NAME":"湖美一路","PSTART":"興美九街","PEND":"興美六路","SW_DIRECT":"2","SW_LENG":129.35,"SW_WTH":2.5,"SWW_WTH":1.5,"SW_RAMP":2,"VILL_NAME":"西區"},"geometry":{"type":"Polygon","coordinates":[[[120.44708,23.459866],[120.447095,23.459861],[120.447104,23.459849],[120.447065,23.458714],[120.447058,23.458698],[120.44704,23.458692],[120.44708,23.459866]]]}},{"type":"Feature","properties":{"id":"6640a498a6cd","NAME":"湖美一路","PSTART":"興美十街","PEND":"興美九街","SW_DIRECT":"2","SW_LENG":158.82,"SW_WTH":2.5,"SWW_WTH":1.5,"SW_RAMP":2,"VILL_NAME":"西區"},"geometry":{"type":"Polygon","coordinates":[[[120.447105,23.461441],[120.447124,23.461437],[120.447134,23.461424],[120.447155,23.461178],[120.447133,23.460717],[120.44711,23.460025],[120.447103,23.460011],[120.447084,23.460003],[120.447109,23.460718],[120.447124,23.461049],[120.44711,23.461138],[120.447109,23.461431],[120.447105,23.461441]]]}},{"type":"Feature","properties":{"id":"4a0e52b86c88","NAME":"環湖路","PSTART":"南京東街126巷","PEND":"南京東街","SW_DIRECT":"2","SW_LENG":66.16,"SW_WTH":2.5,"SWW_WTH":1.5,"SW_RAMP":2,"VILL_NAME":"西區"},"geometry":{"type":"Polygon","coordinates":[[[120.445103,23.455677],[120.445677,23.45539],[120.445665,23.455379],[120.445644,23.455381],[120.445112,23.455647],[120.445101,23.455659],[120.445103,23.455677]]]}},{"type":"Feature","properties":{"id":"08644241cb32","NAME":"環湖路","PSTART":"南京東街","PEND":"湖美二路","SW_DIRECT":"1","SW_LENG":42.38,"SW_WTH":2.5,"SWW_WTH":1.5,"SW_RAMP":2,"VILL_NAME":"西區"},"geometry":{"type":"Polygon","coordinates":[[[120.445049,23.455499],[120.445066,23.45551],[120.445083,23.455508],[120.445409,23.455344],[120.44542,23.455333],[120.445419,23.455313],[120.445049,23.455499]]]}},{"type":"Feature","properties":{"id":"2396e875490f","NAME":"環湖路","PSTART":"順興七街","PEND":"南京東街126巷","SW_DIRECT":"2","SW_LENG":19.07,"SW_WTH":2.5,"SWW_WTH":1.5,"SW_RAMP":2,"VILL_NAME":"西區"},"geometry":{"type":"Polygon","coordinates":[[[120.445832,23.455322],[120.446014,23.455292],[120.446019,23.455283],[120.446006,23.45527],[120.445852,23.455296],[120.445835,23.455307],[120.445832,23.455322]]]}},{"type":"Feature","properties":{"id":"acf3dcc9ee4d","NAME":"環湖路","PSTART":"湖美二路","PEND":"順興七街","SW_DIRECT":"1","SW_LENG":39.24,"SW_WTH":2.5,"SWW_WTH":1.5,"SW_RAMP":2,"VILL_NAME":"西區"},"geometry":{"type":"Polygon","coordinates":[[[120.446023,23.455107],[120.445736,23.455155],[120.445644,23.455198],[120.445655,23.455209],[120.445671,23.455212],[120.445744,23.455176],[120.446003,23.455133],[120.446019,23.455124],[120.446023,23.455107]]]}},{"type":"Feature","properties":{"id":"ea784a0b8b72","NAME":"環湖路","PSTART":"順興六街","PEND":"順興七街","SW_DIRECT":"2","SW_LENG":16.52,"SW_WTH":2.5,"SWW_WTH":1.5,"SW_RAMP":2,"VILL_NAME":"西區"},"geometry":{"type":"Polygon","coordinates":[[[120.446184,23.455263],[120.44635,23.455236],[120.44634,23.455221],[120.446325,23.455217],[120.446204,23.455237],[120.446188,23.455246],[120.446184,23.455263]]]}},{"type":"Feature","properties":{"id":"5f7d8a5e89e9","NAME":"環湖路","PSTART":"湖美一路","PEND":"順興六街","SW_DIRECT":"2","SW_LENG":39.75,"SW_WTH":2.5,"SWW_WTH":1.5,"SW_RAMP":2,"VILL_NAME":"西區"},"geometry":{"type":"Polygon","coordinates":[[[120.446498,23.455211],[120.446887,23.455146],[120.446875,23.45513],[120.446859,23.455127],[120.446517,23.455185],[120.446502,23.455194],[120.446498,23.455211]]]}},{"type":"Feature","properties":{"id":"aaa5ae759aab","NAME":"環湖路","PSTART":"順興七街","PEND":"湖美一路","SW_DIRECT":"1","SW_LENG":69.64,"SW_WTH":2.5,"SWW_WTH":1.5,"SW_RAMP":4,"VILL_NAME":"西區"},"geometry":{"type":"Polygon","coordinates":[[[120.446842,23.45497],[120.446375,23.455048],[120.44617,23.455082],[120.446182,23.455098],[120.446199,23.4551],[120.446633,23.455027],[120.446851,23.45499],[120.446842,23.45497]]]}},{"type":"Feature","properties":{"id":"737789d0293b","NAME":"湖美一路","PSTART":"環湖路","PEND":"健康十七街","SW_DIRECT":"2","SW_LENG":83.6,"SW_WTH":3.95,"SWW_WTH":2.95,"SW_RAMP":2,"VILL_NAME":"西區"},"geometry":{"type":"Polygon","coordinates":[[[120.446843,23.45424],[120.446878,23.454927],[120.446842,23.45497],[120.446851,23.45499],[120.446878,23.454975],[120.446899,23.454954],[120.446912,23.454927],[120.446916,23.454898],[120.446884,23.454274],[120.446873,23.454252],[120.446863,23.454244],[120.446843,23.45424]]]}},{"type":"Feature","properties":{"id":"54dfaddc140c","NAME":"湖美一路","PSTART":"環湖路","PEND":"環湖路","SW_DIRECT":"1","SW_LENG":1049.13,"SW_WTH":4.61,"SWW_WTH":3.61,"SW_RAMP":25,"VILL_NAME":"西區"},"geometry":{"type":"Polygon","coordinates":[[[120.447159,23.454671],[120.447043,23.452397],[120.446972,23.446135],[120.446998,23.446048],[120.44748,23.445329],[120.44746,23.445323],[120.447433,23.445328],[120.447418,23.445342],[120.446956,23.446031],[120.446927,23.446129],[120.446998,23.452398],[120.447112,23.454629],[120.447123,23.454654],[120.447135,23.454663],[120.447159,23.454671]]]}},{"type":"Feature","properties":{"id":"a29e65f094e0","NAME":"湖美一路","PSTART":"健康十七街","PEND":"健康十三路","SW_DIRECT":"2","SW_LENG":175.49,"SW_WTH":3.95,"SWW_WTH":2.95,"SW_RAMP":2,"VILL_NAME":"西區"},"geometry":{"type":"Polygon","coordinates":[[[120.446836,23.454104],[120.44686,23.454095],[120.446873,23.454072],[120.446857,23.45375],[120.446795,23.452546],[120.44679,23.45253],[120.446783,23.452521],[120.446755,23.452512],[120.446836,23.454104]]]}},{"type":"Feature","properties":{"id":"0f1ddd1bfce9","NAME":"湖美一路","PSTART":"健康十三路","PEND":"健康十二路","SW_DIRECT":"2","SW_LENG":57.74,"SW_WTH":3.95,"SWW_WTH":3.95,"SW_RAMP":2,"VILL_NAME":"西區"},"geometry":{"type":"Polygon","coordinates":[[[120.446742,23.451715],[120.446748,23.4523],[120.446773,23.452292],[120.446781,23.452282],[120.446786,23.452264],[120.446781,23.451751],[120.446779,23.45174],[120.446769,23.451726],[120.446742,23.451715]]]}},{"type":"Feature","properties":{"id":"da11fe1ab289","NAME":"湖美一路","PSTART":"健康十二路","PEND":"健康十街","SW_DIRECT":"2","SW_LENG":47.0,"SW_WTH":3.95,"SWW_WTH":3.95,"SW_RAMP":2,"VILL_NAME":"西區"},"geometry":{"type":"Polygon","coordinates":[[[120.44674,23.451579],[120.446765,23.451571],[120.446773,23.451561],[120.446778,23.451543],[120.446774,23.451175],[120.446766,23.45116],[120.446758,23.451152],[120.446735,23.451145],[120.44674,23.451579]]]}},{"type":"Feature","properties":{"id":"d8b2348cbfcd","NAME":"湖美一路","PSTART":"健康十街","PEND":"健康九路","SW_DIRECT":"2","SW_LENG":45.26,"SW_WTH":3.95,"SWW_WTH":3.95,"SW_RAMP":2,"VILL_NAME":"西區"},"geometry":{"type":"Polygon","coordinates":[[[120.446733,23.450991],[120.446747,23.450989],[120.446763,23.450978],[120.446772,23.450955],[120.446768,23.450664],[120.446759,23.450616],[120.446732,23.450574],[120.446705,23.450598],[120.446729,23.450619],[120.446733,23.450991]]]}},{"type":"Feature","properties":{"id":"6f6c5dd8c703","NAME":"湖美一路","PSTART":"健康九路","PEND":"健康八街","SW_DIRECT":"2","SW_LENG":45.67,"SW_WTH":3.95,"SWW_WTH":3.95,"SW_RAMP":2,"VILL_NAME":"西區"},"geometry":{"type":"Polygon","coordinates":[[[120.446719,23.449775],[120.446725,23.450221],[120.446693,23.45025],[120.446722,23.450274],[120.446748,23.450238],[120.446761,23.450197],[120.446763,23.450175],[120.446758,23.449804],[120.446747,23.449785],[120.446719,23.449775]]]}},{"type":"Feature","properties":{"id":"88fc93005cdc","NAME":"湖美一路","PSTART":"健康八街","PEND":"健康七街","SW_DIRECT":"2","SW_LENG":51.52,"SW_WTH":3.95,"SWW_WTH":3.95,"SW_RAMP":2,"VILL_NAME":"西區"},"geometry":{"type":"Polygon","coordinates":[[[120.446718,23.44962],[120.446731,23.449618],[120.446747,23.449607],[120.446756,23.449584],[120.446751,23.449181],[120.446749,23.449169],[120.446737,23.449154],[120.446712,23.449145],[120.446718,23.44962]]]}},{"type":"Feature","properties":{"id":"1f64c8e8e0a6","NAME":"湖美一路","PSTART":"健康七街","PEND":"健康五街","SW_DIRECT":"2","SW_LENG":50.58,"SW_WTH":3.95,"SWW_WTH":3.95,"SW_RAMP":2,"VILL_NAME":"西區"},"geometry":{"type":"Polygon","coordinates":[[[120.446711,23.449009],[120.446738,23.448999],[120.446747,23.448984],[120.446749,23.448973],[120.446744,23.448573],[120.446737,23.448557],[120.446728,23.448549],[120.446705,23.448543],[120.446711,23.449009]]]}},{"type":"Feature","properties":{"id":"665fa5f464d7","NAME":"湖美一路","PSTART":"健康五街","PEND":"健康三路","SW_DIRECT":"2","SW_LENG":49.6,"SW_WTH":3.95,"SWW_WTH":3.95,"SW_RAMP":2,"VILL_NAME":"西區"},"geometry":{"type":"Polygon","coordinates":[[[120.446704,23.448407],[120.446729,23.448398],[120.44674,23.448383],[120.446742,23.448371],[120.446738,23.447984],[120.446736,23.447973],[120.446726,23.447959],[120.446699,23.447949],[120.446704,23.448407]]]}},{"type":"Feature","properties":{"id":"b58fea984e04","NAME":"湖美一路","PSTART":"健康三路","PEND":"健康二路","SW_DIRECT":"2","SW_LENG":90.47,"SW_WTH":3.95,"SWW_WTH":3.95,"SW_RAMP":2,"VILL_NAME":"西區"},"geometry":{"type":"Polygon","coordinates":[[[120.446696,23.447737],[120.446721,23.447728],[120.446732,23.447713],[120.446735,23.447701],[120.446726,23.446946],[120.446717,23.446923],[120.446706,23.446915],[120.446687,23.446911],[120.446696,23.447737]]]}},{"type":"Feature","properties":{"id":"a690ecae4216","NAME":"湖美一路","PSTART":"健康二路","PEND":"湖美一路","SW_DIRECT":"2","SW_LENG":60.3,"SW_WTH":3.95,"SWW_WTH":3.95,"SW_RAMP":2,"VILL_NAME":"西區"},"geometry":{"type":"Polygon","coordinates":[[[120.446684,23.446698],[120.446698,23.446696],[120.446714,23.446685],[120.446723,23.446662],[120.446718,23.446222],[120.446716,23.446195],[120.4467,23.446143],[120.446668,23.44616],[120.446679,23.446177],[120.446684,23.446698]]]}},{"type":"Feature","properties":{"id":"90340bdc7750","NAME":"湖美一路","PSTART":"湖美一路","PEND":"環湖路","SW_DIRECT":"2","SW_LENG":90.6,"SW_WTH":3.95,"SWW_WTH":3.95,"SW_RAMP":2,"VILL_NAME":"西區"},"geometry":{"type":"Polygon","coordinates":[[[120.447264,23.445154],[120.446835,23.445795],[120.446768,23.44581],[120.446778,23.445841],[120.446809,23.445831],[120.446862,23.4458],[120.446904,23.445755],[120.447271,23.445207],[120.447278,23.445179],[120.447264,23.445154]]]}},{"type":"Feature","properties":{"id":"d15557734f1d","NAME":"湖美三路","PSTART":"健康十二路","PEND":"健康十三路","SW_DIRECT":"1","SW_LENG":64.14,"SW_WTH":2.5,"SWW_WTH":1.5,"SW_RAMP":2,"VILL_NAME":"西區"},"geometry":{"type":"Polygon","coordinates":[[[120.444212,23.452351],[120.444209,23.451766],[120.444192,23.451772],[120.444185,23.451788],[120.444188,23.452328],[120.444194,23.452343],[120.444212,23.452351]]]}},{"type":"Feature","properties":{"id":"033479432247","NAME":"湖美三路","PSTART":"健康十三路","PEND":"健康十二路","SW_DIRECT":"2","SW_LENG":61.07,"SW_WTH":2.5,"SWW_WTH":1.5,"SW_RAMP":2,"VILL_NAME":"西區"},"geometry":{"type":"Polygon","coordinates":[[[120.444017,23.452355],[120.444035,23.452347],[120.444041,23.452333],[120.444038,23.451815],[120.44403,23.451798],[120.444013,23.451808],[120.444017,23.452355]]]}},{"type":"Feature","properties":{"id":"d502dd2421b6","NAME":"湖美三路","PSTART":"健康十街","PEND":"健康十二路","SW_DIRECT":"1","SW_LENG":47.44,"SW_WTH":2.5,"SWW_WTH":1.5,"SW_RAMP":2,"VILL_NAME":"西區"},"geometry":{"type":"Polygon","coordinates":[[[120.444208,23.451629],[120.444205,23.451195],[120.444188,23.451202],[120.444181,23.451218],[120.444184,23.451607],[120.444192,23.451624],[120.444208,23.451629]]]}},{"type":"Feature","properties":{"id":"9b632e0bb2bf","NAME":"湖美三路","PSTART":"健康十二路","PEND":"健康十街","SW_DIRECT":"2","SW_LENG":43.13,"SW_WTH":2.5,"SWW_WTH":1.5,"SW_RAMP":2,"VILL_NAME":"西區"},"geometry":{"type":"Polygon","coordinates":[[[120.444012,23.451596],[120.444029,23.451589],[120.444036,23.451573],[120.444034,23.451222],[120.444028,23.451208],[120.44401,23.4512],[120.444012,23.451596]]]}},{"type":"Feature","properties":{"id":"a3fee82bac8a","NAME":"湖美三路","PSTART":"健康九路","PEND":"健康十街","SW_DIRECT":"1","SW_LENG":47.88,"SW_WTH":2.5,"SWW_WTH":1.5,"SW_RAMP":2,"VILL_NAME":"西區"},"geometry":{"type":"Polygon","coordinates":[[[120.444205,23.451041],[120.444202,23.450644],[120.444223,23.450624],[120.4442,23.4506],[120.444181,23.450633],[120.444178,23.450658],[120.44418,23.451018],[120.444186,23.451033],[120.444205,23.451041]]]}},{"type":"Feature","properties":{"id":"df143517cfdf","NAME":"湖美三路","PSTART":"健康十街","PEND":"健康九路","SW_DIRECT":"2","SW_LENG":46.84,"SW_WTH":2.5,"SWW_WTH":1.5,"SW_RAMP":2,"VILL_NAME":"西區"},"geometry":{"type":"Polygon","coordinates":[[[120.444009,23.451045],[120.444027,23.451036],[120.444033,23.451022],[120.444031,23.450662],[120.444027,23.450636],[120.444014,23.450613],[120.44399,23.450633],[120.444006,23.450648],[120.444009,23.451045]]]}},{"type":"Feature","properties":{"id":"c6448c70dabb","NAME":"湖美三路","PSTART":"健康八街","PEND":"健康九路","SW_DIRECT":"1","SW_LENG":57.05,"SW_WTH":2.5,"SWW_WTH":1.5,"SW_RAMP":2,"VILL_NAME":"西區"},"geometry":{"type":"Polygon","coordinates":[[[120.444197,23.449825],[120.44418,23.449832],[120.444173,23.449848],[120.444176,23.450282],[120.444181,23.450311],[120.444207,23.450346],[120.444228,23.450321],[120.4442,23.450296],[120.444197,23.449825]]]}},{"type":"Feature","properties":{"id":"6198cb4262b7","NAME":"湖美三路","PSTART":"健康九路","PEND":"健康八街","SW_DIRECT":"2","SW_LENG":55.65,"SW_WTH":2.5,"SWW_WTH":1.5,"SW_RAMP":2,"VILL_NAME":"西區"},"geometry":{"type":"Polygon","coordinates":[[[120.444002,23.449829],[120.444004,23.450301],[120.443985,23.45032],[120.444011,23.450339],[120.444024,23.450314],[120.444029,23.450287],[120.444026,23.449852],[120.444019,23.449836],[120.444002,23.449829]]]}},{"type":"Feature","properties":{"id":"8b0f4e70f37e","NAME":"湖美三路","PSTART":"健康七街","PEND":"健康八街","SW_DIRECT":"1","SW_LENG":51.93,"SW_WTH":2.5,"SWW_WTH":1.5,"SW_RAMP":2,"VILL_NAME":"西區"},"geometry":{"type":"Polygon","coordinates":[[[120.444196,23.449671],[120.444193,23.449196],[120.444176,23.449202],[120.444169,23.449218],[120.444172,23.449648],[120.444179,23.449664],[120.444196,23.449671]]]}},{"type":"Feature","properties":{"id":"223558c9da43","NAME":"湖美三路","PSTART":"健康八街","PEND":"健康七街","SW_DIRECT":"2","SW_LENG":51.94,"SW_WTH":2.5,"SWW_WTH":1.5,"SW_RAMP":2,"VILL_NAME":"西區"},"geometry":{"type":"Polygon","coordinates":[[[120.444001,23.449675],[120.444018,23.449668],[120.444025,23.449652],[120.444022,23.449222],[120.444016,23.449208],[120.443998,23.4492],[120.444001,23.449675]]]}},{"type":"Feature","properties":{"id":"6a556bebd68a","NAME":"湖美三路","PSTART":"健康五街","PEND":"健康七街","SW_DIRECT":"1","SW_LENG":52.56,"SW_WTH":2.5,"SWW_WTH":1.5,"SW_RAMP":2,"VILL_NAME":"西區"},"geometry":{"type":"Polygon","coordinates":[[[120.444193,23.449059],[120.44419,23.44858],[120.444172,23.448587],[120.444165,23.448603],[120.444168,23.449037],[120.444175,23.449053],[120.444193,23.449059]]]}},{"type":"Feature","properties":{"id":"221f66dd88f0","NAME":"湖美三路","PSTART":"健康七街","PEND":"健康五街","SW_DIRECT":"2","SW_LENG":52.51,"SW_WTH":2.5,"SWW_WTH":1.5,"SW_RAMP":2,"VILL_NAME":"西區"},"geometry":{"type":"Polygon","coordinates":[[[120.443997,23.449064],[120.444016,23.449056],[120.444021,23.449041],[120.444019,23.448606],[120.444011,23.44859],[120.443994,23.448584],[120.443997,23.449064]]]}},{"type":"Feature","properties":{"id":"1eeb5138aa5b","NAME":"湖美三路","PSTART":"健康三路","PEND":"健康五街","SW_DIRECT":"1","SW_LENG":52.73,"SW_WTH":2.5,"SWW_WTH":1.5,"SW_RAMP":2,"VILL_NAME":"西區"},"geometry":{"type":"Polygon","coordinates":[[[120.444189,23.448444],[120.444186,23.447962],[120.444167,23.44797],[120.444162,23.447985],[120.444164,23.448422],[120.444172,23.448438],[120.444189,23.448444]]]}},{"type":"Feature","properties":{"id":"411d78caddd7","NAME":"湖美三路","PSTART":"健康五街","PEND":"健康三路","SW_DIRECT":"2","SW_LENG":53.01,"SW_WTH":2.5,"SWW_WTH":1.5,"SW_RAMP":2,"VILL_NAME":"西區"},"geometry":{"type":"Polygon","coordinates":[[[120.443993,23.448447],[120.444009,23.448442],[120.444017,23.448425],[120.444015,23.447985],[120.444006,23.447968],[120.44399,23.447963],[120.443993,23.448447]]]}},{"type":"Feature","properties":{"id":"f62f3e17ce96","NAME":"湖美三路","PSTART":"健康二路","PEND":"健康三路","SW_DIRECT":"1","SW_LENG":90.83,"SW_WTH":2.5,"SWW_WTH":1.5,"SW_RAMP":2,"VILL_NAME":"西區"},"geometry":{"type":"Polygon","coordinates":[[[120.444185,23.44775],[120.44418,23.446923],[120.444162,23.44693],[120.444155,23.446946],[120.44416,23.447727],[120.444167,23.447743],[120.444185,23.44775]]]}},{"type":"Feature","properties":{"id":"17ea68daa2a7","NAME":"湖美三路","PSTART":"健康三路","PEND":"健康二路","SW_DIRECT":"2","SW_LENG":90.83,"SW_WTH":2.5,"SWW_WTH":1.5,"SW_RAMP":2,"VILL_NAME":"西區"},"geometry":{"type":"Polygon","coordinates":[[[120.443989,23.447751],[120.444006,23.447744],[120.444013,23.447728],[120.444009,23.446947],[120.444001,23.446931],[120.443984,23.446924],[120.443989,23.447751]]]}},{"type":"Feature","properties":{"id":"8d4ce27d870c","NAME":"湖美三路","PSTART":"湖美一路","PEND":"健康二路","SW_DIRECT":"1","SW_LENG":221.03,"SW_WTH":2.5,"SWW_WTH":1.5,"SW_RAMP":4,"VILL_NAME":"西區"},"geometry":{"type":"Polygon","coordinates":[[[120.444178,23.446711],[120.444167,23.444749],[120.444189,23.444737],[120.444174,23.44471],[120.44415,23.444736],[120.444142,23.444768],[120.444154,23.446689],[120.44416,23.446703],[120.444178,23.446711]]]}},{"type":"Feature","properties":{"id":"33300700f8d1","NAME":"湖美三路","PSTART":"健康二路","PEND":"健康一街","SW_DIRECT":"2","SW_LENG":92.79,"SW_WTH":2.5,"SWW_WTH":1.5,"SW_RAMP":2,"VILL_NAME":"西區"},"geometry":{"type":"Polygon","coordinates":[[[120.443983,23.446712],[120.443998,23.446707],[120.444007,23.44669],[120.444002,23.445891],[120.443996,23.445876],[120.443978,23.445868],[120.443983,23.446712]]]}},{"type":"Feature","properties":{"id":"da005dc07f7b","NAME":"湖美三路","PSTART":"健康一街","PEND":"湖美一路","SW_DIRECT":"2","SW_LENG":119.76,"SW_WTH":2.5,"SWW_WTH":1.5,"SW_RAMP":2,"VILL_NAME":"西區"},"geometry":{"type":"Polygon","coordinates":[[[120.443977,23.445696],[120.443995,23.445688],[120.444001,23.445673],[120.443995,23.444659],[120.44399,23.444631],[120.443975,23.444606],[120.443952,23.444628],[120.44397,23.444644],[120.443977,23.445696]]]}},{"type":"Feature","properties":{"id":"f5c527877c00","NAME":"湖美三路","PSTART":"環湖路","PEND":"湖美一路","SW_DIRECT":"1","SW_LENG":87.27,"SW_WTH":2.5,"SWW_WTH":1.5,"SW_RAMP":2,"VILL_NAME":"西區"},"geometry":{"type":"Polygon","coordinates":[[[120.444578,23.443702],[120.444558,23.443705],[120.444544,23.443717],[120.444379,23.443982],[120.444247,23.444379],[120.444242,23.444407],[120.444245,23.444433],[120.444273,23.444422],[120.444263,23.444397],[120.444399,23.44399],[120.444578,23.443702]]]}},{"type":"Feature","properties":{"id":"dd08c7eec65e","NAME":"健康九路","PSTART":"湖美三路","PEND":"湖子內路","SW_DIRECT":"2","SW_LENG":243.31,"SW_WTH":3.95,"SWW_WTH":1.5,"SW_RAMP":2,"VILL_NAME":"西區"},"geometry":{"type":"Polygon","coordinates":[[[120.441648,23.450658],[120.441664,23.450699],[120.441696,23.450656],[120.443964,23.450611],[120.44399,23.450633],[120.444014,23.450613],[120.443979,23.450585],[120.443934,23.450576],[120.441675,23.450621],[120.441648,23.450658]]]}},{"type":"Feature","properties":{"id":"01a089b3196f","NAME":"健康九路","PSTART":"湖美二路","PEND":"湖美三路","SW_DIRECT":"2","SW_LENG":118.56,"SW_WTH":3.95,"SWW_WTH":1.5,"SW_RAMP":2,"VILL_NAME":"西區"},"geometry":{"type":"Polygon","coordinates":[[[120.445368,23.450582],[120.445365,23.45057],[120.445354,23.450555],[120.445329,23.450548],[120.444272,23.450569],[120.444225,23.450581],[120.4442,23.4506],[120.444223,23.450624],[120.444243,23.450605],[120.445368,23.450582]]]}},{"type":"Feature","properties":{"id":"63f8530c11b8","NAME":"健康九路","PSTART":"湖美三路","PEND":"湖美二路","SW_DIRECT":"1","SW_LENG":117.54,"SW_WTH":3.95,"SWW_WTH":1.5,"SW_RAMP":2,"VILL_NAME":"西區"},"geometry":{"type":"Polygon","coordinates":[[[120.445366,23.450311],[120.444242,23.450334],[120.444228,23.450321],[120.444207,23.450346],[120.444231,23.450361],[120.444272,23.450369],[120.445328,23.450348],[120.445353,23.450339],[120.445364,23.450324],[120.445366,23.450311]]]}},{"type":"Feature","properties":{"id":"058950da75ef","NAME":"健康九路","PSTART":"湖美一路","PEND":"湖美二路","SW_DIRECT":"2","SW_LENG":115.84,"SW_WTH":3.95,"SWW_WTH":3.95,"SW_RAMP":2,"VILL_NAME":"西區"},"geometry":{"type":"Polygon","coordinates":[[[120.445598,23.450578],[120.446659,23.450556],[120.446705,23.450598],[120.446732,23.450574],[120.446698,23.450545],[120.446677,23.450535],[120.446632,23.450523],[120.446609,23.450522],[120.445636,23.450541],[120.445609,23.450552],[120.4456,23.450567],[120.445598,23.450578]]]}},{"type":"Feature","properties":{"id":"46815d0ae274","NAME":"健康九路","PSTART":"湖美二路","PEND":"湖美一路","SW_DIRECT":"1","SW_LENG":114.63,"SW_WTH":3.95,"SWW_WTH":1.5,"SW_RAMP":2,"VILL_NAME":"西區"},"geometry":{"type":"Polygon","coordinates":[[[120.445596,23.450307],[120.445602,23.450325],[120.445611,23.450334],[120.445636,23.450342],[120.446608,23.450322],[120.446634,23.45032],[120.446682,23.450304],[120.446722,23.450274],[120.446693,23.45025],[120.446656,23.450286],[120.445596,23.450307]]]}},{"type":"Feature","properties":{"id":"43cffbb14766","NAME":"健康九路","PSTART":"湖子內路","PEND":"湖美三路","SW_DIRECT":"1","SW_LENG":247.97,"SW_WTH":3.95,"SWW_WTH":1.5,"SW_RAMP":2,"VILL_NAME":"西區"},"geometry":{"type":"Polygon","coordinates":[[[120.441575,23.45039],[120.44159,23.450423],[120.443935,23.450376],[120.443977,23.450366],[120.444011,23.450339],[120.443985,23.45032],[120.443963,23.45034],[120.441575,23.45039]]]}},{"type":"Feature","properties":{"id":"cdc64bdc2fdf","NAME":"湖美一路","PSTART":"湖美五街","PEND":"湖子內路","SW_DIRECT":"2","SW_LENG":224.32,"SW_WTH":3.95,"SWW_WTH":1.5,"SW_RAMP":4,"VILL_NAME":"西區"},"geometry":{"type":"Polygon","coordinates":[[[120.441577,23.444642],[120.439417,23.444707],[120.439417,23.444744],[120.441617,23.444677],[120.441611,23.444659],[120.441602,23.44465],[120.441577,23.444642]]]}},{"type":"Feature","properties":{"id":"f75933d827b3","NAME":"湖美一路","PSTART":"湖子內路","PEND":"無名路","SW_DIRECT":"1","SW_LENG":143.46,"SW_WTH":3.95,"SWW_WTH":1.5,"SW_RAMP":2,"VILL_NAME":"西區"},"geometry":{"type":"Polygon","coordinates":[[[120.43942,23.444472],[120.439419,23.444508],[120.440789,23.444467],[120.440808,23.444461],[120.440818,23.444453],[120.440826,23.44443],[120.43942,23.444472]]]}},{"type":"Feature","properties":{"id":"6ad418ff8985","NAME":"湖美一路","PSTART":"湖美三路","PEND":"湖美五街","SW_DIRECT":"2","SW_LENG":221.36,"SW_WTH":3.95,"SWW_WTH":1.5,"SW_RAMP":2,"VILL_NAME":"西區"},"geometry":{"type":"Polygon","coordinates":[[[120.441804,23.444671],[120.443928,23.444607],[120.443952,23.444628],[120.443975,23.444606],[120.443941,23.44458],[120.443897,23.444572],[120.441841,23.444634],[120.441814,23.444646],[120.441807,23.444655],[120.441804,23.444671]]]}},{"type":"Feature","properties":{"id":"af121c62c085","NAME":"湖美一路","PSTART":"無名路","PEND":"湖美三路","SW_DIRECT":"1","SW_LENG":303.53,"SW_WTH":3.95,"SWW_WTH":1.5,"SW_RAMP":4,"VILL_NAME":"西區"},"geometry":{"type":"Polygon","coordinates":[[[120.441115,23.444421],[120.441122,23.444435],[120.441134,23.444446],[120.441165,23.444455],[120.444028,23.444369],[120.444058,23.444364],[120.444098,23.444342],[120.444077,23.444317],[120.444056,23.444332],[120.441115,23.444421]]]}},{"type":"Feature","properties":{"id":"c326dfe48c17","NAME":"湖美一路","PSTART":"湖美二路","PEND":"湖美三路","SW_DIRECT":"2","SW_LENG":138.77,"SW_WTH":3.95,"SWW_WTH":1.5,"SW_RAMP":2,"VILL_NAME":"西區"},"geometry":{"type":"Polygon","coordinates":[[[120.445335,23.445359],[120.44534,23.445336],[120.445332,23.445319],[120.445322,23.44531],[120.444263,23.444706],[120.444238,23.444697],[120.444211,23.444696],[120.444174,23.44471],[120.444189,23.444737],[120.444218,23.444722],[120.445335,23.445359]]]}},{"type":"Feature","properties":{"id":"1296f1224118","NAME":"湖美一路","PSTART":"湖美三路","PEND":"湖美一路","SW_DIRECT":"1","SW_LENG":303.23,"SW_WTH":3.95,"SWW_WTH":1.5,"SW_RAMP":4,"VILL_NAME":"西區"},"geometry":{"type":"Polygon","coordinates":[[[120.446768,23.44581],[120.446696,23.445826],[120.446693,23.445816],[120.444295,23.444448],[120.444285,23.444451],[120.444273,23.444422],[120.444245,23.444433],[120.444258,23.444463],[120.444269,23.444477],[120.444296,23.444498],[120.44661,23.445819],[120.446667,23.445842],[120.446729,23.445848],[120.446778,23.445841],[120.446768,23.44581]]]}},{"type":"Feature","properties":{"id":"3996efc72d69","NAME":"湖美一路","PSTART":"湖美一路","PEND":"湖美二路","SW_DIRECT":"2","SW_LENG":146.5,"SW_WTH":3.95,"SWW_WTH":1.5,"SW_RAMP":2,"VILL_NAME":"西區"},"geometry":{"type":"Polygon","coordinates":[[[120.445563,23.445489],[120.44663,23.446099],[120.446668,23.44616],[120.4467,23.446143],[120.446684,23.446114],[120.446663,23.446087],[120.446609,23.446045],[120.445616,23.445478],[120.445587,23.445473],[120.445563,23.445489]]]}},{"type":"Feature","properties":{"id":"ae2f8c0684cd","NAME":"環湖路","PSTART":"湖子內路","PEND":"湖美一路","SW_DIRECT":"1","SW_LENG":2311.41,"SW_WTH":6.5,"SWW_WTH":4.0,"SW_RAMP":27,"VILL_NAME":"西區"},"geometry":{"type":"Polygon","coordinates":[[[120.448124,23.453979],[120.449455,23.453006],[120.449867,23.453197],[120.449849,23.45293],[120.449846,23.45264],[120.44986,23.452333],[120.44988,23.452123],[120.449908,23.451914],[120.450054,23.450945],[120.450214,23.450141],[120.450237,23.449992],[120.450248,23.449892],[120.450257,23.449691],[120.45025,23.44949],[120.450193,23.44899],[120.45016,23.448784],[120.45012,23.44858],[120.450071,23.448377],[120.450016,23.448185],[120.449935,23.447964],[120.449888,23.447856],[120.449809,23.447696],[120.44958,23.447264],[120.449467,23.447079],[120.449387,23.44696],[120.449257,23.446785],[120.449118,23.446618],[120.448684,23.44613],[120.448496,23.445932],[120.448299,23.44574],[120.448087,23.445544],[120.447778,23.445275],[120.447517,23.445064],[120.44742,23.444995],[120.447291,23.444919],[120.446308,23.444395],[120.445448,23.443928],[120.445131,23.443752],[120.445054,23.443742],[120.444878,23.443649],[120.444811,23.44357],[120.443813,23.443024],[120.443795,23.44302],[120.443556,23.442892],[120.443504,23.442893],[120.443146,23.442727],[120.442957,23.44262],[120.442716,23.442533],[120.442385,23.442437],[120.442085,23.442368],[120.441883,23.442331],[120.441721,23.442305],[120.441436,23.442291],[120.438644,23.442289],[120.438662,23.44234],[120.441435,23.442343],[120.441715,23.442358],[120.441902,23.442388],[120.442088,23.442423],[120.442434,23.442505],[120.442595,23.44255],[120.442927,23.442665],[120.443116,23.442771],[120.443501,23.442951],[120.443777,23.443071],[120.444476,23.443448],[120.44472,23.443603],[120.444835,23.443687],[120.445042,23.443796],[120.445416,23.443972],[120.446288,23.444445],[120.447263,23.444965],[120.447363,23.445023],[120.447456,23.445086],[120.447545,23.445153],[120.447753,23.445325],[120.44806,23.445592],[120.448345,23.445859],[120.448611,23.446131],[120.449066,23.446642],[120.449174,23.44677],[120.449276,23.446901],[120.449372,23.447036],[120.449462,23.447174],[120.449592,23.447402],[120.449825,23.447854],[120.449885,23.447991],[120.449938,23.448131],[120.450007,23.448353],[120.450054,23.448543],[120.450093,23.448735],[120.450126,23.448927],[120.450152,23.44912],[120.450191,23.449458],[120.450196,23.449527],[120.4502,23.449651],[120.450198,23.449776],[120.45019,23.4499],[120.450169,23.450072],[120.450149,23.45018],[120.450001,23.450913],[120.449839,23.451994],[120.449802,23.452345],[120.449787,23.452653],[120.449774,23.45269],[120.449763,23.452707],[120.449734,23.452736],[120.448082,23.453941],[120.447135,23.454975],[120.447129,23.45499],[120.447128,23.455061],[120.448124,23.453979]]]}},{"type":"Feature","properties":{"id":"c94a5c8a77b4","NAME":"健康九路","PSTART":"湖美六街","PEND":"湖子內路","SW_DIRECT":"1","SW_LENG":137.56,"SW_WTH":3.95,"SWW_WTH":3.95,"SW_RAMP":2,"VILL_NAME":"西區"},"geometry":{"type":"Polygon","coordinates":[[[120.439934,23.45046],[120.439946,23.450484],[120.439959,23.450491],[120.439975,23.450494],[120.441287,23.450434],[120.441284,23.450399],[120.439934,23.45046]]]}},{"type":"Feature","properties":{"id":"f27e44cf9141","NAME":"健康九路","PSTART":"湖子內路","PEND":"湖美六街","SW_DIRECT":"2","SW_LENG":155.38,"SW_WTH":3.95,"SWW_WTH":3.95,"SW_RAMP":2,"VILL_NAME":"西區"},"geometry":{"type":"Polygon","coordinates":[[[120.441455,23.450663],[120.441451,23.450649],[120.441442,23.450638],[120.441429,23.450631],[120.441414,23.450629],[120.439962,23.450694],[120.439947,23.450698],[120.439934,23.450706],[120.439927,23.450719],[120.439925,23.450731],[120.441455,23.450663]]]}},{"type":"Feature","properties":{"id":"8b500d499afc","NAME":"健康九路","PSTART":"湖美六街","PEND":"湖美八路","SW_DIRECT":"2","SW_LENG":132.89,"SW_WTH":3.95,"SWW_WTH":3.95,"SW_RAMP":2,"VILL_NAME":"西區"},"geometry":{"type":"Polygon","coordinates":[[[120.438468,23.450797],[120.439777,23.450738],[120.439766,23.450714],[120.43974,23.450704],[120.439074,23.450734],[120.438502,23.45076],[120.438477,23.450772],[120.438468,23.450797]]]}},{"type":"Feature","properties":{"id":"86d00e3cf18b","NAME":"健康九路","PSTART":"湖美八路","PEND":"湖美六街","SW_DIRECT":"1","SW_LENG":125.4,"SW_WTH":3.95,"SWW_WTH":3.95,"SW_RAMP":2,"VILL_NAME":"西區"},"geometry":{"type":"Polygon","coordinates":[[[120.439787,23.450469],[120.438556,23.450522],[120.438558,23.450557],[120.43975,23.450504],[120.439776,23.450493],[120.439787,23.450469]]]}},{"type":"Feature","properties":{"id":"e5b7f9f38373","NAME":"健康九路","PSTART":"湖美八路","PEND":"湖美十路","SW_DIRECT":"2","SW_LENG":175.35,"SW_WTH":3.95,"SWW_WTH":3.95,"SW_RAMP":2,"VILL_NAME":"西區"},"geometry":{"type":"Polygon","coordinates":[[[120.438238,23.450807],[120.438226,23.450783],[120.438213,23.450776],[120.438197,23.450773],[120.436552,23.450847],[120.436537,23.450851],[120.436524,23.45086],[120.436515,23.450885],[120.438238,23.450807]]]}},{"type":"Feature","properties":{"id":"3670873152a3","NAME":"健康九路","PSTART":"湖美十路","PEND":"湖美八路","SW_DIRECT":"1","SW_LENG":169.26,"SW_WTH":3.95,"SWW_WTH":3.95,"SW_RAMP":2,"VILL_NAME":"西區"},"geometry":{"type":"Polygon","coordinates":[[[120.436512,23.450614],[120.436524,23.450638],[120.436537,23.450645],[120.436553,23.450647],[120.438174,23.450575],[120.438172,23.450539],[120.436512,23.450614]]]}},{"type":"Feature","properties":{"id":"a0165a3c8a20","NAME":"健康九路","PSTART":"湖美十一路","PEND":"湖美十路","SW_DIRECT":"1","SW_LENG":146.45,"SW_WTH":3.95,"SWW_WTH":3.95,"SW_RAMP":2,"VILL_NAME":"西區"},"geometry":{"type":"Polygon","coordinates":[[[120.436282,23.450624],[120.43486,23.450688],[120.434839,23.450688],[120.434854,23.450714],[120.434881,23.450723],[120.436245,23.450661],[120.43626,23.450658],[120.436273,23.450649],[120.436282,23.450624]]]}},{"type":"Feature","properties":{"id":"c0458c5f732a","NAME":"健康九路","PSTART":"湖美十路","PEND":"湖美十一路","SW_DIRECT":"2","SW_LENG":150.5,"SW_WTH":3.95,"SWW_WTH":3.95,"SW_RAMP":2,"VILL_NAME":"西區"},"geometry":{"type":"Polygon","coordinates":[[[120.436286,23.450895],[120.436274,23.450871],[120.43626,23.450863],[120.436245,23.450861],[120.434841,23.450924],[120.434825,23.450928],[120.434813,23.450937],[120.434804,23.450962],[120.436286,23.450895]]]}},{"type":"Feature","properties":{"id":"8a3bffec36be","NAME":"健康九路","PSTART":"忠孝街","PEND":"湖美十一路","SW_DIRECT":"1","SW_LENG":155.03,"SW_WTH":3.95,"SWW_WTH":3.95,"SW_RAMP":2,"VILL_NAME":"西區"},"geometry":{"type":"Polygon","coordinates":[[[120.434604,23.450699],[120.433074,23.450768],[120.433089,23.450793],[120.433117,23.450802],[120.434566,23.450737],[120.43458,23.450733],[120.434592,23.450725],[120.434604,23.450699]]]}},{"type":"Feature","properties":{"id":"4b9c99157293","NAME":"健康九路","PSTART":"湖美十一路","PEND":"健康十街","SW_DIRECT":"2","SW_LENG":245.66,"SW_WTH":3.95,"SWW_WTH":3.95,"SW_RAMP":4,"VILL_NAME":"西區"},"geometry":{"type":"Polygon","coordinates":[[[120.434574,23.450972],[120.434562,23.450948],[120.434549,23.45094],[120.434534,23.450938],[120.433331,23.450992],[120.433184,23.451008],[120.433112,23.451024],[120.432973,23.451069],[120.432906,23.451099],[120.432842,23.451133],[120.432723,23.451213],[120.432617,23.451308],[120.432396,23.45154],[120.432387,23.451555],[120.432387,23.451572],[120.432399,23.45159],[120.432695,23.451285],[120.432804,23.4512],[120.432924,23.45113],[120.432988,23.451102],[120.433122,23.451058],[120.433262,23.451033],[120.433333,23.451028],[120.434574,23.450972]]]}},{"type":"Feature","properties":{"id":"5f1438cb5eaf","NAME":"健康九路","PSTART":"健康十街","PEND":"新民路","SW_DIRECT":"2","SW_LENG":47.48,"SW_WTH":3.95,"SWW_WTH":3.95,"SW_RAMP":2,"VILL_NAME":"西區"},"geometry":{"type":"Polygon","coordinates":[[[120.432288,23.451706],[120.432275,23.451699],[120.43226,23.451697],[120.432246,23.451701],[120.432234,23.451709],[120.431969,23.451986],[120.431963,23.451998],[120.431962,23.452012],[120.431974,23.452035],[120.432288,23.451706]]]}},{"type":"Feature","properties":{"id":"8fb48705dd3c","NAME":"健康九路","PSTART":"新民路","PEND":"忠孝街","SW_DIRECT":"1","SW_LENG":129.65,"SW_WTH":3.95,"SWW_WTH":3.95,"SW_RAMP":3,"VILL_NAME":"西區"},"geometry":{"type":"Polygon","coordinates":[[[120.432624,23.450973],[120.432609,23.450962],[120.431768,23.451841],[120.431794,23.45185],[120.43181,23.451847],[120.431822,23.451838],[120.43261,23.451014],[120.432624,23.450973]]]}},{"type":"Feature","properties":{"id":"caf1ac3138af","NAME":"湖子內路","PSTART":"私人出入口","PEND":"健康九路","SW_DIRECT":"1","SW_LENG":34.55,"SW_WTH":2.35,"SWW_WTH":1.35,"SW_RAMP":2,"VILL_NAME":"西區"},"geometry":{"type":"Polygon","coordinates":[[[120.44159,23.450423],[120.441575,23.45039],[120.441524,23.450358],[120.44144,23.450139],[120.441436,23.450141],[120.441422,23.450158],[120.441508,23.450376],[120.441523,23.450396],[120.441544,23.450412],[120.441568,23.450422],[120.44159,23.450423]]]}},{"type":"Feature","properties":{"id":"3b772c7f4ab0","NAME":"湖子內路","PSTART":"健康九路","PEND":"健康八街","SW_DIRECT":"2","SW_LENG":63.52,"SW_WTH":2.5,"SWW_WTH":1.5,"SW_RAMP":2,"VILL_NAME":"西區"},"geometry":{"type":"Polygon","coordinates":[[[120.441137,23.44989],[120.441316,23.450354],[120.441284,23.450399],[120.441287,23.450434],[120.441291,23.450433],[120.441314,23.450423],[120.441333,23.450403],[120.441343,23.450378],[120.441341,23.450351],[120.441167,23.449902],[120.441155,23.449891],[120.441137,23.44989]]]}},{"type":"Feature","properties":{"id":"a1a493393e1d","NAME":"湖子內路","PSTART":"私人出入口","PEND":"私人出入口","SW_DIRECT":"1","SW_LENG":151.38,"SW_WTH":2.35,"SWW_WTH":1.35,"SW_RAMP":4,"VILL_NAME":"西區"},"geometry":{"type":"Polygon","coordinates":[[[120.441385,23.45],[120.441064,23.449168],[120.440883,23.448703],[120.440874,23.448713],[120.440869,23.448728],[120.44128,23.449792],[120.441359,23.449995],[120.441385,23.45]]]}},{"type":"Feature","properties":{"id":"9d082eaeefca","NAME":"湖子內路","PSTART":"健康八街","PEND":"健康七街","SW_DIRECT":"2","SW_LENG":55.3,"SW_WTH":2.5,"SWW_WTH":1.5,"SW_RAMP":2,"VILL_NAME":"西區"},"geometry":{"type":"Polygon","coordinates":[[[120.441078,23.449739],[120.441092,23.449728],[120.441094,23.449712],[120.440926,23.449277],[120.440914,23.449264],[120.440895,23.449263],[120.441078,23.449739]]]}},{"type":"Feature","properties":{"id":"9315485c0351","NAME":"湖子內路","PSTART":"健康七街","PEND":"健康五街","SW_DIRECT":"2","SW_LENG":58.44,"SW_WTH":2.5,"SWW_WTH":1.5,"SW_RAMP":2,"VILL_NAME":"西區"},"geometry":{"type":"Polygon","coordinates":[[[120.440844,23.449129],[120.440856,23.449118],[120.440858,23.449102],[120.440679,23.44864],[120.440665,23.448627],[120.440647,23.448627],[120.440844,23.449129]]]}},{"type":"Feature","properties":{"id":"04de2336d831","NAME":"湖子內路","PSTART":"健康三路","PEND":"私人出入口","SW_DIRECT":"1","SW_LENG":75.1,"SW_WTH":2.35,"SWW_WTH":1.35,"SW_RAMP":4,"VILL_NAME":"西區"},"geometry":{"type":"Polygon","coordinates":[[[120.440856,23.448633],[120.440818,23.448534],[120.440603,23.447986],[120.440591,23.447998],[120.44059,23.448015],[120.440828,23.448624],[120.440856,23.448633]]]}},{"type":"Feature","properties":{"id":"08f87509026d","NAME":"湖子內路","PSTART":"健康五街","PEND":"健康三路","SW_DIRECT":"2","SW_LENG":60.29,"SW_WTH":2.5,"SWW_WTH":1.5,"SW_RAMP":2,"VILL_NAME":"西區"},"geometry":{"type":"Polygon","coordinates":[[[120.440595,23.448492],[120.440608,23.448481],[120.44061,23.448464],[120.440423,23.447988],[120.440411,23.447975],[120.440392,23.447974],[120.440595,23.448492]]]}},{"type":"Feature","properties":{"id":"e19fe189bd25","NAME":"湖子內路","PSTART":"健康二路","PEND":"健康三路","SW_DIRECT":"1","SW_LENG":96.57,"SW_WTH":2.5,"SWW_WTH":1.5,"SW_RAMP":2,"VILL_NAME":"西區"},"geometry":{"type":"Polygon","coordinates":[[[120.440522,23.447775],[120.440199,23.44695],[120.440198,23.44695],[120.440185,23.446962],[120.440184,23.446978],[120.440491,23.447762],[120.440503,23.447774],[120.440522,23.447775]]]}},{"type":"Feature","properties":{"id":"66efb622b3a4","NAME":"湖子內路","PSTART":"健康三路","PEND":"健康二路","SW_DIRECT":"2","SW_LENG":96.57,"SW_WTH":2.5,"SWW_WTH":1.5,"SW_RAMP":2,"VILL_NAME":"西區"},"geometry":{"type":"Polygon","coordinates":[[[120.44031,23.447763],[120.440323,23.447753],[120.440324,23.447735],[120.440018,23.446951],[120.440006,23.446939],[120.439986,23.446938],[120.44031,23.447763]]]}},{"type":"Feature","properties":{"id":"09aec0966fa7","NAME":"湖子內路","PSTART":"健康一街","PEND":"健康二路","SW_DIRECT":"1","SW_LENG":93.37,"SW_WTH":2.5,"SWW_WTH":1.5,"SW_RAMP":2,"VILL_NAME":"西區"},"geometry":{"type":"Polygon","coordinates":[[[120.440117,23.446739],[120.439804,23.44594],[120.439802,23.445941],[120.43979,23.445953],[120.439789,23.445969],[120.440085,23.446725],[120.440097,23.446738],[120.440117,23.446739]]]}},{"type":"Feature","properties":{"id":"8b4b2056440f","NAME":"湖子內路","PSTART":"健康二路","PEND":"湖美一路","SW_DIRECT":"2","SW_LENG":193.32,"SW_WTH":2.5,"SWW_WTH":1.5,"SW_RAMP":4,"VILL_NAME":"西區"},"geometry":{"type":"Polygon","coordinates":[[[120.439904,23.446727],[120.439918,23.446715],[120.439919,23.446698],[120.439369,23.445295],[120.439311,23.445116],[120.439302,23.445101],[120.439288,23.445089],[120.439256,23.44508],[120.439258,23.445123],[120.439288,23.445123],[120.439346,23.445302],[120.439904,23.446727]]]}},{"type":"Feature","properties":{"id":"d53c6f6987d5","NAME":"湖子內路","PSTART":"湖美一路","PEND":"健康一街","SW_DIRECT":"1","SW_LENG":123.6,"SW_WTH":2.5,"SWW_WTH":1.5,"SW_RAMP":3,"VILL_NAME":"西區"},"geometry":{"type":"Polygon","coordinates":[[[120.439737,23.44577],[120.439532,23.445245],[120.439383,23.444788],[120.439417,23.444744],[120.439417,23.444707],[120.439406,23.44471],[120.439381,23.444724],[120.439363,23.444745],[120.439356,23.444772],[120.439359,23.444794],[120.439509,23.445252],[120.439707,23.445758],[120.439719,23.44577],[120.439737,23.44577]]]}},{"type":"Feature","properties":{"id":"ad1b3dcba4e0","NAME":"湖子內路","PSTART":"環湖一街","PEND":"湖美一路","SW_DIRECT":"1","SW_LENG":78.39,"SW_WTH":3.95,"SWW_WTH":3.95,"SW_RAMP":2,"VILL_NAME":"西區"},"geometry":{"type":"Polygon","coordinates":[[[120.439153,23.443848],[120.43913,23.443864],[120.439126,23.44389],[120.439305,23.444436],[120.43932,23.444463],[120.439349,23.444489],[120.439378,23.444502],[120.439419,23.444508],[120.439419,23.444472],[120.439339,23.44442],[120.439153,23.443848]]]}},{"type":"Feature","properties":{"id":"7d17ab5d9c66","NAME":"湖子內路","PSTART":"湖子內路","PEND":"環湖一街","SW_DIRECT":"1","SW_LENG":72.84,"SW_WTH":3.95,"SWW_WTH":3.95,"SW_RAMP":2,"VILL_NAME":"西區"},"geometry":{"type":"Polygon","coordinates":[[[120.439093,23.443665],[120.438885,23.443026],[120.438882,23.443027],[120.438862,23.443042],[120.438858,23.443068],[120.439045,23.443641],[120.439062,23.443662],[120.439077,23.443666],[120.439093,23.443665]]]}},{"type":"Feature","properties":{"id":"53e21008a193","NAME":"湖子內路","PSTART":"環湖路","PEND":"湖子內路","SW_DIRECT":"1","SW_LENG":29.89,"SW_WTH":3.95,"SWW_WTH":3.95,"SW_RAMP":2,"VILL_NAME":"西區"},"geometry":{"type":"Polygon","coordinates":[[[120.438804,23.44278],[120.438717,23.442512],[120.438714,23.442513],[120.438695,23.442528],[120.43869,23.442552],[120.438756,23.442756],[120.438774,23.442776],[120.438789,23.442781],[120.438804,23.44278]]]}},{"type":"Feature","properties":{"id":"6241611891cc","NAME":"湖子內路","PSTART":"環湖一街","PEND":"環湖路","SW_DIRECT":"2","SW_LENG":138.29,"SW_WTH":3.95,"SWW_WTH":3.95,"SW_RAMP":2,"VILL_NAME":"西區"},"geometry":{"type":"Polygon","coordinates":[[[120.43882,23.443645],[120.438445,23.442496],[120.43841,23.442506],[120.438793,23.443687],[120.438816,23.443671],[120.43882,23.443645]]]}},{"type":"Feature","properties":{"id":"443f98c69f99","NAME":"湖美八路","PSTART":"健康二路","PEND":"湖美一路","SW_DIRECT":"2","SW_LENG":230.07,"SW_WTH":3.0,"SWW_WTH":2.0,"SW_RAMP":2,"VILL_NAME":"西區"},"geometry":{"type":"Polygon","coordinates":[[[120.439098,23.444782],[120.439064,23.444778],[120.439039,23.444904],[120.43881,23.4457],[120.438365,23.446749],[120.438387,23.446749],[120.438403,23.446733],[120.438838,23.445709],[120.439076,23.444881],[120.439098,23.444782]]]}},{"type":"Feature","properties":{"id":"1b13b7ea0055","NAME":"湖美八路","PSTART":"湖美一路","PEND":"健康二路","SW_DIRECT":"1","SW_LENG":193.21,"SW_WTH":3.0,"SWW_WTH":2.0,"SW_RAMP":2,"VILL_NAME":"西區"},"geometry":{"type":"Polygon","coordinates":[[[120.438635,23.446733],[120.439043,23.445771],[120.439229,23.445124],[120.439258,23.445123],[120.439256,23.44508],[120.439237,23.445083],[120.43922,23.445091],[120.4392,23.445117],[120.439015,23.445762],[120.438618,23.446698],[120.438618,23.446718],[120.438635,23.446733]]]}},{"type":"Feature","properties":{"id":"2cfdcaa86a30","NAME":"湖美八路","PSTART":"健康二路","PEND":"健康三路","SW_DIRECT":"1","SW_LENG":90.75,"SW_WTH":3.0,"SWW_WTH":2.0,"SW_RAMP":2,"VILL_NAME":"西區"},"geometry":{"type":"Polygon","coordinates":[[[120.438575,23.446951],[120.438553,23.446959],[120.438545,23.446978],[120.438525,23.44775],[120.438533,23.447769],[120.438554,23.447778],[120.438575,23.446951]]]}},{"type":"Feature","properties":{"id":"8361dcd78ccb","NAME":"湖美八路","PSTART":"健康三路","PEND":"健康二路","SW_DIRECT":"2","SW_LENG":90.75,"SW_WTH":3.0,"SWW_WTH":2.0,"SW_RAMP":2,"VILL_NAME":"西區"},"geometry":{"type":"Polygon","coordinates":[[[120.438309,23.44778],[120.438329,23.447773],[120.438339,23.447754],[120.438359,23.446981],[120.43835,23.446961],[120.43833,23.446954],[120.438309,23.44778]]]}},{"type":"Feature","properties":{"id":"c1ead1826600","NAME":"湖美八路","PSTART":"健康三路","PEND":"健康六路","SW_DIRECT":"1","SW_LENG":94.58,"SW_WTH":3.0,"SWW_WTH":2.0,"SW_RAMP":2,"VILL_NAME":"西區"},"geometry":{"type":"Polygon","coordinates":[[[120.438548,23.44799],[120.438528,23.447997],[120.438518,23.448016],[120.438498,23.448823],[120.438507,23.448843],[120.438527,23.448851],[120.438548,23.44799]]]}},{"type":"Feature","properties":{"id":"b71472ef46ac","NAME":"湖美八路","PSTART":"健康六路","PEND":"健康三路","SW_DIRECT":"2","SW_LENG":90.94,"SW_WTH":3.0,"SWW_WTH":2.0,"SW_RAMP":2,"VILL_NAME":"西區"},"geometry":{"type":"Polygon","coordinates":[[[120.438304,23.447992],[120.438283,23.44882],[120.438304,23.448812],[120.438313,23.448794],[120.438332,23.44802],[120.438323,23.448],[120.438304,23.447992]]]}},{"type":"Feature","properties":{"id":"ecde7988dbd8","NAME":"湖美八路","PSTART":"健康六路","PEND":"健康八街","SW_DIRECT":"1","SW_LENG":95.69,"SW_WTH":3.0,"SWW_WTH":2.0,"SW_RAMP":2,"VILL_NAME":"西區"},"geometry":{"type":"Polygon","coordinates":[[[120.438523,23.448987],[120.438501,23.448995],[120.438493,23.449014],[120.438472,23.44983],[120.438481,23.44985],[120.438501,23.449858],[120.438523,23.448987]]]}},{"type":"Feature","properties":{"id":"f0650e30eadf","NAME":"湖美八路","PSTART":"健康八街","PEND":"健康六路","SW_DIRECT":"2","SW_LENG":91.12,"SW_WTH":3.0,"SWW_WTH":2.0,"SW_RAMP":2,"VILL_NAME":"西區"},"geometry":{"type":"Polygon","coordinates":[[[120.438277,23.449033],[120.438256,23.449862],[120.438277,23.449855],[120.438286,23.449836],[120.438306,23.449059],[120.438297,23.44904],[120.438277,23.449033]]]}},{"type":"Feature","properties":{"id":"ba00204f2dc2","NAME":"湖美八路","PSTART":"健康八街","PEND":"健康九路","SW_DIRECT":"1","SW_LENG":62.34,"SW_WTH":3.0,"SWW_WTH":2.0,"SW_RAMP":2,"VILL_NAME":"西區"},"geometry":{"type":"Polygon","coordinates":[[[120.438497,23.450013],[120.438477,23.45002],[120.438467,23.450037],[120.438457,23.450471],[120.438467,23.450503],[120.438487,23.450529],[120.438516,23.450548],[120.438558,23.450557],[120.438556,23.450522],[120.438486,23.450459],[120.438497,23.450013]]]}},{"type":"Feature","properties":{"id":"e0becfc5a8d8","NAME":"湖美八路","PSTART":"健康九路","PEND":"健康八街","SW_DIRECT":"2","SW_LENG":61.28,"SW_WTH":3.0,"SWW_WTH":2.0,"SW_RAMP":2,"VILL_NAME":"西區"},"geometry":{"type":"Polygon","coordinates":[[[120.438252,23.450035],[120.43824,23.450474],[120.438172,23.450539],[120.438174,23.450575],[120.438209,23.450564],[120.438239,23.450543],[120.438257,23.450521],[120.438268,23.450489],[120.43828,23.450061],[120.438271,23.450043],[120.438252,23.450035]]]}},{"type":"Feature","properties":{"id":"6bb7f5c300f8","NAME":"環湖路","PSTART":"湖子內路","PEND":"無名路","SW_DIRECT":"2","SW_LENG":43.22,"SW_WTH":2.35,"SWW_WTH":2.35,"SW_RAMP":2,"VILL_NAME":"西區"},"geometry":{"type":"Polygon","coordinates":[[[120.438018,23.442516],[120.438359,23.442476],[120.43841,23.442506],[120.438445,23.442496],[120.43843,23.442478],[120.43841,23.442465],[120.438387,23.442457],[120.438362,23.442454],[120.438038,23.442492],[120.438023,23.442501],[120.438018,23.442516]]]}},{"type":"Feature","properties":{"id":"dca379bcf040","NAME":"環湖路","PSTART":"無名路","PEND":"湖子內路","SW_DIRECT":"1","SW_LENG":46.89,"SW_WTH":2.35,"SWW_WTH":2.35,"SW_RAMP":2,"VILL_NAME":"西區"},"geometry":{"type":"Polygon","coordinates":[[[120.437894,23.442351],[120.437906,23.442367],[120.43792,23.44237],[120.438335,23.442321],[120.43835,23.442313],[120.438356,23.442297],[120.437894,23.442351]]]}},{"type":"Feature","properties":{"id":"bdbada9c93b6","NAME":"環湖路","PSTART":"無名路","PEND":"環湖二街","SW_DIRECT":"1","SW_LENG":76.05,"SW_WTH":2.35,"SWW_WTH":2.35,"SW_RAMP":2,"VILL_NAME":"西區"},"geometry":{"type":"Polygon","coordinates":[[[120.436929,23.442467],[120.436939,23.44248],[120.436956,23.442484],[120.437683,23.442398],[120.43766,23.442379],[120.436929,23.442467]]]}},{"type":"Feature","properties":{"id":"4e3f2cb3d062","NAME":"環湖路","PSTART":"環湖二街","PEND":"無名路","SW_DIRECT":"2","SW_LENG":67.78,"SW_WTH":2.35,"SWW_WTH":2.35,"SW_RAMP":2,"VILL_NAME":"西區"},"geometry":{"type":"Polygon","coordinates":[[[120.43697,23.44264],[120.437635,23.442561],[120.437626,23.442548],[120.437608,23.442543],[120.436989,23.442616],[120.436975,23.442625],[120.43697,23.44264]]]}},{"type":"Feature","properties":{"id":"b338cd0fccf8","NAME":"忠孝街","PSTART":"健康九路","PEND":"立業街4巷","SW_DIRECT":"2","SW_LENG":97.68,"SW_WTH":2.0,"SWW_WTH":0.9,"SW_RAMP":2,"VILL_NAME":"西區"},"geometry":{"type":"Polygon","coordinates":[[[120.432609,23.450962],[120.432624,23.450973],[120.433245,23.450324],[120.43325,23.450311],[120.433244,23.450299],[120.432609,23.450962]]]}},{"type":"Feature","properties":{"id":"cd1a9b31ade5","NAME":"湖子內路","PSTART":"湖美一路","PEND":"環湖一街","SW_DIRECT":"2","SW_LENG":104.51,"SW_WTH":3.95,"SWW_WTH":3.95,"SW_RAMP":2,"VILL_NAME":"西區"},"geometry":{"type":"Polygon","coordinates":[[[120.439064,23.444778],[120.439098,23.444782],[120.439106,23.444722],[120.439107,23.444614],[120.439103,23.44456],[120.439083,23.444454],[120.438899,23.443887],[120.43888,23.443867],[120.438854,23.443865],[120.439046,23.444465],[120.439066,23.444574],[120.439071,23.44463],[120.439072,23.444685],[120.439064,23.444778]]]}},{"type":"Feature","properties":{"id":"9dfc71584336","NAME":"湖美三路","PSTART":"湖美一路","PEND":"湖子內路","SW_DIRECT":"2","SW_LENG":43.03,"SW_WTH":2.5,"SWW_WTH":1.5,"SW_RAMP":2,"VILL_NAME":"西區"},"geometry":{"type":"Polygon","coordinates":[[[120.444077,23.444317],[120.444098,23.444342],[120.444117,23.444321],[120.444129,23.444297],[120.444236,23.443977],[120.444217,23.443955],[120.444103,23.444299],[120.444077,23.444317]]]}},{"type":"Feature","properties":{"id":"a773100acdcb","NAME":"湖美三路","PSTART":"湖子內路","PEND":"環湖路","SW_DIRECT":"2","SW_LENG":36.48,"SW_WTH":2.5,"SWW_WTH":1.5,"SW_RAMP":2,"VILL_NAME":"西區"},"geometry":{"type":"Polygon","coordinates":[[[120.444421,23.443612],[120.444321,23.443773],[120.44424,23.443903],[120.444263,23.443912],[120.44443,23.443642],[120.444433,23.443627],[120.444421,23.443612]]]}},{"type":"Feature","properties":{"id":"e8644c621e82","NAME":"博愛路一段","PSTART":"圓環","PEND":"林業文化園區","SW_DIRECT":"2","SW_LENG":132.0,"SW_WTH":4.93,"SWW_WTH":4.26,"SW_RAMP":2,"VILL_NAME":"西區"},"geometry":{"type":"Polygon","coordinates":[[[120.44646,23.489605],[120.446501,23.489557],[120.447752,23.48972],[120.447731,23.489691],[120.44778,23.489696],[120.44778,23.489687],[120.447698,23.489674],[120.447698,23.489689],[120.447674,23.489689],[120.446494,23.489534],[120.446445,23.489596],[120.44646,23.489605]]]}},{"type":"Feature","properties":{"id":"66bff5cf6ed9","NAME":"重慶路","PSTART":"新民路","PEND":"南京路","SW_DIRECT":"2","SW_LENG":400.0,"SW_WTH":4.5,"SWW_WTH":4.5,"SW_RAMP":2,"VILL_NAME":"西區"},"geometry":{"type":"Polygon","coordinates":[[[120.436055,23.465639],[120.440048,23.465916],[120.440042,23.465868],[120.436055,23.465597],[120.436055,23.465639]]]}},{"type":"Feature","properties":{"id":"3e630a0a06a9","NAME":"健康九路","PSTART":"湖子內路","PEND":"湖美十一路","SW_DIRECT":"2","SW_LENG":700.0,"SW_WTH":4.2,"SWW_WTH":4.2,"SW_RAMP":8,"VILL_NAME":"西區"},"geometry":{"type":"Polygon","coordinates":[[[120.439992,23.44671],[120.439992,23.446651],[120.437843,23.446691],[120.437843,23.446751],[120.439992,23.44671]]]}},{"type":"Feature","properties":{"id":"f79695f9e2ce","NAME":"湖美一路","PSTART":"環湖路","PEND":"興美六路","SW_DIRECT":"1","SW_LENG":374.07,"SW_WTH":2.5,"SWW_WTH":1.5,"SW_RAMP":4,"VILL_NAME":"東區"},"geometry":{"type":"Polygon","coordinates":[[[120.447128,23.455092],[120.447104,23.455103],[120.447093,23.457217],[120.447197,23.458453],[120.447205,23.458468],[120.447223,23.458473],[120.447117,23.457216],[120.447128,23.455092]]]}},{"type":"Feature","properties":{"id":"8cb9f711e7c1","NAME":"湖美一路","PSTART":"興美六路","PEND":"興美九街","SW_DIRECT":"1","SW_LENG":128.09,"SW_WTH":2.5,"SWW_WTH":1.5,"SW_RAMP":2,"VILL_NAME":"東區"},"geometry":{"type":"Polygon","coordinates":[[[120.447275,23.459859],[120.447236,23.458697],[120.447219,23.458704],[120.447212,23.45872],[120.44725,23.459837],[120.447256,23.459852],[120.447275,23.459859]]]}},{"type":"Feature","properties":{"id":"6c2492054873","NAME":"湖美一路","PSTART":"興美九街","PEND":"無名路","SW_DIRECT":"1","SW_LENG":69.35,"SW_WTH":2.5,"SWW_WTH":1.5,"SW_RAMP":2,"VILL_NAME":"東區"},"geometry":{"type":"Polygon","coordinates":[[[120.44728,23.460008],[120.447263,23.460015],[120.447257,23.460031],[120.447277,23.460618],[120.447284,23.460634],[120.447302,23.46064],[120.44728,23.460008]]]}},{"type":"Feature","properties":{"id":"6e1bea6c3540","NAME":"湖美一路","PSTART":"無名路","PEND":"興美十街","SW_DIRECT":"1","SW_LENG":91.28,"SW_WTH":2.5,"SWW_WTH":1.5,"SW_RAMP":3,"VILL_NAME":"東區"},"geometry":{"type":"Polygon","coordinates":[[[120.447289,23.461619],[120.447326,23.461181],[120.447308,23.460789],[120.447294,23.460794],[120.447285,23.460809],[120.447302,23.46118],[120.447267,23.461595],[120.447271,23.461609],[120.447289,23.461619]]]}},{"type":"Feature","properties":{"id":"026a356c8030","NAME":"圓福街","PSTART":"圓福街","PEND":"民權路","SW_DIRECT":"1","SW_LENG":300.0,"SW_WTH":1.5,"SWW_WTH":1.5,"SW_RAMP":null,"VILL_NAME":"東區"},"geometry":{"type":"Polygon","coordinates":[[[120.464468,23.484274],[120.464294,23.485092],[120.464449,23.485932],[120.464729,23.486587],[120.464782,23.48675],[120.464769,23.486848],[120.464808,23.486853],[120.464803,23.486759],[120.464513,23.486037],[120.464464,23.485929],[120.464307,23.485092],[120.464481,23.484276],[120.464466,23.484271],[120.464468,23.484274]]]}},{"type":"Feature","properties":{"id":"c258aecf59c5","NAME":"彌陀路","PSTART":"學府路","PEND":"忠義橋","SW_DIRECT":"2","SW_LENG":400.0,"SW_WTH":5.0,"SWW_WTH":3.0,"SW_RAMP":4,"VILL_NAME":"東區"},"geometry":{"type":"Polygon","coordinates":[[[120.468137,23.464821],[120.468488,23.464595],[120.469914,23.464038],[120.470265,23.463836],[120.470577,23.463587],[120.470994,23.462895],[120.470968,23.462883],[120.470564,23.463551],[120.469902,23.464014],[120.468436,23.464583],[120.468124,23.464797],[120.468137,23.464821]]]}},{"type":"Feature","properties":{"id":"6746d9448fb4","NAME":"博東路","PSTART":"忠孝路","PEND":"維新路","SW_DIRECT":"2","SW_LENG":320.0,"SW_WTH":1.5,"SWW_WTH":1.5,"SW_RAMP":null,"VILL_NAME":"東區"},"geometry":{"type":"Polygon","coordinates":[[[120.453313,23.490219],[120.455883,23.490485],[120.456705,23.490512],[120.456692,23.490494],[120.455863,23.490461],[120.453319,23.490207],[120.453313,23.490219]]]}},{"type":"Feature","properties":{"id":"287c0a9cb2b3","NAME":"保成路","PSTART":"保康路","PEND":"保義路246巷","SW_DIRECT":"1","SW_LENG":111.35,"SW_WTH":1.6,"SWW_WTH":1.6,"SW_RAMP":2,"VILL_NAME":"東區"},"geometry":{"type":"Polygon","coordinates":[[[120.455159,23.507398],[120.4552,23.506508],[120.455176,23.506508],[120.455134,23.507397],[120.455159,23.507398]]]}},{"type":"Feature","properties":{"id":"75f8eeaf66d6","NAME":"保成路","PSTART":"保康路","PEND":"保義路246巷","SW_DIRECT":"2","SW_LENG":121.35,"SW_WTH":1.6,"SWW_WTH":1.6,"SW_RAMP":2,"VILL_NAME":"東區"},"geometry":{"type":"Polygon","coordinates":[[[120.455032,23.50734],[120.455046,23.507339],[120.455051,23.507327],[120.455097,23.506334],[120.455084,23.506314],[120.455032,23.50734]]]}},{"type":"Feature","properties":{"id":"d84c9e9d160a","NAME":"保成路","PSTART":"保義路246巷","PEND":"保仁三街","SW_DIRECT":"1","SW_LENG":111.35,"SW_WTH":1.6,"SWW_WTH":1.6,"SW_RAMP":2,"VILL_NAME":"東區"},"geometry":{"type":"Polygon","coordinates":[[[120.455203,23.506405],[120.45524,23.505447],[120.455222,23.505454],[120.455184,23.506393],[120.455194,23.506404],[120.455203,23.506405]]]}},{"type":"Feature","properties":{"id":"04547da436eb","NAME":"保成路","PSTART":"保義路246巷","PEND":"保仁三街","SW_DIRECT":"2","SW_LENG":111.35,"SW_WTH":1.6,"SWW_WTH":1.6,"SW_RAMP":2,"VILL_NAME":"東區"},"geometry":{"type":"Polygon","coordinates":[[[120.455107,23.505293],[120.45507,23.506221],[120.455088,23.506213],[120.45512,23.505311],[120.455107,23.505293]]]}},{"type":"Feature","properties":{"id":"b51f119992ca","NAME":"保成路","PSTART":"保仁三街","PEND":"保仁三街38巷","SW_DIRECT":"1","SW_LENG":152.09,"SW_WTH":1.6,"SWW_WTH":1.6,"SW_RAMP":2,"VILL_NAME":"東區"},"geometry":{"type":"Polygon","coordinates":[[[120.455239,23.505341],[120.455299,23.503927],[120.455283,23.503924],[120.455278,23.503939],[120.455218,23.505312],[120.455223,23.505334],[120.455239,23.505341]]]}},{"type":"Feature","properties":{"id":"be6b0a78d331","NAME":"保成路","PSTART":"保仁三街","PEND":"保仁三街38巷","SW_DIRECT":"2","SW_LENG":136.95,"SW_WTH":1.6,"SWW_WTH":1.6,"SW_RAMP":2,"VILL_NAME":"東區"},"geometry":{"type":"Polygon","coordinates":[[[120.455086,23.50517],[120.455098,23.505168],[120.455108,23.505156],[120.455157,23.503981],[120.455142,23.503959],[120.455086,23.50517]]]}},{"type":"Feature","properties":{"id":"094b3a9eb315","NAME":"保成路","PSTART":"保仁三街38巷","PEND":"保建街","SW_DIRECT":"1","SW_LENG":303.68,"SW_WTH":1.6,"SWW_WTH":1.6,"SW_RAMP":2,"VILL_NAME":"東區"},"geometry":{"type":"Polygon","coordinates":[[[120.455291,23.503871],[120.455385,23.501185],[120.455365,23.501197],[120.455359,23.501215],[120.455332,23.5022],[120.455267,23.503865],[120.455271,23.503872],[120.455291,23.503871]]]}},{"type":"Feature","properties":{"id":"65d581fac60b","NAME":"保成路","PSTART":"保仁三街38巷","PEND":"保成路131巷","SW_DIRECT":"2","SW_LENG":16.66,"SW_WTH":1.6,"SWW_WTH":1.6,"SW_RAMP":2,"VILL_NAME":"東區"},"geometry":{"type":"Polygon","coordinates":[[[120.455133,23.503892],[120.455148,23.503886],[120.455156,23.503869],[120.455154,23.503724],[120.455136,23.503714],[120.455133,23.503892]]]}},{"type":"Feature","properties":{"id":"f6e93fd48ed0","NAME":"保成路","PSTART":"保仁三街38巷","PEND":"保成路81巷","SW_DIRECT":"2","SW_LENG":111.85,"SW_WTH":1.6,"SWW_WTH":1.6,"SW_RAMP":2,"VILL_NAME":"東區"},"geometry":{"type":"Polygon","coordinates":[[[120.455158,23.503594],[120.455173,23.503587],[120.455208,23.502634],[120.455195,23.502629],[120.455158,23.503594]]]}},{"type":"Feature","properties":{"id":"4dfbee2f3b01","NAME":"保成路","PSTART":"保仁三街38巷","PEND":"保成路77巷","SW_DIRECT":"2","SW_LENG":12.88,"SW_WTH":1.6,"SWW_WTH":1.6,"SW_RAMP":2,"VILL_NAME":"東區"},"geometry":{"type":"Polygon","coordinates":[[[120.455212,23.502385],[120.455201,23.502368],[120.455196,23.50248],[120.455204,23.502482],[120.455214,23.502476],[120.455212,23.502385]]]}},{"type":"Feature","properties":{"id":"d75dcc6be8ee","NAME":"保成路","PSTART":"保仁三街38巷","PEND":"保成路47巷","SW_DIRECT":"2","SW_LENG":89.93,"SW_WTH":1.6,"SWW_WTH":1.6,"SW_RAMP":2,"VILL_NAME":"東區"},"geometry":{"type":"Polygon","coordinates":[[[120.455197,23.502325],[120.455209,23.502321],[120.455212,23.502312],[120.45523,23.501566],[120.455215,23.501557],[120.455197,23.502325]]]}},{"type":"Feature","properties":{"id":"7d54898df0c5","NAME":"保成路","PSTART":"保仁三街38巷","PEND":"保建街","SW_DIRECT":"2","SW_LENG":25.38,"SW_WTH":1.6,"SWW_WTH":1.6,"SW_RAMP":2,"VILL_NAME":"東區"},"geometry":{"type":"Polygon","coordinates":[[[120.455229,23.501446],[120.455241,23.50144],[120.455247,23.501215],[120.455242,23.501203],[120.455237,23.501203],[120.455229,23.501446]]]}},{"type":"Feature","properties":{"id":"6d9f8071d991","NAME":"保成路","PSTART":"保建街","PEND":"台林街","SW_DIRECT":"1","SW_LENG":133.14,"SW_WTH":1.6,"SWW_WTH":1.6,"SW_RAMP":2,"VILL_NAME":"東區"},"geometry":{"type":"Polygon","coordinates":[[[120.45628,23.500286],[120.456271,23.500285],[120.456256,23.500291],[120.455422,23.501032],[120.455421,23.501049],[120.45628,23.500286]]]}},{"type":"Feature","properties":{"id":"ee039b83cf2b","NAME":"保成路","PSTART":"保建街","PEND":"台林街","SW_DIRECT":"2","SW_LENG":133.14,"SW_WTH":1.6,"SWW_WTH":1.6,"SW_RAMP":2,"VILL_NAME":"東區"},"geometry":{"type":"Polygon","coordinates":[[[120.455345,23.500935],[120.455363,23.500937],[120.455368,23.500933],[120.456104,23.50028],[120.456184,23.500204],[120.456184,23.50019],[120.455345,23.500935]]]}},{"type":"Feature","properties":{"id":"47155a5d530f","NAME":"幼獅路","PSTART":"民權東路","PEND":"大雅路一段","SW_DIRECT":"2","SW_LENG":211.0,"SW_WTH":2.0,"SWW_WTH":2.0,"SW_RAMP":11,"VILL_NAME":"東區"},"geometry":{"type":"Polygon","coordinates":[[[120.481275,23.481986],[120.481306,23.481971],[120.480333,23.479988],[120.480302,23.480009],[120.481275,23.481986]]]}},{"type":"Feature","properties":{"id":"dd3290697f85","NAME":"幼獅路","PSTART":"大雅路一段","PEND":"民權東路","SW_DIRECT":"1","SW_LENG":211.0,"SW_WTH":2.0,"SWW_WTH":2.0,"SW_RAMP":11,"VILL_NAME":"東區"},"geometry":{"type":"Polygon","coordinates":[[[120.481357,23.481945],[120.481393,23.481945],[120.480457,23.479992],[120.480393,23.479992],[120.481357,23.481945]]]}},{"type":"Feature","properties":{"id":"298d8f6eca27","NAME":"垂楊路","PSTART":"文化路","PEND":"興中街","SW_DIRECT":"2","SW_LENG":152.36,"SW_WTH":6.77,"SWW_WTH":4.94,"SW_RAMP":3,"VILL_NAME":"東區"},"geometry":{"type":"Polygon","coordinates":[[[120.451697,23.474138],[120.450418,23.474022],[120.450389,23.474027],[120.450363,23.474038],[120.450339,23.474053],[120.450319,23.474073],[120.450311,23.474084],[120.450303,23.474164],[120.450348,23.474168],[120.450381,23.474176],[120.450418,23.474167],[120.450436,23.474153],[120.450448,23.474133],[120.450452,23.474109],[120.450448,23.474087],[120.451722,23.474201],[120.451756,23.474226],[120.451754,23.4742],[120.451743,23.474173],[120.451724,23.474153],[120.451697,23.474138]]]}},{"type":"Feature","properties":{"id":"1a0192b2cf62","NAME":"小雅路","PSTART":"小雅路","PEND":"小雅路","SW_DIRECT":"1","SW_LENG":171.05,"SW_WTH":2.68,"SWW_WTH":1.81,"SW_RAMP":1,"VILL_NAME":"東區"},"geometry":{"type":"Polygon","coordinates":[[[120.475512,23.473894],[120.473989,23.474339],[120.473951,23.47433],[120.473922,23.474313],[120.473918,23.474342],[120.473957,23.474358],[120.473998,23.474362],[120.475516,23.473919],[120.475517,23.47391],[120.475512,23.473894]]]}},{"type":"Feature","properties":{"id":"2b5b700d8b92","NAME":"垂楊路","PSTART":"興中街","PEND":"成仁街","SW_DIRECT":"2","SW_LENG":99.84,"SW_WTH":6.76,"SWW_WTH":4.49,"SW_RAMP":2,"VILL_NAME":"東區"},"geometry":{"type":"Polygon","coordinates":[[[120.452681,23.474287],[120.452721,23.474335],[120.45273,23.474332],[120.452732,23.474289],[120.452728,23.474268],[120.452715,23.474245],[120.452697,23.474228],[120.45191,23.474156],[120.451878,23.474162],[120.451853,23.474182],[120.451841,23.474206],[120.451836,23.474251],[120.451844,23.474252],[120.451892,23.474215],[120.452681,23.474287]]]}},{"type":"Feature","properties":{"id":"30175d19cb12","NAME":"垂楊路","PSTART":"宣信街","PEND":"和平路","SW_DIRECT":"1","SW_LENG":114.6,"SW_WTH":6.78,"SWW_WTH":4.14,"SW_RAMP":5,"VILL_NAME":"東區"},"geometry":{"type":"Polygon","coordinates":[[[120.456609,23.474249],[120.45661,23.474276],[120.456619,23.474296],[120.45664,23.474313],[120.456659,23.474315],[120.457681,23.47441],[120.457699,23.474407],[120.457714,23.474399],[120.457726,23.474386],[120.457731,23.474369],[120.457731,23.47435],[120.456609,23.474249]]]}},{"type":"Feature","properties":{"id":"6407d47b51ac","NAME":"垂楊路","PSTART":"成仁街","PEND":"吳鳳北路","SW_DIRECT":"2","SW_LENG":94.25,"SW_WTH":6.79,"SWW_WTH":1.8,"SW_RAMP":4,"VILL_NAME":"東區"},"geometry":{"type":"Polygon","coordinates":[[[120.45368,23.474418],[120.453702,23.47442],[120.453703,23.474415],[120.453699,23.474378],[120.453685,23.474348],[120.453654,23.474322],[120.453611,23.474308],[120.452864,23.474242],[120.452845,23.474249],[120.452828,23.474263],[120.452817,23.474279],[120.45281,23.474299],[120.453642,23.474374],[120.45368,23.474418]]]}},{"type":"Feature","properties":{"id":"ddc6f927bcf3","NAME":"垂楊路","PSTART":"和平路","PEND":"市宅街40巷","SW_DIRECT":"1","SW_LENG":110.13,"SW_WTH":6.88,"SWW_WTH":4.11,"SW_RAMP":5,"VILL_NAME":"東區"},"geometry":{"type":"Polygon","coordinates":[[[120.458958,23.474463],[120.457879,23.474366],[120.457878,23.474375],[120.457886,23.474407],[120.457912,23.474429],[120.458906,23.474522],[120.458928,23.474519],[120.458946,23.474507],[120.458955,23.47449],[120.458958,23.474463]]]}},{"type":"Feature","properties":{"id":"0409ab3bc4c3","NAME":"垂楊路","PSTART":"市宅街40巷","PEND":"融和街","SW_DIRECT":"1","SW_LENG":67.59,"SW_WTH":6.99,"SWW_WTH":4.07,"SW_RAMP":4,"VILL_NAME":"東區"},"geometry":{"type":"Polygon","coordinates":[[[120.459034,23.47447],[120.459031,23.474494],[120.459035,23.47451],[120.459045,23.474525],[120.459063,23.474535],[120.45931,23.474559],[120.459651,23.474589],[120.459669,23.474584],[120.459685,23.474572],[120.459692,23.474557],[120.459696,23.474531],[120.459034,23.47447]]]}},{"type":"Feature","properties":{"id":"701448835666","NAME":"小雅路","PSTART":"小雅路","PEND":"小雅路","SW_DIRECT":"1","SW_LENG":138.26,"SW_WTH":2.2,"SWW_WTH":0.39,"SW_RAMP":1,"VILL_NAME":"東區"},"geometry":{"type":"Polygon","coordinates":[[[120.473736,23.474309],[120.472617,23.474573],[120.472427,23.474632],[120.472434,23.474642],[120.472446,23.474644],[120.472604,23.474598],[120.473713,23.474337],[120.473731,23.47433],[120.473738,23.474317],[120.473736,23.474309]]]}},{"type":"Feature","properties":{"id":"d9ea22a71adb","NAME":"垂楊路","PSTART":"融和街","PEND":"民國路","SW_DIRECT":"1","SW_LENG":32.59,"SW_WTH":7.27,"SWW_WTH":4.39,"SW_RAMP":2,"VILL_NAME":"東區"},"geometry":{"type":"Polygon","coordinates":[[[120.459776,23.474535],[120.459773,23.474562],[120.459778,23.47458],[120.459792,23.474596],[120.459814,23.474605],[120.46005,23.474626],[120.460079,23.474614],[120.460089,23.474602],[120.460095,23.474587],[120.460095,23.474565],[120.459776,23.474535]]]}},{"type":"Feature","properties":{"id":"7ec8e90304b2","NAME":"吳鳳北路","PSTART":"垂楊路","PEND":"無名路","SW_DIRECT":"1","SW_LENG":27.13,"SW_WTH":2.01,"SWW_WTH":1.14,"SW_RAMP":2,"VILL_NAME":"東區"},"geometry":{"type":"Polygon","coordinates":[[[120.453879,23.474648],[120.453903,23.474402],[120.453883,23.474401],[120.45386,23.474628],[120.453865,23.474642],[120.453879,23.474648]]]}},{"type":"Feature","properties":{"id":"4c71677e38df","NAME":"垂楊路","PSTART":"南門路","PEND":"文昌街","SW_DIRECT":"2","SW_LENG":26.15,"SW_WTH":6.92,"SWW_WTH":3.93,"SW_RAMP":2,"VILL_NAME":"東區"},"geometry":{"type":"Polygon","coordinates":[[[120.456541,23.474642],[120.456799,23.474667],[120.456802,23.474639],[120.456793,23.474615],[120.456771,23.474602],[120.456591,23.474584],[120.456571,23.474588],[120.456554,23.474601],[120.456546,23.474615],[120.456541,23.474642]]]}},{"type":"Feature","properties":{"id":"c5790d0d7635","NAME":"垂楊路","PSTART":"吳鳳北路","PEND":"共和路","SW_DIRECT":"2","SW_LENG":229.98,"SW_WTH":7.07,"SWW_WTH":4.84,"SW_RAMP":6,"VILL_NAME":"東區"},"geometry":{"type":"Polygon","coordinates":[[[120.456021,23.474532],[120.453953,23.474344],[120.453925,23.47435],[120.453896,23.47437],[120.453881,23.474398],[120.455056,23.474505],[120.455054,23.474517],[120.45506,23.474518],[120.455088,23.474517],[120.455104,23.474524],[120.45515,23.474523],[120.455166,23.47453],[120.455212,23.474529],[120.455227,23.474535],[120.455274,23.474535],[120.455291,23.474542],[120.455337,23.474541],[120.455351,23.474547],[120.455399,23.474547],[120.455415,23.474554],[120.455461,23.474552],[120.455476,23.474558],[120.455523,23.474558],[120.455538,23.474565],[120.455586,23.474564],[120.455601,23.47457],[120.455648,23.47457],[120.455659,23.474574],[120.455676,23.474571],[120.455693,23.474578],[120.455711,23.474573],[120.455727,23.474582],[120.455731,23.474598],[120.455924,23.474617],[120.455939,23.474607],[120.455957,23.474608],[120.45597,23.474616],[120.455976,23.474627],[120.455973,23.474671],[120.455989,23.474673],[120.455995,23.474679],[120.456046,23.474683],[120.456058,23.474567],[120.456046,23.474544],[120.456021,23.474532]]]}},{"type":"Feature","properties":{"id":"a167b8edf76e","NAME":"體育路","PSTART":"垂楊路","PEND":"彌陀路","SW_DIRECT":"2","SW_LENG":59.65,"SW_WTH":3.28,"SWW_WTH":1.16,"SW_RAMP":2,"VILL_NAME":"東區"},"geometry":{"type":"Polygon","coordinates":[[[120.461709,23.474709],[120.461713,23.474698],[120.461673,23.474673],[120.461723,23.474186],[120.461691,23.474184],[120.461643,23.474646],[120.461658,23.474675],[120.461683,23.474706],[120.461682,23.474714],[120.461709,23.474709]]]}},{"type":"Feature","properties":{"id":"7322d5035b36","NAME":"垂楊路","PSTART":"市宅街21巷","PEND":"民國路","SW_DIRECT":"1","SW_LENG":126.99,"SW_WTH":7.07,"SWW_WTH":4.19,"SW_RAMP":8,"VILL_NAME":"東區"},"geometry":{"type":"Polygon","coordinates":[[[120.460182,23.474556],[120.460188,23.4746],[120.460195,23.474617],[120.460214,23.474636],[120.460238,23.474643],[120.461374,23.474748],[120.461397,23.474745],[120.461417,23.474733],[120.46143,23.474715],[120.461435,23.474692],[120.4603,23.474585],[120.4603,23.474588],[120.460216,23.47458],[120.460196,23.474557],[120.460182,23.474556]]]}},{"type":"Feature","properties":{"id":"aeec4a358985","NAME":"彌陀路","PSTART":"無名路","PEND":"垂楊路","SW_DIRECT":"2","SW_LENG":68.36,"SW_WTH":7.01,"SWW_WTH":2.66,"SW_RAMP":3,"VILL_NAME":"東區"},"geometry":{"type":"Polygon","coordinates":[[[120.461709,23.474709],[120.461682,23.474714],[120.461689,23.474728],[120.461702,23.474738],[120.461826,23.474753],[120.461844,23.474751],[120.461899,23.474726],[120.461913,23.474714],[120.462118,23.474386],[120.462122,23.474368],[120.462114,23.474353],[120.462077,23.474324],[120.461831,23.474718],[120.461832,23.474722],[120.461709,23.474709]]]}},{"type":"Feature","properties":{"id":"136f908662b0","NAME":"垂楊路","PSTART":"文昌街","PEND":"和平路","SW_DIRECT":"2","SW_LENG":86.14,"SW_WTH":6.74,"SWW_WTH":4.1,"SW_RAMP":5,"VILL_NAME":"東區"},"geometry":{"type":"Polygon","coordinates":[[[120.457722,23.474749],[120.457725,23.474726],[120.457719,23.474707],[120.457705,23.474692],[120.457683,23.474684],[120.456932,23.474615],[120.456914,23.474617],[120.456898,23.474625],[120.456887,23.474638],[120.456881,23.474654],[120.45688,23.474672],[120.457722,23.474749]]]}},{"type":"Feature","properties":{"id":"0545fe6471e1","NAME":"垂楊路","PSTART":"和平路","PEND":"安和街","SW_DIRECT":"2","SW_LENG":69.79,"SW_WTH":6.72,"SWW_WTH":4.01,"SW_RAMP":4,"VILL_NAME":"東區"},"geometry":{"type":"Polygon","coordinates":[[[120.458526,23.474822],[120.458528,23.474799],[120.458523,23.474782],[120.458509,23.474767],[120.458491,23.474759],[120.457888,23.474703],[120.457869,23.474708],[120.457856,23.474719],[120.457846,23.474734],[120.457843,23.474751],[120.457833,23.474759],[120.458162,23.474789],[120.458161,23.474793],[120.458526,23.474822]]]}},{"type":"Feature","properties":{"id":"4211c33f3856","NAME":"小雅路","PSTART":"小雅路","PEND":"小雅路","SW_DIRECT":"2","SW_LENG":170.03,"SW_WTH":1.82,"SWW_WTH":1.51,"SW_RAMP":2,"VILL_NAME":"東區"},"geometry":{"type":"Polygon","coordinates":[[[120.472611,23.474806],[120.473833,23.474517],[120.473821,23.474508],[120.473807,23.474506],[120.472608,23.47479],[120.472496,23.474821],[120.472433,23.474847],[120.472323,23.474897],[120.472237,23.474945],[120.472246,23.474959],[120.472331,23.474911],[120.472506,23.474834],[120.472611,23.474806]]]}},{"type":"Feature","properties":{"id":"5dcba1825631","NAME":"垂楊路","PSTART":"安和街","PEND":"融和街","SW_DIRECT":"2","SW_LENG":106.0,"SW_WTH":6.83,"SWW_WTH":4.11,"SW_RAMP":4,"VILL_NAME":"東區"},"geometry":{"type":"Polygon","coordinates":[[[120.458607,23.474832],[120.459645,23.474928],[120.459646,23.474908],[120.459643,23.47489],[120.459634,23.474877],[120.459619,23.474866],[120.459602,23.474861],[120.458684,23.474777],[120.458663,23.474772],[120.458641,23.474775],[120.458621,23.474789],[120.458611,23.474806],[120.458607,23.474832]]]}},{"type":"Feature","properties":{"id":"d73e557b0380","NAME":"吳鳳北路","PSTART":"垂楊路","PEND":"康樂街35巷","SW_DIRECT":"2","SW_LENG":54.03,"SW_WTH":2.23,"SWW_WTH":0.84,"SW_RAMP":1,"VILL_NAME":"東區"},"geometry":{"type":"Polygon","coordinates":[[[120.453702,23.47442],[120.45368,23.474418],[120.453633,23.474907],[120.453646,23.474902],[120.453654,23.474891],[120.453702,23.47442]]]}},{"type":"Feature","properties":{"id":"69e3c49f962a","NAME":"垂楊路","PSTART":"市宅街21巷","PEND":"融和街","SW_DIRECT":"2","SW_LENG":117.95,"SW_WTH":6.91,"SWW_WTH":4.08,"SW_RAMP":4,"VILL_NAME":"東區"},"geometry":{"type":"Polygon","coordinates":[[[120.45973,23.474938],[120.460885,23.475039],[120.460886,23.475026],[120.460884,23.475009],[120.460875,23.474993],[120.46086,23.474981],[120.460842,23.474975],[120.459786,23.474877],[120.459762,23.474881],[120.459744,23.474893],[120.459733,23.474911],[120.45973,23.474938]]]}},{"type":"Feature","properties":{"id":"0be460673920","NAME":"彌陀路","PSTART":"彌陀路238巷","PEND":"公義路","SW_DIRECT":"1","SW_LENG":90.96,"SW_WTH":3.44,"SWW_WTH":1.37,"SW_RAMP":1,"VILL_NAME":"東區"},"geometry":{"type":"Polygon","coordinates":[[[120.462119,23.475061],[120.462154,23.475071],[120.462245,23.475],[120.462297,23.474942],[120.462638,23.474393],[120.46261,23.474379],[120.462268,23.474926],[120.462212,23.474987],[120.46213,23.475049],[120.462119,23.475061]]]}},{"type":"Feature","properties":{"id":"d77d3f1d0f15","NAME":"垂楊路","PSTART":"民國路","PEND":"新生路","SW_DIRECT":"2","SW_LENG":41.78,"SW_WTH":6.85,"SWW_WTH":4.15,"SW_RAMP":2,"VILL_NAME":"東區"},"geometry":{"type":"Polygon","coordinates":[[[120.460995,23.47505],[120.461422,23.47509],[120.461394,23.47504],[120.461374,23.475026],[120.461352,23.475021],[120.461034,23.474993],[120.461017,23.474998],[120.461004,23.475009],[120.460995,23.47505]]]}},{"type":"Feature","properties":{"id":"d6a4ddb8b8c0","NAME":"小雅路","PSTART":"小雅路","PEND":"小雅路","SW_DIRECT":"2","SW_LENG":29.47,"SW_WTH":1.86,"SWW_WTH":1.38,"SW_RAMP":2,"VILL_NAME":"東區"},"geometry":{"type":"Polygon","coordinates":[[[120.471979,23.475173],[120.472043,23.475106],[120.472192,23.474993],[120.472187,23.474986],[120.472175,23.474985],[120.47202,23.475103],[120.471974,23.475146],[120.471973,23.475167],[120.471979,23.475173]]]}},{"type":"Feature","properties":{"id":"e0b8fbde5fa8","NAME":"公義路","PSTART":"彌陀路","PEND":"公義路","SW_DIRECT":"1","SW_LENG":6.56,"SW_WTH":6.56,"SWW_WTH":6.56,"SW_RAMP":0,"VILL_NAME":"東區"},"geometry":{"type":"Polygon","coordinates":[[[120.461942,23.475169],[120.461994,23.475164],[120.462004,23.475131],[120.462021,23.475107],[120.46202,23.4751],[120.462014,23.475098],[120.461915,23.475117],[120.461911,23.475124],[120.461912,23.475133],[120.461934,23.475167],[120.461942,23.475169]]]}},{"type":"Feature","properties":{"id":"d3d196aabab2","NAME":"公義路","PSTART":"公義路","PEND":"公義路","SW_DIRECT":"2","SW_LENG":5.98,"SW_WTH":3.27,"SWW_WTH":1.42,"SW_RAMP":0,"VILL_NAME":"東區"},"geometry":{"type":"Polygon","coordinates":[[[120.461949,23.475188],[120.461982,23.475237],[120.461993,23.475237],[120.461994,23.475186],[120.461949,23.475188]]]}},{"type":"Feature","properties":{"id":"045ab019e200","NAME":"吳鳳北路","PSTART":"康樂街35巷","PEND":"康樂街","SW_DIRECT":"2","SW_LENG":30.54,"SW_WTH":2.12,"SWW_WTH":2.12,"SW_RAMP":2,"VILL_NAME":"東區"},"geometry":{"type":"Polygon","coordinates":[[[120.453598,23.475224],[120.453613,23.475219],[120.453621,23.475205],[120.453647,23.474963],[120.45364,23.47495],[120.453629,23.47494],[120.453598,23.475224]]]}},{"type":"Feature","properties":{"id":"6637788c6e3d","NAME":"民族路","PSTART":"融和街","PEND":"民國路","SW_DIRECT":"1","SW_LENG":102.62,"SW_WTH":2.05,"SWW_WTH":0.69,"SW_RAMP":0,"VILL_NAME":"東區"},"geometry":{"type":"Polygon","coordinates":[[[120.459695,23.476786],[120.45958,23.476781],[120.45958,23.476786],[120.459572,23.476785],[120.459588,23.476796],[120.460556,23.476886],[120.46057,23.476881],[120.460578,23.476868],[120.459695,23.47679],[120.459695,23.476786]]]}},{"type":"Feature","properties":{"id":"ecdaf78552b1","NAME":"大雅路","PSTART":"新生路","PEND":"大雅路","SW_DIRECT":"1","SW_LENG":199.73,"SW_WTH":3.01,"SWW_WTH":1.38,"SW_RAMP":2,"VILL_NAME":"東區"},"geometry":{"type":"Polygon","coordinates":[[[120.463776,23.476582],[120.463759,23.476635],[120.463753,23.476639],[120.463452,23.476676],[120.463448,23.476688],[120.462163,23.476837],[120.461927,23.476892],[120.461935,23.476919],[120.462162,23.476864],[120.463835,23.476669],[120.46385,23.476665],[120.463863,23.476655],[120.463869,23.476642],[120.463871,23.476629],[120.463858,23.476604],[120.46385,23.476599],[120.463776,23.476582]]]}},{"type":"Feature","properties":{"id":"34c143c8b341","NAME":"新生路","PSTART":"垂楊路","PEND":"大雅路","SW_DIRECT":"2","SW_LENG":202.71,"SW_WTH":3.23,"SWW_WTH":1.21,"SW_RAMP":8,"VILL_NAME":"東區"},"geometry":{"type":"Polygon","coordinates":[[[120.461935,23.476919],[120.461927,23.476892],[120.461891,23.476894],[120.461875,23.476887],[120.461861,23.476872],[120.461759,23.475957],[120.461701,23.47539],[120.461709,23.475391],[120.461757,23.475358],[120.461786,23.475345],[120.461825,23.475342],[120.461839,23.475348],[120.461849,23.475359],[120.46192,23.475326],[120.461787,23.475147],[120.461709,23.475169],[120.461684,23.475191],[120.46167,23.475397],[120.461828,23.476857],[120.461834,23.476888],[120.461861,23.476914],[120.461895,23.476925],[120.461935,23.476919]]]}},{"type":"Feature","properties":{"id":"0c339b58c27f","NAME":"大雅路二段","PSTART":"無名路","PEND":"大雅路二段619巷","SW_DIRECT":"1","SW_LENG":133.38,"SW_WTH":2.92,"SWW_WTH":1.01,"SW_RAMP":2,"VILL_NAME":"東區"},"geometry":{"type":"Polygon","coordinates":[[[120.465223,23.476711],[120.466487,23.476972],[120.466499,23.476962],[120.466506,23.476948],[120.465229,23.476685],[120.465223,23.476711]]]}},{"type":"Feature","properties":{"id":"6d268327d5f0","NAME":"民族路","PSTART":"安和街","PEND":"融和街","SW_DIRECT":"2","SW_LENG":99.2,"SW_WTH":2.1,"SWW_WTH":1.38,"SW_RAMP":0,"VILL_NAME":"東區"},"geometry":{"type":"Polygon","coordinates":[[[120.458423,23.476874],[120.459167,23.476938],[120.459397,23.476961],[120.459392,23.476948],[120.459378,23.476941],[120.458445,23.476855],[120.45843,23.476861],[120.458423,23.476874]]]}},{"type":"Feature","properties":{"id":"5ce601b24e32","NAME":"小雅路","PSTART":"立德街","PEND":"小雅路 416巷","SW_DIRECT":"2","SW_LENG":43.98,"SW_WTH":2.3,"SWW_WTH":0.92,"SW_RAMP":2,"VILL_NAME":"東區"},"geometry":{"type":"Polygon","coordinates":[[[120.469865,23.476978],[120.469902,23.476831],[120.469936,23.476736],[120.469977,23.476644],[120.469973,23.476602],[120.469931,23.47669],[120.469896,23.47678],[120.469881,23.476825],[120.469838,23.476997],[120.469856,23.476994],[120.469865,23.476978]]]}},{"type":"Feature","properties":{"id":"50a80e9276e8","NAME":"民族路","PSTART":"民國路","PEND":"新生路","SW_DIRECT":"1","SW_LENG":86.44,"SW_WTH":2.23,"SWW_WTH":0.85,"SW_RAMP":3,"VILL_NAME":"東區"},"geometry":{"type":"Polygon","coordinates":[[[120.46075,23.476885],[120.460756,23.476899],[120.460768,23.476905],[120.461578,23.476979],[120.461595,23.476973],[120.461604,23.476957],[120.461212,23.476927],[120.46075,23.476885]]]}},{"type":"Feature","properties":{"id":"cc0fcbc4cf3f","NAME":"民族路","PSTART":"光華路","PEND":"共和路","SW_DIRECT":"2","SW_LENG":32.62,"SW_WTH":2.87,"SWW_WTH":1.3,"SW_RAMP":0,"VILL_NAME":"東區"},"geometry":{"type":"Polygon","coordinates":[[[120.455824,23.476987],[120.455824,23.476961],[120.45577,23.47695],[120.455705,23.476928],[120.455634,23.476887],[120.455575,23.476835],[120.455557,23.47683],[120.455539,23.476832],[120.455605,23.476898],[120.455663,23.476936],[120.455741,23.476969],[120.455824,23.476987]]]}},{"type":"Feature","properties":{"id":"ec3d988d9c98","NAME":"民族路","PSTART":"共和路","PEND":"文昌街","SW_DIRECT":"2","SW_LENG":76.12,"SW_WTH":1.84,"SWW_WTH":0.75,"SW_RAMP":0,"VILL_NAME":"東區"},"geometry":{"type":"Polygon","coordinates":[[[120.456544,23.4767],[120.456541,23.476689],[120.45653,23.476682],[120.456417,23.476673],[120.456401,23.476679],[120.456362,23.476708],[120.456297,23.476805],[120.456253,23.476852],[120.456215,23.476883],[120.456145,23.476923],[120.456091,23.476947],[120.456033,23.476964],[120.455946,23.476978],[120.455923,23.476986],[120.455937,23.477001],[120.455961,23.476992],[120.456008,23.476987],[120.456068,23.476972],[120.45614,23.476945],[120.456226,23.476897],[120.4563,23.476828],[120.456341,23.476775],[120.456374,23.476721],[120.45641,23.476693],[120.456419,23.476689],[120.456455,23.476691],[120.456544,23.4767]]]}},{"type":"Feature","properties":{"id":"777e8f54ed51","NAME":"吳鳳北路","PSTART":"民族路","PEND":"延平街","SW_DIRECT":"1","SW_LENG":58.39,"SW_WTH":1.84,"SWW_WTH":0.46,"SW_RAMP":0,"VILL_NAME":"東區"},"geometry":{"type":"Polygon","coordinates":[[[120.453486,23.476481],[120.45348,23.476471],[120.45347,23.476465],[120.453413,23.476998],[120.453425,23.476993],[120.453433,23.476983],[120.453486,23.476481]]]}},{"type":"Feature","properties":{"id":"7eb421ddb213","NAME":"吳鳳北路","PSTART":"民族路","PEND":"延平街","SW_DIRECT":"1","SW_LENG":59.56,"SW_WTH":1.89,"SWW_WTH":0.7,"SW_RAMP":0,"VILL_NAME":"東區"},"geometry":{"type":"Polygon","coordinates":[[[120.453624,23.477026],[120.453643,23.476858],[120.453682,23.476486],[120.453669,23.47649],[120.453662,23.476499],[120.453607,23.477006],[120.453611,23.477019],[120.453624,23.477026]]]}},{"type":"Feature","properties":{"id":"0b1583a401d1","NAME":"大雅路二段","PSTART":"大雅路二段619巷","PEND":"大雅路二段603巷","SW_DIRECT":"1","SW_LENG":45.63,"SW_WTH":2.95,"SWW_WTH":1.25,"SW_RAMP":2,"VILL_NAME":"東區"},"geometry":{"type":"Polygon","coordinates":[[[120.466567,23.476961],[120.466565,23.476968],[120.46657,23.476969],[120.466572,23.476983],[120.466585,23.476992],[120.466991,23.477077],[120.467004,23.477067],[120.467011,23.477053],[120.466567,23.476961]]]}},{"type":"Feature","properties":{"id":"b172f936b0ef","NAME":"民族路","PSTART":"融和街","PEND":"民國路","SW_DIRECT":"2","SW_LENG":102.16,"SW_WTH":1.88,"SWW_WTH":1.38,"SW_RAMP":2,"VILL_NAME":"東區"},"geometry":{"type":"Polygon","coordinates":[[[120.459549,23.476976],[120.459849,23.477002],[120.460072,23.477028],[120.460072,23.477024],[120.460128,23.477027],[120.460552,23.477065],[120.460547,23.477053],[120.460534,23.477047],[120.459575,23.476959],[120.459558,23.476963],[120.459549,23.476976]]]}},{"type":"Feature","properties":{"id":"e96de0b5a650","NAME":"大雅路","PSTART":"無名路","PEND":"無名路","SW_DIRECT":"2","SW_LENG":240.79,"SW_WTH":3.0,"SWW_WTH":1.46,"SW_RAMP":4,"VILL_NAME":"東區"},"geometry":{"type":"Polygon","coordinates":[[[120.464309,23.476867],[120.464611,23.476864],[120.46461,23.476853],[120.464605,23.476843],[120.464595,23.476837],[120.464515,23.476836],[120.464307,23.47684],[120.464198,23.476849],[120.462281,23.477069],[120.46227,23.47708],[120.462266,23.477095],[120.462482,23.477073],[120.464201,23.476875],[120.464309,23.476867]]]}},{"type":"Feature","properties":{"id":"6430c7ef05ba","NAME":"無名路","PSTART":"無名路","PEND":"小雅路","SW_DIRECT":"1","SW_LENG":122.37,"SW_WTH":2.17,"SWW_WTH":1.08,"SW_RAMP":2,"VILL_NAME":"東區"},"geometry":{"type":"Polygon","coordinates":[[[120.467929,23.476934],[120.467672,23.476922],[120.467627,23.476909],[120.467584,23.476881],[120.467559,23.476854],[120.467536,23.476806],[120.467519,23.476785],[120.467478,23.476671],[120.46748,23.476655],[120.467459,23.476599],[120.46745,23.476594],[120.467413,23.476491],[120.467424,23.476488],[120.467413,23.476459],[120.467383,23.476469],[120.467509,23.476819],[120.467535,23.476862],[120.467565,23.476894],[120.467614,23.476925],[120.467664,23.47694],[120.467896,23.476952],[120.467979,23.47697],[120.467999,23.47698],[120.468013,23.476993],[120.468158,23.477153],[120.46821,23.477128],[120.468158,23.477008],[120.468104,23.477033],[120.46805,23.477003],[120.467985,23.47689],[120.467941,23.476911],[120.467934,23.476925],[120.46793,23.476926],[120.467929,23.476934]]]}},{"type":"Feature","properties":{"id":"5a80fa32badc","NAME":"民族路","PSTART":"民國路","PEND":"新生路","SW_DIRECT":"2","SW_LENG":88.83,"SW_WTH":1.98,"SWW_WTH":1.35,"SW_RAMP":2,"VILL_NAME":"東區"},"geometry":{"type":"Polygon","coordinates":[[[120.461592,23.477143],[120.460761,23.477068],[120.460748,23.477072],[120.46074,23.477082],[120.461611,23.477164],[120.461607,23.47715],[120.461592,23.477143]]]}},{"type":"Feature","properties":{"id":"e0388c01ae28","NAME":"大雅路","PSTART":"新生路","PEND":"無名路","SW_DIRECT":"2","SW_LENG":26.02,"SW_WTH":2.9,"SWW_WTH":2.09,"SW_RAMP":2,"VILL_NAME":"東區"},"geometry":{"type":"Polygon","coordinates":[[[120.461926,23.477171],[120.462182,23.477113],[120.462168,23.477091],[120.461942,23.477142],[120.46193,23.477154],[120.461926,23.477171]]]}},{"type":"Feature","properties":{"id":"7236b8f6eb18","NAME":"大雅路二段","PSTART":"大雅路二段603巷","PEND":"小雅路","SW_DIRECT":"1","SW_LENG":92.89,"SW_WTH":2.93,"SWW_WTH":2.63,"SW_RAMP":2,"VILL_NAME":"東區"},"geometry":{"type":"Polygon","coordinates":[[[120.467951,23.477248],[120.4674,23.477135],[120.467059,23.477064],[120.467062,23.477091],[120.467394,23.47716],[120.467925,23.477269],[120.467943,23.477263],[120.467951,23.477248]]]}},{"type":"Feature","properties":{"id":"8bceb3e59577","NAME":"大雅路","PSTART":"無名路","PEND":"無名路","SW_DIRECT":"1","SW_LENG":12.7,"SW_WTH":2.97,"SWW_WTH":2.33,"SW_RAMP":2,"VILL_NAME":"東區"},"geometry":{"type":"Polygon","coordinates":[[[120.476316,23.477247],[120.476308,23.477248],[120.476305,23.477253],[120.476306,23.477273],[120.476394,23.477336],[120.476412,23.477314],[120.476316,23.477247]]]}},{"type":"Feature","properties":{"id":"247c071c3838","NAME":"大雅路","PSTART":"無名路","PEND":"大雅路","SW_DIRECT":"1","SW_LENG":210.75,"SW_WTH":3.05,"SWW_WTH":1.49,"SW_RAMP":2,"VILL_NAME":"東區"},"geometry":{"type":"Polygon","coordinates":[[[120.475411,23.477093],[120.475197,23.476987],[120.475185,23.477009],[120.475208,23.477023],[120.475221,23.477041],[120.475225,23.477073],[120.475218,23.477105],[120.474427,23.477237],[120.474048,23.47729],[120.473547,23.477349],[120.473548,23.477359],[120.473556,23.477371],[120.473571,23.477374],[120.474147,23.477305],[120.474694,23.477223],[120.475411,23.477093]]]}},{"type":"Feature","properties":{"id":"eb575fecd778","NAME":"大雅路二段","PSTART":"無名路","PEND":"金龍街 269巷","SW_DIRECT":"2","SW_LENG":218.3,"SW_WTH":3.0,"SWW_WTH":2.76,"SW_RAMP":2,"VILL_NAME":"東區"},"geometry":{"type":"Polygon","coordinates":[[[120.465112,23.476938],[120.465116,23.476942],[120.465814,23.477086],[120.465815,23.477083],[120.467195,23.477369],[120.467197,23.47736],[120.467196,23.477349],[120.467188,23.477341],[120.465345,23.476959],[120.465131,23.476916],[120.465118,23.476922],[120.465112,23.476938]]]}},{"type":"Feature","properties":{"id":"0e9c392fc1af","NAME":"大雅路","PSTART":"大雅路433巷","PEND":"無名路","SW_DIRECT":"1","SW_LENG":50.37,"SW_WTH":3.06,"SWW_WTH":1.66,"SW_RAMP":2,"VILL_NAME":"東區"},"geometry":{"type":"Polygon","coordinates":[[[120.473478,23.477355],[120.473107,23.47739],[120.472978,23.477402],[120.47299,23.477416],[120.473007,23.477427],[120.473163,23.477412],[120.473466,23.477384],[120.473479,23.477374],[120.473478,23.477355]]]}},{"type":"Feature","properties":{"id":"a5e44412657f","NAME":"大雅路","PSTART":"大雅路285巷","PEND":"無名路","SW_DIRECT":"1","SW_LENG":23.16,"SW_WTH":2.93,"SWW_WTH":2.57,"SW_RAMP":2,"VILL_NAME":"東區"},"geometry":{"type":"Polygon","coordinates":[[[120.476682,23.477506],[120.476497,23.477375],[120.476491,23.477382],[120.476491,23.477398],[120.476502,23.477413],[120.476652,23.477519],[120.476671,23.477514],[120.476682,23.477506]]]}},{"type":"Feature","properties":{"id":"a4c8d08c3d42","NAME":"大雅路","PSTART":"大雅路195巷","PEND":"無名路","SW_DIRECT":"1","SW_LENG":168.34,"SW_WTH":3.0,"SWW_WTH":1.55,"SW_RAMP":2,"VILL_NAME":"東區"},"geometry":{"type":"Polygon","coordinates":[[[120.471235,23.477588],[120.472835,23.477442],[120.472856,23.477432],[120.472858,23.477412],[120.471217,23.477563],[120.471221,23.477581],[120.471235,23.477588]]]}},{"type":"Feature","properties":{"id":"508f87177598","NAME":"啟明路","PSTART":"無名路","PEND":"無名路","SW_DIRECT":"2","SW_LENG":45.14,"SW_WTH":3.14,"SWW_WTH":2.73,"SW_RAMP":2,"VILL_NAME":"東區"},"geometry":{"type":"Polygon","coordinates":[[[120.462182,23.477113],[120.462153,23.47712],[120.462328,23.477502],[120.46235,23.477476],[120.462182,23.477113]]]}},{"type":"Feature","properties":{"id":"bcd37480cbdc","NAME":"大雅路","PSTART":"大雅路386巷","PEND":"大雅路366巷","SW_DIRECT":"2","SW_LENG":48.19,"SW_WTH":2.89,"SWW_WTH":1.14,"SW_RAMP":2,"VILL_NAME":"東區"},"geometry":{"type":"Polygon","coordinates":[[[120.474274,23.477535],[120.474269,23.477518],[120.474256,23.477511],[120.473827,23.477562],[120.47381,23.477568],[120.473804,23.477583],[120.473805,23.477591],[120.474274,23.477535]]]}},{"type":"Feature","properties":{"id":"4e62ef72a980","NAME":"小雅路","PSTART":"小雅路 416巷","PEND":"大雅路二段","SW_DIRECT":"2","SW_LENG":58.69,"SW_WTH":1.8,"SWW_WTH":1.42,"SW_RAMP":2,"VILL_NAME":"東區"},"geometry":{"type":"Polygon","coordinates":[[[120.469721,23.477616],[120.469743,23.477621],[120.469838,23.477118],[120.469834,23.477101],[120.469819,23.477094],[120.46979,23.477279],[120.469721,23.477616]]]}},{"type":"Feature","properties":{"id":"d2a8c0e8f286","NAME":"大雅路二段","PSTART":"金龍街 269巷","PEND":"大雅路二段578巷","SW_DIRECT":"2","SW_LENG":120.54,"SW_WTH":2.97,"SWW_WTH":2.6,"SW_RAMP":2,"VILL_NAME":"東區"},"geometry":{"type":"Polygon","coordinates":[[[120.46732,23.477395],[120.468037,23.477543],[120.468473,23.477635],[120.468475,23.477617],[120.468464,23.477605],[120.468043,23.477517],[120.467345,23.477373],[120.467328,23.477378],[120.46732,23.477395]]]}},{"type":"Feature","properties":{"id":"7f37d92982ca","NAME":"大雅路二段","PSTART":"小雅路","PEND":"小雅路 388巷","SW_DIRECT":"1","SW_LENG":168.93,"SW_WTH":2.96,"SWW_WTH":1.6,"SW_RAMP":1,"VILL_NAME":"東區"},"geometry":{"type":"Polygon","coordinates":[[[120.469743,23.477621],[120.468127,23.477283],[120.468125,23.477291],[120.468129,23.477304],[120.46814,23.477313],[120.469716,23.477642],[120.469733,23.477639],[120.469742,23.477626],[120.469743,23.477621]]]}},{"type":"Feature","properties":{"id":"d09c6091cd22","NAME":"小雅路","PSTART":"小雅路 388巷","PEND":"大雅路二段","SW_DIRECT":"1","SW_LENG":104.25,"SW_WTH":2.24,"SWW_WTH":0.74,"SW_RAMP":0,"VILL_NAME":"東區"},"geometry":{"type":"Polygon","coordinates":[[[120.46994,23.477647],[120.469961,23.477648],[120.470098,23.476948],[120.470135,23.476831],[120.470177,23.476734],[120.470157,23.476725],[120.4701,23.476865],[120.470065,23.476988],[120.46994,23.477647]]]}},{"type":"Feature","properties":{"id":"8e331afc25cf","NAME":"大雅路二段","PSTART":"小雅路 388巷","PEND":"大雅路二段495巷","SW_DIRECT":"1","SW_LENG":72.39,"SW_WTH":2.94,"SWW_WTH":1.38,"SW_RAMP":2,"VILL_NAME":"東區"},"geometry":{"type":"Polygon","coordinates":[[[120.470039,23.477653],[120.46994,23.477647],[120.46994,23.477651],[120.469946,23.477666],[120.46996,23.477674],[120.470122,23.47768],[120.470354,23.477669],[120.470649,23.477641],[120.470646,23.477615],[120.470278,23.477649],[120.47004,23.477656],[120.470039,23.477653]]]}},{"type":"Feature","properties":{"id":"edda4c82c330","NAME":"吳鳳北路","PSTART":"延平街","PEND":"光華路","SW_DIRECT":"1","SW_LENG":55.34,"SW_WTH":2.18,"SWW_WTH":1.53,"SW_RAMP":2,"VILL_NAME":"東區"},"geometry":{"type":"Polygon","coordinates":[[[120.453613,23.47716],[120.453599,23.477164],[120.45359,23.477177],[120.453542,23.477642],[120.453547,23.477655],[120.453561,23.477662],[120.453613,23.47716]]]}},{"type":"Feature","properties":{"id":"b6f0e0beb8d8","NAME":"大雅路二段","PSTART":"大雅路二段578巷","PEND":"大雅路二段560巷","SW_DIRECT":"2","SW_LENG":38.19,"SW_WTH":2.91,"SWW_WTH":2.5,"SW_RAMP":2,"VILL_NAME":"東區"},"geometry":{"type":"Polygon","coordinates":[[[120.468528,23.477645],[120.468892,23.47772],[120.468896,23.477706],[120.468889,23.477694],[120.468548,23.477623],[120.468533,23.47763],[120.468528,23.477645]]]}},{"type":"Feature","properties":{"id":"3bd6cec8b7bc","NAME":"大雅路","PSTART":"金龍街","PEND":"大雅路386巷","SW_DIRECT":"2","SW_LENG":147.71,"SW_WTH":3.01,"SWW_WTH":1.67,"SW_RAMP":2,"VILL_NAME":"東區"},"geometry":{"type":"Polygon","coordinates":[[[120.472271,23.477739],[120.47326,23.477648],[120.473732,23.4776],[120.473722,23.477581],[120.473707,23.477576],[120.473131,23.477633],[120.472276,23.47771],[120.472271,23.477721],[120.472271,23.477739]]]}},{"type":"Feature","properties":{"id":"59ec64aa2dcf","NAME":"吳鳳北路","PSTART":"延平街","PEND":"蘭井街","SW_DIRECT":"2","SW_LENG":64.68,"SW_WTH":2.2,"SWW_WTH":1.63,"SW_RAMP":2,"VILL_NAME":"東區"},"geometry":{"type":"Polygon","coordinates":[[[120.453339,23.477717],[120.453352,23.477714],[120.453359,23.477703],[120.453417,23.477149],[120.453413,23.477137],[120.453402,23.477132],[120.453397,23.477132],[120.453339,23.477717]]]}},{"type":"Feature","properties":{"id":"548120557f32","NAME":"大雅路","PSTART":"無名路","PEND":"金龍街","SW_DIRECT":"2","SW_LENG":53.83,"SW_WTH":2.97,"SWW_WTH":1.64,"SW_RAMP":4,"VILL_NAME":"東區"},"geometry":{"type":"Polygon","coordinates":[[[120.471646,23.477796],[120.472171,23.477747],[120.472171,23.477737],[120.472164,23.477726],[120.472151,23.477722],[120.47166,23.477766],[120.471647,23.477777],[120.471646,23.477796]]]}},{"type":"Feature","properties":{"id":"c4254e2cab77","NAME":"大雅路","PSTART":"大雅路448巷","PEND":"無名路","SW_DIRECT":"2","SW_LENG":36.17,"SW_WTH":3.01,"SWW_WTH":1.68,"SW_RAMP":2,"VILL_NAME":"東區"},"geometry":{"type":"Polygon","coordinates":[[[120.471237,23.477832],[120.471591,23.4778],[120.471591,23.477795],[120.471586,23.477782],[120.471576,23.477774],[120.471263,23.477802],[120.47124,23.47781],[120.471236,23.477819],[120.471237,23.477832]]]}},{"type":"Feature","properties":{"id":"77209961c92e","NAME":"大雅路二段","PSTART":"大雅路二段478巷","PEND":"無名路","SW_DIRECT":"2","SW_LENG":19.44,"SW_WTH":3.02,"SWW_WTH":1.72,"SW_RAMP":2,"VILL_NAME":"東區"},"geometry":{"type":"Polygon","coordinates":[[[120.471182,23.477837],[120.471177,23.477819],[120.471162,23.477812],[120.470998,23.477826],[120.47099,23.477836],[120.470991,23.477855],[120.471182,23.477837]]]}},{"type":"Feature","properties":{"id":"c2d378e30756","NAME":"大雅路","PSTART":"無名路","PEND":"無名路","SW_DIRECT":"1","SW_LENG":86.49,"SW_WTH":2.87,"SWW_WTH":1.53,"SW_RAMP":2,"VILL_NAME":"東區"},"geometry":{"type":"Polygon","coordinates":[[[120.477228,23.477891],[120.476722,23.477534],[120.476716,23.47754],[120.476715,23.477555],[120.476722,23.477569],[120.477349,23.478013],[120.477373,23.478024],[120.477385,23.478022],[120.477394,23.478015],[120.477228,23.477891]]]}},{"type":"Feature","properties":{"id":"59f0eba00bf5","NAME":"大雅路二段","PSTART":"大雅路二段560巷","PEND":"大雅路二段534巷","SW_DIRECT":"2","SW_LENG":77.75,"SW_WTH":3.07,"SWW_WTH":1.52,"SW_RAMP":2,"VILL_NAME":"東區"},"geometry":{"type":"Polygon","coordinates":[[[120.469474,23.477841],[120.469688,23.477881],[120.469686,23.477866],[120.469675,23.477855],[120.468966,23.477706],[120.468948,23.477711],[120.46894,23.47773],[120.469474,23.477841]]]}},{"type":"Feature","properties":{"id":"f8fef8ac1ad5","NAME":"大雅路二段","PSTART":"大雅路二段490巷","PEND":"大雅路二段478巷","SW_DIRECT":"2","SW_LENG":33.37,"SW_WTH":3.08,"SWW_WTH":2.79,"SW_RAMP":2,"VILL_NAME":"東區"},"geometry":{"type":"Polygon","coordinates":[[[120.470931,23.477833],[120.47063,23.47786],[120.470625,23.477862],[120.470625,23.477889],[120.470839,23.477869],[120.470854,23.477863],[120.470877,23.477863],[120.470889,23.477858],[120.470951,23.477861],[120.470948,23.477841],[120.470931,23.477833]]]}},{"type":"Feature","properties":{"id":"7f2b0843ea61","NAME":"大雅路二段","PSTART":"大雅路二段534巷","PEND":"大雅路二段518巷","SW_DIRECT":"2","SW_LENG":16.75,"SW_WTH":2.88,"SWW_WTH":1.19,"SW_RAMP":2,"VILL_NAME":"東區"},"geometry":{"type":"Polygon","coordinates":[[[120.469734,23.477893],[120.469846,23.477909],[120.469903,23.477915],[120.469901,23.477896],[120.469887,23.477887],[120.469762,23.477871],[120.469744,23.477878],[120.469734,23.477893]]]}},{"type":"Feature","properties":{"id":"db180fa36cf1","NAME":"大雅路二段","PSTART":"大雅路二段518巷","PEND":"大雅路二段490巷","SW_DIRECT":"2","SW_LENG":65.05,"SW_WTH":2.96,"SWW_WTH":1.52,"SW_RAMP":2,"VILL_NAME":"東區"},"geometry":{"type":"Polygon","coordinates":[[[120.470589,23.477892],[120.470586,23.477865],[120.4702,23.477897],[120.470066,23.477898],[120.469954,23.477892],[120.469952,23.477919],[120.470118,23.477926],[120.470195,23.477924],[120.470589,23.477892]]]}},{"type":"Feature","properties":{"id":"b4d8a98c2f1e","NAME":"大雅路","PSTART":"大雅路366巷","PEND":"大雅路234巷","SW_DIRECT":"2","SW_LENG":328.12,"SW_WTH":3.0,"SWW_WTH":0.65,"SW_RAMP":0,"VILL_NAME":"東區"},"geometry":{"type":"Polygon","coordinates":[[[120.47587,23.477307],[120.475781,23.477291],[120.475707,23.477284],[120.475632,23.477283],[120.475549,23.477291],[120.475007,23.47739],[120.474346,23.477498],[120.474333,23.477508],[120.474331,23.477526],[120.4748,23.477453],[120.475502,23.477328],[120.475633,23.477309],[120.475633,23.477306],[120.47576,23.477312],[120.475884,23.477336],[120.476004,23.477382],[120.476117,23.477446],[120.477201,23.478214],[120.477204,23.47821],[120.477208,23.478192],[120.4772,23.47818],[120.476136,23.477426],[120.476074,23.477387],[120.476008,23.477354],[120.475939,23.477327],[120.47587,23.477307]]]}},{"type":"Feature","properties":{"id":"e4c66a524090","NAME":"吳鳳北路","PSTART":"光華路","PEND":"光彩街","SW_DIRECT":"2","SW_LENG":45.18,"SW_WTH":1.92,"SWW_WTH":0.66,"SW_RAMP":0,"VILL_NAME":"東區"},"geometry":{"type":"Polygon","coordinates":[[[120.453294,23.478038],[120.453239,23.478446],[120.453253,23.478442],[120.453261,23.478431],[120.453311,23.478055],[120.453307,23.478043],[120.453294,23.478038]]]}},{"type":"Feature","properties":{"id":"e9b16d9df212","NAME":"吳鳳北路","PSTART":"蘭井街","PEND":"光彩街","SW_DIRECT":"1","SW_LENG":63.94,"SW_WTH":2.21,"SWW_WTH":1.79,"SW_RAMP":2,"VILL_NAME":"東區"},"geometry":{"type":"Polygon","coordinates":[[[120.453451,23.478462],[120.45347,23.478355],[120.453533,23.47788],[120.453519,23.477884],[120.45351,23.477894],[120.453436,23.478434],[120.45344,23.47845],[120.453451,23.478462]]]}},{"type":"Feature","properties":{"id":"2266ec1a4126","NAME":"大雅路","PSTART":"大雅路","PEND":"大雅路","SW_DIRECT":"2","SW_LENG":51.01,"SW_WTH":2.97,"SWW_WTH":2.72,"SW_RAMP":2,"VILL_NAME":"東區"},"geometry":{"type":"Polygon","coordinates":[[[120.47728,23.47827],[120.477678,23.478553],[120.47768,23.47855],[120.477684,23.478533],[120.477675,23.478518],[120.477309,23.478257],[120.477292,23.478259],[120.47728,23.47827]]]}},{"type":"Feature","properties":{"id":"000651c8dbd5","NAME":"啟明路","PSTART":"無名路","PEND":"新生路一巷","SW_DIRECT":"2","SW_LENG":133.96,"SW_WTH":3.25,"SWW_WTH":2.71,"SW_RAMP":2,"VILL_NAME":"東區"},"geometry":{"type":"Polygon","coordinates":[[[120.462836,23.478649],[120.462851,23.478675],[120.462872,23.478661],[120.462878,23.47864],[120.462826,23.478517],[120.462387,23.477558],[120.46237,23.477553],[120.462352,23.477556],[120.462829,23.4786],[120.462846,23.478639],[120.462836,23.478649]]]}},{"type":"Feature","properties":{"id":"5cef0b1b3a61","NAME":"新生路一巷","PSTART":"啟明路","PEND":"無名路","SW_DIRECT":"2","SW_LENG":37.29,"SW_WTH":3.09,"SWW_WTH":3.09,"SW_RAMP":1,"VILL_NAME":"東區"},"geometry":{"type":"Polygon","coordinates":[[[120.462851,23.478675],[120.462836,23.478649],[120.462646,23.478717],[120.462639,23.478714],[120.462641,23.478707],[120.462621,23.478701],[120.462617,23.47871],[120.462633,23.478729],[120.462655,23.478742],[120.462851,23.478675]]]}},{"type":"Feature","properties":{"id":"edf7a4fb6ef5","NAME":"新生路一巷","PSTART":"啟明路","PEND":"無名路","SW_DIRECT":"2","SW_LENG":21.06,"SW_WTH":3.14,"SWW_WTH":2.54,"SW_RAMP":1,"VILL_NAME":"東區"},"geometry":{"type":"Polygon","coordinates":[[[120.462899,23.478801],[120.462887,23.478775],[120.462702,23.478845],[120.462705,23.478879],[120.462716,23.478871],[120.462899,23.478801]]]}},{"type":"Feature","properties":{"id":"8d274b9821b0","NAME":"大雅路","PSTART":"無名路","PEND":"潭頂路","SW_DIRECT":"1","SW_LENG":171.12,"SW_WTH":2.94,"SWW_WTH":1.47,"SW_RAMP":2,"VILL_NAME":"東區"},"geometry":{"type":"Polygon","coordinates":[[[120.478533,23.478816],[120.477432,23.478038],[120.477428,23.478069],[120.477731,23.478285],[120.478748,23.479003],[120.478761,23.478987],[120.478616,23.478883],[120.478531,23.478819],[120.478533,23.478816]]]}},{"type":"Feature","properties":{"id":"a9150b8eb699","NAME":"大雅路","PSTART":"潭頂路","PEND":"無名路","SW_DIRECT":"1","SW_LENG":18.88,"SW_WTH":3.01,"SWW_WTH":2.74,"SW_RAMP":2,"VILL_NAME":"東區"},"geometry":{"type":"Polygon","coordinates":[[[120.479011,23.479154],[120.478862,23.47905],[120.478857,23.479057],[120.478853,23.479069],[120.478858,23.479081],[120.478965,23.479157],[120.478991,23.479168],[120.479003,23.479164],[120.479011,23.479154]]]}},{"type":"Feature","properties":{"id":"e65e6067e855","NAME":"吳鳳北路","PSTART":"光彩街","PEND":"中正路","SW_DIRECT":"2","SW_LENG":58.74,"SW_WTH":1.99,"SWW_WTH":0.65,"SW_RAMP":1,"VILL_NAME":"東區"},"geometry":{"type":"Polygon","coordinates":[[[120.453217,23.47859],[120.453145,23.479129],[120.45316,23.479119],[120.453168,23.479103],[120.453234,23.478619],[120.45323,23.478602],[120.453217,23.47859]]]}},{"type":"Feature","properties":{"id":"dd4f6f4bf950","NAME":"光彩街","PSTART":"維新路","PEND":"光彩街","SW_DIRECT":"1","SW_LENG":29.73,"SW_WTH":3.13,"SWW_WTH":3.13,"SW_RAMP":2,"VILL_NAME":"東區"},"geometry":{"type":"Polygon","coordinates":[[[120.459359,23.479198],[120.459323,23.479164],[120.459315,23.479161],[120.459233,23.479155],[120.459234,23.479136],[120.459109,23.479126],[120.459108,23.47914],[120.459049,23.479135],[120.459048,23.479153],[120.459031,23.47916],[120.459162,23.479171],[120.459161,23.479177],[120.459359,23.479198]]]}},{"type":"Feature","properties":{"id":"2fd01120386e","NAME":"吳鳳北路","PSTART":"光彩街","PEND":"中正路","SW_DIRECT":"1","SW_LENG":64.46,"SW_WTH":2.11,"SWW_WTH":1.62,"SW_RAMP":2,"VILL_NAME":"東區"},"geometry":{"type":"Polygon","coordinates":[[[120.453356,23.47918],[120.453434,23.478602],[120.453428,23.478601],[120.453418,23.478603],[120.453413,23.478611],[120.453336,23.479164],[120.453342,23.479177],[120.453356,23.47918]]]}},{"type":"Feature","properties":{"id":"5cfc473d18a4","NAME":"無名路","PSTART":"新生路一巷","PEND":"公園街","SW_DIRECT":"2","SW_LENG":107.24,"SW_WTH":3.15,"SWW_WTH":2.77,"SW_RAMP":2,"VILL_NAME":"東區"},"geometry":{"type":"Polygon","coordinates":[[[120.462887,23.478775],[120.462899,23.478801],[120.462915,23.478803],[120.462927,23.478814],[120.463274,23.479568],[120.463282,23.479594],[120.463286,23.479622],[120.463282,23.479642],[120.463273,23.479657],[120.463308,23.47966],[120.463316,23.479611],[120.463305,23.479563],[120.462975,23.478844],[120.462945,23.478789],[120.462938,23.478782],[120.462911,23.478771],[120.462887,23.478775]]]}},{"type":"Feature","properties":{"id":"22f2eb9e04f3","NAME":"中山路","PSTART":"文化路","PEND":"光華路","SW_DIRECT":"1","SW_LENG":63.8,"SW_WTH":2.94,"SWW_WTH":1.51,"SW_RAMP":3,"VILL_NAME":"東區"},"geometry":{"type":"Polygon","coordinates":[[[120.449751,23.479383],[120.449714,23.479688],[120.449727,23.47973],[120.449749,23.479747],[120.449786,23.479752],[120.449824,23.479739],[120.44999,23.479634],[120.449974,23.479612],[120.449842,23.479688],[120.449813,23.479688],[120.449773,23.479668],[120.449759,23.479643],[120.449781,23.479388],[120.449751,23.479383]]]}},{"type":"Feature","properties":{"id":"ba5731d0a754","NAME":"吳鳳北路","PSTART":"中正路","PEND":"公明路","SW_DIRECT":"2","SW_LENG":53.85,"SW_WTH":1.74,"SWW_WTH":0.49,"SW_RAMP":1,"VILL_NAME":"東區"},"geometry":{"type":"Polygon","coordinates":[[[120.453125,23.479288],[120.453055,23.47978],[120.453068,23.479772],[120.453077,23.479759],[120.453139,23.479309],[120.453136,23.479297],[120.453125,23.479288]]]}},{"type":"Feature","properties":{"id":"99e79d6e346f","NAME":"興美路","PSTART":"環興街","PEND":"順興一路","SW_DIRECT":"2","SW_LENG":37.42,"SW_WTH":2.5,"SWW_WTH":1.18,"SW_RAMP":2,"VILL_NAME":"東區"},"geometry":{"type":"Polygon","coordinates":[[[120.452765,23.457284],[120.452923,23.457348],[120.453109,23.457423],[120.453108,23.457407],[120.453095,23.457394],[120.452915,23.45732],[120.452795,23.457272],[120.452778,23.457273],[120.452765,23.457284]]]}},{"type":"Feature","properties":{"id":"de8006e9117e","NAME":"興美路","PSTART":"環興街","PEND":"環興街","SW_DIRECT":"2","SW_LENG":124.43,"SW_WTH":2.56,"SWW_WTH":1.47,"SW_RAMP":2,"VILL_NAME":"東區"},"geometry":{"type":"Polygon","coordinates":[[[120.453253,23.457483],[120.454377,23.457941],[120.454381,23.457933],[120.454374,23.457918],[120.454359,23.457908],[120.453298,23.457476],[120.453274,23.457473],[120.453253,23.457483]]]}},{"type":"Feature","properties":{"id":"1e629c4d99cc","NAME":"興美路","PSTART":"順興一路","PEND":"環興街","SW_DIRECT":"1","SW_LENG":288.02,"SW_WTH":2.61,"SWW_WTH":1.27,"SW_RAMP":6,"VILL_NAME":"東區"},"geometry":{"type":"Polygon","coordinates":[[[120.455042,23.458049],[120.454417,23.457759],[120.452722,23.457069],[120.452719,23.457067],[120.452713,23.457089],[120.452559,23.457027],[120.452564,23.457007],[120.452469,23.45697],[120.452471,23.457017],[120.452712,23.457114],[120.452751,23.457107],[120.454402,23.457778],[120.455023,23.458066],[120.455042,23.458049]]]}},{"type":"Feature","properties":{"id":"bd9e169d4044","NAME":"興美路","PSTART":"環興街","PEND":"興美六路","SW_DIRECT":"1","SW_LENG":37.6,"SW_WTH":2.53,"SWW_WTH":1.58,"SW_RAMP":1,"VILL_NAME":"東區"},"geometry":{"type":"Polygon","coordinates":[[[120.455412,23.458237],[120.455085,23.45807],[120.455074,23.458091],[120.455383,23.458247],[120.4554,23.458246],[120.455412,23.458237]]]}},{"type":"Feature","properties":{"id":"a84a7aba1a7a","NAME":"興美路","PSTART":"興美六路","PEND":"環興街","SW_DIRECT":"2","SW_LENG":93.77,"SW_WTH":2.55,"SWW_WTH":0.89,"SW_RAMP":2,"VILL_NAME":"東區"},"geometry":{"type":"Polygon","coordinates":[[[120.454529,23.458012],[120.454958,23.458212],[120.455345,23.45841],[120.455345,23.458392],[120.455335,23.458377],[120.454898,23.458156],[120.454563,23.458002],[120.454534,23.458002],[120.454529,23.458012]]]}},{"type":"Feature","properties":{"id":"270903af98c7","NAME":"無名路","PSTART":"無名路","PEND":"無名路","SW_DIRECT":"2","SW_LENG":32.28,"SW_WTH":2.53,"SWW_WTH":1.97,"SW_RAMP":2,"VILL_NAME":"東區"},"geometry":{"type":"Polygon","coordinates":[[[120.452291,23.458964],[120.452306,23.458961],[120.452318,23.458944],[120.452349,23.458693],[120.452346,23.458681],[120.452337,23.458671],[120.452327,23.45867],[120.452291,23.458964]]]}},{"type":"Feature","properties":{"id":"dd4eb237d9b0","NAME":"八掌溪水防道路","PSTART":"無名路","PEND":"吳鳳南路","SW_DIRECT":"1","SW_LENG":133.41,"SW_WTH":2.68,"SWW_WTH":0.92,"SW_RAMP":2,"VILL_NAME":"東區"},"geometry":{"type":"Polygon","coordinates":[[[120.448555,23.445816],[120.448738,23.446006],[120.448895,23.446177],[120.449279,23.446623],[120.449476,23.446867],[120.449629,23.4471],[120.44969,23.4472],[120.44979,23.447384],[120.449922,23.447643],[120.450034,23.447879],[120.450066,23.447957],[120.450129,23.44813],[120.450174,23.448269],[120.450243,23.448547],[120.450264,23.448644],[120.450311,23.448911],[120.450361,23.449307],[120.450379,23.449585],[120.450379,23.449839],[120.450373,23.449929],[120.450347,23.450123],[120.450306,23.45035],[120.450242,23.450639],[120.45022,23.450928],[120.450064,23.451954],[120.450028,23.452232],[120.450012,23.452409],[120.450003,23.452621],[120.450003,23.452894],[120.450016,23.453138],[120.450038,23.453373],[120.450068,23.453593],[120.450137,23.453941],[120.450213,23.454238],[120.45029,23.454481],[120.450346,23.454636],[120.450448,23.454889],[120.450577,23.45516],[120.450695,23.45537],[120.450813,23.455546],[120.450959,23.45574],[120.451119,23.455919],[120.451294,23.456093],[120.451463,23.456239],[120.451658,23.456391],[120.45176,23.45646],[120.451971,23.456592],[120.452135,23.456682],[120.45241,23.456808],[120.454336,23.457593],[120.454781,23.457789],[120.454995,23.45789],[120.45524,23.45801],[120.455536,23.458164],[120.455997,23.458423],[120.456483,23.458727],[120.45676,23.458914],[120.456831,23.458965],[120.456829,23.45897],[120.456966,23.459039],[120.456962,23.459014],[120.456848,23.458922],[120.456841,23.45893],[120.456501,23.458697],[120.456276,23.458554],[120.455861,23.458305],[120.455541,23.458128],[120.455198,23.457951],[120.454799,23.45776],[120.454598,23.457669],[120.454351,23.457562],[120.453939,23.457395],[120.453936,23.457398],[120.453945,23.457404],[120.453937,23.457413],[120.453877,23.457378],[120.453882,23.457372],[120.453699,23.457296],[120.453493,23.457216],[120.453098,23.457049],[120.452341,23.456739],[120.452154,23.45665],[120.451992,23.456561],[120.451782,23.456431],[120.451682,23.456362],[120.451489,23.456213],[120.451322,23.456068],[120.451148,23.455895],[120.450989,23.455718],[120.450845,23.455526],[120.450728,23.455352],[120.450612,23.455144],[120.450484,23.454876],[120.450382,23.454624],[120.450327,23.45447],[120.45025,23.454229],[120.450175,23.453933],[120.450107,23.453587],[120.450076,23.453369],[120.450054,23.453136],[120.450042,23.452893],[120.450042,23.452622],[120.450051,23.452412],[120.450067,23.452235],[120.450103,23.451958],[120.450259,23.450932],[120.450275,23.450646],[120.450338,23.450355],[120.450379,23.450128],[120.450406,23.449932],[120.450412,23.44984],[120.450411,23.449584],[120.450393,23.449304],[120.450344,23.448907],[120.450297,23.448638],[120.450276,23.44854],[120.450205,23.448261],[120.450175,23.448163],[120.450097,23.447947],[120.450064,23.447867],[120.449952,23.447631],[120.449819,23.44737],[120.449719,23.447186],[120.449658,23.447085],[120.449533,23.446892],[120.449454,23.446787],[120.449219,23.446502],[120.449026,23.446277],[120.448793,23.446018],[120.448579,23.445795],[120.448555,23.445816]]]}},{"type":"Feature","properties":{"id":"46d7508510a2","NAME":"無名路","PSTART":"無名路","PEND":"無名路","SW_DIRECT":"2","SW_LENG":16.72,"SW_WTH":2.55,"SWW_WTH":1.39,"SW_RAMP":2,"VILL_NAME":"東區"},"geometry":{"type":"Polygon","coordinates":[[[120.452252,23.459271],[120.452271,23.459265],[120.45228,23.45925],[120.452294,23.459138],[120.452285,23.45912],[120.452272,23.459115],[120.452252,23.459271]]]}},{"type":"Feature","properties":{"id":"1aac0c1570de","NAME":"興美路","PSTART":"興安街","PEND":"興美六路","SW_DIRECT":"2","SW_LENG":162.28,"SW_WTH":2.37,"SWW_WTH":0.84,"SW_RAMP":2,"VILL_NAME":"東區"},"geometry":{"type":"Polygon","coordinates":[[[120.455691,23.458598],[120.457092,23.459306],[120.457093,23.45929],[120.457082,23.459277],[120.455893,23.458675],[120.455735,23.458596],[120.455709,23.458589],[120.455691,23.458598]]]}},{"type":"Feature","properties":{"id":"5bae7c4318cd","NAME":"無名路","PSTART":"無名路","PEND":"無名路","SW_DIRECT":"1","SW_LENG":73.49,"SW_WTH":2.55,"SWW_WTH":2.03,"SW_RAMP":2,"VILL_NAME":"東區"},"geometry":{"type":"Polygon","coordinates":[[[120.452495,23.458661],[120.452477,23.458667],[120.452467,23.458682],[120.452388,23.459326],[120.452414,23.45932],[120.452495,23.458661]]]}},{"type":"Feature","properties":{"id":"3f204d09ee96","NAME":"吳鳳南路","PSTART":"無巷名","PEND":"無巷名","SW_DIRECT":"2","SW_LENG":272.73,"SW_WTH":1.23,"SWW_WTH":1.23,"SW_RAMP":2,"VILL_NAME":"東區"},"geometry":{"type":"Polygon","coordinates":[[[120.457641,23.459375],[120.457652,23.459377],[120.458517,23.457048],[120.458506,23.457044],[120.458496,23.45707],[120.457641,23.459375]]]}},{"type":"Feature","properties":{"id":"925f48be2c76","NAME":"興美路","PSTART":"興安街","PEND":"吳鳳南路","SW_DIRECT":"1","SW_LENG":26.97,"SW_WTH":3.6,"SWW_WTH":1.11,"SW_RAMP":1,"VILL_NAME":"東區"},"geometry":{"type":"Polygon","coordinates":[[[120.457375,23.459236],[120.457367,23.459259],[120.457378,23.45928],[120.45755,23.459397],[120.457571,23.459399],[120.457586,23.459393],[120.457591,23.459396],[120.457597,23.459389],[120.457375,23.459236]]]}},{"type":"Feature","properties":{"id":"db8575f655c3","NAME":"吳鳳南路","PSTART":"親水路","PEND":"吳鳳南路547巷","SW_DIRECT":"1","SW_LENG":272.74,"SW_WTH":1.26,"SWW_WTH":1.26,"SW_RAMP":2,"VILL_NAME":"東區"},"geometry":{"type":"Polygon","coordinates":[[[120.457826,23.459432],[120.458065,23.458793],[120.458691,23.457102],[120.458681,23.457099],[120.45867,23.457124],[120.45793,23.459117],[120.457816,23.459428],[120.457826,23.459432]]]}},{"type":"Feature","properties":{"id":"8d0ff58dcde7","NAME":"吳鳳南路","PSTART":"輔仁中學校門","PEND":"興安街","SW_DIRECT":"2","SW_LENG":75.0,"SW_WTH":1.62,"SWW_WTH":1.11,"SW_RAMP":1,"VILL_NAME":"東區"},"geometry":{"type":"Polygon","coordinates":[[[120.457232,23.46044],[120.457245,23.46044],[120.457259,23.46043],[120.457551,23.459564],[120.457546,23.459544],[120.457302,23.459389],[120.457294,23.459402],[120.457527,23.459549],[120.457532,23.459564],[120.457232,23.46044]]]}},{"type":"Feature","properties":{"id":"eddc3b651286","NAME":"親水路","PSTART":"吳鳳南路","PEND":"無巷名","SW_DIRECT":"2","SW_LENG":1274.78,"SW_WTH":8.68,"SWW_WTH":3.6,"SW_RAMP":1,"VILL_NAME":"東區"},"geometry":{"type":"Polygon","coordinates":[[[120.470594,23.460738],[120.470596,23.46072],[120.467828,23.460604],[120.46773,23.460594],[120.467637,23.460576],[120.467531,23.460549],[120.467376,23.460495],[120.467216,23.460454],[120.466885,23.460411],[120.466849,23.460417],[120.465505,23.460259],[120.464686,23.460161],[120.464331,23.46011],[120.464015,23.460052],[120.463864,23.460019],[120.46368,23.459974],[120.463352,23.459881],[120.463054,23.459781],[120.46286,23.459709],[120.462653,23.459624],[120.46243,23.459525],[120.462112,23.459367],[120.461922,23.459264],[120.461676,23.459118],[120.461492,23.458997],[120.46133,23.458883],[120.460713,23.458409],[120.460705,23.458387],[120.460683,23.458371],[120.460704,23.458347],[120.460628,23.458289],[120.460606,23.458312],[120.460584,23.458295],[120.460561,23.458291],[120.46,23.457858],[120.459764,23.457685],[120.459581,23.457564],[120.459095,23.457278],[120.459077,23.457305],[120.459553,23.457588],[120.459759,23.457726],[120.459861,23.4578],[120.461255,23.458874],[120.461494,23.459043],[120.461624,23.459128],[120.461993,23.459345],[120.462339,23.459524],[120.462578,23.459632],[120.462747,23.459705],[120.462963,23.459788],[120.463172,23.459861],[120.463397,23.459932],[120.46369,23.460015],[120.463858,23.460055],[120.464325,23.460147],[120.46489,23.460222],[120.466501,23.460412],[120.466542,23.460445],[120.466828,23.460482],[120.466838,23.460447],[120.466983,23.460466],[120.466954,23.460561],[120.467286,23.460601],[120.467277,23.460637],[120.467322,23.460648],[120.467357,23.460533],[120.467395,23.460541],[120.467399,23.460526],[120.467523,23.46057],[120.467522,23.460607],[120.470594,23.460738]]]}},{"type":"Feature","properties":{"id":"a4d782ec9806","NAME":"吳鳳南路547巷","PSTART":"吳鳳南路","PEND":"無巷名","SW_DIRECT":"1","SW_LENG":1001.14,"SW_WTH":4.15,"SWW_WTH":3.65,"SW_RAMP":0,"VILL_NAME":"東區"},"geometry":{"type":"Polygon","coordinates":[[[120.462285,23.462232],[120.462133,23.462217],[120.461981,23.462193],[120.461866,23.462162],[120.461719,23.462105],[120.459883,23.461149],[120.45971,23.46104],[120.459544,23.460915],[120.457812,23.459576],[120.457798,23.459613],[120.459615,23.461016],[120.459752,23.461112],[120.459857,23.461177],[120.459947,23.461228],[120.461397,23.46198],[120.461704,23.462139],[120.461774,23.462171],[120.461855,23.462199],[120.462001,23.462234],[120.46211,23.462251],[120.462359,23.462274],[120.464479,23.462401],[120.465328,23.462445],[120.465914,23.462465],[120.466372,23.462471],[120.466691,23.462469],[120.466693,23.46244],[120.466674,23.462434],[120.466338,23.462435],[120.465912,23.462429],[120.465356,23.462411],[120.464285,23.462355],[120.462285,23.462232]]]}},{"type":"Feature","properties":{"id":"f6d1808ec417","NAME":"學府路","PSTART":"學府路","PEND":"學府路","SW_DIRECT":"1","SW_LENG":178.2,"SW_WTH":1.69,"SWW_WTH":0.55,"SW_RAMP":1,"VILL_NAME":"東區"},"geometry":{"type":"Polygon","coordinates":[[[120.47843,23.462378],[120.479633,23.462629],[120.479737,23.462653],[120.479787,23.462668],[120.479789,23.462663],[120.479784,23.462649],[120.479731,23.462633],[120.479731,23.462613],[120.479672,23.4626],[120.479651,23.462618],[120.479641,23.462617],[120.478446,23.462366],[120.478423,23.462356],[120.47831,23.462286],[120.478239,23.462235],[120.478171,23.462179],[120.478141,23.462174],[120.478275,23.462282],[120.47843,23.462378]]]}},{"type":"Feature","properties":{"id":"80c484aee6e9","NAME":"學府路","PSTART":"學府路","PEND":"學府路","SW_DIRECT":"2","SW_LENG":87.87,"SW_WTH":2.73,"SWW_WTH":1.56,"SW_RAMP":1,"VILL_NAME":"東區"},"geometry":{"type":"Polygon","coordinates":[[[120.479233,23.462692],[120.478413,23.462521],[120.478395,23.462525],[120.478382,23.462539],[120.479022,23.462674],[120.479218,23.46271],[120.479226,23.462711],[120.479233,23.462692]]]}},{"type":"Feature","properties":{"id":"2c9c97c0b77c","NAME":"小雅路","PSTART":"小雅路","PEND":"小雅路","SW_DIRECT":"1","SW_LENG":233.47,"SW_WTH":1.84,"SWW_WTH":1.73,"SW_RAMP":1,"VILL_NAME":"東區"},"geometry":{"type":"Polygon","coordinates":[[[120.480078,23.464112],[120.479997,23.464074],[120.479912,23.464046],[120.479791,23.464021],[120.479691,23.46401],[120.479642,23.464013],[120.47934,23.464051],[120.479101,23.464107],[120.479107,23.464124],[120.479344,23.464067],[120.479683,23.464027],[120.479736,23.46403],[120.479841,23.464047],[120.479928,23.464068],[120.480009,23.464096],[120.480363,23.46428],[120.480464,23.464338],[120.480567,23.464409],[120.480677,23.464501],[120.480737,23.464561],[120.480807,23.464648],[120.480847,23.464719],[120.48087,23.46481],[120.480949,23.464921],[120.480956,23.464923],[120.480967,23.464918],[120.480887,23.464802],[120.480869,23.464725],[120.480844,23.464674],[120.480775,23.464577],[120.480703,23.464502],[120.480579,23.464397],[120.480477,23.464326],[120.480406,23.464284],[120.480078,23.464112]]]}},{"type":"Feature","properties":{"id":"cb3ab3ffc4d3","NAME":"世賢路4段","PSTART":"世賢路4段","PEND":"大業街172巷","SW_DIRECT":"1","SW_LENG":207.04,"SW_WTH":2.86,"SWW_WTH":1.89,"SW_RAMP":2,"VILL_NAME":"東區"},"geometry":{"type":"Polygon","coordinates":[[[120.452967,23.465131],[120.451193,23.464226],[120.451189,23.464235],[120.451613,23.464463],[120.452704,23.465026],[120.452954,23.465153],[120.452967,23.465131]]]}},{"type":"Feature","properties":{"id":"632969dc0ddf","NAME":"世賢路4段","PSTART":"世賢路4段","PEND":"世賢路4段456巷","SW_DIRECT":"1","SW_LENG":20.64,"SW_WTH":2.91,"SWW_WTH":2.91,"SW_RAMP":2,"VILL_NAME":"東區"},"geometry":{"type":"Polygon","coordinates":[[[120.453355,23.465328],[120.453176,23.465238],[120.453165,23.465257],[120.45317,23.465264],[120.453321,23.465342],[120.453342,23.465341],[120.453355,23.465328]]]}},{"type":"Feature","properties":{"id":"7b152ee0e3d6","NAME":"彌陀路","PSTART":"無名路","PEND":"立仁路","SW_DIRECT":"2","SW_LENG":146.83,"SW_WTH":3.28,"SWW_WTH":1.69,"SW_RAMP":2,"VILL_NAME":"東區"},"geometry":{"type":"Polygon","coordinates":[[[120.468139,23.464841],[120.468136,23.464833],[120.467986,23.464872],[120.467326,23.465935],[120.467342,23.465942],[120.467372,23.465922],[120.467994,23.464921],[120.46802,23.464899],[120.468139,23.464841]]]}},{"type":"Feature","properties":{"id":"b148208199a3","NAME":"世賢路4段","PSTART":"吳鳳南路132巷","PEND":"吳鳳南路","SW_DIRECT":"1","SW_LENG":125.22,"SW_WTH":2.97,"SWW_WTH":1.77,"SW_RAMP":2,"VILL_NAME":"東區"},"geometry":{"type":"Polygon","coordinates":[[[120.454526,23.465928],[120.453527,23.465416],[120.453521,23.465427],[120.453513,23.465426],[120.45353,23.465446],[120.454459,23.465923],[120.454543,23.465947],[120.454571,23.465939],[120.45459,23.465921],[120.454577,23.465913],[120.454554,23.465929],[120.454526,23.465928]]]}},{"type":"Feature","properties":{"id":"6423902b0866","NAME":"世賢路4段","PSTART":"興安街","PEND":"吳鳳南路","SW_DIRECT":"2","SW_LENG":705.38,"SW_WTH":2.89,"SWW_WTH":1.55,"SW_RAMP":25,"VILL_NAME":"東區"},"geometry":{"type":"Polygon","coordinates":[[[120.45441,23.466146],[120.453882,23.465877],[120.453115,23.465478],[120.452901,23.465375],[120.452213,23.465025],[120.452194,23.465011],[120.452047,23.46494],[120.450996,23.464403],[120.450809,23.464302],[120.450644,23.464199],[120.450449,23.464069],[120.448656,23.462746],[120.448635,23.462741],[120.448616,23.462749],[120.44987,23.463671],[120.450432,23.464089],[120.450628,23.464221],[120.450794,23.464324],[120.450982,23.464425],[120.451592,23.464737],[120.452714,23.465309],[120.453131,23.465515],[120.453886,23.465907],[120.45389,23.46591],[120.453889,23.465914],[120.454414,23.466181],[120.454419,23.466162],[120.45441,23.466146]]]}},{"type":"Feature","properties":{"id":"0d6de59a2be9","NAME":"彌陀路","PSTART":"學府路","PEND":"彌陀路 70巷","SW_DIRECT":"1","SW_LENG":170.34,"SW_WTH":3.33,"SWW_WTH":0.95,"SW_RAMP":3,"VILL_NAME":"東區"},"geometry":{"type":"Polygon","coordinates":[[[120.467672,23.466284],[120.46851,23.464934],[120.468464,23.464951],[120.468407,23.465039],[120.467651,23.466258],[120.467664,23.46628],[120.467672,23.466284]]]}},{"type":"Feature","properties":{"id":"cc46c05561c4","NAME":"彌陀路","PSTART":"立仁路","PEND":"彌陀路 201巷","SW_DIRECT":"2","SW_LENG":182.9,"SW_WTH":3.41,"SWW_WTH":1.81,"SW_RAMP":3,"VILL_NAME":"東區"},"geometry":{"type":"Polygon","coordinates":[[[120.467218,23.466126],[120.46721,23.466123],[120.467086,23.466319],[120.466309,23.467574],[120.466349,23.467571],[120.467222,23.466163],[120.467218,23.466126]]]}},{"type":"Feature","properties":{"id":"330f9eb27269","NAME":"環潭公路","PSTART":"小雅路","PEND":"環潭公路","SW_DIRECT":"2","SW_LENG":289.41,"SW_WTH":1.98,"SWW_WTH":1.98,"SW_RAMP":2,"VILL_NAME":"東區"},"geometry":{"type":"Polygon","coordinates":[[[120.480517,23.465324],[120.481805,23.466407],[120.481848,23.466488],[120.481885,23.466573],[120.48192,23.466688],[120.48193,23.466742],[120.481929,23.466809],[120.481918,23.4669],[120.481903,23.466953],[120.481863,23.467047],[120.481752,23.467286],[120.481735,23.467342],[120.481747,23.467346],[120.481778,23.467253],[120.481874,23.467051],[120.481918,23.466945],[120.481931,23.466891],[120.48194,23.46681],[120.481942,23.466763],[120.481939,23.466719],[120.481914,23.466622],[120.481896,23.466569],[120.481818,23.466393],[120.48059,23.465359],[120.48057,23.465303],[120.480572,23.465288],[120.480515,23.465281],[120.480512,23.465303],[120.480517,23.465324]]]}},{"type":"Feature","properties":{"id":"4d26b4abf5d0","NAME":"環潭公路","PSTART":"小雅路","PEND":"環潭公路","SW_DIRECT":"2","SW_LENG":289.39,"SW_WTH":2.07,"SWW_WTH":1.1,"SW_RAMP":2,"VILL_NAME":"東區"},"geometry":{"type":"Polygon","coordinates":[[[120.480447,23.465479],[120.480472,23.465487],[120.480493,23.465453],[120.480499,23.465454],[120.481332,23.466158],[120.481327,23.46617],[120.481361,23.466183],[120.481355,23.466197],[120.481464,23.466266],[120.481617,23.466384],[120.481714,23.466473],[120.481788,23.466552],[120.481819,23.466622],[120.48185,23.466709],[120.481858,23.466763],[120.481854,23.466815],[120.481823,23.46691],[120.481716,23.467139],[120.481697,23.467156],[120.481693,23.467168],[120.481671,23.467184],[120.481664,23.467175],[120.481592,23.467218],[120.481606,23.467234],[120.481613,23.467257],[120.48161,23.467276],[120.481578,23.467335],[120.481621,23.467354],[120.481652,23.467333],[120.481694,23.467223],[120.48173,23.467142],[120.48183,23.466937],[120.481856,23.466852],[120.481867,23.466765],[120.48186,23.46671],[120.481831,23.466617],[120.481799,23.466554],[120.481747,23.466486],[120.481627,23.466372],[120.481591,23.466343],[120.48158,23.466341],[120.481566,23.46633],[120.480507,23.465436],[120.48049,23.465435],[120.480475,23.465441],[120.480447,23.465479]]]}},{"type":"Feature","properties":{"id":"83d0821b5c69","NAME":"雅竹路","PSTART":"小雅路","PEND":"大雅路433巷","SW_DIRECT":"2","SW_LENG":161.65,"SW_WTH":2.96,"SWW_WTH":1.55,"SW_RAMP":11,"VILL_NAME":"東區"},"geometry":{"type":"Polygon","coordinates":[[[120.473087,23.475986],[120.471893,23.475414],[120.471837,23.475405],[120.471801,23.475409],[120.471721,23.475431],[120.471699,23.475441],[120.471681,23.475457],[120.471696,23.47547],[120.471708,23.475463],[120.47181,23.475434],[120.471847,23.475432],[120.471879,23.47544],[120.47237,23.475669],[120.473099,23.476021],[120.473103,23.476014],[120.473102,23.475998],[120.473087,23.475986]]]}},{"type":"Feature","properties":{"id":"c75c9005d7ef","NAME":"小雅路","PSTART":"無名路","PEND":"雅竹路","SW_DIRECT":"1","SW_LENG":36.77,"SW_WTH":2.1,"SWW_WTH":1.55,"SW_RAMP":2,"VILL_NAME":"東區"},"geometry":{"type":"Polygon","coordinates":[[[120.471696,23.47547],[120.471681,23.475457],[120.47157,23.475559],[120.471422,23.475683],[120.47143,23.475695],[120.471434,23.475699],[120.471532,23.475617],[120.471696,23.47547]]]}},{"type":"Feature","properties":{"id":"77f32f5275e5","NAME":"垂楊路","PSTART":"共和路","PEND":"共和路","SW_DIRECT":"2","SW_LENG":115.75,"SW_WTH":4.62,"SWW_WTH":4.22,"SW_RAMP":2,"VILL_NAME":"東區"},"geometry":{"type":"Polygon","coordinates":[[[120.456046,23.474683],[120.455995,23.474679],[120.45599,23.474726],[120.455998,23.474735],[120.455988,23.474742],[120.455986,23.47476],[120.455995,23.474768],[120.455985,23.474775],[120.455983,23.474792],[120.455991,23.474801],[120.455981,23.474808],[120.455979,23.474825],[120.455988,23.474834],[120.455978,23.474841],[120.455976,23.474855],[120.455984,23.474863],[120.455974,23.47487],[120.455969,23.474921],[120.455977,23.474929],[120.455968,23.474936],[120.455967,23.474945],[120.455976,23.474955],[120.455965,23.474962],[120.455963,23.474992],[120.455971,23.475001],[120.455961,23.475008],[120.45596,23.47502],[120.455968,23.475029],[120.455958,23.475036],[120.455956,23.475052],[120.455964,23.475061],[120.455954,23.475067],[120.455953,23.475083],[120.455961,23.475092],[120.455951,23.475098],[120.455949,23.475121],[120.455932,23.47512],[120.455929,23.475148],[120.455954,23.475151],[120.455946,23.475218],[120.45591,23.475215],[120.455902,23.475288],[120.455939,23.475291],[120.455938,23.475316],[120.455896,23.47572],[120.455943,23.475724],[120.456046,23.474683]]]}},{"type":"Feature","properties":{"id":"a318ba28d647","NAME":"文化路","PSTART":"垂楊路","PEND":"民族路","SW_DIRECT":"1","SW_LENG":182.12,"SW_WTH":4.64,"SWW_WTH":2.86,"SW_RAMP":1,"VILL_NAME":"東區"},"geometry":{"type":"Polygon","coordinates":[[[120.450348,23.474168],[120.450303,23.474164],[120.45013,23.475801],[120.450176,23.475805],[120.45025,23.475101],[120.45029,23.475115],[120.450326,23.47512],[120.450363,23.475117],[120.450398,23.475108],[120.450432,23.474822],[120.450395,23.474804],[120.450359,23.474796],[120.450323,23.474794],[120.450281,23.474801],[120.450348,23.474168]]]}},{"type":"Feature","properties":{"id":"4522277ea3dd","NAME":"興中街","PSTART":"興中街","PEND":"興中街","SW_DIRECT":"2","SW_LENG":163.14,"SW_WTH":5.2,"SWW_WTH":2.25,"SW_RAMP":1,"VILL_NAME":"東區"},"geometry":{"type":"Polygon","coordinates":[[[120.45148,23.475968],[120.451572,23.475976],[120.45173,23.474508],[120.451679,23.474508],[120.451616,23.475093],[120.451605,23.475107],[120.451586,23.475112],[120.45158,23.475188],[120.451597,23.475197],[120.451603,23.475213],[120.451526,23.47593],[120.45148,23.475968]]]}},{"type":"Feature","properties":{"id":"9ccb461026c0","NAME":"小雅路","PSTART":"雅竹路","PEND":"無名路","SW_DIRECT":"1","SW_LENG":76.92,"SW_WTH":2.13,"SWW_WTH":0.74,"SW_RAMP":0,"VILL_NAME":"東區"},"geometry":{"type":"Polygon","coordinates":[[[120.47099,23.475985],[120.470798,23.4761],[120.470794,23.476109],[120.470802,23.476121],[120.471001,23.476002],[120.471188,23.475881],[120.471413,23.475715],[120.471399,23.475701],[120.471176,23.475865],[120.47099,23.475985]]]}},{"type":"Feature","properties":{"id":"1ceb6dee41f3","NAME":"民族路","PSTART":"文化路","PEND":"興中街","SW_DIRECT":"1","SW_LENG":148.35,"SW_WTH":10.15,"SWW_WTH":5.81,"SW_RAMP":1,"VILL_NAME":"東區"},"geometry":{"type":"Polygon","coordinates":[[[120.450897,23.475917],[120.450891,23.475906],[120.450821,23.475896],[120.450813,23.47591],[120.450796,23.475916],[120.450364,23.475886],[120.450322,23.475835],[120.450324,23.475819],[120.45013,23.475801],[120.450117,23.475929],[120.450152,23.475959],[120.451499,23.476061],[120.451524,23.476058],[120.451546,23.476047],[120.451561,23.476029],[120.451569,23.476007],[120.451572,23.475976],[120.450913,23.475925],[120.450897,23.475917]]]}},{"type":"Feature","properties":{"id":"0bf43444892a","NAME":"公義路","PSTART":"新生路","PEND":"大雅路","SW_DIRECT":"2","SW_LENG":271.8,"SW_WTH":2.96,"SWW_WTH":2.07,"SW_RAMP":3,"VILL_NAME":"東區"},"geometry":{"type":"Polygon","coordinates":[[[120.463452,23.476676],[120.463755,23.476638],[120.463759,23.476635],[120.463776,23.476582],[120.463461,23.476512],[120.463479,23.476555],[120.46345,23.476565],[120.463343,23.476535],[120.463219,23.476497],[120.463095,23.47645],[120.462911,23.476362],[120.462773,23.476285],[120.462741,23.476209],[120.462722,23.476188],[120.462667,23.476101],[120.462639,23.476074],[120.462633,23.476078],[120.462627,23.476075],[120.462421,23.475906],[120.462358,23.475845],[120.462213,23.475683],[120.462079,23.475506],[120.461955,23.475296],[120.461845,23.475151],[120.461826,23.47514],[120.461787,23.475147],[120.461919,23.475324],[120.462014,23.475488],[120.462048,23.475539],[120.462184,23.475717],[120.462308,23.475855],[120.462386,23.475934],[120.462589,23.4761],[120.462577,23.476158],[120.462529,23.47615],[120.462526,23.476167],[120.462571,23.476178],[120.462634,23.476232],[120.462725,23.476291],[120.462899,23.476387],[120.463022,23.476447],[120.463209,23.476522],[120.46345,23.476594],[120.46346,23.476604],[120.463466,23.476626],[120.463452,23.476676]]]}},{"type":"Feature","properties":{"id":"79cd5e465241","NAME":"民族路","PSTART":"共和路","PEND":"南門路","SW_DIRECT":"1","SW_LENG":12.64,"SW_WTH":2.72,"SWW_WTH":2.06,"SW_RAMP":0,"VILL_NAME":"東區"},"geometry":{"type":"Polygon","coordinates":[[[120.456139,23.476133],[120.456017,23.476094],[120.456016,23.47612],[120.456127,23.476157],[120.456139,23.476133]]]}},{"type":"Feature","properties":{"id":"75612dd54b9a","NAME":"民族路","PSTART":"興中街","PEND":"成仁街","SW_DIRECT":"1","SW_LENG":83.4,"SW_WTH":1.85,"SWW_WTH":0.61,"SW_RAMP":0,"VILL_NAME":"東區"},"geometry":{"type":"Polygon","coordinates":[[[120.451681,23.47606],[120.451679,23.476076],[120.452482,23.476148],[120.45249,23.476144],[120.452494,23.476136],[120.452494,23.476132],[120.451681,23.47606]]]}},{"type":"Feature","properties":{"id":"bacb295456a5","NAME":"吳鳳北路","PSTART":"康樂街","PEND":"民族路","SW_DIRECT":"2","SW_LENG":89.54,"SW_WTH":2.1,"SWW_WTH":0.99,"SW_RAMP":2,"VILL_NAME":"東區"},"geometry":{"type":"Polygon","coordinates":[[[120.453603,23.47537],[120.453583,23.47537],[120.453501,23.476178],[120.453514,23.476173],[120.45352,23.476163],[120.453603,23.47537]]]}},{"type":"Feature","properties":{"id":"107f56a8ce01","NAME":"吳鳳北路","PSTART":"無名路","PEND":"民族路","SW_DIRECT":"1","SW_LENG":90.92,"SW_WTH":1.69,"SWW_WTH":0.86,"SW_RAMP":0,"VILL_NAME":"東區"},"geometry":{"type":"Polygon","coordinates":[[[120.453799,23.475365],[120.453788,23.475368],[120.45378,23.475376],[120.453696,23.476169],[120.4537,23.476181],[120.453712,23.476188],[120.453799,23.475365]]]}},{"type":"Feature","properties":{"id":"3bf607438316","NAME":"小雅路","PSTART":"小雅路 427巷","PEND":"立德街","SW_DIRECT":"2","SW_LENG":68.53,"SW_WTH":2.14,"SWW_WTH":0.95,"SW_RAMP":2,"VILL_NAME":"東區"},"geometry":{"type":"Polygon","coordinates":[[[120.47024,23.476249],[120.470251,23.476257],[120.470265,23.476255],[120.470327,23.476195],[120.470439,23.476103],[120.470513,23.476053],[120.470764,23.475901],[120.470779,23.475888],[120.470773,23.475871],[120.470501,23.476037],[120.470426,23.476088],[120.47035,23.476149],[120.47024,23.476249]]]}},{"type":"Feature","properties":{"id":"1a91a0e01ce0","NAME":"民族路","PSTART":"成仁街","PEND":"吳鳳北路","SW_DIRECT":"1","SW_LENG":82.68,"SW_WTH":1.94,"SWW_WTH":0.75,"SW_RAMP":0,"VILL_NAME":"東區"},"geometry":{"type":"Polygon","coordinates":[[[120.452655,23.476164],[120.453442,23.476234],[120.453451,23.476222],[120.453451,23.476217],[120.452645,23.476145],[120.452645,23.476156],[120.452655,23.476164]]]}},{"type":"Feature","properties":{"id":"68190c316f77","NAME":"小雅路","PSTART":"小雅路","PEND":"小雅路","SW_DIRECT":"1","SW_LENG":263.38,"SW_WTH":2.67,"SWW_WTH":1.19,"SW_RAMP":15,"VILL_NAME":"東區"},"geometry":{"type":"Polygon","coordinates":[[[120.472006,23.475146],[120.471979,23.475173],[120.471983,23.475199],[120.472006,23.47525],[120.472045,23.475292],[120.474203,23.47632],[120.474245,23.476314],[120.473251,23.475843],[120.472608,23.47553],[120.47205,23.475264],[120.472025,23.475231],[120.472011,23.475199],[120.472005,23.475175],[120.472006,23.475146]]]}},{"type":"Feature","properties":{"id":"3b1c28fa6bde","NAME":"民族路","PSTART":"文化路","PEND":"興中街","SW_DIRECT":"2","SW_LENG":140.8,"SW_WTH":1.77,"SWW_WTH":0.51,"SW_RAMP":0,"VILL_NAME":"東區"},"geometry":{"type":"Polygon","coordinates":[[[120.451512,23.476243],[120.451514,23.476227],[120.451398,23.476217],[120.450148,23.476121],[120.45014,23.476126],[120.450138,23.476136],[120.451512,23.476243]]]}},{"type":"Feature","properties":{"id":"9b506d66bd78","NAME":"民族路","PSTART":"興中街","PEND":"成仁街","SW_DIRECT":"2","SW_LENG":82.47,"SW_WTH":2.23,"SWW_WTH":1.12,"SW_RAMP":0,"VILL_NAME":"東區"},"geometry":{"type":"Polygon","coordinates":[[[120.452461,23.47631],[120.451671,23.476238],[120.451665,23.476258],[120.452469,23.47633],[120.452469,23.476318],[120.452461,23.47631]]]}},{"type":"Feature","properties":{"id":"d75d4b2ab8cc","NAME":"公義路","PSTART":"彌陀路","PEND":"大雅路","SW_DIRECT":"1","SW_LENG":358.84,"SW_WTH":3.11,"SWW_WTH":2.1,"SW_RAMP":7,"VILL_NAME":"東區"},"geometry":{"type":"Polygon","coordinates":[[[120.462151,23.475069],[120.462119,23.475061],[120.462078,23.475166],[120.462076,23.475205],[120.462084,23.475233],[120.462147,23.47535],[120.462218,23.47546],[120.462418,23.47571],[120.462509,23.475807],[120.462679,23.475953],[120.462742,23.476],[120.462872,23.47609],[120.462942,23.476131],[120.463014,23.47617],[120.463292,23.476292],[120.463545,23.476362],[120.464206,23.476501],[120.464308,23.476526],[120.464866,23.476634],[120.464882,23.476631],[120.464895,23.476619],[120.464898,23.476613],[120.464327,23.476502],[120.46421,23.476474],[120.463694,23.476368],[120.463485,23.476318],[120.463304,23.476266],[120.463024,23.476144],[120.462961,23.476109],[120.46284,23.476034],[120.462725,23.475952],[120.462548,23.475803],[120.462453,23.475705],[120.462248,23.475451],[120.462167,23.475325],[120.462116,23.475235],[120.462102,23.475199],[120.462113,23.475144],[120.462151,23.475069]]]}},{"type":"Feature","properties":{"id":"195b5a30d081","NAME":"雅竹路","PSTART":"大雅路433巷","PEND":"大雅路419巷","SW_DIRECT":"2","SW_LENG":85.15,"SW_WTH":2.95,"SWW_WTH":1.32,"SW_RAMP":14,"VILL_NAME":"東區"},"geometry":{"type":"Polygon","coordinates":[[[120.473943,23.476419],[120.473946,23.476399],[120.47393,23.476383],[120.473234,23.476055],[120.47321,23.476053],[120.473197,23.476067],[120.473943,23.476419]]]}},{"type":"Feature","properties":{"id":"cdd173f04191","NAME":"民族路","PSTART":"民族路","PEND":"共和路","SW_DIRECT":"1","SW_LENG":61.0,"SW_WTH":5.29,"SWW_WTH":2.14,"SW_RAMP":0,"VILL_NAME":"東區"},"geometry":{"type":"Polygon","coordinates":[[[120.455911,23.476109],[120.455929,23.476089],[120.455791,23.476108],[120.455782,23.476082],[120.455672,23.47612],[120.455607,23.476161],[120.455555,23.476203],[120.455506,23.476253],[120.455452,23.476337],[120.455438,23.476353],[120.45548,23.476384],[120.455529,23.476307],[120.455575,23.476253],[120.455644,23.476194],[120.455706,23.476158],[120.455802,23.476125],[120.455911,23.476109]]]}},{"type":"Feature","properties":{"id":"de84fd60079f","NAME":"民族路","PSTART":"吳鳳北路","PEND":"民族路","SW_DIRECT":"1","SW_LENG":281.4,"SW_WTH":5.18,"SWW_WTH":2.51,"SW_RAMP":2,"VILL_NAME":"東區"},"geometry":{"type":"Polygon","coordinates":[[[120.45548,23.476384],[120.455438,23.476353],[120.455413,23.476364],[120.455372,23.476367],[120.455279,23.476359],[120.455271,23.476326],[120.455259,23.476315],[120.455152,23.476315],[120.455127,23.476346],[120.455054,23.476335],[120.454058,23.476246],[120.454055,23.476275],[120.453752,23.476249],[120.453756,23.47626],[120.453768,23.476266],[120.455274,23.476402],[120.455426,23.476411],[120.455456,23.476402],[120.45548,23.476384]]]}},{"type":"Feature","properties":{"id":"9870397722c9","NAME":"民族路","PSTART":"成仁街","PEND":"吳鳳北路","SW_DIRECT":"2","SW_LENG":83.35,"SW_WTH":1.9,"SWW_WTH":0.69,"SW_RAMP":0,"VILL_NAME":"東區"},"geometry":{"type":"Polygon","coordinates":[[[120.452618,23.476341],[120.453432,23.476416],[120.453432,23.476412],[120.453424,23.476397],[120.453373,23.476392],[120.452628,23.476324],[120.45262,23.47633],[120.452618,23.476341]]]}},{"type":"Feature","properties":{"id":"1a34707dbc70","NAME":"民族路","PSTART":"南門路","PEND":"文昌街","SW_DIRECT":"1","SW_LENG":60.76,"SW_WTH":1.79,"SWW_WTH":1.49,"SW_RAMP":2,"VILL_NAME":"東區"},"geometry":{"type":"Polygon","coordinates":[[[120.456562,23.476503],[120.456452,23.476496],[120.456431,23.47649],[120.456414,23.476478],[120.456364,23.476352],[120.456313,23.476273],[120.456252,23.476211],[120.456166,23.476151],[120.45616,23.476169],[120.45624,23.476223],[120.456281,23.476261],[120.456317,23.476307],[120.456355,23.476372],[120.456386,23.476462],[120.456399,23.476488],[120.456426,23.476505],[120.456458,23.476513],[120.456546,23.476518],[120.456556,23.476513],[120.456562,23.476503]]]}},{"type":"Feature","properties":{"id":"32a2ed36f99b","NAME":"民族路","PSTART":"吳鳳北路","PEND":"忠孝路","SW_DIRECT":"2","SW_LENG":98.08,"SW_WTH":2.16,"SWW_WTH":1.9,"SW_RAMP":0,"VILL_NAME":"東區"},"geometry":{"type":"Polygon","coordinates":[[[120.45374,23.476447],[120.454448,23.47651],[120.454704,23.476535],[120.454704,23.476524],[120.454684,23.476512],[120.45445,23.47649],[120.453762,23.476429],[120.453747,23.476434],[120.45374,23.476447]]]}},{"type":"Feature","properties":{"id":"d18cf6cea7e1","NAME":"民族路","PSTART":"文昌街","PEND":"和平路","SW_DIRECT":"1","SW_LENG":81.82,"SW_WTH":1.85,"SWW_WTH":0.55,"SW_RAMP":0,"VILL_NAME":"東區"},"geometry":{"type":"Polygon","coordinates":[[[120.457493,23.476593],[120.456874,23.47653],[120.456695,23.476514],[120.456701,23.476528],[120.456715,23.476535],[120.45749,23.476608],[120.457493,23.476593]]]}},{"type":"Feature","properties":{"id":"3acc91df5a3e","NAME":"民族路","PSTART":"和平路","PEND":"無名路","SW_DIRECT":"1","SW_LENG":14.97,"SW_WTH":1.73,"SWW_WTH":0.51,"SW_RAMP":0,"VILL_NAME":"東區"},"geometry":{"type":"Polygon","coordinates":[[[120.457827,23.476636],[120.457827,23.476621],[120.457679,23.476606],[120.457683,23.476618],[120.457694,23.476624],[120.457827,23.476636]]]}},{"type":"Feature","properties":{"id":"ed81fb6fd1d1","NAME":"小雅路","PSTART":"無名路","PEND":"小雅路 388巷","SW_DIRECT":"1","SW_LENG":81.32,"SW_WTH":2.14,"SWW_WTH":0.8,"SW_RAMP":1,"VILL_NAME":"東區"},"geometry":{"type":"Polygon","coordinates":[[[120.470281,23.476559],[120.470371,23.476448],[120.470467,23.476348],[120.470581,23.476259],[120.470718,23.476172],[120.470716,23.47617],[120.470706,23.476164],[120.470692,23.476165],[120.470609,23.476215],[120.470494,23.476299],[120.470423,23.476363],[120.470355,23.476433],[120.470271,23.476537],[120.470229,23.476599],[120.470172,23.476696],[120.470191,23.476705],[120.470281,23.476559]]]}},{"type":"Feature","properties":{"id":"53e9bddb3abd","NAME":"民族路","PSTART":"民族路141巷","PEND":"安和街","SW_DIRECT":"1","SW_LENG":43.7,"SW_WTH":1.85,"SWW_WTH":1.52,"SW_RAMP":0,"VILL_NAME":"東區"},"geometry":{"type":"Polygon","coordinates":[[[120.457858,23.47664],[120.458269,23.476677],[120.458282,23.476673],[120.458289,23.476663],[120.45786,23.476622],[120.457858,23.47664]]]}},{"type":"Feature","properties":{"id":"a1c383f916ed","NAME":"民族路","PSTART":"忠孝路","PEND":"光華路","SW_DIRECT":"2","SW_LENG":70.81,"SW_WTH":1.95,"SWW_WTH":0.7,"SW_RAMP":0,"VILL_NAME":"東區"},"geometry":{"type":"Polygon","coordinates":[[[120.455409,23.476579],[120.454878,23.476529],[120.454867,23.476533],[120.454861,23.476543],[120.455396,23.476593],[120.455438,23.476633],[120.455464,23.476708],[120.45547,23.476705],[120.455478,23.476691],[120.455458,23.476621],[120.455428,23.476589],[120.455409,23.476579]]]}},{"type":"Feature","properties":{"id":"8ea30b7b6f03","NAME":"雅竹路","PSTART":"潭頂路","PEND":"無名路","SW_DIRECT":"1","SW_LENG":216.4,"SW_WTH":3.25,"SWW_WTH":1.05,"SW_RAMP":9,"VILL_NAME":"東區"},"geometry":{"type":"Polygon","coordinates":[[[120.475742,23.476996],[120.475724,23.476992],[120.475564,23.476927],[120.47552,23.476908],[120.475522,23.476904],[120.475283,23.476802],[120.475277,23.476804],[120.474356,23.476367],[120.474358,23.476385],[120.474369,23.476398],[120.475358,23.476867],[120.475791,23.477045],[120.475926,23.477095],[120.476056,23.477136],[120.476172,23.477188],[120.476249,23.477231],[120.476262,23.477228],[120.476271,23.477214],[120.47618,23.477162],[120.476073,23.477114],[120.475935,23.47707],[120.475788,23.477017],[120.475742,23.476996]]]}},{"type":"Feature","properties":{"id":"aaba96f279a8","NAME":"雅竹路","PSTART":"大雅路419巷","PEND":"大雅路","SW_DIRECT":"2","SW_LENG":132.7,"SW_WTH":2.85,"SWW_WTH":1.34,"SW_RAMP":7,"VILL_NAME":"東區"},"geometry":{"type":"Polygon","coordinates":[[[120.474052,23.476443],[120.474038,23.476447],[120.47403,23.47646],[120.475185,23.477009],[120.475197,23.476987],[120.474052,23.476443]]]}},{"type":"Feature","properties":{"id":"e5857ac9d642","NAME":"民族路","PSTART":"安和街","PEND":"融和街","SW_DIRECT":"1","SW_LENG":97.35,"SW_WTH":1.91,"SWW_WTH":1.45,"SW_RAMP":0,"VILL_NAME":"東區"},"geometry":{"type":"Polygon","coordinates":[[[120.459395,23.476761],[120.459201,23.476743],[120.4592,23.476752],[120.459035,23.476734],[120.459035,23.476727],[120.458957,23.47672],[120.458955,23.476724],[120.458691,23.476699],[120.45869,23.476706],[120.458669,23.476704],[120.458669,23.476697],[120.458436,23.476678],[120.458443,23.476689],[120.458456,23.476695],[120.45919,23.47676],[120.459374,23.476776],[120.459387,23.476771],[120.459395,23.476761]]]}},{"type":"Feature","properties":{"id":"22e19beb3390","NAME":"民族路","PSTART":"文昌街","PEND":"和平路","SW_DIRECT":"2","SW_LENG":79.0,"SW_WTH":1.82,"SWW_WTH":1.6,"SW_RAMP":0,"VILL_NAME":"東區"},"geometry":{"type":"Polygon","coordinates":[[[120.456693,23.476712],[120.457238,23.476763],[120.457466,23.476785],[120.45746,23.476771],[120.457445,23.476764],[120.456695,23.476696],[120.456693,23.476712]]]}},{"type":"Feature","properties":{"id":"454712599f2a","NAME":"民族路","PSTART":"和平路","PEND":"民族路159巷","SW_DIRECT":"2","SW_LENG":21.15,"SW_WTH":2.38,"SWW_WTH":1.96,"SW_RAMP":0,"VILL_NAME":"東區"},"geometry":{"type":"Polygon","coordinates":[[[120.457862,23.476824],[120.457864,23.476803],[120.457727,23.47679],[120.457677,23.476786],[120.457659,23.476793],[120.457648,23.476804],[120.457862,23.476824]]]}},{"type":"Feature","properties":{"id":"eef1d79dfe2d","NAME":"民族路","PSTART":"民族路159巷","PEND":"安和街","SW_DIRECT":"2","SW_LENG":39.11,"SW_WTH":1.97,"SWW_WTH":0.92,"SW_RAMP":0,"VILL_NAME":"東區"},"geometry":{"type":"Polygon","coordinates":[[[120.458266,23.476858],[120.458266,23.476841],[120.457886,23.476805],[120.457883,23.476826],[120.458266,23.476858]]]}},{"type":"Feature","properties":{"id":"96cf09c2657a","NAME":"維新路","PSTART":"光彩街","PEND":"中正路","SW_DIRECT":"1","SW_LENG":67.6,"SW_WTH":2.75,"SWW_WTH":1.3,"SW_RAMP":2,"VILL_NAME":"東區"},"geometry":{"type":"Polygon","coordinates":[[[120.459226,23.479896],[120.459294,23.479425],[120.459314,23.479284],[120.459286,23.479291],[120.459283,23.4793],[120.459204,23.479872],[120.45921,23.479888],[120.459226,23.479896]]]}},{"type":"Feature","properties":{"id":"66ae225659e2","NAME":"大雅路一段","PSTART":"大雅路二段208巷","PEND":"無名路","SW_DIRECT":"2","SW_LENG":252.18,"SW_WTH":3.07,"SWW_WTH":1.7,"SW_RAMP":2,"VILL_NAME":"東區"},"geometry":{"type":"Polygon","coordinates":[[[120.478087,23.478809],[120.478071,23.478807],[120.478055,23.478819],[120.479104,23.479563],[120.479233,23.479646],[120.479463,23.479763],[120.47968,23.479852],[120.479754,23.479877],[120.479908,23.479921],[120.480065,23.479954],[120.480165,23.479971],[120.480159,23.479952],[120.480144,23.47994],[120.480038,23.479921],[120.479896,23.479889],[120.47966,23.479815],[120.479501,23.47975],[120.479295,23.479648],[120.479141,23.479556],[120.478087,23.478809]]]}},{"type":"Feature","properties":{"id":"fdd1950d9740","NAME":"大雅路一段","PSTART":"無名路","PEND":"幼獅路","SW_DIRECT":"2","SW_LENG":9.16,"SW_WTH":2.91,"SWW_WTH":2.59,"SW_RAMP":2,"VILL_NAME":"東區"},"geometry":{"type":"Polygon","coordinates":[[[120.480296,23.479987],[120.480292,23.479972],[120.480281,23.479959],[120.480218,23.479952],[120.480205,23.479962],[120.4802,23.479977],[120.480296,23.479987]]]}},{"type":"Feature","properties":{"id":"2cabe99af9bc","NAME":"公園街","PSTART":"啟明路","PEND":"中山路","SW_DIRECT":"2","SW_LENG":101.96,"SW_WTH":1.72,"SWW_WTH":1.32,"SW_RAMP":2,"VILL_NAME":"東區"},"geometry":{"type":"Polygon","coordinates":[[[120.463307,23.479793],[120.463305,23.479808],[120.463686,23.47986],[120.464293,23.479936],[120.464295,23.479922],[120.463307,23.479793]]]}},{"type":"Feature","properties":{"id":"5b6a7a40a393","NAME":"大雅路一段","PSTART":"幼獅路","PEND":"文雅街","SW_DIRECT":"2","SW_LENG":74.18,"SW_WTH":3.02,"SWW_WTH":1.51,"SW_RAMP":2,"VILL_NAME":"東區"},"geometry":{"type":"Polygon","coordinates":[[[120.481194,23.480074],[120.481189,23.480055],[120.481177,23.480046],[120.480486,23.47998],[120.480476,23.479983],[120.48047,23.479996],[120.480472,23.480006],[120.481194,23.480074]]]}},{"type":"Feature","properties":{"id":"2da0742eb1b9","NAME":"大雅路一段","PSTART":"民權東路","PEND":"無名路","SW_DIRECT":"1","SW_LENG":326.96,"SW_WTH":2.94,"SWW_WTH":1.5,"SW_RAMP":2,"VILL_NAME":"東區"},"geometry":{"type":"Polygon","coordinates":[[[120.484875,23.480164],[120.482722,23.479951],[120.482729,23.47997],[120.482748,23.47998],[120.48576,23.480275],[120.485897,23.480293],[120.485906,23.480284],[120.48591,23.480272],[120.48591,23.480269],[120.485751,23.480248],[120.485592,23.480231],[120.484875,23.480164]]]}},{"type":"Feature","properties":{"id":"279e99cae3f3","NAME":"大雅路一段","PSTART":"文雅街","PEND":"民權東路","SW_DIRECT":"2","SW_LENG":109.96,"SW_WTH":2.9,"SWW_WTH":1.43,"SW_RAMP":2,"VILL_NAME":"東區"},"geometry":{"type":"Polygon","coordinates":[[[120.482356,23.480161],[120.481287,23.480055],[120.48128,23.480084],[120.482352,23.480187],[120.482356,23.480161]]]}},{"type":"Feature","properties":{"id":"98ff5e785cd0","NAME":"公園街","PSTART":"中山路","PEND":"無名路","SW_DIRECT":"2","SW_LENG":155.21,"SW_WTH":1.57,"SWW_WTH":1.57,"SW_RAMP":2,"VILL_NAME":"東區"},"geometry":{"type":"Polygon","coordinates":[[[120.464408,23.479936],[120.464406,23.479951],[120.465453,23.480091],[120.465593,23.480126],[120.465907,23.480166],[120.465909,23.480151],[120.465599,23.480112],[120.465457,23.480076],[120.464408,23.479936]]]}},{"type":"Feature","properties":{"id":"16de28c22b6a","NAME":"公明路","PSTART":"和平路","PEND":"公明路109巷","SW_DIRECT":"1","SW_LENG":16.17,"SW_WTH":3.84,"SWW_WTH":3.43,"SW_RAMP":2,"VILL_NAME":"東區"},"geometry":{"type":"Polygon","coordinates":[[[120.457103,23.480216],[120.456939,23.480197],[120.456947,23.48022],[120.456969,23.480235],[120.457099,23.480251],[120.457103,23.480216]]]}},{"type":"Feature","properties":{"id":"43dc457e7f9e","NAME":"維新路","PSTART":"中正路","PEND":"公明路","SW_DIRECT":"2","SW_LENG":49.02,"SW_WTH":2.82,"SWW_WTH":1.65,"SW_RAMP":2,"VILL_NAME":"東區"},"geometry":{"type":"Polygon","coordinates":[[[120.458928,23.479955],[120.458865,23.480396],[120.458893,23.480399],[120.458952,23.479976],[120.458947,23.479962],[120.458928,23.479955]]]}},{"type":"Feature","properties":{"id":"7450111bb207","NAME":"大雅路一段","PSTART":"大雅路一段926巷","PEND":"無名路","SW_DIRECT":"2","SW_LENG":111.93,"SW_WTH":2.88,"SWW_WTH":1.44,"SW_RAMP":0,"VILL_NAME":"東區"},"geometry":{"type":"Polygon","coordinates":[[[120.482929,23.480244],[120.483447,23.480295],[120.484015,23.48035],[120.484017,23.480324],[120.482927,23.480218],[120.482929,23.480244]]]}},{"type":"Feature","properties":{"id":"678548c87dc6","NAME":"大雅路一段","PSTART":"無名路","PEND":"大雅路一段858巷","SW_DIRECT":"2","SW_LENG":50.98,"SW_WTH":2.91,"SWW_WTH":1.48,"SW_RAMP":0,"VILL_NAME":"東區"},"geometry":{"type":"Polygon","coordinates":[[[120.484048,23.480327],[120.484045,23.480354],[120.484544,23.480402],[120.484541,23.480385],[120.484527,23.480375],[120.484048,23.480327]]]}},{"type":"Feature","properties":{"id":"e4231987bf8f","NAME":"公明路","PSTART":"公明路109巷","PEND":"安和街","SW_DIRECT":"1","SW_LENG":70.88,"SW_WTH":3.86,"SWW_WTH":2.25,"SW_RAMP":2,"VILL_NAME":"東區"},"geometry":{"type":"Polygon","coordinates":[[[120.457132,23.48022],[120.457127,23.480254],[120.457789,23.480332],[120.457816,23.480319],[120.457822,23.480313],[120.457825,23.4803],[120.457132,23.48022]]]}},{"type":"Feature","properties":{"id":"af015aa75e2a","NAME":"維新路","PSTART":"中正路","PEND":"公明路","SW_DIRECT":"1","SW_LENG":52.92,"SW_WTH":2.9,"SWW_WTH":1.2,"SW_RAMP":2,"VILL_NAME":"東區"},"geometry":{"type":"Polygon","coordinates":[[[120.459126,23.480429],[120.459155,23.480432],[120.459215,23.480012],[120.459253,23.479984],[120.459246,23.479976],[120.459217,23.479998],[120.459199,23.479997],[120.459185,23.480006],[120.459126,23.480429]]]}},{"type":"Feature","properties":{"id":"7c68904848c1","NAME":"公明路","PSTART":"安和街","PEND":"維新路","SW_DIRECT":"1","SW_LENG":104.36,"SW_WTH":3.94,"SWW_WTH":1.29,"SW_RAMP":3,"VILL_NAME":"東區"},"geometry":{"type":"Polygon","coordinates":[[[120.458893,23.480399],[120.458865,23.480396],[120.458861,23.480423],[120.457899,23.480308],[120.457897,23.480318],[120.45791,23.480337],[120.457931,23.480348],[120.458837,23.480454],[120.458857,23.480451],[120.458874,23.480442],[120.458887,23.480422],[120.458893,23.480399]]]}},{"type":"Feature","properties":{"id":"55bad5cd76c7","NAME":"中山路","PSTART":"文化路","PEND":"興中街","SW_DIRECT":"1","SW_LENG":106.64,"SW_WTH":3.23,"SWW_WTH":1.77,"SW_RAMP":8,"VILL_NAME":"東區"},"geometry":{"type":"Polygon","coordinates":[[[120.450053,23.479998],[120.450051,23.480018],[120.45006,23.480034],[120.450115,23.480061],[120.450966,23.480432],[120.450991,23.48043],[120.451009,23.480418],[120.450355,23.480134],[120.450053,23.479998]]]}},{"type":"Feature","properties":{"id":"5d770c1cbbea","NAME":"公明路","PSTART":"維新路","PEND":"中正路50巷","SW_DIRECT":"1","SW_LENG":39.59,"SW_WTH":3.6,"SWW_WTH":2.1,"SW_RAMP":2,"VILL_NAME":"東區"},"geometry":{"type":"Polygon","coordinates":[[[120.459155,23.480432],[120.459126,23.480429],[120.459125,23.480441],[120.459136,23.480478],[120.459154,23.480491],[120.459483,23.480531],[120.459488,23.480495],[120.459152,23.480454],[120.459155,23.480432]]]}},{"type":"Feature","properties":{"id":"f98a46527c38","NAME":"吳鳳北路","PSTART":"公明路","PEND":"民樂街","SW_DIRECT":"2","SW_LENG":63.12,"SW_WTH":1.99,"SWW_WTH":0.66,"SW_RAMP":2,"VILL_NAME":"東區"},"geometry":{"type":"Polygon","coordinates":[[[120.453031,23.479959],[120.45295,23.480536],[120.452966,23.480524],[120.452976,23.480506],[120.453047,23.479979],[120.453043,23.479967],[120.453031,23.479959]]]}},{"type":"Feature","properties":{"id":"5aeedda9c8cf","NAME":"公明路","PSTART":"和平路","PEND":"安和街","SW_DIRECT":"2","SW_LENG":89.05,"SW_WTH":3.6,"SWW_WTH":2.6,"SW_RAMP":6,"VILL_NAME":"東區"},"geometry":{"type":"Polygon","coordinates":[[[120.457786,23.480568],[120.457786,23.480556],[120.457778,23.480546],[120.457746,23.480528],[120.457329,23.480478],[120.456952,23.480434],[120.45692,23.480445],[120.456906,23.480455],[120.456903,23.480464],[120.457786,23.480568]]]}},{"type":"Feature","properties":{"id":"02584d44e853","NAME":"大雅路一段","PSTART":"大雅路一段858巷","PEND":"無名路","SW_DIRECT":"2","SW_LENG":173.16,"SW_WTH":2.88,"SWW_WTH":0.7,"SW_RAMP":1,"VILL_NAME":"東區"},"geometry":{"type":"Polygon","coordinates":[[[120.484594,23.480407],[120.485706,23.480516],[120.486028,23.48056],[120.486227,23.480608],[120.486242,23.480618],[120.486255,23.480633],[120.486261,23.480648],[120.486261,23.480664],[120.486282,23.480592],[120.48606,23.480542],[120.485714,23.48049],[120.484618,23.480383],[120.484601,23.480393],[120.484594,23.480407]]]}},{"type":"Feature","properties":{"id":"bcbda28caece","NAME":"吳鳳北路","PSTART":"公明路","PEND":"民樂街","SW_DIRECT":"1","SW_LENG":64.0,"SW_WTH":2.1,"SWW_WTH":1.53,"SW_RAMP":5,"VILL_NAME":"東區"},"geometry":{"type":"Polygon","coordinates":[[[120.453168,23.48056],[120.453187,23.480548],[120.453171,23.480529],[120.453244,23.479984],[120.453228,23.479988],[120.453219,23.480002],[120.453148,23.480536],[120.453154,23.480551],[120.453168,23.48056]]]}},{"type":"Feature","properties":{"id":"a37417192bee","NAME":"公明路","PSTART":"中正路50巷","PEND":"民國路","SW_DIRECT":"1","SW_LENG":56.98,"SW_WTH":3.84,"SWW_WTH":2.11,"SW_RAMP":3,"VILL_NAME":"東區"},"geometry":{"type":"Polygon","coordinates":[[[120.45953,23.480536],[120.460058,23.480598],[120.460071,23.480596],[120.46008,23.48059],[120.460091,23.480576],[120.460092,23.480567],[120.459534,23.480502],[120.45953,23.480536]]]}},{"type":"Feature","properties":{"id":"b47c71b94eda","NAME":"公明路","PSTART":"安和街","PEND":"公明路134巷","SW_DIRECT":"2","SW_LENG":45.13,"SW_WTH":3.93,"SWW_WTH":2.27,"SW_RAMP":2,"VILL_NAME":"東區"},"geometry":{"type":"Polygon","coordinates":[[[120.458303,23.480629],[120.458306,23.480594],[120.458106,23.48057],[120.457897,23.480546],[120.45787,23.480557],[120.45786,23.480567],[120.457858,23.480577],[120.458303,23.480629]]]}},{"type":"Feature","properties":{"id":"0da96aef4caf","NAME":"中山路","PSTART":"文化路","PEND":"興中街","SW_DIRECT":"2","SW_LENG":150.82,"SW_WTH":3.62,"SWW_WTH":2.15,"SW_RAMP":11,"VILL_NAME":"東區"},"geometry":{"type":"Polygon","coordinates":[[[120.450953,23.480578],[120.449923,23.480126],[120.449817,23.480084],[120.44977,23.480086],[120.449724,23.480107],[120.449676,23.480118],[120.449644,23.480142],[120.449622,23.480178],[120.449625,23.480185],[120.449649,23.480167],[120.449729,23.480141],[120.449831,23.480123],[120.450966,23.48062],[120.450968,23.480617],[120.450969,23.480595],[120.450953,23.480578]]]}},{"type":"Feature","properties":{"id":"94812ced2b53","NAME":"公明路","PSTART":"民國路","PEND":"新生路","SW_DIRECT":"1","SW_LENG":101.15,"SW_WTH":4.42,"SWW_WTH":0.92,"SW_RAMP":2,"VILL_NAME":"東區"},"geometry":{"type":"Polygon","coordinates":[[[120.461201,23.480696],[120.460873,23.480659],[120.460871,23.48065],[120.460844,23.480646],[120.460845,23.480635],[120.46082,23.480632],[120.460821,23.480628],[120.460663,23.48061],[120.460642,23.480626],[120.460433,23.480602],[120.460432,23.480607],[120.460214,23.480581],[120.460212,23.480597],[120.460218,23.480612],[120.460232,23.480618],[120.461156,23.480727],[120.461188,23.480716],[120.461199,23.480706],[120.461201,23.480696]]]}},{"type":"Feature","properties":{"id":"5b40b69f0743","NAME":"公明路","PSTART":"公明路134巷","PEND":"維新路","SW_DIRECT":"2","SW_LENG":51.1,"SW_WTH":3.93,"SWW_WTH":2.47,"SW_RAMP":2,"VILL_NAME":"東區"},"geometry":{"type":"Polygon","coordinates":[[[120.458824,23.480656],[120.458329,23.480596],[120.458321,23.480631],[120.458819,23.48069],[120.458824,23.480656]]]}},{"type":"Feature","properties":{"id":"b9f6d1ea5c3d","NAME":"民樂街","PSTART":"吳鳳北路","PEND":"忠孝路","SW_DIRECT":"2","SW_LENG":96.7,"SW_WTH":1.53,"SWW_WTH":1.53,"SW_RAMP":2,"VILL_NAME":"東區"},"geometry":{"type":"Polygon","coordinates":[[[120.453674,23.4808],[120.453734,23.480751],[120.454082,23.480791],[120.454084,23.480777],[120.453722,23.480735],[120.453667,23.48078],[120.453585,23.480769],[120.453543,23.480714],[120.453193,23.480672],[120.453191,23.480687],[120.453528,23.480726],[120.453573,23.480788],[120.453674,23.4808]]]}},{"type":"Feature","properties":{"id":"90490deec431","NAME":"公明路","PSTART":"公明路110巷","PEND":"民國路","SW_DIRECT":"2","SW_LENG":63.41,"SW_WTH":3.8,"SWW_WTH":2.01,"SW_RAMP":2,"VILL_NAME":"東區"},"geometry":{"type":"Polygon","coordinates":[[[120.459429,23.48076],[120.460048,23.480832],[120.460045,23.480809],[120.460027,23.480795],[120.459435,23.480726],[120.459429,23.48076]]]}},{"type":"Feature","properties":{"id":"6957cb2e3dfb","NAME":"中山路","PSTART":"興中街","PEND":"成仁街","SW_DIRECT":"1","SW_LENG":86.25,"SW_WTH":3.56,"SWW_WTH":2.1,"SW_RAMP":6,"VILL_NAME":"東區"},"geometry":{"type":"Polygon","coordinates":[[[120.451925,23.480817],[120.451157,23.480481],[120.451154,23.480487],[120.451154,23.480507],[120.451168,23.480521],[120.451883,23.480834],[120.451908,23.480834],[120.451925,23.480817]]]}},{"type":"Feature","properties":{"id":"5ab629c858f5","NAME":"公明路","PSTART":"民國路","PEND":"公明路","SW_DIRECT":"2","SW_LENG":33.24,"SW_WTH":3.73,"SWW_WTH":1.02,"SW_RAMP":2,"VILL_NAME":"東區"},"geometry":{"type":"Polygon","coordinates":[[[120.460174,23.480847],[120.4605,23.480885],[120.460504,23.480852],[120.460203,23.480817],[120.460183,23.480825],[120.460174,23.480847]]]}},{"type":"Feature","properties":{"id":"1cd4c3b2a7fa","NAME":"維新路","PSTART":"公明路","PEND":"維新路57巷","SW_DIRECT":"2","SW_LENG":27.93,"SW_WTH":2.87,"SWW_WTH":1.4,"SW_RAMP":2,"VILL_NAME":"東區"},"geometry":{"type":"Polygon","coordinates":[[[120.458829,23.480657],[120.458814,23.480767],[120.458793,23.480917],[120.458813,23.480914],[120.458823,23.480903],[120.45885,23.480711],[120.458849,23.480676],[120.458841,23.480664],[120.458829,23.480657]]]}},{"type":"Feature","properties":{"id":"e104e91b436a","NAME":"公明路","PSTART":"公明路無尾巷","PEND":"新生路","SW_DIRECT":"2","SW_LENG":64.07,"SW_WTH":3.79,"SWW_WTH":1.97,"SW_RAMP":2,"VILL_NAME":"東區"},"geometry":{"type":"Polygon","coordinates":[[[120.461165,23.480964],[120.461162,23.480943],[120.461146,23.480927],[120.460545,23.480856],[120.460539,23.48089],[120.461165,23.480964]]]}},{"type":"Feature","properties":{"id":"b63525011611","NAME":"民樂街","PSTART":"忠孝路","PEND":"共和路","SW_DIRECT":"2","SW_LENG":105.83,"SW_WTH":1.9,"SWW_WTH":1.58,"SW_RAMP":2,"VILL_NAME":"東區"},"geometry":{"type":"Polygon","coordinates":[[[120.454249,23.480851],[120.454265,23.480853],[120.454308,23.480818],[120.455197,23.480927],[120.45523,23.480963],[120.455241,23.480964],[120.455243,23.48095],[120.455207,23.480909],[120.45429,23.480799],[120.454253,23.48083],[120.454249,23.480851]]]}},{"type":"Feature","properties":{"id":"e16515686833","NAME":"公明路","PSTART":"新生路","PEND":"啟明路","SW_DIRECT":"1","SW_LENG":211.4,"SW_WTH":3.97,"SWW_WTH":2.48,"SW_RAMP":4,"VILL_NAME":"東區"},"geometry":{"type":"Polygon","coordinates":[[[120.463454,23.480961],[120.461395,23.480719],[120.461393,23.480729],[120.461401,23.480747],[120.461418,23.480758],[120.463433,23.480994],[120.463448,23.480979],[120.463454,23.480961]]]}},{"type":"Feature","properties":{"id":"2dc0627b76a5","NAME":"公明路","PSTART":"新生路","PEND":"無名路","SW_DIRECT":"2","SW_LENG":17.24,"SW_WTH":3.84,"SWW_WTH":2.26,"SW_RAMP":2,"VILL_NAME":"東區"},"geometry":{"type":"Polygon","coordinates":[[[120.461358,23.480987],[120.461529,23.481007],[120.461533,23.480972],[120.461388,23.480956],[120.461367,23.480966],[120.461358,23.480987]]]}},{"type":"Feature","properties":{"id":"26f9fb805358","NAME":"公明路","PSTART":"無名路","PEND":"無名路","SW_DIRECT":"1","SW_LENG":32.96,"SW_WTH":3.6,"SWW_WTH":2.1,"SW_RAMP":2,"VILL_NAME":"東區"},"geometry":{"type":"Polygon","coordinates":[[[120.461561,23.48101],[120.461881,23.481048],[120.461885,23.481014],[120.461565,23.480976],[120.461561,23.48101]]]}},{"type":"Feature","properties":{"id":"bf6409a54aaa","NAME":"中山路","PSTART":"興中街","PEND":"成仁街","SW_DIRECT":"2","SW_LENG":88.19,"SW_WTH":3.74,"SWW_WTH":2.28,"SW_RAMP":8,"VILL_NAME":"東區"},"geometry":{"type":"Polygon","coordinates":[[[120.451092,23.480674],[120.451877,23.481018],[120.451881,23.481011],[120.451881,23.48099],[120.451866,23.480975],[120.451134,23.480656],[120.45111,23.480656],[120.451092,23.480674]]]}},{"type":"Feature","properties":{"id":"13aa9efbab4b","NAME":"大雅路","PSTART":"無名路","PEND":"無名路","SW_DIRECT":"1","SW_LENG":412.37,"SW_WTH":2.81,"SWW_WTH":1.29,"SW_RAMP":2,"VILL_NAME":"東區"},"geometry":{"type":"Polygon","coordinates":[[[120.486414,23.480399],[120.488429,23.480916],[120.48861,23.480957],[120.488888,23.481011],[120.489168,23.481055],[120.489906,23.481162],[120.489916,23.481137],[120.489172,23.48103],[120.488893,23.480986],[120.488616,23.480933],[120.488255,23.480846],[120.486427,23.480376],[120.48613,23.480307],[120.485992,23.480279],[120.48599,23.480284],[120.485991,23.480297],[120.485998,23.480308],[120.486121,23.480331],[120.486414,23.480399]]]}},{"type":"Feature","properties":{"id":"dfa5206b0604","NAME":"公明路","PSTART":"無名路","PEND":"無名路","SW_DIRECT":"2","SW_LENG":14.02,"SW_WTH":3.81,"SWW_WTH":3.49,"SW_RAMP":2,"VILL_NAME":"東區"},"geometry":{"type":"Polygon","coordinates":[[[120.461919,23.481052],[120.462058,23.481069],[120.46206,23.481034],[120.461924,23.481018],[120.461919,23.481052]]]}},{"type":"Feature","properties":{"id":"234446b5c0b0","NAME":"吳鳳北路","PSTART":"民樂街","PEND":"中山路","SW_DIRECT":"2","SW_LENG":54.09,"SW_WTH":2.01,"SWW_WTH":0.66,"SW_RAMP":10,"VILL_NAME":"東區"},"geometry":{"type":"Polygon","coordinates":[[[120.452828,23.481165],[120.452847,23.481168],[120.452899,23.480922],[120.452944,23.480701],[120.45294,23.48069],[120.45293,23.480681],[120.452828,23.481165]]]}},{"type":"Feature","properties":{"id":"fa8162f7a959","NAME":"公明路","PSTART":"公明路","PEND":"新生路","SW_DIRECT":"2","SW_LENG":64.07,"SW_WTH":3.79,"SWW_WTH":1.97,"SW_RAMP":2,"VILL_NAME":"東區"},"geometry":{"type":"Polygon","coordinates":[[[120.462092,23.481074],[120.462511,23.481123],[120.463478,23.481237],[120.463465,23.481215],[120.463446,23.481197],[120.462516,23.481087],[120.462097,23.481038],[120.462092,23.481074]]]}},{"type":"Feature","properties":{"id":"7fd99726847f","NAME":"中山路","PSTART":"成仁街","PEND":"吳鳳北路","SW_DIRECT":"2","SW_LENG":87.19,"SW_WTH":3.45,"SWW_WTH":1.98,"SW_RAMP":6,"VILL_NAME":"東區"},"geometry":{"type":"Polygon","coordinates":[[[120.452847,23.481168],[120.452828,23.481165],[120.452821,23.48116],[120.45277,23.481184],[120.452073,23.480883],[120.452074,23.480906],[120.452088,23.480923],[120.45274,23.481208],[120.452781,23.481216],[120.452809,23.481212],[120.452834,23.481194],[120.452847,23.481168]]]}},{"type":"Feature","properties":{"id":"38e852b17b1f","NAME":"維新路","PSTART":"維新路57巷","PEND":"民樂街","SW_DIRECT":"2","SW_LENG":29.72,"SW_WTH":2.86,"SWW_WTH":1.58,"SW_RAMP":2,"VILL_NAME":"東區"},"geometry":{"type":"Polygon","coordinates":[[[120.458786,23.480969],[120.458748,23.481238],[120.458769,23.481237],[120.458778,23.481228],[120.458811,23.480991],[120.45881,23.480977],[120.458786,23.480969]]]}},{"type":"Feature","properties":{"id":"55215cda461f","NAME":"中山路","PSTART":"成仁街","PEND":"中山路64巷","SW_DIRECT":"2","SW_LENG":40.12,"SW_WTH":3.65,"SWW_WTH":2.08,"SW_RAMP":4,"VILL_NAME":"東區"},"geometry":{"type":"Polygon","coordinates":[[[120.452013,23.481075],[120.452376,23.481235],[120.45238,23.481224],[120.452378,23.48121],[120.452359,23.48119],[120.452054,23.481058],[120.45203,23.48106],[120.452013,23.481075]]]}},{"type":"Feature","properties":{"id":"0e330b043fe6","NAME":"維新路","PSTART":"公明路","PEND":"民樂街","SW_DIRECT":"1","SW_LENG":58.19,"SW_WTH":2.84,"SWW_WTH":2.48,"SW_RAMP":2,"VILL_NAME":"東區"},"geometry":{"type":"Polygon","coordinates":[[[120.459013,23.481247],[120.459015,23.481261],[120.459043,23.481249],[120.459115,23.480733],[120.459131,23.480725],[120.459391,23.480755],[120.459394,23.480721],[120.459134,23.480691],[120.45911,23.480696],[120.459092,23.48071],[120.459085,23.480726],[120.459013,23.481247]]]}},{"type":"Feature","properties":{"id":"14be9aa0315b","NAME":"大雅路","PSTART":"無名路","PEND":"大雅街","SW_DIRECT":"2","SW_LENG":343.2,"SW_WTH":2.92,"SWW_WTH":1.23,"SW_RAMP":6,"VILL_NAME":"東區"},"geometry":{"type":"Polygon","coordinates":[[[120.488958,23.481247],[120.488636,23.481188],[120.488253,23.481099],[120.486382,23.480615],[120.486365,23.480672],[120.486385,23.480657],[120.48641,23.48065],[120.486808,23.480758],[120.488478,23.481182],[120.488776,23.481243],[120.488777,23.481238],[120.488939,23.48127],[120.489637,23.481372],[120.489639,23.48136],[120.489636,23.481349],[120.489626,23.481343],[120.488958,23.481247]]]}},{"type":"Feature","properties":{"id":"56314fcf86b5","NAME":"吳鳳北路","PSTART":"民樂街","PEND":"中山路","SW_DIRECT":"1","SW_LENG":70.3,"SW_WTH":3.65,"SWW_WTH":3.16,"SW_RAMP":2,"VILL_NAME":"東區"},"geometry":{"type":"Polygon","coordinates":[[[120.453159,23.480706],[120.453191,23.480687],[120.453193,23.480672],[120.453151,23.480694],[120.453133,23.480697],[120.453121,23.480707],[120.453015,23.481223],[120.453005,23.481245],[120.453001,23.481277],[120.453022,23.481279],[120.453038,23.481275],[120.453159,23.480706]]]}},{"type":"Feature","properties":{"id":"1b3f6706de64","NAME":"民權東路","PSTART":"大雅路","PEND":"文雅街","SW_DIRECT":"2","SW_LENG":145.06,"SW_WTH":2.34,"SWW_WTH":1.21,"SW_RAMP":2,"VILL_NAME":"東區"},"geometry":{"type":"Polygon","coordinates":[[[120.482356,23.480161],[120.482352,23.480187],[120.48238,23.480196],[120.482395,23.480209],[120.482408,23.480231],[120.482412,23.480254],[120.482216,23.481048],[120.48219,23.481129],[120.482157,23.481208],[120.482098,23.481322],[120.482053,23.481395],[120.482062,23.481398],[120.482072,23.481398],[120.482081,23.481392],[120.482124,23.481322],[120.482181,23.481212],[120.482212,23.481136],[120.482261,23.480971],[120.482435,23.480261],[120.482433,23.480228],[120.482421,23.480204],[120.482389,23.480175],[120.482365,23.480162],[120.482356,23.480161]]]}},{"type":"Feature","properties":{"id":"b54dff46fc45","NAME":"大雅路","PSTART":"大雅街","PEND":"大雅路630巷","SW_DIRECT":"2","SW_LENG":28.85,"SW_WTH":4.52,"SWW_WTH":1.33,"SW_RAMP":2,"VILL_NAME":"東區"},"geometry":{"type":"Polygon","coordinates":[[[120.490044,23.481456],[120.490035,23.481423],[120.490038,23.481406],[120.490008,23.481399],[120.489781,23.481365],[120.489763,23.481372],[120.489754,23.48139],[120.490044,23.481456]]]}},{"type":"Feature","properties":{"id":"7eca94c7a50a","NAME":"大雅路","PSTART":"大雅路630巷","PEND":"無名路","SW_DIRECT":"2","SW_LENG":67.47,"SW_WTH":2.87,"SWW_WTH":1.76,"SW_RAMP":2,"VILL_NAME":"東區"},"geometry":{"type":"Polygon","coordinates":[[[120.490744,23.481506],[120.490115,23.481415],[120.490106,23.481423],[120.490101,23.481438],[120.490762,23.481537],[120.490756,23.481521],[120.490744,23.481506]]]}},{"type":"Feature","properties":{"id":"d7a0c4051092","NAME":"忠孝路","PSTART":"民樂街","PEND":"中山路","SW_DIRECT":"1","SW_LENG":64.82,"SW_WTH":1.77,"SWW_WTH":1.46,"SW_RAMP":2,"VILL_NAME":"東區"},"geometry":{"type":"Polygon","coordinates":[[[120.454265,23.480853],[120.454249,23.480851],[120.454242,23.480889],[120.454166,23.481431],[120.454183,23.481433],[120.454265,23.480853]]]}},{"type":"Feature","properties":{"id":"7b18d8a8fb4b","NAME":"大雅路","PSTART":"無名路","PEND":"無名路","SW_DIRECT":"1","SW_LENG":428.17,"SW_WTH":3.04,"SWW_WTH":1.2,"SW_RAMP":2,"VILL_NAME":"東區"},"geometry":{"type":"Polygon","coordinates":[[[120.494124,23.481543],[120.492679,23.481493],[120.492425,23.481479],[120.492132,23.481456],[120.49149,23.481368],[120.489958,23.481144],[120.489967,23.481171],[120.491815,23.481442],[120.492124,23.481483],[120.492437,23.481508],[120.494113,23.481569],[120.494123,23.481568],[120.494124,23.481543]]]}},{"type":"Feature","properties":{"id":"c94e3b7e2c20","NAME":"忠孝路","PSTART":"民樂街","PEND":"中山路","SW_DIRECT":"2","SW_LENG":74.47,"SW_WTH":1.65,"SWW_WTH":1.65,"SW_RAMP":2,"VILL_NAME":"東區"},"geometry":{"type":"Polygon","coordinates":[[[120.454084,23.480777],[120.454082,23.480791],[120.454117,23.480834],[120.454033,23.481434],[120.454049,23.481436],[120.454134,23.48083],[120.454089,23.480778],[120.454084,23.480777]]]}},{"type":"Feature","properties":{"id":"6bb8f040013c","NAME":"中山路","PSTART":"中山路64巷","PEND":"吳鳳北路","SW_DIRECT":"2","SW_LENG":34.41,"SW_WTH":3.47,"SWW_WTH":3.15,"SW_RAMP":3,"VILL_NAME":"東區"},"geometry":{"type":"Polygon","coordinates":[[[120.452748,23.481434],[120.452768,23.481438],[120.452774,23.481408],[120.452769,23.48138],[120.45275,23.48136],[120.452533,23.481266],[120.452512,23.481266],[120.452497,23.481279],[120.452494,23.481284],[120.452724,23.481385],[120.452744,23.481406],[120.452748,23.481434]]]}},{"type":"Feature","properties":{"id":"109a35e2667f","NAME":"北榮街","PSTART":"文化路","PEND":"興中街","SW_DIRECT":"2","SW_LENG":115.46,"SW_WTH":6.98,"SWW_WTH":2.86,"SW_RAMP":2,"VILL_NAME":"東區"},"geometry":{"type":"Polygon","coordinates":[[[120.450438,23.481431],[120.45034,23.481242],[120.450285,23.481224],[120.450292,23.481269],[120.449714,23.481078],[120.449725,23.481043],[120.449481,23.480963],[120.449438,23.480986],[120.449386,23.481208],[120.449425,23.481221],[120.449482,23.481228],[120.449527,23.481225],[120.449571,23.481214],[120.449606,23.481199],[120.449643,23.481174],[120.449676,23.481141],[120.449703,23.481101],[120.450262,23.481283],[120.450412,23.481441],[120.450438,23.481431]]]}},{"type":"Feature","properties":{"id":"56b8831543bb","NAME":"中山路","PSTART":"吳鳳北路","PEND":"忠孝路","SW_DIRECT":"1","SW_LENG":111.73,"SW_WTH":4.84,"SWW_WTH":4.51,"SW_RAMP":2,"VILL_NAME":"東區"},"geometry":{"type":"Polygon","coordinates":[[[120.454047,23.481464],[120.454049,23.481436],[120.454033,23.481434],[120.453997,23.48146],[120.453836,23.481441],[120.453763,23.481371],[120.453747,23.481402],[120.453741,23.481402],[120.453734,23.481389],[120.453718,23.481404],[120.45371,23.481389],[120.453652,23.481351],[120.453644,23.481358],[120.453633,23.48136],[120.45359,23.481344],[120.453549,23.481336],[120.453507,23.481334],[120.453457,23.481339],[120.453446,23.481335],[120.45344,23.481325],[120.453384,23.481343],[120.453358,23.48136],[120.453358,23.481353],[120.45335,23.481343],[120.453338,23.481355],[120.453332,23.481354],[120.453333,23.481349],[120.453346,23.481342],[120.453328,23.481317],[120.453217,23.481369],[120.45306,23.4813],[120.453038,23.481275],[120.453022,23.481279],[120.453001,23.481277],[120.453002,23.4813],[120.453046,23.481342],[120.453204,23.481411],[120.453976,23.481503],[120.454017,23.481498],[120.454047,23.481464]]]}},{"type":"Feature","properties":{"id":"87985eeb742d","NAME":"中山路","PSTART":"忠孝路","PEND":"共和路","SW_DIRECT":"1","SW_LENG":105.29,"SW_WTH":6.45,"SWW_WTH":5.34,"SW_RAMP":10,"VILL_NAME":"東區"},"geometry":{"type":"Polygon","coordinates":[[[120.455153,23.481587],[120.455156,23.481563],[120.455144,23.481562],[120.455107,23.481579],[120.454209,23.481471],[120.454183,23.481433],[120.454166,23.481431],[120.454163,23.481453],[120.454194,23.481497],[120.45419,23.481496],[120.454195,23.481511],[120.454208,23.481525],[120.454225,23.481533],[120.455091,23.481636],[120.455112,23.481629],[120.455129,23.481597],[120.455153,23.481587]]]}},{"type":"Feature","properties":{"id":"08297572b0a9","NAME":"共和路","PSTART":"民樂街","PEND":"中山路","SW_DIRECT":"1","SW_LENG":66.88,"SW_WTH":1.17,"SWW_WTH":1.17,"SW_RAMP":0,"VILL_NAME":"東區"},"geometry":{"type":"Polygon","coordinates":[[[120.455241,23.480964],[120.45523,23.480963],[120.455144,23.481562],[120.455156,23.481563],[120.455241,23.480964]]]}},{"type":"Feature","properties":{"id":"031f91c297f6","NAME":"民權東路","PSTART":"大雅路","PEND":"文雅街","SW_DIRECT":"2","SW_LENG":185.5,"SW_WTH":2.47,"SWW_WTH":1.29,"SW_RAMP":2,"VILL_NAME":"東區"},"geometry":{"type":"Polygon","coordinates":[[[120.482274,23.481637],[120.482254,23.481623],[120.482236,23.481602],[120.48223,23.481579],[120.482232,23.481555],[120.482298,23.481457],[120.48235,23.481365],[120.482396,23.481269],[120.482445,23.481139],[120.482468,23.481056],[120.482658,23.480274],[120.482676,23.480246],[120.482708,23.480227],[120.482742,23.480221],[120.482845,23.480236],[120.482849,23.48022],[120.482843,23.48021],[120.482741,23.480199],[120.482708,23.480204],[120.482682,23.480214],[120.482662,23.480228],[120.482649,23.480242],[120.482636,23.480266],[120.482444,23.481054],[120.482422,23.481135],[120.482374,23.481261],[120.482329,23.481355],[120.482278,23.481446],[120.482206,23.481552],[120.482213,23.481608],[120.482232,23.481643],[120.482254,23.481663],[120.482274,23.481637]]]}},{"type":"Feature","properties":{"id":"9c4e45e5b246","NAME":"大雅路","PSTART":"無名路","PEND":"無名路","SW_DIRECT":"2","SW_LENG":195.46,"SW_WTH":3.35,"SWW_WTH":2.16,"SW_RAMP":2,"VILL_NAME":"東區"},"geometry":{"type":"Polygon","coordinates":[[[120.492723,23.48176],[120.492722,23.481735],[120.492315,23.481714],[120.491994,23.481685],[120.490828,23.481518],[120.490823,23.481545],[120.491869,23.481699],[120.492228,23.481734],[120.492723,23.48176]]]}},{"type":"Feature","properties":{"id":"f55c70459fbd","NAME":"大雅路","PSTART":"無名路","PEND":"無名路","SW_DIRECT":"2","SW_LENG":128.71,"SW_WTH":3.0,"SWW_WTH":1.75,"SW_RAMP":2,"VILL_NAME":"東區"},"geometry":{"type":"Polygon","coordinates":[[[120.492847,23.481768],[120.494109,23.481816],[120.494113,23.481794],[120.494111,23.48179],[120.494103,23.481789],[120.493924,23.481781],[120.492867,23.48174],[120.492854,23.481751],[120.492847,23.481768]]]}},{"type":"Feature","properties":{"id":"7287e239daed","NAME":"中山路","PSTART":"吳鳳北路","PEND":"忠孝路","SW_DIRECT":"2","SW_LENG":116.52,"SW_WTH":3.49,"SWW_WTH":2.14,"SW_RAMP":6,"VILL_NAME":"東區"},"geometry":{"type":"Polygon","coordinates":[[[120.452922,23.481535],[120.452942,23.481539],[120.45302,23.481513],[120.453151,23.481569],[120.45315,23.481572],[120.45398,23.481671],[120.453977,23.481688],[120.454013,23.481692],[120.454016,23.481676],[120.454003,23.481651],[120.453978,23.48164],[120.453169,23.481544],[120.453058,23.481495],[120.453027,23.481487],[120.453,23.481486],[120.452968,23.481496],[120.452943,23.481511],[120.452922,23.481535]]]}},{"type":"Feature","properties":{"id":"a77c22315235","NAME":"中山路","PSTART":"共和路","PEND":"和平路","SW_DIRECT":"1","SW_LENG":86.99,"SW_WTH":3.58,"SWW_WTH":1.43,"SW_RAMP":7,"VILL_NAME":"東區"},"geometry":{"type":"Polygon","coordinates":[[[120.456121,23.481726],[120.455453,23.481649],[120.455264,23.481626],[120.455275,23.481647],[120.455294,23.481661],[120.455833,23.481725],[120.456092,23.481755],[120.456113,23.481746],[120.456121,23.481726]]]}},{"type":"Feature","properties":{"id":"6b08dce7b767","NAME":"中山路","PSTART":"忠孝路","PEND":"共和路","SW_DIRECT":"2","SW_LENG":92.73,"SW_WTH":3.61,"SWW_WTH":1.95,"SW_RAMP":7,"VILL_NAME":"東區"},"geometry":{"type":"Polygon","coordinates":[[[120.454183,23.481698],[120.455086,23.481804],[120.455087,23.481799],[120.455081,23.48178],[120.455062,23.481769],[120.454187,23.481665],[120.454183,23.481698]]]}},{"type":"Feature","properties":{"id":"b5a71ddfab65","NAME":"民權東路","PSTART":"幼獅路","PEND":"文雅街","SW_DIRECT":"2","SW_LENG":73.93,"SW_WTH":2.12,"SWW_WTH":0.89,"SW_RAMP":2,"VILL_NAME":"東區"},"geometry":{"type":"Polygon","coordinates":[[[120.481406,23.481915],[120.481415,23.481925],[120.481429,23.481926],[120.48151,23.48189],[120.481611,23.481836],[120.48171,23.481773],[120.481809,23.481697],[120.481872,23.481641],[120.481973,23.481537],[120.481977,23.481528],[120.481976,23.481517],[120.481969,23.481513],[120.481807,23.481672],[120.4817,23.481755],[120.481567,23.481839],[120.481438,23.481904],[120.481431,23.481903],[120.481406,23.481915]]]}},{"type":"Feature","properties":{"id":"f421db18586d","NAME":"中山路","PSTART":"和平路","PEND":"安和街","SW_DIRECT":"1","SW_LENG":124.59,"SW_WTH":3.44,"SWW_WTH":1.07,"SW_RAMP":10,"VILL_NAME":"東區"},"geometry":{"type":"Polygon","coordinates":[[[120.457557,23.481897],[120.45633,23.481752],[120.456334,23.481772],[120.456352,23.481786],[120.457156,23.481881],[120.457511,23.481922],[120.457538,23.481916],[120.457557,23.481897]]]}},{"type":"Feature","properties":{"id":"3c00ced044d1","NAME":"中山路","PSTART":"共和路","PEND":"和平路","SW_DIRECT":"2","SW_LENG":86.55,"SW_WTH":3.37,"SWW_WTH":1.52,"SW_RAMP":7,"VILL_NAME":"東區"},"geometry":{"type":"Polygon","coordinates":[[[120.455234,23.481821],[120.456081,23.481921],[120.456082,23.481915],[120.456077,23.481897],[120.456061,23.481888],[120.455261,23.481793],[120.455244,23.481803],[120.455234,23.481821]]]}},{"type":"Feature","properties":{"id":"ca869bd4c034","NAME":"維新路","PSTART":"民樂街","PEND":"中山路","SW_DIRECT":"1","SW_LENG":70.91,"SW_WTH":2.96,"SWW_WTH":1.2,"SW_RAMP":2,"VILL_NAME":"東區"},"geometry":{"type":"Polygon","coordinates":[[[120.458735,23.481336],[120.45869,23.481659],[120.458647,23.481971],[120.458668,23.48197],[120.458677,23.48196],[120.45876,23.481352],[120.458749,23.481341],[120.458735,23.481336]]]}},{"type":"Feature","properties":{"id":"2e57ffa30dc9","NAME":"維新路","PSTART":"民樂街","PEND":"中山路","SW_DIRECT":"2","SW_LENG":70.38,"SW_WTH":2.83,"SWW_WTH":1.79,"SW_RAMP":2,"VILL_NAME":"東區"},"geometry":{"type":"Polygon","coordinates":[[[120.458908,23.482009],[120.458937,23.482013],[120.459024,23.481376],[120.459003,23.481377],[120.458993,23.48139],[120.458908,23.482009]]]}},{"type":"Feature","properties":{"id":"382ab173abe9","NAME":"吳鳳北路","PSTART":"中山路","PEND":"北榮街","SW_DIRECT":"2","SW_LENG":63.68,"SW_WTH":2.95,"SWW_WTH":0.56,"SW_RAMP":4,"VILL_NAME":"東區"},"geometry":{"type":"Polygon","coordinates":[[[120.452768,23.481438],[120.452748,23.481434],[120.452638,23.481829],[120.452589,23.481987],[120.452594,23.481992],[120.452606,23.48199],[120.452613,23.481982],[120.452768,23.481438]]]}},{"type":"Feature","properties":{"id":"f5cc9b3b73e7","NAME":"中山路","PSTART":"安和街","PEND":"維新路","SW_DIRECT":"1","SW_LENG":88.62,"SW_WTH":3.38,"SWW_WTH":1.57,"SW_RAMP":6,"VILL_NAME":"東區"},"geometry":{"type":"Polygon","coordinates":[[[120.458592,23.482019],[120.458446,23.482002],[120.457721,23.481916],[120.457731,23.481938],[120.457749,23.48195],[120.458442,23.482032],[120.458572,23.482046],[120.458585,23.482037],[120.458592,23.482019]]]}},{"type":"Feature","properties":{"id":"25d4ec7e5fba","NAME":"文化路","PSTART":"北榮街","PEND":"民權路","SW_DIRECT":"1","SW_LENG":93.81,"SW_WTH":10.98,"SWW_WTH":4.97,"SW_RAMP":0,"VILL_NAME":"東區"},"geometry":{"type":"Polygon","coordinates":[[[120.44949,23.481228],[120.449432,23.481222],[120.449275,23.481899],[120.44923,23.48188],[120.449224,23.481906],[120.449268,23.481927],[120.449239,23.482052],[120.449298,23.482062],[120.44949,23.481228]]]}},{"type":"Feature","properties":{"id":"1f973816c5ed","NAME":"中山路","PSTART":"和平路","PEND":"安和街","SW_DIRECT":"2","SW_LENG":130.05,"SW_WTH":3.52,"SWW_WTH":1.5,"SW_RAMP":8,"VILL_NAME":"東區"},"geometry":{"type":"Polygon","coordinates":[[[120.456261,23.481942],[120.457529,23.482095],[120.457521,23.48207],[120.457495,23.482057],[120.456296,23.481915],[120.456274,23.481924],[120.456261,23.481942]]]}},{"type":"Feature","properties":{"id":"832c031590e3","NAME":"民權東路","PSTART":"民權東路","PEND":"文雅街","SW_DIRECT":"2","SW_LENG":205.28,"SW_WTH":2.2,"SWW_WTH":1.05,"SW_RAMP":2,"VILL_NAME":"東區"},"geometry":{"type":"Polygon","coordinates":[[[120.482081,23.481735],[120.482069,23.481724],[120.482061,23.481727],[120.481965,23.481815],[120.481888,23.481876],[120.481782,23.481952],[120.481699,23.482002],[120.48061,23.482508],[120.480503,23.482565],[120.480365,23.48265],[120.480356,23.482665],[120.480361,23.48268],[120.480515,23.482584],[120.480609,23.482533],[120.481556,23.482095],[120.481711,23.482019],[120.481794,23.481968],[120.481902,23.481892],[120.48198,23.481829],[120.482081,23.481735]]]}},{"type":"Feature","properties":{"id":"24f8a72bf704","NAME":"吳鳳北路","PSTART":"中山路","PEND":"民權路","SW_DIRECT":"1","SW_LENG":139.3,"SW_WTH":3.48,"SWW_WTH":1.78,"SW_RAMP":8,"VILL_NAME":"東區"},"geometry":{"type":"Polygon","coordinates":[[[120.452659,23.482578],[120.452766,23.482209],[120.452776,23.48221],[120.452794,23.482151],[120.452783,23.482146],[120.452922,23.481658],[120.452918,23.481657],[120.452939,23.481583],[120.452931,23.481581],[120.452942,23.481539],[120.452922,23.481535],[120.452623,23.48258],[120.452628,23.482619],[120.452664,23.48268],[120.452682,23.482736],[120.452691,23.482746],[120.452705,23.48275],[120.452714,23.482716],[120.452707,23.482683],[120.452689,23.482643],[120.452679,23.482637],[120.452664,23.482613],[120.452658,23.482595],[120.452659,23.482578]]]}},{"type":"Feature","properties":{"id":"9141b15f9910","NAME":"中山路","PSTART":"安和街","PEND":"維新路","SW_DIRECT":"2","SW_LENG":102.35,"SW_WTH":7.65,"SWW_WTH":2.1,"SW_RAMP":9,"VILL_NAME":"東區"},"geometry":{"type":"Polygon","coordinates":[[[120.458361,23.482262],[120.458367,23.482219],[120.45863,23.482253],[120.458639,23.482247],[120.458642,23.482237],[120.458632,23.482224],[120.458569,23.482216],[120.458569,23.482195],[120.458552,23.482183],[120.45855,23.482195],[120.458515,23.482191],[120.458514,23.482193],[120.458372,23.482174],[120.458374,23.482161],[120.458308,23.482154],[120.458308,23.482159],[120.458292,23.482157],[120.458292,23.482152],[120.458285,23.482151],[120.458282,23.482163],[120.458253,23.48216],[120.458255,23.482147],[120.458139,23.482134],[120.458137,23.482146],[120.457967,23.482126],[120.457968,23.482113],[120.457854,23.482101],[120.457851,23.482113],[120.457717,23.482098],[120.457718,23.482085],[120.457706,23.482083],[120.457686,23.48209],[120.457677,23.48211],[120.457658,23.482107],[120.457648,23.482116],[120.457645,23.482141],[120.457722,23.482151],[120.457717,23.482185],[120.457758,23.48219],[120.45776,23.482174],[120.457816,23.482181],[120.457814,23.482196],[120.458005,23.482219],[120.458022,23.48221],[120.458042,23.482209],[120.458061,23.482215],[120.458075,23.482227],[120.458268,23.48225],[120.45827,23.482236],[120.458323,23.482243],[120.458321,23.482257],[120.458361,23.482262]]]}},{"type":"Feature","properties":{"id":"7fbca02dbca8","NAME":"中山路","PSTART":"維新路","PEND":"民國路","SW_DIRECT":"1","SW_LENG":96.67,"SW_WTH":3.43,"SWW_WTH":1.42,"SW_RAMP":6,"VILL_NAME":"東區"},"geometry":{"type":"Polygon","coordinates":[[[120.458972,23.482063],[120.458945,23.48204],[120.458936,23.482021],[120.458937,23.482013],[120.458908,23.482009],[120.45891,23.482032],[120.458921,23.482054],[120.458939,23.482072],[120.458972,23.482095],[120.459799,23.482194],[120.459822,23.482185],[120.459831,23.482166],[120.458972,23.482063]]]}},{"type":"Feature","properties":{"id":"2f7501ec10f4","NAME":"忠孝路","PSTART":"中山路","PEND":"安樂街","SW_DIRECT":"1","SW_LENG":38.01,"SW_WTH":3.38,"SWW_WTH":2.07,"SW_RAMP":2,"VILL_NAME":"東區"},"geometry":{"type":"Polygon","coordinates":[[[120.454138,23.481885],[120.454105,23.481881],[120.454059,23.482213],[120.454089,23.482234],[120.454138,23.481885]]]}},{"type":"Feature","properties":{"id":"7a4d357b5b3e","NAME":"文雅街","PSTART":"民權東路","PEND":"盧義路","SW_DIRECT":"1","SW_LENG":127.67,"SW_WTH":3.43,"SWW_WTH":2.46,"SW_RAMP":2,"VILL_NAME":"東區"},"geometry":{"type":"Polygon","coordinates":[[[120.482274,23.481637],[120.482254,23.481663],[120.482324,23.481711],[120.48233,23.481704],[120.482376,23.481736],[120.48237,23.481743],[120.482412,23.481772],[120.482417,23.481765],[120.482526,23.48184],[120.48252,23.481847],[120.482571,23.481882],[120.482577,23.481875],[120.483163,23.48228],[120.483157,23.482287],[120.483233,23.48234],[120.483257,23.482343],[120.483276,23.482331],[120.482274,23.481637]]]}},{"type":"Feature","properties":{"id":"6f510e23aa99","NAME":"民權路","PSTART":"文化路","PEND":"興中街","SW_DIRECT":"1","SW_LENG":100.85,"SW_WTH":7.87,"SWW_WTH":1.61,"SW_RAMP":2,"VILL_NAME":"東區"},"geometry":{"type":"Polygon","coordinates":[[[120.450151,23.482263],[120.450127,23.482199],[120.449968,23.482187],[120.449192,23.482044],[120.449182,23.482085],[120.449204,23.482117],[120.449276,23.482131],[120.449285,23.482088],[120.449828,23.48219],[120.449829,23.482178],[120.44984,23.482178],[120.44983,23.482199],[120.449814,23.482213],[120.449794,23.482221],[120.449772,23.482222],[120.450107,23.482286],[120.450151,23.482263]]]}},{"type":"Feature","properties":{"id":"963cbde6ec00","NAME":"興中街","PSTART":"北榮街","PEND":"民權路","SW_DIRECT":"2","SW_LENG":92.35,"SW_WTH":6.93,"SWW_WTH":3.2,"SW_RAMP":1,"VILL_NAME":"東區"},"geometry":{"type":"Polygon","coordinates":[[[120.450438,23.481431],[120.450412,23.481441],[120.45036,23.481681],[120.45025,23.48194],[120.450218,23.482033],[120.450127,23.482199],[120.450151,23.482263],[120.450305,23.481965],[120.45029,23.481958],[120.4504,23.481699],[120.450435,23.481713],[120.450455,23.481676],[120.450438,23.481668],[120.450433,23.481658],[120.450438,23.481431]]]}},{"type":"Feature","properties":{"id":"83677161074e","NAME":"中山路","PSTART":"民國路","PEND":"新生路","SW_DIRECT":"1","SW_LENG":94.26,"SW_WTH":3.5,"SWW_WTH":1.08,"SW_RAMP":6,"VILL_NAME":"東區"},"geometry":{"type":"Polygon","coordinates":[[[120.460039,23.482224],[120.460912,23.482327],[120.460931,23.482318],[120.460938,23.482298],[120.460017,23.482189],[120.460021,23.48221],[120.460039,23.482224]]]}},{"type":"Feature","properties":{"id":"d5ab635038fb","NAME":"中山路","PSTART":"維新路","PEND":"民國路","SW_DIRECT":"2","SW_LENG":89.08,"SW_WTH":3.43,"SWW_WTH":2.92,"SW_RAMP":6,"VILL_NAME":"東區"},"geometry":{"type":"Polygon","coordinates":[[[120.45896,23.482231],[120.458943,23.482239],[120.458937,23.48226],[120.459803,23.482364],[120.459804,23.48236],[120.459798,23.482338],[120.45978,23.482329],[120.45896,23.482231]]]}},{"type":"Feature","properties":{"id":"3855cc41e999","NAME":"吳鳳北路","PSTART":"北榮街","PEND":"北榮街4巷","SW_DIRECT":"2","SW_LENG":31.56,"SW_WTH":1.92,"SWW_WTH":0.71,"SW_RAMP":1,"VILL_NAME":"東區"},"geometry":{"type":"Polygon","coordinates":[[[120.452473,23.482404],[120.452487,23.482402],[120.452495,23.482393],[120.452562,23.48216],[120.452566,23.482133],[120.452552,23.482122],[120.452473,23.482404]]]}},{"type":"Feature","properties":{"id":"4042816ef9bd","NAME":"中山路","PSTART":"新生路","PEND":"啟明路","SW_DIRECT":"1","SW_LENG":212.96,"SW_WTH":6.95,"SWW_WTH":1.59,"SW_RAMP":5,"VILL_NAME":"東區"},"geometry":{"type":"Polygon","coordinates":[[[120.462233,23.482452],[120.462225,23.482419],[120.462031,23.482397],[120.462007,23.482426],[120.461207,23.482329],[120.461215,23.482353],[120.461234,23.482365],[120.463243,23.482604],[120.463268,23.482594],[120.463275,23.482577],[120.462233,23.482452]]]}},{"type":"Feature","properties":{"id":"6059bdbfe44c","NAME":"中山路","PSTART":"民國路","PEND":"新生路","SW_DIRECT":"2","SW_LENG":95.16,"SW_WTH":3.57,"SWW_WTH":1.65,"SW_RAMP":6,"VILL_NAME":"東區"},"geometry":{"type":"Polygon","coordinates":[[[120.459985,23.482385],[120.46091,23.482496],[120.460911,23.482487],[120.460903,23.48247],[120.460884,23.482461],[120.460017,23.482357],[120.459996,23.482364],[120.459985,23.482385]]]}},{"type":"Feature","properties":{"id":"8aad8bb4c051","NAME":"維新路","PSTART":"中山路","PEND":"安樂街","SW_DIRECT":"2","SW_LENG":52.8,"SW_WTH":3.13,"SWW_WTH":1.74,"SW_RAMP":4,"VILL_NAME":"東區"},"geometry":{"type":"Polygon","coordinates":[[[120.458615,23.48227],[120.458603,23.482269],[120.458536,23.482742],[120.458555,23.482739],[120.458571,23.482725],[120.458631,23.482298],[120.458629,23.482281],[120.458615,23.48227]]]}},{"type":"Feature","properties":{"id":"144f2fafaad8","NAME":"文雅街","PSTART":"盧義路","PEND":"民權東路","SW_DIRECT":"1","SW_LENG":129.57,"SW_WTH":3.32,"SWW_WTH":2.47,"SW_RAMP":2,"VILL_NAME":"東區"},"geometry":{"type":"Polygon","coordinates":[[[120.483162,23.482621],[120.483197,23.482622],[120.483197,23.482534],[120.483189,23.482502],[120.483174,23.482472],[120.483151,23.482439],[120.483127,23.482415],[120.483089,23.482387],[120.483082,23.482394],[120.482903,23.48227],[120.482909,23.482263],[120.482869,23.482236],[120.482864,23.482243],[120.482347,23.481886],[120.482326,23.481871],[120.482331,23.481864],[120.482317,23.481854],[120.482293,23.48185],[120.482272,23.481862],[120.483108,23.48244],[120.483136,23.482471],[120.483154,23.482508],[120.483163,23.482555],[120.483162,23.482621]]]}},{"type":"Feature","properties":{"id":"bc98cf159880","NAME":"中山路","PSTART":"新生路","PEND":"中山路36巷","SW_DIRECT":"2","SW_LENG":38.27,"SW_WTH":3.41,"SWW_WTH":2.0,"SW_RAMP":2,"VILL_NAME":"東區"},"geometry":{"type":"Polygon","coordinates":[[[120.461571,23.482572],[120.461571,23.482552],[120.461557,23.482541],[120.461241,23.482502],[120.461213,23.482506],[120.461202,23.482516],[120.461197,23.482528],[120.461571,23.482572]]]}},{"type":"Feature","properties":{"id":"d459f615bffa","NAME":"啟明路","PSTART":"公園街","PEND":"中山路","SW_DIRECT":"1","SW_LENG":332.39,"SW_WTH":1.49,"SWW_WTH":1.31,"SW_RAMP":3,"VILL_NAME":"東區"},"geometry":{"type":"Polygon","coordinates":[[[120.463659,23.482556],[120.463638,23.482542],[120.463523,23.482394],[120.463503,23.482357],[120.463508,23.482347],[120.463506,23.482338],[120.463661,23.481211],[120.463674,23.48098],[120.463185,23.479902],[120.463178,23.479878],[120.463179,23.47986],[120.463186,23.479844],[120.463206,23.479825],[120.463245,23.479806],[120.463305,23.479808],[120.463307,23.479793],[120.463246,23.47979],[120.463212,23.479803],[120.463182,23.479824],[120.463165,23.479846],[120.463152,23.479877],[120.46364,23.480944],[120.463654,23.480994],[120.463648,23.481198],[120.463485,23.482382],[120.463648,23.482588],[120.463659,23.482556]]]}},{"type":"Feature","properties":{"id":"2fecc724833e","NAME":"中山路","PSTART":"啟明路","PEND":"中山路","SW_DIRECT":"1","SW_LENG":42.99,"SW_WTH":2.53,"SWW_WTH":2.53,"SW_RAMP":2,"VILL_NAME":"東區"},"geometry":{"type":"Polygon","coordinates":[[[120.463659,23.482556],[120.463648,23.482588],[120.464061,23.482628],[120.464078,23.482607],[120.463706,23.482567],[120.463659,23.482556]]]}},{"type":"Feature","properties":{"id":"870a4029c505","NAME":"中山路","PSTART":"中山路36巷","PEND":"維忠街","SW_DIRECT":"2","SW_LENG":53.63,"SW_WTH":3.42,"SWW_WTH":1.63,"SW_RAMP":5,"VILL_NAME":"東區"},"geometry":{"type":"Polygon","coordinates":[[[120.461615,23.482557],[120.461609,23.482578],[120.462133,23.482641],[120.462129,23.482618],[120.462107,23.482607],[120.461638,23.482551],[120.461615,23.482557]]]}},{"type":"Feature","properties":{"id":"478f8fcdcc2f","NAME":"中山路","PSTART":"公園街","PEND":"中山路","SW_DIRECT":"1","SW_LENG":34.59,"SW_WTH":1.47,"SWW_WTH":0.87,"SW_RAMP":0,"VILL_NAME":"東區"},"geometry":{"type":"Polygon","coordinates":[[[120.464276,23.482659],[120.464287,23.482653],[120.464223,23.482605],[120.464218,23.482596],[120.464245,23.482374],[120.464233,23.482377],[120.464228,23.482383],[120.464203,23.482605],[120.464276,23.482659]]]}},{"type":"Feature","properties":{"id":"94eb5e039693","NAME":"吳鳳北路","PSTART":"北榮街4巷","PEND":"民權路","SW_DIRECT":"2","SW_LENG":42.58,"SW_WTH":2.09,"SWW_WTH":2.06,"SW_RAMP":4,"VILL_NAME":"東區"},"geometry":{"type":"Polygon","coordinates":[[[120.452149,23.482651],[120.45216,23.482658],[120.452173,23.482656],[120.452219,23.482603],[120.452255,23.482575],[120.452323,23.482541],[120.452414,23.482529],[120.452439,23.482519],[120.452464,23.482494],[120.452473,23.482473],[120.452475,23.482448],[120.45246,23.482441],[120.452446,23.482487],[120.45243,23.482503],[120.452336,23.482519],[120.452277,23.482542],[120.452243,23.482561],[120.452195,23.482597],[120.452159,23.482644],[120.452149,23.482651]]]}},{"type":"Feature","properties":{"id":"136cc39fe137","NAME":"維新路","PSTART":"中山路","PEND":"安樂街","SW_DIRECT":"1","SW_LENG":52.98,"SW_WTH":2.9,"SWW_WTH":2.58,"SW_RAMP":2,"VILL_NAME":"東區"},"geometry":{"type":"Polygon","coordinates":[[[120.45883,23.482776],[120.458895,23.482302],[120.458869,23.482301],[120.458865,23.482309],[120.458804,23.482757],[120.458806,23.482766],[120.45883,23.482776]]]}},{"type":"Feature","properties":{"id":"0a9d15cf851f","NAME":"中山路","PSTART":"維忠街","PEND":"啟明路","SW_DIRECT":"2","SW_LENG":97.77,"SW_WTH":3.47,"SWW_WTH":1.1,"SW_RAMP":7,"VILL_NAME":"東區"},"geometry":{"type":"Polygon","coordinates":[[[120.463218,23.482739],[120.462317,23.482631],[120.4623,23.482635],[120.462285,23.482659],[120.463006,23.482745],[120.463002,23.482771],[120.463239,23.4828],[120.463244,23.482764],[120.463234,23.482746],[120.463218,23.482739]]]}},{"type":"Feature","properties":{"id":"885bd90d777c","NAME":"中山路","PSTART":"啟明路","PEND":"中山路","SW_DIRECT":"2","SW_LENG":41.25,"SW_WTH":3.89,"SWW_WTH":3.57,"SW_RAMP":2,"VILL_NAME":"東區"},"geometry":{"type":"Polygon","coordinates":[[[120.463773,23.482774],[120.463771,23.482793],[120.463697,23.482787],[120.463691,23.482792],[120.463709,23.48281],[120.463781,23.482809],[120.463782,23.482802],[120.464094,23.482825],[120.464091,23.482797],[120.463773,23.482774]]]}},{"type":"Feature","properties":{"id":"930531999ab7","NAME":"忠孝路","PSTART":"中山路","PEND":"民權路","SW_DIRECT":"2","SW_LENG":140.16,"SW_WTH":3.1,"SWW_WTH":0.9,"SW_RAMP":2,"VILL_NAME":"東區"},"geometry":{"type":"Polygon","coordinates":[[[120.454013,23.481692],[120.453977,23.481688],[120.453801,23.482943],[120.45384,23.482947],[120.454013,23.481692]]]}},{"type":"Feature","properties":{"id":"e2f9c3d09de2","NAME":"忠孝路","PSTART":"安樂街","PEND":"民權路","SW_DIRECT":"1","SW_LENG":88.95,"SW_WTH":4.46,"SWW_WTH":3.88,"SW_RAMP":2,"VILL_NAME":"東區"},"geometry":{"type":"Polygon","coordinates":[[[120.454114,23.483029],[120.454118,23.482987],[120.454096,23.482984],[120.454083,23.482976],[120.454064,23.482931],[120.454025,23.482903],[120.454011,23.482878],[120.454066,23.482485],[120.454056,23.482483],[120.45408,23.482308],[120.454043,23.482331],[120.453953,23.482982],[120.453987,23.483014],[120.454114,23.483029]]]}},{"type":"Feature","properties":{"id":"259a9682fab5","NAME":"吳鳳北路","PSTART":"民權路","PEND":"忠孝路181巷","SW_DIRECT":"1","SW_LENG":29.7,"SW_WTH":2.14,"SWW_WTH":1.32,"SW_RAMP":2,"VILL_NAME":"東區"},"geometry":{"type":"Polygon","coordinates":[[[120.452489,23.483107],[120.452494,23.483065],[120.452498,23.483055],[120.452625,23.482971],[120.452673,23.482905],[120.452661,23.482906],[120.452649,23.482912],[120.452611,23.482958],[120.452588,23.482977],[120.452505,23.483024],[120.452489,23.483037],[120.452477,23.483057],[120.452473,23.483084],[120.452477,23.483098],[120.452489,23.483107]]]}},{"type":"Feature","properties":{"id":"fedf0ddd5a87","NAME":"民權路","PSTART":"忠孝路","PEND":"共和路","SW_DIRECT":"1","SW_LENG":82.11,"SW_WTH":3.17,"SWW_WTH":2.59,"SW_RAMP":2,"VILL_NAME":"東區"},"geometry":{"type":"Polygon","coordinates":[[[120.454114,23.483029],[120.454894,23.48312],[120.454932,23.483095],[120.454117,23.483],[120.454114,23.483029]]]}},{"type":"Feature","properties":{"id":"9adca5ba4de7","NAME":"民權路","PSTART":"共和路","PEND":"無名路","SW_DIRECT":"1","SW_LENG":52.06,"SW_WTH":3.72,"SWW_WTH":1.57,"SW_RAMP":2,"VILL_NAME":"東區"},"geometry":{"type":"Polygon","coordinates":[[[120.455026,23.483065],[120.455019,23.483109],[120.455047,23.483139],[120.455532,23.483197],[120.455542,23.483128],[120.455441,23.483116],[120.455438,23.483135],[120.455409,23.483132],[120.455407,23.483149],[120.455266,23.483133],[120.455193,23.483122],[120.455195,23.48311],[120.455053,23.483093],[120.455055,23.483079],[120.455037,23.483077],[120.455034,23.483067],[120.455026,23.483065]]]}},{"type":"Feature","properties":{"id":"0b75717fda45","NAME":"盧義路","PSTART":"文雅街","PEND":"盧義路","SW_DIRECT":"2","SW_LENG":86.95,"SW_WTH":3.47,"SWW_WTH":2.46,"SW_RAMP":2,"VILL_NAME":"東區"},"geometry":{"type":"Polygon","coordinates":[[[120.483197,23.482622],[120.483162,23.482621],[120.483135,23.483408],[120.48316,23.4834],[120.48317,23.48338],[120.483173,23.483289],[120.483163,23.483289],[120.483175,23.482976],[120.483185,23.482975],[120.483187,23.482916],[120.483177,23.482916],[120.483186,23.482665],[120.483195,23.482664],[120.483197,23.482622]]]}},{"type":"Feature","properties":{"id":"ecdf69afeceb","NAME":"民權東路","PSTART":"民權東路53巷","PEND":"幼獅路","SW_DIRECT":"1","SW_LENG":548.71,"SW_WTH":2.24,"SWW_WTH":1.05,"SW_RAMP":7,"VILL_NAME":"東區"},"geometry":{"type":"Polygon","coordinates":[[[120.476636,23.48378],[120.476948,23.483559],[120.477011,23.483524],[120.477078,23.483497],[120.477148,23.483478],[120.477256,23.483469],[120.477651,23.483482],[120.477731,23.483472],[120.477769,23.48346],[120.47782,23.483437],[120.478122,23.483271],[120.47819,23.483242],[120.478294,23.483206],[120.478414,23.483177],[120.478495,23.483164],[120.479006,23.48311],[120.479125,23.483092],[120.479281,23.483051],[120.479588,23.48294],[120.479725,23.482883],[120.479787,23.482846],[120.48012,23.48259],[120.480195,23.482537],[120.480411,23.482402],[120.480599,23.482306],[120.481255,23.482007],[120.481264,23.481997],[120.481265,23.481984],[120.480524,23.482318],[120.480399,23.482384],[120.480179,23.482522],[120.479774,23.482829],[120.479715,23.482865],[120.479627,23.482905],[120.479268,23.483034],[120.479121,23.483072],[120.479007,23.483089],[120.478496,23.483143],[120.478388,23.483161],[120.478318,23.483178],[120.478213,23.483211],[120.478112,23.483253],[120.477835,23.483406],[120.477768,23.483438],[120.477721,23.483454],[120.477671,23.483461],[120.477601,23.483462],[120.477237,23.483449],[120.477163,23.483455],[120.47709,23.483471],[120.477021,23.483496],[120.476971,23.48352],[120.47691,23.483559],[120.476862,23.4836],[120.47686,23.483597],[120.47684,23.483611],[120.476703,23.483634],[120.476703,23.483647],[120.476667,23.483731],[120.476634,23.483755],[120.476578,23.483789],[120.476529,23.48381],[120.476464,23.483825],[120.476414,23.483831],[120.476415,23.483836],[120.476436,23.483849],[120.476475,23.483844],[120.476537,23.483829],[120.476588,23.483808],[120.476636,23.48378]]]}},{"type":"Feature","properties":{"id":"8b8d90e336d8","NAME":"維新路","PSTART":"安樂街","PEND":"民權路","SW_DIRECT":"2","SW_LENG":72.41,"SW_WTH":2.89,"SWW_WTH":2.53,"SW_RAMP":2,"VILL_NAME":"東區"},"geometry":{"type":"Polygon","coordinates":[[[120.458525,23.482852],[120.458434,23.483512],[120.45844,23.483512],[120.458458,23.483509],[120.458464,23.483501],[120.458551,23.482873],[120.458538,23.482858],[120.458525,23.482852]]]}},{"type":"Feature","properties":{"id":"ca76847fd04b","NAME":"維新路","PSTART":"安樂街","PEND":"民權路","SW_DIRECT":"1","SW_LENG":73.11,"SW_WTH":2.89,"SWW_WTH":2.66,"SW_RAMP":2,"VILL_NAME":"東區"},"geometry":{"type":"Polygon","coordinates":[[[120.458785,23.482897],[120.458697,23.48352],[120.458705,23.483537],[120.458723,23.48354],[120.458815,23.482885],[120.458797,23.482886],[120.458785,23.482897]]]}},{"type":"Feature","properties":{"id":"a8601f9a20f2","NAME":"盧義路","PSTART":"文雅街","PEND":"盧義路","SW_DIRECT":"2","SW_LENG":124.64,"SW_WTH":3.15,"SWW_WTH":2.48,"SW_RAMP":2,"VILL_NAME":"東區"},"geometry":{"type":"Polygon","coordinates":[[[120.483297,23.483415],[120.483306,23.483415],[120.48331,23.483582],[120.483322,23.483725],[120.483312,23.483726],[120.483314,23.483745],[120.483328,23.483762],[120.483351,23.483769],[120.483333,23.483617],[120.48333,23.483508],[120.483358,23.482644],[120.483335,23.482651],[120.483324,23.48267],[120.483323,23.482689],[120.483333,23.482689],[120.483326,23.482876],[120.483316,23.482876],[120.483315,23.482926],[120.483324,23.482926],[120.483308,23.483365],[120.483298,23.483364],[120.483297,23.483415]]]}},{"type":"Feature","properties":{"id":"7393f2649a2a","NAME":"吳鳳北路","PSTART":"民權路","PEND":"長榮街","SW_DIRECT":"2","SW_LENG":113.12,"SW_WTH":2.01,"SWW_WTH":0.82,"SW_RAMP":4,"VILL_NAME":"東區"},"geometry":{"type":"Polygon","coordinates":[[[120.452219,23.483686],[120.452233,23.483681],[120.45224,23.483668],[120.452298,23.483035],[120.452284,23.483009],[120.452218,23.48296],[120.452188,23.482929],[120.452159,23.482877],[120.452142,23.482828],[120.45212,23.482793],[120.452112,23.482787],[120.452034,23.482774],[120.452027,23.482807],[120.452082,23.482817],[120.452078,23.482838],[120.452121,23.482844],[120.452103,23.482936],[120.452165,23.482927],[120.452202,23.48297],[120.452265,23.483017],[120.45228,23.483034],[120.452219,23.483686]]]}},{"type":"Feature","properties":{"id":"70c4a1822692","NAME":"盧義路","PSTART":"盧義路","PEND":"盧義路","SW_DIRECT":"2","SW_LENG":29.25,"SW_WTH":3.49,"SWW_WTH":2.49,"SW_RAMP":0,"VILL_NAME":"東區"},"geometry":{"type":"Polygon","coordinates":[[[120.483162,23.483825],[120.483182,23.483816],[120.483192,23.483798],[120.48319,23.483776],[120.48318,23.483777],[120.48317,23.48369],[120.483164,23.483604],[120.483174,23.483603],[120.483174,23.483587],[120.483161,23.483565],[120.483137,23.483559],[120.483148,23.483715],[120.483162,23.483825]]]}},{"type":"Feature","properties":{"id":"5b595ebed87c","NAME":"吳鳳北路","PSTART":"忠孝路181巷","PEND":"長榮街","SW_DIRECT":"1","SW_LENG":64.1,"SW_WTH":1.87,"SWW_WTH":0.42,"SW_RAMP":1,"VILL_NAME":"東區"},"geometry":{"type":"Polygon","coordinates":[[[120.452486,23.483137],[120.452472,23.483143],[120.452465,23.483156],[120.452413,23.483703],[120.452418,23.483715],[120.45243,23.483721],[120.452486,23.483137]]]}},{"type":"Feature","properties":{"id":"1ee6732f5a9d","NAME":"民權東路","PSTART":"民權東路53巷","PEND":"民權東路","SW_DIRECT":"2","SW_LENG":371.48,"SW_WTH":2.31,"SWW_WTH":0.94,"SW_RAMP":2,"VILL_NAME":"東區"},"geometry":{"type":"Polygon","coordinates":[[[120.477167,23.483685],[120.477214,23.483676],[120.477262,23.483674],[120.477666,23.483687],[120.477766,23.483675],[120.477843,23.483654],[120.477899,23.483632],[120.478223,23.483454],[120.478299,23.483422],[120.478381,23.483396],[120.478532,23.483366],[120.479107,23.483305],[120.479226,23.483282],[120.479303,23.483262],[120.479725,23.483111],[120.479852,23.483052],[120.479945,23.482992],[120.480276,23.482736],[120.480263,23.482728],[120.480248,23.482732],[120.479943,23.482967],[120.47986,23.483023],[120.47981,23.483051],[120.479718,23.483091],[120.479333,23.48323],[120.479247,23.483255],[120.479114,23.483283],[120.478528,23.483345],[120.478399,23.483369],[120.478307,23.483397],[120.47822,23.483433],[120.477918,23.483599],[120.477842,23.483631],[120.477765,23.483653],[120.477693,23.483664],[120.47762,23.483668],[120.477252,23.483653],[120.477207,23.483656],[120.477163,23.483665],[120.477114,23.483682],[120.477069,23.483707],[120.476939,23.483799],[120.476934,23.483807],[120.476935,23.483816],[120.476941,23.483823],[120.477089,23.483719],[120.477122,23.483701],[120.477167,23.483685]]]}},{"type":"Feature","properties":{"id":"dde23eccfc03","NAME":"文雅街","PSTART":"文心街17巷","PEND":"大雅路","SW_DIRECT":"1","SW_LENG":43.46,"SW_WTH":1.88,"SWW_WTH":1.88,"SW_RAMP":0,"VILL_NAME":"東區"},"geometry":{"type":"Polygon","coordinates":[[[120.48754,23.483872],[120.487875,23.483808],[120.48789,23.483825],[120.487907,23.483833],[120.487968,23.483832],[120.487954,23.483783],[120.487964,23.483781],[120.487962,23.48377],[120.487942,23.483778],[120.487929,23.483777],[120.487926,23.483767],[120.487884,23.483776],[120.487887,23.483787],[120.487875,23.483793],[120.487867,23.483791],[120.487689,23.48383],[120.487681,23.483828],[120.487569,23.48385],[120.487556,23.483849],[120.487554,23.483841],[120.48754,23.483842],[120.487537,23.483849],[120.48754,23.483872]]]}},{"type":"Feature","properties":{"id":"a8f619cbe02b","NAME":"文雅街","PSTART":"文雅街","PEND":"文心街17巷","SW_DIRECT":"1","SW_LENG":64.66,"SW_WTH":1.63,"SWW_WTH":0.66,"SW_RAMP":0,"VILL_NAME":"東區"},"geometry":{"type":"Polygon","coordinates":[[[120.486711,23.483902],[120.48672,23.483895],[120.48682,23.483897],[120.486904,23.4839],[120.486913,23.483909],[120.487034,23.483911],[120.487046,23.483903],[120.487107,23.483901],[120.487177,23.4839],[120.487187,23.483908],[120.487253,23.483904],[120.48724,23.48389],[120.487045,23.483896],[120.486906,23.483895],[120.486617,23.483879],[120.486604,23.483891],[120.486711,23.483902]]]}},{"type":"Feature","properties":{"id":"bd54ebf9123c","NAME":"文雅街","PSTART":"文雅街","PEND":"文雅街","SW_DIRECT":"2","SW_LENG":11.6,"SW_WTH":2.53,"SWW_WTH":2.53,"SW_RAMP":0,"VILL_NAME":"東區"},"geometry":{"type":"Polygon","coordinates":[[[120.486444,23.483871],[120.486462,23.483879],[120.486473,23.483895],[120.486468,23.483955],[120.486493,23.483958],[120.486502,23.483858],[120.486499,23.483853],[120.486485,23.483853],[120.486444,23.483871]]]}},{"type":"Feature","properties":{"id":"c0bcc0e22125","NAME":"文雅街","PSTART":"文雅街","PEND":"文心街17巷","SW_DIRECT":"2","SW_LENG":83.9,"SW_WTH":2.21,"SWW_WTH":2.21,"SW_RAMP":2,"VILL_NAME":"東區"},"geometry":{"type":"Polygon","coordinates":[[[120.486952,23.484001],[120.486953,23.483988],[120.487077,23.48399],[120.487077,23.484002],[120.487174,23.483998],[120.487173,23.483986],[120.48731,23.483984],[120.48731,23.483988],[120.4874,23.483977],[120.487392,23.48396],[120.487377,23.483953],[120.487088,23.483969],[120.486764,23.483963],[120.486584,23.483948],[120.486568,23.483967],[120.48658,23.483968],[120.486579,23.483981],[120.486706,23.483992],[120.486707,23.48398],[120.486851,23.483986],[120.486851,23.483998],[120.486952,23.484001]]]}},{"type":"Feature","properties":{"id":"bb23714add13","NAME":"維新路","PSTART":"無名路","PEND":"民權路","SW_DIRECT":"1","SW_LENG":76.63,"SW_WTH":3.01,"SWW_WTH":2.76,"SW_RAMP":1,"VILL_NAME":"東區"},"geometry":{"type":"Polygon","coordinates":[[[120.458739,23.483687],[120.458707,23.483683],[120.458671,23.48371],[120.458561,23.484508],[120.458566,23.48453],[120.458585,23.484544],[120.458696,23.483734],[120.458739,23.483687]]]}},{"type":"Feature","properties":{"id":"2a626474012b","NAME":"民權路","PSTART":"民權路","PEND":"民權路","SW_DIRECT":"2","SW_LENG":54.77,"SW_WTH":2.99,"SWW_WTH":2.99,"SW_RAMP":2,"VILL_NAME":"東區"},"geometry":{"type":"Polygon","coordinates":[[[120.466004,23.484122],[120.466023,23.484131],[120.466259,23.483681],[120.466226,23.483678],[120.466008,23.484097],[120.466015,23.484101],[120.466004,23.484122]]]}},{"type":"Feature","properties":{"id":"2cf0588e80d0","NAME":"民權路","PSTART":"啟明路","PEND":"民權路","SW_DIRECT":"1","SW_LENG":76.16,"SW_WTH":2.93,"SWW_WTH":1.47,"SW_RAMP":1,"VILL_NAME":"東區"},"geometry":{"type":"Polygon","coordinates":[[[120.463383,23.484053],[120.463353,23.48405],[120.463299,23.483991],[120.463302,23.483988],[120.463307,23.483948],[120.463276,23.483945],[120.463262,23.484046],[120.463312,23.484102],[120.463885,23.484164],[120.463893,23.484138],[120.463384,23.484083],[120.463377,23.484081],[120.463383,23.484053]]]}},{"type":"Feature","properties":{"id":"7ae41fc52b7d","NAME":"民權路","PSTART":"啟明路","PEND":"民權路","SW_DIRECT":"1","SW_LENG":205.01,"SW_WTH":2.96,"SWW_WTH":1.42,"SW_RAMP":2,"VILL_NAME":"東區"},"geometry":{"type":"Polygon","coordinates":[[[120.466023,23.484131],[120.466004,23.484122],[120.465951,23.484163],[120.465923,23.484163],[120.465923,23.484155],[120.464388,23.484152],[120.46426,23.484151],[120.464039,23.484091],[120.464031,23.484117],[120.464087,23.484132],[120.464084,23.484177],[120.464101,23.484177],[120.464103,23.484136],[120.464256,23.484178],[120.46596,23.484182],[120.466023,23.484131]]]}},{"type":"Feature","properties":{"id":"675b6eb79a13","NAME":"民權東路","PSTART":"民權東路","PEND":"民權東路53巷","SW_DIRECT":"1","SW_LENG":1048.19,"SW_WTH":2.32,"SWW_WTH":1.08,"SW_RAMP":10,"VILL_NAME":"東區"},"geometry":{"type":"Polygon","coordinates":[[[120.472,23.484194],[120.476323,23.483859],[120.476336,23.483854],[120.476343,23.483843],[120.476342,23.483836],[120.472139,23.484163],[120.471784,23.484182],[120.471586,23.484183],[120.471313,23.484172],[120.470666,23.484135],[120.469786,23.48409],[120.469643,23.484082],[120.469644,23.484078],[120.46842,23.484007],[120.468138,23.484],[120.467904,23.484004],[120.467705,23.484015],[120.466238,23.484127],[120.466118,23.484132],[120.466111,23.484134],[120.466107,23.484141],[120.466113,23.484149],[120.466125,23.484152],[120.467693,23.484038],[120.467985,23.484022],[120.468142,23.48402],[120.468417,23.484029],[120.471294,23.484193],[120.471671,23.484205],[120.472,23.484194]]]}},{"type":"Feature","properties":{"id":"49f04b23ee6a","NAME":"民權路","PSTART":"五福街","PEND":"民權東路","SW_DIRECT":"2","SW_LENG":1060.13,"SW_WTH":2.36,"SWW_WTH":1.0,"SW_RAMP":3,"VILL_NAME":"東區"},"geometry":{"type":"Polygon","coordinates":[[[120.471942,23.484404],[120.476458,23.484054],[120.476517,23.484046],[120.476575,23.48403],[120.476565,23.48402],[120.476549,23.484017],[120.476457,23.484033],[120.47221,23.484364],[120.471936,23.484383],[120.471766,23.484389],[120.471595,23.484388],[120.471333,23.484379],[120.468364,23.484211],[120.468164,23.484205],[120.467988,23.484207],[120.467554,23.484232],[120.466236,23.484331],[120.466225,23.484342],[120.466226,23.484353],[120.467759,23.484239],[120.467968,23.484228],[120.468212,23.484226],[120.468359,23.484231],[120.469662,23.484304],[120.469755,23.484305],[120.470504,23.484349],[120.470504,23.484353],[120.471337,23.4844],[120.471581,23.484409],[120.471942,23.484404]]]}},{"type":"Feature","properties":{"id":"110a012e1319","NAME":"吳鳳北路","PSTART":"長榮街","PEND":"北門街","SW_DIRECT":"2","SW_LENG":64.7,"SW_WTH":1.94,"SWW_WTH":1.48,"SW_RAMP":2,"VILL_NAME":"東區"},"geometry":{"type":"Polygon","coordinates":[[[120.452205,23.483824],[120.452172,23.484183],[120.452148,23.484409],[120.452169,23.484411],[120.452223,23.483843],[120.452217,23.48383],[120.452205,23.483824]]]}},{"type":"Feature","properties":{"id":"8c33878f1475","NAME":"吳鳳北路","PSTART":"長榮街","PEND":"北門街","SW_DIRECT":"1","SW_LENG":64.54,"SW_WTH":2.05,"SWW_WTH":1.64,"SW_RAMP":2,"VILL_NAME":"東區"},"geometry":{"type":"Polygon","coordinates":[[[120.452417,23.48387],[120.4524,23.483877],[120.452394,23.483896],[120.452356,23.484297],[120.452343,23.484449],[120.452361,23.484456],[120.452417,23.48387]]]}},{"type":"Feature","properties":{"id":"009ae2a43571","NAME":"林森西路","PSTART":"文化路","PEND":"興中街","SW_DIRECT":"1","SW_LENG":100.05,"SW_WTH":2.79,"SWW_WTH":1.59,"SW_RAMP":2,"VILL_NAME":"東區"},"geometry":{"type":"Polygon","coordinates":[[[120.449619,23.484459],[120.448714,23.484104],[120.448712,23.484107],[120.448713,23.484123],[120.448724,23.484133],[120.449588,23.484474],[120.449607,23.484474],[120.449619,23.484459]]]}},{"type":"Feature","properties":{"id":"485441ca41df","NAME":"維新路","PSTART":"民權路","PEND":"長榮街","SW_DIRECT":"2","SW_LENG":98.18,"SW_WTH":2.9,"SWW_WTH":2.55,"SW_RAMP":3,"VILL_NAME":"東區"},"geometry":{"type":"Polygon","coordinates":[[[120.458411,23.483669],[120.4583,23.484473],[120.45829,23.484506],[120.45826,23.484529],[120.458277,23.484546],[120.458323,23.484513],[120.458438,23.483685],[120.458437,23.483677],[120.458418,23.48367],[120.458411,23.483669]]]}},{"type":"Feature","properties":{"id":"7cc2b10bb1d4","NAME":"忠孝路","PSTART":"長榮路","PEND":"北門路","SW_DIRECT":"2","SW_LENG":12.46,"SW_WTH":3.26,"SWW_WTH":3.26,"SW_RAMP":1,"VILL_NAME":"東區"},"geometry":{"type":"Polygon","coordinates":[[[120.453556,23.484719],[120.453592,23.484694],[120.453606,23.484598],[120.453575,23.484592],[120.453556,23.484719]]]}},{"type":"Feature","properties":{"id":"b0745fbdcd79","NAME":"忠孝路","PSTART":"長榮路","PEND":"北門路","SW_DIRECT":"1","SW_LENG":70.39,"SW_WTH":2.46,"SWW_WTH":2.46,"SW_RAMP":1,"VILL_NAME":"東區"},"geometry":{"type":"Polygon","coordinates":[[[120.4538,23.484117],[120.453716,23.484722],[120.453725,23.48474],[120.453743,23.484749],[120.453831,23.484134],[120.453811,23.48411],[120.4538,23.484117]]]}},{"type":"Feature","properties":{"id":"a58c69281f8f","NAME":"忠孝路","PSTART":"長榮路","PEND":"北門路","SW_DIRECT":"2","SW_LENG":123.13,"SW_WTH":1.2,"SWW_WTH":1.2,"SW_RAMP":0,"VILL_NAME":"東區"},"geometry":{"type":"Polygon","coordinates":[[[120.452398,23.48456],[120.453055,23.484685],[120.453578,23.484789],[120.45358,23.484778],[120.453058,23.484675],[120.4524,23.48455],[120.452398,23.48456]]]}},{"type":"Feature","properties":{"id":"e7f12884b6c3","NAME":"長榮街","PSTART":"安和街","PEND":"維新路","SW_DIRECT":"2","SW_LENG":100.86,"SW_WTH":2.82,"SWW_WTH":1.77,"SW_RAMP":0,"VILL_NAME":"東區"},"geometry":{"type":"Polygon","coordinates":[[[120.457352,23.484511],[120.457348,23.484537],[120.458184,23.48463],[120.458171,23.48472],[120.458226,23.48481],[120.45827,23.484662],[120.458262,23.484638],[120.458269,23.484634],[120.458267,23.484625],[120.458259,23.484615],[120.458248,23.48461],[120.457352,23.484511]]]}},{"type":"Feature","properties":{"id":"998e76f904d0","NAME":"林森西路","PSTART":"興中街","PEND":"成仁街","SW_DIRECT":"1","SW_LENG":102.56,"SW_WTH":3.05,"SWW_WTH":2.04,"SW_RAMP":2,"VILL_NAME":"東區"},"geometry":{"type":"Polygon","coordinates":[[[120.450609,23.48485],[120.449701,23.484492],[120.449698,23.48451],[120.449709,23.484522],[120.44975,23.484539],[120.450595,23.484873],[120.450612,23.484873],[120.450625,23.484863],[120.450609,23.48485]]]}},{"type":"Feature","properties":{"id":"f0bf41fd8b45","NAME":"安和街","PSTART":"長榮街","PEND":"安和街","SW_DIRECT":"1","SW_LENG":70.87,"SW_WTH":2.81,"SWW_WTH":1.62,"SW_RAMP":0,"VILL_NAME":"東區"},"geometry":{"type":"Polygon","coordinates":[[[120.457283,23.485113],[120.45726,23.485082],[120.457334,23.484546],[120.457348,23.484537],[120.457352,23.484511],[120.45734,23.48451],[120.457309,23.484532],[120.45723,23.485104],[120.457252,23.485135],[120.45728,23.485138],[120.457283,23.485113]]]}},{"type":"Feature","properties":{"id":"3bc35c6cc53a","NAME":"安和街","PSTART":"安和街","PEND":"維新路","SW_DIRECT":"2","SW_LENG":84.0,"SW_WTH":2.7,"SWW_WTH":2.34,"SW_RAMP":1,"VILL_NAME":"東區"},"geometry":{"type":"Polygon","coordinates":[[[120.457283,23.485113],[120.45728,23.485138],[120.458094,23.485234],[120.458101,23.48521],[120.457283,23.485113]]]}},{"type":"Feature","properties":{"id":"d3efb499aa18","NAME":"吳鳳北路","PSTART":"北門路","PEND":"林森西路","SW_DIRECT":"2","SW_LENG":90.94,"SW_WTH":1.95,"SWW_WTH":1.54,"SW_RAMP":3,"VILL_NAME":"東區"},"geometry":{"type":"Polygon","coordinates":[[[120.452056,23.485376],[120.452075,23.48538],[120.452085,23.485277],[120.452154,23.484571],[120.452148,23.484562],[120.452137,23.484557],[120.452056,23.485376]]]}},{"type":"Feature","properties":{"id":"8e36742515c6","NAME":"林森西路","PSTART":"成仁街","PEND":"吳鳳北路","SW_DIRECT":"1","SW_LENG":152.05,"SW_WTH":2.93,"SWW_WTH":1.61,"SW_RAMP":2,"VILL_NAME":"東區"},"geometry":{"type":"Polygon","coordinates":[[[120.452075,23.48538],[120.452056,23.485376],[120.452006,23.485401],[120.450704,23.484888],[120.450705,23.484906],[120.450717,23.484921],[120.451976,23.485417],[120.452008,23.485426],[120.452037,23.485423],[120.452063,23.485405],[120.452075,23.48538]]]}},{"type":"Feature","properties":{"id":"7a8d785e316e","NAME":"忠孝路","PSTART":"北門路","PEND":"林森西路","SW_DIRECT":"1","SW_LENG":95.51,"SW_WTH":3.19,"SWW_WTH":2.71,"SW_RAMP":4,"VILL_NAME":"東區"},"geometry":{"type":"Polygon","coordinates":[[[120.453733,23.484821],[120.453709,23.484827],[120.453698,23.484848],[120.45358,23.485676],[120.453611,23.48568],[120.453733,23.484821]]]}},{"type":"Feature","properties":{"id":"68d04cead3a4","NAME":"吳鳳北路","PSTART":"北門路","PEND":"林森西路","SW_DIRECT":"1","SW_LENG":96.36,"SW_WTH":2.03,"SWW_WTH":1.56,"SW_RAMP":2,"VILL_NAME":"東區"},"geometry":{"type":"Polygon","coordinates":[[[120.452244,23.485466],[120.452264,23.485469],[120.452346,23.484595],[120.452332,23.484601],[120.452325,23.484614],[120.452244,23.485466]]]}},{"type":"Feature","properties":{"id":"aa5e5b65d2ec","NAME":"無名路","PSTART":"無名路","PEND":"無名路","SW_DIRECT":"1","SW_LENG":74.21,"SW_WTH":1.96,"SWW_WTH":0.89,"SW_RAMP":2,"VILL_NAME":"東區"},"geometry":{"type":"Polygon","coordinates":[[[120.449479,23.48551],[120.448798,23.485268],[120.448791,23.485285],[120.449451,23.48552],[120.449467,23.48552],[120.449479,23.48551]]]}},{"type":"Feature","properties":{"id":"ffa45b7cd10e","NAME":"林森西路","PSTART":"吳鳳北路","PEND":"忠孝路","SW_DIRECT":"1","SW_LENG":110.4,"SW_WTH":2.94,"SWW_WTH":1.57,"SW_RAMP":2,"VILL_NAME":"東區"},"geometry":{"type":"Polygon","coordinates":[[[120.453205,23.485877],[120.453195,23.485832],[120.45314,23.485836],[120.453086,23.485827],[120.452284,23.485512],[120.452263,23.485477],[120.452264,23.485469],[120.452244,23.485466],[120.452242,23.485488],[120.452248,23.485508],[120.452262,23.485526],[120.45228,23.485538],[120.453108,23.485865],[120.453168,23.485883],[120.453205,23.485877]]]}},{"type":"Feature","properties":{"id":"b679182a5fd0","NAME":"忠孝路","PSTART":"北門路","PEND":"林森西路","SW_DIRECT":"2","SW_LENG":132.0,"SW_WTH":3.08,"SWW_WTH":2.76,"SW_RAMP":3,"VILL_NAME":"東區"},"geometry":{"type":"Polygon","coordinates":[[[120.453195,23.485832],[120.453205,23.485877],[120.453396,23.485785],[120.453428,23.485756],[120.453449,23.48572],[120.45357,23.484852],[120.453571,23.484824],[120.453563,23.484809],[120.453553,23.484801],[120.453516,23.484793],[120.453542,23.484835],[120.453418,23.485721],[120.453404,23.485743],[120.453383,23.485759],[120.453302,23.485784],[120.453221,23.485825],[120.453195,23.485832]]]}},{"type":"Feature","properties":{"id":"021b17eecaeb","NAME":"忠孝路","PSTART":"忠孝路","PEND":"林森西路","SW_DIRECT":"1","SW_LENG":55.5,"SW_WTH":6.47,"SWW_WTH":2.14,"SW_RAMP":2,"VILL_NAME":"東區"},"geometry":{"type":"Polygon","coordinates":[[[120.453838,23.486036],[120.453812,23.485971],[120.453792,23.485934],[120.453746,23.485876],[120.453687,23.485828],[120.453601,23.485782],[120.453572,23.485754],[120.453562,23.485759],[120.453579,23.48579],[120.453744,23.485963],[120.453822,23.486175],[120.453846,23.48617],[120.453847,23.486159],[120.453848,23.486091],[120.453838,23.486036]]]}},{"type":"Feature","properties":{"id":"fb81dacd9157","NAME":"林森西路","PSTART":"文化路","PEND":"恩孝路","SW_DIRECT":"2","SW_LENG":485.28,"SW_WTH":2.89,"SWW_WTH":1.52,"SW_RAMP":5,"VILL_NAME":"東區"},"geometry":{"type":"Polygon","coordinates":[[[120.448705,23.484366],[120.448688,23.484371],[120.448681,23.484383],[120.453042,23.486107],[120.453063,23.48609],[120.453034,23.486071],[120.448705,23.484366]]]}},{"type":"Feature","properties":{"id":"2e224550f336","NAME":"維新路","PSTART":"安和街","PEND":"安和街248巷","SW_DIRECT":"2","SW_LENG":89.35,"SW_WTH":1.2,"SWW_WTH":0.32,"SW_RAMP":0,"VILL_NAME":"東區"},"geometry":{"type":"Polygon","coordinates":[[[120.457989,23.486129],[120.45808,23.485471],[120.458105,23.48533],[120.458093,23.485328],[120.458068,23.485471],[120.457976,23.486128],[120.457989,23.486129]]]}},{"type":"Feature","properties":{"id":"314163959dfb","NAME":"林森東路","PSTART":"忠孝路","PEND":"共和路","SW_DIRECT":"1","SW_LENG":62.09,"SW_WTH":1.21,"SWW_WTH":14.14,"SW_RAMP":2,"VILL_NAME":"東區"},"geometry":{"type":"Polygon","coordinates":[[[120.453846,23.48617],[120.453822,23.486175],[120.453839,23.486224],[120.453856,23.486249],[120.453882,23.486267],[120.454425,23.486441],[120.454443,23.486427],[120.454449,23.486383],[120.454195,23.486353],[120.454195,23.486347],[120.454124,23.486336],[120.454125,23.486328],[120.454115,23.486327],[120.454119,23.486294],[120.45413,23.486296],[120.454135,23.486262],[120.454207,23.486267],[120.454218,23.486184],[120.454182,23.486179],[120.454185,23.486157],[120.454176,23.486156],[120.454174,23.486168],[120.454086,23.486155],[120.454079,23.486197],[120.454009,23.48619],[120.454006,23.486205],[120.453971,23.486201],[120.453973,23.486186],[120.453846,23.48617]]]}},{"type":"Feature","properties":{"id":"eab5bc8dc826","NAME":"無名路","PSTART":"無名路","PEND":"無名路","SW_DIRECT":"1","SW_LENG":208.28,"SW_WTH":2.17,"SWW_WTH":1.72,"SW_RAMP":0,"VILL_NAME":"東區"},"geometry":{"type":"Polygon","coordinates":[[[120.451241,23.486438],[120.451243,23.486434],[120.450887,23.486255],[120.449479,23.485557],[120.449448,23.485542],[120.44943,23.485578],[120.449613,23.485652],[120.449703,23.485693],[120.450742,23.486207],[120.451112,23.486382],[120.451241,23.486438]]]}},{"type":"Feature","properties":{"id":"f6e4a11eb4da","NAME":"林森西路","PSTART":"忠孝路","PEND":"忠孝路","SW_DIRECT":"1","SW_LENG":31.97,"SW_WTH":2.48,"SWW_WTH":1.74,"SW_RAMP":0,"VILL_NAME":"東區"},"geometry":{"type":"Polygon","coordinates":[[[120.453726,23.486405],[120.453714,23.486487],[120.453732,23.486501],[120.453737,23.486497],[120.453751,23.486392],[120.453576,23.486314],[120.453559,23.486315],[120.453547,23.486326],[120.453726,23.486405]]]}},{"type":"Feature","properties":{"id":"224431e7ee24","NAME":"林森東路","PSTART":"共和路","PEND":"無名路","SW_DIRECT":"1","SW_LENG":176.22,"SW_WTH":3.84,"SWW_WTH":1.4,"SW_RAMP":2,"VILL_NAME":"東區"},"geometry":{"type":"Polygon","coordinates":[[[120.456237,23.486635],[120.456096,23.486623],[120.456084,23.486617],[120.455895,23.486595],[120.455896,23.48659],[120.455845,23.486587],[120.455679,23.48656],[120.455661,23.486563],[120.45566,23.486571],[120.455623,23.486567],[120.455624,23.486563],[120.455472,23.486545],[120.455468,23.486542],[120.455469,23.486536],[120.45546,23.486535],[120.455455,23.486547],[120.454529,23.486436],[120.454527,23.486444],[120.45456,23.486472],[120.454599,23.486477],[120.454677,23.486465],[120.454813,23.486482],[120.454885,23.486511],[120.456098,23.486658],[120.456236,23.486672],[120.456237,23.486635]]]}},{"type":"Feature","properties":{"id":"38b777912958","NAME":"忠孝路","PSTART":"忠孝路","PEND":"忠孝路","SW_DIRECT":"2","SW_LENG":39.04,"SW_WTH":2.13,"SWW_WTH":1.5,"SW_RAMP":1,"VILL_NAME":"東區"},"geometry":{"type":"Polygon","coordinates":[[[120.453527,23.486464],[120.453548,23.486467],[120.453557,23.486462],[120.453575,23.486473],[120.453624,23.486519],[120.453636,23.486523],[120.453635,23.48653],[120.453699,23.486591],[120.453702,23.486603],[120.453723,23.486605],[120.453725,23.486588],[120.453595,23.486463],[120.453534,23.486422],[120.453527,23.486464]]]}},{"type":"Feature","properties":{"id":"317ccc5aa613","NAME":"維新路","PSTART":"安和街248巷","PEND":"林森東路","SW_DIRECT":"2","SW_LENG":44.31,"SW_WTH":1.2,"SWW_WTH":1.2,"SW_RAMP":0,"VILL_NAME":"東區"},"geometry":{"type":"Polygon","coordinates":[[[120.457916,23.486656],[120.457931,23.486547],[120.457971,23.48626],[120.457959,23.486258],[120.457905,23.486655],[120.457916,23.486656]]]}},{"type":"Feature","properties":{"id":"5714674ca146","NAME":"忠孝路","PSTART":"林森東路","PEND":"無名路","SW_DIRECT":"1","SW_LENG":77.99,"SW_WTH":2.92,"SWW_WTH":1.37,"SW_RAMP":4,"VILL_NAME":"東區"},"geometry":{"type":"Polygon","coordinates":[[[120.453759,23.487134],[120.453856,23.486433],[120.453833,23.486442],[120.453822,23.486458],[120.453733,23.4871],[120.453731,23.487116],[120.453737,23.48713],[120.453747,23.487139],[120.453769,23.487148],[120.453759,23.487134]]]}},{"type":"Feature","properties":{"id":"e04f5ac0e835","NAME":"無名路","PSTART":"無名路","PEND":"無名路","SW_DIRECT":"1","SW_LENG":73.15,"SW_WTH":3.39,"SWW_WTH":2.32,"SW_RAMP":1,"VILL_NAME":"東區"},"geometry":{"type":"Polygon","coordinates":[[[120.451669,23.486728],[120.451247,23.486559],[120.451229,23.486594],[120.451275,23.486614],[120.451281,23.486607],[120.451292,23.486607],[120.451303,23.486622],[120.451307,23.486612],[120.451781,23.486806],[120.451793,23.486818],[120.451864,23.486847],[120.451853,23.48687],[120.4519,23.48689],[120.451895,23.486853],[120.451879,23.486818],[120.451668,23.486731],[120.451669,23.486728]]]}},{"type":"Feature","properties":{"id":"373e7edda752","NAME":"忠孝路","PSTART":"林森西路","PEND":"忠孝路","SW_DIRECT":"2","SW_LENG":110.68,"SW_WTH":2.95,"SWW_WTH":1.83,"SW_RAMP":2,"VILL_NAME":"東區"},"geometry":{"type":"Polygon","coordinates":[[[120.453063,23.48609],[120.453042,23.486107],[120.453072,23.486156],[120.453064,23.48616],[120.453076,23.486181],[120.453073,23.486183],[120.453078,23.486201],[120.453074,23.486203],[120.453188,23.486388],[120.453192,23.486386],[120.4532,23.486398],[120.453204,23.486395],[120.45323,23.486429],[120.453234,23.486427],[120.45324,23.486434],[120.453244,23.486432],[120.453261,23.486458],[120.453178,23.487048],[120.4532,23.487033],[120.453211,23.487013],[120.453287,23.486479],[120.453287,23.486459],[120.453277,23.486429],[120.453079,23.486109],[120.453063,23.48609]]]}},{"type":"Feature","properties":{"id":"4a58a697e717","NAME":"忠孝路","PSTART":"忠孝路","PEND":"無名路","SW_DIRECT":"1","SW_LENG":75.55,"SW_WTH":2.11,"SWW_WTH":1.65,"SW_RAMP":1,"VILL_NAME":"東區"},"geometry":{"type":"Polygon","coordinates":[[[120.453548,23.486467],[120.453527,23.486464],[120.453498,23.486674],[120.453504,23.486686],[120.453508,23.486779],[120.453491,23.486898],[120.453451,23.487006],[120.453431,23.487141],[120.453452,23.487143],[120.453477,23.486966],[120.453501,23.4869],[120.453508,23.486849],[120.453512,23.486845],[120.453527,23.486847],[120.453537,23.486775],[120.453521,23.486771],[120.453517,23.486685],[120.453548,23.486467]]]}},{"type":"Feature","properties":{"id":"940440377810","NAME":"忠孝路","PSTART":"忠孝路","PEND":"忠孝路","SW_DIRECT":"2","SW_LENG":96.65,"SW_WTH":2.11,"SWW_WTH":1.66,"SW_RAMP":2,"VILL_NAME":"東區"},"geometry":{"type":"Polygon","coordinates":[[[120.453723,23.486605],[120.453702,23.486603],[120.453619,23.487206],[120.453639,23.487208],[120.453723,23.486605]]]}},{"type":"Feature","properties":{"id":"9633c41b17b7","NAME":"忠孝路","PSTART":"忠孝路","PEND":"忠孝路","SW_DIRECT":"1","SW_LENG":22.7,"SW_WTH":2.11,"SWW_WTH":2.11,"SW_RAMP":2,"VILL_NAME":"東區"},"geometry":{"type":"Polygon","coordinates":[[[120.453639,23.487211],[120.453619,23.487206],[120.453609,23.48721],[120.453455,23.487148],[120.453452,23.487143],[120.453431,23.487141],[120.453433,23.487154],[120.453443,23.487163],[120.453609,23.48723],[120.45363,23.487228],[120.453639,23.487211]]]}},{"type":"Feature","properties":{"id":"1dda7011d87f","NAME":"忠孝路","PSTART":"忠孝路","PEND":"忠孝路","SW_DIRECT":"1","SW_LENG":8.62,"SW_WTH":3.39,"SWW_WTH":1.62,"SW_RAMP":0,"VILL_NAME":"東區"},"geometry":{"type":"Polygon","coordinates":[[[120.453739,23.48728],[120.453752,23.487199],[120.453747,23.487193],[120.453733,23.487196],[120.453721,23.487205],[120.453711,23.487241],[120.453717,23.487263],[120.453739,23.48728]]]}},{"type":"Feature","properties":{"id":"94d925dad2a4","NAME":"忠孝路","PSTART":"無名路","PEND":"忠孝路","SW_DIRECT":"2","SW_LENG":49.28,"SW_WTH":4.2,"SWW_WTH":4.2,"SW_RAMP":2,"VILL_NAME":"東區"},"geometry":{"type":"Polygon","coordinates":[[[120.453133,23.487297],[120.453137,23.487283],[120.453132,23.487275],[120.452713,23.487101],[120.452701,23.487102],[120.452691,23.487114],[120.452767,23.487155],[120.452994,23.487262],[120.453005,23.487264],[120.453031,23.487258],[120.453053,23.48726],[120.453084,23.487274],[120.453113,23.487305],[120.453133,23.487297]]]}},{"type":"Feature","properties":{"id":"88284c0cbeb0","NAME":"忠孝路","PSTART":"忠孝路","PEND":"忠孝路","SW_DIRECT":"2","SW_LENG":23.27,"SW_WTH":2.1,"SWW_WTH":2.1,"SW_RAMP":1,"VILL_NAME":"東區"},"geometry":{"type":"Polygon","coordinates":[[[120.453402,23.487349],[120.453428,23.487348],[120.453582,23.48741],[120.453587,23.487418],[120.453607,23.487421],[120.453608,23.487406],[120.453599,23.487396],[120.453432,23.48733],[120.453412,23.487332],[120.453402,23.487349]]]}},{"type":"Feature","properties":{"id":"b76782df8400","NAME":"無名路","PSTART":"無名路","PEND":"無名路","SW_DIRECT":"1","SW_LENG":86.72,"SW_WTH":3.21,"SWW_WTH":2.43,"SW_RAMP":3,"VILL_NAME":"東區"},"geometry":{"type":"Polygon","coordinates":[[[120.452265,23.486925],[120.452244,23.486912],[120.452147,23.486874],[120.452091,23.486885],[120.452055,23.486914],[120.451869,23.487367],[120.451836,23.487456],[120.451845,23.487472],[120.451873,23.487458],[120.451893,23.48739],[120.452081,23.486929],[120.452104,23.486913],[120.452138,23.486903],[120.452153,23.486905],[120.452217,23.486932],[120.45222,23.486928],[120.452246,23.48694],[120.452265,23.486925]]]}},{"type":"Feature","properties":{"id":"4878ea222468","NAME":"忠孝路","PSTART":"忠孝路","PEND":"忠孝路","SW_DIRECT":"1","SW_LENG":24.51,"SW_WTH":2.1,"SWW_WTH":1.55,"SW_RAMP":1,"VILL_NAME":"東區"},"geometry":{"type":"Polygon","coordinates":[[[120.453423,23.487351],[120.453402,23.487349],[120.453372,23.487568],[120.453393,23.48757],[120.453423,23.487351]]]}},{"type":"Feature","properties":{"id":"07947870013f","NAME":"忠孝路","PSTART":"忠孝路","PEND":"忠孝路","SW_DIRECT":"2","SW_LENG":20.37,"SW_WTH":2.08,"SWW_WTH":1.55,"SW_RAMP":2,"VILL_NAME":"東區"},"geometry":{"type":"Polygon","coordinates":[[[120.453607,23.487421],[120.453587,23.487418],[120.453561,23.487601],[120.453582,23.487603],[120.453607,23.487421]]]}},{"type":"Feature","properties":{"id":"b1f42a5552d7","NAME":"忠孝路","PSTART":"忠孝路","PEND":"忠孝路","SW_DIRECT":"1","SW_LENG":25.89,"SW_WTH":2.05,"SWW_WTH":1.51,"SW_RAMP":1,"VILL_NAME":"東區"},"geometry":{"type":"Polygon","coordinates":[[[120.453582,23.487603],[120.453561,23.487601],[120.453544,23.487622],[120.453516,23.487633],[120.453431,23.487624],[120.453413,23.487616],[120.4534,23.487604],[120.453393,23.487587],[120.453393,23.48757],[120.453372,23.48757],[120.453376,23.487601],[120.453392,23.487625],[120.453416,23.487639],[120.453458,23.487647],[120.453508,23.487651],[120.453539,23.487647],[120.453565,23.48763],[120.453582,23.487603]]]}},{"type":"Feature","properties":{"id":"26aeb698ec40","NAME":"忠孝路","PSTART":"忠孝路","PEND":"忠孝路","SW_DIRECT":"1","SW_LENG":28.09,"SW_WTH":2.1,"SWW_WTH":2.1,"SW_RAMP":1,"VILL_NAME":"東區"},"geometry":{"type":"Polygon","coordinates":[[[120.453343,23.487769],[120.453364,23.487771],[120.453378,23.487748],[120.453403,23.487736],[120.453496,23.487745],[120.453514,23.487754],[120.453527,23.48777],[120.453534,23.487788],[120.453534,23.487806],[120.453554,23.487809],[120.453555,23.487781],[120.453546,23.487758],[120.453529,23.487739],[120.453505,23.487727],[120.45341,23.487716],[120.453394,23.487718],[120.453361,23.487736],[120.453347,23.487756],[120.453343,23.487769]]]}},{"type":"Feature","properties":{"id":"f00512b24d1e","NAME":"忠孝路","PSTART":"忠孝路","PEND":"忠孝路346巷","SW_DIRECT":"1","SW_LENG":179.6,"SW_WTH":3.23,"SWW_WTH":1.38,"SW_RAMP":2,"VILL_NAME":"東區"},"geometry":{"type":"Polygon","coordinates":[[[120.453503,23.488926],[120.45362,23.48812],[120.453626,23.488104],[120.453627,23.488059],[120.453641,23.488011],[120.453641,23.487963],[120.453655,23.487876],[120.453662,23.487853],[120.453658,23.487853],[120.453715,23.48744],[120.453693,23.487445],[120.453681,23.487461],[120.453623,23.487872],[120.45364,23.487853],[120.453621,23.487954],[120.453621,23.488004],[120.453608,23.488049],[120.453601,23.488111],[120.453592,23.488093],[120.45357,23.48825],[120.453582,23.488238],[120.453581,23.488261],[120.453569,23.488302],[120.45357,23.488335],[120.453559,23.488387],[120.453552,23.488373],[120.453505,23.488706],[120.453461,23.489026],[120.453469,23.489044],[120.453489,23.489052],[120.453507,23.488927],[120.453503,23.488926]]]}},{"type":"Feature","properties":{"id":"15630b8b2bbd","NAME":"忠孝路","PSTART":"忠孝路","PEND":"忠孝路","SW_DIRECT":"1","SW_LENG":131.08,"SW_WTH":2.14,"SWW_WTH":1.53,"SW_RAMP":1,"VILL_NAME":"東區"},"geometry":{"type":"Polygon","coordinates":[[[120.453364,23.487771],[120.453343,23.487769],[120.453178,23.488943],[120.453199,23.488945],[120.453364,23.487771]]]}},{"type":"Feature","properties":{"id":"3f84c31b1ae1","NAME":"忠孝路","PSTART":"忠孝路","PEND":"忠孝路","SW_DIRECT":"2","SW_LENG":129.14,"SW_WTH":2.12,"SWW_WTH":1.66,"SW_RAMP":1,"VILL_NAME":"東區"},"geometry":{"type":"Polygon","coordinates":[[[120.453534,23.487806],[120.453439,23.488475],[120.45337,23.488963],[120.45339,23.488965],[120.453459,23.488481],[120.453554,23.487809],[120.453534,23.487806]]]}},{"type":"Feature","properties":{"id":"4140a1698d79","NAME":"忠孝路","PSTART":"忠孝路","PEND":"忠孝路346巷","SW_DIRECT":"2","SW_LENG":191.47,"SW_WTH":2.62,"SWW_WTH":1.6,"SW_RAMP":5,"VILL_NAME":"東區"},"geometry":{"type":"Polygon","coordinates":[[[120.453164,23.487337],[120.453164,23.48731],[120.453161,23.487303],[120.453151,23.4873],[120.453129,23.487305],[120.453121,23.487372],[120.453133,23.487373],[120.453122,23.487458],[120.453093,23.487455],[120.453082,23.487566],[120.453106,23.487568],[120.45309,23.48768],[120.453072,23.487678],[120.453067,23.487718],[120.453052,23.487724],[120.453036,23.487893],[120.453043,23.487894],[120.45304,23.487922],[120.453054,23.487924],[120.452901,23.489013],[120.452916,23.489014],[120.452925,23.489009],[120.452934,23.488968],[120.453164,23.487337]]]}},{"type":"Feature","properties":{"id":"117243a8c1b9","NAME":"忠孝路","PSTART":"忠孝路","PEND":"忠孝路","SW_DIRECT":"1","SW_LENG":30.08,"SW_WTH":2.14,"SWW_WTH":1.72,"SW_RAMP":2,"VILL_NAME":"東區"},"geometry":{"type":"Polygon","coordinates":[[[120.45339,23.488965],[120.45337,23.488963],[120.453366,23.488984],[120.453354,23.489001],[120.453336,23.489012],[120.453315,23.489016],[120.453239,23.489007],[120.453219,23.489],[120.4532,23.488977],[120.453199,23.488945],[120.453178,23.488943],[120.453176,23.488961],[120.453185,23.488994],[120.453213,23.489019],[120.453235,23.489026],[120.453314,23.489035],[120.453364,23.489021],[120.453383,23.488994],[120.45339,23.488965]]]}},{"type":"Feature","properties":{"id":"be1b9c8e030d","NAME":"維新路","PSTART":"林森東路","PEND":"維新路160巷","SW_DIRECT":"2","SW_LENG":239.15,"SW_WTH":1.53,"SWW_WTH":1.46,"SW_RAMP":0,"VILL_NAME":"東區"},"geometry":{"type":"Polygon","coordinates":[[[120.45811,23.487112],[120.458123,23.487235],[120.458111,23.487306],[120.45809,23.487367],[120.458039,23.487485],[120.457898,23.487716],[120.457712,23.487991],[120.457673,23.488056],[120.457319,23.488768],[120.457281,23.488827],[120.457165,23.489058],[120.457295,23.489103],[120.457299,23.489093],[120.457179,23.489053],[120.457181,23.48905],[120.457239,23.48895],[120.45728,23.488869],[120.45728,23.488857],[120.457287,23.488843],[120.457324,23.488787],[120.457644,23.488148],[120.457722,23.488002],[120.457907,23.487727],[120.457997,23.487586],[120.458075,23.487441],[120.458124,23.487309],[120.458136,23.487236],[120.458124,23.48711],[120.45811,23.487112]]]}},{"type":"Feature","properties":{"id":"5c193122a545","NAME":"盧義路","PSTART":"盧義路","PEND":"林森東路842巷","SW_DIRECT":"1","SW_LENG":757.48,"SW_WTH":3.25,"SWW_WTH":2.23,"SW_RAMP":2,"VILL_NAME":"東區"},"geometry":{"type":"Polygon","coordinates":[[[120.484682,23.490269],[120.484521,23.489437],[120.484439,23.488991],[120.484435,23.488992],[120.484217,23.487835],[120.483751,23.485706],[120.483414,23.484113],[120.483365,23.483857],[120.483353,23.48386],[120.483341,23.483872],[120.483336,23.48389],[120.483339,23.483909],[120.483349,23.483907],[120.483358,23.483952],[120.483348,23.483953],[120.483358,23.484],[120.483368,23.483999],[120.483526,23.484747],[120.483517,23.484749],[120.483527,23.484795],[120.483536,23.484794],[120.483618,23.48518],[120.483609,23.485182],[120.483611,23.485189],[120.483615,23.485189],[120.484185,23.487797],[120.484404,23.488964],[120.4844,23.488965],[120.4844,23.488969],[120.484507,23.489532],[120.484516,23.48953],[120.484619,23.490059],[120.484609,23.490061],[120.484617,23.490101],[120.484626,23.490099],[120.484711,23.490529],[120.484701,23.49053],[120.484704,23.49055],[120.484718,23.490567],[120.484741,23.490571],[120.484699,23.490354],[120.484684,23.490313],[120.484682,23.490269]]]}},{"type":"Feature","properties":{"id":"0040f11bcab9","NAME":"忠孝路","PSTART":"忠孝路","PEND":"忠孝路","SW_DIRECT":"2","SW_LENG":29.0,"SW_WTH":2.28,"SWW_WTH":1.94,"SW_RAMP":2,"VILL_NAME":"東區"},"geometry":{"type":"Polygon","coordinates":[[[120.453145,23.489187],[120.453165,23.489191],[120.453181,23.489167],[120.453207,23.489156],[120.453301,23.489166],[120.453316,23.489174],[120.453329,23.489188],[120.453335,23.489203],[120.453334,23.489219],[120.453355,23.489222],[120.453356,23.489203],[120.453347,23.489177],[120.453335,23.489163],[120.45331,23.489148],[120.453216,23.489136],[120.453196,23.489138],[120.453162,23.489156],[120.453145,23.489187]]]}},{"type":"Feature","properties":{"id":"3e49419317ce","NAME":"盧義路","PSTART":"盧義路","PEND":"林森東路842巷","SW_DIRECT":"1","SW_LENG":748.18,"SW_WTH":3.47,"SWW_WTH":4.21,"SW_RAMP":2,"VILL_NAME":"東區"},"geometry":{"type":"Polygon","coordinates":[[[120.484565,23.490511],[120.484563,23.490491],[120.484554,23.490494],[120.48449,23.490164],[120.4845,23.490162],[120.484468,23.489996],[120.484458,23.489998],[120.484408,23.48974],[120.484417,23.489739],[120.484393,23.489612],[120.484392,23.489609],[120.484382,23.48961],[120.484371,23.489554],[120.484381,23.489552],[120.484273,23.488985],[120.484268,23.488985],[120.484049,23.48782],[120.483577,23.485667],[120.483497,23.485293],[120.483501,23.485292],[120.483483,23.485206],[120.483473,23.485208],[120.483213,23.483978],[120.483223,23.483975],[120.483214,23.483934],[120.483201,23.483915],[120.483175,23.48391],[120.483449,23.485212],[120.483452,23.485212],[120.483473,23.485293],[120.483553,23.485675],[120.484023,23.487817],[120.484249,23.489021],[120.484246,23.489022],[120.484267,23.489145],[120.484539,23.490542],[120.484548,23.490541],[120.48456,23.490526],[120.484565,23.490511]]]}},{"type":"Feature","properties":{"id":"aec6ab3a003c","NAME":"忠孝路","PSTART":"忠孝街 346巷","PEND":"博東路","SW_DIRECT":"1","SW_LENG":102.35,"SW_WTH":3.09,"SWW_WTH":2.25,"SW_RAMP":2,"VILL_NAME":"東區"},"geometry":{"type":"Polygon","coordinates":[[[120.453471,23.489159],[120.453452,23.489165],[120.453439,23.48918],[120.453323,23.490001],[120.453327,23.490013],[120.453365,23.490059],[120.453409,23.490065],[120.453356,23.49],[120.453471,23.489159]]]}},{"type":"Feature","properties":{"id":"97054a85038b","NAME":"忠孝路","PSTART":"無名路","PEND":"博愛路一段","SW_DIRECT":"2","SW_LENG":85.19,"SW_WTH":2.99,"SWW_WTH":1.56,"SW_RAMP":2,"VILL_NAME":"東區"},"geometry":{"type":"Polygon","coordinates":[[[120.452886,23.489116],[120.452778,23.489887],[120.4528,23.489883],[120.45281,23.489874],[120.452912,23.489148],[120.452906,23.489127],[120.452886,23.489116]]]}},{"type":"Feature","properties":{"id":"869b933e88b4","NAME":"忠孝路","PSTART":"忠孝街 346巷","PEND":"博東路","SW_DIRECT":"1","SW_LENG":86.37,"SW_WTH":2.11,"SWW_WTH":1.66,"SW_RAMP":2,"VILL_NAME":"東區"},"geometry":{"type":"Polygon","coordinates":[[[120.453165,23.489191],[120.453145,23.489187],[120.453035,23.489961],[120.453055,23.489963],[120.453165,23.489191]]]}},{"type":"Feature","properties":{"id":"b90689371ea5","NAME":"忠孝路","PSTART":"忠孝街 346巷","PEND":"博東路","SW_DIRECT":"2","SW_LENG":84.55,"SW_WTH":2.12,"SWW_WTH":1.65,"SW_RAMP":1,"VILL_NAME":"東區"},"geometry":{"type":"Polygon","coordinates":[[[120.453355,23.489222],[120.453334,23.489219],[120.453228,23.489976],[120.453248,23.489979],[120.453355,23.489222]]]}},{"type":"Feature","properties":{"id":"1233c3e718fb","NAME":"博東路","PSTART":"忠孝路","PEND":"忠孝路","SW_DIRECT":"1","SW_LENG":17.73,"SW_WTH":2.1,"SWW_WTH":1.1,"SW_RAMP":2,"VILL_NAME":"東區"},"geometry":{"type":"Polygon","coordinates":[[[120.453248,23.489979],[120.453228,23.489976],[120.453214,23.490002],[120.453188,23.490016],[120.453096,23.490011],[120.45308,23.490005],[120.453067,23.489995],[120.453058,23.489979],[120.453055,23.489963],[120.453035,23.489961],[120.453039,23.489986],[120.453054,23.49001],[120.453075,23.490024],[120.453101,23.49003],[120.453188,23.490036],[120.453233,23.490013],[120.453243,23.489997],[120.453248,23.489979]]]}},{"type":"Feature","properties":{"id":"4a9c7774aafa","NAME":"忠孝路","PSTART":"忠孝路","PEND":"忠孝路","SW_DIRECT":"1","SW_LENG":20.34,"SW_WTH":2.4,"SWW_WTH":2.4,"SW_RAMP":2,"VILL_NAME":"東區"},"geometry":{"type":"Polygon","coordinates":[[[120.453191,23.490327],[120.452997,23.490306],[120.452989,23.490327],[120.453188,23.490349],[120.453191,23.490327]]]}},{"type":"Feature","properties":{"id":"12916ab37e45","NAME":"忠孝路","PSTART":"博東路","PEND":"無名路","SW_DIRECT":"1","SW_LENG":19.96,"SW_WTH":3.5,"SWW_WTH":1.71,"SW_RAMP":2,"VILL_NAME":"東區"},"geometry":{"type":"Polygon","coordinates":[[[120.453324,23.490241],[120.453298,23.490245],[120.453283,23.490262],[120.453263,23.490394],[120.453264,23.490406],[120.45327,23.490415],[120.453295,23.490424],[120.453315,23.490273],[120.453324,23.490241]]]}},{"type":"Feature","properties":{"id":"319a9873dfa4","NAME":"維新路","PSTART":"維新路160巷","PEND":"博東路","SW_DIRECT":"2","SW_LENG":144.66,"SW_WTH":1.62,"SWW_WTH":1.55,"SW_RAMP":0,"VILL_NAME":"東區"},"geometry":{"type":"Polygon","coordinates":[[[120.457015,23.490034],[120.456893,23.490433],[120.456889,23.490434],[120.456895,23.490442],[120.456906,23.490444],[120.457282,23.489223],[120.457288,23.489186],[120.457263,23.489177],[120.457262,23.489218],[120.457253,23.489264],[120.457074,23.489845],[120.457044,23.489891],[120.457035,23.489895],[120.457011,23.489973],[120.457018,23.489979],[120.457015,23.490034]]]}},{"type":"Feature","properties":{"id":"8aec0ce36935","NAME":"忠孝路","PSTART":"博東路","PEND":"無名路","SW_DIRECT":"1","SW_LENG":20.7,"SW_WTH":3.71,"SWW_WTH":3.71,"SW_RAMP":2,"VILL_NAME":"東區"},"geometry":{"type":"Polygon","coordinates":[[[120.453262,23.490649],[120.453285,23.490485],[120.453288,23.490475],[120.453264,23.490478],[120.453248,23.490495],[120.453226,23.490634],[120.453229,23.490649],[120.453241,23.49066],[120.453253,23.490662],[120.453255,23.490648],[120.453262,23.490649]]]}},{"type":"Feature","properties":{"id":"1c118b39d80f","NAME":"忠孝路","PSTART":"無名路","PEND":"無名路","SW_DIRECT":"2","SW_LENG":16.04,"SW_WTH":2.41,"SWW_WTH":2.41,"SW_RAMP":2,"VILL_NAME":"東區"},"geometry":{"type":"Polygon","coordinates":[[[120.452385,23.490553],[120.452361,23.490703],[120.452378,23.490699],[120.452387,23.490687],[120.452405,23.490575],[120.452399,23.490561],[120.452385,23.490553]]]}},{"type":"Feature","properties":{"id":"818960ef9d09","NAME":"盧義路","PSTART":"林森東路842巷","PEND":"盧義路","SW_DIRECT":"1","SW_LENG":45.17,"SW_WTH":3.35,"SWW_WTH":2.36,"SW_RAMP":2,"VILL_NAME":"東區"},"geometry":{"type":"Polygon","coordinates":[[[120.484755,23.490642],[120.484736,23.490655],[120.484729,23.490677],[120.484735,23.490705],[120.484744,23.490703],[120.484773,23.49088],[120.484763,23.49088],[120.484765,23.490915],[120.484775,23.490916],[120.484774,23.490991],[120.484765,23.490991],[120.484764,23.491028],[120.484774,23.491045],[120.484794,23.491053],[120.484798,23.490971],[120.484796,23.490898],[120.484777,23.490756],[120.484755,23.490642]]]}},{"type":"Feature","properties":{"id":"2f3863f84d99","NAME":"忠孝路","PSTART":"無名路","PEND":"忠孝路 396巷","SW_DIRECT":"1","SW_LENG":15.97,"SW_WTH":2.47,"SWW_WTH":2.47,"SW_RAMP":2,"VILL_NAME":"東區"},"geometry":{"type":"Polygon","coordinates":[[[120.453191,23.491032],[120.453214,23.490881],[120.453198,23.490885],[120.453187,23.490898],[120.45317,23.491005],[120.453176,23.491022],[120.453191,23.491032]]]}},{"type":"Feature","properties":{"id":"a1cd5b26ddf0","NAME":"盧義路","PSTART":"林森東路842巷","PEND":"盧義路","SW_DIRECT":"1","SW_LENG":203.19,"SW_WTH":3.48,"SWW_WTH":2.45,"SW_RAMP":2,"VILL_NAME":"東區"},"geometry":{"type":"Polygon","coordinates":[[[120.483831,23.492145],[120.483853,23.492118],[120.483861,23.492124],[120.483881,23.4921],[120.483874,23.492094],[120.483889,23.492077],[120.483897,23.492082],[120.483925,23.492051],[120.483918,23.492045],[120.484237,23.491695],[120.484245,23.4917],[120.484272,23.49167],[120.484264,23.491665],[120.484373,23.491545],[120.48438,23.491551],[120.484387,23.491543],[120.48446,23.491461],[120.484472,23.491444],[120.484463,23.491439],[120.484507,23.491374],[120.484515,23.491379],[120.484532,23.491352],[120.484523,23.491347],[120.484574,23.491241],[120.484601,23.491157],[120.484619,23.491071],[120.484627,23.490984],[120.484626,23.490896],[120.484615,23.490809],[120.484625,23.490807],[120.484616,23.490761],[120.484606,23.490762],[120.484583,23.490642],[120.484592,23.49064],[120.48459,23.490623],[120.484584,23.490612],[120.484573,23.490604],[120.48455,23.4906],[120.484598,23.490845],[120.484604,23.490897],[120.484605,23.490977],[120.484599,23.491056],[120.484589,23.491111],[120.484568,23.491192],[120.484548,23.491245],[120.484481,23.491372],[120.484413,23.491465],[120.483873,23.492059],[120.483783,23.492169],[120.483798,23.492176],[120.483818,23.492172],[120.483838,23.492151],[120.483831,23.492145]]]}},{"type":"Feature","properties":{"id":"6f7ac116f7ff","NAME":"維新路","PSTART":"博東路","PEND":"維新路216巷","SW_DIRECT":"2","SW_LENG":112.45,"SW_WTH":1.71,"SWW_WTH":1.43,"SW_RAMP":0,"VILL_NAME":"東區"},"geometry":{"type":"Polygon","coordinates":[[[120.456831,23.49061],[120.456562,23.491485],[120.456547,23.491547],[120.456521,23.491579],[120.45655,23.491588],[120.456848,23.49061],[120.456837,23.490607],[120.456831,23.49061]]]}},{"type":"Feature","properties":{"id":"cc36b3adc396","NAME":"忠孝路 396巷","PSTART":"忠孝路","PEND":"嘉南街","SW_DIRECT":"1","SW_LENG":120.29,"SW_WTH":1.26,"SWW_WTH":1.23,"SW_RAMP":2,"VILL_NAME":"東區"},"geometry":{"type":"Polygon","coordinates":[[[120.453184,23.491048],[120.453265,23.491103],[120.453787,23.491382],[120.454199,23.491596],[120.454205,23.491587],[120.454201,23.491581],[120.453983,23.491472],[120.453272,23.491093],[120.453231,23.491069],[120.453195,23.491039],[120.453189,23.491038],[120.453184,23.491048]]]}},{"type":"Feature","properties":{"id":"4c1b0c6a4e5a","NAME":"忠孝路","PSTART":"忠孝路 396巷","PEND":"嘉南街","SW_DIRECT":"1","SW_LENG":84.13,"SW_WTH":3.11,"SWW_WTH":3.11,"SW_RAMP":5,"VILL_NAME":"東區"},"geometry":{"type":"Polygon","coordinates":[[[120.453147,23.49114],[120.453038,23.491858],[120.453044,23.49187],[120.453066,23.491875],[120.453181,23.491116],[120.453159,23.491123],[120.453147,23.49114]]]}},{"type":"Feature","properties":{"id":"0c4edb66b666","NAME":"忠孝路","PSTART":"無名路","PEND":"忠孝路 401巷","SW_DIRECT":"2","SW_LENG":137.22,"SW_WTH":3.16,"SWW_WTH":2.8,"SW_RAMP":6,"VILL_NAME":"東區"},"geometry":{"type":"Polygon","coordinates":[[[120.452351,23.490747],[120.452161,23.491967],[120.452174,23.491976],[120.452188,23.491971],[120.452195,23.491957],[120.452379,23.490762],[120.452372,23.490751],[120.452351,23.490747]]]}},{"type":"Feature","properties":{"id":"0a4f0f19333c","NAME":"忠孝路","PSTART":"忠孝路","PEND":"忠孝路","SW_DIRECT":"1","SW_LENG":18.26,"SW_WTH":2.68,"SWW_WTH":2.68,"SW_RAMP":2,"VILL_NAME":"東區"},"geometry":{"type":"Polygon","coordinates":[[[120.452465,23.491994],[120.452474,23.491971],[120.452307,23.491908],[120.452304,23.491935],[120.452465,23.491994]]]}},{"type":"Feature","properties":{"id":"959d7bfc1342","NAME":"維新路","PSTART":"維新路216巷","PEND":"忠孝路396巷","SW_DIRECT":"2","SW_LENG":66.33,"SW_WTH":1.89,"SWW_WTH":1.6,"SW_RAMP":0,"VILL_NAME":"東區"},"geometry":{"type":"Polygon","coordinates":[[[120.456504,23.491641],[120.456503,23.491691],[120.456445,23.491828],[120.456301,23.492058],[120.456302,23.492139],[120.456262,23.492145],[120.45626,23.492156],[120.45632,23.492149],[120.456321,23.492065],[120.45634,23.492027],[120.456459,23.491839],[120.456515,23.491706],[120.456532,23.49165],[120.456504,23.491641]]]}},{"type":"Feature","properties":{"id":"f4971d35b02c","NAME":"盧義路","PSTART":"盧義路","PEND":"盧義路","SW_DIRECT":"1","SW_LENG":152.5,"SW_WTH":3.26,"SWW_WTH":2.28,"SW_RAMP":2,"VILL_NAME":"東區"},"geometry":{"type":"Polygon","coordinates":[[[120.484736,23.491182],[120.484745,23.491185],[120.484736,23.491215],[120.484692,23.491334],[120.484649,23.491419],[120.484586,23.491515],[120.484532,23.491581],[120.484356,23.491774],[120.484349,23.491768],[120.484327,23.491793],[120.484334,23.491798],[120.484011,23.492154],[120.483943,23.492235],[120.483935,23.492229],[120.48392,23.492258],[120.483923,23.492273],[120.483933,23.492284],[120.484009,23.492188],[120.484548,23.491598],[120.484614,23.491517],[120.48467,23.49143],[120.484717,23.491338],[120.484778,23.491162],[120.484765,23.49116],[120.484752,23.491164],[120.484736,23.491182]]]}},{"type":"Feature","properties":{"id":"d1ed1d95631a","NAME":"忠孝路 396巷","PSTART":"嘉南街","PEND":"維新路","SW_DIRECT":"1","SW_LENG":195.63,"SW_WTH":1.41,"SWW_WTH":1.41,"SW_RAMP":2,"VILL_NAME":"東區"},"geometry":{"type":"Polygon","coordinates":[[[120.455945,23.492161],[120.455945,23.492166],[120.455677,23.492173],[120.4555,23.492169],[120.45536,23.492154],[120.455273,23.492135],[120.455186,23.492103],[120.455136,23.49208],[120.454375,23.491668],[120.454369,23.49168],[120.455113,23.492083],[120.455187,23.492117],[120.455279,23.492151],[120.455344,23.492166],[120.455495,23.492184],[120.455558,23.492187],[120.455841,23.492183],[120.456149,23.492172],[120.45615,23.49215],[120.456138,23.492155],[120.455945,23.492161]]]}},{"type":"Feature","properties":{"id":"a388171a7329","NAME":"忠孝路","PSTART":"忠孝路","PEND":"忠孝路","SW_DIRECT":"1","SW_LENG":31.53,"SW_WTH":2.73,"SWW_WTH":2.73,"SW_RAMP":2,"VILL_NAME":"東區"},"geometry":{"type":"Polygon","coordinates":[[[120.452715,23.492144],[120.452867,23.492378],[120.452881,23.492351],[120.452717,23.492099],[120.452715,23.492144]]]}},{"type":"Feature","properties":{"id":"14b611577fcc","NAME":"忠孝路","PSTART":"嘉南街","PEND":"台林街","SW_DIRECT":"1","SW_LENG":67.19,"SW_WTH":3.01,"SWW_WTH":2.52,"SW_RAMP":4,"VILL_NAME":"東區"},"geometry":{"type":"Polygon","coordinates":[[[120.453048,23.491978],[120.45303,23.491977],[120.453017,23.491991],[120.452988,23.49217],[120.45293,23.49255],[120.452936,23.492571],[120.452953,23.49259],[120.453048,23.491978]]]}},{"type":"Feature","properties":{"id":"73f4690e3e40","NAME":"嘉南街","PSTART":"嘉北街 79巷","PEND":"維新路","SW_DIRECT":"2","SW_LENG":145.36,"SW_WTH":3.62,"SWW_WTH":1.93,"SW_RAMP":3,"VILL_NAME":"東區"},"geometry":{"type":"Polygon","coordinates":[[[120.455891,23.492686],[120.454468,23.492652],[120.454467,23.49267],[120.454536,23.492672],[120.454539,23.492682],[120.454612,23.492683],[120.454615,23.492674],[120.454703,23.492676],[120.454708,23.49268],[120.454708,23.492696],[120.454815,23.492698],[120.454818,23.492686],[120.454853,23.492687],[120.454858,23.49269],[120.454858,23.492699],[120.454872,23.4927],[120.454873,23.492683],[120.454878,23.49268],[120.454936,23.492681],[120.45494,23.492685],[120.45494,23.492695],[120.454978,23.492696],[120.454978,23.492686],[120.454983,23.492683],[120.455091,23.492686],[120.455096,23.492689],[120.455096,23.492699],[120.455135,23.492699],[120.455135,23.49269],[120.45514,23.492687],[120.455248,23.49269],[120.455253,23.492694],[120.455253,23.492703],[120.455291,23.492704],[120.455292,23.492694],[120.455296,23.492691],[120.455405,23.492694],[120.455409,23.492697],[120.45541,23.492707],[120.455448,23.492708],[120.455449,23.492699],[120.455453,23.492695],[120.455561,23.492698],[120.455566,23.492702],[120.455566,23.492711],[120.455605,23.492712],[120.455605,23.492703],[120.455611,23.4927],[120.455718,23.492702],[120.455724,23.492707],[120.455723,23.492716],[120.455753,23.492716],[120.455753,23.492701],[120.45589,23.492701],[120.455891,23.492686]]]}},{"type":"Feature","properties":{"id":"c323a1e790e1","NAME":"盧義路","PSTART":"盧義路","PEND":"盧義路","SW_DIRECT":"1","SW_LENG":152.86,"SW_WTH":3.58,"SWW_WTH":2.53,"SW_RAMP":2,"VILL_NAME":"東區"},"geometry":{"type":"Polygon","coordinates":[[[120.483237,23.493449],[120.483308,23.49332],[120.483317,23.493324],[120.483323,23.493311],[120.483459,23.492969],[120.48345,23.492966],[120.483668,23.492418],[120.483722,23.492309],[120.48373,23.492313],[120.483738,23.492298],[120.483738,23.492275],[120.483723,23.492257],[120.483665,23.492361],[120.483287,23.493306],[120.483253,23.493374],[120.483215,23.493439],[120.483147,23.493532],[120.483173,23.493538],[120.483194,23.493527],[120.483202,23.493515],[120.483195,23.49351],[120.483237,23.493449]]]}},{"type":"Feature","properties":{"id":"9be3c1d85b0e","NAME":"盧義路","PSTART":"盧義路","PEND":"盧義路","SW_DIRECT":"1","SW_LENG":136.69,"SW_WTH":3.54,"SWW_WTH":2.54,"SW_RAMP":2,"VILL_NAME":"東區"},"geometry":{"type":"Polygon","coordinates":[[[120.483852,23.492425],[120.483827,23.492424],[120.483807,23.492439],[120.483755,23.492565],[120.483764,23.492569],[120.483657,23.492839],[120.483647,23.492836],[120.483584,23.492995],[120.483593,23.492998],[120.483563,23.493077],[120.483553,23.493074],[120.483481,23.493255],[120.483475,23.493271],[120.483483,23.493275],[120.483455,23.493347],[120.483393,23.493471],[120.483356,23.493531],[120.483347,23.493526],[120.483339,23.493541],[120.483339,23.49356],[120.483353,23.493576],[120.483431,23.493453],[120.483478,23.493356],[120.483786,23.492574],[120.483852,23.492425]]]}},{"type":"Feature","properties":{"id":"2503d74cfbb8","NAME":"忠孝路","PSTART":"忠孝路 401巷","PEND":"嘉北街","SW_DIRECT":"2","SW_LENG":164.44,"SW_WTH":2.53,"SWW_WTH":2.11,"SW_RAMP":6,"VILL_NAME":"東區"},"geometry":{"type":"Polygon","coordinates":[[[120.451934,23.493498],[120.451948,23.493499],[120.451959,23.493484],[120.452135,23.492346],[120.45218,23.492048],[120.452176,23.492035],[120.452159,23.492022],[120.451934,23.493498]]]}},{"type":"Feature","properties":{"id":"9599b8057f8d","NAME":"嘉北街","PSTART":"忠孝路","PEND":"忠孝路","SW_DIRECT":"1","SW_LENG":20.25,"SW_WTH":2.47,"SWW_WTH":2.47,"SW_RAMP":2,"VILL_NAME":"東區"},"geometry":{"type":"Polygon","coordinates":[[[120.452241,23.493486],[120.452041,23.493458],[120.452041,23.493459],[120.452045,23.493481],[120.452231,23.493507],[120.452241,23.493486]]]}},{"type":"Feature","properties":{"id":"66c14ef2cea0","NAME":"嘉北街","PSTART":"忠孝路","PEND":"忠孝路","SW_DIRECT":"1","SW_LENG":21.08,"SW_WTH":2.45,"SWW_WTH":2.45,"SW_RAMP":2,"VILL_NAME":"東區"},"geometry":{"type":"Polygon","coordinates":[[[120.452666,23.49367],[120.452681,23.493652],[120.45249,23.493566],[120.452491,23.493592],[120.452666,23.49367]]]}},{"type":"Feature","properties":{"id":"52e3e857b6d5","NAME":"嘉北街 79巷","PSTART":"嘉南街","PEND":"嘉北街","SW_DIRECT":"1","SW_LENG":125.76,"SW_WTH":1.36,"SWW_WTH":1.23,"SW_RAMP":5,"VILL_NAME":"東區"},"geometry":{"type":"Polygon","coordinates":[[[120.454439,23.493668],[120.454406,23.493665],[120.454384,23.493653],[120.45437,23.493634],[120.454366,23.493605],[120.454379,23.492935],[120.454426,23.492931],[120.45443,23.492769],[120.454414,23.492769],[120.454409,23.492764],[120.45441,23.492706],[120.454428,23.492691],[120.45446,23.492691],[120.45446,23.492675],[120.454467,23.49267],[120.454468,23.492652],[120.454454,23.492651],[120.454397,23.492664],[120.454375,23.492689],[120.454371,23.492703],[120.454352,23.493606],[120.454355,23.493643],[120.454375,23.493668],[120.454402,23.49368],[120.454439,23.493681],[120.454439,23.493668]]]}},{"type":"Feature","properties":{"id":"2160226db422","NAME":"嘉北街","PSTART":"嘉北街 79巷","PEND":"嘉北街 13巷","SW_DIRECT":"1","SW_LENG":164.78,"SW_WTH":1.52,"SWW_WTH":1.38,"SW_RAMP":3,"VILL_NAME":"東區"},"geometry":{"type":"Polygon","coordinates":[[[120.45494,23.493684],[120.455157,23.493691],[120.455157,23.493687],[120.455134,23.493664],[120.455134,23.493658],[120.454977,23.493653],[120.454977,23.493656],[120.45494,23.493684]]]}},{"type":"Feature","properties":{"id":"e455a7bed59f","NAME":"盧義路","PSTART":"盧義路","PEND":"盧義路","SW_DIRECT":"2","SW_LENG":21.76,"SW_WTH":3.63,"SWW_WTH":2.64,"SW_RAMP":2,"VILL_NAME":"東區"},"geometry":{"type":"Polygon","coordinates":[[[120.483158,23.493791],[120.483232,23.493723],[120.483306,23.493639],[120.483281,23.493634],[120.483262,23.493641],[120.483244,23.49366],[120.483251,23.493666],[120.483198,23.493722],[120.48317,23.493748],[120.483163,23.493742],[120.483155,23.493749],[120.483147,23.49377],[120.48315,23.493782],[120.483158,23.493791]]]}},{"type":"Feature","properties":{"id":"91cee2a4c0aa","NAME":"嘉北街","PSTART":"忠孝路","PEND":"忠孝路","SW_DIRECT":"2","SW_LENG":20.63,"SW_WTH":2.45,"SWW_WTH":2.45,"SW_RAMP":2,"VILL_NAME":"東區"},"geometry":{"type":"Polygon","coordinates":[[[120.452209,23.493699],[120.452209,23.493677],[120.452028,23.493658],[120.45201,23.493656],[120.452006,23.493678],[120.452209,23.493699]]]}},{"type":"Feature","properties":{"id":"56bea0e29fa8","NAME":"忠孝路","PSTART":"台林街","PEND":"嘉北街","SW_DIRECT":"1","SW_LENG":115.06,"SW_WTH":3.07,"SWW_WTH":3.07,"SW_RAMP":2,"VILL_NAME":"東區"},"geometry":{"type":"Polygon","coordinates":[[[120.452907,23.492707],[120.452754,23.493701],[120.45276,23.493716],[120.45278,23.493727],[120.45294,23.492697],[120.45292,23.492695],[120.452907,23.492707]]]}},{"type":"Feature","properties":{"id":"08d4ce1658c7","NAME":"嘉北街","PSTART":"忠孝路","PEND":"忠孝路","SW_DIRECT":"2","SW_LENG":20.88,"SW_WTH":2.66,"SWW_WTH":2.66,"SW_RAMP":2,"VILL_NAME":"東區"},"geometry":{"type":"Polygon","coordinates":[[[120.452458,23.493775],[120.45265,23.493858],[120.452647,23.493831],[120.452487,23.49376],[120.452472,23.493755],[120.452458,23.493775]]]}},{"type":"Feature","properties":{"id":"213ba5908879","NAME":"忠孝路","PSTART":"嘉北街","PEND":"無名路","SW_DIRECT":"1","SW_LENG":37.31,"SW_WTH":3.28,"SWW_WTH":2.27,"SW_RAMP":3,"VILL_NAME":"東區"},"geometry":{"type":"Polygon","coordinates":[[[120.452712,23.494166],[120.452763,23.493837],[120.452751,23.49383],[120.452737,23.493837],[120.452728,23.493854],[120.452684,23.494145],[120.452691,23.494161],[120.452712,23.494166]]]}},{"type":"Feature","properties":{"id":"8aa856b4e7a7","NAME":"盧義路","PSTART":"盧義路","PEND":"林森東路","SW_DIRECT":"2","SW_LENG":131.32,"SW_WTH":3.44,"SWW_WTH":2.46,"SW_RAMP":2,"VILL_NAME":"東區"},"geometry":{"type":"Polygon","coordinates":[[[120.482092,23.494378],[120.482114,23.494388],[120.48214,23.494381],[120.482136,23.494374],[120.482475,23.494111],[120.48289,23.493793],[120.482896,23.493799],[120.482935,23.493769],[120.482929,23.493763],[120.483062,23.493656],[120.483068,23.493663],[120.483082,23.49365],[120.483089,23.493629],[120.483079,23.493607],[120.482988,23.493688],[120.482092,23.494378]]]}},{"type":"Feature","properties":{"id":"6dc5fe381deb","NAME":"盧義路","PSTART":"盧義路","PEND":"林森東路","SW_DIRECT":"2","SW_LENG":113.01,"SW_WTH":3.46,"SWW_WTH":2.45,"SW_RAMP":2,"VILL_NAME":"東區"},"geometry":{"type":"Polygon","coordinates":[[[120.483025,23.493895],[120.483002,23.493884],[120.482977,23.493891],[120.482965,23.493901],[120.48297,23.493908],[120.482596,23.494196],[120.482184,23.494513],[120.482178,23.494506],[120.482174,23.494508],[120.482163,23.494528],[120.482169,23.49455],[120.483025,23.493895]]]}},{"type":"Feature","properties":{"id":"6c2c91d1934f","NAME":"忠孝路","PSTART":"嘉北街","PEND":"無名路","SW_DIRECT":"2","SW_LENG":111.64,"SW_WTH":2.85,"SWW_WTH":2.85,"SW_RAMP":5,"VILL_NAME":"東區"},"geometry":{"type":"Polygon","coordinates":[[[120.451756,23.494599],[120.451775,23.494599],[120.451786,23.494587],[120.451807,23.49446],[120.451935,23.493642],[120.451935,23.493609],[120.451928,23.493602],[120.451913,23.4936],[120.451756,23.494599]]]}},{"type":"Feature","properties":{"id":"0207c6df248b","NAME":"忠孝路","PSTART":"無名路","PEND":"無名路","SW_DIRECT":"1","SW_LENG":88.22,"SW_WTH":3.23,"SWW_WTH":3.23,"SW_RAMP":3,"VILL_NAME":"東區"},"geometry":{"type":"Polygon","coordinates":[[[120.452706,23.494203],[120.452683,23.494205],[120.452671,23.494221],[120.452579,23.494807],[120.452552,23.494983],[120.452582,23.494995],[120.452706,23.494203]]]}},{"type":"Feature","properties":{"id":"bf503be21bfb","NAME":"忠孝路","PSTART":"台斗街","PEND":"世賢路一段","SW_DIRECT":"2","SW_LENG":96.34,"SW_WTH":3.09,"SWW_WTH":2.71,"SW_RAMP":3,"VILL_NAME":"東區"},"geometry":{"type":"Polygon","coordinates":[[[120.451762,23.494653],[120.451748,23.494649],[120.451612,23.495507],[120.451643,23.495509],[120.451771,23.494684],[120.451771,23.494665],[120.451762,23.494653]]]}},{"type":"Feature","properties":{"id":"44b03667120b","NAME":"世賢路一段","PSTART":"世賢路一段","PEND":"世賢路一段","SW_DIRECT":"1","SW_LENG":15.32,"SW_WTH":2.85,"SWW_WTH":2.57,"SW_RAMP":2,"VILL_NAME":"東區"},"geometry":{"type":"Polygon","coordinates":[[[120.449705,23.4953],[120.449712,23.495318],[120.449725,23.495327],[120.449832,23.495338],[120.449854,23.495332],[120.449863,23.495314],[120.449705,23.4953]]]}},{"type":"Feature","properties":{"id":"1ed8a80fc63a","NAME":"忠孝路","PSTART":"台林街117巷","PEND":"新生路751巷","SW_DIRECT":"1","SW_LENG":45.59,"SW_WTH":3.01,"SWW_WTH":2.13,"SW_RAMP":2,"VILL_NAME":"東區"},"geometry":{"type":"Polygon","coordinates":[[[120.452511,23.495434],[120.452576,23.495021],[120.452555,23.495023],[120.452544,23.495034],[120.452486,23.495402],[120.452489,23.495419],[120.452502,23.495433],[120.452511,23.495434]]]}},{"type":"Feature","properties":{"id":"8423cf03fdc3","NAME":"世賢路一段","PSTART":"無名路","PEND":"台斗街","SW_DIRECT":"1","SW_LENG":110.67,"SW_WTH":2.98,"SWW_WTH":1.52,"SW_RAMP":2,"VILL_NAME":"東區"},"geometry":{"type":"Polygon","coordinates":[[[120.449905,23.495318],[120.449905,23.495335],[120.449919,23.495344],[120.45095,23.495444],[120.450968,23.495441],[120.450983,23.495431],[120.450983,23.495419],[120.449905,23.495318]]]}},{"type":"Feature","properties":{"id":"d49a52399e9f","NAME":"世賢路一段","PSTART":"台斗街","PEND":"忠孝路","SW_DIRECT":"1","SW_LENG":50.63,"SW_WTH":2.92,"SWW_WTH":2.42,"SW_RAMP":3,"VILL_NAME":"東區"},"geometry":{"type":"Polygon","coordinates":[[[120.451609,23.495481],[120.451111,23.495432],[120.45111,23.495441],[120.451116,23.495452],[120.451128,23.49546],[120.451579,23.495503],[120.451598,23.495498],[120.451609,23.495481]]]}},{"type":"Feature","properties":{"id":"1d395d3170dc","NAME":"忠孝路","PSTART":"忠孝路","PEND":"忠孝路","SW_DIRECT":"1","SW_LENG":39.97,"SW_WTH":2.43,"SWW_WTH":1.55,"SW_RAMP":2,"VILL_NAME":"東區"},"geometry":{"type":"Polygon","coordinates":[[[120.451758,23.495601],[120.451891,23.495722],[120.451897,23.49569],[120.451835,23.495634],[120.451843,23.495622],[120.451846,23.495608],[120.451842,23.495591],[120.45183,23.495578],[120.451835,23.495531],[120.451851,23.495522],[120.451859,23.495505],[120.451856,23.495491],[120.451847,23.49548],[120.451832,23.495474],[120.451816,23.495475],[120.451802,23.495484],[120.451795,23.495498],[120.451723,23.495491],[120.45172,23.495516],[120.451804,23.495523],[120.451812,23.495527],[120.451807,23.495571],[120.451784,23.495578],[120.451758,23.495601]]]}},{"type":"Feature","properties":{"id":"f2aafc4dd315","NAME":"忠孝路","PSTART":"世賢路一段","PEND":"世賢路一段","SW_DIRECT":"2","SW_LENG":11.7,"SW_WTH":7.0,"SWW_WTH":7.0,"SW_RAMP":2,"VILL_NAME":"東區"},"geometry":{"type":"Polygon","coordinates":[[[120.45153,23.49558],[120.451526,23.495585],[120.45152,23.495639],[120.451506,23.49565],[120.4515,23.495665],[120.451502,23.495681],[120.451514,23.495695],[120.451506,23.495763],[120.451541,23.495746],[120.451546,23.495697],[120.451561,23.495687],[120.451568,23.495672],[120.451565,23.495655],[120.451553,23.495642],[120.451557,23.495602],[120.45153,23.49558]]]}},{"type":"Feature","properties":{"id":"2d64b29120da","NAME":"忠孝路","PSTART":"忠孝路","PEND":"忠孝路","SW_DIRECT":"1","SW_LENG":20.69,"SW_WTH":2.67,"SWW_WTH":2.67,"SW_RAMP":2,"VILL_NAME":"東區"},"geometry":{"type":"Polygon","coordinates":[[[120.452148,23.495762],[120.452145,23.495786],[120.452334,23.495841],[120.452341,23.495827],[120.452343,23.495818],[120.452148,23.495762]]]}},{"type":"Feature","properties":{"id":"463055195fa4","NAME":"忠孝路","PSTART":"新生路","PEND":"新生路751巷","SW_DIRECT":"1","SW_LENG":45.26,"SW_WTH":2.95,"SWW_WTH":2.12,"SW_RAMP":3,"VILL_NAME":"東區"},"geometry":{"type":"Polygon","coordinates":[[[120.452436,23.495883],[120.452511,23.495473],[120.452503,23.49547],[120.452484,23.495475],[120.452474,23.495488],[120.452444,23.495673],[120.452416,23.49585],[120.452421,23.495869],[120.452436,23.495883]]]}},{"type":"Feature","properties":{"id":"a9269490a4ee","NAME":"世賢路一段","PSTART":"世賢路一段","PEND":"世賢路一段","SW_DIRECT":"2","SW_LENG":69.66,"SW_WTH":2.91,"SWW_WTH":2.91,"SW_RAMP":2,"VILL_NAME":"東區"},"geometry":{"type":"Polygon","coordinates":[[[120.449658,23.495382],[120.449655,23.495413],[120.449678,23.495416],[120.449662,23.495489],[120.449639,23.495485],[120.44954,23.495907],[120.449563,23.495912],[120.449546,23.495984],[120.449522,23.49598],[120.449511,23.496005],[120.449537,23.496002],[120.449552,23.495983],[120.449685,23.495413],[120.449676,23.495394],[120.449658,23.495382]]]}},{"type":"Feature","properties":{"id":"f979f9af1963","NAME":"世賢路一段","PSTART":"世賢路一段","PEND":"台斗街","SW_DIRECT":"2","SW_LENG":43.83,"SW_WTH":2.9,"SWW_WTH":2.9,"SW_RAMP":1,"VILL_NAME":"東區"},"geometry":{"type":"Polygon","coordinates":[[[120.449909,23.496135],[120.449905,23.496116],[120.449886,23.496107],[120.449546,23.496074],[120.449486,23.496068],[120.449476,23.496094],[120.449909,23.496135]]]}},{"type":"Feature","properties":{"id":"9376ccb2fe4f","NAME":"忠孝路","PSTART":"忠孝路","PEND":"忠孝路","SW_DIRECT":"2","SW_LENG":17.75,"SW_WTH":1.95,"SWW_WTH":1.95,"SW_RAMP":2,"VILL_NAME":"東區"},"geometry":{"type":"Polygon","coordinates":[[[120.452205,23.496128],[120.452174,23.496137],[120.452142,23.496139],[120.452116,23.496131],[120.452094,23.496114],[120.452091,23.49614],[120.452134,23.496153],[120.45218,23.496149],[120.452194,23.496161],[120.452215,23.496164],[120.452245,23.496156],[120.452255,23.496148],[120.45226,23.496138],[120.452256,23.49612],[120.452238,23.496109],[120.452217,23.496112],[120.452205,23.496128]]]}},{"type":"Feature","properties":{"id":"2d81b52e3fb9","NAME":"忠孝路","PSTART":"世賢路一段","PEND":"世賢路一段","SW_DIRECT":"2","SW_LENG":16.52,"SW_WTH":3.24,"SWW_WTH":3.24,"SW_RAMP":2,"VILL_NAME":"東區"},"geometry":{"type":"Polygon","coordinates":[[[120.451464,23.496128],[120.45146,23.496166],[120.451481,23.496154],[120.451499,23.496138],[120.45151,23.496108],[120.451502,23.496073],[120.451505,23.496035],[120.451509,23.496032],[120.451495,23.496012],[120.451477,23.495997],[120.451469,23.496081],[120.451476,23.496105],[120.451464,23.496128]]]}},{"type":"Feature","properties":{"id":"45ff1f9fcc4c","NAME":"世賢路一段","PSTART":"台斗街","PEND":"忠孝路","SW_DIRECT":"2","SW_LENG":145.14,"SW_WTH":2.9,"SWW_WTH":2.9,"SW_RAMP":5,"VILL_NAME":"東區"},"geometry":{"type":"Polygon","coordinates":[[[120.450008,23.496117],[120.449987,23.496124],[120.449978,23.496142],[120.451403,23.496277],[120.451391,23.496256],[120.451374,23.496247],[120.450008,23.496117]]]}},{"type":"Feature","properties":{"id":"250d0eaa4897","NAME":"忠孝路","PSTART":"忠孝路","PEND":"世賢路一段","SW_DIRECT":"2","SW_LENG":35.78,"SW_WTH":3.13,"SWW_WTH":3.13,"SW_RAMP":1,"VILL_NAME":"東區"},"geometry":{"type":"Polygon","coordinates":[[[120.451831,23.496081],[120.451793,23.496107],[120.451767,23.496132],[120.451682,23.496252],[120.451624,23.496296],[120.451604,23.4963],[120.451582,23.496296],[120.451574,23.496324],[120.4516,23.496322],[120.451625,23.496313],[120.451646,23.4963],[120.451664,23.496282],[120.451678,23.496289],[120.451766,23.496173],[120.451826,23.496121],[120.451831,23.496081]]]}},{"type":"Feature","properties":{"id":"9a68c33d9950","NAME":"忠孝路","PSTART":"新生路","PEND":"無名路","SW_DIRECT":"1","SW_LENG":116.59,"SW_WTH":2.6,"SWW_WTH":2.05,"SW_RAMP":7,"VILL_NAME":"東區"},"geometry":{"type":"Polygon","coordinates":[[[120.452409,23.496052],[120.452393,23.496053],[120.452381,23.496066],[120.452331,23.496392],[120.452098,23.497045],[120.452099,23.497061],[120.452114,23.497069],[120.452355,23.496395],[120.452409,23.496052]]]}},{"type":"Feature","properties":{"id":"cc108f9f4dbf","NAME":"忠孝路","PSTART":"忠孝路","PEND":"忠孝路","SW_DIRECT":"1","SW_LENG":23.08,"SW_WTH":2.65,"SWW_WTH":2.65,"SW_RAMP":1,"VILL_NAME":"東區"},"geometry":{"type":"Polygon","coordinates":[[[120.451612,23.496819],[120.451578,23.496773],[120.45153,23.496739],[120.45149,23.496727],[120.451431,23.496726],[120.451423,23.496757],[120.451502,23.496742],[120.45152,23.496746],[120.451543,23.496758],[120.45156,23.496776],[120.451574,23.496803],[120.451584,23.49684],[120.4516,23.496832],[120.451612,23.496819]]]}},{"type":"Feature","properties":{"id":"81e5a0ce8622","NAME":"忠孝路","PSTART":"忠孝路","PEND":"忠孝路","SW_DIRECT":"1","SW_LENG":17.81,"SW_WTH":2.55,"SWW_WTH":2.55,"SW_RAMP":0,"VILL_NAME":"東區"},"geometry":{"type":"Polygon","coordinates":[[[120.452026,23.496925],[120.451979,23.496917],[120.451929,23.496896],[120.451892,23.496889],[120.45186,23.496897],[120.451859,23.496901],[120.45186,23.496924],[120.451901,23.496908],[120.451921,23.496906],[120.451977,23.49694],[120.452016,23.496953],[120.452026,23.496925]]]}},{"type":"Feature","properties":{"id":"eeb3e2f33e4b","NAME":"忠孝路","PSTART":"忠孝路","PEND":"忠孝路","SW_DIRECT":"2","SW_LENG":20.62,"SW_WTH":2.71,"SWW_WTH":2.71,"SW_RAMP":2,"VILL_NAME":"東區"},"geometry":{"type":"Polygon","coordinates":[[[120.451342,23.496966],[120.451518,23.497021],[120.451534,23.497027],[120.45154,23.497003],[120.45135,23.496943],[120.451342,23.496966]]]}},{"type":"Feature","properties":{"id":"d0610320b44c","NAME":"忠孝路","PSTART":"忠孝路","PEND":"忠孝路","SW_DIRECT":"2","SW_LENG":17.0,"SW_WTH":2.92,"SWW_WTH":2.92,"SW_RAMP":2,"VILL_NAME":"東區"},"geometry":{"type":"Polygon","coordinates":[[[120.451778,23.497109],[120.451938,23.497163],[120.451947,23.497138],[120.451796,23.497087],[120.451778,23.497109]]]}},{"type":"Feature","properties":{"id":"157411d30269","NAME":"忠孝路","PSTART":"世賢路一段","PEND":"忠孝路537巷","SW_DIRECT":"2","SW_LENG":222.53,"SW_WTH":2.53,"SWW_WTH":0.0,"SW_RAMP":7,"VILL_NAME":"東區"},"geometry":{"type":"Polygon","coordinates":[[[120.450844,23.498064],[120.451309,23.496838],[120.451501,23.4963],[120.451503,23.49628],[120.451485,23.496276],[120.451482,23.496284],[120.451286,23.49683],[120.451106,23.49731],[120.45111,23.497312],[120.451061,23.497442],[120.451075,23.497447],[120.45107,23.49746],[120.451062,23.497458],[120.451039,23.497517],[120.451048,23.497519],[120.451041,23.497536],[120.451033,23.497533],[120.451014,23.497584],[120.451022,23.497586],[120.451014,23.497606],[120.451006,23.497604],[120.450988,23.497652],[120.450978,23.497648],[120.45084,23.498013],[120.450768,23.498173],[120.450783,23.498175],[120.450797,23.498166],[120.450844,23.498064]]]}},{"type":"Feature","properties":{"id":"f77d4ca63af3","NAME":"忠孝路","PSTART":"義教街","PEND":"無名路","SW_DIRECT":"1","SW_LENG":162.41,"SW_WTH":2.49,"SWW_WTH":2.06,"SW_RAMP":2,"VILL_NAME":"東區"},"geometry":{"type":"Polygon","coordinates":[[[120.452065,23.497195],[120.452048,23.497195],[120.452035,23.497207],[120.451641,23.498255],[120.451513,23.498546],[120.451513,23.498572],[120.451525,23.498576],[120.451664,23.498263],[120.452065,23.497195]]]}},{"type":"Feature","properties":{"id":"fa107378c656","NAME":"忠孝路","PSTART":"忠孝路","PEND":"忠孝路","SW_DIRECT":"1","SW_LENG":17.9,"SW_WTH":2.92,"SWW_WTH":2.92,"SW_RAMP":2,"VILL_NAME":"東區"},"geometry":{"type":"Polygon","coordinates":[[[120.450891,23.498211],[120.451052,23.498278],[120.451061,23.498254],[120.450903,23.498188],[120.450891,23.498211]]]}},{"type":"Feature","properties":{"id":"f29bb822a47f","NAME":"忠孝路","PSTART":"忠孝路","PEND":"忠孝路","SW_DIRECT":"1","SW_LENG":16.58,"SW_WTH":2.7,"SWW_WTH":2.7,"SW_RAMP":2,"VILL_NAME":"東區"},"geometry":{"type":"Polygon","coordinates":[[[120.451424,23.498462],[120.451275,23.498401],[120.451265,23.498423],[120.451412,23.498484],[120.451424,23.498462]]]}},{"type":"Feature","properties":{"id":"ecfb994513b6","NAME":"忠孝路","PSTART":"忠孝路","PEND":"忠孝路","SW_DIRECT":"2","SW_LENG":17.35,"SW_WTH":2.92,"SWW_WTH":2.92,"SW_RAMP":2,"VILL_NAME":"東區"},"geometry":{"type":"Polygon","coordinates":[[[120.450784,23.498459],[120.450933,23.498536],[120.450944,23.498512],[120.450797,23.498436],[120.450784,23.498459]]]}},{"type":"Feature","properties":{"id":"7de2384e8dc2","NAME":"忠孝路","PSTART":"忠孝路537巷","PEND":"無名街","SW_DIRECT":"2","SW_LENG":39.05,"SW_WTH":2.47,"SWW_WTH":1.9,"SW_RAMP":0,"VILL_NAME":"東區"},"geometry":{"type":"Polygon","coordinates":[[[120.450572,23.498665],[120.450717,23.498347],[120.450711,23.498336],[120.450699,23.498332],[120.450556,23.498643],[120.450565,23.498647],[120.450559,23.49866],[120.450572,23.498665]]]}},{"type":"Feature","properties":{"id":"b2d6c5706f45","NAME":"忠孝路","PSTART":"忠孝路","PEND":"忠孝路","SW_DIRECT":"2","SW_LENG":17.72,"SW_WTH":2.71,"SWW_WTH":2.71,"SW_RAMP":2,"VILL_NAME":"東區"},"geometry":{"type":"Polygon","coordinates":[[[120.451328,23.498704],[120.451167,23.498639],[120.451158,23.498661],[120.451315,23.498724],[120.451328,23.498704]]]}},{"type":"Feature","properties":{"id":"3a3b2a9b73d6","NAME":"忠孝路","PSTART":"無名路","PEND":"無名路","SW_DIRECT":"2","SW_LENG":81.85,"SW_WTH":3.73,"SWW_WTH":1.57,"SW_RAMP":2,"VILL_NAME":"東區"},"geometry":{"type":"Polygon","coordinates":[[[120.450377,23.499042],[120.45034,23.499027],[120.450281,23.499143],[120.450288,23.499157],[120.450278,23.499168],[120.450288,23.49917],[120.450008,23.499677],[120.450008,23.499683],[120.450029,23.499694],[120.450198,23.499409],[120.450328,23.499172],[120.450336,23.499156],[120.450322,23.499149],[120.450377,23.499042]]]}},{"type":"Feature","properties":{"id":"6abe5ba64c31","NAME":"忠孝路","PSTART":"義教街","PEND":"保建街","SW_DIRECT":"1","SW_LENG":188.57,"SW_WTH":3.1,"SWW_WTH":3.1,"SW_RAMP":4,"VILL_NAME":"東區"},"geometry":{"type":"Polygon","coordinates":[[[120.450674,23.500227],[120.450704,23.500175],[120.450711,23.500175],[120.450847,23.499946],[120.450853,23.499944],[120.451145,23.49943],[120.451188,23.499332],[120.451178,23.499331],[120.451198,23.499286],[120.451306,23.499056],[120.451308,23.499057],[120.451474,23.498692],[120.451459,23.498687],[120.451446,23.498696],[120.451206,23.49922],[120.451088,23.499457],[120.451003,23.499616],[120.450891,23.499816],[120.45066,23.500203],[120.45066,23.500217],[120.450674,23.500227]]]}},{"type":"Feature","properties":{"id":"7b93344b0a84","NAME":"忠孝路","PSTART":"無名路","PEND":"保建路","SW_DIRECT":"2","SW_LENG":19.92,"SW_WTH":2.42,"SWW_WTH":1.94,"SW_RAMP":1,"VILL_NAME":"東區"},"geometry":{"type":"Polygon","coordinates":[[[120.449878,23.499903],[120.449887,23.499908],[120.4499,23.499906],[120.449907,23.499899],[120.449993,23.499756],[120.449972,23.499745],[120.449878,23.499903]]]}},{"type":"Feature","properties":{"id":"c7ae1a5f9ebd","NAME":"忠孝路","PSTART":"忠孝路","PEND":"忠孝路","SW_DIRECT":"1","SW_LENG":17.55,"SW_WTH":3.36,"SWW_WTH":3.36,"SW_RAMP":2,"VILL_NAME":"東區"},"geometry":{"type":"Polygon","coordinates":[[[120.450215,23.499915],[120.450061,23.499846],[120.450045,23.499872],[120.450198,23.499941],[120.450215,23.499915]]]}},{"type":"Feature","properties":{"id":"33967084eb6a","NAME":"忠孝路","PSTART":"忠孝路","PEND":"忠孝路","SW_DIRECT":"1","SW_LENG":16.17,"SW_WTH":3.37,"SWW_WTH":3.37,"SW_RAMP":2,"VILL_NAME":"東區"},"geometry":{"type":"Polygon","coordinates":[[[120.450576,23.500112],[120.450438,23.500042],[120.450422,23.500069],[120.45056,23.500138],[120.450576,23.500112]]]}},{"type":"Feature","properties":{"id":"52eb9953ec96","NAME":"文化路","PSTART":"文化路769巷","PEND":"無名路","SW_DIRECT":"2","SW_LENG":345.71,"SW_WTH":2.0,"SWW_WTH":0.7,"SW_RAMP":11,"VILL_NAME":"東區"},"geometry":{"type":"Polygon","coordinates":[[[120.441669,23.498538],[120.441174,23.499349],[120.440009,23.501263],[120.440024,23.501265],[120.440036,23.501257],[120.440723,23.500129],[120.441679,23.498556],[120.441677,23.498546],[120.441669,23.498538]]]}},{"type":"Feature","properties":{"id":"5b18260268ec","NAME":"文化路","PSTART":"無名路","PEND":"無名路","SW_DIRECT":"1","SW_LENG":337.88,"SW_WTH":2.04,"SWW_WTH":0.3,"SW_RAMP":6,"VILL_NAME":"東區"},"geometry":{"type":"Polygon","coordinates":[[[120.440152,23.501398],[120.441188,23.499698],[120.441773,23.498735],[120.441763,23.498731],[120.441749,23.498737],[120.44169,23.498833],[120.440143,23.501376],[120.440143,23.501389],[120.440152,23.501398]]]}},{"type":"Feature","properties":{"id":"a7b2003d02b5","NAME":"忠孝路","PSTART":"忠孝路","PEND":"忠孝路","SW_DIRECT":"1","SW_LENG":20.77,"SW_WTH":2.72,"SWW_WTH":0.0,"SW_RAMP":2,"VILL_NAME":"東區"},"geometry":{"type":"Polygon","coordinates":[[[120.448975,23.501606],[120.448962,23.501627],[120.449139,23.50172],[120.449152,23.501698],[120.448975,23.501606]]]}},{"type":"Feature","properties":{"id":"d8536f27c726","NAME":"忠孝路","PSTART":"保建路","PEND":"忠孝路","SW_DIRECT":"2","SW_LENG":540.88,"SW_WTH":2.43,"SWW_WTH":1.33,"SW_RAMP":9,"VILL_NAME":"東區"},"geometry":{"type":"Polygon","coordinates":[[[120.449811,23.500031],[120.449804,23.500026],[120.449792,23.500045],[120.447723,23.503512],[120.447435,23.504388],[120.447459,23.504382],[120.447473,23.504365],[120.447753,23.503507],[120.449818,23.500049],[120.449811,23.500031]]]}},{"type":"Feature","properties":{"id":"328d08ba69f6","NAME":"忠孝路","PSTART":"忠孝路","PEND":"忠孝路","SW_DIRECT":"2","SW_LENG":21.17,"SW_WTH":2.77,"SWW_WTH":0.0,"SW_RAMP":2,"VILL_NAME":"東區"},"geometry":{"type":"Polygon","coordinates":[[[120.449375,23.501819],[120.449363,23.501841],[120.449546,23.50193],[120.449559,23.501908],[120.449375,23.501819]]]}},{"type":"Feature","properties":{"id":"7ebbeee8cb6a","NAME":"忠孝路","PSTART":"保建路","PEND":"忠孝二街","SW_DIRECT":"1","SW_LENG":404.19,"SW_WTH":2.52,"SWW_WTH":1.29,"SW_RAMP":3,"VILL_NAME":"東區"},"geometry":{"type":"Polygon","coordinates":[[[120.450579,23.500351],[120.45057,23.500355],[120.450562,23.500367],[120.448673,23.503533],[120.448671,23.503542],[120.448677,23.503552],[120.448685,23.503557],[120.44896,23.503101],[120.450422,23.500649],[120.450595,23.500357],[120.450579,23.500351]]]}},{"type":"Feature","properties":{"id":"536117cecb8f","NAME":"文化路","PSTART":"無名路","PEND":"文化路936巷","SW_DIRECT":"2","SW_LENG":96.97,"SW_WTH":2.06,"SWW_WTH":0.63,"SW_RAMP":0,"VILL_NAME":"東區"},"geometry":{"type":"Polygon","coordinates":[[[120.440123,23.501448],[120.440107,23.501447],[120.440095,23.501455],[120.439989,23.501628],[120.439645,23.502193],[120.439643,23.502203],[120.439652,23.50222],[120.440123,23.501448]]]}},{"type":"Feature","properties":{"id":"f26e8a76bbd7","NAME":"文化路","PSTART":"無名路","PEND":"文化路909巷","SW_DIRECT":"1","SW_LENG":143.47,"SW_WTH":1.99,"SWW_WTH":0.77,"SW_RAMP":0,"VILL_NAME":"東區"},"geometry":{"type":"Polygon","coordinates":[[[120.439286,23.502449],[120.439303,23.502459],[120.439369,23.502351],[120.439991,23.50133],[120.439975,23.501319],[120.439286,23.502449]]]}},{"type":"Feature","properties":{"id":"31d6c07b1690","NAME":"忠孝路","PSTART":"忠孝路","PEND":"忠孝路","SW_DIRECT":"1","SW_LENG":20.4,"SW_WTH":3.3,"SWW_WTH":0.0,"SW_RAMP":0,"VILL_NAME":"東區"},"geometry":{"type":"Polygon","coordinates":[[[120.44802,23.503209],[120.448013,23.50324],[120.448184,23.503314],[120.448202,23.503291],[120.44802,23.503209]]]}},{"type":"Feature","properties":{"id":"e60b9ed9c080","NAME":"忠孝路","PSTART":"忠孝路","PEND":"忠孝路","SW_DIRECT":"1","SW_LENG":20.24,"SW_WTH":3.32,"SWW_WTH":0.0,"SW_RAMP":0,"VILL_NAME":"東區"},"geometry":{"type":"Polygon","coordinates":[[[120.448581,23.50352],[120.448595,23.503512],[120.448604,23.503497],[120.448424,23.503416],[120.448416,23.503446],[120.448581,23.50352]]]}},{"type":"Feature","properties":{"id":"337f52b62e40","NAME":"忠孝路","PSTART":"忠孝路","PEND":"忠孝路","SW_DIRECT":"2","SW_LENG":19.75,"SW_WTH":3.34,"SWW_WTH":0.0,"SW_RAMP":0,"VILL_NAME":"東區"},"geometry":{"type":"Polygon","coordinates":[[[120.447909,23.503437],[120.44789,23.503441],[120.447877,23.503454],[120.448047,23.503549],[120.448059,23.50352],[120.447909,23.503437]]]}},{"type":"Feature","properties":{"id":"4cdbfee9ab66","NAME":"忠孝路","PSTART":"忠孝路","PEND":"忠孝路","SW_DIRECT":"2","SW_LENG":21.68,"SW_WTH":3.27,"SWW_WTH":0.0,"SW_RAMP":0,"VILL_NAME":"東區"},"geometry":{"type":"Polygon","coordinates":[[[120.448286,23.503663],[120.448262,23.503692],[120.448479,23.503706],[120.448492,23.503678],[120.448286,23.503663]]]}},{"type":"Feature","properties":{"id":"af863272be6d","NAME":"忠孝路","PSTART":"忠孝路","PEND":"忠孝路","SW_DIRECT":"1","SW_LENG":12.75,"SW_WTH":3.29,"SWW_WTH":3.29,"SW_RAMP":0,"VILL_NAME":"東區"},"geometry":{"type":"Polygon","coordinates":[[[120.447425,23.505736],[120.447543,23.505768],[120.447551,23.505739],[120.447431,23.505707],[120.447425,23.505736]]]}},{"type":"Feature","properties":{"id":"7668127d0a56","NAME":"忠孝路","PSTART":"忠孝路二街","PEND":"忠孝路一街","SW_DIRECT":"1","SW_LENG":263.23,"SW_WTH":2.51,"SWW_WTH":1.34,"SW_RAMP":4,"VILL_NAME":"東區"},"geometry":{"type":"Polygon","coordinates":[[[120.448131,23.504439],[120.447995,23.504658],[120.44794,23.504758],[120.447887,23.504872],[120.447836,23.505001],[120.447614,23.505805],[120.447613,23.505816],[120.447623,23.505827],[120.447633,23.505829],[120.447852,23.505031],[120.447917,23.504864],[120.448008,23.504684],[120.448118,23.504505],[120.448626,23.503652],[120.448606,23.503651],[120.448599,23.503656],[120.448131,23.504439]]]}},{"type":"Feature","properties":{"id":"656be796c0d1","NAME":"忠孝路","PSTART":"忠孝路","PEND":"忠孝路","SW_DIRECT":"1","SW_LENG":14.07,"SW_WTH":3.36,"SWW_WTH":3.36,"SW_RAMP":0,"VILL_NAME":"東區"},"geometry":{"type":"Polygon","coordinates":[[[120.447477,23.506005],[120.44748,23.505988],[120.447472,23.505974],[120.447357,23.506014],[120.447345,23.50605],[120.447477,23.506005]]]}},{"type":"Feature","properties":{"id":"78306cb42a5d","NAME":"忠孝路","PSTART":"忠孝路","PEND":"忠孝路","SW_DIRECT":"2","SW_LENG":47.1,"SW_WTH":3.39,"SWW_WTH":1.41,"SW_RAMP":1,"VILL_NAME":"東區"},"geometry":{"type":"Polygon","coordinates":[[[120.446854,23.506605],[120.446884,23.506613],[120.446986,23.506234],[120.446974,23.506173],[120.446966,23.506169],[120.44696,23.506206],[120.446854,23.506605]]]}},{"type":"Feature","properties":{"id":"6966ee3c315d","NAME":"文化路","PSTART":"文化路988巷","PEND":"工廠出入口","SW_DIRECT":"1","SW_LENG":298.17,"SW_WTH":2.08,"SWW_WTH":1.02,"SW_RAMP":8,"VILL_NAME":"東區"},"geometry":{"type":"Polygon","coordinates":[[[120.436978,23.506605],[120.436978,23.50662],[120.43699,23.506629],[120.438406,23.504272],[120.438392,23.504267],[120.438384,23.504271],[120.436978,23.506605]]]}},{"type":"Feature","properties":{"id":"ff23c55bd71e","NAME":"文化路","PSTART":"工廠出入口","PEND":"工廠出入口","SW_DIRECT":"1","SW_LENG":16.8,"SW_WTH":2.47,"SWW_WTH":2.02,"SW_RAMP":0,"VILL_NAME":"東區"},"geometry":{"type":"Polygon","coordinates":[[[120.436926,23.506693],[120.436854,23.506812],[120.436875,23.506823],[120.436956,23.506689],[120.43694,23.506685],[120.436926,23.506693]]]}},{"type":"Feature","properties":{"id":"c75a9c533e71","NAME":"忠孝路","PSTART":"忠孝路","PEND":"忠孝路","SW_DIRECT":"1","SW_LENG":12.01,"SW_WTH":3.34,"SWW_WTH":3.34,"SW_RAMP":0,"VILL_NAME":"東區"},"geometry":{"type":"Polygon","coordinates":[[[120.44714,23.50723],[120.447028,23.507198],[120.447021,23.507228],[120.447131,23.507259],[120.44714,23.50723]]]}},{"type":"Feature","properties":{"id":"46fd7944527f","NAME":"文化路","PSTART":"旅館出入口","PEND":"無名路","SW_DIRECT":"2","SW_LENG":447.27,"SW_WTH":2.01,"SWW_WTH":0.66,"SW_RAMP":1,"VILL_NAME":"東區"},"geometry":{"type":"Polygon","coordinates":[[[120.43643,23.507221],[120.437208,23.505927],[120.438547,23.503704],[120.43853,23.503695],[120.436404,23.507228],[120.436419,23.507229],[120.43643,23.507221]]]}},{"type":"Feature","properties":{"id":"22a3e219363e","NAME":"忠孝路","PSTART":"忠孝一街","PEND":"保康路","SW_DIRECT":"1","SW_LENG":159.81,"SW_WTH":2.47,"SWW_WTH":1.53,"SW_RAMP":7,"VILL_NAME":"東區"},"geometry":{"type":"Polygon","coordinates":[[[120.447224,23.507309],[120.447257,23.507198],[120.447611,23.505908],[120.447591,23.50591],[120.447584,23.505918],[120.447204,23.507292],[120.447202,23.507303],[120.447224,23.507309]]]}},{"type":"Feature","properties":{"id":"468dca42737e","NAME":"忠孝路","PSTART":"忠孝路","PEND":"忠孝路","SW_DIRECT":"1","SW_LENG":12.37,"SW_WTH":3.29,"SWW_WTH":3.29,"SW_RAMP":0,"VILL_NAME":"東區"},"geometry":{"type":"Polygon","coordinates":[[[120.446926,23.507508],[120.44706,23.507476],[120.447051,23.507461],[120.447036,23.507451],[120.446945,23.507473],[120.446926,23.507508]]]}},{"type":"Feature","properties":{"id":"5a8aa43719f1","NAME":"文化路","PSTART":"無名路","PEND":"肉品市場出入口","SW_DIRECT":"2","SW_LENG":56.89,"SW_WTH":2.0,"SWW_WTH":0.65,"SW_RAMP":0,"VILL_NAME":"東區"},"geometry":{"type":"Polygon","coordinates":[[[120.436393,23.507282],[120.436392,23.50727],[120.436383,23.507261],[120.436112,23.507713],[120.43613,23.507721],[120.436393,23.507282]]]}},{"type":"Feature","properties":{"id":"b3c510423256","NAME":"忠孝路","PSTART":"保康路","PEND":"忠孝路","SW_DIRECT":"1","SW_LENG":127.78,"SW_WTH":2.43,"SWW_WTH":1.5,"SW_RAMP":1,"VILL_NAME":"東區"},"geometry":{"type":"Polygon","coordinates":[[[120.446747,23.508516],[120.447054,23.507785],[120.447132,23.507585],[120.447187,23.507426],[120.44716,23.50743],[120.447109,23.507578],[120.447031,23.507779],[120.446739,23.508473],[120.446735,23.508498],[120.446739,23.508512],[120.446747,23.508516]]]}},{"type":"Feature","properties":{"id":"f2ce15985ad5","NAME":"忠孝路","PSTART":"忠孝路","PEND":"忠孝路","SW_DIRECT":"1","SW_LENG":12.3,"SW_WTH":3.32,"SWW_WTH":3.32,"SW_RAMP":0,"VILL_NAME":"東區"},"geometry":{"type":"Polygon","coordinates":[[[120.446623,23.50855],[120.446514,23.508501],[120.446507,23.508518],[120.446504,23.50853],[120.446605,23.508575],[120.446623,23.50855]]]}},{"type":"Feature","properties":{"id":"f95aad8a6bed","NAME":"文化路","PSTART":"肉品市場出入口","PEND":"海口寮路","SW_DIRECT":"2","SW_LENG":88.77,"SW_WTH":2.21,"SWW_WTH":0.84,"SW_RAMP":0,"VILL_NAME":"東區"},"geometry":{"type":"Polygon","coordinates":[[[120.435908,23.508049],[120.435765,23.508289],[120.435626,23.508499],[120.435529,23.5086],[120.435415,23.508697],[120.435428,23.50871],[120.435515,23.508638],[120.435577,23.508579],[120.435641,23.50851],[120.435696,23.508436],[120.435927,23.508058],[120.435908,23.508049]]]}},{"type":"Feature","properties":{"id":"29c3f807c0ef","NAME":"文化路","PSTART":"無名路","PEND":"無名路","SW_DIRECT":"1","SW_LENG":98.74,"SW_WTH":2.0,"SWW_WTH":1.04,"SW_RAMP":2,"VILL_NAME":"東區"},"geometry":{"type":"Polygon","coordinates":[[[120.435818,23.50856],[120.435894,23.508447],[120.436106,23.508095],[120.436089,23.508086],[120.435878,23.508436],[120.435804,23.508549],[120.435749,23.508617],[120.435689,23.508682],[120.435625,23.508743],[120.435555,23.508803],[120.43555,23.508815],[120.435555,23.508826],[120.435649,23.508747],[120.435705,23.508693],[120.435764,23.508628],[120.435818,23.50856]]]}},{"type":"Feature","properties":{"id":"1183b16c257c","NAME":"忠孝路","PSTART":"忠孝路","PEND":"忠孝路","SW_DIRECT":"1","SW_LENG":11.69,"SW_WTH":3.33,"SWW_WTH":3.33,"SW_RAMP":0,"VILL_NAME":"東區"},"geometry":{"type":"Polygon","coordinates":[[[120.44637,23.508841],[120.446481,23.508874],[120.446488,23.508851],[120.446488,23.508845],[120.446385,23.508814],[120.44637,23.508841]]]}},{"type":"Feature","properties":{"id":"35e29a40fe16","NAME":"忠孝路","PSTART":"忠孝路","PEND":"無名路","SW_DIRECT":"2","SW_LENG":130.08,"SW_WTH":6.32,"SWW_WTH":4.31,"SW_RAMP":2,"VILL_NAME":"東區"},"geometry":{"type":"Polygon","coordinates":[[[120.446085,23.508605],[120.445896,23.50905],[120.445808,23.509227],[120.44576,23.509319],[120.44554,23.509668],[120.445565,23.509675],[120.445584,23.509675],[120.445605,23.509667],[120.44562,23.509655],[120.445815,23.509346],[120.445864,23.509251],[120.445953,23.509072],[120.446143,23.508625],[120.446085,23.508605]]]}},{"type":"Feature","properties":{"id":"a9b7bae28529","NAME":"忠孝路","PSTART":"忠孝路","PEND":"忠孝路","SW_DIRECT":"1","SW_LENG":16.53,"SW_WTH":3.33,"SWW_WTH":3.33,"SW_RAMP":0,"VILL_NAME":"東區"},"geometry":{"type":"Polygon","coordinates":[[[120.445864,23.510025],[120.445824,23.509874],[120.445801,23.509914],[120.445836,23.510044],[120.445852,23.510037],[120.445864,23.510025]]]}},{"type":"Feature","properties":{"id":"76a6d1834e72","NAME":"忠孝路","PSTART":"忠孝路","PEND":"保忠三街","SW_DIRECT":"1","SW_LENG":134.98,"SW_WTH":2.42,"SWW_WTH":2.23,"SW_RAMP":4,"VILL_NAME":"東區"},"geometry":{"type":"Polygon","coordinates":[[[120.446375,23.509371],[120.446521,23.509058],[120.446511,23.509054],[120.44649,23.50907],[120.446353,23.509362],[120.446266,23.509532],[120.445896,23.510119],[120.445896,23.510128],[120.445902,23.510136],[120.445912,23.51014],[120.446287,23.509543],[120.446375,23.509371]]]}},{"type":"Feature","properties":{"id":"53d044372ec8","NAME":"忠孝路","PSTART":"忠孝路","PEND":"忠孝路","SW_DIRECT":"1","SW_LENG":15.75,"SW_WTH":3.32,"SWW_WTH":3.32,"SW_RAMP":0,"VILL_NAME":"東區"},"geometry":{"type":"Polygon","coordinates":[[[120.445716,23.510257],[120.44572,23.510225],[120.445584,23.510258],[120.445558,23.510295],[120.445716,23.510257]]]}},{"type":"Feature","properties":{"id":"e0da928356b6","NAME":"忠孝路","PSTART":"保忠一街","PEND":"保忠三街","SW_DIRECT":"1","SW_LENG":263.31,"SW_WTH":2.47,"SWW_WTH":0.61,"SW_RAMP":4,"VILL_NAME":"東區"},"geometry":{"type":"Polygon","coordinates":[[[120.445828,23.510244],[120.445819,23.510246],[120.445807,23.510262],[120.445628,23.510541],[120.444532,23.512276],[120.444525,23.512289],[120.444531,23.512301],[120.445267,23.511136],[120.445323,23.511051],[120.445335,23.51105],[120.445842,23.510251],[120.445828,23.510244]]]}},{"type":"Feature","properties":{"id":"9347bac24f96","NAME":"忠孝路","PSTART":"無名路","PEND":"忠孝路","SW_DIRECT":"2","SW_LENG":246.5,"SW_WTH":6.09,"SWW_WTH":3.37,"SW_RAMP":1,"VILL_NAME":"東區"},"geometry":{"type":"Polygon","coordinates":[[[120.444293,23.511707],[120.445105,23.510462],[120.4455,23.509843],[120.445516,23.509815],[120.445515,23.509804],[120.445507,23.509772],[120.445489,23.509745],[120.444358,23.511534],[120.444375,23.511543],[120.444276,23.511697],[120.444293,23.511707]]]}},{"type":"Feature","properties":{"id":"3187c349373c","NAME":"忠孝路","PSTART":"忠孝路","PEND":"忠孝路","SW_DIRECT":"1","SW_LENG":17.86,"SW_WTH":3.34,"SWW_WTH":3.34,"SW_RAMP":0,"VILL_NAME":"東區"},"geometry":{"type":"Polygon","coordinates":[[[120.444479,23.512222],[120.444296,23.512231],[120.444291,23.512261],[120.444448,23.512254],[120.444479,23.512222]]]}},{"type":"Feature","properties":{"id":"de8c8944e55d","NAME":"忠孝路","PSTART":"保忠三街","PEND":"工業街","SW_DIRECT":"1","SW_LENG":60.52,"SW_WTH":2.64,"SWW_WTH":0.59,"SW_RAMP":1,"VILL_NAME":"東區"},"geometry":{"type":"Polygon","coordinates":[[[120.444424,23.512425],[120.444256,23.512691],[120.444055,23.512799],[120.444069,23.512822],[120.444277,23.512706],[120.444464,23.512408],[120.444441,23.51241],[120.444424,23.512425]]]}},{"type":"Feature","properties":{"id":"c75bce6e0176","NAME":"忠孝路","PSTART":"工業街","PEND":"忠孝北路","SW_DIRECT":"1","SW_LENG":398.56,"SW_WTH":9.95,"SWW_WTH":3.71,"SW_RAMP":16,"VILL_NAME":"東區"},"geometry":{"type":"Polygon","coordinates":[[[120.442079,23.516087],[120.442935,23.514722],[120.442854,23.514678],[120.443465,23.513663],[120.44395,23.512882],[120.44393,23.512875],[120.443448,23.513654],[120.442837,23.51467],[120.44265,23.514973],[120.44213,23.515845],[120.442045,23.515993],[120.442038,23.516013],[120.442039,23.516037],[120.442048,23.516064],[120.442061,23.516077],[120.442079,23.516087]]]}},{"type":"Feature","properties":{"id":"d2b79fef049b","NAME":"忠孝路","PSTART":"忠孝北路","PEND":"忠孝路798巷","SW_DIRECT":"1","SW_LENG":82.54,"SW_WTH":7.96,"SWW_WTH":5.72,"SW_RAMP":2,"VILL_NAME":"東區"},"geometry":{"type":"Polygon","coordinates":[[[120.441942,23.516192],[120.441917,23.516204],[120.441559,23.516764],[120.441547,23.516797],[120.441548,23.516813],[120.44156,23.516835],[120.441586,23.516854],[120.442013,23.516199],[120.441977,23.516192],[120.441942,23.516192]]]}},{"type":"Feature","properties":{"id":"d5c783f3caed","NAME":"忠孝路","PSTART":"忠孝路798巷","PEND":"無名路","SW_DIRECT":"1","SW_LENG":75.78,"SW_WTH":3.58,"SWW_WTH":2.95,"SW_RAMP":3,"VILL_NAME":"東區"},"geometry":{"type":"Polygon","coordinates":[[[120.44145,23.516953],[120.441385,23.517075],[120.441276,23.517293],[120.441171,23.517529],[120.44117,23.517544],[120.441175,23.517557],[120.441198,23.517562],[120.441254,23.517425],[120.441308,23.517309],[120.441546,23.516916],[120.441521,23.516909],[120.441495,23.516913],[120.441468,23.51693],[120.44145,23.516953]]]}},{"type":"Feature","properties":{"id":"4173340c72f5","NAME":"忠孝路","PSTART":"工業街","PEND":"長安街","SW_DIRECT":"2","SW_LENG":686.77,"SW_WTH":7.34,"SWW_WTH":3.83,"SW_RAMP":8,"VILL_NAME":"東區"},"geometry":{"type":"Polygon","coordinates":[[[120.441725,23.51575],[120.441514,23.516096],[120.440956,23.516959],[120.440946,23.517069],[120.440821,23.517274],[120.440742,23.517465],[120.440552,23.518244],[120.440574,23.518236],[120.440589,23.518221],[120.44063,23.51807],[120.4407,23.517843],[120.440791,23.517588],[120.440886,23.517355],[120.441033,23.51704],[120.441176,23.51677],[120.441382,23.516428],[120.441617,23.516065],[120.442843,23.514002],[120.443223,23.513377],[120.443629,23.512727],[120.443611,23.512717],[120.443055,23.513616],[120.442522,23.514504],[120.442516,23.514502],[120.44252,23.514496],[120.442478,23.514476],[120.442141,23.515052],[120.441725,23.51575]]]}},{"type":"Feature","properties":{"id":"772c4a68abdc","NAME":"彌陀路","PSTART":"彌陀路 70巷","PEND":"彌陀路 122巷","SW_DIRECT":"1","SW_LENG":121.66,"SW_WTH":5.6,"SWW_WTH":1.55,"SW_RAMP":2,"VILL_NAME":"東區"},"geometry":{"type":"Polygon","coordinates":[[[120.467131,23.467373],[120.467095,23.467355],[120.467079,23.467366],[120.46706,23.467364],[120.467047,23.467351],[120.467048,23.467333],[120.467405,23.466756],[120.467385,23.466745],[120.467538,23.466501],[120.467528,23.466497],[120.467516,23.466498],[120.467494,23.46651],[120.466996,23.467314],[120.466993,23.467332],[120.467001,23.467355],[120.467018,23.467386],[120.46703,23.467395],[120.467047,23.467397],[120.467127,23.467379],[120.467131,23.467373]]]}},{"type":"Feature","properties":{"id":"1dc1ef54e3a6","NAME":"彌陀路","PSTART":"彌陀路 201巷","PEND":"彌陀路 225巷","SW_DIRECT":"1","SW_LENG":70.47,"SW_WTH":3.49,"SWW_WTH":3.54,"SW_RAMP":2,"VILL_NAME":"東區"},"geometry":{"type":"Polygon","coordinates":[[[120.466275,23.467621],[120.465946,23.46816],[120.465971,23.468173],[120.465978,23.468168],[120.466312,23.467631],[120.466298,23.467611],[120.466287,23.467607],[120.466275,23.467621]]]}},{"type":"Feature","properties":{"id":"9f5c3a58fb06","NAME":"彌陀路","PSTART":"彌陀路 122巷","PEND":"彌陀路 162巷","SW_DIRECT":"2","SW_LENG":106.0,"SW_WTH":3.28,"SWW_WTH":1.46,"SW_RAMP":1,"VILL_NAME":"東區"},"geometry":{"type":"Polygon","coordinates":[[[120.466885,23.467553],[120.466859,23.467547],[120.466839,23.467566],[120.466349,23.468356],[120.466343,23.468368],[120.466352,23.468379],[120.466368,23.468386],[120.466885,23.467553]]]}},{"type":"Feature","properties":{"id":"f8417535d314","NAME":"彌陀路","PSTART":"彌陀路 225巷","PEND":"彌陀路 241巷","SW_DIRECT":"1","SW_LENG":48.16,"SW_WTH":3.2,"SWW_WTH":1.35,"SW_RAMP":2,"VILL_NAME":"東區"},"geometry":{"type":"Polygon","coordinates":[[[120.46568,23.468588],[120.465684,23.468594],[120.465698,23.468596],[120.465719,23.468588],[120.46593,23.468245],[120.46593,23.468224],[120.465916,23.468207],[120.46568,23.468588]]]}},{"type":"Feature","properties":{"id":"0b647842a3f3","NAME":"彌陀路","PSTART":"彌陀路 162巷","PEND":"光仁街","SW_DIRECT":"2","SW_LENG":12.57,"SW_WTH":3.4,"SWW_WTH":3.4,"SW_RAMP":1,"VILL_NAME":"東區"},"geometry":{"type":"Polygon","coordinates":[[[120.466234,23.468601],[120.466298,23.468498],[120.466286,23.468491],[120.466269,23.468491],[120.466261,23.468495],[120.466219,23.468566],[120.466222,23.46859],[120.466234,23.468601]]]}},{"type":"Feature","properties":{"id":"4d8421cd3f27","NAME":"無名路","PSTART":"興業東路265巷","PEND":"吳鳳南路83巷","SW_DIRECT":"2","SW_LENG":50.89,"SW_WTH":4.23,"SWW_WTH":2.57,"SW_RAMP":0,"VILL_NAME":"東區"},"geometry":{"type":"Polygon","coordinates":[[[120.455915,23.470328],[120.455878,23.470309],[120.455832,23.47038],[120.455845,23.470388],[120.455806,23.470448],[120.455777,23.470485],[120.455642,23.470634],[120.45563,23.470624],[120.455581,23.470669],[120.45561,23.470696],[120.455671,23.47064],[120.455798,23.470499],[120.455828,23.470462],[120.455915,23.470328]]]}},{"type":"Feature","properties":{"id":"72e9772195a8","NAME":"小雅路","PSTART":"小雅路","PEND":"小雅路","SW_DIRECT":"1","SW_LENG":5.18,"SW_WTH":1.63,"SWW_WTH":1.63,"SW_RAMP":3,"VILL_NAME":"東區"},"geometry":{"type":"Polygon","coordinates":[[[120.480474,23.465488],[120.480393,23.465469],[120.480389,23.465483],[120.480125,23.465438],[120.479914,23.465418],[120.479891,23.465422],[120.479786,23.465461],[120.479719,23.465498],[120.479678,23.465533],[120.479629,23.465587],[120.479589,23.465635],[120.479563,23.465674],[120.478974,23.466726],[120.478898,23.466846],[120.478797,23.466984],[120.478669,23.467136],[120.478539,23.467267],[120.478471,23.46733],[120.478336,23.467443],[120.477083,23.468408],[120.476982,23.468443],[120.47695,23.468445],[120.476915,23.46843],[120.476883,23.468405],[120.47684,23.468387],[120.476836,23.468398],[120.476652,23.468335],[120.476655,23.46832],[120.476633,23.468312],[120.476583,23.468314],[120.476565,23.468324],[120.476474,23.468546],[120.476441,23.468536],[120.476329,23.468893],[120.476289,23.469036],[120.476279,23.469056],[120.476232,23.469114],[120.476134,23.469298],[120.476089,23.469445],[120.476084,23.469484],[120.476094,23.469534],[120.476118,23.469605],[120.476161,23.469767],[120.476207,23.46986],[120.476234,23.469941],[120.476239,23.469966],[120.476202,23.470261],[120.476193,23.470408],[120.476194,23.470577],[120.476173,23.470734],[120.476173,23.470804],[120.476191,23.470803],[120.476188,23.47074],[120.476212,23.470592],[120.476211,23.470412],[120.476218,23.470293],[120.476257,23.469965],[120.476251,23.469936],[120.476223,23.469851],[120.47618,23.469768],[120.476137,23.469607],[120.476105,23.469508],[120.476101,23.469473],[120.47615,23.469303],[120.476222,23.469171],[120.476251,23.469107],[120.476292,23.469068],[120.476305,23.469041],[120.476344,23.468896],[120.476454,23.468557],[120.476485,23.468568],[120.476577,23.468344],[120.476588,23.468339],[120.476619,23.468347],[120.476633,23.468345],[120.476846,23.468417],[120.476855,23.468429],[120.476879,23.468439],[120.476872,23.468461],[120.476898,23.46847],[120.476983,23.468458],[120.477013,23.468447],[120.477015,23.468451],[120.477092,23.468422],[120.478346,23.467455],[120.478481,23.467342],[120.478617,23.467213],[120.478731,23.467089],[120.478825,23.466973],[120.478911,23.466854],[120.478988,23.466732],[120.479589,23.465662],[120.479677,23.465555],[120.479725,23.465513],[120.479781,23.46548],[120.479905,23.465433],[120.480109,23.46545],[120.480462,23.465511],[120.480474,23.465488]]]}},{"type":"Feature","properties":{"id":"1e9bc77aba66","NAME":"體育路","PSTART":"體育路","PEND":"體育路","SW_DIRECT":"1","SW_LENG":17.23,"SW_WTH":4.71,"SWW_WTH":2.54,"SW_RAMP":2,"VILL_NAME":"東區"},"geometry":{"type":"Polygon","coordinates":[[[120.460633,23.47077],[120.460801,23.470787],[120.460804,23.470764],[120.460637,23.470748],[120.460633,23.47077]]]}},{"type":"Feature","properties":{"id":"0c6765e7db88","NAME":"體育路","PSTART":"體育路","PEND":"體育路","SW_DIRECT":"2","SW_LENG":12.65,"SW_WTH":1.01,"SWW_WTH":1.01,"SW_RAMP":2,"VILL_NAME":"東區"},"geometry":{"type":"Polygon","coordinates":[[[120.460599,23.470899],[120.460619,23.470876],[120.460627,23.470833],[120.460622,23.470833],[120.46063,23.470785],[120.460603,23.470782],[120.460602,23.470786],[120.460597,23.470785],[120.46059,23.470828],[120.460617,23.470832],[120.46061,23.47087],[120.460593,23.470886],[120.460599,23.470899]]]}},{"type":"Feature","properties":{"id":"fa65e41c2fa6","NAME":"無名路","PSTART":"無名路","PEND":"興業東路265巷","SW_DIRECT":"1","SW_LENG":65.61,"SW_WTH":3.01,"SWW_WTH":1.27,"SW_RAMP":2,"VILL_NAME":"東區"},"geometry":{"type":"Polygon","coordinates":[[[120.455206,23.470661],[120.455194,23.47068],[120.455197,23.470684],[120.455184,23.470732],[120.455186,23.470767],[120.455197,23.470806],[120.455175,23.470817],[120.45518,23.470826],[120.455083,23.470874],[120.454991,23.470915],[120.454873,23.470956],[120.454871,23.470947],[120.454839,23.470956],[120.454843,23.470969],[120.45481,23.47098],[120.454804,23.470962],[120.454758,23.470964],[120.454754,23.471001],[120.454796,23.471],[120.454799,23.471006],[120.454881,23.470984],[120.454875,23.470968],[120.455043,23.470906],[120.455206,23.470825],[120.455214,23.470839],[120.455289,23.470796],[120.455341,23.470761],[120.455335,23.47072],[120.455221,23.470652],[120.455213,23.470665],[120.455206,23.470661]]]}},{"type":"Feature","properties":{"id":"9933901afcdb","NAME":"南田路","PSTART":"興業東路 256巷","PEND":"體育路","SW_DIRECT":"2","SW_LENG":89.4,"SW_WTH":4.13,"SWW_WTH":2.83,"SW_RAMP":0,"VILL_NAME":"東區"},"geometry":{"type":"Polygon","coordinates":[[[120.456504,23.470297],[120.456473,23.470295],[120.456466,23.470371],[120.456478,23.470372],[120.456473,23.470422],[120.45646,23.470422],[120.456397,23.471021],[120.456413,23.471023],[120.456405,23.471099],[120.456429,23.471102],[120.456498,23.470431],[120.45649,23.470425],[120.456504,23.470297]]]}},{"type":"Feature","properties":{"id":"1cafa75fcde5","NAME":"體育路","PSTART":"南田路","PEND":"宣信街","SW_DIRECT":"1","SW_LENG":90.4,"SW_WTH":2.72,"SWW_WTH":2.72,"SW_RAMP":0,"VILL_NAME":"東區"},"geometry":{"type":"Polygon","coordinates":[[[120.457944,23.471252],[120.457064,23.47117],[120.457061,23.471194],[120.457942,23.471276],[120.457944,23.471252]]]}},{"type":"Feature","properties":{"id":"707b1a06626a","NAME":"南田路61巷","PSTART":"南田路61巷","PEND":"吳鳳南路83巷","SW_DIRECT":"1","SW_LENG":76.56,"SW_WTH":5.16,"SWW_WTH":2.5,"SW_RAMP":1,"VILL_NAME":"東區"},"geometry":{"type":"Polygon","coordinates":[[[120.456429,23.471102],[120.456405,23.471099],[120.456221,23.471238],[120.456212,23.471227],[120.455676,23.471191],[120.455673,23.471221],[120.455697,23.471222],[120.455697,23.471217],[120.455708,23.471218],[120.455708,23.471223],[120.455746,23.471225],[120.455746,23.47122],[120.455758,23.471221],[120.455758,23.471226],[120.455795,23.471229],[120.455796,23.471223],[120.455806,23.471224],[120.455806,23.471229],[120.455845,23.471232],[120.455845,23.471228],[120.455856,23.471228],[120.455857,23.471232],[120.45591,23.471236],[120.455914,23.471239],[120.455913,23.471253],[120.455935,23.471255],[120.455936,23.47124],[120.455942,23.471238],[120.455943,23.471233],[120.455955,23.471234],[120.455954,23.471239],[120.455995,23.471242],[120.455996,23.471237],[120.456007,23.471238],[120.456007,23.471243],[120.456042,23.471245],[120.456043,23.471238],[120.456057,23.471239],[120.456057,23.471246],[120.4561,23.471249],[120.456101,23.471243],[120.456112,23.471244],[120.456112,23.47125],[120.456142,23.471252],[120.456142,23.471247],[120.45616,23.471248],[120.45616,23.471268],[120.456354,23.471277],[120.45642,23.471284],[120.456417,23.471268],[120.456247,23.471258],[120.456236,23.471241],[120.456421,23.471103],[120.456429,23.471104],[120.456429,23.471102]]]}},{"type":"Feature","properties":{"id":"6339b737bfdf","NAME":"彌陀路","PSTART":"無名路","PEND":"無名路","SW_DIRECT":"2","SW_LENG":107.38,"SW_WTH":4.98,"SWW_WTH":1.73,"SW_RAMP":6,"VILL_NAME":"東區"},"geometry":{"type":"Polygon","coordinates":[[[120.462264,23.474153],[120.462757,23.47336],[120.46276,23.47334],[120.462749,23.473322],[120.462742,23.473319],[120.462408,23.473856],[120.462397,23.473848],[120.462222,23.47413],[120.462235,23.474136],[120.462219,23.474161],[120.462242,23.474166],[120.462264,23.474153]]]}},{"type":"Feature","properties":{"id":"21d9e580fa5b","NAME":"垂楊路","PSTART":"興中街","PEND":"吳鳳南路","SW_DIRECT":"1","SW_LENG":183.18,"SW_WTH":7.17,"SWW_WTH":3.93,"SW_RAMP":3,"VILL_NAME":"東區"},"geometry":{"type":"Polygon","coordinates":[[[120.453688,23.473977],[120.451884,23.473813],[120.451886,23.473834],[120.451893,23.473851],[120.451914,23.473872],[120.451944,23.473884],[120.45304,23.473984],[120.453619,23.474035],[120.453643,23.474031],[120.453664,23.474019],[120.453681,23.473999],[120.453688,23.473977]]]}},{"type":"Feature","properties":{"id":"cb70153204df","NAME":"垂楊路","PSTART":"吳鳳南路","PEND":"宣信街","SW_DIRECT":"1","SW_LENG":222.86,"SW_WTH":6.9,"SWW_WTH":4.7,"SW_RAMP":12,"VILL_NAME":"東區"},"geometry":{"type":"Polygon","coordinates":[[[120.454217,23.474027],[120.454343,23.474038],[120.455259,23.474124],[120.455261,23.474094],[120.454901,23.474062],[120.454898,23.474083],[120.454889,23.474081],[120.454889,23.474074],[120.454852,23.474072],[120.454851,23.474057],[120.454281,23.474],[120.45427,23.473988],[120.454217,23.474027]]]}},{"type":"Feature","properties":{"id":"0a733b2380e1","NAME":"彌陀路","PSTART":"彌陀路238巷","PEND":"日新街","SW_DIRECT":"1","SW_LENG":84.65,"SW_WTH":3.53,"SWW_WTH":1.17,"SW_RAMP":2,"VILL_NAME":"東區"},"geometry":{"type":"Polygon","coordinates":[[[120.462979,23.473847],[120.463139,23.473588],[120.463114,23.473577],[120.4631,23.473589],[120.462701,23.474235],[120.462718,23.474248],[120.462736,23.474257],[120.462979,23.473847]]]}},{"type":"Feature","properties":{"id":"868761479f8c","NAME":"吳鳳北路","PSTART":"中正路","PEND":"公明路","SW_DIRECT":"1","SW_LENG":55.56,"SW_WTH":2.26,"SWW_WTH":1.9,"SW_RAMP":3,"VILL_NAME":"東區"},"geometry":{"type":"Polygon","coordinates":[[[120.45327,23.479808],[120.453337,23.479316],[120.453358,23.479319],[120.453351,23.47931],[120.45334,23.479305],[120.453327,23.479307],[120.453317,23.479315],[120.453309,23.479354],[120.45325,23.479785],[120.453255,23.479801],[120.45327,23.479808]]]}},{"type":"Feature","properties":{"id":"9c1be847fd0f","NAME":"維新路","PSTART":"光彩街","PEND":"中正路","SW_DIRECT":"2","SW_LENG":78.68,"SW_WTH":2.92,"SWW_WTH":1.4,"SW_RAMP":2,"VILL_NAME":"東區"},"geometry":{"type":"Polygon","coordinates":[[[120.458933,23.479221],[120.458931,23.479232],[120.45898,23.479238],[120.458998,23.479245],[120.459012,23.479259],[120.459018,23.479276],[120.458989,23.479484],[120.458998,23.479489],[120.459001,23.479498],[120.45899,23.479575],[120.458976,23.479583],[120.458939,23.479862],[120.458956,23.479862],[120.458964,23.479861],[120.458969,23.479851],[120.459049,23.47927],[120.45903,23.479248],[120.459005,23.479232],[120.458991,23.479227],[120.458933,23.479221]]]}},{"type":"Feature","properties":{"id":"f9bf0b24fed3","NAME":"大雅路一段","PSTART":"無名路","PEND":"民權東路","SW_DIRECT":"1","SW_LENG":373.88,"SW_WTH":3.14,"SWW_WTH":1.4,"SW_RAMP":3,"VILL_NAME":"東區"},"geometry":{"type":"Polygon","coordinates":[[[120.479402,23.479422],[120.479296,23.479355],[120.479044,23.479178],[120.479039,23.479196],[120.479047,23.479214],[120.47928,23.479378],[120.479441,23.479475],[120.479544,23.479528],[120.479701,23.479596],[120.479813,23.479636],[120.479993,23.479689],[120.480155,23.479721],[120.480258,23.479736],[120.482534,23.47996],[120.482538,23.479933],[120.481256,23.479809],[120.480537,23.479734],[120.480276,23.479712],[120.480155,23.479694],[120.480034,23.479671],[120.479962,23.479653],[120.479748,23.479585],[120.479557,23.479504],[120.479402,23.479422]]]}},{"type":"Feature","properties":{"id":"64c69ee1bdd4","NAME":"小雅路","PSTART":"無名路","PEND":"無名路","SW_DIRECT":"2","SW_LENG":211.95,"SW_WTH":4.64,"SWW_WTH":2.6,"SW_RAMP":5,"VILL_NAME":"東區"},"geometry":{"type":"Polygon","coordinates":[[[120.471488,23.475356],[120.471657,23.475189],[120.471675,23.47519],[120.471791,23.47506],[120.471858,23.474993],[120.471995,23.474879],[120.472076,23.474823],[120.472161,23.474771],[120.472227,23.474735],[120.472384,23.474666],[120.472393,23.474656],[120.472391,23.474642],[120.472321,23.47467],[120.472295,23.474651],[120.472239,23.474676],[120.472246,23.474687],[120.472201,23.474708],[120.472194,23.474698],[120.472142,23.474725],[120.472148,23.474737],[120.472052,23.474795],[120.471961,23.474859],[120.471819,23.474977],[120.471687,23.47512],[120.47151,23.475258],[120.471517,23.475268],[120.471503,23.475279],[120.47151,23.475291],[120.471509,23.475304],[120.471503,23.475314],[120.471478,23.475334],[120.471482,23.475338],[120.471122,23.475634],[120.471129,23.475641],[120.471005,23.475726],[120.470804,23.475852],[120.470808,23.475861],[120.47083,23.475861],[120.47093,23.4758],[120.471155,23.475649],[120.471232,23.475591],[120.47136,23.475487],[120.471485,23.475377],[120.47149,23.475367],[120.471488,23.475356]]]}},{"type":"Feature","properties":{"id":"f726be548538","NAME":"吳鳳北路","PSTART":"無名路","PEND":"無名路","SW_DIRECT":"1","SW_LENG":69.48,"SW_WTH":2.05,"SWW_WTH":1.31,"SW_RAMP":2,"VILL_NAME":"東區"},"geometry":{"type":"Polygon","coordinates":[[[120.453787,23.47531],[120.453791,23.475322],[120.453804,23.475329],[120.453872,23.474701],[120.453859,23.474703],[120.453851,23.474712],[120.453787,23.47531]]]}},{"type":"Feature","properties":{"id":"698a0c18367d","NAME":"吳鳳南路83巷","PSTART":"無名路","PEND":"南田路61巷","SW_DIRECT":"1","SW_LENG":81.28,"SW_WTH":5.3,"SWW_WTH":2.71,"SW_RAMP":1,"VILL_NAME":"東區"},"geometry":{"type":"Polygon","coordinates":[[[120.455502,23.470976],[120.455508,23.470932],[120.455502,23.470931],[120.455501,23.470927],[120.45551,23.470919],[120.455528,23.470921],[120.455533,23.470878],[120.455517,23.470877],[120.455509,23.470871],[120.455508,23.470864],[120.455517,23.470863],[120.455521,23.47082],[120.455509,23.470819],[120.455508,23.470809],[120.455496,23.470806],[120.455493,23.470797],[120.45561,23.470696],[120.455581,23.470669],[120.455591,23.470681],[120.455497,23.47076],[120.45546,23.470786],[120.455457,23.47083],[120.455422,23.470835],[120.455408,23.470818],[120.455409,23.470805],[120.455343,23.47085],[120.455336,23.470895],[120.455391,23.470953],[120.455392,23.470939],[120.455402,23.470933],[120.455451,23.470953],[120.455454,23.47096],[120.455452,23.470982],[120.455446,23.470991],[120.455456,23.471],[120.455461,23.470996],[120.455474,23.471008],[120.455468,23.471012],[120.455492,23.471035],[120.455496,23.471032],[120.455503,23.471039],[120.455499,23.471043],[120.455526,23.471069],[120.455531,23.471066],[120.455538,23.471074],[120.455533,23.471077],[120.455556,23.471104],[120.455561,23.4711],[120.455569,23.47111],[120.455565,23.471113],[120.455588,23.471141],[120.455592,23.471138],[120.455599,23.471147],[120.455595,23.47115],[120.455619,23.471179],[120.455624,23.471175],[120.455632,23.471184],[120.455618,23.471198],[120.455632,23.471213],[120.455642,23.471207],[120.45565,23.471217],[120.455673,23.471221],[120.455676,23.471191],[120.455665,23.471186],[120.455551,23.471051],[120.455487,23.470989],[120.455488,23.470974],[120.455502,23.470976]]]}},{"type":"Feature","properties":{"id":"553628ccf61b","NAME":"興業東路","PSTART":"國華街","PEND":"興業東路127巷","SW_DIRECT":"2","SW_LENG":161.43,"SW_WTH":2.03,"SWW_WTH":1.71,"SW_RAMP":0,"VILL_NAME":"東區"},"geometry":{"type":"Polygon","coordinates":[[[120.451247,23.469143],[120.449684,23.468995],[120.449671,23.469015],[120.449747,23.469019],[120.451239,23.469161],[120.45125,23.469157],[120.451251,23.46915],[120.451247,23.469143]]]}},{"type":"Feature","properties":{"id":"23edfc8cd582","NAME":"興美路","PSTART":"順興一路","PEND":"順興一路","SW_DIRECT":"2","SW_LENG":16.24,"SW_WTH":3.51,"SWW_WTH":3.51,"SW_RAMP":2,"VILL_NAME":"東區"},"geometry":{"type":"Polygon","coordinates":[[[120.452502,23.457302],[120.45256,23.457282],[120.452662,23.457321],[120.452653,23.457291],[120.452635,23.457272],[120.452619,23.457264],[120.452566,23.457258],[120.452544,23.457262],[120.452527,23.457271],[120.452512,23.457284],[120.452502,23.457302]]]}},{"type":"Feature","properties":{"id":"f9d4feee0fa1","NAME":"彌陀路","PSTART":"彌陀路 247巷","PEND":"芳安路","SW_DIRECT":"1","SW_LENG":21.3,"SW_WTH":3.5,"SWW_WTH":3.5,"SW_RAMP":2,"VILL_NAME":"東區"},"geometry":{"type":"Polygon","coordinates":[[[120.465509,23.468862],[120.465517,23.46887],[120.465531,23.468872],[120.465558,23.46885],[120.465633,23.46872],[120.465626,23.468705],[120.46561,23.468697],[120.465509,23.468862]]]}},{"type":"Feature","properties":{"id":"83971020b357","NAME":"興業東路","PSTART":"興業東路127巷","PEND":"興業東路145巷","SW_DIRECT":"2","SW_LENG":20.33,"SW_WTH":2.18,"SWW_WTH":2.18,"SW_RAMP":2,"VILL_NAME":"東區"},"geometry":{"type":"Polygon","coordinates":[[[120.451496,23.469186],[120.451497,23.469167],[120.451299,23.469148],[120.451296,23.469167],[120.451496,23.469186]]]}},{"type":"Feature","properties":{"id":"98fc605f7a06","NAME":"興業東路","PSTART":"興業東路127巷","PEND":"興業東路145巷","SW_DIRECT":"2","SW_LENG":40.86,"SW_WTH":2.19,"SWW_WTH":2.19,"SW_RAMP":2,"VILL_NAME":"東區"},"geometry":{"type":"Polygon","coordinates":[[[120.451524,23.469189],[120.451922,23.469227],[120.451923,23.469217],[120.451917,23.469208],[120.451527,23.469169],[120.451524,23.469189]]]}},{"type":"Feature","properties":{"id":"9c3742df56ce","NAME":"興業東路","PSTART":"興業東路145巷","PEND":"興業東路159巷","SW_DIRECT":"2","SW_LENG":33.08,"SW_WTH":2.3,"SWW_WTH":1.37,"SW_RAMP":2,"VILL_NAME":"東區"},"geometry":{"type":"Polygon","coordinates":[[[120.451955,23.469232],[120.452276,23.469262],[120.452277,23.469241],[120.45196,23.46921],[120.451955,23.469213],[120.451955,23.469232]]]}},{"type":"Feature","properties":{"id":"3f4a3f067bbc","NAME":"興業東路","PSTART":"興業東路159巷","PEND":"興業東路175巷","SW_DIRECT":"2","SW_LENG":35.43,"SW_WTH":2.4,"SWW_WTH":1.82,"SW_RAMP":2,"VILL_NAME":"東區"},"geometry":{"type":"Polygon","coordinates":[[[120.45266,23.469299],[120.452638,23.469275],[120.452306,23.469244],[120.452304,23.469256],[120.452304,23.469265],[120.45266,23.469299]]]}},{"type":"Feature","properties":{"id":"09620491ff6e","NAME":"興業東路","PSTART":"興業東路175巷","PEND":"吳鳳南路","SW_DIRECT":"2","SW_LENG":21.98,"SW_WTH":2.22,"SWW_WTH":2.22,"SW_RAMP":2,"VILL_NAME":"東區"},"geometry":{"type":"Polygon","coordinates":[[[120.452803,23.469311],[120.453019,23.469333],[120.453022,23.469312],[120.452814,23.469292],[120.452803,23.469311]]]}},{"type":"Feature","properties":{"id":"72026d29dffc","NAME":"興業東路","PSTART":"吳鳳南路","PEND":"興業東路62巷","SW_DIRECT":"1","SW_LENG":105.66,"SW_WTH":2.05,"SWW_WTH":1.6,"SW_RAMP":2,"VILL_NAME":"東區"},"geometry":{"type":"Polygon","coordinates":[[[120.454561,23.469269],[120.455576,23.469367],[120.455579,23.469349],[120.454554,23.46925],[120.454547,23.469256],[120.454561,23.469269]]]}},{"type":"Feature","properties":{"id":"6e18c0120556","NAME":"興業東路","PSTART":"興業東路62巷","PEND":"興業東路 86巷","SW_DIRECT":"1","SW_LENG":45.28,"SW_WTH":2.13,"SWW_WTH":1.76,"SW_RAMP":2,"VILL_NAME":"東區"},"geometry":{"type":"Polygon","coordinates":[[[120.455629,23.469352],[120.455628,23.469364],[120.455634,23.469372],[120.456067,23.469414],[120.456071,23.469395],[120.455629,23.469352]]]}},{"type":"Feature","properties":{"id":"30026cc10abd","NAME":"小雅路","PSTART":"小雅路","PEND":"小雅路","SW_DIRECT":"2","SW_LENG":126.46,"SW_WTH":3.5,"SWW_WTH":2.93,"SW_RAMP":1,"VILL_NAME":"東區"},"geometry":{"type":"Polygon","coordinates":[[[120.476232,23.46838],[120.47619,23.468446],[120.476158,23.468518],[120.476136,23.468614],[120.476139,23.468616],[120.476138,23.468624],[120.47613,23.468633],[120.476136,23.468674],[120.476128,23.468686],[120.476115,23.468694],[120.476088,23.468775],[120.47609,23.468781],[120.476081,23.468792],[120.476088,23.468817],[120.476087,23.46883],[120.476078,23.468843],[120.476065,23.468849],[120.47604,23.468937],[120.476032,23.468948],[120.476038,23.468971],[120.476037,23.468984],[120.476029,23.468997],[120.476015,23.469005],[120.475988,23.469087],[120.475991,23.469092],[120.475981,23.469104],[120.475987,23.469128],[120.475986,23.469141],[120.475979,23.469153],[120.475967,23.469161],[120.475951,23.469245],[120.475954,23.46925],[120.475947,23.469263],[120.475958,23.469286],[120.47596,23.4693],[120.475955,23.469313],[120.475945,23.469322],[120.475945,23.469407],[120.475949,23.469411],[120.475945,23.469425],[120.475961,23.469447],[120.475965,23.469459],[120.475962,23.469473],[120.475954,23.469483],[120.475957,23.46949],[120.475985,23.469481],[120.475977,23.469393],[120.475977,23.469334],[120.475986,23.469221],[120.475996,23.469164],[120.476132,23.468742],[120.476214,23.468456],[120.476246,23.468391],[120.476232,23.46838]]]}},{"type":"Feature","properties":{"id":"0f5357cc150b","NAME":"興業東路","PSTART":"興業東路175巷","PEND":"吳鳳南路","SW_DIRECT":"2","SW_LENG":118.73,"SW_WTH":2.24,"SWW_WTH":1.25,"SW_RAMP":7,"VILL_NAME":"東區"},"geometry":{"type":"Polygon","coordinates":[[[120.454108,23.469416],[120.453047,23.469316],[120.453043,23.469335],[120.454101,23.469433],[120.454163,23.469497],[120.45417,23.469496],[120.454172,23.469487],[120.454108,23.469416]]]}},{"type":"Feature","properties":{"id":"98d7667ef9c4","NAME":"興業東路","PSTART":"興業東路86巷","PEND":"南田路","SW_DIRECT":"1","SW_LENG":99.63,"SW_WTH":2.03,"SWW_WTH":1.55,"SW_RAMP":2,"VILL_NAME":"東區"},"geometry":{"type":"Polygon","coordinates":[[[120.457084,23.469504],[120.457086,23.469493],[120.456169,23.469405],[120.456148,23.469377],[120.456119,23.469374],[120.456113,23.469418],[120.457072,23.46951],[120.457084,23.469504]]]}},{"type":"Feature","properties":{"id":"3478ce791e4c","NAME":"興業東路","PSTART":"吳鳳南路","PEND":"興業東路265巷","SW_DIRECT":"2","SW_LENG":92.89,"SW_WTH":2.21,"SWW_WTH":0.98,"SW_RAMP":2,"VILL_NAME":"東區"},"geometry":{"type":"Polygon","coordinates":[[[120.455395,23.469537],[120.454507,23.469454],[120.454499,23.46946],[120.454499,23.469471],[120.455404,23.469558],[120.455403,23.469545],[120.455395,23.469537]]]}},{"type":"Feature","properties":{"id":"4248b8f378d5","NAME":"彌陀路","PSTART":"光仁街","PEND":"嘉工街","SW_DIRECT":"2","SW_LENG":108.22,"SW_WTH":3.37,"SWW_WTH":1.8,"SW_RAMP":1,"VILL_NAME":"東區"},"geometry":{"type":"Polygon","coordinates":[[[120.465612,23.469605],[120.46614,23.468753],[120.466114,23.46875],[120.466092,23.468763],[120.466095,23.468765],[120.465597,23.469567],[120.465592,23.469585],[120.465603,23.469602],[120.465612,23.469605]]]}},{"type":"Feature","properties":{"id":"3cdc827941f9","NAME":"興業東路","PSTART":"興業東路265巷","PEND":"興業東路 297巷","SW_DIRECT":"2","SW_LENG":58.6,"SW_WTH":2.06,"SWW_WTH":1.82,"SW_RAMP":2,"VILL_NAME":"東區"},"geometry":{"type":"Polygon","coordinates":[[[120.456014,23.469614],[120.456014,23.469603],[120.456006,23.469596],[120.455447,23.469542],[120.455444,23.469562],[120.456014,23.469614]]]}},{"type":"Feature","properties":{"id":"6b83df8d0d04","NAME":"興業東路","PSTART":"南田路","PEND":"信興街","SW_DIRECT":"1","SW_LENG":147.08,"SW_WTH":1.96,"SWW_WTH":1.17,"SW_RAMP":5,"VILL_NAME":"東區"},"geometry":{"type":"Polygon","coordinates":[[[120.458622,23.469636],[120.457775,23.469557],[120.457187,23.469502],[120.457187,23.469514],[120.457204,23.469521],[120.458609,23.469655],[120.458617,23.469648],[120.458622,23.469636]]]}},{"type":"Feature","properties":{"id":"c39705f12606","NAME":"興業東路","PSTART":"信興街","PEND":"無名路","SW_DIRECT":"1","SW_LENG":33.84,"SW_WTH":2.06,"SWW_WTH":1.89,"SW_RAMP":2,"VILL_NAME":"東區"},"geometry":{"type":"Polygon","coordinates":[[[120.459084,23.469681],[120.458939,23.469668],[120.458752,23.46965],[120.458755,23.469663],[120.458764,23.46967],[120.459071,23.469699],[120.459081,23.469694],[120.459084,23.469681]]]}},{"type":"Feature","properties":{"id":"1b5f10594ff8","NAME":"興業東路","PSTART":"興業東路297巷","PEND":"南田路","SW_DIRECT":"2","SW_LENG":101.5,"SW_WTH":2.0,"SWW_WTH":1.65,"SW_RAMP":2,"VILL_NAME":"東區"},"geometry":{"type":"Polygon","coordinates":[[[120.457077,23.469697],[120.456179,23.469611],[120.45611,23.469606],[120.456102,23.469611],[120.4561,23.469622],[120.457091,23.469717],[120.457088,23.469705],[120.457077,23.469697]]]}},{"type":"Feature","properties":{"id":"98402e2987f4","NAME":"興業東路","PSTART":"無名路","PEND":"宣信街","SW_DIRECT":"1","SW_LENG":27.0,"SW_WTH":2.13,"SWW_WTH":1.81,"SW_RAMP":2,"VILL_NAME":"東區"},"geometry":{"type":"Polygon","coordinates":[[[120.459128,23.469685],[120.459128,23.469698],[120.459136,23.469705],[120.459247,23.469717],[120.459378,23.469728],[120.459389,23.469722],[120.459394,23.469711],[120.459128,23.469685]]]}},{"type":"Feature","properties":{"id":"bb380e7681ab","NAME":"光仁街","PSTART":"無名路","PEND":"無名路","SW_DIRECT":"1","SW_LENG":79.88,"SW_WTH":3.23,"SWW_WTH":2.49,"SW_RAMP":1,"VILL_NAME":"東區"},"geometry":{"type":"Polygon","coordinates":[[[120.468084,23.469407],[120.468006,23.469535],[120.468015,23.469546],[120.468186,23.469635],[120.468189,23.469629],[120.46833,23.469701],[120.468326,23.469707],[120.468344,23.469715],[120.468348,23.46971],[120.468541,23.469812],[120.468553,23.469789],[120.468189,23.469601],[120.468206,23.469578],[120.46822,23.469549],[120.468225,23.469519],[120.468223,23.469493],[120.468214,23.469464],[120.468197,23.469438],[120.468173,23.469417],[120.468153,23.469406],[120.468107,23.469385],[120.468101,23.469391],[120.468079,23.46938],[120.468067,23.469399],[120.468084,23.469407]]]}},{"type":"Feature","properties":{"id":"28ff08438c71","NAME":"興業東路","PSTART":"南田路","PEND":"無名路","SW_DIRECT":"2","SW_LENG":69.31,"SW_WTH":2.01,"SWW_WTH":1.9,"SW_RAMP":2,"VILL_NAME":"東區"},"geometry":{"type":"Polygon","coordinates":[[[120.457155,23.469713],[120.457162,23.469726],[120.457829,23.469789],[120.45783,23.469777],[120.457822,23.46977],[120.457175,23.469709],[120.457168,23.469714],[120.457155,23.469713]]]}},{"type":"Feature","properties":{"id":"99337b1d7e2b","NAME":"興業東路","PSTART":"無名路","PEND":"無名路","SW_DIRECT":"2","SW_LENG":53.14,"SW_WTH":1.99,"SWW_WTH":1.89,"SW_RAMP":2,"VILL_NAME":"東區"},"geometry":{"type":"Polygon","coordinates":[[[120.458398,23.469843],[120.4584,23.469825],[120.458392,23.469824],[120.457888,23.469776],[120.457879,23.469794],[120.458398,23.469843]]]}},{"type":"Feature","properties":{"id":"063b09c5b7af","NAME":"興業東路","PSTART":"無名路","PEND":"宣信街","SW_DIRECT":"2","SW_LENG":68.83,"SW_WTH":2.01,"SWW_WTH":0.78,"SW_RAMP":0,"VILL_NAME":"東區"},"geometry":{"type":"Polygon","coordinates":[[[120.459118,23.469911],[120.459114,23.469894],[120.458457,23.469831],[120.458447,23.469835],[120.458443,23.469848],[120.459118,23.469911]]]}},{"type":"Feature","properties":{"id":"e5ad6bfc9f66","NAME":"興業東路","PSTART":"宣信街","PEND":"體育路","SW_DIRECT":"1","SW_LENG":245.57,"SW_WTH":3.99,"SWW_WTH":1.47,"SW_RAMP":0,"VILL_NAME":"東區"},"geometry":{"type":"Polygon","coordinates":[[[120.461956,23.469955],[120.459899,23.469759],[120.459555,23.469726],[120.459568,23.469755],[120.459578,23.469765],[120.460777,23.46988],[120.460785,23.469876],[120.460818,23.469877],[120.460832,23.469885],[120.461952,23.469991],[120.461956,23.469955]]]}},{"type":"Feature","properties":{"id":"ae6532a41791","NAME":"興業東路","PSTART":"宣信街","PEND":"體育路","SW_DIRECT":"2","SW_LENG":165.13,"SW_WTH":4.01,"SWW_WTH":2.51,"SW_RAMP":2,"VILL_NAME":"東區"},"geometry":{"type":"Polygon","coordinates":[[[120.460917,23.470048],[120.459409,23.469903],[120.459333,23.469927],[120.459318,23.469944],[120.459338,23.46996],[120.459343,23.469954],[120.459355,23.469963],[120.459398,23.469953],[120.4594,23.469939],[120.460944,23.470087],[120.460917,23.470048]]]}},{"type":"Feature","properties":{"id":"a1480d2edc7a","NAME":"興業東路","PSTART":"體育路","PEND":"體育路","SW_DIRECT":"2","SW_LENG":62.22,"SW_WTH":4.04,"SWW_WTH":2.21,"SW_RAMP":2,"VILL_NAME":"東區"},"geometry":{"type":"Polygon","coordinates":[[[120.461249,23.470116],[120.46187,23.470174],[120.461873,23.470171],[120.461864,23.470149],[120.461845,23.470136],[120.461291,23.470083],[120.46127,23.470091],[120.461249,23.470116]]]}},{"type":"Feature","properties":{"id":"11e67ad4f8c7","NAME":"彌陀路","PSTART":"芳安路","PEND":"興業東路","SW_DIRECT":"1","SW_LENG":190.27,"SW_WTH":3.69,"SWW_WTH":1.77,"SW_RAMP":8,"VILL_NAME":"東區"},"geometry":{"type":"Polygon","coordinates":[[[120.464503,23.470545],[120.465394,23.469111],[120.465397,23.469094],[120.465394,23.469076],[120.465379,23.469066],[120.465033,23.469623],[120.465007,23.469629],[120.46498,23.469629],[120.464894,23.469766],[120.464921,23.46981],[120.464455,23.470557],[120.464471,23.470565],[120.464484,23.470565],[120.464503,23.470545]]]}},{"type":"Feature","properties":{"id":"816af2f5d7fe","NAME":"興業東路 297巷","PSTART":"興業東路 297巷","PEND":"南田路","SW_DIRECT":"2","SW_LENG":79.59,"SW_WTH":4.27,"SWW_WTH":2.56,"SW_RAMP":2,"VILL_NAME":"東區"},"geometry":{"type":"Polygon","coordinates":[[[120.456473,23.470295],[120.456504,23.470297],[120.456505,23.470292],[120.456514,23.470293],[120.456523,23.470206],[120.456496,23.470203],[120.456495,23.470219],[120.456129,23.470184],[120.456131,23.470169],[120.455995,23.470156],[120.455948,23.470185],[120.45592,23.470242],[120.455878,23.470309],[120.455915,23.470328],[120.455922,23.470321],[120.455931,23.47032],[120.455938,23.470325],[120.455939,23.470334],[120.455954,23.470335],[120.455983,23.470333],[120.456023,23.470319],[120.456044,23.470304],[120.456056,23.470287],[120.456104,23.470258],[120.456097,23.470237],[120.456094,23.470204],[120.456478,23.470241],[120.456473,23.470295]]]}},{"type":"Feature","properties":{"id":"142868460423","NAME":"無名路","PSTART":"無名路","PEND":"興業東路265巷","SW_DIRECT":"2","SW_LENG":40.64,"SW_WTH":4.08,"SWW_WTH":2.4,"SW_RAMP":0,"VILL_NAME":"東區"},"geometry":{"type":"Polygon","coordinates":[[[120.455206,23.470661],[120.455131,23.470623],[120.455025,23.470576],[120.454843,23.47051],[120.454835,23.470531],[120.455014,23.470595],[120.45512,23.470642],[120.455194,23.47068],[120.455206,23.470661]]]}},{"type":"Feature","properties":{"id":"00c9c5dd139f","NAME":"宣信街","PSTART":"興業東路","PEND":"體育路","SW_DIRECT":"1","SW_LENG":200.12,"SW_WTH":2.84,"SWW_WTH":0.62,"SW_RAMP":5,"VILL_NAME":"東區"},"geometry":{"type":"Polygon","coordinates":[[[120.458489,23.470906],[120.458502,23.470905],[120.45857,23.470831],[120.458583,23.470815],[120.458581,23.470803],[120.458863,23.470489],[120.458877,23.47049],[120.458906,23.470457],[120.458927,23.470458],[120.458997,23.470382],[120.458992,23.470363],[120.45902,23.470331],[120.459017,23.470318],[120.459338,23.46996],[120.459318,23.469944],[120.458236,23.471152],[120.458218,23.471193],[120.458213,23.471281],[120.458223,23.471351],[120.458241,23.471379],[120.458253,23.47139],[120.45829,23.471393],[120.458296,23.471333],[120.458293,23.471277],[120.458229,23.471269],[120.458232,23.471219],[120.458275,23.471178],[120.458307,23.471159],[120.458292,23.471138],[120.458293,23.471124],[120.458489,23.470906]]]}},{"type":"Feature","properties":{"id":"89eb7886dd12","NAME":"彌陀路","PSTART":"興業東路","PEND":"彌陀路 289巷","SW_DIRECT":"1","SW_LENG":84.85,"SW_WTH":3.41,"SWW_WTH":1.61,"SW_RAMP":2,"VILL_NAME":"東區"},"geometry":{"type":"Polygon","coordinates":[[[120.463925,23.47142],[120.463963,23.471415],[120.464285,23.470903],[120.464252,23.470886],[120.463925,23.47142]]]}},{"type":"Feature","properties":{"id":"470fc19fb37b","NAME":"體育路","PSTART":"南田路","PEND":"宣信街","SW_DIRECT":"2","SW_LENG":75.19,"SW_WTH":2.36,"SWW_WTH":2.36,"SW_RAMP":0,"VILL_NAME":"東區"},"geometry":{"type":"Polygon","coordinates":[[[120.457055,23.471399],[120.457123,23.471406],[120.45779,23.471467],[120.457785,23.471452],[120.457769,23.471444],[120.457056,23.471379],[120.457055,23.471399]]]}},{"type":"Feature","properties":{"id":"c6fb1f9b46c2","NAME":"體育路","PSTART":"宣信街","PEND":"和平路","SW_DIRECT":"2","SW_LENG":14.63,"SW_WTH":2.36,"SWW_WTH":2.36,"SW_RAMP":0,"VILL_NAME":"東區"},"geometry":{"type":"Polygon","coordinates":[[[120.45808,23.471494],[120.458081,23.47148],[120.458075,23.471472],[120.45794,23.471459],[120.457938,23.47148],[120.45808,23.471494]]]}},{"type":"Feature","properties":{"id":"c00293d4677d","NAME":"彌陀路","PSTART":"興業東路303巷","PEND":"彌陀路303巷","SW_DIRECT":"2","SW_LENG":22.55,"SW_WTH":3.48,"SWW_WTH":2.45,"SW_RAMP":2,"VILL_NAME":"東區"},"geometry":{"type":"Polygon","coordinates":[[[120.463859,23.471519],[120.463748,23.471698],[120.463771,23.471705],[120.46379,23.471694],[120.463879,23.47155],[120.463877,23.471532],[120.463859,23.471519]]]}},{"type":"Feature","properties":{"id":"9dc8323dac3b","NAME":"彌陀路","PSTART":"彌陀路303巷","PEND":"興業東路313巷","SW_DIRECT":"2","SW_LENG":28.75,"SW_WTH":3.47,"SWW_WTH":1.91,"SW_RAMP":2,"VILL_NAME":"東區"},"geometry":{"type":"Polygon","coordinates":[[[120.463717,23.47175],[120.463576,23.471976],[120.463588,23.471985],[120.463602,23.471986],[120.463613,23.471979],[120.46373,23.471792],[120.463737,23.471773],[120.463729,23.471759],[120.463717,23.47175]]]}},{"type":"Feature","properties":{"id":"2f1549042142","NAME":"彌陀路","PSTART":"嘉工街","PEND":"彌陀路 192巷","SW_DIRECT":"2","SW_LENG":367.69,"SW_WTH":3.41,"SWW_WTH":1.8,"SW_RAMP":10,"VILL_NAME":"東區"},"geometry":{"type":"Polygon","coordinates":[[[120.463773,23.472566],[120.46418,23.471914],[120.465561,23.469689],[120.465534,23.469682],[120.465524,23.469687],[120.465514,23.4697],[120.463771,23.472508],[120.463753,23.47254],[120.463758,23.472558],[120.463773,23.472566]]]}},{"type":"Feature","properties":{"id":"6763b9876632","NAME":"彌陀路","PSTART":"彌陀路 313巷","PEND":"彌陀路 327巷","SW_DIRECT":"2","SW_LENG":26.19,"SW_WTH":3.6,"SWW_WTH":2.02,"SW_RAMP":2,"VILL_NAME":"東區"},"geometry":{"type":"Polygon","coordinates":[[[120.463417,23.47223],[120.46343,23.472238],[120.463439,23.472236],[120.463456,23.472227],[120.463472,23.472207],[120.463561,23.472063],[120.46356,23.472032],[120.463548,23.47202],[120.463417,23.47223]]]}},{"type":"Feature","properties":{"id":"5b92a019b8f3","NAME":"日新街","PSTART":"嘉工街","PEND":"立德街","SW_DIRECT":"1","SW_LENG":142.75,"SW_WTH":1.46,"SWW_WTH":1.46,"SW_RAMP":2,"VILL_NAME":"東區"},"geometry":{"type":"Polygon","coordinates":[[[120.468086,23.472573],[120.468233,23.47232],[120.46825,23.47234],[120.468265,23.472347],[120.468289,23.47235],[120.468288,23.472339],[120.468244,23.472268],[120.468494,23.471774],[120.468667,23.471449],[120.468719,23.471434],[120.468692,23.471421],[120.468665,23.471433],[120.468655,23.471442],[120.468524,23.471687],[120.468232,23.472261],[120.46822,23.472256],[120.468016,23.472607],[120.468056,23.472582],[120.468086,23.472573]]]}},{"type":"Feature","properties":{"id":"0c53dae18708","NAME":"彌陀路","PSTART":"彌陀路 327巷","PEND":"無名路","SW_DIRECT":"2","SW_LENG":111.49,"SW_WTH":3.5,"SWW_WTH":1.85,"SW_RAMP":3,"VILL_NAME":"東區"},"geometry":{"type":"Polygon","coordinates":[[[120.462818,23.473196],[120.462831,23.473202],[120.462841,23.473202],[120.462863,23.473187],[120.463391,23.472338],[120.463361,23.472322],[120.462818,23.473196]]]}},{"type":"Feature","properties":{"id":"c63d7e462171","NAME":"彌陀路","PSTART":"彌陀路 192巷","PEND":"彌陀路 238巷","SW_DIRECT":"2","SW_LENG":104.96,"SW_WTH":3.4,"SWW_WTH":1.71,"SW_RAMP":2,"VILL_NAME":"東區"},"geometry":{"type":"Polygon","coordinates":[[[120.463747,23.472608],[120.463725,23.472605],[120.463703,23.472618],[120.463222,23.473393],[120.463218,23.473415],[120.463226,23.473434],[120.463233,23.473439],[120.463747,23.472608]]]}},{"type":"Feature","properties":{"id":"c88c09f805d4","NAME":"興中街","PSTART":"垂楊路","PEND":"崇文街","SW_DIRECT":"1","SW_LENG":288.93,"SW_WTH":1.69,"SWW_WTH":1.52,"SW_RAMP":2,"VILL_NAME":"東區"},"geometry":{"type":"Polygon","coordinates":[[[120.451884,23.473813],[120.451901,23.473814],[120.452092,23.472083],[120.452127,23.472053],[120.452105,23.47205],[120.452076,23.472075],[120.451884,23.473813]]]}},{"type":"Feature","properties":{"id":"68707d90a48c","NAME":"小雅路","PSTART":"小雅路","PEND":"小雅路","SW_DIRECT":"1","SW_LENG":177.75,"SW_WTH":2.61,"SWW_WTH":1.71,"SW_RAMP":0,"VILL_NAME":"東區"},"geometry":{"type":"Polygon","coordinates":[[[120.475549,23.473883],[120.47556,23.473905],[120.477219,23.47342],[120.477206,23.4734],[120.475549,23.473883]]]}},{"type":"Feature","properties":{"id":"5b3bf17b083f","NAME":"親水路","PSTART":"吳鳳南路","PEND":"行嘉吊橋","SW_DIRECT":"2","SW_LENG":340.0,"SW_WTH":8.4,"SWW_WTH":3.4,"SW_RAMP":5,"VILL_NAME":"東區"},"geometry":{"type":"Polygon","coordinates":[[[120.458527,23.456994],[120.457636,23.456581],[120.456703,23.456],[120.455673,23.455498],[120.45563,23.455577],[120.457497,23.45661],[120.458495,23.457053],[120.458527,23.456994]]]}},{"type":"Feature","properties":{"id":"cafb75e5bede","NAME":"親水路","PSTART":"行嘉吊橋","PEND":"無名路","SW_DIRECT":"2","SW_LENG":200.0,"SW_WTH":2.7,"SWW_WTH":2.7,"SW_RAMP":2,"VILL_NAME":"東區"},"geometry":{"type":"Polygon","coordinates":[[[120.455667,23.455509],[120.455131,23.454953],[120.45439,23.454342],[120.454353,23.454372],[120.455624,23.455573],[120.455667,23.455509]]]}},{"type":"Feature","properties":{"id":"0353d6f34bff","NAME":"重慶一街","PSTART":"世賢路三段","PEND":"重慶一街401巷","SW_DIRECT":"2","SW_LENG":160.0,"SW_WTH":1.75,"SWW_WTH":1.75,"SW_RAMP":2,"VILL_NAME":"西區"},"geometry":{"type":"Polygon","coordinates":[[[120.430627,23.462332],[120.430641,23.462319],[120.429445,23.461498],[120.429356,23.461411],[120.429348,23.461419],[120.429437,23.461507],[120.430627,23.462332]]]}},{"type":"Feature","properties":{"id":"467bc4d63192","NAME":"保義路240巷","PSTART":"保義路","PEND":"保仁一街52巷","SW_DIRECT":"1","SW_LENG":82.26,"SW_WTH":1.8,"SWW_WTH":1.8,"SW_RAMP":2,"VILL_NAME":"東區"},"geometry":{"type":"Polygon","coordinates":[[[120.452668,23.505234],[120.452717,23.505315],[120.452778,23.50533],[120.453516,23.505271],[120.453511,23.505258],[120.45277,23.505317],[120.452717,23.5053],[120.452668,23.505234]]]}},{"type":"Feature","properties":{"id":"edb076004451","NAME":"保義路240巷","PSTART":"保仁一街52巷","PEND":"保仁三街","SW_DIRECT":"1","SW_LENG":137.1,"SW_WTH":1.8,"SWW_WTH":1.8,"SW_RAMP":2,"VILL_NAME":"東區"},"geometry":{"type":"Polygon","coordinates":[[[120.453567,23.505251],[120.45357,23.505266],[120.453728,23.505256],[120.454154,23.505194],[120.45453,23.505088],[120.454812,23.50497],[120.454803,23.504961],[120.454514,23.505079],[120.454133,23.505184],[120.453814,23.505231],[120.453567,23.505251]]]}},{"type":"Feature","properties":{"id":"cfec35e05f7f","NAME":"保義路240巷","PSTART":"保仁三街","PEND":"保成路","SW_DIRECT":"1","SW_LENG":36.42,"SW_WTH":1.8,"SWW_WTH":1.8,"SW_RAMP":2,"VILL_NAME":"東區"},"geometry":{"type":"Polygon","coordinates":[[[120.454854,23.504941],[120.454862,23.504956],[120.455099,23.504825],[120.455099,23.504803],[120.454854,23.504941]]]}},{"type":"Feature","properties":{"id":"6c5099c68ece","NAME":"保義路240巷","PSTART":"保成路","PEND":"保仁三街","SW_DIRECT":"2","SW_LENG":30.31,"SW_WTH":1.8,"SWW_WTH":1.8,"SW_RAMP":1,"VILL_NAME":"東區"},"geometry":{"type":"Polygon","coordinates":[[[120.455093,23.505076],[120.455093,23.505057],[120.45504,23.505027],[120.454959,23.505039],[120.454962,23.505052],[120.455037,23.505042],[120.455064,23.505054],[120.455093,23.505076]]]}},{"type":"Feature","properties":{"id":"457c50fd1dd2","NAME":"保義路240巷","PSTART":"保仁三街","PEND":"保義路","SW_DIRECT":"2","SW_LENG":223.63,"SW_WTH":1.8,"SWW_WTH":1.8,"SW_RAMP":2,"VILL_NAME":"東區"},"geometry":{"type":"Polygon","coordinates":[[[120.454908,23.505071],[120.454897,23.505061],[120.454675,23.505167],[120.454447,23.505239],[120.454219,23.5053],[120.453988,23.505337],[120.45284,23.505438],[120.452797,23.50545],[120.452781,23.505487],[120.452786,23.505516],[120.452805,23.505465],[120.452837,23.505453],[120.453972,23.505354],[120.454213,23.505315],[120.454433,23.505258],[120.454677,23.50518],[120.454908,23.505071]]]}},{"type":"Feature","properties":{"id":"de7236b6e8d9","NAME":"文化路","PSTART":"北新路","PEND":"牛稠溪北岸河堤路","SW_DIRECT":"2","SW_LENG":369.0,"SW_WTH":2.6,"SWW_WTH":2.6,"SW_RAMP":2,"VILL_NAME":"西區"},"geometry":{"type":"Polygon","coordinates":[[[120.435451,23.509126],[120.435432,23.509125],[120.435421,23.509132],[120.435247,23.509334],[120.435059,23.509508],[120.433708,23.510735],[120.433177,23.511246],[120.432938,23.511534],[120.432941,23.511561],[120.43319,23.511256],[120.433711,23.510757],[120.435242,23.509362],[120.435451,23.509126]]]}},{"type":"Feature","properties":{"id":"5640ea1a39c7","NAME":"文化路","PSTART":"牛稠溪北岸河堤路","PEND":"北新路","SW_DIRECT":"2","SW_LENG":351.2,"SW_WTH":2.6,"SWW_WTH":2.6,"SW_RAMP":2,"VILL_NAME":"西區"},"geometry":{"type":"Polygon","coordinates":[[[120.435318,23.508915],[120.435084,23.509257],[120.433202,23.510972],[120.433036,23.511142],[120.432929,23.511272],[120.432955,23.511267],[120.433057,23.511142],[120.433224,23.510975],[120.433532,23.510689],[120.435092,23.509276],[120.435309,23.508959],[120.43532,23.508937],[120.435318,23.508915]]]}},{"type":"Feature","properties":{"id":"4c05d97ddf9a","NAME":"北新路","PSTART":"文化路","PEND":"肉品市場出入口","SW_DIRECT":"2","SW_LENG":46.1,"SW_WTH":1.8,"SWW_WTH":1.3,"SW_RAMP":3,"VILL_NAME":"西區"},"geometry":{"type":"Polygon","coordinates":[[[120.435291,23.508951],[120.435307,23.508922],[120.435114,23.508595],[120.435079,23.508573],[120.435189,23.508755],[120.435291,23.508951]]]}},{"type":"Feature","properties":{"id":"022e44393e8b","NAME":"北新路","PSTART":"北新路1巷","PEND":"無名農路","SW_DIRECT":"2","SW_LENG":285.0,"SW_WTH":1.8,"SWW_WTH":1.3,"SW_RAMP":19,"VILL_NAME":"西區"},"geometry":{"type":"Polygon","coordinates":[[[120.433653,23.507552],[120.43365,23.507536],[120.433079,23.50744],[120.432521,23.507389],[120.430992,23.507608],[120.430949,23.507458],[120.430941,23.507443],[120.430933,23.507438],[120.430979,23.507625],[120.431974,23.507475],[120.432526,23.507402],[120.433063,23.507454],[120.433191,23.507478],[120.433653,23.507552]]]}},{"type":"Feature","properties":{"id":"17fef7b6071a","NAME":"北新路","PSTART":"無名農路","PEND":"北新路250巷","SW_DIRECT":"1","SW_LENG":184.0,"SW_WTH":1.8,"SWW_WTH":1.3,"SW_RAMP":8,"VILL_NAME":"西區"},"geometry":{"type":"Polygon","coordinates":[[[120.430884,23.507239],[120.430897,23.507217],[120.430511,23.505527],[120.430495,23.505515],[120.430884,23.507239]]]}},{"type":"Feature","properties":{"id":"c68563faf8a1","NAME":"北新路","PSTART":"北新路250巷","PEND":"北新路","SW_DIRECT":"1","SW_LENG":50.0,"SW_WTH":1.8,"SWW_WTH":1.3,"SW_RAMP":2,"VILL_NAME":"西區"},"geometry":{"type":"Polygon","coordinates":[[[120.430486,23.505465],[120.430497,23.505453],[120.43048,23.505345],[120.430462,23.505337],[120.430486,23.505465]]]}},{"type":"Feature","properties":{"id":"a0e774cf7479","NAME":"東義路","PSTART":"盧山橋A1端","PEND":"盧山橋A2端","SW_DIRECT":"1","SW_LENG":204.3,"SW_WTH":1.65,"SWW_WTH":1.5,"SW_RAMP":2,"VILL_NAME":"東區"},"geometry":{"type":"Polygon","coordinates":[[[120.478125,23.504724],[120.478119,23.504736],[120.480021,23.505548],[120.480029,23.505536],[120.478125,23.504724]]]}},{"type":"Feature","properties":{"id":"10bab57b6866","NAME":"東義路","PSTART":"盧山橋A2端","PEND":"盧山橋A1端","SW_DIRECT":"2","SW_LENG":204.3,"SW_WTH":1.65,"SWW_WTH":1.5,"SW_RAMP":2,"VILL_NAME":"東區"},"geometry":{"type":"Polygon","coordinates":[[[120.478066,23.504844],[120.479957,23.505644],[120.479967,23.505627],[120.478076,23.504827],[120.478066,23.504844]]]}},{"type":"Feature","properties":{"id":"7113df473493","NAME":"東義路","PSTART":"東義路214巷","PEND":"無名路","SW_DIRECT":"1","SW_LENG":199.35,"SW_WTH":2.95,"SWW_WTH":1.7,"SW_RAMP":3,"VILL_NAME":"東區"},"geometry":{"type":"Polygon","coordinates":[[[120.469591,23.496815],[120.469564,23.496832],[120.469546,23.496869],[120.469465,23.497329],[120.469428,23.497634],[120.469438,23.4977],[120.469465,23.497776],[120.469567,23.49787],[120.46973,23.498008],[120.469856,23.498148],[120.470033,23.498384],[120.470046,23.498394],[120.470065,23.498399],[120.470009,23.498328],[120.469928,23.498214],[120.469792,23.49805],[120.469727,23.497986],[120.469639,23.497909],[120.46948,23.497762],[120.469454,23.4977],[120.469443,23.497634],[120.469477,23.497353],[120.469558,23.496898],[120.469568,23.496859],[120.469591,23.496815]]]}},{"type":"Feature","properties":{"id":"b33f8ffa6a59","NAME":"東義路","PSTART":"東義路209巷","PEND":"東義路214巷","SW_DIRECT":"2","SW_LENG":43.48,"SW_WTH":2.95,"SWW_WTH":1.7,"SW_RAMP":2,"VILL_NAME":"東區"},"geometry":{"type":"Polygon","coordinates":[[[120.469435,23.497003],[120.469446,23.496998],[120.469454,23.496988],[120.469499,23.496742],[120.469505,23.496696],[120.469497,23.496678],[120.469481,23.496664],[120.469427,23.496627],[120.469475,23.496686],[120.469483,23.49671],[120.469473,23.496799],[120.469435,23.497003]]]}},{"type":"Feature","properties":{"id":"b1077906c67d","NAME":"東義路","PSTART":"無名路","PEND":"東義路209巷","SW_DIRECT":"2","SW_LENG":41.84,"SW_WTH":2.95,"SWW_WTH":1.7,"SW_RAMP":2,"VILL_NAME":"東區"},"geometry":{"type":"Polygon","coordinates":[[[120.469326,23.497484],[120.469345,23.497469],[120.469401,23.497238],[120.469428,23.497085],[120.469428,23.497073],[120.46942,23.497061],[120.469372,23.497317],[120.469342,23.49744],[120.469326,23.497484]]]}},{"type":"Feature","properties":{"id":"2c6747978063","NAME":"東義路","PSTART":"東義路603巷","PEND":"無名路","SW_DIRECT":"2","SW_LENG":925.15,"SW_WTH":2.95,"SWW_WTH":1.7,"SW_RAMP":2,"VILL_NAME":"東區"},"geometry":{"type":"Polygon","coordinates":[[[120.469297,23.497592],[120.469308,23.497587],[120.469313,23.49759],[120.469318,23.497602],[120.469329,23.497708],[120.469375,23.497801],[120.469493,23.497919],[120.469603,23.498003],[120.469718,23.498128],[120.469969,23.498438],[120.470157,23.49862],[120.470432,23.498838],[120.470547,23.498978],[120.470708,23.499197],[120.470872,23.499441],[120.47109,23.499755],[120.471219,23.499831],[120.472072,23.5002],[120.472228,23.500298],[120.472435,23.500507],[120.472636,23.500763],[120.472824,23.501156],[120.472945,23.501358],[120.47333,23.501792],[120.474004,23.502456],[120.474693,23.503166],[120.475031,23.503505],[120.475155,23.503627],[120.475281,23.503715],[120.475313,23.503742],[120.475297,23.503764],[120.475323,23.503755],[120.475329,23.503742],[120.475321,23.503728],[120.475157,23.503614],[120.474556,23.503007],[120.47419,23.502625],[120.473334,23.501779],[120.472936,23.50132],[120.472839,23.501155],[120.472742,23.500963],[120.472646,23.500751],[120.472487,23.500547],[120.472243,23.500289],[120.472079,23.500188],[120.471229,23.499819],[120.471103,23.499748],[120.470676,23.499128],[120.470446,23.498827],[120.470168,23.498608],[120.469985,23.498431],[120.469744,23.498139],[120.469612,23.497993],[120.469502,23.497905],[120.469384,23.497792],[120.469345,23.497699],[120.46934,23.49763],[120.469324,23.497569],[120.46931,23.497569],[120.4693,23.497581],[120.469297,23.497592]]]}},{"type":"Feature","properties":{"id":"346a9696ec21","NAME":"東義路","PSTART":"無名路","PEND":"東義路603巷","SW_DIRECT":"2","SW_LENG":164.16,"SW_WTH":2.95,"SWW_WTH":1.7,"SW_RAMP":2,"VILL_NAME":"東區"},"geometry":{"type":"Polygon","coordinates":[[[120.475333,23.503813],[120.475363,23.503805],[120.475467,23.503837],[120.47565,23.503921],[120.475904,23.50401],[120.476355,23.504192],[120.476843,23.504398],[120.476862,23.504418],[120.476862,23.50444],[120.47687,23.504406],[120.476859,23.504393],[120.476304,23.504155],[120.475813,23.503958],[120.475655,23.503906],[120.475379,23.503793],[120.47536,23.503791],[120.475333,23.503813]]]}},{"type":"Feature","properties":{"id":"984b3f6a6061","NAME":"東義路","PSTART":"盧山橋A1端","PEND":"無名路","SW_DIRECT":"2","SW_LENG":88.97,"SW_WTH":2.95,"SWW_WTH":1.7,"SW_RAMP":2,"VILL_NAME":"東區"},"geometry":{"type":"Polygon","coordinates":[[[120.477852,23.504788],[120.477836,23.504766],[120.477465,23.504633],[120.477058,23.504476],[120.477023,23.504488],[120.477299,23.504579],[120.477852,23.504788]]]}},{"type":"Feature","properties":{"id":"38173915c75d","NAME":"東義路","PSTART":"東義路337巷","PEND":"無名路","SW_DIRECT":"1","SW_LENG":56.16,"SW_WTH":2.95,"SWW_WTH":1.7,"SW_RAMP":2,"VILL_NAME":"東區"},"geometry":{"type":"Polygon","coordinates":[[[120.470146,23.498429],[120.470122,23.498442],[120.470114,23.498457],[120.470122,23.498471],[120.470205,23.498548],[120.470406,23.498693],[120.470497,23.498769],[120.470562,23.498845],[120.470591,23.498843],[120.470605,23.49883],[120.470578,23.498833],[120.470564,23.498825],[120.470519,23.498771],[120.470457,23.498717],[120.470229,23.498548],[120.470141,23.498474],[120.470138,23.498449],[120.470146,23.498429]]]}},{"type":"Feature","properties":{"id":"00da7d7ba96f","NAME":"東義路","PSTART":"無名路","PEND":"無名路","SW_DIRECT":"1","SW_LENG":23.79,"SW_WTH":2.95,"SWW_WTH":1.7,"SW_RAMP":2,"VILL_NAME":"東區"},"geometry":{"type":"Polygon","coordinates":[[[120.470626,23.498861],[120.470613,23.498871],[120.470604,23.498888],[120.470604,23.498901],[120.470615,23.49892],[120.470706,23.499053],[120.47072,23.49906],[120.470739,23.499051],[120.470752,23.499036],[120.470717,23.499038],[120.470618,23.498901],[120.470626,23.498861]]]}},{"type":"Feature","properties":{"id":"2134bd3e6532","NAME":"東義路","PSTART":"無名路","PEND":"無名路","SW_DIRECT":"1","SW_LENG":177.77,"SW_WTH":2.95,"SWW_WTH":1.7,"SW_RAMP":2,"VILL_NAME":"東區"},"geometry":{"type":"Polygon","coordinates":[[[120.470782,23.499065],[120.47076,23.499092],[120.470765,23.499122],[120.470835,23.49923],[120.470964,23.49942],[120.471106,23.499611],[120.471152,23.499668],[120.4712,23.49971],[120.471307,23.499769],[120.472031,23.500076],[120.472058,23.500084],[120.47208,23.500081],[120.472088,23.500066],[120.472088,23.500054],[120.472072,23.500034],[120.472074,23.500057],[120.472066,23.500069],[120.47205,23.500069],[120.471345,23.499771],[120.471203,23.4997],[120.471173,23.49967],[120.471101,23.499582],[120.470779,23.499122],[120.470776,23.499095],[120.470782,23.499065]]]}},{"type":"Feature","properties":{"id":"3704bdf843ab","NAME":"東義路","PSTART":"無名路","PEND":"東義路396巷","SW_DIRECT":"1","SW_LENG":15.77,"SW_WTH":2.95,"SWW_WTH":1.7,"SW_RAMP":2,"VILL_NAME":"東區"},"geometry":{"type":"Polygon","coordinates":[[[120.47215,23.500076],[120.472142,23.500106],[120.472142,23.500125],[120.472155,23.50014],[120.47219,23.500155],[120.472236,23.50017],[120.472268,23.50017],[120.472287,23.500162],[120.472305,23.500133],[120.472263,23.500157],[120.472212,23.500145],[120.472166,23.500125],[120.47215,23.500076]]]}},{"type":"Feature","properties":{"id":"70a368fd0af1","NAME":"東義路","PSTART":"東義路396巷","PEND":"無名路","SW_DIRECT":"1","SW_LENG":15.77,"SW_WTH":2.95,"SWW_WTH":1.7,"SW_RAMP":2,"VILL_NAME":"東區"},"geometry":{"type":"Polygon","coordinates":[[[120.472346,23.500182],[120.472324,23.500199],[120.472327,23.500221],[120.472338,23.500244],[120.472356,23.500256],[120.472373,23.500261],[120.472405,23.500256],[120.472375,23.500253],[120.472338,23.500197],[120.472346,23.500182]]]}},{"type":"Feature","properties":{"id":"8f04292b92db","NAME":"東義路","PSTART":"無名路","PEND":"無名路","SW_DIRECT":"1","SW_LENG":49.65,"SW_WTH":2.95,"SWW_WTH":1.7,"SW_RAMP":2,"VILL_NAME":"東區"},"geometry":{"type":"Polygon","coordinates":[[[120.472413,23.500295],[120.472397,23.500307],[120.472394,23.50033],[120.472418,23.500374],[120.472619,23.500595],[120.472729,23.500743],[120.472743,23.500745],[120.472767,23.50074],[120.472799,23.500728],[120.472775,23.500733],[120.472737,23.500728],[120.472721,23.500713],[120.472657,23.50062],[120.472544,23.50049],[120.472448,23.500386],[120.472415,23.500344],[120.47241,23.500312],[120.472413,23.500295]]]}},{"type":"Feature","properties":{"id":"7b1a0cb8fe73","NAME":"東義路","PSTART":"無名路","PEND":"無名路","SW_DIRECT":"1","SW_LENG":352.3,"SW_WTH":2.95,"SWW_WTH":1.7,"SW_RAMP":2,"VILL_NAME":"東區"},"geometry":{"type":"Polygon","coordinates":[[[120.474936,23.503193],[120.474914,23.503193],[120.474877,23.503181],[120.47404,23.502354],[120.473836,23.502138],[120.473592,23.501899],[120.47341,23.501711],[120.473322,23.501627],[120.473067,23.501339],[120.472869,23.501014],[120.472772,23.500823],[120.472802,23.500759],[120.472767,23.500776],[120.472759,23.500791],[120.472759,23.500832],[120.472904,23.501101],[120.473048,23.501337],[120.473268,23.501585],[120.474186,23.50252],[120.47487,23.503194],[120.474897,23.503214],[120.474916,23.503214],[120.474936,23.503193]]]}},{"type":"Feature","properties":{"id":"12a490fa5718","NAME":"東義路","PSTART":"無名路","PEND":"東義路566巷","SW_DIRECT":"1","SW_LENG":62.9,"SW_WTH":2.95,"SWW_WTH":1.7,"SW_RAMP":2,"VILL_NAME":"東區"},"geometry":{"type":"Polygon","coordinates":[[[120.475368,23.50358],[120.475328,23.503583],[120.475261,23.503563],[120.474968,23.503278],[120.474968,23.50325],[120.474984,23.503214],[120.474958,23.503238],[120.474944,23.50326],[120.47495,23.503282],[120.475191,23.503514],[120.47529,23.5036],[120.475317,23.503605],[120.475368,23.50358]]]}},{"type":"Feature","properties":{"id":"9fbc7e3cb093","NAME":"東義路","PSTART":"東義路566巷","PEND":"盧山橋A1端","SW_DIRECT":"1","SW_LENG":274.3,"SW_WTH":2.95,"SWW_WTH":1.7,"SW_RAMP":2,"VILL_NAME":"東區"},"geometry":{"type":"Polygon","coordinates":[[[120.477938,23.504629],[120.477903,23.504641],[120.477565,23.50456],[120.477117,23.504407],[120.476545,23.504146],[120.476186,23.503992],[120.475481,23.503743],[120.475424,23.503714],[120.475392,23.503669],[120.475395,23.50364],[120.475419,23.503625],[120.475381,23.503642],[120.475371,23.503664],[120.475408,23.503723],[120.475507,23.503768],[120.476229,23.504023],[120.47661,23.504188],[120.476991,23.504368],[120.477157,23.504437],[120.477543,23.50457],[120.477777,23.504629],[120.477919,23.504658],[120.477938,23.504629]]]}},{"type":"Feature","properties":{"id":"0b390c851736","NAME":"無名路","PSTART":"無名路","PEND":"文化路","SW_DIRECT":"2","SW_LENG":60.0,"SW_WTH":1.0,"SWW_WTH":0.9,"SW_RAMP":null,"VILL_NAME":"東區"},"geometry":{"type":"Polygon","coordinates":[[[120.448919,23.485461],[120.448922,23.485444],[120.44834,23.48523],[120.448334,23.485245],[120.448919,23.485461]]]}},{"type":"Feature","properties":{"id":"b89fb7de4f87","NAME":"體育路","PSTART":"市宅街21巷","PEND":"體育路","SW_DIRECT":"1","SW_LENG":40.0,"SW_WTH":1.5,"SWW_WTH":1.5,"SW_RAMP":null,"VILL_NAME":"東區"},"geometry":{"type":"Polygon","coordinates":[[[120.460458,23.471576],[120.460453,23.471596],[120.460825,23.471623],[120.460828,23.47161],[120.460458,23.471576]]]}},{"type":"Feature","properties":{"id":"7750aceb5e5a","NAME":"體育路","PSTART":"體育路","PEND":"無名路(宣信國小側門)","SW_DIRECT":"2","SW_LENG":75.0,"SW_WTH":2.0,"SWW_WTH":2.0,"SW_RAMP":null,"VILL_NAME":"東區"},"geometry":{"type":"Polygon","coordinates":[[[120.460829,23.471625],[120.460845,23.471625],[120.46092,23.470901],[120.460904,23.470901],[120.460829,23.471625]]]}},{"type":"Feature","properties":{"id":"0e3cd2c9a556","NAME":"體育路","PSTART":"無名路(宣信國小側門)","PEND":"興業東路","SW_DIRECT":"2","SW_LENG":85.0,"SW_WTH":1.5,"SWW_WTH":0.9,"SW_RAMP":null,"VILL_NAME":"東區"},"geometry":{"type":"Polygon","coordinates":[[[120.460925,23.470768],[120.460944,23.470768],[120.461011,23.470128],[120.460995,23.470076],[120.460949,23.470052],[120.460947,23.470081],[120.46099,23.470126],[120.460925,23.470768]]]}},{"type":"Feature","properties":{"id":"28ab06f501a3","NAME":"興業東路","PSTART":"體育路","PEND":"彌陀路","SW_DIRECT":"1","SW_LENG":235.2,"SW_WTH":4.0,"SWW_WTH":2.35,"SW_RAMP":2,"VILL_NAME":"東區"},"geometry":{"type":"Polygon","coordinates":[[[120.462206,23.469949],[120.462216,23.469979],[120.462235,23.470001],[120.462259,23.47002],[120.462345,23.470028],[120.462552,23.470055],[120.462874,23.470116],[120.463295,23.470212],[120.463675,23.470321],[120.463885,23.470392],[120.464343,23.470638],[120.464413,23.470643],[120.464453,23.470618],[120.464486,23.470569],[120.464456,23.470559],[120.464424,23.470594],[120.464376,23.470606],[120.464233,23.47054],[120.464056,23.470446],[120.463906,23.47036],[120.463547,23.470247],[120.463265,23.470173],[120.462801,23.47006],[120.462466,23.470001],[120.462286,23.469979],[120.462206,23.469949]]]}},{"type":"Feature","properties":{"id":"7a90a63c5202","NAME":"興業東路","PSTART":"彌陀路","PEND":"無名路","SW_DIRECT":"2","SW_LENG":61.35,"SW_WTH":4.0,"SWW_WTH":2.35,"SW_RAMP":2,"VILL_NAME":"東區"},"geometry":{"type":"Polygon","coordinates":[[[120.46425,23.470891],[120.464282,23.470908],[120.464298,23.470881],[120.46425,23.470761],[120.463802,23.470542],[120.46378,23.470534],[120.463756,23.470559],[120.46421,23.47078],[120.46425,23.470891]]]}},{"type":"Feature","properties":{"id":"419fa74234a2","NAME":"興業東路","PSTART":"無名路","PEND":"體育路","SW_DIRECT":"2","SW_LENG":155.64,"SW_WTH":4.0,"SWW_WTH":2.35,"SW_RAMP":2,"VILL_NAME":"東區"},"geometry":{"type":"Polygon","coordinates":[[[120.463649,23.470526],[120.463651,23.470504],[120.46363,23.470477],[120.462898,23.47029],[120.462461,23.470212],[120.46219,23.470172],[120.462163,23.470175],[120.462131,23.470207],[120.462399,23.470248],[120.462839,23.470327],[120.46319,23.470406],[120.463649,23.470526]]]}},{"type":"Feature","properties":{"id":"93b133076621","NAME":"停五北側10米計畫道路","PSTART":"新生路","PEND":"博東路136巷","SW_DIRECT":"1","SW_LENG":150.0,"SW_WTH":1.5,"SWW_WTH":1.5,"SW_RAMP":null,"VILL_NAME":"東區"},"geometry":{"type":"Polygon","coordinates":[[[120.460121,23.491313],[120.458697,23.491134],[120.458694,23.491146],[120.460116,23.491326],[120.460121,23.491313]]]}},{"type":"Feature","properties":{"id":"e74476270d27","NAME":"西門街","PSTART":"賢雅街","PEND":"仁愛路240巷","SW_DIRECT":"2","SW_LENG":44.9,"SW_WTH":1.7,"SWW_WTH":1.7,"SW_RAMP":null,"VILL_NAME":"西區"},"geometry":{"type":"Polygon","coordinates":[[[120.443759,23.47114],[120.443772,23.471143],[120.443823,23.470715],[120.443807,23.470712],[120.443759,23.47114]]]}},{"type":"Feature","properties":{"id":"bea357dd491a","NAME":"西門街","PSTART":"仁愛路240巷","PEND":"永安街","SW_DIRECT":"2","SW_LENG":45.0,"SW_WTH":1.7,"SWW_WTH":1.7,"SW_RAMP":null,"VILL_NAME":"西區"},"geometry":{"type":"Polygon","coordinates":[[[120.443812,23.470653],[120.443823,23.470653],[120.443874,23.470225],[120.443863,23.470225],[120.443812,23.470653]]]}},{"type":"Feature","properties":{"id":"e9ac3fbdec8b","NAME":"新民路728巷","PSTART":"興業西路","PEND":"志昇街","SW_DIRECT":"1","SW_LENG":77.1,"SW_WTH":1.5,"SWW_WTH":1.2,"SW_RAMP":0,"VILL_NAME":"西區"},"geometry":{"type":"Polygon","coordinates":[[[120.441443,23.468905],[120.441507,23.468238],[120.441496,23.468233],[120.441432,23.468905],[120.441443,23.468905]]]}},{"type":"Feature","properties":{"id":"69ba6ebcda93","NAME":"北園街","PSTART":"北文街","PEND":"北社尾路","SW_DIRECT":"1","SW_LENG":187.0,"SW_WTH":3.5,"SWW_WTH":1.5,"SW_RAMP":2,"VILL_NAME":"西區"},"geometry":{"type":"Polygon","coordinates":[[[120.425301,23.49609],[120.425328,23.496082],[120.425008,23.495074],[120.425016,23.494486],[120.424976,23.494486],[120.424979,23.495056],[120.425301,23.49609]]]}},{"type":"Feature","properties":{"id":"c8ee2c8e26f1","NAME":"北社尾路","PSTART":"北園街","PEND":"北社尾路166巷","SW_DIRECT":"2","SW_LENG":114.0,"SW_WTH":3.5,"SWW_WTH":1.5,"SW_RAMP":2,"VILL_NAME":"西區"},"geometry":{"type":"Polygon","coordinates":[[[120.425019,23.494513],[120.425821,23.494469],[120.426087,23.494318],[120.426151,23.494346],[120.426164,23.494311],[120.426081,23.494291],[120.425813,23.494446],[120.425022,23.494491],[120.425019,23.494513]]]}},{"type":"Feature","properties":{"id":"eb4772a11d92","NAME":"北社尾路166巷","PSTART":"北社尾路","PEND":"雙園街","SW_DIRECT":"2","SW_LENG":78.0,"SW_WTH":3.5,"SWW_WTH":1.5,"SW_RAMP":2,"VILL_NAME":"西區"},"geometry":{"type":"Polygon","coordinates":[[[120.426151,23.49435],[120.426521,23.494884],[120.426561,23.494865],[120.426164,23.494311],[120.426151,23.49435]]]}},{"type":"Feature","properties":{"id":"dc54784ea042","NAME":"雙園街","PSTART":"北社尾路166巷","PEND":"北社尾路102巷","SW_DIRECT":"2","SW_LENG":149.0,"SW_WTH":3.5,"SWW_WTH":1.5,"SW_RAMP":2,"VILL_NAME":"西區"},"geometry":{"type":"Polygon","coordinates":[[[120.426561,23.49486],[120.428004,23.494343],[120.427988,23.494309],[120.426543,23.49483],[120.426561,23.49486]]]}},{"type":"Feature","properties":{"id":"daf15ef9ee3f","NAME":"新生路","PSTART":"公明路","PEND":"民族路","SW_DIRECT":"2","SW_LENG":400.0,"SW_WTH":5.0,"SWW_WTH":3.5,"SW_RAMP":8,"VILL_NAME":"東區"},"geometry":{"type":"Polygon","coordinates":[[[120.461197,23.4807],[120.46124,23.480705],[120.461712,23.477266],[120.46168,23.477226],[120.461197,23.4807]]]}},{"type":"Feature","properties":{"id":"cd52721445b8","NAME":"民國路","PSTART":"民族路","PEND":"志航街","SW_DIRECT":"1","SW_LENG":245.0,"SW_WTH":7.0,"SWW_WTH":4.5,"SW_RAMP":4,"VILL_NAME":"東區"},"geometry":{"type":"Polygon","coordinates":[[[120.460712,23.477111],[120.460688,23.477108],[120.460363,23.479298],[120.46039,23.479303],[120.460712,23.477111]]]}},{"type":"Feature","properties":{"id":"bb8a59b78c0d","NAME":"杭州五街","PSTART":"新民路","PEND":"民生南路","SW_DIRECT":"1","SW_LENG":500.0,"SW_WTH":3.0,"SWW_WTH":2.0,"SW_RAMP":2,"VILL_NAME":"西區"},"geometry":{"type":"Polygon","coordinates":[[[120.440463,23.465808],[120.44079,23.465845],[120.442279,23.465675],[120.442722,23.465662],[120.442815,23.465626],[120.443188,23.46563],[120.443279,23.465645],[120.444229,23.465623],[120.44476,23.465539],[120.445355,23.465434],[120.445396,23.465392],[120.445358,23.465308],[120.440474,23.465709],[120.440463,23.465808]]]}},{"type":"Feature","properties":{"id":"ae46a29b67aa","NAME":"世賢路四段","PSTART":"南京東街","PEND":"興安街","SW_DIRECT":"1","SW_LENG":142.0,"SW_WTH":3.0,"SWW_WTH":2.0,"SW_RAMP":2,"VILL_NAME":"西區"},"geometry":{"type":"Polygon","coordinates":[[[120.447674,23.462105],[120.447288,23.46207],[120.447293,23.462102],[120.447677,23.462132],[120.447977,23.462186],[120.448278,23.462282],[120.448608,23.462442],[120.448624,23.462425],[120.448294,23.46226],[120.447988,23.462161],[120.447674,23.462105]]]}},{"type":"Feature","properties":{"id":"9f7cc52afd45","NAME":"德安路","PSTART":"德陽街","PEND":"德惠街","SW_DIRECT":"2","SW_LENG":60.0,"SW_WTH":2.5,"SWW_WTH":1.5,"SW_RAMP":2,"VILL_NAME":"西區"},"geometry":{"type":"Polygon","coordinates":[[[120.432397,23.484059],[120.432966,23.48412],[120.432968,23.484071],[120.4324,23.484024],[120.432402,23.484059],[120.432397,23.484059]]]}},{"type":"Feature","properties":{"id":"bd587edd3a1d","NAME":"興業東路","PSTART":"興業東路11巷","PEND":"民生南路","SW_DIRECT":"2","SW_LENG":42.0,"SW_WTH":2.5,"SWW_WTH":1.5,"SW_RAMP":2,"VILL_NAME":"西區"},"geometry":{"type":"Polygon","coordinates":[[[120.447243,23.468769],[120.447243,23.468742],[120.446841,23.4687],[120.446851,23.468783],[120.446894,23.468729],[120.447243,23.468769]]]}},{"type":"Feature","properties":{"id":"f4ad960be22d","NAME":"民生南路","PSTART":"美源街","PEND":"世賢路四段","SW_DIRECT":"2","SW_LENG":230.0,"SW_WTH":2.5,"SWW_WTH":1.5,"SW_RAMP":2,"VILL_NAME":"西區"},"geometry":{"type":"Polygon","coordinates":[[[120.444061,23.462088],[120.444815,23.463958],[120.444841,23.463943],[120.444077,23.462037],[120.444004,23.462019],[120.444004,23.462054],[120.444061,23.462088]]]}},{"type":"Feature","properties":{"id":"52e643df04f5","NAME":"共和路","PSTART":"民樂街","PEND":"公明路","SW_DIRECT":"1","SW_LENG":75.6,"SW_WTH":1.8,"SWW_WTH":1.2,"SW_RAMP":null,"VILL_NAME":"東區"},"geometry":{"type":"Polygon","coordinates":[[[120.455367,23.480839],[120.455474,23.480207],[120.455442,23.480231],[120.455351,23.480802],[120.455367,23.480839]]]}},{"type":"Feature","properties":{"id":"df1ce7e20f5c","NAME":"忠義橋","PSTART":"忠義堤防道路","PEND":"嘉義縣市界","SW_DIRECT":"1","SW_LENG":67.8,"SW_WTH":1.4,"SWW_WTH":1.4,"SW_RAMP":1,"VILL_NAME":"東區"},"geometry":{"type":"Polygon","coordinates":[[[120.471315,23.462452],[120.471385,23.461901],[120.471371,23.461901],[120.471301,23.462452],[120.471315,23.462452]]]}},{"type":"Feature","properties":{"id":"8770eedeee3d","NAME":"忠義橋","PSTART":"忠義堤防道路","PEND":"嘉義縣市界","SW_DIRECT":"2","SW_LENG":58.7,"SW_WTH":1.5,"SWW_WTH":1.5,"SW_RAMP":1,"VILL_NAME":"東區"},"geometry":{"type":"Polygon","coordinates":[[[120.471032,23.462404],[120.471078,23.461916],[120.471062,23.461912],[120.471019,23.462401],[120.471032,23.462404]]]}},{"type":"Feature","properties":{"id":"ebb0ee773bd9","NAME":"彌陀路","PSTART":"彌陀路26號","PEND":"學府路","SW_DIRECT":"1","SW_LENG":64.6,"SW_WTH":3.2,"SWW_WTH":1.5,"SW_RAMP":3,"VILL_NAME":"東區"},"geometry":{"type":"Polygon","coordinates":[[[120.468557,23.464972],[120.468584,23.464994],[120.468683,23.46493],[120.468884,23.464861],[120.468932,23.464856],[120.468972,23.464868],[120.468999,23.464851],[120.46897,23.464834],[120.46894,23.464826],[120.468887,23.464829],[120.468675,23.464898],[120.468557,23.464972]]]}},{"type":"Feature","properties":{"id":"e3c61719cf06","NAME":"彌陀路","PSTART":"學府路","PEND":"側車道匯入口","SW_DIRECT":"1","SW_LENG":98.4,"SW_WTH":5.0,"SWW_WTH":3.4,"SW_RAMP":2,"VILL_NAME":"東區"},"geometry":{"type":"Polygon","coordinates":[[[120.469159,23.464783],[120.47002,23.464426],[120.470025,23.464421],[120.470009,23.464409],[120.469972,23.464407],[120.469164,23.464744],[120.469156,23.464761],[120.469159,23.464783]]]}},{"type":"Feature","properties":{"id":"45ade1419c4c","NAME":"彌陀路","PSTART":"側車道匯入口","PEND":"側車道匯出口","SW_DIRECT":"1","SW_LENG":102.9,"SW_WTH":7.1,"SWW_WTH":2.9,"SW_RAMP":2,"VILL_NAME":"東區"},"geometry":{"type":"Polygon","coordinates":[[[120.470266,23.464285],[120.470376,23.464213],[120.470644,23.464016],[120.470743,23.46392],[120.470966,23.463633],[120.470958,23.463625],[120.470939,23.463625],[120.470727,23.463886],[120.470607,23.464002],[120.470255,23.464258],[120.470255,23.46427],[120.470266,23.464285]]]}},{"type":"Feature","properties":{"id":"76b3efc87867","NAME":"彌陀路","PSTART":"側車道匯出口","PEND":"忠義堤防道路","SW_DIRECT":"1","SW_LENG":23.3,"SW_WTH":5.1,"SWW_WTH":2.5,"SW_RAMP":2,"VILL_NAME":"東區"},"geometry":{"type":"Polygon","coordinates":[[[120.471082,23.463506],[120.4712,23.463309],[120.471227,23.463245],[120.471071,23.463422],[120.47106,23.463444],[120.471063,23.463476],[120.471082,23.463506]]]}},{"type":"Feature","properties":{"id":"9c2f73e67fa4","NAME":"芳安路","PSTART":"南興國中正門","PEND":"南興國中正門","SW_DIRECT":"2","SW_LENG":22.4,"SW_WTH":2.2,"SWW_WTH":2.2,"SW_RAMP":0,"VILL_NAME":"東區"},"geometry":{"type":"Polygon","coordinates":[[[120.461991,23.468688],[120.462254,23.46871],[120.462254,23.468698],[120.461994,23.468676],[120.461991,23.468688]]]}},{"type":"Feature","properties":{"id":"9d93556c8d20","NAME":"芳安路","PSTART":"芳安路159號","PEND":"南興國中天橋","SW_DIRECT":"1","SW_LENG":142.4,"SW_WTH":1.2,"SWW_WTH":1.0,"SW_RAMP":null,"VILL_NAME":"東區"},"geometry":{"type":"Polygon","coordinates":[[[120.461403,23.468461],[120.4614,23.468469],[120.462782,23.468592],[120.462787,23.468582],[120.461403,23.468461]]]}},{"type":"Feature","properties":{"id":"ef2be75284d9","NAME":"體育路","PSTART":"體育路2-3號","PEND":"嘉義市體育場(2號出入口)Youbike站","SW_DIRECT":"1","SW_LENG":124.5,"SW_WTH":3.6,"SWW_WTH":1.6,"SW_RAMP":null,"VILL_NAME":"西區"},"geometry":{"type":"Polygon","coordinates":[[[120.46134,23.470594],[120.461329,23.470579],[120.461227,23.470656],[120.461155,23.470756],[120.461131,23.470845],[120.46112,23.47113],[120.461053,23.47113],[120.46104,23.471384],[120.461021,23.471634],[120.46104,23.471634],[120.461072,23.471162],[120.461074,23.471154],[120.461141,23.471154],[120.46115,23.470842],[120.461174,23.470768],[120.46123,23.470687],[120.46134,23.470594]]]}},{"type":"Feature","properties":{"id":"9c9669b29360","NAME":"體育路","PSTART":"宣信國小正門","PEND":"和平路","SW_DIRECT":"2","SW_LENG":144.0,"SW_WTH":1.8,"SWW_WTH":0.7,"SW_RAMP":null,"VILL_NAME":"東區"},"geometry":{"type":"Polygon","coordinates":[[[120.459523,23.471618],[120.459527,23.471598],[120.458213,23.471483],[120.458199,23.4715],[120.458196,23.47151],[120.458202,23.471532],[120.458223,23.471502],[120.459523,23.471618]]]}},{"type":"Feature","properties":{"id":"e5ea636bb996","NAME":"體育路","PSTART":"市宅街21巷","PEND":"和平路","SW_DIRECT":"1","SW_LENG":214.0,"SW_WTH":6.2,"SWW_WTH":2.2,"SW_RAMP":4,"VILL_NAME":"東區"},"geometry":{"type":"Polygon","coordinates":[[[120.458291,23.471397],[120.458581,23.471399],[120.458908,23.471428],[120.459374,23.47148],[120.459712,23.471502],[120.460163,23.471556],[120.460436,23.471583],[120.460452,23.471534],[120.459948,23.47147],[120.459331,23.471428],[120.45893,23.471378],[120.458297,23.471277],[120.4583,23.471336],[120.458291,23.471397]]]}},{"type":"Feature","properties":{"id":"ddb3d6dfc02e","NAME":"新生路","PSTART":"啟明路","PEND":"建國二村眷舍","SW_DIRECT":"1","SW_LENG":138.7,"SW_WTH":10.6,"SWW_WTH":3.0,"SW_RAMP":2,"VILL_NAME":"東區"},"geometry":{"type":"Polygon","coordinates":[[[120.461824,23.477566],[120.461655,23.478816],[120.461682,23.478818],[120.461862,23.477574],[120.461907,23.477576],[120.461905,23.477547],[120.461889,23.477527],[120.461854,23.477529],[120.461838,23.477539],[120.461824,23.477566]]]}},{"type":"Feature","properties":{"id":"63f16e988bec","NAME":"新生路","PSTART":"建國二村眷舍","PEND":"光彩街","SW_DIRECT":"1","SW_LENG":39.7,"SW_WTH":4.0,"SWW_WTH":2.1,"SW_RAMP":1,"VILL_NAME":"東區"},"geometry":{"type":"Polygon","coordinates":[[[120.461632,23.478973],[120.461579,23.479422],[120.461584,23.479444],[120.461593,23.479451],[120.461609,23.479417],[120.46167,23.478978],[120.461632,23.478973]]]}},{"type":"Feature","properties":{"id":"67f5e4447b4f","NAME":"新生路","PSTART":"光彩街","PEND":"公明路","SW_DIRECT":"1","SW_LENG":140.1,"SW_WTH":4.5,"SWW_WTH":2.6,"SW_RAMP":4,"VILL_NAME":"東區"},"geometry":{"type":"Polygon","coordinates":[[[120.461394,23.480717],[120.46143,23.480716],[120.461587,23.479532],[120.461566,23.479539],[120.461552,23.479549],[120.461547,23.479561],[120.461394,23.480717]]]}},{"type":"Feature","properties":{"id":"1d8fcc768504","NAME":"啟明路","PSTART":"光彩街","PEND":"新生路","SW_DIRECT":"2","SW_LENG":241.8,"SW_WTH":2.0,"SWW_WTH":1.4,"SW_RAMP":null,"VILL_NAME":"東區"},"geometry":{"type":"Polygon","coordinates":[[[120.461828,23.477536],[120.46185,23.477522],[120.461895,23.477522],[120.462817,23.479582],[120.462849,23.479594],[120.462857,23.479584],[120.462855,23.479574],[120.461911,23.47751],[120.461898,23.477493],[120.461881,23.477483],[120.461863,23.477478],[120.461839,23.477486],[120.461828,23.477508],[120.461828,23.477536]]]}},{"type":"Feature","properties":{"id":"edf5e26c463a","NAME":"公明路","PSTART":"公明路230號","PEND":"共和路","SW_DIRECT":"2","SW_LENG":23.7,"SW_WTH":1.3,"SWW_WTH":1.0,"SW_RAMP":null,"VILL_NAME":"東區"},"geometry":{"type":"Polygon","coordinates":[[[120.455476,23.480208],[120.455474,23.480231],[120.455672,23.480253],[120.455675,23.480231],[120.455476,23.480208]]]}},{"type":"Feature","properties":{"id":"2384f53caab4","NAME":"共和路","PSTART":"林森東路","PEND":"北門街","SW_DIRECT":"1","SW_LENG":167.3,"SW_WTH":2.5,"SWW_WTH":2.2,"SW_RAMP":null,"VILL_NAME":"東區"},"geometry":{"type":"Polygon","coordinates":[[[120.454528,23.486448],[120.454756,23.484929],[120.45474,23.484929],[120.454512,23.486446],[120.454528,23.486448]]]}},{"type":"Feature","properties":{"id":"7530436a31a0","NAME":"共和路","PSTART":"林森東路","PEND":"北門街","SW_DIRECT":"2","SW_LENG":169.7,"SW_WTH":2.5,"SWW_WTH":2.2,"SW_RAMP":null,"VILL_NAME":"東區"},"geometry":{"type":"Polygon","coordinates":[[[120.45443,23.486439],[120.454458,23.48645],[120.454686,23.48492],[120.45467,23.48492],[120.454454,23.486383],[120.454443,23.486429],[120.45443,23.486439]]]}}]}