{"type":"FeatureCollection","county":"澎湖縣","data_ym":"202606","features":[{"type":"Feature","properties":{"id":"449804ca7cb1","NAME":"通梁","PSTART":"澎8-1","PEND":"通梁","SW_DIRECT":"2","SW_LENG":12.43,"SW_WTH":1.17,"SWW_WTH":1.17,"SW_RAMP":0,"VILL_NAME":"白沙鄉"},"geometry":{"type":"Polygon","coordinates":[[[119.55664,23.656588],[119.556595,23.656497],[119.556583,23.656488],[119.556569,23.656495],[119.556581,23.656498],[119.556589,23.65651],[119.55663,23.656592],[119.55664,23.656588]]]}},{"type":"Feature","properties":{"id":"1c8a59bb68c3","NAME":"後寮漁港","PSTART":"後寮漁港","PEND":"後寮漁港","SW_DIRECT":"2","SW_LENG":191.14,"SW_WTH":2.22,"SWW_WTH":2.07,"SW_RAMP":3,"VILL_NAME":"白沙鄉"},"geometry":{"type":"Polygon","coordinates":[[[119.570787,23.67081],[119.570784,23.670248],[119.570776,23.670226],[119.57076,23.670211],[119.570737,23.670205],[119.570429,23.670208],[119.570395,23.670219],[119.570374,23.670243],[119.570373,23.670271],[119.570393,23.670298],[119.570422,23.670308],[119.570432,23.670308],[119.570429,23.67029],[119.570404,23.670283],[119.570395,23.670273],[119.570391,23.67026],[119.570398,23.67024],[119.570418,23.670228],[119.570433,23.670227],[119.570448,23.670233],[119.570457,23.670243],[119.57046,23.670257],[119.57048,23.670254],[119.57047,23.670227],[119.570737,23.670224],[119.570758,23.670235],[119.570763,23.670248],[119.570766,23.670795],[119.570643,23.670704],[119.570631,23.670721],[119.571292,23.671209],[119.571307,23.671361],[119.571326,23.671358],[119.571314,23.671214],[119.571301,23.671191],[119.570787,23.67081]]]}},{"type":"Feature","properties":{"id":"ac3f63062e27","NAME":"澎8-1","PSTART":"澎湖跨海大橋","PEND":"通梁","SW_DIRECT":"2","SW_LENG":201.8,"SW_WTH":2.21,"SWW_WTH":2.21,"SW_RAMP":0,"VILL_NAME":"白沙鄉"},"geometry":{"type":"Polygon","coordinates":[[[119.555759,23.656932],[119.556583,23.656488],[119.556565,23.656483],[119.556547,23.656487],[119.556348,23.65659],[119.555757,23.656909],[119.555685,23.656951],[119.555598,23.657013],[119.555481,23.657109],[119.555408,23.657183],[119.555081,23.657579],[119.555065,23.657599],[119.555066,23.657611],[119.555075,23.657619],[119.55532,23.657319],[119.555451,23.657167],[119.555505,23.657115],[119.555615,23.657025],[119.555686,23.656975],[119.555759,23.656932]]]}},{"type":"Feature","properties":{"id":"e64669860cd2","NAME":"澎8-1","PSTART":"澎湖跨海大橋","PEND":"澎8-1","SW_DIRECT":"1","SW_LENG":288.67,"SW_WTH":1.51,"SWW_WTH":1.51,"SW_RAMP":0,"VILL_NAME":"白沙鄉"},"geometry":{"type":"Polygon","coordinates":[[[119.554747,23.657867],[119.554794,23.657834],[119.555342,23.657162],[119.555455,23.657047],[119.555554,23.656967],[119.555714,23.656853],[119.556139,23.656624],[119.556553,23.656413],[119.556837,23.656278],[119.556829,23.656267],[119.556566,23.656392],[119.556104,23.656627],[119.5557,23.656845],[119.555544,23.656956],[119.555422,23.657057],[119.555302,23.657188],[119.554967,23.657598],[119.554791,23.657819],[119.554785,23.657832],[119.554745,23.657855],[119.554741,23.657846],[119.554693,23.657874],[119.554677,23.65789],[119.554747,23.657867]]]}},{"type":"Feature","properties":{"id":"04e8e40689fa","NAME":"澎湖跨海大橋","PSTART":"橫礁","PEND":"通梁","SW_DIRECT":"1","SW_LENG":2251.44,"SW_WTH":1.29,"SWW_WTH":1.22,"SW_RAMP":12,"VILL_NAME":"白沙鄉"},"geometry":{"type":"MultiPolygon","coordinates":[[[[119.54188,23.642446],[119.541413,23.641779],[119.541403,23.641785],[119.541675,23.642177],[119.542135,23.642822],[119.542678,23.643558],[119.543183,23.64422],[119.5476,23.649823],[119.548077,23.650422],[119.54846,23.65089],[119.54859,23.651046],[119.5486,23.651039],[119.548087,23.650415],[119.547547,23.649739],[119.543229,23.64426],[119.542911,23.643846],[119.542422,23.643196],[119.54188,23.642446]]],[[[119.540178,23.639872],[119.540108,23.639764],[119.540119,23.639757],[119.540111,23.639744],[119.540084,23.639761],[119.540081,23.639772],[119.54018,23.639932],[119.540676,23.640703],[119.54115,23.641414],[119.54116,23.641409],[119.54076,23.64081],[119.540393,23.640244],[119.540172,23.639896],[119.540178,23.639872]]],[[[119.549257,23.651814],[119.548892,23.651388],[119.548883,23.651395],[119.549248,23.65182],[119.549257,23.651814]]],[[[119.550992,23.653782],[119.549575,23.652178],[119.549566,23.652185],[119.550976,23.653781],[119.550984,23.653789],[119.550992,23.653782]]],[[[119.55274,23.655758],[119.551305,23.654135],[119.551295,23.654142],[119.552719,23.655751],[119.552731,23.655766],[119.55274,23.655758]]],[[[119.554675,23.657846],[119.55444,23.657598],[119.554416,23.657617],[119.55417,23.657363],[119.553878,23.657044],[119.553058,23.656118],[119.553049,23.656125],[119.553754,23.656922],[119.554079,23.657283],[119.554317,23.657533],[119.554677,23.65789],[119.554693,23.657874],[119.554671,23.657849],[119.554675,23.657846]]]]}},{"type":"Feature","properties":{"id":"dce629d84f3f","NAME":"澎湖跨海大橋","PSTART":"橫礁","PEND":"通梁","SW_DIRECT":"2","SW_LENG":2254.49,"SW_WTH":1.26,"SWW_WTH":1.2,"SW_RAMP":11,"VILL_NAME":"白沙鄉"},"geometry":{"type":"MultiPolygon","coordinates":[[[[119.541751,23.642442],[119.541322,23.64183],[119.541312,23.641836],[119.541738,23.642446],[119.542091,23.642937],[119.542474,23.643457],[119.54307,23.644241],[119.546167,23.648173],[119.547869,23.650326],[119.548461,23.651052],[119.548471,23.651045],[119.54797,23.650433],[119.547375,23.649685],[119.543075,23.644229],[119.542571,23.643567],[119.542269,23.643159],[119.541751,23.642442]]],[[[119.540539,23.640661],[119.539996,23.639815],[119.539981,23.639813],[119.539956,23.639826],[119.539964,23.63984],[119.539975,23.639836],[119.540047,23.639951],[119.540074,23.639958],[119.54045,23.640547],[119.54085,23.641154],[119.541064,23.641473],[119.541074,23.641467],[119.540539,23.640661]]],[[[119.549178,23.65188],[119.548801,23.65144],[119.548792,23.651446],[119.549157,23.651872],[119.54917,23.651887],[119.549178,23.65188]]],[[[119.550912,23.653846],[119.549484,23.652229],[119.549474,23.652236],[119.550891,23.653839],[119.550903,23.653852],[119.550912,23.653846]]],[[[119.552666,23.65583],[119.55122,23.654193],[119.551211,23.6542],[119.552645,23.655823],[119.552658,23.655837],[119.552666,23.65583]]],[[[119.554611,23.657965],[119.554195,23.657537],[119.553969,23.657297],[119.552981,23.656184],[119.552976,23.65618],[119.552968,23.656187],[119.553881,23.657218],[119.554249,23.657609],[119.554231,23.657626],[119.55423,23.65764],[119.554246,23.657644],[119.554265,23.657656],[119.554276,23.657671],[119.55428,23.657684],[119.554285,23.657684],[119.554539,23.657947],[119.554551,23.65794],[119.554574,23.657966],[119.554563,23.657976],[119.554579,23.65799],[119.554611,23.657965]]]]}},{"type":"Feature","properties":{"id":"07076bed61cc","NAME":"澎湖縣立體育場","PSTART":"無名","PEND":"無名","SW_DIRECT":"2","SW_LENG":73.09,"SW_WTH":2.02,"SWW_WTH":2.02,"SW_RAMP":1,"VILL_NAME":"馬公市"},"geometry":{"type":"Polygon","coordinates":[[[119.580156,23.569923],[119.579955,23.569702],[119.579693,23.569411],[119.579683,23.569422],[119.579892,23.569661],[119.580134,23.569928],[119.580156,23.569923]]]}},{"type":"Feature","properties":{"id":"90e53b2915c9","NAME":"澎湖縣立體育場","PSTART":"館前路","PEND":"永福街","SW_DIRECT":"1","SW_LENG":256.14,"SW_WTH":5.76,"SWW_WTH":1.9,"SW_RAMP":1,"VILL_NAME":"馬公市"},"geometry":{"type":"Polygon","coordinates":[[[119.578374,23.569512],[119.57873,23.569505],[119.578729,23.569487],[119.578905,23.569483],[119.578906,23.569501],[119.579,23.569497],[119.579069,23.56949],[119.579185,23.569458],[119.579249,23.56943],[119.579333,23.569376],[119.579386,23.569332],[119.579445,23.569262],[119.579497,23.569171],[119.579536,23.569073],[119.579551,23.568998],[119.579545,23.568625],[119.579565,23.568607],[119.579563,23.568503],[119.579542,23.568487],[119.579537,23.568287],[119.579545,23.568248],[119.579573,23.568209],[119.579639,23.568155],[119.579676,23.568138],[119.579886,23.568079],[119.579898,23.56807],[119.579903,23.568059],[119.579902,23.568049],[119.579895,23.568038],[119.579888,23.568033],[119.579877,23.56805],[119.57988,23.56806],[119.579874,23.568064],[119.579653,23.568126],[119.57961,23.568152],[119.579558,23.568196],[119.57954,23.568139],[119.579508,23.568141],[119.579495,23.568137],[119.579489,23.56813],[119.579472,23.568053],[119.579451,23.567999],[119.579429,23.568015],[119.579449,23.568068],[119.579466,23.568164],[119.57946,23.568168],[119.579461,23.568194],[119.579468,23.568197],[119.579476,23.568506],[119.579471,23.568509],[119.579471,23.568522],[119.579489,23.568524],[119.579489,23.568504],[119.579511,23.56849],[119.57953,23.568527],[119.579534,23.568561],[119.579526,23.568598],[119.579515,23.568618],[119.579492,23.568604],[119.579491,23.568584],[119.579472,23.568586],[119.579473,23.568599],[119.579478,23.568602],[119.579486,23.568913],[119.579479,23.568916],[119.579479,23.568943],[119.579486,23.568946],[119.579483,23.568983],[119.579469,23.569054],[119.579447,23.569119],[119.57942,23.569172],[119.579371,23.569244],[119.57934,23.56928],[119.579333,23.569278],[119.579313,23.569297],[119.579315,23.569303],[119.579283,23.56933],[119.5792,23.569384],[119.579135,23.569413],[119.579054,23.569438],[119.578961,23.569452],[119.578944,23.569453],[119.57894,23.569446],[119.578914,23.569447],[119.578911,23.569454],[119.578735,23.569459],[119.578663,23.569478],[119.578374,23.569485],[119.578374,23.569512]]]}},{"type":"Feature","properties":{"id":"33c1cca82e8f","NAME":"澎湖縣立體育場","PSTART":"館前路","PEND":"無名","SW_DIRECT":"1","SW_LENG":162.37,"SW_WTH":5.02,"SWW_WTH":0.97,"SW_RAMP":3,"VILL_NAME":"馬公市"},"geometry":{"type":"MultiPolygon","coordinates":[[[[119.578856,23.570703],[119.578853,23.570681],[119.579485,23.570616],[119.579488,23.570637],[119.579725,23.570613],[119.579748,23.570602],[119.579772,23.570581],[119.579773,23.570562],[119.579753,23.570561],[119.579753,23.570581],[119.579194,23.57059],[119.579195,23.570622],[119.579032,23.570639],[119.578887,23.570639],[119.578887,23.570654],[119.578844,23.570657],[119.578808,23.570683],[119.578614,23.570702],[119.57861,23.5707],[119.578611,23.570727],[119.578856,23.570703]]],[[[119.580142,23.569978],[119.580156,23.569923],[119.580134,23.569928],[119.580125,23.569966],[119.579804,23.570125],[119.579813,23.570141],[119.580142,23.569978]]]]}},{"type":"Feature","properties":{"id":"9bd62ecf30a8","NAME":"澎湖縣立體育場","PSTART":"館前路","PEND":"無名","SW_DIRECT":"2","SW_LENG":100.72,"SW_WTH":2.66,"SWW_WTH":1.76,"SW_RAMP":4,"VILL_NAME":"馬公市"},"geometry":{"type":"MultiPolygon","coordinates":[[[[119.578377,23.569612],[119.578444,23.56961],[119.578447,23.569594],[119.578516,23.569592],[119.578516,23.569587],[119.578558,23.569586],[119.578558,23.569591],[119.578593,23.569591],[119.578593,23.569585],[119.578614,23.569585],[119.578614,23.56959],[119.578681,23.569585],[119.578681,23.569589],[119.578694,23.56959],[119.578845,23.569586],[119.578839,23.569573],[119.578825,23.569566],[119.578376,23.569576],[119.578377,23.569612]]],[[[119.579007,23.569581],[119.579006,23.569561],[119.578915,23.569564],[119.578903,23.569572],[119.578899,23.569585],[119.579007,23.569581]]],[[[119.579781,23.570182],[119.579756,23.570181],[119.57976,23.570313],[119.579748,23.570314],[119.579753,23.570561],[119.579773,23.570562],[119.579781,23.570182]]]]}},{"type":"Feature","properties":{"id":"158822227643","NAME":"樹德路","PSTART":"中正路","PEND":"文康街","SW_DIRECT":"1","SW_LENG":24.27,"SW_WTH":1.05,"SWW_WTH":0.12,"SW_RAMP":1,"VILL_NAME":"馬公市"},"geometry":{"type":"Polygon","coordinates":[[[119.56699,23.568841],[119.567213,23.568827],[119.567223,23.568822],[119.567227,23.568813],[119.567205,23.56882],[119.56699,23.568831],[119.56699,23.568841]]]}},{"type":"Feature","properties":{"id":"2b3205006667","NAME":"樹德路","PSTART":"光復路","PEND":"中華路","SW_DIRECT":"2","SW_LENG":67.6,"SW_WTH":1.8,"SWW_WTH":1.35,"SW_RAMP":2,"VILL_NAME":"馬公市"},"geometry":{"type":"MultiPolygon","coordinates":[[[[119.568595,23.568825],[119.568585,23.56881],[119.568386,23.568822],[119.56838,23.568826],[119.568358,23.568859],[119.568357,23.568872],[119.568376,23.568869],[119.568395,23.568837],[119.568595,23.568825]]],[[[119.568998,23.568801],[119.568998,23.568786],[119.568875,23.568794],[119.568863,23.568809],[119.568998,23.568801]]],[[[119.568799,23.568798],[119.568726,23.568802],[119.568718,23.568809],[119.568713,23.568819],[119.568814,23.568813],[119.568809,23.568803],[119.568799,23.568798]]]]}},{"type":"Feature","properties":{"id":"b1992d2c5f93","NAME":"樹德路","PSTART":"文化路","PEND":"光復路","SW_DIRECT":"2","SW_LENG":66.19,"SW_WTH":1.97,"SWW_WTH":1.97,"SW_RAMP":1,"VILL_NAME":"馬公市"},"geometry":{"type":"Polygon","coordinates":[[[119.567714,23.568908],[119.567737,23.568877],[119.568222,23.568847],[119.568271,23.568882],[119.568288,23.568878],[119.568286,23.56887],[119.568229,23.56883],[119.567723,23.56886],[119.567686,23.568907],[119.567688,23.568914],[119.567714,23.568908]]]}},{"type":"Feature","properties":{"id":"ba4daa7464ff","NAME":"樹德路","PSTART":"文康街","PEND":"文化路","SW_DIRECT":"1","SW_LENG":29.39,"SW_WTH":1.74,"SWW_WTH":1.74,"SW_RAMP":0,"VILL_NAME":"馬公市"},"geometry":{"type":"Polygon","coordinates":[[[119.567536,23.568808],[119.567574,23.568762],[119.567573,23.568751],[119.567552,23.568755],[119.567522,23.568793],[119.567307,23.568807],[119.567317,23.568821],[119.567536,23.568808]]]}},{"type":"Feature","properties":{"id":"1a46fef0a3b3","NAME":"樹德路","PSTART":"民族路","PEND":"中正路","SW_DIRECT":"1","SW_LENG":147.48,"SW_WTH":2.02,"SWW_WTH":0.91,"SW_RAMP":2,"VILL_NAME":"馬公市"},"geometry":{"type":"Polygon","coordinates":[[[119.564882,23.568966],[119.566287,23.568882],[119.566307,23.568876],[119.566316,23.568868],[119.566322,23.568855],[119.566323,23.568833],[119.566317,23.568808],[119.566288,23.568815],[119.566296,23.568844],[119.566285,23.568864],[119.565596,23.568906],[119.565595,23.568895],[119.565518,23.568894],[119.565518,23.56891],[119.564881,23.568948],[119.564882,23.568966]]]}},{"type":"Feature","properties":{"id":"532ad32fe1c0","NAME":"樹德路","PSTART":"民族路","PEND":"中正路","SW_DIRECT":"2","SW_LENG":38.3,"SW_WTH":2.04,"SWW_WTH":0.4,"SW_RAMP":0,"VILL_NAME":"馬公市"},"geometry":{"type":"MultiPolygon","coordinates":[[[[119.565141,23.569013],[119.564941,23.569024],[119.564942,23.569042],[119.565159,23.56903],[119.565153,23.569018],[119.565141,23.569013]]],[[[119.565487,23.568993],[119.565427,23.568997],[119.565417,23.569004],[119.565409,23.569016],[119.565508,23.56901],[119.565497,23.568998],[119.565487,23.568993]]],[[[119.565254,23.569007],[119.56523,23.569009],[119.565214,23.569026],[119.565273,23.569023],[119.565265,23.569012],[119.565254,23.569007]]]]}},{"type":"Feature","properties":{"id":"1608de97b9c2","NAME":"縣道204","PSTART":"六合路","PEND":"無名","SW_DIRECT":"2","SW_LENG":92.23,"SW_WTH":1.19,"SWW_WTH":0.72,"SW_RAMP":0,"VILL_NAME":"馬公市"},"geometry":{"type":"MultiPolygon","coordinates":[[[[119.583803,23.568385],[119.583623,23.568551],[119.58362,23.568557],[119.583624,23.568565],[119.583811,23.568388],[119.583803,23.568385]]],[[[119.583965,23.568243],[119.58395,23.568242],[119.583864,23.568324],[119.583864,23.568336],[119.583965,23.568243]]],[[[119.58358,23.568593],[119.583556,23.568614],[119.58356,23.568625],[119.58359,23.568597],[119.58358,23.568593]]],[[[119.583494,23.568674],[119.583467,23.568698],[119.583472,23.568708],[119.583502,23.568679],[119.583494,23.568674]]],[[[119.583419,23.568745],[119.583327,23.56883],[119.58333,23.568841],[119.583424,23.568754],[119.583428,23.568748],[119.583419,23.568745]]]]}},{"type":"Feature","properties":{"id":"d8c8b1611ee8","NAME":"興建中道路","PSTART":"頂新五路","PEND":"興建中道路","SW_DIRECT":"1","SW_LENG":40.68,"SW_WTH":3.4,"SWW_WTH":1.34,"SW_RAMP":2,"VILL_NAME":"馬公市"},"geometry":{"type":"Polygon","coordinates":[[[119.56966,23.578886],[119.56967,23.57886],[119.569663,23.578831],[119.569631,23.578839],[119.569636,23.57886],[119.569632,23.57887],[119.569625,23.578875],[119.569331,23.578939],[119.569322,23.578938],[119.569314,23.578931],[119.569303,23.578886],[119.56927,23.578893],[119.569287,23.578949],[119.569302,23.578963],[119.569328,23.57897],[119.569373,23.578962],[119.56938,23.578949],[119.569586,23.578903],[119.569579,23.578916],[119.569632,23.578905],[119.56966,23.578886]]]}},{"type":"Feature","properties":{"id":"29dca02de8b9","NAME":"興建中道路","PSTART":"頂新五路","PEND":"興建中道路","SW_DIRECT":"2","SW_LENG":39.96,"SW_WTH":3.41,"SWW_WTH":1.38,"SW_RAMP":3,"VILL_NAME":"馬公市"},"geometry":{"type":"Polygon","coordinates":[[[119.569575,23.57851],[119.569554,23.578491],[119.569527,23.578486],[119.569488,23.578495],[119.569481,23.578508],[119.56927,23.578554],[119.569277,23.578541],[119.569222,23.578553],[119.569203,23.578568],[119.569195,23.578587],[119.569207,23.578648],[119.569239,23.57864],[119.569228,23.578595],[119.569238,23.578581],[119.56953,23.578517],[119.569544,23.578523],[119.569551,23.578545],[119.569584,23.578537],[119.569575,23.57851]]]}},{"type":"Feature","properties":{"id":"065075f87079","NAME":"興建中道路","PSTART":"頂新六路","PEND":"四維路","SW_DIRECT":"2","SW_LENG":52.95,"SW_WTH":3.02,"SWW_WTH":2.23,"SW_RAMP":1,"VILL_NAME":"馬公市"},"geometry":{"type":"Polygon","coordinates":[[[119.567881,23.579878],[119.567893,23.579872],[119.567904,23.57986],[119.567909,23.579828],[119.567815,23.579468],[119.567804,23.579449],[119.567792,23.579439],[119.56777,23.579433],[119.56775,23.579435],[119.567756,23.579461],[119.567772,23.579461],[119.567786,23.579473],[119.567884,23.579844],[119.567882,23.579855],[119.567875,23.579861],[119.567881,23.579878]]]}},{"type":"Feature","properties":{"id":"ad62b420afd2","NAME":"興建中道路","PSTART":"興建中道路","PEND":"興建中道路","SW_DIRECT":"2","SW_LENG":33.58,"SW_WTH":3.41,"SWW_WTH":1.3,"SW_RAMP":0,"VILL_NAME":"馬公市"},"geometry":{"type":"Polygon","coordinates":[[[119.569647,23.578817],[119.569575,23.578553],[119.56959,23.578559],[119.569584,23.578537],[119.569551,23.578545],[119.569631,23.578839],[119.569663,23.578831],[119.569661,23.578824],[119.569647,23.578817]]]}},{"type":"Feature","properties":{"id":"2827e2a17f75","NAME":"館前路","PSTART":"新生路","PEND":"中華路","SW_DIRECT":"1","SW_LENG":374.18,"SW_WTH":4.9,"SWW_WTH":1.97,"SW_RAMP":6,"VILL_NAME":"馬公市"},"geometry":{"type":"MultiPolygon","coordinates":[[[[119.578611,23.570727],[119.578609,23.57064],[119.578577,23.57064],[119.578574,23.570646],[119.578537,23.570646],[119.578508,23.570619],[119.578481,23.570551],[119.578459,23.570474],[119.578426,23.570321],[119.578414,23.570224],[119.578398,23.569763],[119.578383,23.569707],[119.578352,23.569639],[119.57836,23.569618],[119.578376,23.569612],[119.578376,23.569576],[119.578325,23.569579],[119.578302,23.569595],[119.578293,23.56962],[119.57834,23.569727],[119.57835,23.56977],[119.578363,23.570185],[119.578369,23.570256],[119.578382,23.570346],[119.57841,23.570477],[119.578455,23.570616],[119.578481,23.570666],[119.578513,23.570716],[119.57853,23.570727],[119.57855,23.570731],[119.578611,23.570727]]],[[[119.578374,23.569512],[119.578373,23.569485],[119.578366,23.569489],[119.578305,23.569437],[119.578294,23.569446],[119.578285,23.569434],[119.578259,23.569443],[119.578243,23.56944],[119.578233,23.569432],[119.57806,23.569082],[119.578032,23.569044],[119.577884,23.568883],[119.577883,23.568854],[119.577875,23.568836],[119.577722,23.568666],[119.57771,23.568657],[119.577678,23.568649],[119.577611,23.568572],[119.577589,23.568587],[119.578023,23.569077],[119.578064,23.569148],[119.578213,23.569458],[119.578261,23.569495],[119.578307,23.569511],[119.578374,23.569512]]],[[[119.578676,23.570908],[119.578645,23.570799],[119.578618,23.570808],[119.578598,23.57082],[119.578584,23.570834],[119.578578,23.570849],[119.578581,23.570863],[119.578586,23.570866],[119.578638,23.57085],[119.578657,23.570925],[119.578668,23.571018],[119.578666,23.571087],[119.578655,23.571172],[119.578631,23.571262],[119.578592,23.571363],[119.578561,23.571518],[119.578561,23.571549],[119.578569,23.571581],[119.578606,23.571628],[119.578624,23.571616],[119.578588,23.57157],[119.578582,23.571538],[119.578583,23.571515],[119.578613,23.571369],[119.578652,23.571268],[119.578672,23.571198],[119.578689,23.571082],[119.578687,23.570974],[119.578676,23.570908]]]]}},{"type":"Feature","properties":{"id":"57b364f96e34","NAME":"館前路","PSTART":"新生路","PEND":"中華路","SW_DIRECT":"2","SW_LENG":340.17,"SW_WTH":6.58,"SWW_WTH":2.08,"SW_RAMP":8,"VILL_NAME":"馬公市"},"geometry":{"type":"MultiPolygon","coordinates":[[[[119.578233,23.569759],[119.577933,23.569138],[119.57762,23.568786],[119.577616,23.568776],[119.577616,23.56875],[119.57761,23.56874],[119.577551,23.568673],[119.577525,23.568652],[119.577491,23.568676],[119.577681,23.568887],[119.577699,23.56892],[119.577723,23.56895],[119.577715,23.568956],[119.577843,23.569101],[119.577847,23.569098],[119.577862,23.569115],[119.577858,23.569118],[119.5779,23.569168],[119.577913,23.569192],[119.577898,23.569229],[119.577986,23.569414],[119.578032,23.569431],[119.578096,23.569565],[119.578085,23.569622],[119.5781,23.569653],[119.578123,23.569652],[119.578133,23.569673],[119.578119,23.569692],[119.578135,23.569723],[119.578171,23.569729],[119.578197,23.569782],[119.578201,23.569816],[119.578213,23.570318],[119.57822,23.570318],[119.578236,23.570329],[119.57826,23.570356],[119.578267,23.570376],[119.578272,23.570414],[119.578293,23.570397],[119.578298,23.570378],[119.578279,23.570239],[119.578272,23.570101],[119.578251,23.570079],[119.578247,23.57007],[119.578239,23.569779],[119.578233,23.569759]]],[[[119.578307,23.570465],[119.578283,23.570461],[119.578305,23.570549],[119.578333,23.570633],[119.578357,23.570687],[119.578374,23.570674],[119.578374,23.57065],[119.578348,23.57058],[119.578319,23.570478],[119.578307,23.570465]]],[[[119.578391,23.570714],[119.578366,23.570722],[119.578373,23.570735],[119.578364,23.570739],[119.578401,23.570793],[119.57843,23.570848],[119.578457,23.570838],[119.578466,23.57083],[119.578469,23.570818],[119.578457,23.570791],[119.578414,23.570724],[119.578391,23.570714]]],[[[119.57848,23.570877],[119.578472,23.570878],[119.578491,23.570952],[119.5785,23.571016],[119.578496,23.57111],[119.57848,23.571186],[119.578425,23.571343],[119.578416,23.571392],[119.578413,23.571437],[119.578428,23.571431],[119.578433,23.571422],[119.578448,23.571332],[119.5785,23.571191],[119.578516,23.571112],[119.578521,23.571041],[119.578517,23.57098],[119.578495,23.570883],[119.57848,23.570877]]],[[[119.578415,23.571508],[119.578413,23.571526],[119.578419,23.5716],[119.578438,23.571658],[119.578453,23.571689],[119.578472,23.571682],[119.578457,23.571651],[119.57844,23.5716],[119.578432,23.571518],[119.578427,23.571512],[119.578415,23.571508]]]]}},{"type":"Feature","properties":{"id":"76875c164892","NAME":"臨海路","PSTART":"中山路","PEND":"興港南街","SW_DIRECT":"2","SW_LENG":211.05,"SW_WTH":4.22,"SWW_WTH":0.72,"SW_RAMP":0,"VILL_NAME":"馬公市"},"geometry":{"type":"MultiPolygon","coordinates":[[[[119.569023,23.564734],[119.56856,23.564289],[119.568505,23.564338],[119.568509,23.564341],[119.56853,23.564339],[119.568546,23.564343],[119.568559,23.564357],[119.568578,23.564368],[119.568612,23.564406],[119.568629,23.564416],[119.568637,23.564429],[119.568656,23.564441],[119.56866,23.564437],[119.568995,23.564758],[119.569023,23.564734]]],[[[119.568031,23.563773],[119.56752,23.563282],[119.56748,23.563317],[119.567503,23.563339],[119.567517,23.563339],[119.567522,23.563334],[119.567787,23.563597],[119.567798,23.563589],[119.568011,23.563791],[119.568031,23.563773]]],[[[119.568511,23.564235],[119.568213,23.563951],[119.568205,23.56395],[119.568117,23.563865],[119.568102,23.563879],[119.568179,23.563952],[119.568175,23.563956],[119.568328,23.564102],[119.568321,23.564108],[119.568482,23.564262],[119.568511,23.564235]]]]}},{"type":"Feature","properties":{"id":"2899b2ff3dd1","NAME":"臨海路","PSTART":"臨海路","PEND":"中山路","SW_DIRECT":"1","SW_LENG":34.15,"SW_WTH":4.71,"SWW_WTH":1.69,"SW_RAMP":1,"VILL_NAME":"馬公市"},"geometry":{"type":"MultiPolygon","coordinates":[[[[119.563822,23.563414],[119.563823,23.563359],[119.563835,23.56336],[119.563836,23.563297],[119.563819,23.563296],[119.563821,23.56322],[119.563808,23.563219],[119.563797,23.563224],[119.563791,23.563235],[119.563788,23.56342],[119.563828,23.563419],[119.563822,23.563414]]],[[[119.564582,23.563331],[119.564563,23.56333],[119.564562,23.563438],[119.564581,23.563438],[119.564582,23.563331]]]]}},{"type":"Feature","properties":{"id":"c3d4d1b037cf","NAME":"臨海路","PSTART":"臨海路","PEND":"中山路","SW_DIRECT":"2","SW_LENG":15.56,"SW_WTH":3.16,"SWW_WTH":1.92,"SW_RAMP":0,"VILL_NAME":"馬公市"},"geometry":{"type":"Polygon","coordinates":[[[119.563702,23.56336],[119.563702,23.563232],[119.563691,23.563219],[119.563674,23.563218],[119.563669,23.563359],[119.563702,23.56336]]]}},{"type":"Feature","properties":{"id":"b2a35f34ee17","NAME":"觀音亭國際濱海公園","PSTART":"無名","PEND":"無名","SW_DIRECT":"1","SW_LENG":109.29,"SW_WTH":6.01,"SWW_WTH":3.6,"SW_RAMP":0,"VILL_NAME":"馬公市"},"geometry":{"type":"Polygon","coordinates":[[[119.562176,23.57155],[119.562434,23.571152],[119.562462,23.571155],[119.562721,23.570707],[119.562694,23.570692],[119.562142,23.571542],[119.562176,23.57155]]]}},{"type":"Feature","properties":{"id":"db0d4c110237","NAME":"觀音亭國際濱海公園","PSTART":"無名","PEND":"無名","SW_DIRECT":"2","SW_LENG":273.03,"SW_WTH":2.77,"SWW_WTH":2.77,"SW_RAMP":0,"VILL_NAME":"馬公市"},"geometry":{"type":"Polygon","coordinates":[[[119.565151,23.572809],[119.562782,23.571664],[119.562765,23.571693],[119.562808,23.571705],[119.565138,23.572831],[119.565151,23.572809]]]}},{"type":"Feature","properties":{"id":"1a63f881b8fd","NAME":"復國路","PSTART":"民族路","PEND":"民族路","SW_DIRECT":"2","SW_LENG":181.25,"SW_WTH":4.35,"SWW_WTH":0.87,"SW_RAMP":1,"VILL_NAME":"馬公市"},"geometry":{"type":"MultiPolygon","coordinates":[[[[119.563476,23.566434],[119.563321,23.566195],[119.563316,23.566152],[119.563247,23.566047],[119.563242,23.56602],[119.563254,23.565992],[119.563245,23.565976],[119.563174,23.56601],[119.563452,23.566431],[119.563465,23.566445],[119.563475,23.566439],[119.563476,23.566434]]],[[[119.563574,23.566566],[119.563558,23.566568],[119.563607,23.566629],[119.56373,23.566805],[119.563743,23.566797],[119.56374,23.566785],[119.563588,23.56657],[119.563574,23.566566]]],[[[119.563774,23.566833],[119.563759,23.56684],[119.563808,23.566907],[119.563817,23.566901],[119.563817,23.566891],[119.563774,23.566833]]],[[[119.563843,23.566927],[119.563835,23.566924],[119.563822,23.566931],[119.563878,23.567005],[119.56389,23.566996],[119.56389,23.566992],[119.563843,23.566927]]],[[[119.563909,23.56702],[119.563893,23.567029],[119.56397,23.56713],[119.563967,23.567135],[119.564007,23.567187],[119.564014,23.567185],[119.564023,23.567175],[119.564016,23.567169],[119.564017,23.567164],[119.563909,23.56702]]]]}},{"type":"Feature","properties":{"id":"f2a8b8cad87b","NAME":"復國路","PSTART":"民族路","PEND":"民族路","SW_DIRECT":"2","SW_LENG":181.25,"SW_WTH":4.35,"SWW_WTH":0.87,"SW_RAMP":0,"VILL_NAME":"馬公市"},"geometry":{"type":"Polygon","coordinates":[[[119.563876,23.565968],[119.56387,23.565944],[119.563462,23.566034],[119.563468,23.566057],[119.563876,23.565968]]]}},{"type":"Feature","properties":{"id":"29bb0884013e","NAME":"重慶街","PSTART":"仁愛路","PEND":"光明路","SW_DIRECT":"1","SW_LENG":84.07,"SW_WTH":2.5,"SWW_WTH":0.93,"SW_RAMP":1,"VILL_NAME":"馬公市"},"geometry":{"type":"Polygon","coordinates":[[[119.56688,23.565508],[119.566842,23.565268],[119.566824,23.565282],[119.566818,23.565303],[119.566932,23.566019],[119.566933,23.566023],[119.566957,23.56602],[119.566875,23.565509],[119.56688,23.565508]]]}},{"type":"Feature","properties":{"id":"501f2bea9517","NAME":"重慶街","PSTART":"仁愛路","PEND":"光明路","SW_DIRECT":"2","SW_LENG":83.18,"SW_WTH":3.27,"SWW_WTH":1.64,"SW_RAMP":3,"VILL_NAME":"馬公市"},"geometry":{"type":"Polygon","coordinates":[[[119.566884,23.566031],[119.566773,23.565325],[119.566761,23.565307],[119.566739,23.565295],[119.566692,23.5653],[119.566699,23.565326],[119.566714,23.565323],[119.566747,23.565359],[119.566834,23.565941],[119.566839,23.565941],[119.566845,23.565989],[119.566853,23.565988],[119.566861,23.566032],[119.566884,23.566031]]]}},{"type":"Feature","properties":{"id":"206066e75faa","NAME":"重慶街","PSTART":"光明路","PEND":"中興路","SW_DIRECT":"1","SW_LENG":58.42,"SW_WTH":4.27,"SWW_WTH":1.37,"SW_RAMP":3,"VILL_NAME":"馬公市"},"geometry":{"type":"MultiPolygon","coordinates":[[[[119.567157,23.566658],[119.567026,23.566254],[119.566994,23.566263],[119.567131,23.566671],[119.567142,23.566691],[119.567164,23.566708],[119.567185,23.566711],[119.56721,23.566705],[119.567202,23.566678],[119.567157,23.566658]]],[[[119.567013,23.566209],[119.567011,23.566164],[119.566964,23.566166],[119.56698,23.566218],[119.567013,23.566209]]]]}},{"type":"Feature","properties":{"id":"009b8454a78e","NAME":"重慶街","PSTART":"光明路","PEND":"中興路","SW_DIRECT":"2","SW_LENG":61.78,"SW_WTH":3.04,"SWW_WTH":1.45,"SW_RAMP":1,"VILL_NAME":"馬公市"},"geometry":{"type":"Polygon","coordinates":[[[119.567072,23.566669],[119.567071,23.566647],[119.566912,23.566171],[119.566876,23.566173],[119.566885,23.566182],[119.566897,23.566213],[119.567041,23.566646],[119.567014,23.566683],[119.56701,23.566709],[119.567034,23.566707],[119.56705,23.5667],[119.567064,23.566686],[119.567072,23.566669]]]}},{"type":"Feature","properties":{"id":"5235c3602fc8","NAME":"重慶街","PSTART":"惠民路","PEND":"仁愛路","SW_DIRECT":"1","SW_LENG":70.4,"SW_WTH":1.83,"SWW_WTH":0.97,"SW_RAMP":0,"VILL_NAME":"馬公市"},"geometry":{"type":"Polygon","coordinates":[[[119.56677,23.56478],[119.566756,23.564676],[119.56675,23.564677],[119.56674,23.564601],[119.566745,23.5646],[119.566736,23.564537],[119.566717,23.564539],[119.566749,23.564767],[119.566737,23.564818],[119.566747,23.56495],[119.566777,23.564948],[119.566803,23.565138],[119.566817,23.565136],[119.566815,23.565123],[119.566818,23.565123],[119.566792,23.564934],[119.566754,23.564935],[119.56675,23.564818],[119.566759,23.56478],[119.56677,23.56478]]]}},{"type":"Feature","properties":{"id":"335ee53d01a9","NAME":"時裡沙灘","PSTART":"時裡沙灘","PEND":"時裡沙灘","SW_DIRECT":"2","SW_LENG":700.0,"SW_WTH":4.21,"SWW_WTH":1.63,"SW_RAMP":0,"VILL_NAME":"馬公市"},"geometry":{"type":"MultiPolygon","coordinates":[[[[119.570441,23.524177],[119.570609,23.524033],[119.571116,23.523568],[119.572239,23.522527],[119.572675,23.522043],[119.572719,23.521976],[119.572749,23.521913],[119.57297,23.521216],[119.572998,23.521192],[119.573012,23.521195],[119.573014,23.521184],[119.573006,23.521182],[119.573015,23.521143],[119.572958,23.52113],[119.572725,23.521866],[119.572686,23.521956],[119.572652,23.522008],[119.572203,23.522507],[119.570579,23.524007],[119.570512,23.524066],[119.570417,23.524142],[119.570426,23.524145],[119.570421,23.524156],[119.57041,23.524153],[119.570405,23.524166],[119.570441,23.524177]]],[[[119.569191,23.525071],[119.569216,23.525062],[119.569218,23.525068],[119.569454,23.524984],[119.569497,23.524962],[119.569776,23.524732],[119.569766,23.524704],[119.569751,23.524708],[119.569748,23.524701],[119.569741,23.524703],[119.569741,23.524713],[119.569609,23.524822],[119.56949,23.524919],[119.569448,23.524944],[119.568255,23.52538],[119.568271,23.525414],[119.569194,23.525077],[119.569191,23.525071]]]]}},{"type":"Feature","properties":{"id":"deb17630e107","NAME":"案山","PSTART":"文德路","PEND":"案山","SW_DIRECT":"1","SW_LENG":75.58,"SW_WTH":4.58,"SWW_WTH":3.41,"SW_RAMP":5,"VILL_NAME":"馬公市"},"geometry":{"type":"MultiPolygon","coordinates":[[[[119.577327,23.559697],[119.577345,23.559694],[119.577581,23.559557],[119.577556,23.559524],[119.577286,23.55968],[119.577298,23.559691],[119.57731,23.559696],[119.577327,23.559697]]],[[[119.577708,23.55948],[119.577908,23.559366],[119.577921,23.559345],[119.577917,23.559313],[119.577658,23.559463],[119.577679,23.559479],[119.577708,23.55948]]],[[[119.57717,23.559795],[119.577232,23.559759],[119.577243,23.559747],[119.577251,23.559727],[119.577245,23.559703],[119.577128,23.559771],[119.577149,23.559791],[119.57717,23.559795]]]]}},{"type":"Feature","properties":{"id":"5eeb89281f9e","NAME":"案山","PSTART":"案山","PEND":"案山","SW_DIRECT":"1","SW_LENG":243.78,"SW_WTH":7.03,"SWW_WTH":3.94,"SW_RAMP":10,"VILL_NAME":"馬公市"},"geometry":{"type":"MultiPolygon","coordinates":[[[[119.577084,23.557778],[119.576727,23.557271],[119.576669,23.557306],[119.577002,23.557778],[119.577015,23.557788],[119.577039,23.557793],[119.577061,23.557789],[119.577084,23.557778]]],[[[119.577512,23.55842],[119.57711,23.55785],[119.577106,23.557853],[119.577089,23.557878],[119.577092,23.557905],[119.577396,23.558338],[119.577404,23.558334],[119.57741,23.558343],[119.577402,23.558347],[119.577445,23.558407],[119.577459,23.558419],[119.577475,23.558425],[119.577494,23.558425],[119.577512,23.55842]]],[[[119.57761,23.558559],[119.577546,23.558469],[119.577532,23.55848],[119.577523,23.558503],[119.577527,23.558524],[119.577543,23.558547],[119.577559,23.55856],[119.577575,23.558566],[119.577589,23.558566],[119.57761,23.558559]]],[[[119.57809,23.55924],[119.577641,23.558604],[119.577639,23.558606],[119.577621,23.558632],[119.577625,23.558663],[119.577783,23.558888],[119.57779,23.558883],[119.577799,23.558895],[119.577791,23.5589],[119.578022,23.559227],[119.578032,23.559237],[119.578052,23.559245],[119.578071,23.559246],[119.57809,23.55924]]]]}},{"type":"Feature","properties":{"id":"fa660bf2b4ec","NAME":"海埔路","PSTART":"三民路","PEND":"北辰街","SW_DIRECT":"2","SW_LENG":46.64,"SW_WTH":2.03,"SWW_WTH":2.03,"SW_RAMP":1,"VILL_NAME":"馬公市"},"geometry":{"type":"Polygon","coordinates":[[[119.569532,23.566685],[119.569224,23.566389],[119.569215,23.566382],[119.569202,23.566394],[119.569518,23.566699],[119.569532,23.566685]]]}},{"type":"Feature","properties":{"id":"3970434742a4","NAME":"海埔路","PSTART":"北辰街","PEND":"新生路86巷15弄","SW_DIRECT":"1","SW_LENG":49.47,"SW_WTH":2.52,"SWW_WTH":1.86,"SW_RAMP":1,"VILL_NAME":"馬公市"},"geometry":{"type":"Polygon","coordinates":[[[119.5729,23.568761],[119.572929,23.568751],[119.57295,23.568726],[119.572916,23.56874],[119.572889,23.568737],[119.572521,23.568522],[119.572518,23.568516],[119.572503,23.568539],[119.572872,23.568754],[119.5729,23.568761]]]}},{"type":"Feature","properties":{"id":"94db0ea10bd3","NAME":"海埔路","PSTART":"北辰街","PEND":"新店路","SW_DIRECT":"2","SW_LENG":117.76,"SW_WTH":2.08,"SWW_WTH":1.46,"SW_RAMP":3,"VILL_NAME":"馬公市"},"geometry":{"type":"MultiPolygon","coordinates":[[[[119.573425,23.569192],[119.572771,23.568813],[119.572752,23.568822],[119.573403,23.569201],[119.573413,23.56921],[119.573425,23.569192]]],[[[119.572666,23.568751],[119.572445,23.568623],[119.572435,23.568639],[119.572673,23.568776],[119.572675,23.568763],[119.572666,23.568751]]]]}},{"type":"Feature","properties":{"id":"c106e566f9de","NAME":"海埔路","PSTART":"民福路","PEND":"三民路","SW_DIRECT":"2","SW_LENG":78.28,"SW_WTH":1.86,"SWW_WTH":1.82,"SW_RAMP":2,"VILL_NAME":"馬公市"},"geometry":{"type":"MultiPolygon","coordinates":[[[[119.568562,23.565759],[119.568545,23.565768],[119.568863,23.566073],[119.568877,23.566061],[119.568562,23.565759]]],[[[119.569061,23.566236],[119.568913,23.566096],[119.5689,23.566107],[119.569048,23.566248],[119.569061,23.566236]]]]}},{"type":"Feature","properties":{"id":"3a74a9334178","NAME":"海埔路","PSTART":"海埔路41巷","PEND":"新村路","SW_DIRECT":"2","SW_LENG":206.41,"SW_WTH":2.57,"SWW_WTH":1.5,"SW_RAMP":8,"VILL_NAME":"馬公市"},"geometry":{"type":"MultiPolygon","coordinates":[[[[119.570651,23.567562],[119.5702,23.56726],[119.570185,23.567265],[119.570176,23.567273],[119.570607,23.567563],[119.570807,23.567692],[119.571319,23.56799],[119.571318,23.567993],[119.571353,23.568014],[119.571344,23.568027],[119.571362,23.568038],[119.571368,23.568006],[119.571364,23.567995],[119.571354,23.567984],[119.570848,23.567689],[119.570651,23.567562]]],[[[119.569953,23.567089],[119.569571,23.566723],[119.569555,23.566735],[119.569938,23.567102],[119.569951,23.56711],[119.569959,23.567103],[119.569953,23.567089]]]]}},{"type":"Feature","properties":{"id":"76d478c591da","NAME":"海埔路","PSTART":"無名","PEND":"無名","SW_DIRECT":"1","SW_LENG":133.37,"SW_WTH":2.54,"SWW_WTH":1.48,"SW_RAMP":4,"VILL_NAME":"馬公市"},"geometry":{"type":"MultiPolygon","coordinates":[[[[119.572185,23.568332],[119.571671,23.568034],[119.571667,23.568044],[119.571669,23.568055],[119.571676,23.568065],[119.572172,23.568351],[119.572185,23.568332]]],[[[119.57092,23.567598],[119.570797,23.567519],[119.570792,23.567529],[119.570792,23.567539],[119.570798,23.567548],[119.570905,23.567616],[119.571161,23.567765],[119.571176,23.567764],[119.57119,23.567755],[119.57092,23.567598]]],[[[119.571467,23.567916],[119.571256,23.567794],[119.571254,23.567801],[119.571261,23.567823],[119.571425,23.567919],[119.571443,23.567923],[119.571467,23.567916]]]]}},{"type":"Feature","properties":{"id":"026bb20b7d09","NAME":"海埔路","PSTART":"新生路146巷","PEND":"同和路","SW_DIRECT":"2","SW_LENG":43.36,"SW_WTH":2.5,"SWW_WTH":2.5,"SW_RAMP":0,"VILL_NAME":"馬公市"},"geometry":{"type":"Polygon","coordinates":[[[119.574523,23.569585],[119.574543,23.569598],[119.574568,23.569574],[119.574593,23.569562],[119.574728,23.569542],[119.574905,23.569498],[119.574932,23.569497],[119.574934,23.569475],[119.574897,23.569477],[119.574735,23.569517],[119.574591,23.569539],[119.574556,23.569554],[119.574523,23.569585]]]}},{"type":"Feature","properties":{"id":"df1d3c01e156","NAME":"海埔路","PSTART":"新生路86巷15弄","PEND":"新店路","SW_DIRECT":"1","SW_LENG":56.44,"SW_WTH":2.55,"SWW_WTH":1.66,"SW_RAMP":4,"VILL_NAME":"馬公市"},"geometry":{"type":"MultiPolygon","coordinates":[[[[119.573034,23.568791],[119.573028,23.568789],[119.573026,23.568798],[119.573025,23.568828],[119.573045,23.568853],[119.57328,23.568991],[119.573298,23.568989],[119.573307,23.56898],[119.573046,23.568827],[119.573033,23.568809],[119.573034,23.568791]]],[[[119.57356,23.569127],[119.573383,23.569023],[119.573379,23.56903],[119.573378,23.569043],[119.573384,23.569051],[119.573547,23.569146],[119.57356,23.569127]]]]}},{"type":"Feature","properties":{"id":"d59bc28f096d","NAME":"海埔路","PSTART":"新村路","PEND":"無名","SW_DIRECT":"2","SW_LENG":64.4,"SW_WTH":2.83,"SWW_WTH":1.43,"SW_RAMP":6,"VILL_NAME":"馬公市"},"geometry":{"type":"MultiPolygon","coordinates":[[[[119.571754,23.568215],[119.571494,23.568065],[119.571479,23.568062],[119.571455,23.568066],[119.571434,23.56808],[119.571453,23.568091],[119.571463,23.568077],[119.571743,23.56824],[119.571755,23.568221],[119.571754,23.568215]]],[[[119.571823,23.568256],[119.571809,23.568274],[119.571973,23.568369],[119.571978,23.568354],[119.57197,23.568341],[119.571823,23.568256]]],[[[119.572113,23.568424],[119.5721,23.568427],[119.572091,23.56844],[119.572157,23.568478],[119.572172,23.568457],[119.572113,23.568424]]]]}},{"type":"Feature","properties":{"id":"9a722bc73475","NAME":"海埔路","PSTART":"新店路","PEND":"同和路","SW_DIRECT":"1","SW_LENG":113.76,"SW_WTH":2.5,"SWW_WTH":1.61,"SW_RAMP":1,"VILL_NAME":"馬公市"},"geometry":{"type":"Polygon","coordinates":[[[119.574516,23.569451],[119.574632,23.569442],[119.574772,23.569417],[119.574808,23.569401],[119.574822,23.569386],[119.574831,23.569369],[119.574808,23.569361],[119.574792,23.569384],[119.574769,23.569394],[119.574699,23.569409],[119.574582,23.569425],[119.574445,23.569429],[119.57433,23.569421],[119.574176,23.569395],[119.574027,23.569356],[119.573931,23.569323],[119.573818,23.569276],[119.573804,23.569265],[119.573795,23.569238],[119.573774,23.569249],[119.573784,23.569279],[119.573808,23.569296],[119.573935,23.569349],[119.574087,23.569398],[119.574207,23.569425],[119.574316,23.569442],[119.574427,23.569451],[119.574516,23.569451]]]}},{"type":"Feature","properties":{"id":"520ac072802e","NAME":"海埔路","PSTART":"新店路","PEND":"新生路146巷","SW_DIRECT":"2","SW_LENG":82.74,"SW_WTH":2.5,"SWW_WTH":2.5,"SW_RAMP":2,"VILL_NAME":"馬公市"},"geometry":{"type":"Polygon","coordinates":[[[119.574363,23.569553],[119.574345,23.569537],[119.574164,23.569509],[119.57398,23.569461],[119.57381,23.569397],[119.573644,23.569316],[119.57361,23.569311],[119.573587,23.569331],[119.573647,23.569341],[119.573805,23.56942],[119.573912,23.569462],[119.574039,23.569502],[119.574168,23.569533],[119.57425,23.569547],[119.574363,23.56956],[119.574363,23.569553]]]}},{"type":"Feature","properties":{"id":"effa4a3101e9","NAME":"海埔路","PSTART":"興港南街","PEND":"興港北街","SW_DIRECT":"1","SW_LENG":183.98,"SW_WTH":2.08,"SWW_WTH":1.16,"SW_RAMP":4,"VILL_NAME":"馬公市"},"geometry":{"type":"MultiPolygon","coordinates":[[[[119.569959,23.566929],[119.569341,23.566336],[119.569332,23.566343],[119.56933,23.566353],[119.569937,23.566934],[119.569949,23.566946],[119.569965,23.566946],[119.569959,23.566929]]],[[[119.56912,23.566149],[119.569132,23.566138],[119.568547,23.565579],[119.568547,23.565527],[119.568541,23.565522],[119.568536,23.565526],[119.568527,23.565538],[119.56852,23.565558],[119.568522,23.565574],[119.56853,23.565589],[119.56912,23.566149]]]]}},{"type":"Feature","properties":{"id":"60191a84d6c7","NAME":"治平路","PSTART":"中正路","PEND":"忠孝路","SW_DIRECT":"1","SW_LENG":46.57,"SW_WTH":2.86,"SWW_WTH":1.35,"SW_RAMP":2,"VILL_NAME":"馬公市"},"geometry":{"type":"Polygon","coordinates":[[[119.566627,23.569575],[119.566954,23.569556],[119.566969,23.56955],[119.566966,23.569526],[119.566872,23.569535],[119.566871,23.569521],[119.566691,23.569541],[119.566691,23.569545],[119.566634,23.569547],[119.566558,23.569487],[119.566528,23.569493],[119.566531,23.569506],[119.566544,23.569521],[119.566592,23.56956],[119.566627,23.569575]]]}},{"type":"Feature","properties":{"id":"6d811b2b060a","NAME":"治平路","PSTART":"文化路","PEND":"光復路","SW_DIRECT":"1","SW_LENG":60.68,"SW_WTH":2.24,"SWW_WTH":1.52,"SW_RAMP":2,"VILL_NAME":"馬公市"},"geometry":{"type":"Polygon","coordinates":[[[119.567902,23.569491],[119.56839,23.569461],[119.568403,23.569455],[119.56843,23.56942],[119.568415,23.56941],[119.568389,23.569445],[119.5679,23.569473],[119.56787,23.569451],[119.567851,23.569456],[119.56787,23.569479],[119.567902,23.569491]]]}},{"type":"Feature","properties":{"id":"4a1b2fcd2504","NAME":"治平路","PSTART":"民族路","PEND":"中正路","SW_DIRECT":"1","SW_LENG":114.05,"SW_WTH":3.15,"SWW_WTH":1.48,"SW_RAMP":3,"VILL_NAME":"馬公市"},"geometry":{"type":"MultiPolygon","coordinates":[[[[119.566342,23.569567],[119.566314,23.569567],[119.565833,23.569597],[119.565838,23.569613],[119.565848,23.569622],[119.565893,23.569621],[119.566315,23.569596],[119.566333,23.569585],[119.566342,23.569567]]],[[[119.565454,23.569633],[119.565523,23.569629],[119.565526,23.569643],[119.565565,23.569641],[119.565565,23.569627],[119.56562,23.569624],[119.565621,23.569637],[119.565674,23.569634],[119.565703,23.569626],[119.565712,23.569615],[119.565713,23.569605],[119.565229,23.569633],[119.565231,23.56966],[119.565439,23.569648],[119.565454,23.569633]]]]}},{"type":"Feature","properties":{"id":"1b4c1796ca34","NAME":"治平路","PSTART":"民族路","PEND":"忠孝路","SW_DIRECT":"2","SW_LENG":163.56,"SW_WTH":4.26,"SWW_WTH":1.29,"SW_RAMP":2,"VILL_NAME":"馬公市"},"geometry":{"type":"MultiPolygon","coordinates":[[[[119.565718,23.569755],[119.566804,23.569686],[119.566807,23.569718],[119.56694,23.56971],[119.566942,23.569725],[119.566956,23.569717],[119.566954,23.569687],[119.566946,23.569666],[119.566928,23.569652],[119.5669,23.569644],[119.565718,23.569716],[119.565716,23.569731],[119.565718,23.569755]]],[[[119.565658,23.569756],[119.56565,23.56972],[119.565608,23.569723],[119.565603,23.569737],[119.565563,23.569738],[119.565562,23.569726],[119.565482,23.569732],[119.565483,23.569744],[119.565406,23.569749],[119.565405,23.569737],[119.565283,23.569744],[119.565292,23.569772],[119.565537,23.569757],[119.565542,23.569778],[119.565585,23.569776],[119.565584,23.569761],[119.565658,23.569756]]]]}},{"type":"Feature","properties":{"id":"58967cfafbd4","NAME":"治平路","PSTART":"光復路","PEND":"中華路","SW_DIRECT":"1","SW_LENG":107.71,"SW_WTH":1.74,"SWW_WTH":0.57,"SW_RAMP":1,"VILL_NAME":"馬公市"},"geometry":{"type":"Polygon","coordinates":[[[119.568644,23.569442],[119.569615,23.569387],[119.569627,23.569372],[119.569646,23.569313],[119.569628,23.569316],[119.569608,23.569372],[119.568836,23.569419],[119.568779,23.569421],[119.568777,23.569415],[119.568651,23.569424],[119.568646,23.569421],[119.568629,23.569432],[119.568644,23.569442]]]}},{"type":"Feature","properties":{"id":"91c7dec3a851","NAME":"治平路","PSTART":"光復路","PEND":"中華路","SW_DIRECT":"2","SW_LENG":108.8,"SW_WTH":1.88,"SWW_WTH":1.26,"SW_RAMP":0,"VILL_NAME":"馬公市"},"geometry":{"type":"Polygon","coordinates":[[[119.568786,23.569594],[119.568811,23.569552],[119.569797,23.569488],[119.569809,23.569474],[119.568809,23.569535],[119.568791,23.569545],[119.568775,23.569573],[119.568772,23.569602],[119.568786,23.569594]]]}},{"type":"Feature","properties":{"id":"afb9dfbcda7d","NAME":"治平路","PSTART":"忠孝路","PEND":"忠孝路3巷","SW_DIRECT":"2","SW_LENG":29.71,"SW_WTH":2.88,"SWW_WTH":1.01,"SW_RAMP":2,"VILL_NAME":"馬公市"},"geometry":{"type":"Polygon","coordinates":[[[119.567138,23.569661],[119.567182,23.569656],[119.567441,23.56964],[119.567424,23.569618],[119.567405,23.569616],[119.567158,23.569631],[119.56715,23.569634],[119.567139,23.569649],[119.567138,23.569661]]]}},{"type":"Feature","properties":{"id":"4793f6dc57da","NAME":"治平路","PSTART":"忠孝路3巷","PEND":"信義路","SW_DIRECT":"2","SW_LENG":23.31,"SW_WTH":2.84,"SWW_WTH":1.0,"SW_RAMP":2,"VILL_NAME":"馬公市"},"geometry":{"type":"Polygon","coordinates":[[[119.567545,23.569634],[119.567751,23.569621],[119.567782,23.56962],[119.567772,23.569602],[119.567756,23.569595],[119.567562,23.569607],[119.567552,23.569614],[119.567545,23.56963],[119.567545,23.569634]]]}},{"type":"Feature","properties":{"id":"006903e6bd0b","NAME":"治平路","PSTART":"治平路","PEND":"民族路","SW_DIRECT":"1","SW_LENG":41.44,"SW_WTH":5.12,"SWW_WTH":1.19,"SW_RAMP":0,"VILL_NAME":"馬公市"},"geometry":{"type":"Polygon","coordinates":[[[119.564643,23.569915],[119.564991,23.569762],[119.56501,23.569754],[119.564987,23.569713],[119.564621,23.569874],[119.564643,23.569915]]]}},{"type":"Feature","properties":{"id":"c7b6b655aeea","NAME":"治平路","PSTART":"信義路","PEND":"光復路","SW_DIRECT":"2","SW_LENG":73.77,"SW_WTH":1.82,"SWW_WTH":0.0,"SW_RAMP":0,"VILL_NAME":"馬公市"},"geometry":{"type":"Polygon","coordinates":[[[119.567942,23.569605],[119.568558,23.569565],[119.56865,23.569592],[119.568665,23.569582],[119.568557,23.56955],[119.56794,23.569588],[119.567942,23.569605]]]}},{"type":"Feature","properties":{"id":"12c9efde545d","NAME":"信義路","PSTART":"自立路","PEND":"陽明路","SW_DIRECT":"1","SW_LENG":177.95,"SW_WTH":3.15,"SWW_WTH":1.02,"SW_RAMP":4,"VILL_NAME":"馬公市"},"geometry":{"type":"MultiPolygon","coordinates":[[[[119.568703,23.572667],[119.568701,23.572649],[119.568684,23.572651],[119.568652,23.572664],[119.568634,23.572693],[119.56863,23.572719],[119.568805,23.5737],[119.568816,23.573717],[119.568836,23.573722],[119.568656,23.572719],[119.568657,23.572703],[119.568664,23.572687],[119.56868,23.572674],[119.568703,23.572667]]],[[[119.568882,23.573968],[119.568866,23.573884],[119.568854,23.573891],[119.568844,23.573905],[119.568849,23.573949],[119.568863,23.573965],[119.568882,23.573968]]],[[[119.56895,23.57434],[119.568887,23.573995],[119.568875,23.573999],[119.568865,23.574009],[119.568863,23.574023],[119.56892,23.574347],[119.568932,23.574371],[119.568951,23.574391],[119.568974,23.5744],[119.568997,23.5744],[119.568986,23.574374],[119.568963,23.574365],[119.56895,23.57434]]]]}},{"type":"Feature","properties":{"id":"1d1a926184a7","NAME":"信義路","PSTART":"明德路","PEND":"自立路","SW_DIRECT":"1","SW_LENG":210.11,"SW_WTH":1.87,"SWW_WTH":1.48,"SW_RAMP":5,"VILL_NAME":"馬公市"},"geometry":{"type":"Polygon","coordinates":[[[119.568695,23.572574],[119.568691,23.572535],[119.568664,23.572538],[119.56863,23.57252],[119.56863,23.572516],[119.568602,23.572522],[119.568189,23.570776],[119.56817,23.570779],[119.568587,23.572544],[119.568601,23.572568],[119.568622,23.572578],[119.568695,23.572574]]]}},{"type":"Feature","properties":{"id":"37c8bb4e1e0f","NAME":"建國路","PSTART":"中興路","PEND":"民生路","SW_DIRECT":"1","SW_LENG":70.23,"SW_WTH":3.59,"SWW_WTH":1.72,"SW_RAMP":3,"VILL_NAME":"馬公市"},"geometry":{"type":"MultiPolygon","coordinates":[[[[119.566394,23.566822],[119.566392,23.566796],[119.566382,23.566797],[119.566354,23.566804],[119.566343,23.566814],[119.566337,23.566838],[119.566481,23.567306],[119.566496,23.567321],[119.566519,23.567323],[119.56637,23.566842],[119.566385,23.566822],[119.566394,23.566822]]],[[[119.566566,23.567465],[119.566538,23.567374],[119.566522,23.567378],[119.566508,23.567394],[119.566533,23.567474],[119.566566,23.567465]]]]}},{"type":"Feature","properties":{"id":"68d0493d63cc","NAME":"建國路","PSTART":"中興路","PEND":"民生路","SW_DIRECT":"2","SW_LENG":70.4,"SW_WTH":3.66,"SWW_WTH":2.12,"SW_RAMP":3,"VILL_NAME":"馬公市"},"geometry":{"type":"MultiPolygon","coordinates":[[[[119.566278,23.566911],[119.566254,23.56684],[119.566235,23.566824],[119.566213,23.56682],[119.566184,23.566827],[119.566195,23.566866],[119.566205,23.566863],[119.566233,23.566883],[119.566365,23.56731],[119.566386,23.567301],[119.566393,23.567284],[119.566382,23.567249],[119.566361,23.567239],[119.566344,23.567184],[119.566355,23.567164],[119.566319,23.567046],[119.566298,23.567036],[119.566266,23.566932],[119.566278,23.566911]]],[[[119.566395,23.567354],[119.566377,23.567357],[119.566416,23.56748],[119.56645,23.567471],[119.566417,23.567368],[119.566409,23.567358],[119.566395,23.567354]]]]}},{"type":"Feature","properties":{"id":"3d51d29bb806","NAME":"建國路","PSTART":"仁愛路","PEND":"光武街","SW_DIRECT":"2","SW_LENG":17.39,"SW_WTH":3.47,"SWW_WTH":1.73,"SW_RAMP":1,"VILL_NAME":"馬公市"},"geometry":{"type":"Polygon","coordinates":[[[119.566037,23.565766],[119.566035,23.565743],[119.566018,23.565728],[119.566015,23.565635],[119.565998,23.565628],[119.566005,23.56579],[119.56603,23.565783],[119.566037,23.565766]]]}},{"type":"Feature","properties":{"id":"1f617c405788","NAME":"建國路","PSTART":"仁愛路","PEND":"建國路14巷","SW_DIRECT":"1","SW_LENG":40.41,"SW_WTH":3.79,"SWW_WTH":2.14,"SW_RAMP":3,"VILL_NAME":"馬公市"},"geometry":{"type":"MultiPolygon","coordinates":[[[[119.566156,23.565898],[119.566149,23.565716],[119.566127,23.565716],[119.566114,23.565729],[119.566119,23.565886],[119.566123,23.565894],[119.566136,23.565899],[119.566156,23.565898]]],[[[119.566137,23.56549],[119.566106,23.565489],[119.566112,23.565657],[119.566126,23.56567],[119.566148,23.56567],[119.566142,23.565507],[119.566137,23.56549]]]]}},{"type":"Feature","properties":{"id":"c3153b3892b8","NAME":"建國路","PSTART":"永興街","PEND":"中興路","SW_DIRECT":"2","SW_LENG":29.57,"SW_WTH":3.29,"SWW_WTH":1.8,"SW_RAMP":2,"VILL_NAME":"馬公市"},"geometry":{"type":"Polygon","coordinates":[[[119.566217,23.566746],[119.566219,23.566727],[119.566159,23.566527],[119.56614,23.566515],[119.56612,23.566518],[119.566186,23.566725],[119.566157,23.566761],[119.566164,23.566784],[119.566194,23.566775],[119.566209,23.566762],[119.566217,23.566746]]]}},{"type":"Feature","properties":{"id":"46c4408c31ec","NAME":"建國路","PSTART":"光明路","PEND":"中興路","SW_DIRECT":"1","SW_LENG":67.98,"SW_WTH":3.74,"SWW_WTH":1.01,"SW_RAMP":2,"VILL_NAME":"馬公市"},"geometry":{"type":"Polygon","coordinates":[[[119.566188,23.566161],[119.566413,23.566148],[119.566192,23.566157],[119.566158,23.566171],[119.566144,23.566194],[119.566146,23.56621],[119.566167,23.56622],[119.566182,23.566271],[119.56617,23.566293],[119.566189,23.566355],[119.56621,23.566367],[119.566226,23.56642],[119.566214,23.56644],[119.566263,23.566601],[119.56628,23.566597],[119.566309,23.566697],[119.566298,23.566715],[119.5663,23.566725],[119.56631,23.56674],[119.566322,23.566749],[119.566336,23.566754],[119.566356,23.566753],[119.566358,23.566726],[119.566335,23.566729],[119.566283,23.566555],[119.566287,23.566554],[119.56626,23.566466],[119.566253,23.566463],[119.566168,23.566183],[119.566188,23.566161]]]}},{"type":"Feature","properties":{"id":"b2169c237bf2","NAME":"建國路","PSTART":"光明路","PEND":"永興街","SW_DIRECT":"2","SW_LENG":30.12,"SW_WTH":3.78,"SWW_WTH":2.3,"SW_RAMP":2,"VILL_NAME":"馬公市"},"geometry":{"type":"Polygon","coordinates":[[[119.566131,23.566441],[119.566068,23.566224],[119.566054,23.56621],[119.566031,23.5662],[119.566011,23.566198],[119.565987,23.566202],[119.565992,23.566228],[119.566039,23.566251],[119.5661,23.566463],[119.566125,23.566453],[119.566131,23.566441]]]}},{"type":"Feature","properties":{"id":"1edf14895e18","NAME":"建國路","PSTART":"光武街","PEND":"光明路","SW_DIRECT":"2","SW_LENG":33.11,"SW_WTH":3.51,"SWW_WTH":2.03,"SW_RAMP":2,"VILL_NAME":"馬公市"},"geometry":{"type":"Polygon","coordinates":[[[119.566047,23.566099],[119.566039,23.565866],[119.566027,23.565852],[119.566004,23.565848],[119.566015,23.566093],[119.565986,23.566129],[119.565994,23.566154],[119.566013,23.566148],[119.566028,23.566137],[119.566044,23.566114],[119.566047,23.566099]]]}},{"type":"Feature","properties":{"id":"5f2c84bc4f91","NAME":"建國路","PSTART":"建國路14巷","PEND":"光明路","SW_DIRECT":"1","SW_LENG":19.72,"SW_WTH":3.75,"SWW_WTH":2.21,"SW_RAMP":2,"VILL_NAME":"馬公市"},"geometry":{"type":"Polygon","coordinates":[[[119.566162,23.566089],[119.566157,23.565935],[119.566136,23.565936],[119.566125,23.565943],[119.566121,23.565952],[119.566125,23.566078],[119.566134,23.566096],[119.566144,23.566106],[119.566159,23.566113],[119.566175,23.566113],[119.566173,23.566088],[119.566162,23.566089]]]}},{"type":"Feature","properties":{"id":"0ce9c5002fb6","NAME":"民權路","PSTART":"惠民路","PEND":"仁愛路","SW_DIRECT":"2","SW_LENG":64.57,"SW_WTH":1.96,"SWW_WTH":0.76,"SW_RAMP":0,"VILL_NAME":"馬公市"},"geometry":{"type":"Polygon","coordinates":[[[119.567467,23.564979],[119.567247,23.564423],[119.567229,23.564429],[119.567448,23.564981],[119.567445,23.564986],[119.567467,23.564979]]]}},{"type":"Feature","properties":{"id":"a881919fbb53","NAME":"啟明街2巷","PSTART":"惠民路","PEND":"仁愛路","SW_DIRECT":"2","SW_LENG":70.27,"SW_WTH":1.96,"SWW_WTH":0.76,"SW_RAMP":0,"VILL_NAME":"馬公市"},"geometry":{"type":"Polygon","coordinates":[[[119.566738,23.565165],[119.566652,23.564563],[119.566633,23.564566],[119.566726,23.565196],[119.566739,23.565194],[119.566738,23.565165]]]}},{"type":"Feature","properties":{"id":"1472e35345fc","NAME":"樹德路","PSTART":"光復路","PEND":"中華路","SW_DIRECT":"1","SW_LENG":60.3,"SW_WTH":2.05,"SWW_WTH":1.66,"SW_RAMP":1,"VILL_NAME":"馬公市"},"geometry":{"type":"Polygon","coordinates":[[[119.568363,23.568757],[119.568909,23.568724],[119.568922,23.568717],[119.568929,23.568704],[119.568371,23.568738],[119.568337,23.568724],[119.56833,23.568702],[119.56831,23.568707],[119.568318,23.568733],[119.568327,23.568745],[119.568363,23.568757]]]}},{"type":"Feature","properties":{"id":"7954f0e6cd81","NAME":"樹德路","PSTART":"文化路","PEND":"光復路","SW_DIRECT":"1","SW_LENG":61.2,"SW_WTH":2.05,"SWW_WTH":1.66,"SW_RAMP":1,"VILL_NAME":"馬公市"},"geometry":{"type":"Polygon","coordinates":[[[119.56769,23.568799],[119.568205,23.568769],[119.568241,23.568733],[119.568244,23.56872],[119.568241,23.568712],[119.568221,23.568717],[119.568223,23.568722],[119.568198,23.568753],[119.5677,23.568784],[119.567662,23.568754],[119.567644,23.568758],[119.567649,23.56877],[119.56769,23.568799]]]}},{"type":"Feature","properties":{"id":"9fe744c135bf","NAME":"樹德路","PSTART":"忠孝路","PEND":"文化路","SW_DIRECT":"2","SW_LENG":60.71,"SW_WTH":4.0,"SWW_WTH":1.8,"SW_RAMP":2,"VILL_NAME":"馬公市"},"geometry":{"type":"Polygon","coordinates":[[[119.567186,23.56891],[119.567473,23.568891],[119.567473,23.568895],[119.56756,23.568889],[119.5676,23.568916],[119.567619,23.568911],[119.567616,23.568903],[119.567561,23.568869],[119.567062,23.5689],[119.567063,23.568912],[119.567058,23.568912],[119.567031,23.568942],[119.56703,23.568956],[119.567063,23.568954],[119.567068,23.568941],[119.567081,23.568935],[119.567186,23.568925],[119.567186,23.56891]]]}},{"type":"Feature","properties":{"id":"9687ec19f6fb","NAME":"樹德路","PSTART":"中正路","PEND":"忠孝路","SW_DIRECT":"2","SW_LENG":47.3,"SW_WTH":5.65,"SWW_WTH":1.4,"SW_RAMP":2,"VILL_NAME":"馬公市"},"geometry":{"type":"Polygon","coordinates":[[[119.566483,23.569038],[119.56649,23.569027],[119.566496,23.569033],[119.566539,23.568997],[119.566534,23.568992],[119.56655,23.568979],[119.566694,23.568959],[119.566839,23.568946],[119.566858,23.568955],[119.566854,23.568962],[119.566902,23.568989],[119.566907,23.568982],[119.566915,23.568987],[119.566926,23.568986],[119.566923,23.568957],[119.566909,23.568926],[119.5669,23.568915],[119.566888,23.56891],[119.5665,23.568932],[119.566466,23.568975],[119.566471,23.569038],[119.566483,23.569038]]]}},{"type":"Feature","properties":{"id":"123ea46dff0f","NAME":"治平路","PSTART":"忠孝路","PEND":"文化路","SW_DIRECT":"1","SW_LENG":69.8,"SW_WTH":2.97,"SWW_WTH":1.13,"SW_RAMP":2,"VILL_NAME":"馬公市"},"geometry":{"type":"Polygon","coordinates":[[[119.567775,23.569486],[119.567786,23.569466],[119.567778,23.569436],[119.567758,23.569441],[119.567758,23.569448],[119.567729,23.569484],[119.567103,23.569521],[119.567116,23.569537],[119.567129,23.569545],[119.567138,23.569545],[119.567743,23.569509],[119.567753,23.569506],[119.567775,23.569486]]]}},{"type":"Feature","properties":{"id":"ee9fb6f5a942","NAME":"頂新一路","PSTART":"民族路","PEND":"公園路","SW_DIRECT":"2","SW_LENG":40.91,"SW_WTH":6.03,"SWW_WTH":2.76,"SW_RAMP":0,"VILL_NAME":"馬公市"},"geometry":{"type":"Polygon","coordinates":[[[119.567474,23.577326],[119.567868,23.577256],[119.567856,23.577203],[119.567823,23.577209],[119.56781,23.577234],[119.567694,23.577255],[119.567533,23.577283],[119.56751,23.577264],[119.567463,23.577273],[119.567474,23.577326]]]}},{"type":"Feature","properties":{"id":"2dba8422f74d","NAME":"頂新三路","PSTART":"民族路","PEND":"公園路","SW_DIRECT":"1","SW_LENG":51.11,"SW_WTH":6.03,"SWW_WTH":2.79,"SW_RAMP":0,"VILL_NAME":"馬公市"},"geometry":{"type":"Polygon","coordinates":[[[119.567515,23.57825],[119.567681,23.57822],[119.567694,23.578195],[119.567855,23.578166],[119.56797,23.578145],[119.567993,23.578164],[119.568007,23.578162],[119.567995,23.578108],[119.567503,23.578196],[119.567515,23.57825]]]}},{"type":"Feature","properties":{"id":"12bedc8d562d","NAME":"頂新三路","PSTART":"民族路","PEND":"公園路","SW_DIRECT":"2","SW_LENG":60.73,"SW_WTH":6.02,"SWW_WTH":2.75,"SW_RAMP":1,"VILL_NAME":"馬公市"},"geometry":{"type":"Polygon","coordinates":[[[119.56744,23.578392],[119.568024,23.578287],[119.568013,23.578234],[119.568009,23.578235],[119.567995,23.57826],[119.567719,23.57831],[119.567696,23.578291],[119.567429,23.578338],[119.56744,23.578392]]]}},{"type":"Feature","properties":{"id":"bb7919a0cd25","NAME":"頂新五路","PSTART":"興建中道路","PEND":"興建中道路","SW_DIRECT":"1","SW_LENG":19.42,"SW_WTH":3.42,"SWW_WTH":2.68,"SW_RAMP":2,"VILL_NAME":"馬公市"},"geometry":{"type":"Polygon","coordinates":[[[119.569293,23.578849],[119.569249,23.578678],[119.569217,23.578686],[119.569261,23.578856],[119.569293,23.578849]]]}},{"type":"Feature","properties":{"id":"acbe332134fc","NAME":"頂新六路","PSTART":"民族路","PEND":"公園路","SW_DIRECT":"1","SW_LENG":86.67,"SW_WTH":6.0,"SWW_WTH":3.5,"SW_RAMP":0,"VILL_NAME":"馬公市"},"geometry":{"type":"Polygon","coordinates":[[[119.567581,23.5794],[119.567593,23.579374],[119.567916,23.579302],[119.568209,23.579236],[119.568233,23.579254],[119.568301,23.579239],[119.568287,23.579186],[119.567462,23.579371],[119.567476,23.579424],[119.567581,23.5794]]]}},{"type":"Feature","properties":{"id":"cf7fcb8b345b","NAME":"頂新六路","PSTART":"民族路","PEND":"興建中道路","SW_DIRECT":"2","SW_LENG":20.26,"SW_WTH":3.02,"SWW_WTH":2.99,"SW_RAMP":2,"VILL_NAME":"馬公市"},"geometry":{"type":"MultiPolygon","coordinates":[[[[119.567608,23.579467],[119.5675,23.579491],[119.567508,23.579517],[119.567648,23.579486],[119.56763,23.579472],[119.567608,23.579467]]],[[[119.567756,23.579461],[119.56775,23.579435],[119.567724,23.579443],[119.567711,23.579456],[119.567705,23.579473],[119.567756,23.579461]]]]}},{"type":"Feature","properties":{"id":"3b1b3ebd2040","NAME":"復國路","PSTART":"民族路","PEND":"民族路","SW_DIRECT":"1","SW_LENG":137.04,"SW_WTH":2.94,"SWW_WTH":1.54,"SW_RAMP":0,"VILL_NAME":"馬公市"},"geometry":{"type":"MultiPolygon","coordinates":[[[[119.563855,23.565863],[119.563849,23.565837],[119.563518,23.565907],[119.56352,23.565911],[119.563308,23.565956],[119.563245,23.565976],[119.563254,23.565992],[119.563292,23.565976],[119.563384,23.565964],[119.563581,23.565922],[119.563855,23.565863]]],[[[119.563468,23.566057],[119.563462,23.566034],[119.56342,23.566043],[119.563409,23.566056],[119.563414,23.566124],[119.563425,23.566158],[119.563585,23.566395],[119.563757,23.56661],[119.563775,23.566613],[119.563671,23.566472],[119.563642,23.566445],[119.563645,23.566442],[119.563596,23.56638],[119.563454,23.56617],[119.563431,23.566085],[119.563449,23.566061],[119.563468,23.566057]]]]}},{"type":"Feature","properties":{"id":"dacc7c04448f","NAME":"惠民一路","PSTART":"中興路","PEND":"民生路","SW_DIRECT":"1","SW_LENG":32.1,"SW_WTH":2.09,"SWW_WTH":2.09,"SW_RAMP":1,"VILL_NAME":"馬公市"},"geometry":{"type":"Polygon","coordinates":[[[119.564895,23.56756],[119.564869,23.567284],[119.564868,23.567271],[119.564864,23.567271],[119.564851,23.567278],[119.564849,23.567284],[119.564874,23.567561],[119.564895,23.56756]]]}},{"type":"Feature","properties":{"id":"f182035e85fd","NAME":"惠民一路","PSTART":"中興路","PEND":"民生路","SW_DIRECT":"2","SW_LENG":36.47,"SW_WTH":1.88,"SWW_WTH":1.88,"SW_RAMP":1,"VILL_NAME":"馬公市"},"geometry":{"type":"Polygon","coordinates":[[[119.564805,23.567564],[119.564776,23.567237],[119.564757,23.567235],[119.564786,23.567563],[119.564805,23.567564]]]}},{"type":"Feature","properties":{"id":"16901e052b74","NAME":"惠民一路","PSTART":"仁愛路","PEND":"光明路","SW_DIRECT":"1","SW_LENG":62.86,"SW_WTH":2.08,"SWW_WTH":2.08,"SW_RAMP":0,"VILL_NAME":"馬公市"},"geometry":{"type":"Polygon","coordinates":[[[119.564782,23.566334],[119.564732,23.565801],[119.564714,23.565803],[119.564765,23.566368],[119.564789,23.566366],[119.564788,23.566334],[119.564782,23.566334]]]}},{"type":"Feature","properties":{"id":"cd2a3192639a","NAME":"惠民一路","PSTART":"仁愛路","PEND":"光明路","SW_DIRECT":"2","SW_LENG":80.95,"SW_WTH":1.85,"SWW_WTH":1.85,"SW_RAMP":0,"VILL_NAME":"馬公市"},"geometry":{"type":"Polygon","coordinates":[[[119.564701,23.566397],[119.564648,23.565828],[119.564631,23.565829],[119.564638,23.565949],[119.564679,23.566399],[119.564701,23.566397]]]}},{"type":"Feature","properties":{"id":"92e90f880434","NAME":"惠民一路","PSTART":"光明路","PEND":"中興路","SW_DIRECT":"1","SW_LENG":56.61,"SW_WTH":1.88,"SWW_WTH":1.88,"SW_RAMP":0,"VILL_NAME":"馬公市"},"geometry":{"type":"Polygon","coordinates":[[[119.564846,23.56705],[119.564799,23.566541],[119.56478,23.566542],[119.564827,23.567052],[119.564846,23.56705]]]}},{"type":"Feature","properties":{"id":"5008e5a9bfd1","NAME":"惠民一路","PSTART":"光明路","PEND":"中興路","SW_DIRECT":"2","SW_LENG":59.38,"SW_WTH":1.99,"SWW_WTH":0.95,"SW_RAMP":0,"VILL_NAME":"馬公市"},"geometry":{"type":"Polygon","coordinates":[[[119.564763,23.56709],[119.564715,23.566556],[119.564694,23.566557],[119.564743,23.567091],[119.564763,23.56709]]]}},{"type":"Feature","properties":{"id":"db727d2379ca","NAME":"惠民一路","PSTART":"惠民路","PEND":"仁愛路","SW_DIRECT":"1","SW_LENG":79.19,"SW_WTH":3.01,"SWW_WTH":1.56,"SW_RAMP":6,"VILL_NAME":"馬公市"},"geometry":{"type":"Polygon","coordinates":[[[119.564717,23.565614],[119.5647,23.565426],[119.564657,23.56495],[119.564628,23.564956],[119.564623,23.564992],[119.56464,23.565187],[119.564663,23.565336],[119.564687,23.565627],[119.564696,23.565644],[119.564716,23.565661],[119.564745,23.565661],[119.564742,23.565636],[119.564717,23.565614]]]}},{"type":"Feature","properties":{"id":"495c5d609511","NAME":"惠民一路","PSTART":"惠民路","PEND":"仁愛路","SW_DIRECT":"2","SW_LENG":76.02,"SW_WTH":4.09,"SWW_WTH":1.48,"SW_RAMP":4,"VILL_NAME":"馬公市"},"geometry":{"type":"Polygon","coordinates":[[[119.564649,23.565658],[119.564626,23.565348],[119.56461,23.565251],[119.564601,23.565224],[119.564604,23.565199],[119.564589,23.565044],[119.56457,23.56502],[119.564567,23.565002],[119.564552,23.565003],[119.564613,23.56567],[119.564586,23.565676],[119.564589,23.565697],[119.564632,23.565684],[119.564644,23.565673],[119.564649,23.565658]]]}},{"type":"Feature","properties":{"id":"d94bd00538c9","NAME":"惠民路","PSTART":"中央街","PEND":"中正路","SW_DIRECT":"1","SW_LENG":36.36,"SW_WTH":3.57,"SWW_WTH":1.4,"SW_RAMP":2,"VILL_NAME":"馬公市"},"geometry":{"type":"Polygon","coordinates":[[[119.565217,23.56476],[119.565228,23.564734],[119.565226,23.564713],[119.565187,23.564716],[119.565154,23.564747],[119.56488,23.564803],[119.564888,23.564823],[119.564908,23.564831],[119.565202,23.564771],[119.565217,23.56476]]]}},{"type":"Feature","properties":{"id":"7a8c42da9621","NAME":"惠民路","PSTART":"中央街","PEND":"中正路","SW_DIRECT":"2","SW_LENG":34.85,"SW_WTH":3.31,"SWW_WTH":1.32,"SW_RAMP":1,"VILL_NAME":"馬公市"},"geometry":{"type":"Polygon","coordinates":[[[119.565242,23.564865],[119.565236,23.564831],[119.565223,23.564817],[119.565193,23.564808],[119.564914,23.564865],[119.564905,23.564872],[119.564902,23.564883],[119.564905,23.5649],[119.565163,23.564844],[119.565203,23.564869],[119.565242,23.564865]]]}},{"type":"Feature","properties":{"id":"868db3060c80","NAME":"惠民路","PSTART":"中正路","PEND":"建國路","SW_DIRECT":"2","SW_LENG":66.89,"SW_WTH":1.73,"SWW_WTH":0.41,"SW_RAMP":1,"VILL_NAME":"馬公市"},"geometry":{"type":"Polygon","coordinates":[[[119.565341,23.564823],[119.56537,23.564794],[119.56594,23.564678],[119.565943,23.564662],[119.565936,23.564659],[119.565338,23.564785],[119.56532,23.564794],[119.565309,23.564807],[119.565309,23.564842],[119.565342,23.564839],[119.565341,23.564823]]]}},{"type":"Feature","properties":{"id":"e06ad5ac12b4","NAME":"惠民路","PSTART":"中正路","PEND":"重慶街","SW_DIRECT":"1","SW_LENG":124.59,"SW_WTH":2.05,"SWW_WTH":0.34,"SW_RAMP":0,"VILL_NAME":"馬公市"},"geometry":{"type":"Polygon","coordinates":[[[119.56547,23.564693],[119.566581,23.564457],[119.566596,23.564448],[119.566622,23.564411],[119.566623,23.564399],[119.566605,23.564402],[119.56658,23.564438],[119.565445,23.564679],[119.565453,23.56469],[119.56547,23.564693]]]}},{"type":"Feature","properties":{"id":"3c44f8464cca","NAME":"惠民路","PSTART":"正義街","PEND":"惠民一路","SW_DIRECT":"2","SW_LENG":48.63,"SW_WTH":3.05,"SWW_WTH":1.53,"SW_RAMP":0,"VILL_NAME":"馬公市"},"geometry":{"type":"Polygon","coordinates":[[[119.564098,23.565064],[119.564515,23.564979],[119.564552,23.565003],[119.564567,23.565002],[119.564556,23.564981],[119.564542,23.564966],[119.564528,23.564957],[119.564506,23.564955],[119.564338,23.564988],[119.564173,23.565006],[119.564125,23.565026],[119.56411,23.56504],[119.564098,23.565064]]]}},{"type":"Feature","properties":{"id":"cc0e7f56e79e","NAME":"惠民路","PSTART":"建國路","PEND":"重慶街","SW_DIRECT":"2","SW_LENG":57.57,"SW_WTH":2.05,"SWW_WTH":1.88,"SW_RAMP":0,"VILL_NAME":"馬公市"},"geometry":{"type":"Polygon","coordinates":[[[119.566652,23.564563],[119.566643,23.564547],[119.566598,23.56452],[119.566588,23.564519],[119.566107,23.564622],[119.56611,23.564639],[119.566593,23.564538],[119.566632,23.564561],[119.566633,23.564566],[119.566652,23.564563]]]}},{"type":"Feature","properties":{"id":"c7cec3738613","NAME":"惠民路","PSTART":"重慶街","PEND":"民權路","SW_DIRECT":"1","SW_LENG":54.09,"SW_WTH":2.13,"SWW_WTH":0.72,"SW_RAMP":1,"VILL_NAME":"馬公市"},"geometry":{"type":"Polygon","coordinates":[[[119.567191,23.56431],[119.567191,23.564284],[119.567171,23.564283],[119.567152,23.564314],[119.56675,23.564401],[119.566706,23.564376],[119.566688,23.564382],[119.566696,23.564393],[119.566742,23.564418],[119.566756,23.56442],[119.567164,23.564333],[119.567181,23.564323],[119.567191,23.56431]]]}},{"type":"Feature","properties":{"id":"3d59416b132d","NAME":"惠民路","PSTART":"重慶街","PEND":"民權路","SW_DIRECT":"2","SW_LENG":51.25,"SW_WTH":2.02,"SWW_WTH":1.88,"SW_RAMP":0,"VILL_NAME":"馬公市"},"geometry":{"type":"MultiPolygon","coordinates":[[[[119.566983,23.564538],[119.566975,23.564503],[119.566967,23.5645],[119.566962,23.564479],[119.566967,23.564464],[119.56698,23.564453],[119.567071,23.564435],[119.567088,23.564446],[119.567097,23.564477],[119.567117,23.564471],[119.567109,23.564425],[119.567193,23.564408],[119.567229,23.564429],[119.567247,23.564423],[119.56724,23.564409],[119.567228,23.564397],[119.567198,23.56439],[119.566938,23.564445],[119.566933,23.564454],[119.566961,23.564561],[119.566966,23.564546],[119.566983,23.564538]]],[[[119.566786,23.564478],[119.566752,23.564486],[119.56672,23.564527],[119.566717,23.564539],[119.566736,23.564537],[119.566765,23.564499],[119.566797,23.564493],[119.566795,23.564481],[119.566786,23.564478]]]]}},{"type":"Feature","properties":{"id":"d26ea6b32b3e","NAME":"惠民路","PSTART":"惠民一路","PEND":"中央街","SW_DIRECT":"2","SW_LENG":25.97,"SW_WTH":3.81,"SWW_WTH":1.4,"SW_RAMP":3,"VILL_NAME":"馬公市"},"geometry":{"type":"Polygon","coordinates":[[[119.564628,23.564956],[119.564876,23.564905],[119.564872,23.564891],[119.564865,23.564882],[119.564854,23.564877],[119.564686,23.564909],[119.564641,23.564931],[119.564628,23.564956]]]}},{"type":"Feature","properties":{"id":"35a9c56c67d4","NAME":"惠安一路","PSTART":"中山路","PEND":"惠安路","SW_DIRECT":"1","SW_LENG":43.56,"SW_WTH":3.51,"SWW_WTH":1.6,"SW_RAMP":0,"VILL_NAME":"馬公市"},"geometry":{"type":"Polygon","coordinates":[[[119.564573,23.564034],[119.564537,23.563642],[119.564503,23.563644],[119.564509,23.563712],[119.564515,23.563717],[119.564528,23.563716],[119.564532,23.563762],[119.564518,23.563764],[119.564514,23.563769],[119.564525,23.563886],[119.56453,23.563891],[119.564544,23.56389],[119.564549,23.563937],[119.564535,23.563938],[119.564531,23.563944],[119.564539,23.564036],[119.564573,23.564034]]]}},{"type":"Feature","properties":{"id":"99156475089d","NAME":"惠安一路","PSTART":"中山路","PEND":"惠安路","SW_DIRECT":"2","SW_LENG":54.29,"SW_WTH":3.59,"SWW_WTH":2.0,"SW_RAMP":0,"VILL_NAME":"馬公市"},"geometry":{"type":"Polygon","coordinates":[[[119.564474,23.563756],[119.564464,23.56364],[119.564429,23.563642],[119.564466,23.56407],[119.56444,23.564103],[119.56442,23.564107],[119.564432,23.564138],[119.564506,23.564094],[119.564501,23.564055],[119.564496,23.564051],[119.564483,23.564052],[119.564478,23.564005],[119.564493,23.564004],[119.564497,23.563998],[119.56448,23.563813],[119.564475,23.563808],[119.564461,23.563809],[119.564456,23.563762],[119.56447,23.56376],[119.564474,23.563756]]]}},{"type":"Feature","properties":{"id":"b4c64bb46fa1","NAME":"惠安路","PSTART":"中央街","PEND":"中正路","SW_DIRECT":"2","SW_LENG":64.49,"SW_WTH":3.56,"SWW_WTH":1.62,"SW_RAMP":0,"VILL_NAME":"馬公市"},"geometry":{"type":"Polygon","coordinates":[[[119.564471,23.564201],[119.565085,23.564072],[119.565078,23.564041],[119.564951,23.564067],[119.564946,23.564073],[119.564949,23.564086],[119.564899,23.564097],[119.564896,23.564083],[119.564889,23.56408],[119.564665,23.564128],[119.56466,23.564133],[119.564662,23.564146],[119.564643,23.56415],[119.564641,23.564143],[119.564633,23.564145],[119.564631,23.564135],[119.564506,23.564155],[119.564507,23.564164],[119.564466,23.564185],[119.564471,23.564201]]]}},{"type":"Feature","properties":{"id":"140721815ba8","NAME":"惠安路","PSTART":"惠安一路","PEND":"中正路","SW_DIRECT":"1","SW_LENG":58.14,"SW_WTH":3.53,"SWW_WTH":1.55,"SW_RAMP":1,"VILL_NAME":"馬公市"},"geometry":{"type":"Polygon","coordinates":[[[119.564952,23.564025],[119.56495,23.564014],[119.565,23.564003],[119.565003,23.564016],[119.565008,23.564019],[119.565104,23.563999],[119.565096,23.563968],[119.564614,23.564069],[119.564574,23.564046],[119.564573,23.564034],[119.564539,23.564036],[119.564542,23.564071],[119.564548,23.564084],[119.564566,23.564099],[119.564593,23.564106],[119.564737,23.564076],[119.564741,23.564071],[119.564738,23.564058],[119.564788,23.564048],[119.564792,23.56406],[119.564799,23.564063],[119.564948,23.564032],[119.564952,23.564025]]]}},{"type":"Feature","properties":{"id":"e844cb4a1aa2","NAME":"朝陽路","PSTART":"光復路","PEND":"朝陽路148巷","SW_DIRECT":"2","SW_LENG":131.51,"SW_WTH":1.88,"SWW_WTH":1.88,"SW_RAMP":0,"VILL_NAME":"馬公市"},"geometry":{"type":"Polygon","coordinates":[[[119.573589,23.57438],[119.574789,23.573972],[119.574802,23.573969],[119.574791,23.573959],[119.574775,23.573959],[119.573584,23.574363],[119.573589,23.57438]]]}},{"type":"Feature","properties":{"id":"b127a45eca04","NAME":"朝陽路","PSTART":"朝陽路185巷","PEND":"朝陽路179巷","SW_DIRECT":"1","SW_LENG":40.93,"SW_WTH":3.13,"SWW_WTH":1.34,"SW_RAMP":1,"VILL_NAME":"馬公市"},"geometry":{"type":"Polygon","coordinates":[[[119.574085,23.574105],[119.574115,23.574099],[119.574109,23.574084],[119.574164,23.574065],[119.57417,23.57408],[119.574298,23.574036],[119.574292,23.574021],[119.574347,23.574003],[119.574353,23.574018],[119.574374,23.57401],[119.5744,23.573985],[119.574403,23.573955],[119.574383,23.573961],[119.574382,23.573978],[119.574366,23.573993],[119.574358,23.573993],[119.574354,23.573987],[119.574275,23.574014],[119.574276,23.574025],[119.574258,23.574031],[119.57425,23.574024],[119.57424,23.574026],[119.574246,23.574042],[119.574213,23.574053],[119.574206,23.574037],[119.574196,23.574041],[119.574197,23.574052],[119.574179,23.574058],[119.57417,23.57405],[119.574092,23.574077],[119.574092,23.574084],[119.574088,23.574087],[119.574067,23.574084],[119.574056,23.574077],[119.574042,23.57409],[119.574058,23.5741],[119.574085,23.574105]]]}},{"type":"Feature","properties":{"id":"4e67db6fee7c","NAME":"朝陽路","PSTART":"貿商街","PEND":"光榮街","SW_DIRECT":"2","SW_LENG":74.71,"SW_WTH":1.99,"SWW_WTH":1.57,"SW_RAMP":3,"VILL_NAME":"馬公市"},"geometry":{"type":"Polygon","coordinates":[[[119.572165,23.574937],[119.572166,23.574911],[119.572187,23.574893],[119.572726,23.574686],[119.572753,23.574684],[119.572781,23.574699],[119.5728,23.574691],[119.572783,23.574676],[119.572762,23.574668],[119.572735,23.574666],[119.572719,23.574669],[119.572211,23.574864],[119.572169,23.574881],[119.572151,23.5749],[119.572144,23.574926],[119.572147,23.574945],[119.572165,23.574937]]]}},{"type":"Feature","properties":{"id":"71fd714f923b","NAME":"朝陽路179巷","PSTART":"光復路162巷","PEND":"朝陽路","SW_DIRECT":"2","SW_LENG":30.06,"SW_WTH":2.08,"SWW_WTH":1.34,"SW_RAMP":0,"VILL_NAME":"馬公市"},"geometry":{"type":"Polygon","coordinates":[[[119.574403,23.573955],[119.5744,23.573946],[119.574306,23.573694],[119.574289,23.573709],[119.574383,23.573961],[119.574403,23.573955]]]}},{"type":"Feature","properties":{"id":"0f6c7ac184f2","NAME":"朝陽路185巷","PSTART":"光復路162巷","PEND":"朝陽路","SW_DIRECT":"1","SW_LENG":31.09,"SW_WTH":2.07,"SWW_WTH":1.34,"SW_RAMP":0,"VILL_NAME":"馬公市"},"geometry":{"type":"Polygon","coordinates":[[[119.574056,23.574077],[119.573951,23.573819],[119.573931,23.573824],[119.574033,23.574079],[119.574042,23.57409],[119.574056,23.574077]]]}},{"type":"Feature","properties":{"id":"cce5f4d85e4e","NAME":"無名","PSTART":"文前路","PEND":"新生路","SW_DIRECT":"2","SW_LENG":91.95,"SW_WTH":2.99,"SWW_WTH":1.8,"SW_RAMP":2,"VILL_NAME":"馬公市"},"geometry":{"type":"Polygon","coordinates":[[[119.584268,23.564738],[119.584183,23.563999],[119.58417,23.563967],[119.584154,23.563943],[119.584132,23.563927],[119.584114,23.563922],[119.584109,23.563949],[119.58412,23.563952],[119.584134,23.563963],[119.584154,23.564003],[119.584238,23.56474],[119.584268,23.564738]]]}},{"type":"Feature","properties":{"id":"1852322e7992","NAME":"無名","PSTART":"同和路","PEND":"新營路","SW_DIRECT":"1","SW_LENG":31.23,"SW_WTH":4.59,"SWW_WTH":2.14,"SW_RAMP":4,"VILL_NAME":"馬公市"},"geometry":{"type":"Polygon","coordinates":[[[119.573159,23.567422],[119.573181,23.567418],[119.573208,23.567406],[119.573359,23.567286],[119.573374,23.567269],[119.57337,23.56725],[119.573355,23.567243],[119.573338,23.567249],[119.57318,23.567374],[119.573144,23.567373],[119.573109,23.567406],[119.573135,23.567419],[119.573159,23.567422]]]}},{"type":"Feature","properties":{"id":"4162d617ac16","NAME":"無名","PSTART":"同和路","PEND":"新營路","SW_DIRECT":"2","SW_LENG":30.8,"SW_WTH":4.6,"SWW_WTH":2.12,"SW_RAMP":2,"VILL_NAME":"馬公市"},"geometry":{"type":"Polygon","coordinates":[[[119.573316,23.567604],[119.57335,23.567574],[119.573349,23.567536],[119.573526,23.567392],[119.573489,23.567388],[119.573457,23.567395],[119.573318,23.567506],[119.573306,23.567525],[119.573302,23.56755],[119.573306,23.567582],[119.573316,23.567604]]]}},{"type":"Feature","properties":{"id":"48da02d3548f","NAME":"無名","PSTART":"海埔路","PEND":"同和路","SW_DIRECT":"1","SW_LENG":73.49,"SW_WTH":2.37,"SWW_WTH":1.37,"SW_RAMP":6,"VILL_NAME":"馬公市"},"geometry":{"type":"MultiPolygon","coordinates":[[[[119.572289,23.568351],[119.572313,23.568331],[119.572327,23.568312],[119.572425,23.568132],[119.572416,23.568107],[119.572381,23.568163],[119.572289,23.568331],[119.572268,23.568343],[119.572235,23.568349],[119.572208,23.568344],[119.572185,23.568332],[119.572172,23.568351],[119.5722,23.568361],[119.572236,23.568364],[119.572267,23.56836],[119.572289,23.568351]]],[[[119.572975,23.567558],[119.572963,23.567576],[119.572727,23.567764],[119.572741,23.567769],[119.572758,23.567768],[119.572975,23.567595],[119.572984,23.567583],[119.572975,23.567558]]]]}},{"type":"Feature","properties":{"id":"26fc4622b026","NAME":"無名","PSTART":"海埔路","PEND":"同和路","SW_DIRECT":"2","SW_LENG":125.86,"SW_WTH":4.55,"SWW_WTH":2.0,"SW_RAMP":4,"VILL_NAME":"馬公市"},"geometry":{"type":"Polygon","coordinates":[[[119.572518,23.568516],[119.572481,23.568439],[119.572573,23.568261],[119.572621,23.568185],[119.572676,23.56811],[119.572789,23.567989],[119.572917,23.56788],[119.573116,23.567721],[119.573165,23.567724],[119.573172,23.56773],[119.573204,23.567701],[119.573196,23.567693],[119.57317,23.567681],[119.573144,23.567676],[119.573114,23.567678],[119.573089,23.567688],[119.572794,23.567926],[119.572716,23.568],[119.572631,23.568097],[119.572541,23.568227],[119.572438,23.568429],[119.572437,23.568467],[119.572458,23.568508],[119.572503,23.568539],[119.572518,23.568516]]]}},{"type":"Feature","properties":{"id":"ef58678ac0ed","NAME":"無名","PSTART":"鎖港一路73巷","PEND":"吉海路","SW_DIRECT":"1","SW_LENG":49.91,"SW_WTH":2.49,"SWW_WTH":2.49,"SW_RAMP":2,"VILL_NAME":"馬公市"},"geometry":{"type":"Polygon","coordinates":[[[119.604954,23.530535],[119.605253,23.530439],[119.605415,23.530386],[119.605406,23.530365],[119.604946,23.530515],[119.604954,23.530535]]]}},{"type":"Feature","properties":{"id":"76908213c27b","NAME":"無名","PSTART":"鎖港一路73巷","PEND":"吉海路","SW_DIRECT":"2","SW_LENG":96.65,"SW_WTH":4.46,"SWW_WTH":1.68,"SW_RAMP":4,"VILL_NAME":"馬公市"},"geometry":{"type":"MultiPolygon","coordinates":[[[[119.604748,23.530249],[119.605056,23.53013],[119.605144,23.530096],[119.605125,23.530059],[119.605064,23.530083],[119.605054,23.530106],[119.60482,23.530197],[119.604793,23.530188],[119.604731,23.530212],[119.604748,23.530249]]],[[[119.604284,23.530407],[119.604452,23.530348],[119.604464,23.530353],[119.604473,23.53035],[119.604464,23.530328],[119.604571,23.53029],[119.604606,23.530303],[119.604635,23.530286],[119.604649,23.530288],[119.60466,23.530298],[119.604685,23.530288],[119.604661,23.53024],[119.604446,23.530318],[119.604437,23.530337],[119.604245,23.530404],[119.604225,23.530397],[119.604211,23.530401],[119.604194,23.530444],[119.604217,23.530448],[119.604223,23.530438],[119.604278,23.530418],[119.604284,23.530407]]]]}},{"type":"Feature","properties":{"id":"887fd7678334","NAME":"貿商街","PSTART":"文光路162巷","PEND":"三多路","SW_DIRECT":"2","SW_LENG":101.83,"SW_WTH":1.61,"SWW_WTH":1.05,"SW_RAMP":3,"VILL_NAME":"馬公市"},"geometry":{"type":"MultiPolygon","coordinates":[[[[119.572798,23.576274],[119.572775,23.576263],[119.572975,23.576699],[119.572979,23.576698],[119.572984,23.576681],[119.572798,23.576274]]],[[[119.572689,23.576049],[119.572663,23.576036],[119.572644,23.576034],[119.572625,23.576038],[119.572631,23.576052],[119.572661,23.576051],[119.572684,23.576066],[119.572761,23.576229],[119.572768,23.57621],[119.572703,23.576066],[119.572689,23.576049]]],[[[119.572998,23.576732],[119.57299,23.576733],[119.573055,23.576878],[119.57305,23.576903],[119.573042,23.576915],[119.573029,23.576923],[119.573036,23.576935],[119.573053,23.576922],[119.573066,23.576906],[119.573071,23.576892],[119.57307,23.576873],[119.57301,23.576739],[119.572998,23.576732]]]]}},{"type":"Feature","properties":{"id":"a6567b04bb4c","NAME":"貿商街","PSTART":"光榮街","PEND":"三多路","SW_DIRECT":"1","SW_LENG":121.13,"SW_WTH":1.63,"SWW_WTH":0.98,"SW_RAMP":4,"VILL_NAME":"馬公市"},"geometry":{"type":"MultiPolygon","coordinates":[[[[119.573077,23.576661],[119.572882,23.576235],[119.572875,23.576239],[119.572874,23.576256],[119.573057,23.576655],[119.573067,23.576663],[119.573077,23.576661]]],[[[119.572607,23.575737],[119.572576,23.575692],[119.572561,23.575698],[119.572589,23.575737],[119.572607,23.575737]]],[[[119.572684,23.575849],[119.572648,23.575797],[119.572642,23.575808],[119.572644,23.575818],[119.572666,23.575849],[119.572675,23.575852],[119.572684,23.575849]]],[[[119.572748,23.575943],[119.572705,23.57588],[119.572703,23.575882],[119.572699,23.575899],[119.572734,23.57595],[119.572783,23.576057],[119.572791,23.576062],[119.572802,23.576061],[119.572748,23.575943]]],[[[119.572867,23.576201],[119.572818,23.576095],[119.572812,23.576097],[119.572807,23.576103],[119.572808,23.576113],[119.572848,23.576197],[119.572857,23.576203],[119.572867,23.576201]]],[[[119.573214,23.576867],[119.573208,23.576854],[119.573194,23.576856],[119.573177,23.576852],[119.573159,23.576839],[119.573093,23.576697],[119.573088,23.576699],[119.573084,23.576714],[119.573146,23.576847],[119.573162,23.576861],[119.573182,23.576869],[119.573211,23.576868],[119.573214,23.576867]]]]}},{"type":"Feature","properties":{"id":"af20b5ea7299","NAME":"貿商街","PSTART":"朝陽路","PEND":"光榮街","SW_DIRECT":"1","SW_LENG":44.62,"SW_WTH":1.97,"SWW_WTH":1.55,"SW_RAMP":2,"VILL_NAME":"馬公市"},"geometry":{"type":"Polygon","coordinates":[[[119.572337,23.575308],[119.572327,23.575294],[119.572165,23.574937],[119.572147,23.574945],[119.572313,23.575309],[119.572318,23.575316],[119.572337,23.575308]]]}},{"type":"Feature","properties":{"id":"89fe9da3f84b","NAME":"貿商街","PSTART":"貿商街","PEND":"文光路162巷","SW_DIRECT":"2","SW_LENG":25.28,"SW_WTH":1.59,"SWW_WTH":1.59,"SW_RAMP":0,"VILL_NAME":"馬公市"},"geometry":{"type":"Polygon","coordinates":[[[119.572587,23.575974],[119.5726,23.575967],[119.572614,23.575949],[119.572619,23.575934],[119.572616,23.575916],[119.572525,23.575781],[119.572513,23.575776],[119.572507,23.575778],[119.572512,23.575787],[119.5726,23.575919],[119.5726,23.575942],[119.572579,23.575961],[119.572587,23.575974]]]}},{"type":"Feature","properties":{"id":"255ab169ff84","NAME":"陽明路","PSTART":"三多路","PEND":"文光路25巷","SW_DIRECT":"2","SW_LENG":57.58,"SW_WTH":1.98,"SWW_WTH":0.74,"SW_RAMP":2,"VILL_NAME":"馬公市"},"geometry":{"type":"Polygon","coordinates":[[[119.569013,23.574513],[119.569538,23.574316],[119.569525,23.574306],[119.569508,23.574308],[119.569016,23.574493],[119.569009,23.574505],[119.569013,23.574513]]]}},{"type":"Feature","properties":{"id":"11272f151c47","NAME":"陽明路","PSTART":"文光路","PEND":"光復路","SW_DIRECT":"1","SW_LENG":155.53,"SW_WTH":2.33,"SWW_WTH":0.87,"SW_RAMP":3,"VILL_NAME":"馬公市"},"geometry":{"type":"MultiPolygon","coordinates":[[[[119.571436,23.573594],[119.571433,23.573576],[119.571392,23.573587],[119.571391,23.573584],[119.570546,23.57381],[119.570552,23.573831],[119.571436,23.573594]]],[[[119.571492,23.573578],[119.571966,23.573451],[119.571961,23.573434],[119.571744,23.573492],[119.571742,23.573488],[119.571476,23.573564],[119.571492,23.573578]]]]}},{"type":"Feature","properties":{"id":"c5913bb460e6","NAME":"陽明路","PSTART":"文光路","PEND":"光復路","SW_DIRECT":"2","SW_LENG":166.76,"SW_WTH":1.88,"SWW_WTH":0.62,"SW_RAMP":4,"VILL_NAME":"馬公市"},"geometry":{"type":"MultiPolygon","coordinates":[[[[119.570584,23.573943],[119.571238,23.573768],[119.57123,23.573757],[119.571218,23.573754],[119.570579,23.573926],[119.570584,23.573943]]],[[[119.572188,23.573511],[119.572183,23.573495],[119.571864,23.57358],[119.571854,23.573588],[119.571853,23.573601],[119.572188,23.573511]]],[[[119.571786,23.573602],[119.571315,23.573728],[119.571304,23.573735],[119.571307,23.573747],[119.571801,23.573615],[119.571786,23.573602]]]]}},{"type":"Feature","properties":{"id":"d07149e99603","NAME":"陽明路","PSTART":"文光路25巷","PEND":"文光路","SW_DIRECT":"2","SW_LENG":36.22,"SW_WTH":2.43,"SWW_WTH":0.91,"SW_RAMP":0,"VILL_NAME":"馬公市"},"geometry":{"type":"Polygon","coordinates":[[[119.570034,23.574136],[119.570367,23.574015],[119.57036,23.573995],[119.570043,23.574112],[119.570034,23.574118],[119.570034,23.574136]]]}},{"type":"Feature","properties":{"id":"f43dc26b4b63","NAME":"陽明路","PSTART":"文光路25巷","PEND":"文光路25巷","SW_DIRECT":"2","SW_LENG":40.37,"SW_WTH":2.01,"SWW_WTH":0.74,"SW_RAMP":2,"VILL_NAME":"馬公市"},"geometry":{"type":"Polygon","coordinates":[[[119.569593,23.574295],[119.56996,23.574161],[119.569958,23.574156],[119.569952,23.574149],[119.569942,23.574149],[119.569593,23.574277],[119.569588,23.574285],[119.569593,23.574295]]]}},{"type":"Feature","properties":{"id":"9f87c91ecc06","NAME":"陽明路","PSTART":"文林街","PEND":"中華路","SW_DIRECT":"1","SW_LENG":74.24,"SW_WTH":2.12,"SWW_WTH":1.85,"SW_RAMP":0,"VILL_NAME":"馬公市"},"geometry":{"type":"Polygon","coordinates":[[[119.5753,23.572661],[119.575977,23.572395],[119.575994,23.572378],[119.576004,23.572357],[119.576006,23.572337],[119.576,23.572316],[119.575988,23.5723],[119.575975,23.57229],[119.575965,23.572304],[119.575983,23.57232],[119.575988,23.572342],[119.57598,23.572366],[119.575965,23.572382],[119.575292,23.572644],[119.5753,23.572661]]]}},{"type":"Feature","properties":{"id":"9b533131b879","NAME":"陽明路","PSTART":"文林街","PEND":"陽明路22巷","SW_DIRECT":"2","SW_LENG":14.85,"SW_WTH":1.69,"SWW_WTH":1.3,"SW_RAMP":2,"VILL_NAME":"馬公市"},"geometry":{"type":"Polygon","coordinates":[[[119.57539,23.572748],[119.575525,23.572695],[119.575522,23.57269],[119.575506,23.572686],[119.575383,23.572734],[119.57539,23.572748]]]}},{"type":"Feature","properties":{"id":"39ca90174ce9","NAME":"陽明路","PSTART":"民族路","PEND":"三多路","SW_DIRECT":"1","SW_LENG":96.85,"SW_WTH":3.06,"SWW_WTH":1.95,"SW_RAMP":3,"VILL_NAME":"馬公市"},"geometry":{"type":"MultiPolygon","coordinates":[[[[119.568665,23.574507],[119.568657,23.57448],[119.568448,23.57454],[119.567831,23.574665],[119.567838,23.574694],[119.568441,23.574571],[119.568665,23.574507]]],[[[119.568782,23.574446],[119.568684,23.574473],[119.568693,23.574499],[119.568767,23.574477],[119.568782,23.57446],[119.568782,23.574446]]]]}},{"type":"Feature","properties":{"id":"aa054f0549fb","NAME":"陽明路","PSTART":"民族路","PEND":"三多路","SW_DIRECT":"2","SW_LENG":107.04,"SW_WTH":2.02,"SWW_WTH":0.71,"SW_RAMP":2,"VILL_NAME":"馬公市"},"geometry":{"type":"MultiPolygon","coordinates":[[[[119.568469,23.57466],[119.568463,23.574656],[119.568453,23.574657],[119.567835,23.574786],[119.567837,23.574806],[119.568472,23.574671],[119.568469,23.57466]]],[[[119.568812,23.574563],[119.568804,23.574561],[119.568545,23.574633],[119.568534,23.574641],[119.56853,23.574657],[119.568821,23.574575],[119.568812,23.574563]]]]}},{"type":"Feature","properties":{"id":"82d4070b4191","NAME":"陽明路","PSTART":"永平街","PEND":"永和街","SW_DIRECT":"1","SW_LENG":74.5,"SW_WTH":2.01,"SWW_WTH":2.01,"SW_RAMP":1,"VILL_NAME":"馬公市"},"geometry":{"type":"Polygon","coordinates":[[[119.574119,23.572815],[119.574525,23.57278],[119.574846,23.572755],[119.574844,23.572737],[119.574118,23.572797],[119.574119,23.572815]]]}},{"type":"Feature","properties":{"id":"7ba0985d8aac","NAME":"陽明路","PSTART":"永安街","PEND":"永平街","SW_DIRECT":"1","SW_LENG":48.73,"SW_WTH":2.47,"SWW_WTH":1.07,"SW_RAMP":2,"VILL_NAME":"馬公市"},"geometry":{"type":"Polygon","coordinates":[[[119.573466,23.572868],[119.573896,23.572833],[119.573921,23.572819],[119.573919,23.57281],[119.573437,23.572847],[119.573451,23.572864],[119.573466,23.572868]]]}},{"type":"Feature","properties":{"id":"8ade415c12af","NAME":"陽明路","PSTART":"永和街","PEND":"文林街","SW_DIRECT":"1","SW_LENG":6.84,"SW_WTH":2.08,"SWW_WTH":1.5,"SW_RAMP":1,"VILL_NAME":"馬公市"},"geometry":{"type":"Polygon","coordinates":[[[119.57521,23.572687],[119.575262,23.572675],[119.575259,23.572656],[119.5752,23.57267],[119.575194,23.572677],[119.575197,23.572684],[119.57521,23.572687]]]}},{"type":"Feature","properties":{"id":"bbe5a5e36108","NAME":"陽明路","PSTART":"光復路","PEND":"永安街","SW_DIRECT":"1","SW_LENG":92.29,"SW_WTH":2.3,"SWW_WTH":1.26,"SW_RAMP":1,"VILL_NAME":"馬公市"},"geometry":{"type":"MultiPolygon","coordinates":[[[[119.573094,23.572943],[119.573204,23.572908],[119.573217,23.5729],[119.573227,23.572882],[119.573229,23.572863],[119.572825,23.573045],[119.572833,23.57306],[119.573094,23.572943]]],[[[119.572793,23.573077],[119.572784,23.573061],[119.572373,23.573251],[119.57238,23.573265],[119.572793,23.573077]]]]}},{"type":"Feature","properties":{"id":"9188d094bd31","NAME":"陽明路","PSTART":"光復路","PEND":"陽明路92巷","SW_DIRECT":"2","SW_LENG":116.51,"SW_WTH":2.04,"SWW_WTH":1.21,"SW_RAMP":2,"VILL_NAME":"馬公市"},"geometry":{"type":"MultiPolygon","coordinates":[[[[119.573303,23.573],[119.5733,23.572984],[119.573268,23.572991],[119.573206,23.573006],[119.573142,23.573029],[119.57243,23.573353],[119.572443,23.573366],[119.57314,23.573048],[119.573204,23.573023],[119.573303,23.573]]],[[[119.573518,23.572963],[119.573511,23.572961],[119.57333,23.572978],[119.573334,23.572997],[119.573519,23.572978],[119.573518,23.572963]]]]}},{"type":"Feature","properties":{"id":"51aeef27b846","NAME":"陽明路","PSTART":"信義路","PEND":"文光路","SW_DIRECT":"1","SW_LENG":142.62,"SW_WTH":3.16,"SWW_WTH":1.48,"SW_RAMP":1,"VILL_NAME":"馬公市"},"geometry":{"type":"MultiPolygon","coordinates":[[[[119.570333,23.573899],[119.570327,23.573881],[119.569095,23.574337],[119.569111,23.574352],[119.569135,23.574353],[119.570085,23.574001],[119.57009,23.57399],[119.570333,23.573899]]],[[[119.569057,23.574376],[119.569062,23.574361],[119.569059,23.574351],[119.569004,23.574371],[119.568986,23.574374],[119.568997,23.5744],[119.569044,23.574386],[119.569057,23.574376]]]]}},{"type":"Feature","properties":{"id":"61b40d68c4fa","NAME":"陽明路","PSTART":"陽明路22巷","PEND":"林森路","SW_DIRECT":"2","SW_LENG":129.46,"SW_WTH":1.83,"SWW_WTH":0.37,"SW_RAMP":0,"VILL_NAME":"馬公市"},"geometry":{"type":"Polygon","coordinates":[[[119.575567,23.57268],[119.57616,23.57245],[119.576162,23.572455],[119.576205,23.572446],[119.57629,23.572445],[119.576442,23.57249],[119.576573,23.572509],[119.57669,23.572508],[119.576776,23.572498],[119.576772,23.572485],[119.576754,23.572471],[119.576667,23.57248],[119.576566,23.572479],[119.576437,23.572461],[119.57629,23.572418],[119.576199,23.57242],[119.576156,23.572431],[119.575569,23.572661],[119.575565,23.572666],[119.575567,23.57268]]]}},{"type":"Feature","properties":{"id":"e457d3ddc935","NAME":"陽明路","PSTART":"陽明路92巷","PEND":"文林街","SW_DIRECT":"2","SW_LENG":156.04,"SW_WTH":2.16,"SWW_WTH":0.57,"SW_RAMP":2,"VILL_NAME":"馬公市"},"geometry":{"type":"Polygon","coordinates":[[[119.573697,23.572965],[119.574944,23.572861],[119.57502,23.572853],[119.575211,23.572805],[119.575206,23.572789],[119.5752,23.572788],[119.575012,23.572834],[119.574942,23.572842],[119.57369,23.572947],[119.573697,23.572965]]]}},{"type":"Feature","properties":{"id":"fc2641f7a40a","NAME":"媽祖路一段","PSTART":"民族路","PEND":"媽祖路二段","SW_DIRECT":"2","SW_LENG":700.56,"SW_WTH":3.0,"SWW_WTH":3.0,"SW_RAMP":2,"VILL_NAME":"馬公市"},"geometry":{"type":"Polygon","coordinates":[[[119.56612,23.579975],[119.565961,23.580089],[119.565959,23.580087],[119.565817,23.580182],[119.565688,23.580274],[119.565481,23.580466],[119.565496,23.580479],[119.564455,23.581706],[119.563694,23.582634],[119.56241,23.584111],[119.562368,23.584165],[119.56232,23.584244],[119.562295,23.584313],[119.562274,23.584449],[119.56227,23.584533],[119.562274,23.584588],[119.562284,23.584632],[119.562311,23.584703],[119.562365,23.584812],[119.56241,23.584867],[119.5625,23.58495],[119.562527,23.584959],[119.56255,23.584954],[119.562505,23.584919],[119.562465,23.584882],[119.562417,23.584832],[119.562389,23.584794],[119.562349,23.584719],[119.562325,23.584663],[119.562309,23.584614],[119.562301,23.584574],[119.562299,23.584533],[119.562303,23.584453],[119.562323,23.584323],[119.562346,23.584256],[119.562392,23.58418],[119.562433,23.584129],[119.563717,23.582651],[119.564479,23.581723],[119.565498,23.580521],[119.565683,23.580308],[119.56604,23.580084],[119.566129,23.579982],[119.56612,23.579975]]]}},{"type":"Feature","properties":{"id":"ec90801e20e8","NAME":"媽祖路二段","PSTART":"媽祖路一段","PEND":"重光","SW_DIRECT":"2","SW_LENG":254.27,"SW_WTH":2.97,"SWW_WTH":2.97,"SW_RAMP":2,"VILL_NAME":"馬公市"},"geometry":{"type":"Polygon","coordinates":[[[119.562579,23.585005],[119.562643,23.585039],[119.562719,23.585066],[119.562791,23.585086],[119.562916,23.585101],[119.562974,23.5851],[119.564785,23.584835],[119.564844,23.584837],[119.565037,23.584855],[119.565041,23.584824],[119.564822,23.584803],[119.562972,23.585074],[119.562917,23.585074],[119.562797,23.58506],[119.562709,23.585033],[119.56261,23.584992],[119.562594,23.584996],[119.562579,23.585005]]]}},{"type":"Feature","properties":{"id":"9be150244297","NAME":"新生路","PSTART":"三民路","PEND":"中華路","SW_DIRECT":"2","SW_LENG":31.76,"SW_WTH":1.49,"SWW_WTH":1.49,"SW_RAMP":0,"VILL_NAME":"馬公市"},"geometry":{"type":"Polygon","coordinates":[[[119.56831,23.567872],[119.568204,23.567736],[119.568172,23.567701],[119.568107,23.567656],[119.568098,23.567666],[119.568173,23.567718],[119.56829,23.567869],[119.568299,23.567879],[119.56831,23.567872]]]}},{"type":"Feature","properties":{"id":"985d94c511ef","NAME":"新生路","PSTART":"三民路","PEND":"民福路","SW_DIRECT":"1","SW_LENG":186.21,"SW_WTH":1.82,"SWW_WTH":0.93,"SW_RAMP":2,"VILL_NAME":"馬公市"},"geometry":{"type":"Polygon","coordinates":[[[119.569439,23.568387],[119.568027,23.567505],[119.568015,23.567518],[119.56946,23.56842],[119.569471,23.568425],[119.569492,23.56842],[119.56951,23.568412],[119.569522,23.568399],[119.569527,23.568383],[119.569526,23.568364],[119.569503,23.568366],[119.569497,23.568382],[119.569475,23.568394],[119.569444,23.568385],[119.569439,23.568387]]]}},{"type":"Feature","properties":{"id":"d05a0bcf9852","NAME":"新生路","PSTART":"中華路","PEND":"民福路","SW_DIRECT":"2","SW_LENG":130.0,"SW_WTH":1.66,"SWW_WTH":1.59,"SW_RAMP":0,"VILL_NAME":"馬公市"},"geometry":{"type":"Polygon","coordinates":[[[119.569374,23.568442],[119.568377,23.567824],[119.568371,23.567822],[119.568365,23.567827],[119.568367,23.567848],[119.568388,23.567884],[119.568421,23.567868],[119.569361,23.568452],[119.569362,23.568484],[119.569351,23.568492],[119.569365,23.568506],[119.569376,23.568495],[119.569381,23.568472],[119.569374,23.568442]]]}},{"type":"Feature","properties":{"id":"09afde4e6585","NAME":"新生路","PSTART":"中華路200巷","PEND":"同和路","SW_DIRECT":"2","SW_LENG":17.46,"SW_WTH":2.25,"SWW_WTH":2.25,"SW_RAMP":0,"VILL_NAME":"馬公市"},"geometry":{"type":"Polygon","coordinates":[[[119.575198,23.57044],[119.575235,23.570447],[119.575239,23.570429],[119.575301,23.57044],[119.575305,23.570437],[119.575311,23.570408],[119.575303,23.570386],[119.575152,23.570432],[119.575145,23.570455],[119.575198,23.57044]]]}},{"type":"Feature","properties":{"id":"cab5a18a036a","NAME":"新生路","PSTART":"文石路","PEND":"文學路","SW_DIRECT":"2","SW_LENG":162.58,"SW_WTH":2.31,"SWW_WTH":1.22,"SW_RAMP":4,"VILL_NAME":"馬公市"},"geometry":{"type":"MultiPolygon","coordinates":[[[[119.58198,23.565614],[119.582155,23.565527],[119.582224,23.565503],[119.582222,23.565498],[119.582208,23.565486],[119.582186,23.565489],[119.582043,23.565557],[119.581462,23.565866],[119.581444,23.565879],[119.581444,23.5659],[119.58198,23.565614]]],[[[119.581318,23.565945],[119.580831,23.5662],[119.580816,23.566211],[119.580813,23.566231],[119.581347,23.565953],[119.581318,23.565945]]]]}},{"type":"Feature","properties":{"id":"27318658313d","NAME":"新生路","PSTART":"文前街","PEND":"文前街6巷","SW_DIRECT":"2","SW_LENG":55.32,"SW_WTH":2.41,"SWW_WTH":2.41,"SW_RAMP":2,"VILL_NAME":"馬公市"},"geometry":{"type":"Polygon","coordinates":[[[119.584778,23.564542],[119.584789,23.56454],[119.584801,23.564531],[119.585063,23.564139],[119.585065,23.564123],[119.585058,23.564112],[119.585055,23.56411],[119.584768,23.564539],[119.584778,23.564542]]]}},{"type":"Feature","properties":{"id":"8f45d181ee81","NAME":"新生路","PSTART":"文德路","PEND":"文學路","SW_DIRECT":"1","SW_LENG":60.3,"SW_WTH":2.97,"SWW_WTH":1.86,"SW_RAMP":4,"VILL_NAME":"馬公市"},"geometry":{"type":"MultiPolygon","coordinates":[[[[119.582433,23.565286],[119.582616,23.565226],[119.582638,23.565189],[119.582645,23.565156],[119.582629,23.565157],[119.582626,23.565197],[119.582414,23.565269],[119.582433,23.565286]]],[[[119.582178,23.565375],[119.582312,23.565329],[119.582319,23.565307],[119.582156,23.565354],[119.582123,23.565332],[119.582107,23.565344],[119.582134,23.565366],[119.582162,23.565375],[119.582178,23.565375]]]]}},{"type":"Feature","properties":{"id":"f3200d78dd40","NAME":"新生路","PSTART":"文學路","PEND":"文前街","SW_DIRECT":"1","SW_LENG":162.81,"SW_WTH":5.32,"SWW_WTH":2.81,"SW_RAMP":8,"VILL_NAME":"馬公市"},"geometry":{"type":"Polygon","coordinates":[[[119.582811,23.565178],[119.584228,23.564821],[119.584249,23.564809],[119.584261,23.564793],[119.584267,23.564773],[119.584268,23.564738],[119.584238,23.56474],[119.584235,23.564762],[119.584221,23.564773],[119.582807,23.565131],[119.582791,23.565129],[119.582783,23.565122],[119.582752,23.565128],[119.582759,23.565143],[119.582775,23.565163],[119.582794,23.565174],[119.582811,23.565178]]]}},{"type":"Feature","properties":{"id":"bec45d790ad0","NAME":"新生路","PSTART":"文學路","PEND":"文前街","SW_DIRECT":"2","SW_LENG":145.07,"SW_WTH":2.43,"SWW_WTH":1.32,"SW_RAMP":4,"VILL_NAME":"馬公市"},"geometry":{"type":"MultiPolygon","coordinates":[[[[119.583582,23.565104],[119.584295,23.564922],[119.584285,23.56491],[119.584265,23.564907],[119.583601,23.565076],[119.583586,23.565086],[119.583582,23.565104]]],[[[119.583392,23.56513],[119.582857,23.565264],[119.582841,23.565273],[119.582835,23.565294],[119.582852,23.565287],[119.583416,23.565145],[119.583406,23.565134],[119.583392,23.56513]]]]}},{"type":"Feature","properties":{"id":"6d045f7e6980","NAME":"新生路","PSTART":"水源路","PEND":"中華路200巷","SW_DIRECT":"2","SW_LENG":212.77,"SW_WTH":2.47,"SWW_WTH":1.02,"SW_RAMP":1,"VILL_NAME":"馬公市"},"geometry":{"type":"MultiPolygon","coordinates":[[[[119.573237,23.569872],[119.57322,23.569881],[119.573212,23.569895],[119.57326,23.569907],[119.574272,23.570488],[119.574273,23.570468],[119.574266,23.570458],[119.573237,23.569872]]],[[[119.57494,23.570487],[119.57507,23.570468],[119.575095,23.570463],[119.575095,23.570458],[119.575082,23.570446],[119.574991,23.570462],[119.574933,23.570468],[119.57444,23.570488],[119.574362,23.570483],[119.574352,23.570489],[119.574343,23.570503],[119.574444,23.570512],[119.574783,23.570498],[119.574783,23.570495],[119.57494,23.570487]]]]}},{"type":"Feature","properties":{"id":"ef33763ee123","NAME":"新生路","PSTART":"北辰街","PEND":"水源路","SW_DIRECT":"2","SW_LENG":95.82,"SW_WTH":1.89,"SWW_WTH":0.94,"SW_RAMP":0,"VILL_NAME":"馬公市"},"geometry":{"type":"Polygon","coordinates":[[[119.572958,23.569719],[119.572951,23.569699],[119.572929,23.56969],[119.572079,23.569396],[119.572072,23.569414],[119.572958,23.569719]]]}},{"type":"Feature","properties":{"id":"31f57827cef8","NAME":"新生路","PSTART":"北辰街","PEND":"新店路","SW_DIRECT":"1","SW_LENG":102.05,"SW_WTH":2.02,"SWW_WTH":0.63,"SW_RAMP":0,"VILL_NAME":"馬公市"},"geometry":{"type":"Polygon","coordinates":[[[119.573039,23.569647],[119.572935,23.569606],[119.572104,23.56932],[119.572097,23.569337],[119.572929,23.569623],[119.57303,23.569665],[119.573039,23.569647]]]}},{"type":"Feature","properties":{"id":"c3380930bb4e","NAME":"新生路","PSTART":"民福路","PEND":"新生路64巷","SW_DIRECT":"1","SW_LENG":80.96,"SW_WTH":1.82,"SWW_WTH":1.26,"SW_RAMP":2,"VILL_NAME":"馬公市"},"geometry":{"type":"Polygon","coordinates":[[[119.569629,23.568469],[119.569619,23.568406],[119.569601,23.568409],[119.569612,23.568475],[119.569622,23.568484],[119.570264,23.568704],[119.570279,23.568709],[119.57029,23.568706],[119.57029,23.568696],[119.569629,23.568469]]]}},{"type":"Feature","properties":{"id":"ae215585a6a4","NAME":"新生路","PSTART":"民福路","PEND":"新村路","SW_DIRECT":"2","SW_LENG":137.7,"SW_WTH":1.89,"SWW_WTH":1.89,"SW_RAMP":3,"VILL_NAME":"馬公市"},"geometry":{"type":"Polygon","coordinates":[[[119.570699,23.568969],[119.570703,23.568952],[119.5707,23.568934],[119.570691,23.568921],[119.570675,23.568912],[119.569491,23.568508],[119.569477,23.568509],[119.569457,23.568519],[119.569468,23.568535],[119.569503,23.568529],[119.570674,23.568931],[119.570681,23.568961],[119.570699,23.568969]]]}},{"type":"Feature","properties":{"id":"68adbae216e3","NAME":"新生路","PSTART":"永泰街","PEND":"永福街","SW_DIRECT":"1","SW_LENG":281.56,"SW_WTH":7.16,"SWW_WTH":1.89,"SW_RAMP":5,"VILL_NAME":"馬公市"},"geometry":{"type":"Polygon","coordinates":[[[119.577113,23.568682],[119.577134,23.568679],[119.577159,23.568669],[119.577322,23.56857],[119.578073,23.567875],[119.578073,23.567837],[119.578237,23.567681],[119.578279,23.567681],[119.579035,23.566977],[119.579054,23.566943],[119.579056,23.566912],[119.579044,23.566885],[119.579019,23.566857],[119.578922,23.566925],[119.578876,23.567034],[119.577272,23.568525],[119.577047,23.568658],[119.577058,23.568669],[119.577074,23.568677],[119.577113,23.568682]]]}},{"type":"Feature","properties":{"id":"4ad04b35d93f","NAME":"新生路","PSTART":"永祿街","PEND":"永壽街","SW_DIRECT":"1","SW_LENG":101.43,"SW_WTH":2.36,"SWW_WTH":1.23,"SW_RAMP":1,"VILL_NAME":"馬公市"},"geometry":{"type":"Polygon","coordinates":[[[119.580433,23.566277],[119.580464,23.56627],[119.580707,23.566159],[119.581244,23.565874],[119.581255,23.565864],[119.581256,23.565843],[119.580696,23.56614],[119.580455,23.566251],[119.580422,23.566255],[119.580393,23.566243],[119.580376,23.566258],[119.580401,23.566274],[119.580433,23.566277]]]}},{"type":"Feature","properties":{"id":"40b1b6d92601","NAME":"新生路","PSTART":"永壽街","PEND":"文德路","SW_DIRECT":"1","SW_LENG":71.66,"SW_WTH":2.34,"SWW_WTH":1.24,"SW_RAMP":2,"VILL_NAME":"馬公市"},"geometry":{"type":"Polygon","coordinates":[[[119.581461,23.565758],[119.581942,23.565502],[119.581962,23.565478],[119.581971,23.565446],[119.581968,23.565413],[119.581953,23.565372],[119.581927,23.56539],[119.581941,23.565409],[119.58195,23.565435],[119.581946,23.565459],[119.58193,23.565482],[119.58143,23.565752],[119.581461,23.565758]]]}},{"type":"Feature","properties":{"id":"38813ad62091","NAME":"新生路","PSTART":"永福街","PEND":"文石路","SW_DIRECT":"2","SW_LENG":149.41,"SW_WTH":11.64,"SWW_WTH":0.93,"SW_RAMP":3,"VILL_NAME":"馬公市"},"geometry":{"type":"Polygon","coordinates":[[[119.579242,23.567092],[119.579332,23.567051],[119.579313,23.567013],[119.579569,23.566908],[119.579563,23.566898],[119.579629,23.56686],[119.579638,23.566879],[119.57968,23.566861],[119.57967,23.566843],[119.579706,23.566828],[119.579736,23.56681],[119.579765,23.566807],[119.57979,23.566813],[119.5798,23.566819],[119.579818,23.566848],[119.579876,23.566824],[119.579892,23.566808],[119.579894,23.566788],[119.579882,23.566774],[119.579847,23.566755],[119.579839,23.566732],[119.579844,23.566714],[119.579858,23.5667],[119.579876,23.566668],[119.580469,23.566394],[119.58047,23.566396],[119.580498,23.566383],[119.580483,23.566374],[119.580465,23.566372],[119.579781,23.56669],[119.579746,23.566775],[119.579556,23.566863],[119.579469,23.566834],[119.579247,23.566938],[119.57923,23.566958],[119.579217,23.566992],[119.579214,23.567018],[119.579221,23.567049],[119.579242,23.567092]]]}},{"type":"Feature","properties":{"id":"973a765730c5","NAME":"新生路","PSTART":"永福街","PEND":"永祿街","SW_DIRECT":"1","SW_LENG":139.53,"SW_WTH":3.24,"SWW_WTH":1.39,"SW_RAMP":6,"VILL_NAME":"馬公市"},"geometry":{"type":"MultiPolygon","coordinates":[[[[119.58026,23.566285],[119.580235,23.566303],[119.580242,23.566313],[119.58024,23.56633],[119.580233,23.566341],[119.580216,23.566353],[119.579568,23.566651],[119.579599,23.56667],[119.580235,23.566376],[119.580257,23.566357],[119.580271,23.566331],[119.580271,23.566308],[119.58026,23.566285]]],[[[119.579219,23.566844],[119.579498,23.566716],[119.579502,23.566682],[119.579321,23.566766],[119.579311,23.566778],[119.579214,23.566821],[119.579185,23.566823],[119.57916,23.566817],[119.57914,23.566806],[119.579115,23.56678],[119.5791,23.566792],[119.579134,23.566826],[119.579167,23.566841],[119.579219,23.566844]]]]}},{"type":"Feature","properties":{"id":"bac54d3df54f","NAME":"新生路","PSTART":"同和路","PEND":"永泰街","SW_DIRECT":"1","SW_LENG":197.68,"SW_WTH":2.31,"SWW_WTH":1.08,"SW_RAMP":3,"VILL_NAME":"馬公市"},"geometry":{"type":"MultiPolygon","coordinates":[[[[119.576249,23.569332],[119.576367,23.569191],[119.576448,23.569113],[119.576493,23.569076],[119.57659,23.569006],[119.576965,23.568783],[119.576975,23.568769],[119.576975,23.568753],[119.576574,23.568989],[119.576478,23.569058],[119.576397,23.569129],[119.576338,23.56919],[119.576288,23.569248],[119.576226,23.569332],[119.576249,23.569332]]],[[[119.575728,23.570027],[119.575805,23.569955],[119.575872,23.569881],[119.575942,23.569792],[119.576135,23.569507],[119.576152,23.56948],[119.576148,23.569463],[119.576141,23.569459],[119.575924,23.569781],[119.575855,23.569869],[119.575763,23.569969],[119.57572,23.57001],[119.575707,23.570017],[119.575652,23.570023],[119.575606,23.570015],[119.575583,23.570031],[119.575621,23.57004],[119.575659,23.570042],[119.575704,23.570037],[119.575728,23.570027]]]]}},{"type":"Feature","properties":{"id":"04ab47406b28","NAME":"新生路","PSTART":"同和路","PEND":"館前路","SW_DIRECT":"2","SW_LENG":217.17,"SW_WTH":2.16,"SWW_WTH":1.01,"SW_RAMP":4,"VILL_NAME":"馬公市"},"geometry":{"type":"Polygon","coordinates":[[[119.575992,23.569925],[119.576333,23.569428],[119.576373,23.569376],[119.576439,23.569303],[119.576515,23.569245],[119.576499,23.569227],[119.576555,23.569178],[119.576679,23.569089],[119.577391,23.568668],[119.577412,23.568697],[119.577441,23.568679],[119.577478,23.568673],[119.577491,23.568676],[119.577525,23.568652],[119.577495,23.568636],[119.577459,23.56863],[119.577408,23.56864],[119.577366,23.568658],[119.576693,23.569056],[119.57662,23.569103],[119.576547,23.569157],[119.576484,23.569212],[119.576381,23.569325],[119.576001,23.569877],[119.575986,23.569902],[119.575989,23.569923],[119.575992,23.569925]]]}},{"type":"Feature","properties":{"id":"c4033329c46a","NAME":"新生路","PSTART":"新生路146巷","PEND":"同和路","SW_DIRECT":"1","SW_LENG":98.05,"SW_WTH":6.77,"SWW_WTH":2.07,"SW_RAMP":7,"VILL_NAME":"馬公市"},"geometry":{"type":"Polygon","coordinates":[[[119.574581,23.570385],[119.574933,23.570369],[119.57505,23.570352],[119.575177,23.570323],[119.575243,23.570302],[119.575394,23.570244],[119.575406,23.570229],[119.575414,23.570207],[119.57542,23.57014],[119.575396,23.57015],[119.575395,23.570178],[119.575228,23.570242],[119.575115,23.570276],[119.575009,23.570297],[119.574902,23.570311],[119.574507,23.570327],[119.574537,23.570355],[119.574581,23.570385]]]}},{"type":"Feature","properties":{"id":"81fa5ffefaaa","NAME":"新生路","PSTART":"新生路64巷","PEND":"新村路","SW_DIRECT":"1","SW_LENG":38.48,"SW_WTH":2.96,"SWW_WTH":1.1,"SW_RAMP":3,"VILL_NAME":"馬公市"},"geometry":{"type":"Polygon","coordinates":[[[119.57076,23.568873],[119.570783,23.568866],[119.570804,23.568844],[119.570785,23.568832],[119.570767,23.568857],[119.5707,23.568833],[119.570703,23.568826],[119.570596,23.568789],[119.57059,23.568798],[119.570454,23.568751],[119.57045,23.568761],[119.570462,23.568772],[119.57076,23.568873]]]}},{"type":"Feature","properties":{"id":"fea87c7bad82","NAME":"新生路","PSTART":"新村路","PEND":"北辰街","SW_DIRECT":"1","SW_LENG":101.27,"SW_WTH":2.09,"SWW_WTH":0.97,"SW_RAMP":3,"VILL_NAME":"馬公市"},"geometry":{"type":"MultiPolygon","coordinates":[[[[119.570904,23.568883],[119.570885,23.568871],[119.570878,23.568887],[119.570888,23.568919],[119.571342,23.569074],[119.571349,23.569059],[119.570891,23.568902],[119.570904,23.568883]]],[[[119.571825,23.569223],[119.571391,23.569073],[119.571384,23.569089],[119.571818,23.569238],[119.571825,23.569223]]]]}},{"type":"Feature","properties":{"id":"aac167c60bb2","NAME":"新生路","PSTART":"新村路","PEND":"北辰街","SW_DIRECT":"2","SW_LENG":85.4,"SW_WTH":1.84,"SWW_WTH":1.25,"SW_RAMP":2,"VILL_NAME":"馬公市"},"geometry":{"type":"MultiPolygon","coordinates":[[[[119.571759,23.569287],[119.571173,23.569086],[119.571166,23.569102],[119.571753,23.569302],[119.571759,23.569287]]],[[[119.571009,23.56903],[119.57085,23.568974],[119.570825,23.56898],[119.570806,23.568997],[119.570827,23.569008],[119.570859,23.568995],[119.571003,23.569044],[119.571009,23.56903]]]]}},{"type":"Feature","properties":{"id":"b852606bac5f","NAME":"新生路","PSTART":"新店北路","PEND":"文前街","SW_DIRECT":"2","SW_LENG":31.25,"SW_WTH":2.22,"SWW_WTH":0.85,"SW_RAMP":2,"VILL_NAME":"馬公市"},"geometry":{"type":"Polygon","coordinates":[[[119.585081,23.564072],[119.585112,23.564064],[119.58525,23.563853],[119.585252,23.563838],[119.585244,23.563825],[119.585081,23.564072]]]}},{"type":"Feature","properties":{"id":"280f731c8bf1","NAME":"新生路","PSTART":"新店北路","PEND":"新生路","SW_DIRECT":"1","SW_LENG":107.59,"SW_WTH":2.37,"SWW_WTH":1.06,"SW_RAMP":2,"VILL_NAME":"馬公市"},"geometry":{"type":"MultiPolygon","coordinates":[[[[119.584829,23.564701],[119.584895,23.564606],[119.585122,23.564266],[119.585102,23.564254],[119.584825,23.56467],[119.584822,23.564681],[119.584823,23.564697],[119.584829,23.564701]]],[[[119.585143,23.564229],[119.585356,23.563914],[119.585351,23.56391],[119.585339,23.56391],[119.585327,23.563919],[119.585126,23.564219],[119.585143,23.564229]]]]}},{"type":"Feature","properties":{"id":"28cd4e2906e1","NAME":"新生路","PSTART":"新店路","PEND":"新生路146巷","SW_DIRECT":"1","SW_LENG":120.78,"SW_WTH":2.31,"SWW_WTH":1.63,"SW_RAMP":0,"VILL_NAME":"馬公市"},"geometry":{"type":"Polygon","coordinates":[[[119.574308,23.570357],[119.57435,23.570348],[119.57438,23.570322],[119.57432,23.570301],[119.574237,23.570253],[119.574156,23.570251],[119.574103,23.57023],[119.573753,23.570025],[119.573419,23.569835],[119.573416,23.569839],[119.573397,23.569827],[119.573399,23.569824],[119.573325,23.569781],[119.573313,23.569798],[119.574268,23.570348],[119.574288,23.570356],[119.574308,23.570357]]]}},{"type":"Feature","properties":{"id":"ab4e237998ff","NAME":"新生路","PSTART":"館前路","PEND":"永福街","SW_DIRECT":"2","SW_LENG":231.5,"SW_WTH":6.49,"SWW_WTH":1.09,"SW_RAMP":3,"VILL_NAME":"馬公市"},"geometry":{"type":"MultiPolygon","coordinates":[[[[119.579094,23.567113],[119.579127,23.56712],[119.579156,23.567139],[119.579175,23.567128],[119.579144,23.567105],[119.579105,23.567094],[119.579066,23.567097],[119.579028,23.567116],[119.577647,23.568401],[119.577629,23.568419],[119.577629,23.568442],[119.577632,23.568443],[119.579042,23.567131],[119.579067,23.567118],[119.579094,23.567113]]],[[[119.577614,23.568517],[119.577792,23.56835],[119.577805,23.568345],[119.577818,23.568349],[119.577796,23.56831],[119.57764,23.568456],[119.577614,23.568432],[119.577597,23.56845],[119.577579,23.56848],[119.577571,23.568515],[119.577574,23.568552],[119.577589,23.568587],[119.577611,23.568572],[119.577605,23.568543],[119.577614,23.568517]]]]}},{"type":"Feature","properties":{"id":"3a235021368b","NAME":"新生路146巷","PSTART":"海埔路","PEND":"新生路","SW_DIRECT":"1","SW_LENG":81.5,"SW_WTH":2.51,"SWW_WTH":1.69,"SW_RAMP":1,"VILL_NAME":"馬公市"},"geometry":{"type":"Polygon","coordinates":[[[119.574543,23.569598],[119.574523,23.569585],[119.574516,23.569596],[119.574493,23.569654],[119.57448,23.569712],[119.574473,23.570306],[119.574486,23.57032],[119.574498,23.57032],[119.574504,23.569714],[119.57452,23.569648],[119.574543,23.569598]]]}},{"type":"Feature","properties":{"id":"bbde00e7d616","NAME":"新生路86巷","PSTART":"新生路","PEND":"海埔路","SW_DIRECT":"1","SW_LENG":95.02,"SW_WTH":2.15,"SWW_WTH":1.36,"SW_RAMP":2,"VILL_NAME":"馬公市"},"geometry":{"type":"Polygon","coordinates":[[[119.571819,23.569239],[119.571842,23.569237],[119.571849,23.569231],[119.572201,23.568554],[119.5722,23.56851],[119.572185,23.568475],[119.572172,23.568457],[119.572154,23.568484],[119.57216,23.568489],[119.572161,23.568501],[119.572174,23.568516],[119.572175,23.568529],[119.572171,23.568538],[119.572183,23.568546],[119.571857,23.569177],[119.571832,23.569223],[119.571825,23.569223],[119.571819,23.569239]]]}},{"type":"Feature","properties":{"id":"b1ca75bd73a4","NAME":"新生路86巷","PSTART":"新生路","PEND":"海埔路","SW_DIRECT":"2","SW_LENG":86.94,"SW_WTH":4.06,"SWW_WTH":2.92,"SW_RAMP":3,"VILL_NAME":"馬公市"},"geometry":{"type":"Polygon","coordinates":[[[119.572104,23.56932],[119.572059,23.569299],[119.572048,23.56929],[119.572037,23.569273],[119.572036,23.569263],[119.572064,23.569195],[119.572344,23.568658],[119.572363,23.568643],[119.572386,23.568636],[119.572416,23.568633],[119.572435,23.568639],[119.572445,23.568623],[119.572409,23.568607],[119.572378,23.568606],[119.572341,23.568615],[119.572311,23.568636],[119.572002,23.569229],[119.571998,23.569249],[119.572,23.569267],[119.572024,23.569301],[119.572059,23.569323],[119.572097,23.569337],[119.572104,23.56932]]]}},{"type":"Feature","properties":{"id":"1fcc30be6ade","NAME":"新村路","PSTART":"中華路","PEND":"新生路","SW_DIRECT":"1","SW_LENG":67.88,"SW_WTH":3.41,"SWW_WTH":1.3,"SW_RAMP":2,"VILL_NAME":"馬公市"},"geometry":{"type":"MultiPolygon","coordinates":[[[[119.570517,23.569253],[119.570498,23.569234],[119.570303,23.569527],[119.57031,23.569538],[119.570329,23.569548],[119.570517,23.569253]]],[[[119.570698,23.568971],[119.570681,23.568961],[119.570536,23.569189],[119.570551,23.569192],[119.570561,23.569185],[119.570698,23.568971]]]]}},{"type":"Feature","properties":{"id":"219daec2e630","NAME":"新村路","PSTART":"中華路","PEND":"新生路","SW_DIRECT":"2","SW_LENG":77.37,"SW_WTH":1.91,"SWW_WTH":1.34,"SW_RAMP":0,"VILL_NAME":"馬公市"},"geometry":{"type":"Polygon","coordinates":[[[119.570437,23.569608],[119.57082,23.569008],[119.570827,23.569008],[119.570806,23.568997],[119.570422,23.569599],[119.570437,23.569608]]]}},{"type":"Feature","properties":{"id":"270037812bbe","NAME":"新村路","PSTART":"光復路","PEND":"中華路","SW_DIRECT":"1","SW_LENG":113.98,"SW_WTH":2.01,"SWW_WTH":1.25,"SW_RAMP":2,"VILL_NAME":"馬公市"},"geometry":{"type":"Polygon","coordinates":[[[119.569302,23.570183],[119.570189,23.569676],[119.570199,23.569664],[119.570198,23.569651],[119.570187,23.569642],[119.570178,23.56966],[119.569301,23.570165],[119.569258,23.570158],[119.569241,23.57017],[119.569257,23.570179],[119.569302,23.570183]]]}},{"type":"Feature","properties":{"id":"746c0c7ae389","NAME":"新村路","PSTART":"光復路","PEND":"中華路","SW_DIRECT":"2","SW_LENG":100.77,"SW_WTH":2.04,"SWW_WTH":2.04,"SW_RAMP":3,"VILL_NAME":"馬公市"},"geometry":{"type":"MultiPolygon","coordinates":[[[[119.570264,23.569773],[119.570252,23.569755],[119.569727,23.570057],[119.56972,23.570067],[119.569723,23.570082],[119.570264,23.569773]]],[[[119.569637,23.570111],[119.569406,23.570243],[119.569401,23.570257],[119.569396,23.570316],[119.569401,23.570329],[119.569415,23.570318],[119.569421,23.570256],[119.569653,23.570122],[119.569637,23.570111]]]]}},{"type":"Feature","properties":{"id":"46efe4ad0b09","NAME":"新村路","PSTART":"新生路","PEND":"海埔路","SW_DIRECT":"1","SW_LENG":105.83,"SW_WTH":2.3,"SWW_WTH":2.3,"SW_RAMP":0,"VILL_NAME":"馬公市"},"geometry":{"type":"Polygon","coordinates":[[[119.570804,23.568844],[119.571352,23.568055],[119.571362,23.568038],[119.571344,23.568027],[119.570785,23.568832],[119.570804,23.568844]]]}},{"type":"Feature","properties":{"id":"268a6003d85f","NAME":"新村路","PSTART":"新生路","PEND":"海埔路","SW_DIRECT":"2","SW_LENG":104.61,"SW_WTH":2.31,"SWW_WTH":1.63,"SW_RAMP":0,"VILL_NAME":"馬公市"},"geometry":{"type":"Polygon","coordinates":[[[119.570904,23.568883],[119.571053,23.568668],[119.571453,23.568091],[119.571433,23.568081],[119.570885,23.568871],[119.570904,23.568883]]]}},{"type":"Feature","properties":{"id":"f42b59ea0afe","NAME":"新店北路","PSTART":"新生路","PEND":"縣道204","SW_DIRECT":"2","SW_LENG":173.78,"SW_WTH":2.3,"SWW_WTH":1.09,"SW_RAMP":8,"VILL_NAME":"馬公市"},"geometry":{"type":"MultiPolygon","coordinates":[[[[119.586515,23.564418],[119.585686,23.563909],[119.585666,23.563908],[119.585656,23.563917],[119.586517,23.564444],[119.58652,23.564431],[119.586515,23.564418]]],[[[119.585536,23.563833],[119.585509,23.56384],[119.585549,23.563854],[119.585622,23.563892],[119.585621,23.563877],[119.585613,23.563864],[119.585569,23.56384],[119.585536,23.563833]]],[[[119.58662,23.564491],[119.586602,23.564496],[119.586845,23.564646],[119.58686,23.564654],[119.586864,23.56465],[119.586865,23.564639],[119.586858,23.564628],[119.586639,23.564494],[119.58662,23.564491]]],[[[119.587062,23.564755],[119.586945,23.564685],[119.586932,23.564686],[119.586924,23.564693],[119.587064,23.56478],[119.587068,23.564774],[119.587068,23.564764],[119.587062,23.564755]]]]}},{"type":"Feature","properties":{"id":"f30397d84be6","NAME":"新店北路","PSTART":"澎28","PEND":"縣道204","SW_DIRECT":"1","SW_LENG":168.04,"SW_WTH":2.51,"SWW_WTH":1.15,"SW_RAMP":6,"VILL_NAME":"馬公市"},"geometry":{"type":"MultiPolygon","coordinates":[[[[119.586351,23.564127],[119.585796,23.563786],[119.585782,23.563804],[119.586321,23.564133],[119.586338,23.564136],[119.586351,23.564127]]],[[[119.586733,23.564361],[119.586715,23.564354],[119.586708,23.564345],[119.58641,23.564162],[119.586393,23.564152],[119.58639,23.564156],[119.586389,23.56417],[119.586396,23.564181],[119.586883,23.564479],[119.586901,23.564481],[119.586916,23.564471],[119.586733,23.564361]]],[[[119.587252,23.564678],[119.58695,23.564493],[119.586948,23.564495],[119.586946,23.564515],[119.586984,23.564541],[119.587219,23.564684],[119.587237,23.564687],[119.587252,23.564678]]]]}},{"type":"Feature","properties":{"id":"63ded35cadb7","NAME":"新店路","PSTART":"文山路","PEND":"澎28","SW_DIRECT":"1","SW_LENG":30.1,"SW_WTH":2.26,"SWW_WTH":0.82,"SW_RAMP":0,"VILL_NAME":"馬公市"},"geometry":{"type":"Polygon","coordinates":[[[119.585531,23.563591],[119.585599,23.563583],[119.585641,23.563571],[119.585658,23.563559],[119.585527,23.563571],[119.58548,23.563567],[119.585456,23.563561],[119.585419,23.563536],[119.585395,23.563499],[119.585374,23.563507],[119.585403,23.563549],[119.585434,23.563573],[119.585482,23.563589],[119.585531,23.563591]]]}},{"type":"Feature","properties":{"id":"6499980525d9","NAME":"新店路","PSTART":"文安路","PEND":"文學路280巷","SW_DIRECT":"1","SW_LENG":47.39,"SW_WTH":1.99,"SWW_WTH":0.78,"SW_RAMP":0,"VILL_NAME":"馬公市"},"geometry":{"type":"Polygon","coordinates":[[[119.581137,23.563058],[119.581316,23.563014],[119.581476,23.562991],[119.581576,23.562983],[119.581586,23.562962],[119.581472,23.562971],[119.581303,23.562994],[119.581122,23.563045],[119.58113,23.563057],[119.581137,23.563058]]]}},{"type":"Feature","properties":{"id":"d9264ce52314","NAME":"新店路","PSTART":"文德路","PEND":"文安路","SW_DIRECT":"1","SW_LENG":55.29,"SW_WTH":5.22,"SWW_WTH":3.51,"SW_RAMP":2,"VILL_NAME":"馬公市"},"geometry":{"type":"Polygon","coordinates":[[[119.580584,23.563326],[119.580626,23.563317],[119.580774,23.563221],[119.580953,23.563129],[119.580958,23.563077],[119.580933,23.56308],[119.580934,23.563087],[119.580775,23.563165],[119.580668,23.56323],[119.580598,23.563278],[119.580564,23.563296],[119.580525,23.563258],[119.580498,23.563281],[119.580539,23.563316],[119.580562,23.563324],[119.580584,23.563326]]]}},{"type":"Feature","properties":{"id":"b1bfbb07b4b9","NAME":"新店路","PSTART":"文德路","PEND":"文學路","SW_DIRECT":"2","SW_LENG":185.6,"SW_WTH":4.12,"SWW_WTH":1.32,"SW_RAMP":4,"VILL_NAME":"馬公市"},"geometry":{"type":"MultiPolygon","coordinates":[[[[119.581633,23.563144],[119.581766,23.563147],[119.581884,23.563154],[119.582373,23.563218],[119.582376,23.563202],[119.582355,23.563194],[119.581832,23.563122],[119.581664,23.563114],[119.581546,23.563117],[119.58139,23.563136],[119.58123,23.563172],[119.581111,23.563211],[119.581122,23.563238],[119.581259,23.563202],[119.581431,23.563167],[119.581562,23.563148],[119.581633,23.563144]]],[[[119.580766,23.563391],[119.580783,23.563413],[119.580882,23.563352],[119.581084,23.563253],[119.581066,23.563228],[119.581048,23.563236],[119.580893,23.563309],[119.580797,23.563365],[119.580766,23.563391]]],[[[119.580766,23.563391],[119.580721,23.563422],[119.580702,23.563459],[119.5807,23.56351],[119.580727,23.563551],[119.580749,23.563538],[119.580726,23.563505],[119.580722,23.563479],[119.58073,23.563457],[119.580746,23.563437],[119.580783,23.563413],[119.580772,23.563398],[119.580766,23.563391]]]]}},{"type":"Feature","properties":{"id":"4fa5be5f0f46","NAME":"新店路","PSTART":"文學路","PEND":"新生路","SW_DIRECT":"2","SW_LENG":240.33,"SW_WTH":2.41,"SWW_WTH":1.0,"SW_RAMP":5,"VILL_NAME":"馬公市"},"geometry":{"type":"MultiPolygon","coordinates":[[[[119.583209,23.563307],[119.58322,23.563308],[119.58264,23.563232],[119.582625,23.563238],[119.582619,23.563249],[119.58373,23.563395],[119.583832,23.563413],[119.583835,23.563403],[119.583828,23.56339],[119.5838,23.563384],[119.583209,23.563307]]],[[[119.583896,23.563405],[119.583884,23.56341],[119.583879,23.563422],[119.584725,23.56361],[119.58473,23.563588],[119.583896,23.563405]]],[[[119.58509,23.563669],[119.584865,23.563619],[119.58485,23.563623],[119.58484,23.563634],[119.585104,23.563693],[119.585101,23.563679],[119.58509,23.563669]]]]}},{"type":"Feature","properties":{"id":"d4f8f75f17db","NAME":"新店路","PSTART":"文學路","PEND":"新店路516巷","SW_DIRECT":"1","SW_LENG":208.67,"SW_WTH":2.38,"SWW_WTH":1.16,"SW_RAMP":8,"VILL_NAME":"馬公市"},"geometry":{"type":"MultiPolygon","coordinates":[[[[119.583535,23.563187],[119.582941,23.563107],[119.582941,23.563111],[119.582516,23.563056],[119.58252,23.563068],[119.582532,23.563076],[119.583484,23.563203],[119.58352,23.563205],[119.583528,23.563199],[119.583535,23.563187]]],[[[119.583712,23.563233],[119.583938,23.563272],[119.583942,23.563252],[119.583825,23.563227],[119.583571,23.563192],[119.583574,23.563206],[119.583587,23.563216],[119.583712,23.563233]]],[[[119.584549,23.563385],[119.584009,23.563267],[119.584004,23.563285],[119.584523,23.563401],[119.58454,23.563398],[119.584549,23.563385]]]]}},{"type":"Feature","properties":{"id":"06b02a34a98e","NAME":"新店路","PSTART":"文學路280巷","PEND":"文學路","SW_DIRECT":"1","SW_LENG":58.39,"SW_WTH":2.39,"SWW_WTH":1.18,"SW_RAMP":0,"VILL_NAME":"馬公市"},"geometry":{"type":"Polygon","coordinates":[[[119.582245,23.56304],[119.58226,23.563036],[119.582263,23.563021],[119.5818,23.562963],[119.581689,23.56296],[119.581698,23.562981],[119.581868,23.562991],[119.582245,23.56304]]]}},{"type":"Feature","properties":{"id":"0493666525a4","NAME":"新店路","PSTART":"永泰街","PEND":"永福街","SW_DIRECT":"1","SW_LENG":283.11,"SW_WTH":4.78,"SWW_WTH":1.24,"SW_RAMP":6,"VILL_NAME":"馬公市"},"geometry":{"type":"MultiPolygon","coordinates":[[[[119.575917,23.567388],[119.576773,23.566647],[119.576785,23.566627],[119.576789,23.566602],[119.576786,23.566578],[119.576772,23.566545],[119.576737,23.566542],[119.576698,23.566545],[119.576716,23.566573],[119.576729,23.566605],[119.576727,23.566624],[119.576716,23.566643],[119.576389,23.566927],[119.576342,23.566916],[119.576308,23.566946],[119.576301,23.566952],[119.576346,23.566963],[119.575929,23.567324],[119.575897,23.567342],[119.57587,23.567345],[119.575845,23.567336],[119.575806,23.567309],[119.57579,23.567333],[119.575827,23.567367],[119.575901,23.567388],[119.575917,23.567388]]],[[[119.577028,23.566427],[119.577856,23.56571],[119.577871,23.565682],[119.577875,23.565665],[119.577873,23.565641],[119.577863,23.56562],[119.577842,23.565637],[119.577838,23.565655],[119.577824,23.565678],[119.577008,23.566385],[119.576991,23.566395],[119.576972,23.566393],[119.576933,23.566356],[119.576928,23.566415],[119.576965,23.566431],[119.577005,23.566433],[119.577028,23.566427]]]]}},{"type":"Feature","properties":{"id":"d74e4acf24b0","NAME":"新店路","PSTART":"永泰街","PEND":"永福街","SW_DIRECT":"2","SW_LENG":285.42,"SW_WTH":7.54,"SWW_WTH":2.5,"SW_RAMP":5,"VILL_NAME":"馬公市"},"geometry":{"type":"Polygon","coordinates":[[[119.576045,23.567608],[119.57611,23.567555],[119.576103,23.567532],[119.576102,23.567514],[119.578005,23.565863],[119.578018,23.565878],[119.578068,23.565835],[119.578043,23.565815],[119.578018,23.565808],[119.577971,23.565813],[119.577937,23.565828],[119.576025,23.567486],[119.576015,23.567505],[119.57601,23.567554],[119.576021,23.567582],[119.576045,23.567608]]]}},{"type":"Feature","properties":{"id":"a1351f0cb399","NAME":"新店路","PSTART":"永順街","PEND":"永泰街","SW_DIRECT":"1","SW_LENG":110.55,"SW_WTH":4.07,"SWW_WTH":2.49,"SW_RAMP":5,"VILL_NAME":"馬公市"},"geometry":{"type":"Polygon","coordinates":[[[119.57505,23.568098],[119.575093,23.568091],[119.575123,23.568076],[119.575752,23.567532],[119.575762,23.567511],[119.575763,23.567471],[119.57576,23.567444],[119.575749,23.567419],[119.575717,23.567446],[119.575725,23.567505],[119.575088,23.568056],[119.575041,23.568064],[119.575019,23.568043],[119.574988,23.56807],[119.575024,23.568095],[119.57505,23.568098]]]}},{"type":"Feature","properties":{"id":"c052ae83ed7d","NAME":"新店路","PSTART":"永順街","PEND":"永泰街","SW_DIRECT":"2","SW_LENG":89.38,"SW_WTH":2.32,"SWW_WTH":1.43,"SW_RAMP":3,"VILL_NAME":"馬公市"},"geometry":{"type":"MultiPolygon","coordinates":[[[[119.575498,23.567942],[119.575214,23.568188],[119.575201,23.568204],[119.575187,23.568234],[119.575187,23.568265],[119.575192,23.568266],[119.575193,23.568246],[119.57521,23.568219],[119.575513,23.567957],[119.575498,23.567942]]],[[[119.575906,23.567633],[119.575858,23.567636],[119.575835,23.567648],[119.575583,23.567867],[119.575598,23.567882],[119.575861,23.567654],[119.575888,23.56764],[119.575906,23.567637],[119.575906,23.567633]]]]}},{"type":"Feature","properties":{"id":"38cd0bbbe703","NAME":"新店路","PSTART":"永祿街","PEND":"永壽街","SW_DIRECT":"1","SW_LENG":112.98,"SW_WTH":4.25,"SWW_WTH":0.86,"SW_RAMP":2,"VILL_NAME":"馬公市"},"geometry":{"type":"Polygon","coordinates":[[[119.578927,23.564747],[119.578962,23.564742],[119.578988,23.564727],[119.579643,23.56416],[119.579653,23.564149],[119.579665,23.5641],[119.579669,23.564071],[119.579666,23.564052],[119.579633,23.564074],[119.579624,23.564124],[119.578957,23.5647],[119.57889,23.564713],[119.578881,23.564703],[119.57886,23.56472],[119.57889,23.564742],[119.578927,23.564747]]]}},{"type":"Feature","properties":{"id":"d599b29e501f","NAME":"新店路","PSTART":"永祿街","PEND":"永壽街","SW_DIRECT":"2","SW_LENG":111.68,"SW_WTH":4.26,"SWW_WTH":2.51,"SW_RAMP":4,"VILL_NAME":"馬公市"},"geometry":{"type":"Polygon","coordinates":[[[119.579111,23.564924],[119.579104,23.564901],[119.579112,23.564863],[119.579785,23.56428],[119.579826,23.564275],[119.579851,23.564253],[119.579837,23.564245],[119.579812,23.564242],[119.579761,23.564252],[119.579746,23.564261],[119.579096,23.564822],[119.579083,23.564838],[119.579072,23.564861],[119.579065,23.564908],[119.57907,23.564924],[119.579085,23.564947],[119.579111,23.564924]]]}},{"type":"Feature","properties":{"id":"85c4025ba9c9","NAME":"新店路","PSTART":"永壽街","PEND":"文德路","SW_DIRECT":"1","SW_LENG":101.62,"SW_WTH":4.26,"SWW_WTH":0.9,"SW_RAMP":1,"VILL_NAME":"馬公市"},"geometry":{"type":"Polygon","coordinates":[[[119.579778,23.564006],[119.579823,23.563998],[119.579846,23.563985],[119.580406,23.5635],[119.580426,23.563464],[119.580427,23.563435],[119.580416,23.563395],[119.580386,23.563364],[119.580355,23.563391],[119.580378,23.563413],[119.580373,23.563476],[119.579804,23.563969],[119.579755,23.563964],[119.579727,23.563991],[119.579761,23.564004],[119.579778,23.564006]]]}},{"type":"Feature","properties":{"id":"d93decb23b13","NAME":"新店路","PSTART":"永壽街","PEND":"文德路","SW_DIRECT":"2","SW_LENG":92.04,"SW_WTH":4.25,"SWW_WTH":2.51,"SW_RAMP":3,"VILL_NAME":"馬公市"},"geometry":{"type":"Polygon","coordinates":[[[119.579916,23.564164],[119.580529,23.563637],[119.580552,23.563629],[119.580582,23.56364],[119.580607,23.563624],[119.580579,23.563606],[119.580548,23.563599],[119.580523,23.563601],[119.580492,23.563615],[119.579941,23.564091],[119.579927,23.564114],[119.579916,23.564164]]]}},{"type":"Feature","properties":{"id":"7b93f61b74cb","NAME":"新店路","PSTART":"永福街","PEND":"永祿街","SW_DIRECT":"1","SW_LENG":124.91,"SW_WTH":3.64,"SWW_WTH":0.91,"SW_RAMP":4,"VILL_NAME":"馬公市"},"geometry":{"type":"Polygon","coordinates":[[[119.578,23.565565],[119.578018,23.565561],[119.578042,23.565546],[119.57879,23.564901],[119.578804,23.564877],[119.578808,23.564843],[119.578801,23.564809],[119.578782,23.564781],[119.578765,23.564796],[119.578774,23.564805],[119.578775,23.564839],[119.578772,23.564862],[119.578758,23.564882],[119.578199,23.565367],[119.578196,23.565379],[119.578151,23.565418],[119.578153,23.56542],[119.578026,23.565529],[119.577992,23.565542],[119.577961,23.565537],[119.577944,23.565552],[119.577966,23.565562],[119.578,23.565565]]]}},{"type":"Feature","properties":{"id":"e5b4a9598a7c","NAME":"新店路","PSTART":"永福街","PEND":"永祿街","SW_DIRECT":"2","SW_LENG":127.61,"SW_WTH":4.19,"SWW_WTH":2.51,"SW_RAMP":3,"VILL_NAME":"馬公市"},"geometry":{"type":"Polygon","coordinates":[[[119.578162,23.565757],[119.578147,23.565733],[119.57814,23.565708],[119.578145,23.565687],[119.578161,23.565665],[119.578449,23.565416],[119.578486,23.565405],[119.578918,23.565029],[119.578944,23.565023],[119.578964,23.565024],[119.578981,23.565032],[119.579006,23.565009],[119.57899,23.565],[119.578966,23.564994],[119.578909,23.565],[119.578875,23.565015],[119.578139,23.565652],[119.578127,23.565667],[119.57812,23.565685],[119.578118,23.565721],[119.578128,23.565747],[119.578147,23.565769],[119.578162,23.565757]]]}},{"type":"Feature","properties":{"id":"b13a5c7c0f85","NAME":"新店路","PSTART":"同和路","PEND":"永順街","SW_DIRECT":"1","SW_LENG":85.61,"SW_WTH":4.4,"SWW_WTH":0.91,"SW_RAMP":4,"VILL_NAME":"馬公市"},"geometry":{"type":"Polygon","coordinates":[[[119.57443,23.568657],[119.574451,23.568654],[119.57447,23.568644],[119.574907,23.568261],[119.574938,23.568217],[119.574947,23.568189],[119.574941,23.568158],[119.574918,23.568131],[119.574888,23.568158],[119.574902,23.568173],[119.574887,23.568227],[119.574428,23.568625],[119.574404,23.568622],[119.574374,23.568594],[119.574343,23.568621],[119.57436,23.568638],[119.574382,23.568649],[119.57443,23.568657]]]}},{"type":"Feature","properties":{"id":"a80b53bc400c","NAME":"新店路","PSTART":"同和路","PEND":"永順街","SW_DIRECT":"2","SW_LENG":77.99,"SW_WTH":4.23,"SWW_WTH":2.5,"SW_RAMP":5,"VILL_NAME":"馬公市"},"geometry":{"type":"Polygon","coordinates":[[[119.574603,23.56883],[119.574591,23.568801],[119.57459,23.568785],[119.574597,23.568772],[119.575095,23.56834],[119.575063,23.568336],[119.575012,23.56836],[119.574571,23.568743],[119.574557,23.568765],[119.574552,23.568784],[119.574552,23.568811],[119.574558,23.568833],[119.574573,23.568854],[119.574603,23.56883]]]}},{"type":"Feature","properties":{"id":"f8bb2fb76b42","NAME":"新店路","PSTART":"海埔路","PEND":"同和路","SW_DIRECT":"1","SW_LENG":88.27,"SW_WTH":4.22,"SWW_WTH":2.78,"SW_RAMP":2,"VILL_NAME":"馬公市"},"geometry":{"type":"Polygon","coordinates":[[[119.573602,23.569162],[119.573625,23.569159],[119.57367,23.569142],[119.574224,23.568839],[119.574245,23.568816],[119.574255,23.568792],[119.574257,23.56876],[119.574249,23.568732],[119.574238,23.56872],[119.574209,23.568744],[119.574218,23.56877],[119.574206,23.568807],[119.573608,23.569132],[119.573568,23.569132],[119.57356,23.569127],[119.573547,23.569146],[119.573569,23.569157],[119.573602,23.569162]]]}},{"type":"Feature","properties":{"id":"2fc1b26e2c19","NAME":"新店路","PSTART":"海埔路","PEND":"同和路","SW_DIRECT":"2","SW_LENG":75.15,"SW_WTH":4.31,"SWW_WTH":2.8,"SW_RAMP":4,"VILL_NAME":"馬公市"},"geometry":{"type":"Polygon","coordinates":[[[119.573795,23.569238],[119.573798,23.569231],[119.574363,23.568922],[119.574388,23.568927],[119.574394,23.568933],[119.574424,23.56891],[119.574399,23.568894],[119.574371,23.568889],[119.574346,23.56889],[119.574323,23.568899],[119.573804,23.569182],[119.573782,23.569204],[119.573771,23.569228],[119.573774,23.569249],[119.573795,23.569238]]]}},{"type":"Feature","properties":{"id":"3e11c09fd9e9","NAME":"新店路","PSTART":"新生路","PEND":"海埔路","SW_DIRECT":"1","SW_LENG":63.34,"SW_WTH":2.55,"SWW_WTH":1.35,"SW_RAMP":4,"VILL_NAME":"馬公市"},"geometry":{"type":"MultiPolygon","coordinates":[[[[119.573163,23.569668],[119.57318,23.56965],[119.573277,23.569488],[119.573279,23.569476],[119.573271,23.569466],[119.573265,23.569463],[119.573159,23.569639],[119.573145,23.569652],[119.573125,23.569663],[119.573101,23.569666],[119.573072,23.56966],[119.573039,23.569647],[119.57303,23.569665],[119.573067,23.569682],[119.5731,23.569689],[119.573134,23.569684],[119.573163,23.569668]]],[[[119.573432,23.569197],[119.573425,23.569192],[119.573413,23.56921],[119.573422,23.569237],[119.573415,23.569268],[119.57333,23.569361],[119.573313,23.569386],[119.573316,23.569389],[119.573328,23.569392],[119.573338,23.56939],[119.573435,23.569281],[119.573443,23.569262],[119.573447,23.569238],[119.573441,23.56921],[119.573432,23.569197]]]]}},{"type":"Feature","properties":{"id":"38eef2e9f4ac","NAME":"新店路","PSTART":"新生路","PEND":"海埔路","SW_DIRECT":"2","SW_LENG":54.58,"SW_WTH":2.45,"SWW_WTH":1.26,"SW_RAMP":2,"VILL_NAME":"馬公市"},"geometry":{"type":"Polygon","coordinates":[[[119.573325,23.569781],[119.573301,23.569757],[119.573293,23.569741],[119.57329,23.569714],[119.573297,23.569693],[119.573412,23.569494],[119.573442,23.569448],[119.573511,23.569367],[119.573505,23.569364],[119.573492,23.569363],[119.573481,23.569368],[119.573423,23.569436],[119.573328,23.569589],[119.573272,23.569689],[119.573266,23.569728],[119.573275,23.56976],[119.573293,23.569784],[119.573313,23.569798],[119.573325,23.569781]]]}},{"type":"Feature","properties":{"id":"be06bfa3dcea","NAME":"新店路","PSTART":"新店路516巷","PEND":"文山路","SW_DIRECT":"1","SW_LENG":45.05,"SW_WTH":2.29,"SWW_WTH":0.99,"SW_RAMP":4,"VILL_NAME":"馬公市"},"geometry":{"type":"MultiPolygon","coordinates":[[[[119.584817,23.563444],[119.584593,23.563395],[119.584602,23.563414],[119.584613,23.56342],[119.584794,23.56346],[119.584809,23.563456],[119.584817,23.563444]]],[[[119.585098,23.563506],[119.584865,23.563454],[119.584871,23.56347],[119.584886,23.56348],[119.585031,23.563512],[119.585068,23.563514],[119.585098,23.563506]]]]}},{"type":"Feature","properties":{"id":"a1cd415c9d66","NAME":"新明路","PSTART":"永祿街","PEND":"永壽街","SW_DIRECT":"1","SW_LENG":113.35,"SW_WTH":1.61,"SWW_WTH":1.61,"SW_RAMP":2,"VILL_NAME":"馬公市"},"geometry":{"type":"Polygon","coordinates":[[[119.579728,23.565523],[119.579751,23.565519],[119.580531,23.565054],[119.580545,23.56504],[119.580556,23.565021],[119.580555,23.564997],[119.580549,23.56498],[119.580533,23.564992],[119.580513,23.565001],[119.580518,23.565044],[119.579763,23.565495],[119.579733,23.565502],[119.579704,23.565499],[119.579675,23.565489],[119.57965,23.56547],[119.579623,23.565492],[119.579644,23.565506],[119.579674,23.565516],[119.579728,23.565523]]]}},{"type":"Feature","properties":{"id":"8f9637f107ce","NAME":"新明路","PSTART":"永祿街","PEND":"永壽街","SW_DIRECT":"2","SW_LENG":50.98,"SW_WTH":1.77,"SWW_WTH":0.99,"SW_RAMP":0,"VILL_NAME":"馬公市"},"geometry":{"type":"MultiPolygon","coordinates":[[[[119.579829,23.565603],[119.579939,23.565537],[119.579942,23.565541],[119.580057,23.565472],[119.580048,23.565465],[119.580036,23.565466],[119.579827,23.565591],[119.57981,23.565616],[119.579807,23.565635],[119.57981,23.565649],[119.579815,23.565621],[119.579829,23.565603]]],[[[119.580246,23.565351],[119.580241,23.565344],[119.580102,23.565426],[119.580099,23.565439],[119.580246,23.565351]]]]}},{"type":"Feature","properties":{"id":"c37903cc0e05","NAME":"新明路","PSTART":"永壽街","PEND":"文德路","SW_DIRECT":"1","SW_LENG":41.24,"SW_WTH":3.71,"SWW_WTH":3.71,"SW_RAMP":0,"VILL_NAME":"馬公市"},"geometry":{"type":"Polygon","coordinates":[[[119.580671,23.564948],[119.580701,23.564941],[119.580958,23.564786],[119.580939,23.56476],[119.580887,23.564794],[119.580885,23.564791],[119.580858,23.564809],[119.580856,23.564806],[119.580704,23.564905],[119.580663,23.564852],[119.580592,23.564898],[119.580634,23.564939],[119.580648,23.564945],[119.580671,23.564948]]]}},{"type":"Feature","properties":{"id":"4747fa4ea012","NAME":"新明路95巷","PSTART":"永壽街","PEND":"文德路","SW_DIRECT":"3","SW_LENG":137.94,"SW_WTH":15.26,"SWW_WTH":4.09,"SW_RAMP":3,"VILL_NAME":"馬公市"},"geometry":{"type":"Polygon","coordinates":[[[119.581495,23.565299],[119.581739,23.565146],[119.581654,23.565032],[119.581408,23.565186],[119.581125,23.564815],[119.580999,23.564891],[119.58137,23.565373],[119.581159,23.565509],[119.581225,23.56558],[119.581551,23.565368],[119.581495,23.565299]]]}},{"type":"Feature","properties":{"id":"f4640f7f6cc1","NAME":"新營路","PSTART":"永泰街","PEND":"永福街","SW_DIRECT":"2","SW_LENG":275.21,"SW_WTH":2.66,"SWW_WTH":1.47,"SW_RAMP":7,"VILL_NAME":"馬公市"},"geometry":{"type":"MultiPolygon","coordinates":[[[[119.576593,23.566471],[119.576614,23.566475],[119.576642,23.566492],[119.576642,23.566445],[119.576564,23.566437],[119.576535,23.56645],[119.575704,23.567169],[119.575698,23.567189],[119.575697,23.567209],[119.575699,23.567229],[119.57571,23.567248],[119.575733,23.567272],[119.57576,23.567264],[119.575739,23.567237],[119.575728,23.567211],[119.57573,23.567189],[119.575744,23.567166],[119.576533,23.566484],[119.576593,23.566471]]],[[[119.577697,23.56549],[119.577637,23.565494],[119.576831,23.566191],[119.576825,23.566199],[119.576819,23.566235],[119.576819,23.566304],[119.576874,23.566297],[119.576856,23.566259],[119.576855,23.566202],[119.577655,23.565509],[119.577681,23.565503],[119.577697,23.56549]]]]}},{"type":"Feature","properties":{"id":"867ec098f4db","NAME":"新營路","PSTART":"永順街","PEND":"永泰街","SW_DIRECT":"2","SW_LENG":107.72,"SW_WTH":4.31,"SWW_WTH":2.51,"SW_RAMP":4,"VILL_NAME":"馬公市"},"geometry":{"type":"Polygon","coordinates":[[[119.574893,23.567969],[119.574927,23.567941],[119.574926,23.567897],[119.575574,23.567334],[119.575621,23.567346],[119.575652,23.567318],[119.575626,23.567298],[119.575598,23.567289],[119.575571,23.56729],[119.57555,23.567301],[119.574881,23.567884],[119.57487,23.567905],[119.574869,23.567937],[119.574893,23.567969]]]}},{"type":"Feature","properties":{"id":"dc2d3b7c1ea6","NAME":"新營路","PSTART":"永祿街","PEND":"永壽街","SW_DIRECT":"2","SW_LENG":113.86,"SW_WTH":4.34,"SWW_WTH":2.52,"SW_RAMP":3,"VILL_NAME":"馬公市"},"geometry":{"type":"Polygon","coordinates":[[[119.578764,23.564617],[119.578782,23.564602],[119.578783,23.564553],[119.579482,23.563951],[119.579521,23.563957],[119.579552,23.563929],[119.579532,23.563909],[119.579487,23.5639],[119.579455,23.56392],[119.578761,23.56452],[119.578737,23.564547],[119.578734,23.56456],[119.578745,23.564599],[119.578764,23.564617]]]}},{"type":"Feature","properties":{"id":"527a4018706d","NAME":"新營路","PSTART":"永壽街","PEND":"文德路","SW_DIRECT":"2","SW_LENG":96.59,"SW_WTH":4.33,"SWW_WTH":2.52,"SW_RAMP":3,"VILL_NAME":"馬公市"},"geometry":{"type":"Polygon","coordinates":[[[119.579642,23.563839],[119.57964,23.563809],[119.580221,23.56331],[119.580271,23.563309],[119.580303,23.563281],[119.580281,23.56327],[119.580241,23.563268],[119.580215,23.563272],[119.580186,23.563286],[119.579606,23.563786],[119.579594,23.563805],[119.57959,23.56382],[119.579607,23.563861],[119.579609,23.563865],[119.579642,23.563839]]]}},{"type":"Feature","properties":{"id":"74b2dac1ce96","NAME":"新營路","PSTART":"永福街","PEND":"永祿街","SW_DIRECT":"2","SW_LENG":116.57,"SW_WTH":2.47,"SWW_WTH":0.91,"SW_RAMP":3,"VILL_NAME":"馬公市"},"geometry":{"type":"MultiPolygon","coordinates":[[[[119.578612,23.564693],[119.578656,23.564698],[119.578673,23.564704],[119.578684,23.564714],[119.578702,23.564699],[119.578687,23.564683],[119.578652,23.564672],[119.578602,23.56467],[119.578579,23.564679],[119.578198,23.565007],[119.578215,23.565023],[119.578592,23.564698],[119.578612,23.564693]]],[[[119.577825,23.565347],[119.577993,23.565202],[119.578005,23.565204],[119.578157,23.565072],[119.57814,23.565057],[119.577813,23.565338],[119.577803,23.565357],[119.57781,23.565402],[119.577826,23.565388],[119.577818,23.565369],[119.577819,23.565357],[119.577825,23.565347]]]]}},{"type":"Feature","properties":{"id":"ee271832aaad","NAME":"新營路","PSTART":"同和路","PEND":"永順街","SW_DIRECT":"2","SW_LENG":81.45,"SW_WTH":4.3,"SWW_WTH":2.52,"SW_RAMP":4,"VILL_NAME":"馬公市"},"geometry":{"type":"Polygon","coordinates":[[[119.574272,23.568498],[119.574279,23.568457],[119.574756,23.568044],[119.574787,23.568053],[119.574821,23.568027],[119.574799,23.568005],[119.57478,23.567998],[119.574756,23.567998],[119.574733,23.568009],[119.574246,23.568432],[119.574236,23.568446],[119.574233,23.568464],[119.574243,23.568522],[119.574272,23.568498]]]}},{"type":"Feature","properties":{"id":"a2c71e0fdf01","NAME":"漁隆路","PSTART":"興港南街","PEND":"興港北街","SW_DIRECT":"2","SW_LENG":183.38,"SW_WTH":4.63,"SWW_WTH":1.41,"SW_RAMP":0,"VILL_NAME":"馬公市"},"geometry":{"type":"MultiPolygon","coordinates":[[[[119.570221,23.566733],[119.569584,23.566117],[119.569551,23.566145],[119.569604,23.566196],[119.569601,23.566199],[119.569708,23.566301],[119.569706,23.566303],[119.569938,23.566519],[119.569941,23.566516],[119.570193,23.566759],[119.570221,23.566733]]],[[[119.569369,23.56591],[119.568764,23.56533],[119.568743,23.565349],[119.568851,23.565455],[119.568846,23.565459],[119.569341,23.565933],[119.569369,23.56591]]]]}},{"type":"Feature","properties":{"id":"86e2a25c48a4","NAME":"澎23","PSTART":"石泉國小","PEND":"縣204","SW_DIRECT":"1","SW_LENG":155.65,"SW_WTH":4.74,"SWW_WTH":1.19,"SW_RAMP":4,"VILL_NAME":"馬公市"},"geometry":{"type":"MultiPolygon","coordinates":[[[[119.594904,23.560321],[119.594855,23.560174],[119.594815,23.560185],[119.594727,23.559914],[119.594702,23.559914],[119.594586,23.559522],[119.594487,23.559353],[119.594473,23.559358],[119.594561,23.559569],[119.594756,23.560155],[119.594825,23.560338],[119.59488,23.560477],[119.594903,23.560485],[119.594901,23.560477],[119.594905,23.560476],[119.594879,23.560392],[119.594884,23.56039],[119.594866,23.560332],[119.594904,23.560321]]],[[[119.595039,23.560676],[119.595024,23.560648],[119.595008,23.560653],[119.594992,23.56065],[119.594962,23.560631],[119.594945,23.560599],[119.59492,23.560522],[119.594916,23.560524],[119.594913,23.560515],[119.594907,23.560519],[119.594903,23.560533],[119.594946,23.56064],[119.594965,23.560669],[119.59499,23.560683],[119.595024,23.560682],[119.595039,23.560676]]]]}},{"type":"Feature","properties":{"id":"7c30e3ab8404","NAME":"澎23","PSTART":"縣204","PEND":"中正國中","SW_DIRECT":"1","SW_LENG":169.7,"SW_WTH":2.7,"SWW_WTH":0.0,"SW_RAMP":2,"VILL_NAME":"馬公市"},"geometry":{"type":"MultiPolygon","coordinates":[[[[119.598711,23.560647],[119.598268,23.559574],[119.598268,23.559552],[119.59828,23.559534],[119.598355,23.5595],[119.598344,23.559473],[119.598286,23.559497],[119.598227,23.559545],[119.59855,23.560328],[119.59856,23.560325],[119.598693,23.560648],[119.598698,23.560651],[119.598711,23.560647]]],[[[119.598865,23.561022],[119.598771,23.560794],[119.598757,23.560802],[119.598847,23.561023],[119.598852,23.561026],[119.598865,23.561022]]]]}},{"type":"Feature","properties":{"id":"78f6345cde92","NAME":"二崁聚落","PSTART":"二崁聚落","PEND":"二崁聚落","SW_DIRECT":"3","SW_LENG":207.12,"SW_WTH":4.63,"SWW_WTH":1.89,"SW_RAMP":0,"VILL_NAME":"馬公市"},"geometry":{"type":"Polygon","coordinates":[[[119.518929,23.605183],[119.518659,23.604908],[119.51864,23.604879],[119.518629,23.604835],[119.518645,23.60474],[119.518654,23.604724],[119.518694,23.604698],[119.51872,23.604694],[119.518746,23.604707],[119.518962,23.604951],[119.519065,23.605051],[119.519375,23.605377],[119.519458,23.605478],[119.519463,23.605488],[119.519511,23.605543],[119.519556,23.605513],[119.519556,23.605507],[119.519441,23.605367],[119.51944,23.605337],[119.519404,23.605223],[119.519416,23.605215],[119.519406,23.605197],[119.519413,23.605192],[119.519366,23.605106],[119.519351,23.605086],[119.519343,23.605092],[119.519274,23.605013],[119.51927,23.605016],[119.519115,23.604855],[119.519119,23.604852],[119.518973,23.604655],[119.518933,23.604593],[119.518858,23.604498],[119.518698,23.604274],[119.518695,23.604258],[119.518705,23.604235],[119.518647,23.604266],[119.518661,23.604274],[119.518786,23.604436],[119.518789,23.604448],[119.518903,23.604603],[119.518893,23.604611],[119.518976,23.604699],[119.518972,23.604703],[119.519014,23.604762],[119.51901,23.604768],[119.51902,23.60478],[119.519017,23.604783],[119.519332,23.605116],[119.519352,23.605157],[119.519363,23.605191],[119.519377,23.605251],[119.519366,23.605256],[119.519383,23.605275],[119.51937,23.605285],[119.519397,23.605314],[119.51937,23.605335],[119.519286,23.605252],[119.518915,23.60486],[119.518862,23.604798],[119.518883,23.604782],[119.518795,23.604689],[119.518726,23.604608],[119.518608,23.604686],[119.518547,23.604606],[119.518505,23.604502],[119.5185,23.604487],[119.518524,23.604471],[119.518517,23.604462],[119.518502,23.604463],[119.518485,23.60445],[119.518457,23.604398],[119.518441,23.60434],[119.518447,23.604304],[119.518358,23.604294],[119.518359,23.604301],[119.518425,23.604394],[119.518423,23.604404],[119.518433,23.604439],[119.518414,23.60445],[119.518453,23.604503],[119.518506,23.604615],[119.518591,23.604725],[119.518594,23.604741],[119.518577,23.60485],[119.518562,23.604877],[119.518645,23.604962],[119.518719,23.605025],[119.518786,23.605093],[119.518792,23.605099],[119.518796,23.605096],[119.518924,23.605234],[119.518931,23.60525],[119.51893,23.605266],[119.518916,23.605289],[119.518907,23.605294],[119.518932,23.60533],[119.519096,23.605525],[119.519139,23.605594],[119.519224,23.605694],[119.519238,23.605764],[119.519262,23.605835],[119.519393,23.605947],[119.519429,23.605903],[119.519309,23.6058],[119.519299,23.605783],[119.519311,23.605766],[119.519245,23.605654],[119.519173,23.60555],[119.519174,23.605544],[119.519047,23.605408],[119.519025,23.605378],[119.51903,23.605375],[119.518967,23.605305],[119.518962,23.605276],[119.518978,23.605264],[119.518968,23.605254],[119.518952,23.605214],[119.518929,23.605183]]]}},{"type":"Feature","properties":{"id":"fb99d50ef9c1","NAME":"三民路","PSTART":"民福路","PEND":"海埔路","SW_DIRECT":"1","SW_LENG":56.53,"SW_WTH":3.81,"SWW_WTH":1.98,"SW_RAMP":2,"VILL_NAME":"馬公市"},"geometry":{"type":"Polygon","coordinates":[[[119.569087,23.566311],[119.569084,23.566258],[119.569061,23.566236],[119.569048,23.566248],[119.569043,23.566299],[119.568686,23.566613],[119.56871,23.566637],[119.569087,23.566311]]]}},{"type":"Feature","properties":{"id":"a4be92c9cdc8","NAME":"三民路","PSTART":"民福路","PEND":"海埔路","SW_DIRECT":"2","SW_LENG":67.69,"SW_WTH":3.91,"SWW_WTH":2.12,"SW_RAMP":3,"VILL_NAME":"馬公市"},"geometry":{"type":"Polygon","coordinates":[[[119.568745,23.566743],[119.569163,23.566383],[119.569202,23.566394],[119.569215,23.566382],[119.569184,23.566355],[119.569148,23.566347],[119.568707,23.566728],[119.568697,23.566761],[119.568717,23.566793],[119.568733,23.566785],[119.568745,23.566743]]]}},{"type":"Feature","properties":{"id":"121997b9d9f1","NAME":"三民路","PSTART":"民權路","PEND":"民福路","SW_DIRECT":"1","SW_LENG":73.55,"SW_WTH":3.89,"SWW_WTH":2.08,"SW_RAMP":3,"VILL_NAME":"馬公市"},"geometry":{"type":"Polygon","coordinates":[[[119.568114,23.567227],[119.568484,23.566847],[119.568477,23.566842],[119.568496,23.566822],[119.568474,23.566804],[119.568039,23.567257],[119.567943,23.567261],[119.567943,23.567265],[119.567952,23.567279],[119.567978,23.567296],[119.568008,23.567306],[119.56803,23.567305],[119.568066,23.56728],[119.568097,23.567247],[119.568092,23.567242],[119.568111,23.567223],[119.568114,23.567227]]]}},{"type":"Feature","properties":{"id":"a203581a66ca","NAME":"三民路","PSTART":"新生路","PEND":"民福路","SW_DIRECT":"2","SW_LENG":104.93,"SW_WTH":3.83,"SWW_WTH":2.0,"SW_RAMP":5,"VILL_NAME":"馬公市"},"geometry":{"type":"Polygon","coordinates":[[[119.568015,23.567518],[119.568027,23.567505],[119.568025,23.567472],[119.568028,23.567467],[119.568613,23.566861],[119.568666,23.566867],[119.568681,23.56686],[119.568656,23.566828],[119.568597,23.566825],[119.568161,23.567278],[119.568169,23.567284],[119.56815,23.567304],[119.568142,23.567297],[119.567989,23.567455],[119.567995,23.567505],[119.568015,23.567518]]]}},{"type":"Feature","properties":{"id":"1ba76cfb9c1d","NAME":"三多路","PSTART":"文光路168巷","PEND":"貿商街","SW_DIRECT":"1","SW_LENG":27.76,"SW_WTH":1.52,"SWW_WTH":0.86,"SW_RAMP":0,"VILL_NAME":"馬公市"},"geometry":{"type":"Polygon","coordinates":[[[119.572785,23.577032],[119.573036,23.576935],[119.573029,23.576923],[119.572779,23.577019],[119.572785,23.577032]]]}},{"type":"Feature","properties":{"id":"59a77848077e","NAME":"三多路","PSTART":"光榮街","PEND":"光復路","SW_DIRECT":"1","SW_LENG":13.49,"SW_WTH":2.92,"SWW_WTH":2.92,"SW_RAMP":0,"VILL_NAME":"馬公市"},"geometry":{"type":"Polygon","coordinates":[[[119.574827,23.575886],[119.574878,23.575836],[119.574883,23.575824],[119.574881,23.575798],[119.574873,23.575779],[119.574859,23.575789],[119.574864,23.575813],[119.574798,23.575877],[119.574827,23.575886]]]}},{"type":"Feature","properties":{"id":"98b54e2b726e","NAME":"三多路","PSTART":"貿商街","PEND":"敬業街","SW_DIRECT":"1","SW_LENG":33.41,"SW_WTH":1.7,"SWW_WTH":1.34,"SW_RAMP":0,"VILL_NAME":"馬公市"},"geometry":{"type":"MultiPolygon","coordinates":[[[[119.573464,23.57677],[119.573472,23.576752],[119.573208,23.576854],[119.573215,23.576867],[119.573464,23.57677]]],[[[119.573577,23.576724],[119.57357,23.576713],[119.573528,23.57673],[119.573544,23.57674],[119.573577,23.576724]]]]}},{"type":"Feature","properties":{"id":"7440889650de","NAME":"三多路107巷","PSTART":"文林街50巷","PEND":"文林街50巷2弄","SW_DIRECT":"2","SW_LENG":6.65,"SW_WTH":2.01,"SWW_WTH":2.01,"SW_RAMP":0,"VILL_NAME":"馬公市"},"geometry":{"type":"Polygon","coordinates":[[[119.576911,23.574432],[119.57689,23.574375],[119.576872,23.574381],[119.576892,23.574438],[119.576911,23.574432]]]}},{"type":"Feature","properties":{"id":"e6e98a61ea4f","NAME":"大賢街","PSTART":"文德路","PEND":"文安路","SW_DIRECT":"2","SW_LENG":123.16,"SW_WTH":3.66,"SWW_WTH":2.02,"SW_RAMP":0,"VILL_NAME":"馬公市"},"geometry":{"type":"Polygon","coordinates":[[[119.579131,23.561801],[119.57923,23.561739],[119.579379,23.561661],[119.579451,23.561629],[119.579568,23.561587],[119.579769,23.561537],[119.580183,23.561461],[119.580244,23.561455],[119.580255,23.561424],[119.580218,23.561423],[119.579768,23.561503],[119.579676,23.561523],[119.579572,23.561553],[119.579463,23.56159],[119.579333,23.561647],[119.579224,23.561704],[119.579111,23.561775],[119.579131,23.561801]]]}},{"type":"Feature","properties":{"id":"20b2186ac198","NAME":"中山路","PSTART":"中山路12巷","PEND":"民族路","SW_DIRECT":"2","SW_LENG":65.51,"SW_WTH":2.96,"SWW_WTH":1.17,"SW_RAMP":2,"VILL_NAME":"馬公市"},"geometry":{"type":"Polygon","coordinates":[[[119.563698,23.563537],[119.563673,23.563522],[119.563168,23.563335],[119.563152,23.563337],[119.56314,23.563352],[119.56366,23.563545],[119.563673,23.563553],[119.563694,23.563574],[119.563706,23.563606],[119.563734,23.5636],[119.563723,23.563567],[119.563698,23.563537]]]}},{"type":"Feature","properties":{"id":"9ed4a7364de7","NAME":"中山路","PSTART":"中正路","PEND":"重慶街","SW_DIRECT":"2","SW_LENG":129.43,"SW_WTH":2.94,"SWW_WTH":1.18,"SW_RAMP":2,"VILL_NAME":"馬公市"},"geometry":{"type":"Polygon","coordinates":[[[119.565251,23.563624],[119.565265,23.563615],[119.565297,23.56361],[119.565297,23.563607],[119.566384,23.563606],[119.5664,23.563609],[119.566435,23.563636],[119.56644,23.563664],[119.566464,23.56366],[119.566456,23.563628],[119.566441,23.563611],[119.566396,23.563584],[119.566372,23.56358],[119.565227,23.563582],[119.565202,23.56359],[119.565188,23.563608],[119.565185,23.563622],[119.56519,23.563667],[119.565234,23.563665],[119.565236,23.563644],[119.565251,23.563624]]]}},{"type":"Feature","properties":{"id":"a98d04ffbe25","NAME":"中山路","PSTART":"中正路","PEND":"臨海路","SW_DIRECT":"1","SW_LENG":206.32,"SW_WTH":2.95,"SWW_WTH":1.16,"SW_RAMP":1,"VILL_NAME":"馬公市"},"geometry":{"type":"Polygon","coordinates":[[[119.567124,23.563479],[119.567163,23.563463],[119.567251,23.563402],[119.5673,23.563359],[119.567306,23.563336],[119.567302,23.563304],[119.567293,23.563288],[119.567265,23.563259],[119.567251,23.563268],[119.567284,23.5633],[119.567284,23.563342],[119.567236,23.563385],[119.567165,23.563434],[119.567095,23.563462],[119.567032,23.563469],[119.566866,23.56347],[119.565635,23.563471],[119.565634,23.563487],[119.565368,23.563484],[119.565368,23.563498],[119.56699,23.563497],[119.56707,23.563491],[119.567124,23.563479]]]}},{"type":"Feature","properties":{"id":"a9ab92f9b5b3","NAME":"中山路","PSTART":"民族路","PEND":"惠安一路","SW_DIRECT":"1","SW_LENG":73.63,"SW_WTH":2.98,"SWW_WTH":1.2,"SW_RAMP":1,"VILL_NAME":"馬公市"},"geometry":{"type":"Polygon","coordinates":[[[119.563869,23.563473],[119.563869,23.563461],[119.563826,23.56342],[119.563788,23.56342],[119.563799,23.563449],[119.563822,23.563474],[119.563853,23.563494],[119.563879,23.563499],[119.564476,23.5635],[119.564491,23.563493],[119.564498,23.563474],[119.563869,23.563473]]]}},{"type":"Feature","properties":{"id":"a7ba8578fc00","NAME":"中山路","PSTART":"民族路","PEND":"惠安一路","SW_DIRECT":"2","SW_LENG":67.51,"SW_WTH":2.96,"SWW_WTH":1.12,"SW_RAMP":3,"VILL_NAME":"馬公市"},"geometry":{"type":"MultiPolygon","coordinates":[[[[119.56386,23.563641],[119.563914,23.563609],[119.564122,23.563609],[119.564122,23.563606],[119.564116,23.56359],[119.564101,23.563583],[119.563878,23.563582],[119.563859,23.56359],[119.563843,23.563604],[119.563836,23.563618],[119.56383,23.563645],[119.56386,23.563641]]],[[[119.56446,23.563608],[119.564444,23.563588],[119.564421,23.563582],[119.564217,23.563582],[119.5642,23.56359],[119.564193,23.563607],[119.564394,23.563608],[119.564428,23.563637],[119.564429,23.563642],[119.564464,23.56364],[119.56446,23.563608]]]]}},{"type":"Feature","properties":{"id":"aa93907f27f5","NAME":"中山路","PSTART":"民福路","PEND":"臨海路","SW_DIRECT":"2","SW_LENG":36.15,"SW_WTH":2.96,"SWW_WTH":1.81,"SW_RAMP":1,"VILL_NAME":"馬公市"},"geometry":{"type":"Polygon","coordinates":[[[119.567282,23.563536],[119.567497,23.563345],[119.567503,23.563339],[119.567483,23.56332],[119.56728,23.563501],[119.567265,23.563521],[119.567256,23.563549],[119.567256,23.563568],[119.567266,23.563582],[119.567281,23.56357],[119.567282,23.563536]]]}},{"type":"Feature","properties":{"id":"f289301d0f07","NAME":"中山路","PSTART":"民權路","PEND":"民福路","SW_DIRECT":"2","SW_LENG":23.83,"SW_WTH":1.91,"SWW_WTH":1.27,"SW_RAMP":1,"VILL_NAME":"馬公市"},"geometry":{"type":"Polygon","coordinates":[[[119.567108,23.563702],[119.567185,23.563622],[119.5672,23.563611],[119.567183,23.563605],[119.567172,23.563609],[119.567094,23.563691],[119.567075,23.563733],[119.56707,23.563763],[119.567072,23.563788],[119.567088,23.563782],[119.567108,23.563702]]]}},{"type":"Feature","properties":{"id":"ae70caf6164c","NAME":"中山路","PSTART":"重慶街","PEND":"民權路","SW_DIRECT":"2","SW_LENG":51.95,"SW_WTH":2.92,"SWW_WTH":1.11,"SW_RAMP":1,"VILL_NAME":"馬公市"},"geometry":{"type":"Polygon","coordinates":[[[119.566971,23.563742],[119.566937,23.563698],[119.566889,23.563651],[119.566815,23.563597],[119.566783,23.563582],[119.566752,23.563578],[119.566579,23.563579],[119.566556,23.563595],[119.566532,23.563631],[119.566531,23.563643],[119.566547,23.563641],[119.56658,23.563603],[119.566751,23.563604],[119.566796,23.563616],[119.566876,23.563668],[119.566914,23.563703],[119.566953,23.563748],[119.566971,23.563742]]]}},{"type":"Feature","properties":{"id":"837e62981143","NAME":"中山路","PSTART":"復國路","PEND":"中山路12巷","SW_DIRECT":"2","SW_LENG":37.1,"SW_WTH":2.97,"SWW_WTH":1.82,"SW_RAMP":1,"VILL_NAME":"馬公市"},"geometry":{"type":"Polygon","coordinates":[[[119.563011,23.563276],[119.56293,23.563248],[119.562885,23.56324],[119.562829,23.563238],[119.562763,23.563242],[119.562707,23.563252],[119.562675,23.563264],[119.562666,23.563279],[119.562668,23.563285],[119.562737,23.56327],[119.562839,23.563262],[119.5629,23.563268],[119.562935,23.563277],[119.563017,23.563307],[119.563022,23.56329],[119.563011,23.563276]]]}},{"type":"Feature","properties":{"id":"2f064ba97653","NAME":"中山路","PSTART":"惠安一路","PEND":"中正路","SW_DIRECT":"1","SW_LENG":35.2,"SW_WTH":2.99,"SWW_WTH":1.19,"SW_RAMP":1,"VILL_NAME":"馬公市"},"geometry":{"type":"Polygon","coordinates":[[[119.564905,23.563472],[119.564618,23.563473],[119.564581,23.563438],[119.564562,23.563438],[119.564562,23.56348],[119.564569,23.563492],[119.564581,23.563499],[119.564905,23.563499],[119.564905,23.563472]]]}},{"type":"Feature","properties":{"id":"0681dd256ebd","NAME":"中山路","PSTART":"惠安一路","PEND":"中正路","SW_DIRECT":"2","SW_LENG":61.59,"SW_WTH":2.91,"SWW_WTH":1.25,"SW_RAMP":2,"VILL_NAME":"馬公市"},"geometry":{"type":"Polygon","coordinates":[[[119.565121,23.563676],[119.565111,23.563605],[119.565101,23.563591],[119.565071,23.563581],[119.564535,23.563582],[119.564511,23.563594],[119.5645,23.563617],[119.564503,23.563644],[119.564537,23.563642],[119.564571,23.563608],[119.565042,23.563608],[119.565078,23.563638],[119.565082,23.563679],[119.565121,23.563676]]]}},{"type":"Feature","properties":{"id":"c0e0960456c9","NAME":"中山路","PSTART":"新復路","PEND":"民族路","SW_DIRECT":"1","SW_LENG":98.34,"SW_WTH":2.83,"SWW_WTH":1.04,"SW_RAMP":1,"VILL_NAME":"馬公市"},"geometry":{"type":"Polygon","coordinates":[[[119.563635,23.563392],[119.562856,23.563102],[119.562816,23.563093],[119.562795,23.563136],[119.562859,23.56314],[119.562904,23.563148],[119.563618,23.563413],[119.563643,23.563414],[119.56367,23.563404],[119.563688,23.563389],[119.563701,23.563368],[119.563702,23.56336],[119.563669,23.563359],[119.563669,23.563367],[119.56366,23.563374],[119.563662,23.563377],[119.563635,23.563392]]]}},{"type":"Feature","properties":{"id":"0e7ac16495f9","NAME":"中山路2巷","PSTART":"中山路","PEND":"惠民路","SW_DIRECT":"1","SW_LENG":83.08,"SW_WTH":1.91,"SWW_WTH":0.89,"SW_RAMP":0,"VILL_NAME":"馬公市"},"geometry":{"type":"Polygon","coordinates":[[[119.566706,23.564376],[119.566569,23.563738],[119.566572,23.563737],[119.566559,23.563671],[119.566553,23.563672],[119.566547,23.563641],[119.566531,23.563643],[119.566688,23.564379],[119.566706,23.564376]]]}},{"type":"Feature","properties":{"id":"0838fcdc25f4","NAME":"中山路2巷","PSTART":"中山路","PEND":"惠民路","SW_DIRECT":"2","SW_LENG":83.34,"SW_WTH":1.99,"SWW_WTH":0.91,"SW_RAMP":0,"VILL_NAME":"馬公市"},"geometry":{"type":"Polygon","coordinates":[[[119.566623,23.564398],[119.566464,23.56366],[119.56644,23.563664],[119.566445,23.563666],[119.566605,23.564402],[119.566623,23.564398]]]}},{"type":"Feature","properties":{"id":"0261e164ec82","NAME":"中正路","PSTART":"中山路","PEND":"惠安路","SW_DIRECT":"1","SW_LENG":30.41,"SW_WTH":4.24,"SWW_WTH":2.03,"SW_RAMP":1,"VILL_NAME":"馬公市"},"geometry":{"type":"Polygon","coordinates":[[[119.565257,23.563919],[119.565231,23.563665],[119.56519,23.563667],[119.565215,23.563916],[119.565223,23.563926],[119.565238,23.563936],[119.565274,23.563938],[119.565257,23.563919]]]}},{"type":"Feature","properties":{"id":"bae63c184798","NAME":"中正路","PSTART":"中山路","PEND":"惠安路","SW_DIRECT":"2","SW_LENG":35.26,"SW_WTH":4.06,"SWW_WTH":1.8,"SW_RAMP":1,"VILL_NAME":"馬公市"},"geometry":{"type":"Polygon","coordinates":[[[119.56515,23.563958],[119.565121,23.563676],[119.565082,23.563679],[119.565108,23.563943],[119.565096,23.563968],[119.565104,23.563999],[119.565124,23.563995],[119.565138,23.563986],[119.565148,23.563973],[119.56515,23.563958]]]}},{"type":"Feature","properties":{"id":"f4f7a9b0dc75","NAME":"中正路","PSTART":"中興路","PEND":"民生路","SW_DIRECT":"1","SW_LENG":58.85,"SW_WTH":3.79,"SWW_WTH":1.58,"SW_RAMP":1,"VILL_NAME":"馬公市"},"geometry":{"type":"Polygon","coordinates":[[[119.565617,23.567512],[119.56557,23.567045],[119.565587,23.567044],[119.565585,23.567027],[119.565599,23.567015],[119.565588,23.566977],[119.565556,23.566988],[119.565539,23.567004],[119.56553,23.56702],[119.565533,23.567052],[119.565551,23.567052],[119.56556,23.567133],[119.565545,23.567135],[119.565541,23.567139],[119.565545,23.567144],[119.56556,23.567142],[119.565569,23.567224],[119.565555,23.567226],[119.565551,23.56723],[119.565562,23.567329],[119.56558,23.567342],[119.56559,23.567433],[119.565573,23.56745],[119.56558,23.567516],[119.565617,23.567512]]]}},{"type":"Feature","properties":{"id":"881ceb34456f","NAME":"中正路","PSTART":"中興路","PEND":"民生路","SW_DIRECT":"2","SW_LENG":58.4,"SW_WTH":3.77,"SWW_WTH":2.19,"SW_RAMP":1,"VILL_NAME":"馬公市"},"geometry":{"type":"Polygon","coordinates":[[[119.565513,23.567541],[119.565462,23.56705],[119.56545,23.567033],[119.56543,23.567023],[119.565409,23.567022],[119.565379,23.567029],[119.565388,23.567053],[119.565429,23.56708],[119.565476,23.567543],[119.565513,23.567541]]]}},{"type":"Feature","properties":{"id":"4d74ed728480","NAME":"中正路","PSTART":"仁愛路","PEND":"光明路","SW_DIRECT":"2","SW_LENG":69.1,"SW_WTH":3.66,"SWW_WTH":1.48,"SW_RAMP":1,"VILL_NAME":"馬公市"},"geometry":{"type":"Polygon","coordinates":[[[119.565382,23.566248],[119.565368,23.566118],[119.565346,23.566091],[119.565336,23.565993],[119.56535,23.565945],[119.565321,23.565658],[119.565316,23.565647],[119.565304,23.565636],[119.56527,23.56563],[119.565239,23.565637],[119.565247,23.565667],[119.565285,23.565688],[119.565346,23.56625],[119.565382,23.566248]]]}},{"type":"Feature","properties":{"id":"906f63853c0b","NAME":"中正路","PSTART":"仁愛路","PEND":"光武街","SW_DIRECT":"1","SW_LENG":35.05,"SW_WTH":3.92,"SWW_WTH":1.72,"SW_RAMP":2,"VILL_NAME":"馬公市"},"geometry":{"type":"Polygon","coordinates":[[[119.565454,23.565899],[119.565429,23.56565],[119.565453,23.565617],[119.565444,23.565581],[119.565418,23.565587],[119.565401,23.565601],[119.565393,23.565615],[119.565389,23.565633],[119.565415,23.565902],[119.565454,23.565899]]]}},{"type":"Feature","properties":{"id":"d150ea609e34","NAME":"中正路","PSTART":"民生路","PEND":"樹德路","SW_DIRECT":"1","SW_LENG":124.02,"SW_WTH":3.17,"SWW_WTH":1.07,"SW_RAMP":3,"VILL_NAME":"馬公市"},"geometry":{"type":"MultiPolygon","coordinates":[[[[119.566446,23.568833],[119.566267,23.568213],[119.566243,23.56823],[119.566248,23.568257],[119.566411,23.568825],[119.566429,23.568854],[119.566452,23.568865],[119.566475,23.568854],[119.566446,23.568833]]],[[[119.566232,23.568101],[119.566139,23.567771],[119.566129,23.56777],[119.566116,23.567718],[119.566097,23.56772],[119.566199,23.568086],[119.566214,23.568099],[119.566232,23.568101]]]]}},{"type":"Feature","properties":{"id":"d7b948025b1b","NAME":"中正路","PSTART":"民生路","PEND":"樹德路","SW_DIRECT":"2","SW_LENG":123.35,"SW_WTH":3.32,"SWW_WTH":1.13,"SW_RAMP":0,"VILL_NAME":"馬公市"},"geometry":{"type":"Polygon","coordinates":[[[119.566317,23.568808],[119.566016,23.567754],[119.566009,23.567732],[119.565979,23.567737],[119.566284,23.568816],[119.566317,23.568808]]]}},{"type":"Feature","properties":{"id":"6d8d23cd13e9","NAME":"中正路","PSTART":"永興街","PEND":"中興路","SW_DIRECT":"1","SW_LENG":31.56,"SW_WTH":3.71,"SWW_WTH":1.52,"SW_RAMP":2,"VILL_NAME":"馬公市"},"geometry":{"type":"Polygon","coordinates":[[[119.565604,23.566926],[119.565596,23.566901],[119.56555,23.566874],[119.565531,23.566654],[119.565505,23.566666],[119.565495,23.566679],[119.565518,23.566897],[119.565533,23.566919],[119.565555,23.566931],[119.565574,23.566933],[119.565604,23.566926]]]}},{"type":"Feature","properties":{"id":"c60e121d8e77","NAME":"中正路","PSTART":"光明路","PEND":"中興路","SW_DIRECT":"2","SW_LENG":62.03,"SW_WTH":3.68,"SWW_WTH":1.48,"SW_RAMP":1,"VILL_NAME":"馬公市"},"geometry":{"type":"Polygon","coordinates":[[[119.56545,23.566931],[119.565398,23.56641],[119.565359,23.566413],[119.565363,23.566456],[119.565368,23.566456],[119.565373,23.5665],[119.565377,23.566499],[119.56539,23.566597],[119.565381,23.566598],[119.565405,23.566835],[119.565401,23.566836],[119.565408,23.566915],[119.565381,23.566952],[119.565388,23.56698],[119.565414,23.566974],[119.56543,23.566964],[119.565443,23.566949],[119.56545,23.566931]]]}},{"type":"Feature","properties":{"id":"26b7372758c2","NAME":"中正路","PSTART":"光明路","PEND":"永興街","SW_DIRECT":"1","SW_LENG":23.88,"SW_WTH":4.27,"SWW_WTH":2.09,"SW_RAMP":2,"VILL_NAME":"馬公市"},"geometry":{"type":"Polygon","coordinates":[[[119.565525,23.566588],[119.565508,23.566375],[119.565464,23.566379],[119.565485,23.566582],[119.565499,23.56659],[119.565525,23.566588]]]}},{"type":"Feature","properties":{"id":"8e0f3422279d","NAME":"中正路","PSTART":"光武街","PEND":"光明路","SW_DIRECT":"1","SW_LENG":27.11,"SW_WTH":3.73,"SWW_WTH":1.54,"SW_RAMP":0,"VILL_NAME":"馬公市"},"geometry":{"type":"Polygon","coordinates":[[[119.565483,23.56621],[119.565459,23.565966],[119.565426,23.56597],[119.565423,23.565973],[119.565447,23.566213],[119.565483,23.56621]]]}},{"type":"Feature","properties":{"id":"8cc46de8e7e6","NAME":"中正路","PSTART":"惠民路","PEND":"仁愛路","SW_DIRECT":"1","SW_LENG":75.92,"SW_WTH":3.89,"SWW_WTH":2.21,"SW_RAMP":1,"VILL_NAME":"馬公市"},"geometry":{"type":"Polygon","coordinates":[[[119.565377,23.56513],[119.565342,23.564839],[119.565309,23.564842],[119.565374,23.565482],[119.565382,23.565499],[119.565396,23.56551],[119.565411,23.565516],[119.565435,23.565517],[119.565465,23.565511],[119.565455,23.565474],[119.565441,23.565478],[119.565439,23.565471],[119.565408,23.565455],[119.565377,23.56513]]]}},{"type":"Feature","properties":{"id":"7820e7a58ef1","NAME":"中正路","PSTART":"惠民路","PEND":"仁愛路","SW_DIRECT":"2","SW_LENG":74.96,"SW_WTH":3.91,"SWW_WTH":1.69,"SW_RAMP":2,"VILL_NAME":"馬公市"},"geometry":{"type":"Polygon","coordinates":[[[119.565307,23.565505],[119.565242,23.564865],[119.565202,23.564869],[119.565268,23.565493],[119.565266,23.565497],[119.565262,23.565494],[119.565238,23.565527],[119.565244,23.56555],[119.565282,23.565543],[119.565301,23.565526],[119.565307,23.565505]]]}},{"type":"Feature","properties":{"id":"f10c2a29748b","NAME":"中正路","PSTART":"惠安路","PEND":"惠民路","SW_DIRECT":"1","SW_LENG":68.89,"SW_WTH":4.39,"SWW_WTH":1.97,"SW_RAMP":2,"VILL_NAME":"馬公市"},"geometry":{"type":"Polygon","coordinates":[[[119.565327,23.564618],[119.565268,23.564007],[119.565279,23.563994],[119.565248,23.564],[119.565234,23.564013],[119.565226,23.564027],[119.565285,23.56461],[119.565291,23.564617],[119.56531,23.564619],[119.565327,23.564618]]]}},{"type":"Feature","properties":{"id":"22f2759d6ebf","NAME":"中正路","PSTART":"惠安路","PEND":"惠民路","SW_DIRECT":"2","SW_LENG":75.58,"SW_WTH":3.96,"SWW_WTH":1.77,"SW_RAMP":1,"VILL_NAME":"馬公市"},"geometry":{"type":"Polygon","coordinates":[[[119.565226,23.564713],[119.565189,23.564347],[119.565171,23.564317],[119.565161,23.564218],[119.565172,23.564188],[119.56516,23.564061],[119.565144,23.564038],[119.565117,23.564033],[119.565078,23.564041],[119.565085,23.564072],[119.565125,23.564084],[119.565147,23.564277],[119.565143,23.564278],[119.565164,23.564508],[119.565187,23.564716],[119.565226,23.564713]]]}},{"type":"Feature","properties":{"id":"189d80e54f30","NAME":"中正路","PSTART":"樹德路","PEND":"治平路","SW_DIRECT":"1","SW_LENG":33.58,"SW_WTH":1.12,"SWW_WTH":1.12,"SW_RAMP":0,"VILL_NAME":"馬公市"},"geometry":{"type":"Polygon","coordinates":[[[119.56652,23.569339],[119.566483,23.569038],[119.566471,23.569038],[119.566509,23.56934],[119.56652,23.569339]]]}},{"type":"Feature","properties":{"id":"1caae59c32f4","NAME":"中正路","PSTART":"臨海路","PEND":"中山路","SW_DIRECT":"1","SW_LENG":44.67,"SW_WTH":7.2,"SWW_WTH":3.78,"SW_RAMP":1,"VILL_NAME":"馬公市"},"geometry":{"type":"Polygon","coordinates":[[[119.565275,23.563361],[119.565255,23.563163],[119.565266,23.563154],[119.565265,23.563141],[119.565224,23.563144],[119.565209,23.563153],[119.565192,23.563172],[119.565187,23.563185],[119.565207,23.563383],[119.565342,23.563497],[119.565368,23.563498],[119.565368,23.563484],[119.565296,23.563428],[119.56529,23.563419],[119.565284,23.563376],[119.565275,23.563361]]]}},{"type":"Feature","properties":{"id":"235643459d48","NAME":"中正路","PSTART":"臨海路","PEND":"中山路","SW_DIRECT":"2","SW_LENG":32.11,"SW_WTH":2.74,"SWW_WTH":2.74,"SW_RAMP":2,"VILL_NAME":"馬公市"},"geometry":{"type":"Polygon","coordinates":[[[119.564973,23.563448],[119.564994,23.563406],[119.564971,23.56325],[119.564958,23.563235],[119.564932,23.563232],[119.564947,23.56325],[119.564967,23.563402],[119.564946,23.56344],[119.564914,23.563472],[119.564905,23.563472],[119.564905,23.563499],[119.564937,23.563485],[119.564973,23.563448]]]}},{"type":"Feature","properties":{"id":"67a84705242d","NAME":"中華路","PSTART":"大仁街","PEND":"大勇街","SW_DIRECT":"2","SW_LENG":32.0,"SW_WTH":4.0,"SWW_WTH":2.2,"SW_RAMP":0,"VILL_NAME":"馬公市"},"geometry":{"type":"Polygon","coordinates":[[[119.572514,23.571086],[119.572523,23.571072],[119.572678,23.571169],[119.572678,23.571178],[119.572698,23.571179],[119.572697,23.571151],[119.57268,23.571132],[119.57264,23.571108],[119.572508,23.571043],[119.572481,23.571033],[119.572434,23.571026],[119.57241,23.571034],[119.572395,23.571057],[119.572445,23.571047],[119.572514,23.571086]]]}},{"type":"Feature","properties":{"id":"2a5e07791245","NAME":"中華路","PSTART":"大智街","PEND":"大智街18巷10弄","SW_DIRECT":"2","SW_LENG":21.42,"SW_WTH":2.0,"SWW_WTH":2.0,"SW_RAMP":0,"VILL_NAME":"馬公市"},"geometry":{"type":"Polygon","coordinates":[[[119.571883,23.570611],[119.571731,23.570485],[119.571714,23.570494],[119.571872,23.570623],[119.571883,23.570611]]]}},{"type":"Feature","properties":{"id":"f823d050cf7d","NAME":"中華路","PSTART":"大智街18巷10弄","PEND":"大智街18巷20弄","SW_DIRECT":"2","SW_LENG":15.37,"SW_WTH":2.1,"SWW_WTH":1.22,"SW_RAMP":0,"VILL_NAME":"馬公市"},"geometry":{"type":"Polygon","coordinates":[[[119.572092,23.570781],[119.571987,23.570692],[119.571976,23.570694],[119.571967,23.570702],[119.572079,23.570795],[119.572092,23.570781]]]}},{"type":"Feature","properties":{"id":"25ed3bf31906","NAME":"中華路","PSTART":"大智街18巷20弄","PEND":"大仁街","SW_DIRECT":"2","SW_LENG":19.87,"SW_WTH":2.33,"SWW_WTH":1.34,"SW_RAMP":0,"VILL_NAME":"馬公市"},"geometry":{"type":"Polygon","coordinates":[[[119.572317,23.570967],[119.572315,23.57096],[119.572186,23.570855],[119.572173,23.570852],[119.572157,23.570861],[119.572305,23.57098],[119.572317,23.570967]]]}},{"type":"Feature","properties":{"id":"87375f77ee01","NAME":"中華路","PSTART":"中華路","PEND":"文學路","SW_DIRECT":"1","SW_LENG":548.5,"SW_WTH":3.26,"SWW_WTH":0.92,"SW_RAMP":4,"VILL_NAME":"馬公市"},"geometry":{"type":"MultiPolygon","coordinates":[[[[119.582411,23.569331],[119.582343,23.569393],[119.582292,23.569464],[119.581912,23.569829],[119.581697,23.569972],[119.581177,23.570306],[119.58118,23.570311],[119.5812,23.570325],[119.581825,23.569924],[119.581928,23.569853],[119.582122,23.569681],[119.582323,23.56951],[119.582313,23.569499],[119.582427,23.569389],[119.582425,23.569355],[119.582411,23.569331]]],[[[119.582512,23.569295],[119.582887,23.568904],[119.582896,23.568889],[119.582913,23.568823],[119.582884,23.568817],[119.582868,23.568881],[119.582576,23.569184],[119.582531,23.569213],[119.58246,23.56928],[119.582485,23.569293],[119.582512,23.569295]]],[[[119.581036,23.570397],[119.580683,23.57062],[119.580689,23.57063],[119.580698,23.570636],[119.580705,23.570636],[119.580808,23.570575],[119.581038,23.570428],[119.581042,23.570415],[119.581036,23.570397]]],[[[119.580591,23.570677],[119.580192,23.570902],[119.57977,23.571122],[119.579784,23.571143],[119.58021,23.57092],[119.580401,23.570815],[119.580587,23.570707],[119.580594,23.570695],[119.580591,23.570677]]],[[[119.579748,23.571161],[119.579735,23.571138],[119.579414,23.571307],[119.579256,23.571384],[119.579145,23.571431],[119.578783,23.571565],[119.578802,23.571582],[119.578812,23.571584],[119.579156,23.571455],[119.579268,23.571407],[119.579428,23.57133],[119.579748,23.571161]]],[[[119.578705,23.571624],[119.578727,23.571612],[119.578723,23.571589],[119.57863,23.571623],[119.578624,23.571616],[119.578606,23.571628],[119.578619,23.571638],[119.578643,23.571642],[119.578705,23.571624]]]]}},{"type":"Feature","properties":{"id":"3096d502775c","NAME":"中華路","PSTART":"中華路133巷","PEND":"大勇街","SW_DIRECT":"2","SW_LENG":40.42,"SW_WTH":1.96,"SWW_WTH":1.96,"SW_RAMP":1,"VILL_NAME":"馬公市"},"geometry":{"type":"Polygon","coordinates":[[[119.573202,23.571416],[119.573197,23.571399],[119.572869,23.571236],[119.572843,23.571243],[119.5732,23.57142],[119.573202,23.571416]]]}},{"type":"Feature","properties":{"id":"708ab6a4291a","NAME":"中華路","PSTART":"中華路133巷","PEND":"永和街","SW_DIRECT":"2","SW_LENG":40.96,"SW_WTH":1.9,"SWW_WTH":1.09,"SW_RAMP":0,"VILL_NAME":"馬公市"},"geometry":{"type":"Polygon","coordinates":[[[119.573594,23.571605],[119.573581,23.57159],[119.573265,23.571433],[119.573248,23.571426],[119.573235,23.571438],[119.573519,23.571579],[119.57359,23.571612],[119.573594,23.571605]]]}},{"type":"Feature","properties":{"id":"9bebb3259109","NAME":"中華路","PSTART":"中華路200巷","PEND":"同和路","SW_DIRECT":"1","SW_LENG":57.5,"SW_WTH":1.81,"SWW_WTH":1.2,"SW_RAMP":0,"VILL_NAME":"馬公市"},"geometry":{"type":"Polygon","coordinates":[[[119.576078,23.572212],[119.575673,23.572006],[119.57558,23.571963],[119.575581,23.57198],[119.576068,23.572226],[119.576078,23.572212]]]}},{"type":"Feature","properties":{"id":"0911362a07e2","NAME":"中華路","PSTART":"中華路291巷","PEND":"中華路311巷","SW_DIRECT":"2","SW_LENG":41.43,"SW_WTH":3.2,"SWW_WTH":1.83,"SW_RAMP":2,"VILL_NAME":"馬公市"},"geometry":{"type":"Polygon","coordinates":[[[119.57784,23.572115],[119.57822,23.571972],[119.578209,23.571956],[119.578198,23.571952],[119.578188,23.571953],[119.577839,23.572084],[119.577837,23.572105],[119.57784,23.572115]]]}},{"type":"Feature","properties":{"id":"d1072ab9ad96","NAME":"中華路","PSTART":"中華路311巷","PEND":"朝陽路","SW_DIRECT":"2","SW_LENG":70.86,"SW_WTH":3.0,"SWW_WTH":2.3,"SW_RAMP":0,"VILL_NAME":"馬公市"},"geometry":{"type":"Polygon","coordinates":[[[119.578281,23.571947],[119.578901,23.571716],[119.578929,23.571705],[119.578914,23.57169],[119.578898,23.571687],[119.578285,23.571917],[119.578277,23.571925],[119.578277,23.57194],[119.578281,23.571947]]]}},{"type":"Feature","properties":{"id":"60d31362d4bf","NAME":"中華路","PSTART":"中華路62巷","PEND":"中華路200巷","SW_DIRECT":"1","SW_LENG":291.53,"SW_WTH":1.95,"SWW_WTH":0.7,"SW_RAMP":0,"VILL_NAME":"馬公市"},"geometry":{"type":"MultiPolygon","coordinates":[[[[119.575227,23.571808],[119.573971,23.571593],[119.573905,23.571577],[119.573784,23.571543],[119.573707,23.571516],[119.573581,23.571461],[119.57301,23.571176],[119.573004,23.571186],[119.573006,23.571194],[119.573589,23.571485],[119.573719,23.571539],[119.573826,23.571574],[119.573982,23.571612],[119.575222,23.571825],[119.575345,23.571864],[119.575444,23.571909],[119.575533,23.571955],[119.575543,23.571954],[119.575553,23.571946],[119.575375,23.571858],[119.575306,23.571831],[119.575227,23.571808]]],[[[119.572803,23.571074],[119.572661,23.571002],[119.572663,23.571022],[119.572787,23.571085],[119.572803,23.571074]]]]}},{"type":"Feature","properties":{"id":"83ca935098c2","NAME":"中華路","PSTART":"中華路62巷","PEND":"中華路62巷","SW_DIRECT":"1","SW_LENG":90.49,"SW_WTH":1.99,"SWW_WTH":1.16,"SW_RAMP":1,"VILL_NAME":"馬公市"},"geometry":{"type":"Polygon","coordinates":[[[119.572507,23.570938],[119.572512,23.570928],[119.572415,23.570881],[119.572373,23.570854],[119.571832,23.570412],[119.571826,23.570418],[119.571828,23.570432],[119.572374,23.570878],[119.572498,23.570939],[119.572507,23.570938]]]}},{"type":"Feature","properties":{"id":"70a07940c183","NAME":"中華路","PSTART":"水源路","PEND":"北辰街","SW_DIRECT":"1","SW_LENG":28.48,"SW_WTH":1.51,"SWW_WTH":1.11,"SW_RAMP":2,"VILL_NAME":"馬公市"},"geometry":{"type":"Polygon","coordinates":[[[119.571248,23.570023],[119.571145,23.569972],[119.571088,23.569959],[119.57105,23.569941],[119.571048,23.56993],[119.571079,23.569879],[119.571019,23.56988],[119.570996,23.569915],[119.571002,23.569929],[119.571096,23.569975],[119.571139,23.569985],[119.571241,23.570035],[119.571248,23.570023]]]}},{"type":"Feature","properties":{"id":"ceb17379981c","NAME":"中華路","PSTART":"北辰街","PEND":"大智街","SW_DIRECT":"2","SW_LENG":26.0,"SW_WTH":1.95,"SWW_WTH":1.19,"SW_RAMP":0,"VILL_NAME":"馬公市"},"geometry":{"type":"Polygon","coordinates":[[[119.571444,23.570262],[119.571415,23.570265],[119.571383,23.570284],[119.571399,23.570302],[119.571413,23.570291],[119.571456,23.570286],[119.571587,23.570392],[119.571601,23.570381],[119.571466,23.570271],[119.571444,23.570262]]]}},{"type":"Feature","properties":{"id":"1867017b65ec","NAME":"中華路","PSTART":"北辰街","PEND":"中華路62巷","SW_DIRECT":"1","SW_LENG":24.52,"SW_WTH":1.91,"SWW_WTH":0.88,"SW_RAMP":0,"VILL_NAME":"馬公市"},"geometry":{"type":"Polygon","coordinates":[[[119.571729,23.570344],[119.571744,23.57034],[119.571566,23.570192],[119.571545,23.5702],[119.571712,23.570338],[119.571729,23.570344]]]}},{"type":"Feature","properties":{"id":"e348e82e7730","NAME":"中華路","PSTART":"民福路","PEND":"新村路","SW_DIRECT":"1","SW_LENG":152.2,"SW_WTH":2.01,"SWW_WTH":1.57,"SW_RAMP":2,"VILL_NAME":"馬公市"},"geometry":{"type":"Polygon","coordinates":[[[119.570283,23.569571],[119.570306,23.569567],[119.570329,23.569548],[119.57031,23.569538],[119.570292,23.569552],[119.570272,23.569553],[119.56989,23.569361],[119.569193,23.568768],[119.569197,23.568718],[119.569183,23.568706],[119.56918,23.568709],[119.569171,23.568723],[119.569168,23.568738],[119.56917,23.56876],[119.569177,23.568778],[119.569882,23.569375],[119.570254,23.569565],[119.570283,23.569571]]]}},{"type":"Feature","properties":{"id":"fad3b6cad4d4","NAME":"中華路","PSTART":"永和街","PEND":"陽明路","SW_DIRECT":"2","SW_LENG":230.49,"SW_WTH":1.78,"SWW_WTH":1.15,"SW_RAMP":0,"VILL_NAME":"馬公市"},"geometry":{"type":"Polygon","coordinates":[[[119.575975,23.57229],[119.57536,23.571977],[119.575298,23.571951],[119.575224,23.571926],[119.575147,23.571908],[119.574064,23.571725],[119.573854,23.571684],[119.573831,23.571688],[119.573829,23.571694],[119.573924,23.571718],[119.574059,23.571743],[119.575144,23.571924],[119.575197,23.571936],[119.575299,23.571968],[119.575357,23.571993],[119.575965,23.572304],[119.575975,23.57229]]]}},{"type":"Feature","properties":{"id":"22b7119d3088","NAME":"中華路","PSTART":"同和路","PEND":"中華路","SW_DIRECT":"1","SW_LENG":196.95,"SW_WTH":4.19,"SWW_WTH":0.96,"SW_RAMP":1,"VILL_NAME":"馬公市"},"geometry":{"type":"Polygon","coordinates":[[[119.576889,23.572282],[119.576941,23.572276],[119.577033,23.572248],[119.578451,23.571719],[119.578469,23.571701],[119.578472,23.571682],[119.577821,23.571925],[119.577817,23.571917],[119.577467,23.572045],[119.577045,23.572205],[119.577026,23.572224],[119.576966,23.572246],[119.576908,23.572257],[119.576838,23.572256],[119.576797,23.572248],[119.576759,23.572235],[119.57672,23.572217],[119.576685,23.572193],[119.576668,23.572211],[119.576713,23.572241],[119.576773,23.572266],[119.576832,23.572279],[119.576889,23.572282]]]}},{"type":"Feature","properties":{"id":"9687323949bc","NAME":"中華路","PSTART":"同和路","PEND":"同和路","SW_DIRECT":"1","SW_LENG":12.67,"SW_WTH":2.41,"SWW_WTH":2.41,"SW_RAMP":1,"VILL_NAME":"馬公市"},"geometry":{"type":"Polygon","coordinates":[[[119.576638,23.572243],[119.576614,23.572222],[119.576503,23.572226],[119.576501,23.572247],[119.576638,23.572243]]]}},{"type":"Feature","properties":{"id":"82cf35061de7","NAME":"中華路","PSTART":"林森路","PEND":"中華路291巷","SW_DIRECT":"2","SW_LENG":87.59,"SW_WTH":3.01,"SWW_WTH":1.33,"SW_RAMP":2,"VILL_NAME":"馬公市"},"geometry":{"type":"Polygon","coordinates":[[[119.577015,23.572421],[119.577736,23.572152],[119.577812,23.572124],[119.577806,23.57211],[119.577792,23.572102],[119.577017,23.572391],[119.577011,23.572403],[119.577013,23.572416],[119.577015,23.572421]]]}},{"type":"Feature","properties":{"id":"d46f5039a937","NAME":"中華路","PSTART":"治平路","PEND":"新村路","SW_DIRECT":"2","SW_LENG":43.09,"SW_WTH":1.99,"SWW_WTH":1.34,"SW_RAMP":0,"VILL_NAME":"馬公市"},"geometry":{"type":"Polygon","coordinates":[[[119.570187,23.569642],[119.569939,23.569517],[119.569809,23.569474],[119.569797,23.569488],[119.569935,23.569535],[119.570177,23.569658],[119.570187,23.569642]]]}},{"type":"Feature","properties":{"id":"531568ef59fc","NAME":"中華路","PSTART":"朝陽路","PEND":"六合路","SW_DIRECT":"2","SW_LENG":270.78,"SW_WTH":2.84,"SWW_WTH":0.6,"SW_RAMP":0,"VILL_NAME":"馬公市"},"geometry":{"type":"MultiPolygon","coordinates":[[[[119.580791,23.57076],[119.58086,23.570724],[119.580993,23.570642],[119.580981,23.570626],[119.58097,23.570623],[119.580775,23.570747],[119.580497,23.57091],[119.579779,23.571291],[119.579771,23.571305],[119.579775,23.571326],[119.580332,23.571037],[119.580678,23.570839],[119.580691,23.570826],[119.580794,23.570764],[119.580791,23.57076]]],[[[119.581685,23.570198],[119.58167,23.570178],[119.58103,23.570586],[119.581025,23.570601],[119.581031,23.570617],[119.581685,23.570198]]],[[[119.579715,23.571327],[119.579369,23.571503],[119.579248,23.571555],[119.579067,23.571625],[119.57906,23.571633],[119.579056,23.571658],[119.579262,23.571579],[119.579385,23.571525],[119.579476,23.57148],[119.579738,23.571344],[119.579729,23.571333],[119.579715,23.571327]]]]}},{"type":"Feature","properties":{"id":"989249ab3444","NAME":"中華路","PSTART":"新村路","PEND":"水源路","SW_DIRECT":"1","SW_LENG":45.99,"SW_WTH":1.62,"SWW_WTH":1.03,"SW_RAMP":1,"VILL_NAME":"馬公市"},"geometry":{"type":"Polygon","coordinates":[[[119.570668,23.569771],[119.570822,23.569771],[119.570816,23.569765],[119.570815,23.569752],[119.570673,23.569754],[119.570636,23.569735],[119.570634,23.569738],[119.570455,23.569648],[119.570437,23.569608],[119.570422,23.569599],[119.570425,23.569632],[119.570442,23.569658],[119.570668,23.569771]]]}},{"type":"Feature","properties":{"id":"e0bf0cb37c16","NAME":"中華路","PSTART":"新村路","PEND":"北辰街","SW_DIRECT":"2","SW_LENG":110.0,"SW_WTH":1.95,"SWW_WTH":1.34,"SW_RAMP":0,"VILL_NAME":"馬公市"},"geometry":{"type":"Polygon","coordinates":[[[119.571212,23.570175],[119.57122,23.570161],[119.570366,23.569734],[119.570344,23.569729],[119.570308,23.569733],[119.570274,23.569743],[119.570252,23.569755],[119.570264,23.569773],[119.570297,23.569755],[119.570336,23.569751],[119.570372,23.569757],[119.571212,23.570175]]]}},{"type":"Feature","properties":{"id":"7425a596fe6b","NAME":"中華路","PSTART":"樹德路","PEND":"治平路","SW_DIRECT":"2","SW_LENG":87.36,"SW_WTH":1.86,"SWW_WTH":1.86,"SW_RAMP":1,"VILL_NAME":"馬公市"},"geometry":{"type":"Polygon","coordinates":[[[119.569646,23.569313],[119.569049,23.568805],[119.568998,23.568786],[119.568998,23.568801],[119.569039,23.568819],[119.569628,23.569316],[119.569646,23.569313]]]}},{"type":"Feature","properties":{"id":"6f1805417ebd","NAME":"中興路","PSTART":"中正路","PEND":"建國路","SW_DIRECT":"1","SW_LENG":59.34,"SW_WTH":2.74,"SWW_WTH":1.22,"SW_RAMP":0,"VILL_NAME":"馬公市"},"geometry":{"type":"Polygon","coordinates":[[[119.565604,23.566926],[119.565919,23.566847],[119.566164,23.566784],[119.566157,23.566761],[119.565596,23.566901],[119.565604,23.566926]]]}},{"type":"Feature","properties":{"id":"c78c8fe09858","NAME":"中興路","PSTART":"中正路","PEND":"建國路","SW_DIRECT":"2","SW_LENG":63.02,"SW_WTH":4.55,"SWW_WTH":1.32,"SW_RAMP":0,"VILL_NAME":"馬公市"},"geometry":{"type":"Polygon","coordinates":[[[119.565599,23.567015],[119.566195,23.566866],[119.566184,23.566827],[119.565588,23.566977],[119.565599,23.567015]]]}},{"type":"Feature","properties":{"id":"7e6a76ec2fcb","NAME":"中興路","PSTART":"民族路","PEND":"惠民一路","SW_DIRECT":"1","SW_LENG":53.5,"SW_WTH":1.9,"SWW_WTH":1.9,"SW_RAMP":2,"VILL_NAME":"馬公市"},"geometry":{"type":"Polygon","coordinates":[[[119.564312,23.567239],[119.56472,23.567138],[119.564731,23.567133],[119.564758,23.567104],[119.564763,23.56709],[119.564743,23.567091],[119.564715,23.56712],[119.564322,23.567216],[119.564282,23.567191],[119.56425,23.567196],[119.564257,23.567214],[119.564276,23.56723],[119.564291,23.567238],[119.564312,23.567239]]]}},{"type":"Feature","properties":{"id":"09e7a8250748","NAME":"中興路","PSTART":"民族路","PEND":"惠民一路","SW_DIRECT":"2","SW_LENG":20.66,"SW_WTH":2.29,"SWW_WTH":2.29,"SW_RAMP":0,"VILL_NAME":"馬公市"},"geometry":{"type":"Polygon","coordinates":[[[119.564598,23.567303],[119.564597,23.567283],[119.564395,23.567286],[119.564395,23.567307],[119.564598,23.567303]]]}},{"type":"Feature","properties":{"id":"b90f1d8efa8f","NAME":"中興路","PSTART":"民權路","PEND":"民福路","SW_DIRECT":"1","SW_LENG":53.99,"SW_WTH":2.13,"SWW_WTH":2.13,"SW_RAMP":0,"VILL_NAME":"馬公市"},"geometry":{"type":"Polygon","coordinates":[[[119.567893,23.566521],[119.56825,23.566427],[119.568402,23.566387],[119.568396,23.56637],[119.567888,23.566501],[119.567893,23.566521]]]}},{"type":"Feature","properties":{"id":"8b9f2236abe2","NAME":"中興路","PSTART":"民權路","PEND":"民福路","SW_DIRECT":"2","SW_LENG":52.89,"SW_WTH":2.16,"SWW_WTH":2.16,"SW_RAMP":0,"VILL_NAME":"馬公市"},"geometry":{"type":"Polygon","coordinates":[[[119.567915,23.566596],[119.568414,23.566468],[119.56841,23.56645],[119.567911,23.566579],[119.567915,23.566596]]]}},{"type":"Feature","properties":{"id":"d457aad18880","NAME":"中興路","PSTART":"建國路","PEND":"文化路","SW_DIRECT":"2","SW_LENG":67.34,"SW_WTH":2.94,"SWW_WTH":1.4,"SW_RAMP":0,"VILL_NAME":"馬公市"},"geometry":{"type":"Polygon","coordinates":[[[119.566394,23.566822],[119.567052,23.566778],[119.567051,23.566752],[119.566392,23.566796],[119.566394,23.566822]]]}},{"type":"Feature","properties":{"id":"d24e12d6c74f","NAME":"中興路","PSTART":"建國路","PEND":"重慶街","SW_DIRECT":"1","SW_LENG":67.05,"SW_WTH":3.15,"SWW_WTH":1.64,"SW_RAMP":0,"VILL_NAME":"馬公市"},"geometry":{"type":"Polygon","coordinates":[[[119.566356,23.566753],[119.56701,23.566709],[119.567014,23.566683],[119.566358,23.566726],[119.566356,23.566753]]]}},{"type":"Feature","properties":{"id":"1a7a543c1fcb","NAME":"中興路","PSTART":"重慶街","PEND":"民權路","SW_DIRECT":"1","SW_LENG":49.71,"SW_WTH":2.97,"SWW_WTH":1.44,"SW_RAMP":0,"VILL_NAME":"馬公市"},"geometry":{"type":"Polygon","coordinates":[[[119.56721,23.566705],[119.56757,23.566612],[119.567679,23.566585],[119.567672,23.566561],[119.567202,23.566678],[119.56721,23.566705]]]}},{"type":"Feature","properties":{"id":"fc9946f9bd70","NAME":"中興路","PSTART":"重慶街","PEND":"民權路","SW_DIRECT":"2","SW_LENG":46.42,"SW_WTH":3.0,"SWW_WTH":1.47,"SW_RAMP":1,"VILL_NAME":"馬公市"},"geometry":{"type":"Polygon","coordinates":[[[119.567257,23.566766],[119.567696,23.566654],[119.567689,23.566629],[119.567264,23.566738],[119.567256,23.566744],[119.567255,23.566758],[119.567257,23.566766]]]}},{"type":"Feature","properties":{"id":"2db2c7a4ad7e","NAME":"中興路","PSTART":"惠民一路","PEND":"中正路","SW_DIRECT":"1","SW_LENG":58.11,"SW_WTH":3.03,"SWW_WTH":1.54,"SW_RAMP":1,"VILL_NAME":"馬公市"},"geometry":{"type":"Polygon","coordinates":[[[119.564878,23.567103],[119.565388,23.56698],[119.565386,23.566971],[119.565381,23.566952],[119.564951,23.56706],[119.56488,23.567082],[119.564879,23.567076],[119.564846,23.56705],[119.564827,23.567052],[119.564829,23.567066],[119.564841,23.567085],[119.564857,23.567097],[119.564878,23.567103]]]}},{"type":"Feature","properties":{"id":"10cf321f7683","NAME":"中興路","PSTART":"惠民一路","PEND":"中正路","SW_DIRECT":"2","SW_LENG":58.62,"SW_WTH":3.01,"SWW_WTH":1.37,"SW_RAMP":1,"VILL_NAME":"馬公市"},"geometry":{"type":"Polygon","coordinates":[[[119.564885,23.56718],[119.56496,23.567162],[119.565388,23.567053],[119.565379,23.567029],[119.56488,23.56715],[119.564857,23.567163],[119.564843,23.567186],[119.564841,23.567214],[119.564851,23.567231],[119.564861,23.567234],[119.564861,23.567208],[119.564885,23.56718]]]}},{"type":"Feature","properties":{"id":"305f5b1fd9b3","NAME":"仁愛路","PSTART":"中正路","PEND":"建國路","SW_DIRECT":"1","SW_LENG":53.55,"SW_WTH":4.09,"SWW_WTH":2.36,"SW_RAMP":1,"VILL_NAME":"馬公市"},"geometry":{"type":"Polygon","coordinates":[[[119.565465,23.565511],[119.565773,23.565441],[119.56577,23.565428],[119.565938,23.56539],[119.565942,23.565403],[119.565959,23.565402],[119.565969,23.565385],[119.565971,23.56536],[119.565691,23.565419],[119.565692,23.565422],[119.565455,23.565474],[119.565465,23.565511]]]}},{"type":"Feature","properties":{"id":"18205518892d","NAME":"仁愛路","PSTART":"中正路","PEND":"建國路","SW_DIRECT":"2","SW_LENG":59.91,"SW_WTH":3.97,"SWW_WTH":1.24,"SW_RAMP":1,"VILL_NAME":"馬公市"},"geometry":{"type":"Polygon","coordinates":[[[119.566026,23.565506],[119.566016,23.565489],[119.566001,23.565476],[119.565981,23.565467],[119.565957,23.565466],[119.565892,23.565481],[119.565895,23.565493],[119.565787,23.565519],[119.565783,23.565505],[119.565444,23.565581],[119.565453,23.565617],[119.565716,23.565557],[119.565717,23.565561],[119.565954,23.565509],[119.565993,23.565539],[119.565996,23.565598],[119.56603,23.565575],[119.566026,23.565506]]]}},{"type":"Feature","properties":{"id":"aff0bf319efc","NAME":"仁愛路","PSTART":"民族路","PEND":"惠民一路","SW_DIRECT":"1","SW_LENG":54.43,"SW_WTH":2.33,"SWW_WTH":1.03,"SW_RAMP":0,"VILL_NAME":"馬公市"},"geometry":{"type":"Polygon","coordinates":[[[119.564072,23.565814],[119.564589,23.565697],[119.564586,23.565676],[119.564067,23.565792],[119.564072,23.565814]]]}},{"type":"Feature","properties":{"id":"276fe8fed7dc","NAME":"仁愛路","PSTART":"民族路","PEND":"惠民一路","SW_DIRECT":"2","SW_LENG":59.56,"SW_WTH":2.36,"SWW_WTH":1.04,"SW_RAMP":0,"VILL_NAME":"馬公市"},"geometry":{"type":"Polygon","coordinates":[[[119.56408,23.56592],[119.564594,23.565804],[119.564631,23.565829],[119.564648,23.565828],[119.564647,23.565819],[119.56464,23.565807],[119.564621,23.565791],[119.564602,23.565784],[119.564586,23.565784],[119.564075,23.565899],[119.56408,23.56592]]]}},{"type":"Feature","properties":{"id":"95a37c7b7ce1","NAME":"仁愛路","PSTART":"民權路","PEND":"民福路","SW_DIRECT":"1","SW_LENG":56.29,"SW_WTH":2.97,"SWW_WTH":1.2,"SW_RAMP":1,"VILL_NAME":"馬公市"},"geometry":{"type":"Polygon","coordinates":[[[119.568095,23.56491],[119.568088,23.564884],[119.567599,23.564993],[119.567559,23.564974],[119.567552,23.564956],[119.567534,23.564962],[119.567546,23.564989],[119.567561,23.565006],[119.567581,23.565019],[119.567597,23.56502],[119.568095,23.56491]]]}},{"type":"Feature","properties":{"id":"9c04d2d28329","NAME":"仁愛路","PSTART":"民權路","PEND":"民福路","SW_DIRECT":"2","SW_LENG":56.16,"SW_WTH":2.88,"SWW_WTH":1.14,"SW_RAMP":1,"VILL_NAME":"馬公市"},"geometry":{"type":"Polygon","coordinates":[[[119.567889,23.565067],[119.568122,23.565014],[119.568122,23.565009],[119.568114,23.564989],[119.567623,23.5651],[119.567605,23.56511],[119.567593,23.565127],[119.567589,23.565143],[119.567593,23.565163],[119.567608,23.565161],[119.567634,23.565126],[119.567771,23.565094],[119.567774,23.565107],[119.567893,23.56508],[119.567889,23.565067]]]}},{"type":"Feature","properties":{"id":"a989f4386c7e","NAME":"仁愛路","PSTART":"建國路","PEND":"重慶街","SW_DIRECT":"1","SW_LENG":64.04,"SW_WTH":3.26,"SWW_WTH":1.52,"SW_RAMP":2,"VILL_NAME":"馬公市"},"geometry":{"type":"Polygon","coordinates":[[[119.566145,23.565357],[119.56671,23.56523],[119.566729,23.565217],[119.566739,23.565194],[119.566114,23.565334],[119.566123,23.56535],[119.566145,23.565357]]]}},{"type":"Feature","properties":{"id":"5c3da5d10b95","NAME":"仁愛路","PSTART":"建國路","PEND":"重慶街","SW_DIRECT":"2","SW_LENG":63.61,"SW_WTH":3.21,"SWW_WTH":1.19,"SW_RAMP":1,"VILL_NAME":"馬公市"},"geometry":{"type":"Polygon","coordinates":[[[119.566155,23.565476],[119.566162,23.565465],[119.566556,23.565358],[119.566699,23.565326],[119.566692,23.5653],[119.566401,23.565366],[119.566405,23.565379],[119.566192,23.565427],[119.566188,23.565414],[119.566133,23.565426],[119.566117,23.565436],[119.566106,23.565457],[119.566106,23.565489],[119.566137,23.56549],[119.566155,23.565476]]]}},{"type":"Feature","properties":{"id":"0f67e9c0abfa","NAME":"仁愛路","PSTART":"重慶街","PEND":"民權路","SW_DIRECT":"1","SW_LENG":69.36,"SW_WTH":3.84,"SWW_WTH":2.12,"SW_RAMP":2,"VILL_NAME":"馬公市"},"geometry":{"type":"Polygon","coordinates":[[[119.567472,23.565043],[119.567479,23.565018],[119.567467,23.564979],[119.567445,23.564986],[119.567416,23.565033],[119.566968,23.565137],[119.566969,23.565142],[119.566861,23.565166],[119.566817,23.565136],[119.566803,23.565138],[119.566809,23.56517],[119.566819,23.565186],[119.566839,23.565196],[119.56686,23.565196],[119.56744,23.565066],[119.567456,23.565059],[119.567472,23.565043]]]}},{"type":"Feature","properties":{"id":"4e8980a09735","NAME":"仁愛路","PSTART":"重慶街","PEND":"民權路","SW_DIRECT":"2","SW_LENG":70.65,"SW_WTH":3.63,"SWW_WTH":1.92,"SW_RAMP":1,"VILL_NAME":"馬公市"},"geometry":{"type":"Polygon","coordinates":[[[119.567512,23.565144],[119.567489,23.565127],[119.567456,23.565127],[119.567274,23.565169],[119.56728,23.565191],[119.567222,23.565204],[119.567216,23.565182],[119.566945,23.565243],[119.566948,23.565257],[119.566844,23.565281],[119.566847,23.5653],[119.567461,23.565161],[119.567506,23.565187],[119.567525,23.565184],[119.567512,23.565144]]]}},{"type":"Feature","properties":{"id":"7f0619b9376d","NAME":"仁愛路","PSTART":"惠民一路","PEND":"中正路","SW_DIRECT":"1","SW_LENG":52.26,"SW_WTH":2.78,"SWW_WTH":1.39,"SW_RAMP":0,"VILL_NAME":"馬公市"},"geometry":{"type":"Polygon","coordinates":[[[119.565244,23.56555],[119.565238,23.565527],[119.564744,23.565641],[119.564742,23.565636],[119.564745,23.565661],[119.565244,23.56555]]]}},{"type":"Feature","properties":{"id":"e5dc238dd19e","NAME":"仁愛路","PSTART":"惠民一路","PEND":"中正路","SW_DIRECT":"2","SW_LENG":55.83,"SW_WTH":2.38,"SWW_WTH":1.02,"SW_RAMP":0,"VILL_NAME":"馬公市"},"geometry":{"type":"Polygon","coordinates":[[[119.564749,23.56577],[119.565185,23.565672],[119.565246,23.565659],[119.565239,23.565637],[119.564737,23.56575],[119.564719,23.565774],[119.564714,23.565803],[119.564732,23.565801],[119.564732,23.565794],[119.564749,23.56577]]]}},{"type":"Feature","properties":{"id":"a556ba3757fb","NAME":"介壽路","PSTART":"介壽路","PEND":"中山路","SW_DIRECT":"2","SW_LENG":218.02,"SW_WTH":2.05,"SWW_WTH":2.03,"SW_RAMP":3,"VILL_NAME":"馬公市"},"geometry":{"type":"MultiPolygon","coordinates":[[[[119.558881,23.5625],[119.55886,23.562495],[119.558857,23.562506],[119.55874,23.562994],[119.558745,23.563046],[119.558753,23.563072],[119.558774,23.563111],[119.558798,23.56314],[119.558842,23.563174],[119.558898,23.563196],[119.559336,23.563279],[119.559753,23.563346],[119.559757,23.563328],[119.559343,23.563262],[119.558897,23.563177],[119.558849,23.563156],[119.558812,23.563127],[119.558788,23.563098],[119.558769,23.56306],[119.558761,23.563025],[119.558762,23.562987],[119.558881,23.5625]]],[[[119.560682,23.563932],[119.560706,23.563913],[119.560722,23.563883],[119.560721,23.563845],[119.560705,23.56382],[119.560611,23.563742],[119.560204,23.563445],[119.560124,23.5634],[119.560047,23.563371],[119.559974,23.563353],[119.559813,23.563328],[119.55981,23.563346],[119.55996,23.563369],[119.560038,23.563388],[119.560104,23.563411],[119.560184,23.563454],[119.560594,23.563753],[119.560694,23.563836],[119.560702,23.563852],[119.560703,23.563871],[119.5607,23.563888],[119.560689,23.563902],[119.560663,23.56392],[119.560581,23.563934],[119.560585,23.563952],[119.560682,23.563932]]]]}},{"type":"Feature","properties":{"id":"61fd71fc0c7a","NAME":"介壽路","PSTART":"介壽路","PEND":"中山路","SW_DIRECT":"3","SW_LENG":138.91,"SW_WTH":48.69,"SWW_WTH":0.95,"SW_RAMP":7,"VILL_NAME":"馬公市"},"geometry":{"type":"Polygon","coordinates":[[[119.559337,23.563131],[119.559346,23.563065],[119.559341,23.56306],[119.559331,23.563063],[119.559329,23.563077],[119.559027,23.56304],[119.559041,23.562929],[119.559045,23.562925],[119.559345,23.56296],[119.559344,23.562978],[119.559354,23.56298],[119.559358,23.562976],[119.559366,23.562921],[119.55905,23.562884],[119.559054,23.562838],[119.559042,23.562829],[119.55905,23.562775],[119.559063,23.562769],[119.559067,23.562729],[119.559071,23.562723],[119.559437,23.562763],[119.559445,23.56277],[119.559442,23.562801],[119.559447,23.562812],[119.559456,23.562818],[119.559497,23.562825],[119.559479,23.562976],[119.55947,23.562982],[119.559429,23.562979],[119.55942,23.562984],[119.559415,23.562993],[119.559393,23.563158],[119.559401,23.563175],[119.559422,23.563184],[119.559512,23.563198],[119.55955,23.563192],[119.55957,23.563184],[119.55959,23.563169],[119.559603,23.563151],[119.559612,23.563131],[119.559618,23.563088],[119.559607,23.563068],[119.559594,23.563062],[119.559503,23.563051],[119.559496,23.563045],[119.559524,23.562831],[119.559528,23.562825],[119.559626,23.562833],[119.559642,23.562822],[119.559652,23.562796],[119.559669,23.56279],[119.559755,23.562801],[119.559763,23.56281],[119.559767,23.562839],[119.559782,23.562852],[119.559872,23.562864],[119.559877,23.562872],[119.559847,23.563085],[119.559837,23.563091],[119.559752,23.563081],[119.559732,23.56309],[119.559725,23.563104],[119.559719,23.56316],[119.559724,23.563185],[119.559734,23.563204],[119.55976,23.563229],[119.559783,23.563241],[119.559987,23.563276],[119.560082,23.5633],[119.560174,23.563339],[119.560205,23.563356],[119.560233,23.563376],[119.560135,23.563215],[119.559864,23.563179],[119.559856,23.563175],[119.559901,23.562843],[119.559894,23.562828],[119.55985,23.562792],[119.559075,23.562701],[119.559044,23.562711],[119.559031,23.562727],[119.558987,23.563043],[119.558978,23.563056],[119.558965,23.563062],[119.55895,23.563064],[119.558937,23.563058],[119.558935,23.563078],[119.558961,23.563093],[119.558991,23.563103],[119.559301,23.563162],[119.559326,23.563156],[119.559337,23.563131]]]}},{"type":"Feature","properties":{"id":"70a1f13c1863","NAME":"介壽路","PSTART":"介壽路","PEND":"介壽路","SW_DIRECT":"1","SW_LENG":62.46,"SW_WTH":2.03,"SWW_WTH":1.42,"SW_RAMP":0,"VILL_NAME":"馬公市"},"geometry":{"type":"Polygon","coordinates":[[[119.558892,23.562949],[119.558995,23.562532],[119.558977,23.562528],[119.558872,23.562948],[119.558873,23.562977],[119.558885,23.563018],[119.558906,23.563052],[119.558935,23.563078],[119.558937,23.563058],[119.558917,23.563035],[119.5589,23.563003],[119.558892,23.562971],[119.558892,23.562949]]]}},{"type":"Feature","properties":{"id":"5076c8b2da91","NAME":"介壽路","PSTART":"介壽路","PEND":"無名","SW_DIRECT":"3","SW_LENG":117.97,"SW_WTH":1.96,"SWW_WTH":1.96,"SW_RAMP":0,"VILL_NAME":"馬公市"},"geometry":{"type":"Polygon","coordinates":[[[119.559034,23.562456],[119.559075,23.562421],[119.559125,23.562399],[119.559166,23.562392],[119.559254,23.562388],[119.559309,23.562412],[119.559377,23.562462],[119.559412,23.562491],[119.559503,23.562589],[119.559538,23.562612],[119.559584,23.562621],[119.559617,23.562624],[119.559809,23.562611],[119.559963,23.562609],[119.559967,23.562583],[119.559945,23.56258],[119.559626,23.562605],[119.559551,23.562596],[119.559533,23.56259],[119.559516,23.562575],[119.559435,23.562487],[119.559375,23.562436],[119.559306,23.562389],[119.559253,23.56237],[119.559139,23.562377],[119.559105,23.562386],[119.559064,23.562406],[119.559032,23.56243],[119.559008,23.562457],[119.558986,23.562493],[119.558977,23.562528],[119.558995,23.562532],[119.559012,23.562484],[119.559034,23.562456]]]}},{"type":"Feature","properties":{"id":"f8efcbe68b80","NAME":"介壽路","PSTART":"民生路","PEND":"民族路","SW_DIRECT":"1","SW_LENG":214.17,"SW_WTH":3.65,"SWW_WTH":1.42,"SW_RAMP":1,"VILL_NAME":"馬公市"},"geometry":{"type":"Polygon","coordinates":[[[119.564626,23.568809],[119.562973,23.567791],[119.562986,23.567751],[119.56299,23.567751],[119.562991,23.567705],[119.562954,23.567714],[119.562932,23.567734],[119.562924,23.567755],[119.562925,23.567781],[119.562935,23.567799],[119.562954,23.567816],[119.564575,23.568819],[119.564601,23.568842],[119.564626,23.568809]]]}},{"type":"Feature","properties":{"id":"05013218d163","NAME":"介壽路","PSTART":"新復路","PEND":"民生路","SW_DIRECT":"1","SW_LENG":418.45,"SW_WTH":2.08,"SWW_WTH":2.04,"SW_RAMP":4,"VILL_NAME":"馬公市"},"geometry":{"type":"MultiPolygon","coordinates":[[[[119.561858,23.566808],[119.561412,23.565451],[119.561403,23.565456],[119.561399,23.565476],[119.561839,23.566814],[119.561872,23.5669],[119.561905,23.566963],[119.561963,23.567051],[119.562052,23.567168],[119.562109,23.567231],[119.562174,23.567291],[119.562312,23.567393],[119.562694,23.567634],[119.562706,23.567619],[119.562323,23.567377],[119.562246,23.567323],[119.562178,23.567269],[119.562116,23.567211],[119.562072,23.567162],[119.561977,23.567036],[119.561924,23.566956],[119.561891,23.566893],[119.561858,23.566808]]],[[[119.561266,23.564907],[119.56124,23.564904],[119.561228,23.564892],[119.561018,23.564253],[119.561021,23.564239],[119.561029,23.564232],[119.561205,23.564181],[119.561206,23.564166],[119.56102,23.564219],[119.561003,23.564231],[119.560998,23.564252],[119.561209,23.564897],[119.561223,23.564914],[119.561244,23.564925],[119.561272,23.564922],[119.561266,23.564907]]],[[[119.561299,23.564991],[119.561292,23.564974],[119.561284,23.564976],[119.561262,23.564991],[119.561253,23.565007],[119.561253,23.565028],[119.561315,23.565218],[119.561323,23.565228],[119.561336,23.565231],[119.561339,23.56523],[119.561271,23.565023],[119.561278,23.565003],[119.561299,23.564991]]]]}},{"type":"Feature","properties":{"id":"fc36d6ef2c73","NAME":"介壽路","PSTART":"新復路","PEND":"民族路","SW_DIRECT":"2","SW_LENG":595.37,"SW_WTH":5.34,"SWW_WTH":1.26,"SW_RAMP":15,"VILL_NAME":"馬公市"},"geometry":{"type":"MultiPolygon","coordinates":[[[[119.563721,23.568367],[119.563127,23.568001],[119.563124,23.568005],[119.563113,23.567999],[119.563116,23.567994],[119.562922,23.567873],[119.562578,23.567649],[119.562394,23.567535],[119.562381,23.567553],[119.562258,23.567476],[119.562126,23.567382],[119.562063,23.567327],[119.561992,23.567255],[119.561848,23.567065],[119.561789,23.566966],[119.561744,23.566857],[119.561576,23.566345],[119.561599,23.566339],[119.561598,23.566335],[119.561588,23.56632],[119.561574,23.56631],[119.561557,23.566306],[119.561537,23.566307],[119.56172,23.566864],[119.561764,23.566969],[119.561799,23.567033],[119.561883,23.567155],[119.561964,23.567259],[119.56203,23.567327],[119.562158,23.567441],[119.562359,23.567583],[119.562394,23.567605],[119.562399,23.5676],[119.562404,23.567603],[119.562401,23.567607],[119.56252,23.567681],[119.562551,23.567691],[119.563735,23.56842],[119.56374,23.568405],[119.563739,23.568391],[119.563721,23.568367]]],[[[119.561128,23.564924],[119.561126,23.564901],[119.561102,23.564907],[119.561026,23.564677],[119.561017,23.56465],[119.561041,23.564644],[119.561038,23.564637],[119.561026,23.564621],[119.561014,23.564614],[119.561,23.564611],[119.560979,23.564612],[119.561094,23.564958],[119.561107,23.564952],[119.561121,23.56494],[119.561128,23.564924]]],[[[119.561499,23.566056],[119.561498,23.566031],[119.561474,23.566038],[119.561157,23.565073],[119.56118,23.565066],[119.561179,23.565063],[119.561169,23.565047],[119.561156,23.565037],[119.561134,23.565032],[119.561119,23.565034],[119.561466,23.566089],[119.561481,23.566082],[119.561493,23.56607],[119.561499,23.566056]]],[[[119.563858,23.568461],[119.563838,23.568465],[119.563818,23.56848],[119.564215,23.568721],[119.564222,23.568731],[119.564227,23.568725],[119.564231,23.568699],[119.564216,23.568673],[119.563885,23.568468],[119.563858,23.568461]]],[[[119.564354,23.568766],[119.564329,23.568774],[119.564322,23.56878],[119.564323,23.568786],[119.564691,23.569013],[119.56471,23.568999],[119.564676,23.568964],[119.564638,23.568935],[119.564375,23.568772],[119.564354,23.568766]]]]}},{"type":"Feature","properties":{"id":"539fffb31303","NAME":"公園路","PSTART":"頂新一路","PEND":"頂新三路","SW_DIRECT":"2","SW_LENG":107.66,"SW_WTH":6.01,"SWW_WTH":2.66,"SW_RAMP":6,"VILL_NAME":"馬公市"},"geometry":{"type":"Polygon","coordinates":[[[119.568064,23.578151],[119.568093,23.578137],[119.568102,23.578123],[119.568105,23.578108],[119.568086,23.577958],[119.56806,23.577944],[119.568041,23.577794],[119.568063,23.577774],[119.568029,23.577507],[119.568003,23.577493],[119.567984,23.577342],[119.568006,23.577323],[119.567993,23.577222],[119.567987,23.577208],[119.567974,23.577195],[119.56796,23.57719],[119.56794,23.577188],[119.567856,23.577203],[119.567868,23.577256],[119.567889,23.577257],[119.567936,23.577298],[119.567945,23.577311],[119.568038,23.578049],[119.568037,23.578063],[119.568027,23.578085],[119.568012,23.578099],[119.567995,23.578108],[119.568007,23.578162],[119.568064,23.578151]]]}},{"type":"Feature","properties":{"id":"a170d1edc531","NAME":"公園路","PSTART":"頂新三路","PEND":"頂新六路","SW_DIRECT":"2","SW_LENG":114.77,"SW_WTH":6.02,"SWW_WTH":2.75,"SW_RAMP":6,"VILL_NAME":"馬公市"},"geometry":{"type":"Polygon","coordinates":[[[119.568301,23.579239],[119.568349,23.579228],[119.568364,23.579218],[119.568376,23.579199],[119.568378,23.57918],[119.568351,23.579077],[119.568323,23.579067],[119.568257,23.578813],[119.568276,23.57879],[119.568236,23.578639],[119.56823,23.57864],[119.568228,23.578634],[119.568235,23.578633],[119.568204,23.578516],[119.568175,23.578504],[119.568136,23.578357],[119.568156,23.578335],[119.568135,23.578254],[119.568117,23.578232],[119.568092,23.578222],[119.568013,23.578234],[119.568024,23.578287],[119.568044,23.578286],[119.568064,23.578292],[119.568078,23.578301],[119.568091,23.578319],[119.56829,23.579075],[119.568286,23.579091],[119.568309,23.579166],[119.568301,23.579182],[119.568287,23.579186],[119.568301,23.579239]]]}},{"type":"Feature","properties":{"id":"e2fb6723cefb","NAME":"六合路","PSTART":"三多路","PEND":"四維路","SW_DIRECT":"2","SW_LENG":106.53,"SW_WTH":2.1,"SWW_WTH":0.82,"SW_RAMP":6,"VILL_NAME":"馬公市"},"geometry":{"type":"MultiPolygon","coordinates":[[[[119.580662,23.575202],[119.580577,23.575553],[119.580557,23.575573],[119.58054,23.575582],[119.580522,23.575584],[119.580525,23.575603],[119.580549,23.575597],[119.580575,23.575584],[119.580591,23.575566],[119.580597,23.575553],[119.58068,23.57521],[119.580662,23.575202]]],[[[119.580809,23.574639],[119.580796,23.57463],[119.580763,23.574771],[119.580784,23.574772],[119.580786,23.574762],[119.580812,23.574649],[119.580809,23.574639]]],[[[119.580764,23.574856],[119.580744,23.57485],[119.580675,23.575142],[119.580695,23.575144],[119.580697,23.575137],[119.580764,23.574856]]]]}},{"type":"Feature","properties":{"id":"fbe35c4203b2","NAME":"六合路","PSTART":"中華路","PEND":"六合路9巷","SW_DIRECT":"2","SW_LENG":76.65,"SW_WTH":1.84,"SWW_WTH":0.64,"SW_RAMP":4,"VILL_NAME":"馬公市"},"geometry":{"type":"MultiPolygon","coordinates":[[[[119.581771,23.570257],[119.581743,23.570391],[119.581692,23.570641],[119.581712,23.570632],[119.581788,23.570273],[119.58178,23.570261],[119.581771,23.570257]]],[[[119.581696,23.57071],[119.581681,23.570698],[119.581615,23.571013],[119.581631,23.571005],[119.581636,23.570999],[119.581696,23.57071]]]]}},{"type":"Feature","properties":{"id":"901653211de2","NAME":"六合路","PSTART":"六合路13巷","PEND":"六合路21巷","SW_DIRECT":"2","SW_LENG":242.87,"SW_WTH":2.1,"SWW_WTH":0.76,"SW_RAMP":4,"VILL_NAME":"馬公市"},"geometry":{"type":"MultiPolygon","coordinates":[[[[119.581519,23.572011],[119.581498,23.572011],[119.581509,23.572056],[119.581539,23.572152],[119.58157,23.572228],[119.581865,23.572783],[119.581874,23.572827],[119.581869,23.572874],[119.581846,23.572923],[119.581809,23.572961],[119.581371,23.573223],[119.581331,23.573258],[119.581281,23.573289],[119.581225,23.573339],[119.581179,23.573389],[119.581109,23.573482],[119.581116,23.573485],[119.581132,23.573484],[119.581173,23.573428],[119.58123,23.573363],[119.58128,23.573316],[119.581337,23.57327],[119.581828,23.572971],[119.581866,23.57293],[119.581889,23.572878],[119.581894,23.572845],[119.581893,23.572816],[119.581878,23.572763],[119.581601,23.572241],[119.581555,23.572135],[119.581519,23.572011]]],[[[119.581494,23.571655],[119.581481,23.571654],[119.581473,23.571756],[119.581489,23.571965],[119.581502,23.571963],[119.581509,23.571954],[119.581495,23.571803],[119.581494,23.571758],[119.581501,23.571661],[119.581494,23.571655]]]]}},{"type":"Feature","properties":{"id":"3f9eb091bd63","NAME":"六合路","PSTART":"六合路21巷","PEND":"六合路41巷","SW_DIRECT":"2","SW_LENG":42.9,"SW_WTH":2.19,"SWW_WTH":0.95,"SW_RAMP":2,"VILL_NAME":"馬公市"},"geometry":{"type":"Polygon","coordinates":[[[119.580964,23.573926],[119.580981,23.57392],[119.580988,23.573913],[119.58105,23.573661],[119.581088,23.573564],[119.581085,23.573555],[119.581072,23.573545],[119.581028,23.573656],[119.580964,23.573926]]]}},{"type":"Feature","properties":{"id":"45f96e4bb017","NAME":"六合路","PSTART":"六合路41巷","PEND":"三多路","SW_DIRECT":"2","SW_LENG":35.78,"SW_WTH":1.93,"SWW_WTH":1.27,"SW_RAMP":2,"VILL_NAME":"馬公市"},"geometry":{"type":"Polygon","coordinates":[[[119.580857,23.574416],[119.580869,23.574407],[119.580939,23.574116],[119.580934,23.574103],[119.580921,23.574093],[119.580869,23.57434],[119.580863,23.574339],[119.580845,23.574415],[119.580857,23.574416]]]}},{"type":"Feature","properties":{"id":"4c79d64282c5","NAME":"六合路","PSTART":"六合路9巷","PEND":"六合路13巷","SW_DIRECT":"2","SW_LENG":56.19,"SW_WTH":2.05,"SWW_WTH":0.83,"SW_RAMP":2,"VILL_NAME":"馬公市"},"geometry":{"type":"Polygon","coordinates":[[[119.581492,23.571588],[119.581507,23.571584],[119.581514,23.571576],[119.581614,23.571103],[119.581597,23.571086],[119.581501,23.57154],[119.581492,23.571588]]]}},{"type":"Feature","properties":{"id":"4046393c73e6","NAME":"六合路","PSTART":"澎湖科技大學","PEND":"六合路320巷","SW_DIRECT":"1","SW_LENG":28.87,"SW_WTH":2.51,"SWW_WTH":0.63,"SW_RAMP":0,"VILL_NAME":"馬公市"},"geometry":{"type":"Polygon","coordinates":[[[119.580678,23.57586],[119.58073,23.575642],[119.580739,23.575607],[119.580714,23.575603],[119.580654,23.575857],[119.580678,23.57586]]]}},{"type":"Feature","properties":{"id":"315f6fe19559","NAME":"六合路","PSTART":"縣道203","PEND":"澎湖科技大學","SW_DIRECT":"1","SW_LENG":606.5,"SW_WTH":4.49,"SWW_WTH":0.6,"SW_RAMP":9,"VILL_NAME":"馬公市"},"geometry":{"type":"MultiPolygon","coordinates":[[[[119.581705,23.571275],[119.581687,23.571276],[119.581684,23.571283],[119.581618,23.571596],[119.581603,23.571699],[119.581601,23.571829],[119.581617,23.571962],[119.581651,23.572092],[119.581696,23.572199],[119.581981,23.572737],[119.581994,23.57277],[119.581998,23.572793],[119.582001,23.57284],[119.581998,23.572877],[119.581987,23.572919],[119.581971,23.572956],[119.581943,23.572999],[119.581913,23.573032],[119.581858,23.573072],[119.581443,23.57332],[119.581379,23.573365],[119.581334,23.573403],[119.581269,23.573473],[119.581266,23.573488],[119.581279,23.573505],[119.581357,23.573419],[119.581438,23.573355],[119.581867,23.573099],[119.58192,23.573062],[119.581951,23.573034],[119.581977,23.573002],[119.582015,23.572925],[119.582007,23.572924],[119.58202,23.572866],[119.582022,23.572832],[119.582018,23.572783],[119.582011,23.572757],[119.581987,23.572703],[119.581703,23.572166],[119.581667,23.572075],[119.581637,23.571959],[119.581622,23.571835],[119.581623,23.571701],[119.581638,23.5716],[119.581705,23.571275]]],[[[119.581861,23.570543],[119.581846,23.570542],[119.581838,23.57055],[119.581771,23.570871],[119.581768,23.570888],[119.581784,23.570897],[119.581861,23.570543]]],[[[119.581754,23.57104],[119.581765,23.570957],[119.581752,23.57096],[119.581698,23.571231],[119.581713,23.571234],[119.581754,23.57104]]],[[[119.581073,23.574133],[119.581101,23.574014],[119.581113,23.574016],[119.581185,23.573717],[119.581173,23.573715],[119.581178,23.573698],[119.581211,23.573616],[119.581246,23.573551],[119.58124,23.573545],[119.581219,23.57355],[119.581206,23.573562],[119.581171,23.573635],[119.581144,23.573712],[119.580983,23.574391],[119.580985,23.574401],[119.581,23.574413],[119.58103,23.574418],[119.581084,23.574136],[119.581073,23.574133]]],[[[119.580753,23.575537],[119.580935,23.57478],[119.580922,23.574778],[119.580923,23.574774],[119.580903,23.574773],[119.580886,23.574793],[119.580713,23.575528],[119.580753,23.575537]]]]}},{"type":"Feature","properties":{"id":"350026b062b9","NAME":"文山路","PSTART":"大賢街","PEND":"民富街","SW_DIRECT":"2","SW_LENG":109.57,"SW_WTH":2.15,"SWW_WTH":1.3,"SW_RAMP":4,"VILL_NAME":"馬公市"},"geometry":{"type":"MultiPolygon","coordinates":[[[[119.583989,23.561424],[119.583813,23.561275],[119.583783,23.561273],[119.583966,23.561427],[119.584167,23.561618],[119.584171,23.561615],[119.584155,23.56158],[119.584126,23.561551],[119.583989,23.561424]]],[[[119.583526,23.560867],[119.583515,23.560871],[119.58357,23.560995],[119.583608,23.561065],[119.58368,23.561166],[119.58375,23.561242],[119.583753,23.561228],[119.583749,23.561215],[119.583684,23.56114],[119.583642,23.561082],[119.583598,23.561007],[119.583543,23.560886],[119.583526,23.560867]]]]}},{"type":"Feature","properties":{"id":"cdc9a4e565fe","NAME":"文山路","PSTART":"文山路","PEND":"文山路225巷","SW_DIRECT":"1","SW_LENG":679.0,"SW_WTH":2.19,"SWW_WTH":0.79,"SW_RAMP":10,"VILL_NAME":"馬公市"},"geometry":{"type":"MultiPolygon","coordinates":[[[[119.581339,23.558387],[119.581311,23.558361],[119.581109,23.558227],[119.580614,23.557914],[119.580594,23.557909],[119.580583,23.557902],[119.580586,23.557897],[119.580562,23.557886],[119.58053,23.557861],[119.580358,23.557754],[119.580022,23.55755],[119.579747,23.557395],[119.579475,23.557247],[119.579475,23.557265],[119.579482,23.557274],[119.579894,23.557497],[119.580474,23.557849],[119.581129,23.558264],[119.581316,23.558388],[119.581328,23.558391],[119.581339,23.558387]]],[[[119.577746,23.555983],[119.57656,23.554473],[119.576483,23.554371],[119.576475,23.554356],[119.576464,23.554363],[119.57646,23.554371],[119.576462,23.554379],[119.577718,23.555981],[119.577729,23.555986],[119.577746,23.555983]]],[[[119.578041,23.556361],[119.577769,23.556016],[119.577766,23.556019],[119.577759,23.556029],[119.577761,23.556036],[119.578034,23.556384],[119.578092,23.556451],[119.578176,23.556532],[119.578277,23.556613],[119.57834,23.556657],[119.578354,23.556658],[119.578365,23.556653],[119.578368,23.55665],[119.578322,23.556621],[119.578215,23.556539],[119.578114,23.556445],[119.578041,23.556361]]],[[[119.578719,23.556847],[119.578475,23.556714],[119.578476,23.556729],[119.578483,23.556739],[119.578698,23.556857],[119.578708,23.556858],[119.578719,23.556847]]],[[[119.579176,23.557091],[119.578764,23.556869],[119.578756,23.55688],[119.578759,23.55689],[119.579165,23.557107],[119.579171,23.557109],[119.579177,23.557105],[119.579181,23.557098],[119.579173,23.557094],[119.579176,23.557091]]],[[[119.579302,23.557158],[119.579235,23.557122],[119.579229,23.557134],[119.579231,23.557142],[119.579283,23.557169],[119.579293,23.557167],[119.579302,23.557158]]]]}},{"type":"Feature","properties":{"id":"8d73d659133b","NAME":"文山路","PSTART":"文山路","PEND":"經國路","SW_DIRECT":"2","SW_LENG":678.2,"SW_WTH":2.27,"SWW_WTH":0.85,"SW_RAMP":16,"VILL_NAME":"馬公市"},"geometry":{"type":"MultiPolygon","coordinates":[[[[119.576501,23.554678],[119.576487,23.554683],[119.577777,23.556332],[119.577786,23.556314],[119.577782,23.556303],[119.576512,23.554684],[119.576501,23.554678]]],[[[119.576457,23.554614],[119.576103,23.554166],[119.576093,23.554164],[119.576084,23.55417],[119.576448,23.554633],[119.576455,23.554629],[119.576459,23.554622],[119.576457,23.554614]]],[[[119.577974,23.556553],[119.577962,23.556557],[119.577988,23.556584],[119.578012,23.5566],[119.578082,23.55667],[119.578214,23.556773],[119.578337,23.556846],[119.57874,23.557065],[119.578746,23.557055],[119.578746,23.557045],[119.578349,23.556829],[119.578229,23.556757],[119.578107,23.556665],[119.57799,23.556558],[119.577974,23.556553]]],[[[119.5789,23.55713],[119.578879,23.557141],[119.578985,23.557196],[119.578989,23.557184],[119.578984,23.557173],[119.5789,23.55713]]],[[[119.579194,23.557284],[119.579178,23.557279],[119.579165,23.557282],[119.579161,23.557289],[119.579345,23.557385],[119.579348,23.557372],[119.579344,23.557363],[119.579194,23.557284]]],[[[119.579419,23.557404],[119.579402,23.557401],[119.579388,23.55741],[119.57958,23.557514],[119.579579,23.557497],[119.579569,23.557484],[119.579419,23.557404]]],[[[119.579667,23.557537],[119.579649,23.557531],[119.579633,23.55754],[119.579734,23.557589],[119.579732,23.557578],[119.579725,23.557569],[119.579667,23.557537]]],[[[119.579923,23.557682],[119.579907,23.557678],[119.579893,23.557687],[119.580144,23.557837],[119.580146,23.557835],[119.580148,23.557823],[119.580143,23.557814],[119.579923,23.557682]]],[[[119.580241,23.557878],[119.580221,23.557885],[119.580557,23.558095],[119.58056,23.558083],[119.580557,23.558072],[119.580254,23.557881],[119.580241,23.557878]]],[[[119.580617,23.558114],[119.580599,23.558121],[119.580879,23.5583],[119.580881,23.558297],[119.580883,23.558284],[119.580875,23.558274],[119.580632,23.558119],[119.580617,23.558114]]]]}},{"type":"Feature","properties":{"id":"3f888683b4da","NAME":"文山路","PSTART":"文山路103巷","PEND":"文山路77巷","SW_DIRECT":"1","SW_LENG":88.17,"SW_WTH":1.91,"SWW_WTH":1.43,"SW_RAMP":2,"VILL_NAME":"馬公市"},"geometry":{"type":"Polygon","coordinates":[[[119.583646,23.56058],[119.583663,23.560561],[119.583606,23.559779],[119.583602,23.559779],[119.583589,23.559785],[119.583587,23.559799],[119.583646,23.56058]]]}},{"type":"Feature","properties":{"id":"13c80d0c4900","NAME":"文山路","PSTART":"文山路151巷","PEND":"文山路","SW_DIRECT":"1","SW_LENG":87.73,"SW_WTH":2.23,"SWW_WTH":1.06,"SW_RAMP":4,"VILL_NAME":"馬公市"},"geometry":{"type":"MultiPolygon","coordinates":[[[[119.583459,23.559536],[119.583035,23.55933],[119.58303,23.55934],[119.583035,23.559353],[119.583443,23.559551],[119.583451,23.559549],[119.583459,23.559536]]],[[[119.582957,23.559294],[119.582618,23.559129],[119.582614,23.559139],[119.582619,23.559151],[119.582933,23.559303],[119.582945,23.559305],[119.582957,23.559294]]]]}},{"type":"Feature","properties":{"id":"462bac2d4632","NAME":"文山路","PSTART":"文山路198巷","PEND":"大賢街","SW_DIRECT":"2","SW_LENG":39.33,"SW_WTH":2.09,"SWW_WTH":2.06,"SW_RAMP":3,"VILL_NAME":"馬公市"},"geometry":{"type":"MultiPolygon","coordinates":[[[[119.583497,23.56067],[119.583478,23.560422],[119.583458,23.560424],[119.583477,23.560684],[119.58349,23.560682],[119.583497,23.56067]]],[[[119.583451,23.560292],[119.583456,23.560395],[119.583475,23.560394],[119.58347,23.560314],[119.583451,23.560292]]]]}},{"type":"Feature","properties":{"id":"2f57d221f032","NAME":"文山路","PSTART":"文山路225巷","PEND":"文山路151巷","SW_DIRECT":"1","SW_LENG":122.74,"SW_WTH":1.98,"SWW_WTH":0.95,"SW_RAMP":2,"VILL_NAME":"馬公市"},"geometry":{"type":"MultiPolygon","coordinates":[[[[119.582363,23.559003],[119.582151,23.558891],[119.581928,23.558762],[119.581916,23.558777],[119.58218,23.558928],[119.582418,23.559053],[119.582546,23.559116],[119.582557,23.559114],[119.582566,23.559104],[119.582363,23.559003]]],[[[119.581811,23.55869],[119.581431,23.558439],[119.581432,23.558465],[119.581807,23.558709],[119.581811,23.55869]]]]}},{"type":"Feature","properties":{"id":"e40c501ee6ba","NAME":"文山路","PSTART":"文山路358巷","PEND":"民裕街","SW_DIRECT":"2","SW_LENG":96.86,"SW_WTH":1.97,"SWW_WTH":1.97,"SW_RAMP":2,"VILL_NAME":"馬公市"},"geometry":{"type":"Polygon","coordinates":[[[119.582357,23.559204],[119.58236,23.559193],[119.582355,23.559183],[119.582148,23.559075],[119.581949,23.558965],[119.581732,23.558835],[119.581577,23.558735],[119.581561,23.558733],[119.581551,23.55874],[119.58176,23.558873],[119.582013,23.559023],[119.582357,23.559204]]]}},{"type":"Feature","properties":{"id":"829082cf4a65","NAME":"文山路","PSTART":"文山路35巷","PEND":"文山路55巷","SW_DIRECT":"1","SW_LENG":73.27,"SW_WTH":2.07,"SWW_WTH":0.95,"SW_RAMP":2,"VILL_NAME":"馬公市"},"geometry":{"type":"Polygon","coordinates":[[[119.585034,23.56254],[119.584944,23.562363],[119.584871,23.562233],[119.584692,23.561956],[119.584685,23.561967],[119.584685,23.56198],[119.584843,23.562224],[119.584929,23.562376],[119.585016,23.562548],[119.585034,23.56254]]]}},{"type":"Feature","properties":{"id":"02cd150f8452","NAME":"文山路","PSTART":"文山路35巷","PEND":"新店路","SW_DIRECT":"1","SW_LENG":85.27,"SW_WTH":2.07,"SWW_WTH":1.46,"SW_RAMP":3,"VILL_NAME":"馬公市"},"geometry":{"type":"MultiPolygon","coordinates":[[[[119.585385,23.563501],[119.585358,23.563418],[119.585192,23.562923],[119.585181,23.562933],[119.585179,23.562943],[119.585355,23.563472],[119.585372,23.563507],[119.585385,23.563501]]],[[[119.585112,23.562703],[119.585093,23.562699],[119.585095,23.562723],[119.585145,23.562847],[119.585154,23.562854],[119.585169,23.562856],[119.585114,23.562717],[119.585112,23.562703]]]]}},{"type":"Feature","properties":{"id":"07c69c45e095","NAME":"文山路","PSTART":"文山路36巷","PEND":"新店路","SW_DIRECT":"2","SW_LENG":90.91,"SW_WTH":2.02,"SWW_WTH":0.83,"SW_RAMP":1,"VILL_NAME":"馬公市"},"geometry":{"type":"Polygon","coordinates":[[[119.585162,23.56344],[119.585166,23.563388],[119.585019,23.56295],[119.58495,23.562773],[119.584896,23.562654],[119.58489,23.562646],[119.584872,23.562646],[119.584928,23.562771],[119.58501,23.562983],[119.585162,23.56344]]]}},{"type":"Feature","properties":{"id":"ab3dd88ea340","NAME":"文山路","PSTART":"文山路59巷","PEND":"文山路55巷","SW_DIRECT":"1","SW_LENG":6.59,"SW_WTH":1.9,"SWW_WTH":0.81,"SW_RAMP":1,"VILL_NAME":"馬公市"},"geometry":{"type":"Polygon","coordinates":[[[119.584526,23.561765],[119.584547,23.561763],[119.584501,23.56171],[119.584494,23.561729],[119.584526,23.561765]]]}},{"type":"Feature","properties":{"id":"23bf81f8d36c","NAME":"文山路","PSTART":"文山路63巷","PEND":"文山路59巷","SW_DIRECT":"1","SW_LENG":22.72,"SW_WTH":2.03,"SWW_WTH":1.34,"SW_RAMP":1,"VILL_NAME":"馬公市"},"geometry":{"type":"Polygon","coordinates":[[[119.584451,23.56168],[119.584467,23.561669],[119.584319,23.561509],[119.584316,23.561523],[119.584321,23.561536],[119.584451,23.56168]]]}},{"type":"Feature","properties":{"id":"2e970a38d4bb","NAME":"文山路","PSTART":"文山路67巷","PEND":"文山路63巷","SW_DIRECT":"1","SW_LENG":18.3,"SW_WTH":2.15,"SWW_WTH":2.15,"SW_RAMP":2,"VILL_NAME":"馬公市"},"geometry":{"type":"Polygon","coordinates":[[[119.584271,23.561477],[119.584288,23.561472],[119.584157,23.561347],[119.584152,23.561361],[119.584157,23.561373],[119.584259,23.561472],[119.584271,23.561477]]]}},{"type":"Feature","properties":{"id":"a5be37ab5a5d","NAME":"文山路","PSTART":"文山路77巷","PEND":"文山路67巷","SW_DIRECT":"1","SW_LENG":78.93,"SW_WTH":2.05,"SWW_WTH":0.82,"SW_RAMP":2,"VILL_NAME":"馬公市"},"geometry":{"type":"Polygon","coordinates":[[[119.584092,23.561309],[119.584107,23.561302],[119.583893,23.561123],[119.583858,23.561086],[119.583802,23.561015],[119.583767,23.56096],[119.58373,23.560886],[119.583701,23.56081],[119.583682,23.560724],[119.583671,23.560734],[119.583668,23.560751],[119.583693,23.560846],[119.583733,23.56094],[119.583785,23.561025],[119.583844,23.5611],[119.583888,23.561144],[119.584081,23.561306],[119.584092,23.561309]]]}},{"type":"Feature","properties":{"id":"88aed8059af8","NAME":"文山路","PSTART":"民富街","PEND":"文山路36巷","SW_DIRECT":"2","SW_LENG":105.43,"SW_WTH":2.12,"SWW_WTH":0.83,"SW_RAMP":4,"VILL_NAME":"馬公市"},"geometry":{"type":"MultiPolygon","coordinates":[[[[119.584745,23.562359],[119.584653,23.562204],[119.58457,23.562077],[119.584532,23.562024],[119.58452,23.562019],[119.584505,23.56202],[119.584567,23.562107],[119.584722,23.562355],[119.58485,23.5626],[119.584859,23.562592],[119.584863,23.562582],[119.584745,23.562359]]],[[[119.584309,23.561756],[119.584294,23.561758],[119.584388,23.561869],[119.584487,23.561995],[119.58449,23.561993],[119.584496,23.561985],[119.584496,23.561975],[119.584467,23.561936],[119.584323,23.56176],[119.584309,23.561756]]]]}},{"type":"Feature","properties":{"id":"3210bf2c171e","NAME":"文山路","PSTART":"民裕街","PEND":"文山路","SW_DIRECT":"2","SW_LENG":85.96,"SW_WTH":2.17,"SWW_WTH":1.12,"SW_RAMP":1,"VILL_NAME":"馬公市"},"geometry":{"type":"Polygon","coordinates":[[[119.583282,23.559631],[119.582555,23.559279],[119.582541,23.559281],[119.582533,23.559291],[119.583287,23.559655],[119.583282,23.559631]]]}},{"type":"Feature","properties":{"id":"e3e2a4bd7608","NAME":"文山路","PSTART":"經國路","PEND":"文山路358巷","SW_DIRECT":"2","SW_LENG":38.75,"SW_WTH":2.12,"SWW_WTH":1.06,"SW_RAMP":2,"VILL_NAME":"馬公市"},"geometry":{"type":"Polygon","coordinates":[[[119.58144,23.558666],[119.581444,23.558655],[119.581441,23.558646],[119.581153,23.558454],[119.581141,23.558453],[119.581127,23.55846],[119.58144,23.558666]]]}},{"type":"Feature","properties":{"id":"ef1fc9692922","NAME":"文化路","PSTART":"中興路","PEND":"民生路","SW_DIRECT":"1","SW_LENG":65.27,"SW_WTH":2.79,"SWW_WTH":1.42,"SW_RAMP":1,"VILL_NAME":"馬公市"},"geometry":{"type":"Polygon","coordinates":[[[119.567299,23.567377],[119.567196,23.566821],[119.56721,23.566802],[119.567198,23.566795],[119.567185,23.566795],[119.567172,23.566801],[119.567165,23.566814],[119.567272,23.56738],[119.567299,23.567377]]]}},{"type":"Feature","properties":{"id":"e31b3dd6c58d","NAME":"文化路","PSTART":"中興路","PEND":"民生路","SW_DIRECT":"2","SW_LENG":71.74,"SW_WTH":2.73,"SWW_WTH":1.39,"SW_RAMP":1,"VILL_NAME":"馬公市"},"geometry":{"type":"Polygon","coordinates":[[[119.567109,23.566783],[119.5671,23.566767],[119.567089,23.566757],[119.567051,23.566752],[119.567052,23.566778],[119.567082,23.566801],[119.567192,23.567388],[119.56722,23.567387],[119.567109,23.566783]]]}},{"type":"Feature","properties":{"id":"d658ca2b4c83","NAME":"文化路","PSTART":"民生路","PEND":"光復路5巷","SW_DIRECT":"1","SW_LENG":33.67,"SW_WTH":2.19,"SWW_WTH":2.19,"SW_RAMP":0,"VILL_NAME":"馬公市"},"geometry":{"type":"Polygon","coordinates":[[[119.567422,23.567859],[119.567345,23.567565],[119.567324,23.567567],[119.567403,23.567863],[119.567422,23.567859]]]}},{"type":"Feature","properties":{"id":"678cf6728a74","NAME":"文化路","PSTART":"民生路","PEND":"樹德路","SW_DIRECT":"2","SW_LENG":135.61,"SW_WTH":2.37,"SWW_WTH":2.37,"SW_RAMP":0,"VILL_NAME":"馬公市"},"geometry":{"type":"Polygon","coordinates":[[[119.567573,23.568751],[119.567252,23.567563],[119.567228,23.567566],[119.567403,23.568209],[119.567407,23.568208],[119.56752,23.568623],[119.567516,23.568624],[119.567552,23.568755],[119.567573,23.568751]]]}},{"type":"Feature","properties":{"id":"942b08683d94","NAME":"文化路","PSTART":"光復路5巷","PEND":"樹德路","SW_DIRECT":"1","SW_LENG":95.03,"SW_WTH":1.89,"SWW_WTH":1.51,"SW_RAMP":0,"VILL_NAME":"馬公市"},"geometry":{"type":"Polygon","coordinates":[[[119.567662,23.568754],[119.567616,23.568583],[119.567436,23.567918],[119.567426,23.567926],[119.567422,23.567936],[119.567644,23.568758],[119.567662,23.568754]]]}},{"type":"Feature","properties":{"id":"957d4c27161f","NAME":"文化路","PSTART":"樹德路","PEND":"治平路","SW_DIRECT":"1","SW_LENG":62.28,"SW_WTH":2.72,"SWW_WTH":1.24,"SW_RAMP":0,"VILL_NAME":"馬公市"},"geometry":{"type":"Polygon","coordinates":[[[119.56776,23.569061],[119.567714,23.568908],[119.567688,23.568914],[119.567851,23.569456],[119.56787,23.569451],[119.567754,23.569062],[119.56776,23.569061]]]}},{"type":"Feature","properties":{"id":"e9c80bea950b","NAME":"文化路","PSTART":"樹德路","PEND":"治平路","SW_DIRECT":"2","SW_LENG":60.37,"SW_WTH":2.15,"SWW_WTH":1.14,"SW_RAMP":0,"VILL_NAME":"馬公市"},"geometry":{"type":"Polygon","coordinates":[[[119.567778,23.569436],[119.567619,23.568911],[119.5676,23.568916],[119.567758,23.569441],[119.567778,23.569436]]]}},{"type":"Feature","properties":{"id":"0047103192e7","NAME":"文光路","PSTART":"三多路","PEND":"三多路370巷","SW_DIRECT":"2","SW_LENG":39.21,"SW_WTH":1.86,"SWW_WTH":0.87,"SW_RAMP":1,"VILL_NAME":"馬公市"},"geometry":{"type":"Polygon","coordinates":[[[119.571227,23.577722],[119.571243,23.577717],[119.571246,23.577708],[119.571248,23.577372],[119.571243,23.577365],[119.57123,23.577364],[119.571227,23.577722]]]}},{"type":"Feature","properties":{"id":"62ffaf82a046","NAME":"文光路","PSTART":"三多路","PEND":"四維路","SW_DIRECT":"1","SW_LENG":190.0,"SW_WTH":2.06,"SWW_WTH":0.93,"SW_RAMP":2,"VILL_NAME":"馬公市"},"geometry":{"type":"MultiPolygon","coordinates":[[[[119.57134,23.578396],[119.571343,23.577743],[119.571326,23.577756],[119.571324,23.577765],[119.571322,23.578379],[119.571324,23.578388],[119.57134,23.578396]]],[[[119.571343,23.577689],[119.571344,23.577358],[119.571331,23.577362],[119.571326,23.577369],[119.571325,23.577675],[119.571328,23.577683],[119.571343,23.577689]]],[[[119.571429,23.579068],[119.571414,23.579034],[119.571409,23.579037],[119.571368,23.579025],[119.571341,23.579001],[119.571339,23.578765],[119.571329,23.578764],[119.571329,23.578772],[119.571319,23.578772],[119.571318,23.579012],[119.571354,23.579051],[119.571393,23.579068],[119.571429,23.579068]]]]}},{"type":"Feature","properties":{"id":"79cc4343332e","NAME":"文光路","PSTART":"三多路370巷","PEND":"文光路135巷","SW_DIRECT":"2","SW_LENG":85.64,"SW_WTH":1.88,"SWW_WTH":0.53,"SW_RAMP":0,"VILL_NAME":"馬公市"},"geometry":{"type":"Polygon","coordinates":[[[119.571234,23.578669],[119.571242,23.578653],[119.571245,23.577906],[119.571241,23.577896],[119.571227,23.577896],[119.571223,23.578671],[119.571234,23.578669]]]}},{"type":"Feature","properties":{"id":"133ada450d2b","NAME":"文光路","PSTART":"文光路","PEND":"光復路","SW_DIRECT":"3","SW_LENG":11.97,"SW_WTH":1.53,"SWW_WTH":1.53,"SW_RAMP":0,"VILL_NAME":"馬公市"},"geometry":{"type":"Polygon","coordinates":[[[119.569807,23.571138],[119.569915,23.571088],[119.569909,23.571076],[119.569806,23.571122],[119.569807,23.571138]]]}},{"type":"Feature","properties":{"id":"91dace8e81d4","NAME":"文光路","PSTART":"文光路106巷","PEND":"文光路142巷","SW_DIRECT":"1","SW_LENG":78.54,"SW_WTH":1.94,"SWW_WTH":0.96,"SW_RAMP":0,"VILL_NAME":"馬公市"},"geometry":{"type":"MultiPolygon","coordinates":[[[[119.571045,23.575521],[119.571,23.575401],[119.570995,23.575403],[119.57096,23.575305],[119.570912,23.575189],[119.570906,23.575195],[119.570902,23.575208],[119.57102,23.57552],[119.57103,23.575524],[119.571045,23.575521]]],[[[119.571159,23.575856],[119.571132,23.575771],[119.571127,23.575772],[119.571124,23.575753],[119.571068,23.575591],[119.571056,23.575613],[119.571133,23.575851],[119.571141,23.575857],[119.571159,23.575856]]]]}},{"type":"Feature","properties":{"id":"cf69e2bebdda","NAME":"文光路","PSTART":"文光路106巷","PEND":"文光路東一橫巷","SW_DIRECT":"1","SW_LENG":89.86,"SW_WTH":1.86,"SWW_WTH":0.78,"SW_RAMP":0,"VILL_NAME":"馬公市"},"geometry":{"type":"Polygon","coordinates":[[[119.57089,23.575126],[119.570809,23.574906],[119.570633,23.574348],[119.570619,23.57436],[119.570618,23.574369],[119.570804,23.574951],[119.570873,23.575132],[119.57089,23.575126]]]}},{"type":"Feature","properties":{"id":"fb93a1d3866f","NAME":"文光路","PSTART":"文光路135巷","PEND":"四維路","SW_DIRECT":"2","SW_LENG":36.28,"SW_WTH":2.06,"SWW_WTH":2.06,"SW_RAMP":1,"VILL_NAME":"馬公市"},"geometry":{"type":"Polygon","coordinates":[[[119.571161,23.57915],[119.571197,23.579135],[119.57122,23.579113],[119.571239,23.57907],[119.571241,23.578858],[119.571228,23.578843],[119.571221,23.578844],[119.571219,23.579071],[119.571213,23.579089],[119.571198,23.579106],[119.571183,23.579116],[119.571155,23.579124],[119.571161,23.57915]]]}},{"type":"Feature","properties":{"id":"6db91fc81bfe","NAME":"文光路","PSTART":"文光路142巷","PEND":"文光路162巷","SW_DIRECT":"1","SW_LENG":44.27,"SW_WTH":1.87,"SWW_WTH":1.17,"SW_RAMP":0,"VILL_NAME":"馬公市"},"geometry":{"type":"Polygon","coordinates":[[[119.571304,23.576399],[119.57121,23.576038],[119.571202,23.57601],[119.571197,23.576011],[119.571185,23.576022],[119.571187,23.576031],[119.571232,23.576189],[119.571282,23.576394],[119.571285,23.576403],[119.571304,23.576399]]]}},{"type":"Feature","properties":{"id":"fd76b64ec282","NAME":"文光路","PSTART":"文光路162巷","PEND":"文光路168巷","SW_DIRECT":"1","SW_LENG":34.31,"SW_WTH":2.12,"SWW_WTH":1.18,"SW_RAMP":0,"VILL_NAME":"馬公市"},"geometry":{"type":"Polygon","coordinates":[[[119.571351,23.576843],[119.571347,23.576805],[119.571352,23.576805],[119.571328,23.576534],[119.571307,23.576536],[119.571327,23.576734],[119.571329,23.576831],[119.571339,23.576844],[119.571351,23.576843]]]}},{"type":"Feature","properties":{"id":"47dbc04dca7c","NAME":"文光路","PSTART":"文光路168巷","PEND":"三多路","SW_DIRECT":"1","SW_LENG":15.07,"SW_WTH":1.84,"SWW_WTH":0.67,"SW_RAMP":0,"VILL_NAME":"馬公市"},"geometry":{"type":"Polygon","coordinates":[[[119.571344,23.576994],[119.571326,23.576994],[119.571326,23.577126],[119.571345,23.577132],[119.571344,23.576994]]]}},{"type":"Feature","properties":{"id":"f9fdc0a11ccc","NAME":"文光路","PSTART":"文光路84巷","PEND":"陽明路","SW_DIRECT":"1","SW_LENG":105.68,"SW_WTH":2.71,"SWW_WTH":2.02,"SW_RAMP":2,"VILL_NAME":"馬公市"},"geometry":{"type":"MultiPolygon","coordinates":[[[[119.570305,23.573139],[119.57027,23.573018],[119.570275,23.573017],[119.570254,23.572938],[119.570277,23.572905],[119.570274,23.572898],[119.570258,23.572902],[119.570238,23.572916],[119.570228,23.572931],[119.570228,23.572948],[119.570385,23.573553],[119.570399,23.573569],[119.570418,23.573574],[119.570305,23.573139]]],[[[119.570552,23.573831],[119.570547,23.573814],[119.570508,23.573814],[119.570493,23.573809],[119.570481,23.573799],[119.570467,23.573771],[119.570445,23.573683],[119.570435,23.573688],[119.570427,23.573698],[119.570425,23.573709],[119.570442,23.573769],[119.570462,23.573806],[119.570484,23.573824],[119.570511,23.573833],[119.570552,23.573831]]]]}},{"type":"Feature","properties":{"id":"b66d9f4ac0d4","NAME":"文光路","PSTART":"光復路","PEND":"文光路84巷","SW_DIRECT":"1","SW_LENG":207.93,"SW_WTH":2.48,"SWW_WTH":0.35,"SW_RAMP":2,"VILL_NAME":"馬公市"},"geometry":{"type":"MultiPolygon","coordinates":[[[[119.570066,23.572208],[119.569778,23.571014],[119.569782,23.570994],[119.569797,23.570982],[119.569789,23.570973],[119.569769,23.570991],[119.569766,23.571016],[119.570052,23.572206],[119.570053,23.572211],[119.570066,23.572208]]],[[[119.570246,23.572838],[119.57024,23.572817],[119.570222,23.572821],[119.570163,23.572604],[119.570073,23.572236],[119.57006,23.572238],[119.570127,23.572504],[119.57012,23.572516],[119.57012,23.572529],[119.570195,23.572821],[119.570206,23.572834],[119.570229,23.57284],[119.570246,23.572838]]]]}},{"type":"Feature","properties":{"id":"26ee74966ff0","NAME":"文光路","PSTART":"光復路","PEND":"自立路","SW_DIRECT":"2","SW_LENG":167.21,"SW_WTH":2.97,"SWW_WTH":1.1,"SW_RAMP":2,"VILL_NAME":"馬公市"},"geometry":{"type":"MultiPolygon","coordinates":[[[[119.569624,23.57077],[119.569605,23.57077],[119.56969,23.571119],[119.569679,23.571121],[119.569788,23.57157],[119.569808,23.571564],[119.569813,23.571552],[119.569624,23.57077]]],[[[119.569998,23.572313],[119.569849,23.571701],[119.569843,23.571693],[119.56983,23.571693],[119.569976,23.572281],[119.569958,23.572284],[119.569966,23.57232],[119.569959,23.572349],[119.569953,23.57235],[119.569958,23.572366],[119.569985,23.572352],[119.569997,23.57233],[119.569998,23.572313]]]]}},{"type":"Feature","properties":{"id":"6adcd7c0080f","NAME":"文光路","PSTART":"自立路","PEND":"陽明路","SW_DIRECT":"2","SW_LENG":169.33,"SW_WTH":3.3,"SWW_WTH":0.51,"SW_RAMP":1,"VILL_NAME":"馬公市"},"geometry":{"type":"Polygon","coordinates":[[[119.570333,23.573899],[119.570357,23.573884],[119.570371,23.573869],[119.570375,23.573849],[119.570373,23.573823],[119.570031,23.572497],[119.570021,23.572477],[119.569992,23.572449],[119.569967,23.572442],[119.569944,23.572445],[119.569948,23.572463],[119.569962,23.572462],[119.569978,23.572466],[119.569991,23.572478],[119.569996,23.572488],[119.570344,23.573846],[119.570343,23.573866],[119.570327,23.573881],[119.570333,23.573899]]]}},{"type":"Feature","properties":{"id":"c3110a1e04fe","NAME":"文光路","PSTART":"自強街","PEND":"三多路","SW_DIRECT":"2","SW_LENG":196.04,"SW_WTH":2.13,"SWW_WTH":1.01,"SW_RAMP":0,"VILL_NAME":"馬公市"},"geometry":{"type":"MultiPolygon","coordinates":[[[[119.570958,23.575575],[119.570754,23.575037],[119.570745,23.575032],[119.57073,23.575037],[119.570945,23.575594],[119.570955,23.575586],[119.570958,23.575575]]],[[[119.57109,23.57598],[119.570996,23.575673],[119.570989,23.575669],[119.570985,23.575659],[119.570988,23.575656],[119.570982,23.57565],[119.570965,23.575645],[119.571004,23.575758],[119.57101,23.575778],[119.571007,23.575779],[119.571075,23.575992],[119.571088,23.575988],[119.57109,23.57598]]],[[[119.571246,23.576725],[119.571226,23.576532],[119.571229,23.576531],[119.571226,23.5765],[119.571182,23.576307],[119.571176,23.576305],[119.571174,23.576293],[119.571156,23.576289],[119.571194,23.576426],[119.571191,23.576426],[119.571212,23.576523],[119.571219,23.57657],[119.571229,23.576735],[119.57124,23.576732],[119.571246,23.576725]]],[[[119.571249,23.576842],[119.571231,23.576833],[119.571229,23.576903],[119.571233,23.577131],[119.571243,23.577126],[119.571248,23.577116],[119.571249,23.576842]]]]}},{"type":"Feature","properties":{"id":"c89b9b741f68","NAME":"文光路","PSTART":"陽明路","PEND":"文光路106巷","SW_DIRECT":"1","SW_LENG":36.07,"SW_WTH":1.87,"SWW_WTH":0.76,"SW_RAMP":2,"VILL_NAME":"馬公市"},"geometry":{"type":"Polygon","coordinates":[[[119.570594,23.574225],[119.570529,23.573985],[119.570559,23.573949],[119.570584,23.573943],[119.570579,23.573926],[119.570546,23.573936],[119.57053,23.573947],[119.570516,23.573972],[119.570512,23.57399],[119.57057,23.574207],[119.57058,23.574221],[119.570594,23.574225]]]}},{"type":"Feature","properties":{"id":"21e83a8a2f4f","NAME":"文光路","PSTART":"陽明路","PEND":"自強街","SW_DIRECT":"2","SW_LENG":112.64,"SW_WTH":2.13,"SWW_WTH":1.14,"SW_RAMP":1,"VILL_NAME":"馬公市"},"geometry":{"type":"MultiPolygon","coordinates":[[[[119.570639,23.574691],[119.570537,23.574372],[119.570443,23.574032],[119.570426,23.574014],[119.570399,23.573999],[119.570373,23.573993],[119.57036,23.573995],[119.570367,23.574015],[119.570393,23.574022],[119.570425,23.574039],[119.57056,23.574512],[119.570625,23.574706],[119.570639,23.574691]]],[[[119.570655,23.574745],[119.570637,23.574742],[119.570691,23.574911],[119.5707,23.574887],[119.570655,23.574745]]]]}},{"type":"Feature","properties":{"id":"bfb295587b52","NAME":"文光路162巷","PSTART":"文光路168巷","PEND":"貿商街","SW_DIRECT":"1","SW_LENG":34.36,"SW_WTH":1.59,"SWW_WTH":1.05,"SW_RAMP":1,"VILL_NAME":"馬公市"},"geometry":{"type":"Polygon","coordinates":[[[119.572272,23.576089],[119.572585,23.575975],[119.572579,23.575961],[119.572266,23.576075],[119.572272,23.576089]]]}},{"type":"Feature","properties":{"id":"b7d8d869b7f6","NAME":"文光路162巷","PSTART":"文光路168巷","PEND":"貿商街","SW_DIRECT":"2","SW_LENG":29.57,"SW_WTH":1.61,"SWW_WTH":1.61,"SW_RAMP":0,"VILL_NAME":"馬公市"},"geometry":{"type":"Polygon","coordinates":[[[119.572361,23.57615],[119.572379,23.576144],[119.572631,23.576052],[119.572625,23.576038],[119.572356,23.576136],[119.572361,23.57615]]]}},{"type":"Feature","properties":{"id":"a0041ecf4c1b","NAME":"文光路168巷","PSTART":"文光路162巷","PEND":"三多路","SW_DIRECT":"1","SW_LENG":105.04,"SW_WTH":1.62,"SWW_WTH":1.3,"SW_RAMP":4,"VILL_NAME":"馬公市"},"geometry":{"type":"MultiPolygon","coordinates":[[[[119.572785,23.577032],[119.572779,23.577019],[119.572743,23.577021],[119.572723,23.577008],[119.572502,23.576534],[119.572433,23.576388],[119.572428,23.576389],[119.572423,23.576397],[119.572425,23.576407],[119.572706,23.57701],[119.572725,23.577029],[119.572744,23.577036],[119.572777,23.577034],[119.572785,23.577032]]],[[[119.572361,23.57615],[119.572356,23.576136],[119.572351,23.576139],[119.57233,23.576159],[119.572324,23.576177],[119.572325,23.576199],[119.572384,23.576322],[119.572393,23.57633],[119.572405,23.576331],[119.57234,23.576195],[119.572341,23.576173],[119.572361,23.57615]]]]}},{"type":"Feature","properties":{"id":"b2cd7e374e60","NAME":"文安路","PSTART":"大賢街","PEND":"新店路","SW_DIRECT":"2","SW_LENG":197.71,"SW_WTH":3.39,"SWW_WTH":2.05,"SW_RAMP":0,"VILL_NAME":"馬公市"},"geometry":{"type":"Polygon","coordinates":[[[119.580958,23.563077],[119.580957,23.56305],[119.580895,23.562737],[119.580862,23.562594],[119.580812,23.56243],[119.580748,23.562262],[119.5807,23.562157],[119.580648,23.562055],[119.580305,23.561459],[119.580287,23.561441],[119.580255,23.561424],[119.580244,23.561455],[119.580264,23.561465],[119.58028,23.561481],[119.580441,23.561759],[119.580447,23.561756],[119.580626,23.562066],[119.580681,23.562176],[119.580727,23.562277],[119.580793,23.562453],[119.580835,23.562593],[119.580869,23.562739],[119.580926,23.563025],[119.580933,23.56308],[119.580958,23.563077]]]}},{"type":"Feature","properties":{"id":"331122a91379","NAME":"文林街50巷","PSTART":"文林街50巷2弄","PEND":"三多路107巷","SW_DIRECT":"1","SW_LENG":59.13,"SW_WTH":2.03,"SWW_WTH":2.03,"SW_RAMP":0,"VILL_NAME":"馬公市"},"geometry":{"type":"Polygon","coordinates":[[[119.576396,23.57467],[119.576417,23.574666],[119.576894,23.574467],[119.576911,23.574451],[119.576911,23.574432],[119.576892,23.574438],[119.576887,23.57445],[119.576688,23.574533],[119.576674,23.574526],[119.57666,23.574535],[119.576658,23.574545],[119.576588,23.574574],[119.576402,23.574651],[119.57639,23.574649],[119.576371,23.574656],[119.57638,23.574665],[119.576396,23.57467]]]}},{"type":"Feature","properties":{"id":"4ace85a62910","NAME":"文林街50巷2弄","PSTART":"文林街50巷","PEND":"三多路107巷","SW_DIRECT":"1","SW_LENG":14.95,"SW_WTH":2.01,"SWW_WTH":2.01,"SW_RAMP":0,"VILL_NAME":"馬公市"},"geometry":{"type":"Polygon","coordinates":[[[119.576374,23.574614],[119.576363,23.574592],[119.576343,23.574599],[119.576371,23.574656],[119.57639,23.574649],[119.576384,23.574636],[119.576386,23.574629],[119.576417,23.574616],[119.576411,23.574604],[119.576385,23.574614],[119.576374,23.574614]]]}},{"type":"Feature","properties":{"id":"f471eadabdd7","NAME":"文林街50巷2弄","PSTART":"文林街50巷","PEND":"三多路107巷","SW_DIRECT":"2","SW_LENG":69.05,"SW_WTH":2.11,"SWW_WTH":2.11,"SW_RAMP":0,"VILL_NAME":"馬公市"},"geometry":{"type":"Polygon","coordinates":[[[119.576367,23.574583],[119.576488,23.574484],[119.576514,23.574482],[119.576569,23.574439],[119.576578,23.57444],[119.57659,23.574429],[119.576589,23.574422],[119.576654,23.574369],[119.576864,23.574375],[119.576872,23.574381],[119.57689,23.574374],[119.576881,23.574363],[119.576867,23.574358],[119.576625,23.574349],[119.576569,23.574394],[119.576582,23.574408],[119.576508,23.574467],[119.576495,23.574454],[119.57635,23.574573],[119.576343,23.574585],[119.576343,23.574599],[119.576363,23.574592],[119.576367,23.574583]]]}},{"type":"Feature","properties":{"id":"52ef138a4dbc","NAME":"文前路","PSTART":"文學路","PEND":"無名","SW_DIRECT":"2","SW_LENG":150.76,"SW_WTH":3.0,"SWW_WTH":1.82,"SW_RAMP":2,"VILL_NAME":"馬公市"},"geometry":{"type":"Polygon","coordinates":[[[119.584114,23.563922],[119.582657,23.563698],[119.582652,23.563725],[119.584109,23.563949],[119.584114,23.563922]]]}},{"type":"Feature","properties":{"id":"d87b1e0e2f13","NAME":"文城三路","PSTART":"文城三路","PEND":"文學路","SW_DIRECT":"3","SW_LENG":249.88,"SW_WTH":3.08,"SWW_WTH":1.66,"SW_RAMP":0,"VILL_NAME":"馬公市"},"geometry":{"type":"Polygon","coordinates":[[[119.58201,23.568654],[119.582399,23.568432],[119.582452,23.568398],[119.582654,23.568252],[119.582704,23.568222],[119.582739,23.56821],[119.58273,23.568184],[119.582688,23.568198],[119.582655,23.568218],[119.582435,23.568376],[119.582135,23.568552],[119.5821,23.568498],[119.581984,23.568565],[119.581718,23.56818],[119.581692,23.568186],[119.581604,23.567827],[119.581574,23.567814],[119.581476,23.56788],[119.581369,23.567929],[119.581263,23.56799],[119.581223,23.567975],[119.581159,23.567771],[119.581131,23.567778],[119.581214,23.568045],[119.581492,23.567901],[119.581545,23.567865],[119.581587,23.567883],[119.58165,23.568147],[119.581678,23.56824],[119.581713,23.568289],[119.581745,23.568269],[119.58201,23.568654]]]}},{"type":"Feature","properties":{"id":"98607e9029db","NAME":"文城三路","PSTART":"永福街","PEND":"文學路","SW_DIRECT":"2","SW_LENG":116.07,"SW_WTH":2.0,"SWW_WTH":1.04,"SW_RAMP":3,"VILL_NAME":"馬公市"},"geometry":{"type":"MultiPolygon","coordinates":[[[[119.580352,23.567997],[119.581122,23.567771],[119.581125,23.56778],[119.581159,23.567771],[119.58115,23.567744],[119.580333,23.567984],[119.58032,23.567993],[119.580313,23.568016],[119.580304,23.568025],[119.580183,23.568088],[119.580176,23.5681],[119.580176,23.568114],[119.580179,23.568119],[119.580198,23.568109],[119.580204,23.568099],[119.580352,23.568024],[119.580352,23.567997]]],[[[119.580103,23.568141],[119.580062,23.56808],[119.580034,23.568071],[119.580009,23.568115],[119.580015,23.568127],[119.580058,23.568106],[119.580084,23.568151],[119.580103,23.568141]]]]}},{"type":"Feature","properties":{"id":"f87c342e7040","NAME":"文德路","PSTART":"大賢街","PEND":"新店路","SW_DIRECT":"1","SW_LENG":222.32,"SW_WTH":3.82,"SWW_WTH":2.27,"SW_RAMP":1,"VILL_NAME":"馬公市"},"geometry":{"type":"Polygon","coordinates":[[[119.580498,23.563281],[119.580525,23.563258],[119.579115,23.561871],[119.579103,23.561818],[119.579131,23.561801],[119.579111,23.561775],[119.57909,23.56179],[119.579074,23.561814],[119.579068,23.56184],[119.579073,23.561864],[119.579088,23.561895],[119.580498,23.563281]]]}},{"type":"Feature","properties":{"id":"baf1ac5c29ec","NAME":"文德路","PSTART":"大賢街","PEND":"新店路","SW_DIRECT":"2","SW_LENG":186.51,"SW_WTH":3.03,"SWW_WTH":1.84,"SW_RAMP":2,"VILL_NAME":"馬公市"},"geometry":{"type":"Polygon","coordinates":[[[119.580139,23.563179],[119.580137,23.563141],[119.58012,23.563103],[119.578944,23.561946],[119.578921,23.561931],[119.578902,23.561926],[119.578874,23.561929],[119.57885,23.561941],[119.578853,23.561945],[119.578868,23.561939],[119.578886,23.561938],[119.578916,23.561959],[119.580087,23.563114],[119.580095,23.563122],[119.580087,23.56313],[119.580139,23.563179]]]}},{"type":"Feature","properties":{"id":"06ab3d321977","NAME":"文德路","PSTART":"文前路","PEND":"新明路","SW_DIRECT":"1","SW_LENG":54.96,"SW_WTH":2.44,"SWW_WTH":1.25,"SW_RAMP":2,"VILL_NAME":"馬公市"},"geometry":{"type":"Polygon","coordinates":[[[119.581414,23.564438],[119.58144,23.564441],[119.581117,23.56402],[119.581125,23.564071],[119.581397,23.564424],[119.581414,23.564438]]]}},{"type":"Feature","properties":{"id":"fd5c9d9808a8","NAME":"文德路","PSTART":"案山","PEND":"經國路","SW_DIRECT":"1","SW_LENG":93.72,"SW_WTH":2.27,"SWW_WTH":1.1,"SW_RAMP":1,"VILL_NAME":"馬公市"},"geometry":{"type":"Polygon","coordinates":[[[119.578066,23.560634],[119.577504,23.559958],[119.577487,23.55997],[119.578026,23.56062],[119.578042,23.560631],[119.578066,23.560634]]]}},{"type":"Feature","properties":{"id":"7a4e0ad13342","NAME":"文德路","PSTART":"案山","PEND":"經國路","SW_DIRECT":"2","SW_LENG":122.99,"SW_WTH":3.42,"SWW_WTH":2.25,"SW_RAMP":2,"VILL_NAME":"馬公市"},"geometry":{"type":"Polygon","coordinates":[[[119.577887,23.560823],[119.57789,23.560826],[119.577908,23.560812],[119.577921,23.560785],[119.577923,23.56073],[119.577912,23.5607],[119.577278,23.559932],[119.577248,23.559912],[119.577212,23.559906],[119.577891,23.560725],[119.577866,23.560748],[119.577852,23.560773],[119.577856,23.560798],[119.577881,23.560827],[119.577887,23.560823]]]}},{"type":"Feature","properties":{"id":"f615381cd6d5","NAME":"文德路","PSTART":"新店路","PEND":"文前路","SW_DIRECT":"1","SW_LENG":54.4,"SW_WTH":2.89,"SWW_WTH":2.89,"SW_RAMP":1,"VILL_NAME":"馬公市"},"geometry":{"type":"Polygon","coordinates":[[[119.581054,23.563931],[119.581078,23.563927],[119.58107,23.563917],[119.58105,23.563912],[119.581029,23.563898],[119.580749,23.563538],[119.580727,23.563551],[119.581005,23.563913],[119.581001,23.563915],[119.581017,23.563922],[119.581054,23.563931]]]}},{"type":"Feature","properties":{"id":"7e06c866c0b7","NAME":"文德路","PSTART":"新店路","PEND":"新明路","SW_DIRECT":"2","SW_LENG":121.69,"SW_WTH":3.0,"SWW_WTH":1.8,"SW_RAMP":1,"VILL_NAME":"馬公市"},"geometry":{"type":"Polygon","coordinates":[[[119.581274,23.564537],[119.581288,23.564517],[119.581282,23.564499],[119.580617,23.563634],[119.580607,23.563624],[119.580582,23.56364],[119.581274,23.564537]]]}},{"type":"Feature","properties":{"id":"64568a1d1f0f","NAME":"文德路","PSTART":"新明路","PEND":"新生路","SW_DIRECT":"1","SW_LENG":102.7,"SW_WTH":1.93,"SWW_WTH":1.02,"SW_RAMP":1,"VILL_NAME":"馬公市"},"geometry":{"type":"Polygon","coordinates":[[[119.582107,23.565344],[119.582123,23.565332],[119.582104,23.565309],[119.582106,23.565298],[119.582071,23.565195],[119.582043,23.565202],[119.582026,23.565148],[119.581989,23.565158],[119.581956,23.565056],[119.581919,23.565065],[119.581824,23.564941],[119.581841,23.564938],[119.581807,23.564829],[119.58175,23.564845],[119.581736,23.564827],[119.581687,23.564676],[119.58165,23.564686],[119.581632,23.564629],[119.581597,23.564639],[119.581579,23.564613],[119.581562,23.564565],[119.581553,23.564605],[119.58156,23.564632],[119.581798,23.564938],[119.582088,23.565322],[119.582107,23.565344]]]}},{"type":"Feature","properties":{"id":"017620447d0e","NAME":"文德路","PSTART":"新明路","PEND":"新生路","SW_DIRECT":"2","SW_LENG":96.78,"SW_WTH":3.16,"SWW_WTH":1.71,"SW_RAMP":3,"VILL_NAME":"馬公市"},"geometry":{"type":"Polygon","coordinates":[[[119.581413,23.564718],[119.581927,23.56539],[119.581953,23.565372],[119.581765,23.565128],[119.581757,23.565124],[119.581663,23.565],[119.581665,23.564999],[119.58144,23.564705],[119.581401,23.564689],[119.581363,23.564684],[119.581363,23.56469],[119.581388,23.564698],[119.581413,23.564718]]]}},{"type":"Feature","properties":{"id":"2038da22afe0","NAME":"文德路","PSTART":"新營路","PEND":"新店路","SW_DIRECT":"2","SW_LENG":12.52,"SW_WTH":4.32,"SWW_WTH":2.5,"SW_RAMP":0,"VILL_NAME":"馬公市"},"geometry":{"type":"Polygon","coordinates":[[[119.580356,23.56339],[119.580386,23.563364],[119.580303,23.563281],[119.580271,23.563309],[119.580356,23.56339]]]}},{"type":"Feature","properties":{"id":"68a1e8a8f089","NAME":"文德路","PSTART":"經國路","PEND":"大賢街","SW_DIRECT":"1","SW_LENG":125.96,"SW_WTH":2.31,"SWW_WTH":1.25,"SW_RAMP":2,"VILL_NAME":"馬公市"},"geometry":{"type":"Polygon","coordinates":[[[119.578935,23.561706],[119.578951,23.561699],[119.578237,23.56084],[119.57823,23.560827],[119.578235,23.560794],[119.578213,23.560791],[119.578207,23.56083],[119.578218,23.560852],[119.578908,23.561685],[119.578924,23.561703],[119.578935,23.561706]]]}},{"type":"Feature","properties":{"id":"c67516cc0f12","NAME":"文德路","PSTART":"經國路","PEND":"大賢街","SW_DIRECT":"2","SW_LENG":132.0,"SW_WTH":3.57,"SWW_WTH":2.4,"SW_RAMP":2,"VILL_NAME":"馬公市"},"geometry":{"type":"Polygon","coordinates":[[[119.578789,23.561854],[119.578812,23.561829],[119.578818,23.561812],[119.578817,23.561796],[119.578809,23.561778],[119.578091,23.560916],[119.578062,23.560897],[119.578039,23.560895],[119.578017,23.560901],[119.577981,23.560927],[119.577993,23.560941],[119.578059,23.56093],[119.578779,23.561794],[119.57878,23.561845],[119.578789,23.561854]]]}},{"type":"Feature","properties":{"id":"b23a12a24657","NAME":"文學路","PSTART":"文前路","PEND":"新生路","SW_DIRECT":"1","SW_LENG":161.01,"SW_WTH":2.97,"SWW_WTH":1.76,"SW_RAMP":4,"VILL_NAME":"馬公市"},"geometry":{"type":"Polygon","coordinates":[[[119.582783,23.565122],[119.582779,23.565111],[119.582615,23.563748],[119.582622,23.563727],[119.582637,23.563723],[119.582652,23.563725],[119.582657,23.563698],[119.582634,23.563696],[119.582613,23.5637],[119.582598,23.563711],[119.582589,23.563724],[119.582586,23.563748],[119.582752,23.565128],[119.582783,23.565122]]]}},{"type":"Feature","properties":{"id":"db5fc27bb308","NAME":"文學路","PSTART":"文前路","PEND":"新明路","SW_DIRECT":"2","SW_LENG":49.58,"SW_WTH":2.67,"SWW_WTH":2.67,"SW_RAMP":2,"VILL_NAME":"馬公市"},"geometry":{"type":"Polygon","coordinates":[[[119.582501,23.564153],[119.582516,23.564137],[119.582521,23.564119],[119.582476,23.563748],[119.58247,23.563717],[119.582459,23.563706],[119.582444,23.563699],[119.582501,23.564153]]]}},{"type":"Feature","properties":{"id":"2afccd5b1b3e","NAME":"文學路","PSTART":"文城三路","PEND":"縣道204","SW_DIRECT":"2","SW_LENG":73.49,"SW_WTH":3.01,"SWW_WTH":2.02,"SW_RAMP":0,"VILL_NAME":"馬公市"},"geometry":{"type":"Polygon","coordinates":[[[119.58281,23.568207],[119.582797,23.56816],[119.58273,23.568184],[119.582859,23.568536],[119.582878,23.568602],[119.582884,23.568817],[119.582913,23.568823],[119.582907,23.568597],[119.582887,23.568527],[119.582773,23.568218],[119.58281,23.568207]]]}},{"type":"Feature","properties":{"id":"bdf57ce17894","NAME":"文學路","PSTART":"新明路","PEND":"新生路","SW_DIRECT":"2","SW_LENG":48.49,"SW_WTH":1.68,"SWW_WTH":1.68,"SW_RAMP":2,"VILL_NAME":"馬公市"},"geometry":{"type":"Polygon","coordinates":[[[119.582645,23.565156],[119.582594,23.564735],[119.582588,23.564723],[119.582575,23.564716],[119.582629,23.565157],[119.582645,23.565156]]]}},{"type":"Feature","properties":{"id":"ba0eabe9d62f","NAME":"水源路","PSTART":"中華路","PEND":"北辰街","SW_DIRECT":"2","SW_LENG":21.92,"SW_WTH":1.25,"SWW_WTH":1.25,"SW_RAMP":0,"VILL_NAME":"馬公市"},"geometry":{"type":"Polygon","coordinates":[[[119.571286,23.569911],[119.571289,23.569888],[119.571255,23.569877],[119.571079,23.569879],[119.571069,23.569894],[119.571079,23.569889],[119.571218,23.569892],[119.571221,23.569911],[119.571286,23.569911]]]}},{"type":"Feature","properties":{"id":"bff0fec4c9e6","NAME":"水源路","PSTART":"北辰街","PEND":"新生路","SW_DIRECT":"1","SW_LENG":99.9,"SW_WTH":3.89,"SWW_WTH":1.39,"SW_RAMP":2,"VILL_NAME":"馬公市"},"geometry":{"type":"Polygon","coordinates":[[[119.571989,23.569782],[119.572902,23.569779],[119.572934,23.569769],[119.572953,23.569745],[119.572935,23.569741],[119.572913,23.56975],[119.572905,23.569746],[119.572518,23.569746],[119.572287,23.569749],[119.572286,23.569754],[119.572161,23.569755],[119.572162,23.569746],[119.571957,23.569749],[119.571966,23.569771],[119.571989,23.569782]]]}},{"type":"Feature","properties":{"id":"3a868f4ad1b7","NAME":"水源路","PSTART":"北辰街","PEND":"新生路","SW_DIRECT":"2","SW_LENG":119.74,"SW_WTH":3.46,"SWW_WTH":1.61,"SW_RAMP":5,"VILL_NAME":"馬公市"},"geometry":{"type":"MultiPolygon","coordinates":[[[[119.573122,23.569884],[119.573118,23.569866],[119.5731,23.56985],[119.572583,23.569853],[119.572562,23.569863],[119.572554,23.569883],[119.573064,23.569881],[119.573063,23.569884],[119.573122,23.569884]]],[[[119.571901,23.569855],[119.571726,23.569856],[119.571738,23.569886],[119.57193,23.569885],[119.571922,23.569866],[119.571901,23.569855]]],[[[119.572021,23.569885],[119.572453,23.569883],[119.572443,23.569863],[119.572421,23.569853],[119.57205,23.569854],[119.572031,23.569864],[119.572021,23.569885]]]]}},{"type":"Feature","properties":{"id":"7ff5d943a0fb","NAME":"北辰街","PSTART":"中華路","PEND":"水源路","SW_DIRECT":"1","SW_LENG":22.3,"SW_WTH":13.39,"SWW_WTH":2.51,"SW_RAMP":3,"VILL_NAME":"馬公市"},"geometry":{"type":"Polygon","coordinates":[[[119.571279,23.56998],[119.571241,23.570035],[119.571284,23.570056],[119.571354,23.570075],[119.571389,23.570068],[119.57145,23.56995],[119.571467,23.569938],[119.571471,23.569926],[119.571467,23.569909],[119.571457,23.569897],[119.571437,23.56989],[119.571289,23.569888],[119.571286,23.569944],[119.571288,23.569953],[119.571299,23.569956],[119.57129,23.569983],[119.571279,23.56998]]]}},{"type":"Feature","properties":{"id":"657fa1e6c8cc","NAME":"北辰街","PSTART":"中華路","PEND":"水源路","SW_DIRECT":"2","SW_LENG":42.37,"SW_WTH":2.17,"SWW_WTH":1.58,"SW_RAMP":1,"VILL_NAME":"馬公市"},"geometry":{"type":"Polygon","coordinates":[[[119.571566,23.570192],[119.571558,23.570146],[119.571666,23.569938],[119.571706,23.569898],[119.571738,23.569886],[119.571726,23.569856],[119.571693,23.569871],[119.571671,23.56989],[119.571539,23.570135],[119.571531,23.570166],[119.571537,23.570186],[119.571545,23.5702],[119.571566,23.570192]]]}},{"type":"Feature","properties":{"id":"edeae74cd7d2","NAME":"北辰街","PSTART":"水源路","PEND":"新生路","SW_DIRECT":"1","SW_LENG":63.21,"SW_WTH":1.89,"SWW_WTH":1.57,"SW_RAMP":1,"VILL_NAME":"馬公市"},"geometry":{"type":"Polygon","coordinates":[[[119.571506,23.569777],[119.571531,23.569774],[119.571548,23.569765],[119.571578,23.569733],[119.571775,23.569367],[119.571783,23.569338],[119.571771,23.5693],[119.571759,23.569287],[119.571753,23.569302],[119.571763,23.569335],[119.57176,23.569356],[119.57156,23.569722],[119.571528,23.569749],[119.571491,23.569753],[119.571491,23.569774],[119.571506,23.569777]]]}},{"type":"Feature","properties":{"id":"29892571a3ac","NAME":"北辰街","PSTART":"水源路","PEND":"新生路","SW_DIRECT":"2","SW_LENG":53.92,"SW_WTH":3.4,"SWW_WTH":0.91,"SW_RAMP":3,"VILL_NAME":"馬公市"},"geometry":{"type":"MultiPolygon","coordinates":[[[[119.571854,23.569751],[119.571824,23.569751],[119.571805,23.569737],[119.571796,23.569708],[119.571806,23.569669],[119.571853,23.569587],[119.571826,23.569577],[119.571816,23.569585],[119.571768,23.569673],[119.571763,23.569688],[119.571761,23.569713],[119.571775,23.569752],[119.571788,23.56977],[119.571803,23.569779],[119.571821,23.569782],[119.57184,23.569777],[119.571854,23.56976],[119.571854,23.569751]]],[[[119.571989,23.569392],[119.572017,23.569395],[119.572072,23.569414],[119.572079,23.569397],[119.572029,23.56938],[119.572002,23.569376],[119.571975,23.569377],[119.571953,23.569385],[119.571927,23.569412],[119.57188,23.569499],[119.571884,23.569511],[119.571893,23.569515],[119.571949,23.569412],[119.571968,23.569397],[119.571989,23.569392]]]]}},{"type":"Feature","properties":{"id":"d511da44184d","NAME":"北辰街","PSTART":"北辰街17巷","PEND":"中華路","SW_DIRECT":"1","SW_LENG":118.72,"SW_WTH":1.96,"SWW_WTH":0.65,"SW_RAMP":0,"VILL_NAME":"馬公市"},"geometry":{"type":"Polygon","coordinates":[[[119.570426,23.570864],[119.570443,23.570859],[119.571252,23.570258],[119.571266,23.570241],[119.571271,23.570219],[119.571269,23.5702],[119.57126,23.570185],[119.57122,23.570161],[119.571211,23.570177],[119.571236,23.57019],[119.571241,23.570244],[119.57041,23.570861],[119.570426,23.570864]]]}},{"type":"Feature","properties":{"id":"26779693eb8d","NAME":"北辰街","PSTART":"光復路","PEND":"中華路","SW_DIRECT":"2","SW_LENG":94.65,"SW_WTH":2.16,"SWW_WTH":1.17,"SW_RAMP":0,"VILL_NAME":"馬公市"},"geometry":{"type":"MultiPolygon","coordinates":[[[[119.570233,23.571166],[119.570348,23.571078],[119.570351,23.57108],[119.570684,23.570834],[119.570674,23.570826],[119.570659,23.570827],[119.57022,23.571151],[119.570233,23.571166]]],[[[119.571349,23.570339],[119.571335,23.570324],[119.571076,23.570517],[119.571067,23.570534],[119.571076,23.570543],[119.571349,23.570339]]]]}},{"type":"Feature","properties":{"id":"0dcde6019f63","NAME":"北辰街","PSTART":"光復路","PEND":"北辰街17巷","SW_DIRECT":"1","SW_LENG":26.03,"SW_WTH":1.9,"SWW_WTH":0.56,"SW_RAMP":0,"VILL_NAME":"馬公市"},"geometry":{"type":"Polygon","coordinates":[[[119.570153,23.571073],[119.57034,23.570935],[119.570349,23.570906],[119.570141,23.571059],[119.570153,23.571073]]]}},{"type":"Feature","properties":{"id":"7a8dfee83056","NAME":"四維路","PSTART":"文光路","PEND":"敬業街","SW_DIRECT":"1","SW_LENG":55.09,"SW_WTH":2.11,"SWW_WTH":2.11,"SW_RAMP":0,"VILL_NAME":"馬公市"},"geometry":{"type":"Polygon","coordinates":[[[119.571422,23.579052],[119.571798,23.578892],[119.571912,23.578843],[119.571903,23.578826],[119.571414,23.579034],[119.571422,23.579052]]]}},{"type":"Feature","properties":{"id":"fd58a718c24a","NAME":"四維路","PSTART":"文光路","PEND":"敬業街","SW_DIRECT":"2","SW_LENG":55.02,"SW_WTH":2.04,"SWW_WTH":1.47,"SW_RAMP":2,"VILL_NAME":"馬公市"},"geometry":{"type":"Polygon","coordinates":[[[119.571346,23.579244],[119.571363,23.57922],[119.571388,23.579196],[119.571782,23.579027],[119.571799,23.579019],[119.571792,23.579005],[119.571777,23.579008],[119.571398,23.57917],[119.571361,23.579195],[119.571339,23.579218],[119.571327,23.579237],[119.571322,23.579238],[119.571322,23.579263],[119.571342,23.579277],[119.571346,23.579244]]]}},{"type":"Feature","properties":{"id":"04c26a6effb6","NAME":"四維路","PSTART":"文昌街","PEND":"六合路","SW_DIRECT":"1","SW_LENG":123.53,"SW_WTH":2.12,"SWW_WTH":1.14,"SW_RAMP":1,"VILL_NAME":"馬公市"},"geometry":{"type":"Polygon","coordinates":[[[119.579329,23.575753],[119.579363,23.575756],[119.580525,23.575603],[119.580522,23.575584],[119.579323,23.575742],[119.579329,23.575753]]]}},{"type":"Feature","properties":{"id":"a49cd30a1174","NAME":"四維路","PSTART":"民族路","PEND":"文光路","SW_DIRECT":"2","SW_LENG":356.71,"SW_WTH":2.04,"SWW_WTH":1.54,"SW_RAMP":2,"VILL_NAME":"馬公市"},"geometry":{"type":"Polygon","coordinates":[[[119.571167,23.579261],[119.571194,23.579268],[119.571217,23.579289],[119.571227,23.579274],[119.571206,23.579255],[119.571189,23.579246],[119.571169,23.579243],[119.571137,23.579248],[119.567771,23.580005],[119.567754,23.580016],[119.567735,23.580053],[119.567744,23.580074],[119.567755,23.580072],[119.567759,23.580049],[119.56779,23.58002],[119.571167,23.579261]]]}},{"type":"Feature","properties":{"id":"7f2526bc3e1f","NAME":"四維路","PSTART":"民族路","PEND":"興建中道路","SW_DIRECT":"1","SW_LENG":14.31,"SW_WTH":2.03,"SWW_WTH":2.03,"SW_RAMP":0,"VILL_NAME":"馬公市"},"geometry":{"type":"Polygon","coordinates":[[[119.567743,23.57991],[119.56788,23.579879],[119.567875,23.579861],[119.567739,23.579892],[119.567743,23.57991]]]}},{"type":"Feature","properties":{"id":"cdcf76e5929b","NAME":"四維路","PSTART":"光復路","PEND":"六合路","SW_DIRECT":"2","SW_LENG":469.66,"SW_WTH":2.51,"SWW_WTH":1.16,"SW_RAMP":7,"VILL_NAME":"馬公市"},"geometry":{"type":"MultiPolygon","coordinates":[[[[119.580467,23.575729],[119.580484,23.575733],[119.580539,23.57577],[119.580549,23.575772],[119.58054,23.575753],[119.580524,23.575734],[119.580504,23.575718],[119.580484,23.575709],[119.579319,23.575861],[119.579192,23.575885],[119.578327,23.576075],[119.578305,23.576092],[119.578307,23.576099],[119.579195,23.575904],[119.57932,23.57588],[119.580467,23.575729]]],[[[119.578258,23.576109],[119.578247,23.576093],[119.578213,23.5761],[119.577568,23.576243],[119.577176,23.576336],[119.576851,23.57642],[119.576727,23.576461],[119.576554,23.576535],[119.576399,23.576613],[119.576378,23.576625],[119.576381,23.576635],[119.576383,23.576641],[119.576388,23.57664],[119.576519,23.576572],[119.576681,23.576501],[119.576772,23.576465],[119.576857,23.576438],[119.577402,23.576301],[119.578258,23.576109]]],[[[119.576347,23.576668],[119.576324,23.576657],[119.576157,23.576768],[119.576137,23.576783],[119.57614,23.576807],[119.576347,23.576668]]]]}},{"type":"Feature","properties":{"id":"b112f12d7b86","NAME":"四維路","PSTART":"光復路","PEND":"林森路","SW_DIRECT":"1","SW_LENG":218.82,"SW_WTH":2.08,"SWW_WTH":1.5,"SW_RAMP":1,"VILL_NAME":"馬公市"},"geometry":{"type":"Polygon","coordinates":[[[119.576101,23.576683],[119.576279,23.576567],[119.576392,23.576502],[119.576588,23.57641],[119.576738,23.576352],[119.576883,23.576309],[119.577325,23.576199],[119.578071,23.57603],[119.578072,23.576033],[119.578084,23.57603],[119.578102,23.576003],[119.577313,23.576183],[119.57687,23.576293],[119.576731,23.576334],[119.576538,23.576411],[119.576434,23.576459],[119.576319,23.57652],[119.576091,23.576668],[119.576101,23.576683]]]}},{"type":"Feature","properties":{"id":"dfe99ae820d5","NAME":"四維路","PSTART":"林森路","PEND":"文昌街","SW_DIRECT":"1","SW_LENG":93.27,"SW_WTH":1.96,"SWW_WTH":1.96,"SW_RAMP":2,"VILL_NAME":"馬公市"},"geometry":{"type":"Polygon","coordinates":[[[119.578288,23.575981],[119.579148,23.575794],[119.579163,23.575787],[119.579181,23.575765],[119.578266,23.57597],[119.578288,23.575981]]]}},{"type":"Feature","properties":{"id":"e6774852ed7d","NAME":"四維路","PSTART":"頂新五路","PEND":"興建中道路","SW_DIRECT":"1","SW_LENG":41.34,"SW_WTH":2.03,"SWW_WTH":1.52,"SW_RAMP":2,"VILL_NAME":"馬公市"},"geometry":{"type":"Polygon","coordinates":[[[119.569443,23.579527],[119.569807,23.579446],[119.569825,23.579438],[119.569824,23.579424],[119.569427,23.579512],[119.569434,23.579524],[119.569443,23.579527]]]}},{"type":"Feature","properties":{"id":"644ec674aa85","NAME":"四維路","PSTART":"敬業街","PEND":"光復路","SW_DIRECT":"1","SW_LENG":438.6,"SW_WTH":2.07,"SWW_WTH":1.5,"SW_RAMP":1,"VILL_NAME":"馬公市"},"geometry":{"type":"MultiPolygon","coordinates":[[[[119.57426,23.57788],[119.57587,23.576836],[119.575859,23.57682],[119.574259,23.577859],[119.57279,23.578353],[119.572575,23.578467],[119.572585,23.578483],[119.5728,23.578369],[119.57426,23.57788]]],[[[119.572559,23.578497],[119.572549,23.578481],[119.572179,23.578679],[119.572188,23.578694],[119.572207,23.578685],[119.572559,23.578497]]]]}},{"type":"Feature","properties":{"id":"9c3fa168cfb6","NAME":"四維路","PSTART":"敬業街","PEND":"光復路","SW_DIRECT":"2","SW_LENG":390.48,"SW_WTH":2.08,"SWW_WTH":1.46,"SW_RAMP":6,"VILL_NAME":"馬公市"},"geometry":{"type":"MultiPolygon","coordinates":[[[[119.575545,23.577189],[119.575533,23.577174],[119.574309,23.577968],[119.574079,23.578045],[119.574083,23.578063],[119.574319,23.577984],[119.575545,23.577189]]],[[[119.576023,23.576881],[119.575991,23.576878],[119.575957,23.576899],[119.575605,23.577129],[119.575615,23.577143],[119.575993,23.576897],[119.576022,23.576892],[119.576023,23.576881]]],[[[119.573364,23.578304],[119.573358,23.578286],[119.572844,23.578459],[119.571955,23.578933],[119.57195,23.578957],[119.572852,23.578476],[119.573364,23.578304]]]]}},{"type":"Feature","properties":{"id":"b1f8ae226542","NAME":"四維路","PSTART":"興建中道路","PEND":"文光路","SW_DIRECT":"1","SW_LENG":135.0,"SW_WTH":2.06,"SWW_WTH":1.51,"SW_RAMP":1,"VILL_NAME":"馬公市"},"geometry":{"type":"Polygon","coordinates":[[[119.569884,23.579428],[119.571158,23.579142],[119.571155,23.579124],[119.569868,23.579413],[119.569875,23.579426],[119.569884,23.579428]]]}},{"type":"Feature","properties":{"id":"a992b4e35c60","NAME":"四維路","PSTART":"興建中道路","PEND":"頂新五路","SW_DIRECT":"1","SW_LENG":146.0,"SW_WTH":2.05,"SWW_WTH":1.55,"SW_RAMP":2,"VILL_NAME":"馬公市"},"geometry":{"type":"Polygon","coordinates":[[[119.567965,23.579859],[119.569332,23.579552],[119.569348,23.579546],[119.569354,23.579529],[119.567961,23.579842],[119.567965,23.579859]]]}},{"type":"Feature","properties":{"id":"a250e4873c3d","NAME":"民生路","PSTART":"中正路","PEND":"文康街","SW_DIRECT":"2","SW_LENG":75.37,"SW_WTH":2.97,"SWW_WTH":1.11,"SW_RAMP":4,"VILL_NAME":"馬公市"},"geometry":{"type":"MultiPolygon","coordinates":[[[[119.566143,23.567677],[119.566147,23.567686],[119.566628,23.567624],[119.566628,23.567617],[119.56662,23.567604],[119.566606,23.5676],[119.566133,23.567661],[119.56612,23.567668],[119.566104,23.567686],[119.566098,23.567702],[119.566097,23.56772],[119.566116,23.567718],[119.566115,23.567706],[119.566121,23.567689],[119.566143,23.567677]]],[[[119.566903,23.567562],[119.566733,23.567584],[119.566727,23.567593],[119.566729,23.56761],[119.566922,23.567586],[119.566915,23.567567],[119.566903,23.567562]]]]}},{"type":"Feature","properties":{"id":"1988667069db","NAME":"民生路","PSTART":"中正路","PEND":"建國路","SW_DIRECT":"1","SW_LENG":89.65,"SW_WTH":2.92,"SWW_WTH":1.15,"SW_RAMP":2,"VILL_NAME":"馬公市"},"geometry":{"type":"Polygon","coordinates":[[[119.565665,23.567575],[119.565648,23.56751],[119.56558,23.567516],[119.565584,23.567556],[119.565589,23.567556],[119.56559,23.567563],[119.565585,23.567563],[119.565587,23.567576],[119.565601,23.567593],[119.56562,23.567601],[119.565968,23.567597],[119.566411,23.567542],[119.566428,23.567534],[119.566442,23.567522],[119.566452,23.567503],[119.566454,23.567486],[119.56645,23.567471],[119.566416,23.56748],[119.56639,23.567519],[119.566009,23.567568],[119.565665,23.567575]]]}},{"type":"Feature","properties":{"id":"537a48695ba2","NAME":"民生路","PSTART":"介壽路","PEND":"民族路","SW_DIRECT":"1","SW_LENG":155.21,"SW_WTH":4.04,"SWW_WTH":1.38,"SW_RAMP":1,"VILL_NAME":"馬公市"},"geometry":{"type":"Polygon","coordinates":[[[119.564194,23.567629],[119.564212,23.567614],[119.564217,23.567594],[119.562802,23.567616],[119.562706,23.567619],[119.562694,23.567634],[119.562721,23.567649],[119.562901,23.56765],[119.563002,23.567656],[119.563099,23.567647],[119.564194,23.567629]]]}},{"type":"Feature","properties":{"id":"906141ce7e69","NAME":"民生路","PSTART":"介壽路","PEND":"民族路","SW_DIRECT":"2","SW_LENG":124.92,"SW_WTH":4.05,"SWW_WTH":1.61,"SW_RAMP":0,"VILL_NAME":"馬公市"},"geometry":{"type":"Polygon","coordinates":[[[119.564214,23.567731],[119.564214,23.567695],[119.563101,23.567711],[119.562999,23.567704],[119.562991,23.567705],[119.56299,23.567749],[119.564214,23.567731]]]}},{"type":"Feature","properties":{"id":"0989cb4e8d4e","NAME":"民生路","PSTART":"文化路","PEND":"民權路","SW_DIRECT":"1","SW_LENG":62.51,"SW_WTH":2.93,"SWW_WTH":1.24,"SW_RAMP":1,"VILL_NAME":"馬公市"},"geometry":{"type":"Polygon","coordinates":[[[119.567828,23.567343],[119.567849,23.567324],[119.567861,23.567306],[119.567871,23.567284],[119.567873,23.567262],[119.567775,23.56734],[119.567327,23.567397],[119.567299,23.567377],[119.567272,23.56738],[119.567277,23.567393],[119.567293,23.56741],[119.567313,23.567422],[119.56733,23.567424],[119.567792,23.567365],[119.567828,23.567343]]]}},{"type":"Feature","properties":{"id":"c85aa0f81b1b","NAME":"民生路","PSTART":"文化路","PEND":"光復路","SW_DIRECT":"2","SW_LENG":58.55,"SW_WTH":3.03,"SWW_WTH":1.35,"SW_RAMP":2,"VILL_NAME":"馬公市"},"geometry":{"type":"Polygon","coordinates":[[[119.567861,23.567469],[119.567839,23.567451],[119.567815,23.567445],[119.567354,23.567504],[119.567338,23.567511],[119.567327,23.567523],[119.567322,23.567537],[119.567322,23.567558],[119.567324,23.567567],[119.567345,23.567565],[119.567374,23.56753],[119.56776,23.56748],[119.567761,23.567485],[119.567808,23.567474],[119.567861,23.567504],[119.567887,23.567501],[119.567861,23.567469]]]}},{"type":"Feature","properties":{"id":"ea910c157cbc","NAME":"民生路","PSTART":"文康街","PEND":"文化路","SW_DIRECT":"2","SW_LENG":28.17,"SW_WTH":2.92,"SWW_WTH":1.26,"SW_RAMP":2,"VILL_NAME":"馬公市"},"geometry":{"type":"Polygon","coordinates":[[[119.566978,23.567579],[119.567197,23.567549],[119.567228,23.567566],[119.567252,23.567563],[119.567237,23.567534],[119.567222,23.567525],[119.567211,23.567523],[119.56699,23.567552],[119.566979,23.567558],[119.566976,23.567568],[119.566978,23.567579]]]}},{"type":"Feature","properties":{"id":"73def0105de3","NAME":"民生路","PSTART":"民族路","PEND":"中正路","SW_DIRECT":"2","SW_LENG":141.4,"SW_WTH":5.15,"SWW_WTH":1.32,"SW_RAMP":4,"VILL_NAME":"馬公市"},"geometry":{"type":"MultiPolygon","coordinates":[[[[119.564652,23.567738],[119.564769,23.567736],[119.564769,23.567743],[119.56486,23.567741],[119.564859,23.567722],[119.564944,23.567721],[119.564933,23.567702],[119.564915,23.567694],[119.564442,23.5677],[119.564442,23.567727],[119.564471,23.567727],[119.564471,23.567746],[119.564652,23.567744],[119.564652,23.567738]]],[[[119.565431,23.567688],[119.565026,23.567694],[119.56501,23.5677],[119.565003,23.56772],[119.565461,23.567714],[119.565452,23.567694],[119.565431,23.567688]]],[[[119.565998,23.567708],[119.565986,23.567692],[119.565966,23.567681],[119.565909,23.56768],[119.565595,23.567685],[119.565575,23.567692],[119.565567,23.567712],[119.565936,23.567706],[119.565979,23.567737],[119.566008,23.567732],[119.565998,23.567708]]]]}},{"type":"Feature","properties":{"id":"6f255a9fbec3","NAME":"民生路","PSTART":"民族路","PEND":"惠民一路","SW_DIRECT":"1","SW_LENG":47.17,"SW_WTH":3.33,"SWW_WTH":1.22,"SW_RAMP":4,"VILL_NAME":"馬公市"},"geometry":{"type":"MultiPolygon","coordinates":[[[[119.564597,23.567608],[119.564603,23.567585],[119.56436,23.567588],[119.564365,23.567618],[119.564584,23.567617],[119.564597,23.567608]]],[[[119.564805,23.567564],[119.564781,23.567563],[119.564759,23.567587],[119.564685,23.56759],[119.564686,23.567604],[119.5647,23.567615],[119.564774,23.567613],[119.564783,23.567606],[119.564805,23.567564]]]]}},{"type":"Feature","properties":{"id":"7bda2279efd4","NAME":"民生路","PSTART":"建國路","PEND":"文化路","SW_DIRECT":"1","SW_LENG":70.12,"SW_WTH":2.96,"SWW_WTH":1.25,"SW_RAMP":2,"VILL_NAME":"馬公市"},"geometry":{"type":"Polygon","coordinates":[[[119.566578,23.567519],[119.567174,23.567444],[119.567201,23.567435],[119.567212,23.567426],[119.567219,23.567414],[119.567221,23.567388],[119.567192,23.567388],[119.567168,23.567419],[119.566612,23.56749],[119.566604,23.567491],[119.566566,23.567465],[119.566533,23.567474],[119.566546,23.5675],[119.566561,23.567513],[119.566578,23.567519]]]}},{"type":"Feature","properties":{"id":"ec783dbaeb44","NAME":"民生路","PSTART":"惠民一路","PEND":"中正路","SW_DIRECT":"1","SW_LENG":65.79,"SW_WTH":3.06,"SWW_WTH":1.39,"SW_RAMP":2,"VILL_NAME":"馬公市"},"geometry":{"type":"Polygon","coordinates":[[[119.565487,23.567598],[119.565503,23.567589],[119.565514,23.567574],[119.565515,23.567563],[119.565511,23.567563],[119.56551,23.567555],[119.565514,23.567555],[119.565513,23.567541],[119.565476,23.567543],[119.56544,23.567579],[119.565201,23.567579],[119.565201,23.567582],[119.564927,23.567586],[119.564896,23.56756],[119.564874,23.567561],[119.564913,23.567606],[119.564928,23.567613],[119.56546,23.567604],[119.565487,23.567598]]]}},{"type":"Feature","properties":{"id":"52157dc46f12","NAME":"民族路","PSTART":"中山路","PEND":"復國路","SW_DIRECT":"2","SW_LENG":58.68,"SW_WTH":2.95,"SWW_WTH":1.34,"SW_RAMP":1,"VILL_NAME":"馬公市"},"geometry":{"type":"Polygon","coordinates":[[[119.563811,23.564113],[119.563734,23.5636],[119.563706,23.563606],[119.563784,23.564129],[119.563799,23.564128],[119.56381,23.564122],[119.563811,23.564113]]]}},{"type":"Feature","properties":{"id":"e69dfe9323eb","NAME":"民族路","PSTART":"中山路","PEND":"惠安路","SW_DIRECT":"1","SW_LENG":59.82,"SW_WTH":3.1,"SWW_WTH":1.55,"SW_RAMP":1,"VILL_NAME":"馬公市"},"geometry":{"type":"Polygon","coordinates":[[[119.563939,23.564176],[119.56386,23.563641],[119.56383,23.563645],[119.563906,23.564164],[119.563913,23.564175],[119.563924,23.564178],[119.563939,23.564176]]]}},{"type":"Feature","properties":{"id":"e6ad83c383c1","NAME":"民族路","PSTART":"中興路","PEND":"民生路","SW_DIRECT":"1","SW_LENG":30.19,"SW_WTH":2.68,"SWW_WTH":2.68,"SW_RAMP":0,"VILL_NAME":"馬公市"},"geometry":{"type":"Polygon","coordinates":[[[119.564364,23.56756],[119.564359,23.567336],[119.56437,23.567315],[119.564383,23.567308],[119.564395,23.567307],[119.564395,23.567286],[119.564371,23.56729],[119.56435,23.567305],[119.564337,23.567324],[119.564333,23.567339],[119.564337,23.567531],[119.564351,23.56756],[119.564364,23.56756]]]}},{"type":"Feature","properties":{"id":"cd9944002493","NAME":"民族路","PSTART":"仁愛路","PEND":"光明路","SW_DIRECT":"1","SW_LENG":66.87,"SW_WTH":2.24,"SWW_WTH":1.04,"SW_RAMP":1,"VILL_NAME":"馬公市"},"geometry":{"type":"Polygon","coordinates":[[[119.564147,23.566501],[119.564049,23.565954],[119.564059,23.565952],[119.564055,23.565946],[119.564073,23.565921],[119.56408,23.56592],[119.564075,23.565899],[119.564056,23.565903],[119.564039,23.565915],[119.564029,23.565933],[119.564027,23.565953],[119.564126,23.566504],[119.564147,23.566501]]]}},{"type":"Feature","properties":{"id":"fd376eedc170","NAME":"民族路","PSTART":"仁愛路","PEND":"光明路","SW_DIRECT":"2","SW_LENG":68.69,"SW_WTH":2.22,"SWW_WTH":0.63,"SW_RAMP":2,"VILL_NAME":"馬公市"},"geometry":{"type":"Polygon","coordinates":[[[119.563943,23.565982],[119.563933,23.565961],[119.563912,23.565945],[119.56389,23.565941],[119.56387,23.565944],[119.563876,23.565968],[119.563884,23.565966],[119.563922,23.565989],[119.564023,23.566546],[119.564038,23.566544],[119.564043,23.56654],[119.563943,23.565982]]]}},{"type":"Feature","properties":{"id":"e37fa20a9a96","NAME":"民族路","PSTART":"民生路","PEND":"治平路","SW_DIRECT":"1","SW_LENG":98.72,"SW_WTH":2.94,"SWW_WTH":1.05,"SW_RAMP":1,"VILL_NAME":"馬公市"},"geometry":{"type":"Polygon","coordinates":[[[119.564695,23.568518],[119.5644,23.567752],[119.564418,23.567728],[119.564442,23.567727],[119.564442,23.5677],[119.564403,23.567702],[119.564385,23.567713],[119.564375,23.567731],[119.564372,23.567747],[119.564375,23.567766],[119.564663,23.568517],[119.564675,23.568522],[119.564695,23.568518]]]}},{"type":"Feature","properties":{"id":"3c93b027a47d","NAME":"民族路","PSTART":"民生路","PEND":"治平路","SW_DIRECT":"2","SW_LENG":88.67,"SW_WTH":5.11,"SWW_WTH":1.6,"SW_RAMP":4,"VILL_NAME":"馬公市"},"geometry":{"type":"Polygon","coordinates":[[[119.565058,23.569731],[119.565074,23.56971],[119.565073,23.569677],[119.564816,23.569148],[119.56471,23.568999],[119.564691,23.569013],[119.564759,23.569109],[119.564768,23.569132],[119.56476,23.569159],[119.564756,23.569202],[119.564766,23.569257],[119.564782,23.569303],[119.56481,23.569349],[119.564838,23.569383],[119.564853,23.569396],[119.564891,23.569415],[119.565018,23.569677],[119.565003,23.569706],[119.564987,23.569713],[119.56501,23.569754],[119.565058,23.569731]]]}},{"type":"Feature","properties":{"id":"e05dd9e8594f","NAME":"民族路","PSTART":"民生路","PEND":"樹德路","SW_DIRECT":"1","SW_LENG":45.95,"SW_WTH":3.12,"SWW_WTH":1.1,"SW_RAMP":1,"VILL_NAME":"馬公市"},"geometry":{"type":"Polygon","coordinates":[[[119.564853,23.56893],[119.564803,23.568795],[119.56472,23.568574],[119.564694,23.568598],[119.56483,23.568952],[119.564855,23.568966],[119.564882,23.568966],[119.564881,23.568946],[119.564875,23.568946],[119.564853,23.56893]]]}},{"type":"Feature","properties":{"id":"db2d576c28e4","NAME":"民族路","PSTART":"民生路","PEND":"樹德路","SW_DIRECT":"2","SW_LENG":136.78,"SW_WTH":3.04,"SWW_WTH":1.16,"SW_RAMP":3,"VILL_NAME":"馬公市"},"geometry":{"type":"Polygon","coordinates":[[[119.564667,23.568831],[119.564678,23.568815],[119.564676,23.568793],[119.564275,23.567748],[119.564254,23.567713],[119.564237,23.567701],[119.564214,23.567695],[119.564214,23.567731],[119.564226,23.567756],[119.564255,23.567769],[119.564263,23.567783],[119.56426,23.567792],[119.564645,23.568794],[119.564626,23.568809],[119.564601,23.568842],[119.564633,23.56885],[119.564667,23.568831]]]}},{"type":"Feature","properties":{"id":"f813491ded51","NAME":"民族路","PSTART":"光明路","PEND":"中興路","SW_DIRECT":"1","SW_LENG":57.67,"SW_WTH":3.12,"SWW_WTH":1.85,"SW_RAMP":1,"VILL_NAME":"馬公市"},"geometry":{"type":"Polygon","coordinates":[[[119.564282,23.567191],[119.564187,23.566678],[119.564157,23.566683],[119.56425,23.567196],[119.564282,23.567191]]]}},{"type":"Feature","properties":{"id":"48a7cbe7818c","NAME":"民族路","PSTART":"成功街","PEND":"自強街","SW_DIRECT":"1","SW_LENG":11.36,"SW_WTH":2.28,"SWW_WTH":2.28,"SW_RAMP":2,"VILL_NAME":"馬公市"},"geometry":{"type":"Polygon","coordinates":[[[119.567939,23.575807],[119.567925,23.575705],[119.567913,23.575708],[119.567905,23.575719],[119.567918,23.57581],[119.567939,23.575807]]]}},{"type":"Feature","properties":{"id":"5c98a4eac7f3","NAME":"民族路","PSTART":"自強街","PEND":"頂新一路","SW_DIRECT":"1","SW_LENG":133.63,"SW_WTH":2.07,"SWW_WTH":1.49,"SW_RAMP":2,"VILL_NAME":"馬公市"},"geometry":{"type":"MultiPolygon","coordinates":[[[[119.567936,23.57599],[119.567917,23.575988],[119.567886,23.576252],[119.567859,23.57639],[119.567837,23.576474],[119.567804,23.576571],[119.567732,23.576736],[119.567732,23.576753],[119.567744,23.576759],[119.567824,23.576573],[119.567857,23.576476],[119.56788,23.576392],[119.567907,23.576245],[119.567936,23.57599]]],[[[119.567646,23.576923],[119.567635,23.57692],[119.56762,23.576926],[119.567442,23.577173],[119.56744,23.577183],[119.567447,23.577194],[119.567449,23.577196],[119.567646,23.576923]]]]}},{"type":"Feature","properties":{"id":"75735652cd27","NAME":"民族路","PSTART":"忠孝路","PEND":"陽明路","SW_DIRECT":"1","SW_LENG":39.51,"SW_WTH":2.42,"SWW_WTH":1.14,"SW_RAMP":3,"VILL_NAME":"馬公市"},"geometry":{"type":"Polygon","coordinates":[[[119.567803,23.574691],[119.567838,23.574694],[119.567831,23.574665],[119.56781,23.574665],[119.567796,23.574659],[119.567779,23.574643],[119.567769,23.574624],[119.567737,23.574365],[119.567723,23.574374],[119.567716,23.574393],[119.567746,23.574629],[119.567759,23.574656],[119.567779,23.574677],[119.567803,23.574691]]]}},{"type":"Feature","properties":{"id":"88a9c0444031","NAME":"民族路","PSTART":"忠孝路89巷","PEND":"忠孝路","SW_DIRECT":"1","SW_LENG":127.28,"SW_WTH":2.36,"SWW_WTH":0.57,"SW_RAMP":4,"VILL_NAME":"馬公市"},"geometry":{"type":"MultiPolygon","coordinates":[[[[119.567549,23.573884],[119.567325,23.573532],[119.567314,23.573557],[119.567517,23.573874],[119.567532,23.573884],[119.567549,23.573884]]],[[[119.567257,23.57343],[119.567071,23.573149],[119.567062,23.573155],[119.567062,23.573179],[119.567224,23.57342],[119.567241,23.573431],[119.567257,23.57343]]],[[[119.567565,23.573915],[119.567556,23.573927],[119.567555,23.573941],[119.567621,23.574084],[119.567671,23.574222],[119.567695,23.57423],[119.567645,23.574081],[119.56761,23.574001],[119.567565,23.573915]]]]}},{"type":"Feature","properties":{"id":"1a59f61cd0e3","NAME":"民族路","PSTART":"明遠路","PEND":"信義路9巷","SW_DIRECT":"1","SW_LENG":57.21,"SW_WTH":2.54,"SWW_WTH":1.36,"SW_RAMP":1,"VILL_NAME":"馬公市"},"geometry":{"type":"Polygon","coordinates":[[[119.565999,23.571304],[119.56579,23.570877],[119.565778,23.57089],[119.565776,23.570903],[119.565986,23.571333],[119.566002,23.57134],[119.566036,23.571339],[119.566037,23.571317],[119.565999,23.571304]]]}},{"type":"Feature","properties":{"id":"50693e6821f3","NAME":"民族路","PSTART":"治平路","PEND":"四維路","SW_DIRECT":"2","SW_LENG":1021.85,"SW_WTH":3.42,"SWW_WTH":0.87,"SW_RAMP":13,"VILL_NAME":"馬公市"},"geometry":{"type":"MultiPolygon","coordinates":[[[[119.566866,23.573084],[119.566856,23.573087],[119.56702,23.573325],[119.567017,23.573326],[119.567176,23.573562],[119.567416,23.573934],[119.567484,23.574068],[119.567521,23.57416],[119.567563,23.574287],[119.567584,23.574372],[119.567603,23.574486],[119.567651,23.57486],[119.567749,23.575535],[119.567803,23.575862],[119.567758,23.576247],[119.567746,23.57632],[119.567727,23.576408],[119.567699,23.576496],[119.567616,23.576692],[119.567634,23.576694],[119.567648,23.576685],[119.5677,23.576561],[119.567755,23.576399],[119.567783,23.576249],[119.567827,23.575873],[119.567703,23.575044],[119.567628,23.574483],[119.567609,23.574369],[119.567588,23.574285],[119.567546,23.574157],[119.567508,23.574066],[119.56744,23.573932],[119.567201,23.573559],[119.566889,23.573093],[119.566866,23.573084]]],[[[119.565587,23.570723],[119.565146,23.569816],[119.56513,23.5698],[119.565102,23.569798],[119.565274,23.570152],[119.565272,23.570185],[119.565288,23.570218],[119.565283,23.570226],[119.565347,23.570358],[119.565357,23.570361],[119.565373,23.570392],[119.565398,23.57041],[119.565572,23.570775],[119.565591,23.570758],[119.565593,23.570742],[119.565587,23.570723]]],[[[119.565866,23.571309],[119.565672,23.570911],[119.565647,23.570893],[119.565629,23.570892],[119.56567,23.570977],[119.565678,23.570975],[119.565848,23.57133],[119.565857,23.571327],[119.565866,23.57132],[119.565866,23.571309]]],[[[119.565949,23.571478],[119.565938,23.571466],[119.565928,23.571463],[119.565916,23.571467],[119.56601,23.57166],[119.566023,23.571652],[119.566025,23.571635],[119.565949,23.571478]]],[[[119.566036,23.571683],[119.566025,23.571688],[119.566033,23.571704],[119.566142,23.571916],[119.566148,23.571914],[119.566157,23.571902],[119.56615,23.571885],[119.566056,23.571694],[119.566036,23.571683]]],[[[119.566455,23.57242],[119.566208,23.57199],[119.566193,23.571978],[119.566175,23.571979],[119.566303,23.572212],[119.566306,23.572211],[119.566355,23.572296],[119.566358,23.572294],[119.566392,23.572342],[119.566385,23.572346],[119.566442,23.572444],[119.566453,23.572438],[119.566457,23.572429],[119.566455,23.57242]]],[[[119.566629,23.572702],[119.566537,23.572561],[119.566522,23.572557],[119.566511,23.572561],[119.566616,23.572725],[119.566628,23.572713],[119.566629,23.572702]]],[[[119.566645,23.572744],[119.56663,23.572748],[119.566841,23.573064],[119.566845,23.573063],[119.566851,23.573053],[119.566851,23.573037],[119.566679,23.572777],[119.566657,23.572749],[119.566645,23.572744]]],[[[119.567619,23.576728],[119.567601,23.57672],[119.567531,23.576839],[119.567304,23.577158],[119.567236,23.577286],[119.567207,23.577357],[119.567188,23.577423],[119.567161,23.577577],[119.567155,23.577651],[119.567155,23.577721],[119.567219,23.578316],[119.567218,23.578376],[119.567199,23.5785],[119.567175,23.578606],[119.567102,23.578841],[119.567121,23.578845],[119.567197,23.5786],[119.567219,23.578503],[119.567238,23.578377],[119.567239,23.578314],[119.567175,23.577721],[119.567175,23.577652],[119.567181,23.577579],[119.567207,23.577427],[119.567244,23.577319],[119.567309,23.577189],[119.567355,23.577118],[119.567549,23.576848],[119.567619,23.576728]]]]}},{"type":"Feature","properties":{"id":"047b42bc7ceb","NAME":"民族路","PSTART":"治平路","PEND":"明遠路","SW_DIRECT":"1","SW_LENG":112.94,"SW_WTH":3.8,"SWW_WTH":1.7,"SW_RAMP":3,"VILL_NAME":"馬公市"},"geometry":{"type":"MultiPolygon","coordinates":[[[[119.565706,23.570716],[119.565417,23.570104],[119.565403,23.570119],[119.565398,23.570142],[119.565426,23.5702],[119.565445,23.570207],[119.565481,23.57028],[119.565474,23.5703],[119.565674,23.570713],[119.565679,23.570721],[119.565706,23.570716]]],[[[119.565399,23.570061],[119.565276,23.569808],[119.56528,23.569787],[119.565292,23.569772],[119.565283,23.569744],[119.565278,23.569745],[119.565257,23.56976],[119.565249,23.569778],[119.565246,23.569813],[119.56526,23.569859],[119.56527,23.56988],[119.565287,23.569883],[119.565338,23.569987],[119.565328,23.57],[119.565351,23.570048],[119.565366,23.570061],[119.565383,23.570067],[119.565395,23.570066],[119.565399,23.570061]]]]}},{"type":"Feature","properties":{"id":"8b0cc4da2fd4","NAME":"民族路","PSTART":"信義路9巷","PEND":"忠孝路89巷","SW_DIRECT":"1","SW_LENG":176.98,"SW_WTH":2.58,"SWW_WTH":1.15,"SW_RAMP":8,"VILL_NAME":"馬公市"},"geometry":{"type":"MultiPolygon","coordinates":[[[[119.566106,23.571419],[119.566105,23.571399],[119.566057,23.571417],[119.566044,23.571432],[119.566043,23.57145],[119.566226,23.57182],[119.566234,23.571829],[119.566242,23.571832],[119.566257,23.571825],[119.566073,23.571456],[119.566088,23.571429],[119.566097,23.57142],[119.566106,23.571419]]],[[[119.566438,23.572155],[119.566283,23.571874],[119.566274,23.571879],[119.566269,23.57189],[119.56627,23.571903],[119.56641,23.572155],[119.566426,23.572161],[119.566438,23.572155]]],[[[119.566626,23.572473],[119.566453,23.572184],[119.566444,23.572188],[119.566443,23.572212],[119.566589,23.572458],[119.566608,23.572476],[119.566626,23.572473]]],[[[119.567029,23.573087],[119.566785,23.572721],[119.566778,23.572726],[119.566773,23.572738],[119.566775,23.572749],[119.566868,23.572889],[119.566996,23.573081],[119.567014,23.573091],[119.567029,23.573087]]]]}},{"type":"Feature","properties":{"id":"d3dcf0ff87c0","NAME":"民族路","PSTART":"頂新一路","PEND":"頂新三路","SW_DIRECT":"1","SW_LENG":112.16,"SW_WTH":2.05,"SWW_WTH":1.54,"SW_RAMP":3,"VILL_NAME":"馬公市"},"geometry":{"type":"Polygon","coordinates":[[[119.567384,23.578274],[119.567515,23.57825],[119.567503,23.578196],[119.567357,23.578223],[119.567305,23.57775],[119.567306,23.577619],[119.567315,23.577532],[119.567325,23.577479],[119.567349,23.577395],[119.567363,23.577358],[119.56737,23.577344],[119.567474,23.577326],[119.567463,23.577273],[119.567392,23.577286],[119.567366,23.577306],[119.567332,23.57738],[119.567311,23.577449],[119.567297,23.577513],[119.567286,23.577613],[119.567283,23.577725],[119.567287,23.57778],[119.567339,23.578236],[119.567356,23.578262],[119.567384,23.578274]]]}},{"type":"Feature","properties":{"id":"7300612fc63a","NAME":"民族路","PSTART":"頂新三路","PEND":"頂新六路","SW_DIRECT":"1","SW_LENG":124.31,"SW_WTH":2.06,"SWW_WTH":1.53,"SW_RAMP":2,"VILL_NAME":"馬公市"},"geometry":{"type":"Polygon","coordinates":[[[119.567414,23.579437],[119.567476,23.579424],[119.567462,23.579371],[119.567379,23.57939],[119.567336,23.579287],[119.567309,23.579209],[119.567261,23.579007],[119.567241,23.578881],[119.567322,23.578619],[119.567355,23.578462],[119.567363,23.578405],[119.56744,23.578392],[119.567429,23.578338],[119.567376,23.578349],[119.567358,23.578363],[119.567347,23.578382],[119.567335,23.578459],[119.567303,23.578615],[119.567222,23.578877],[119.567241,23.579011],[119.567272,23.579147],[119.567301,23.57925],[119.567371,23.579423],[119.567388,23.579432],[119.567414,23.579437]]]}},{"type":"Feature","properties":{"id":"ed2da3317a38","NAME":"民族路","PSTART":"頂新六路","PEND":"四維路","SW_DIRECT":"1","SW_LENG":59.19,"SW_WTH":2.04,"SWW_WTH":1.52,"SW_RAMP":2,"VILL_NAME":"馬公市"},"geometry":{"type":"Polygon","coordinates":[[[119.567715,23.579916],[119.567743,23.57991],[119.567739,23.579892],[119.56772,23.579893],[119.567693,23.579886],[119.567669,23.579871],[119.56765,23.579851],[119.567589,23.579765],[119.567472,23.579577],[119.56746,23.579556],[119.567464,23.579548],[119.567484,23.579525],[119.567508,23.579517],[119.5675,23.579491],[119.56747,23.579502],[119.56745,23.579517],[119.56744,23.579535],[119.567438,23.579555],[119.567453,23.579584],[119.567568,23.57977],[119.567628,23.579854],[119.567665,23.579895],[119.567695,23.579911],[119.567715,23.579916]]]}},{"type":"Feature","properties":{"id":"2ff046d88cc6","NAME":"民族路","PSTART":"復國路","PEND":"惠民路","SW_DIRECT":"2","SW_LENG":90.91,"SW_WTH":2.98,"SWW_WTH":1.31,"SW_RAMP":1,"VILL_NAME":"馬公市"},"geometry":{"type":"Polygon","coordinates":[[[119.563792,23.565003],[119.563864,23.564458],[119.563829,23.564224],[119.563819,23.564209],[119.563796,23.564202],[119.563833,23.56447],[119.563761,23.565015],[119.563782,23.565011],[119.563792,23.565003]]]}},{"type":"Feature","properties":{"id":"783133b4224e","NAME":"民族路","PSTART":"惠民路","PEND":"仁愛路","SW_DIRECT":"1","SW_LENG":173.8,"SW_WTH":3.09,"SWW_WTH":0.68,"SW_RAMP":4,"VILL_NAME":"馬公市"},"geometry":{"type":"MultiPolygon","coordinates":[[[[119.564072,23.565814],[119.564067,23.565792],[119.564018,23.565765],[119.564026,23.565764],[119.563913,23.565151],[119.563895,23.565154],[119.563886,23.565167],[119.563994,23.56577],[119.564011,23.565803],[119.564036,23.565818],[119.564072,23.565814]]],[[[119.563946,23.564242],[119.563926,23.564261],[119.563925,23.564284],[119.563952,23.564475],[119.563886,23.564968],[119.563911,23.565113],[119.563917,23.565122],[119.563931,23.565126],[119.563938,23.565125],[119.563914,23.564994],[119.563924,23.564923],[119.563915,23.564922],[119.563975,23.564465],[119.563948,23.564289],[119.563952,23.564289],[119.563946,23.564242]]]]}},{"type":"Feature","properties":{"id":"23453dd70a07","NAME":"民族路","PSTART":"惠民路","PEND":"仁愛路","SW_DIRECT":"2","SW_LENG":77.7,"SW_WTH":3.05,"SWW_WTH":1.37,"SW_RAMP":1,"VILL_NAME":"馬公市"},"geometry":{"type":"Polygon","coordinates":[[[119.563903,23.565837],[119.563911,23.565808],[119.563798,23.565176],[119.563791,23.565164],[119.563773,23.565162],[119.563766,23.565165],[119.56388,23.5658],[119.563849,23.565837],[119.563855,23.565863],[119.563881,23.565857],[119.563903,23.565837]]]}},{"type":"Feature","properties":{"id":"ccfd6e067343","NAME":"民族路","PSTART":"陽明路","PEND":"成功街","SW_DIRECT":"1","SW_LENG":90.21,"SW_WTH":2.55,"SWW_WTH":0.75,"SW_RAMP":1,"VILL_NAME":"馬公市"},"geometry":{"type":"MultiPolygon","coordinates":[[[[119.567911,23.57562],[119.567845,23.575175],[119.567839,23.575177],[119.56783,23.575183],[119.567824,23.575194],[119.567883,23.575605],[119.567891,23.575615],[119.567911,23.57562]]],[[[119.567837,23.574806],[119.567835,23.574786],[119.567827,23.574788],[119.567798,23.574808],[119.567781,23.57483],[119.567776,23.574853],[119.567814,23.575128],[119.567822,23.57514],[119.567835,23.575145],[119.567842,23.575144],[119.567798,23.57485],[119.567811,23.574825],[119.567837,23.574806]]]]}},{"type":"Feature","properties":{"id":"0b659d904a45","NAME":"民族路","PSTART":"媽祖路一段","PEND":"四維路","SW_DIRECT":"2","SW_LENG":110.71,"SW_WTH":2.05,"SWW_WTH":1.51,"SW_RAMP":2,"VILL_NAME":"馬公市"},"geometry":{"type":"Polygon","coordinates":[[[119.567549,23.57992],[119.567465,23.579801],[119.567394,23.579689],[119.567331,23.579579],[119.567281,23.579476],[119.567229,23.579359],[119.567187,23.579244],[119.567148,23.579069],[119.567124,23.579045],[119.567085,23.579039],[119.567069,23.579059],[119.567089,23.579059],[119.56713,23.579082],[119.567163,23.579233],[119.567189,23.579309],[119.567234,23.579423],[119.567312,23.579587],[119.567429,23.579782],[119.56753,23.579931],[119.567549,23.57992]]]}},{"type":"Feature","properties":{"id":"96954e1b8773","NAME":"民族路","PSTART":"樹德路","PEND":"治平路","SW_DIRECT":"1","SW_LENG":72.42,"SW_WTH":2.77,"SWW_WTH":0.87,"SW_RAMP":5,"VILL_NAME":"馬公市"},"geometry":{"type":"MultiPolygon","coordinates":[[[[119.565231,23.56966],[119.565229,23.569633],[119.565207,23.569634],[119.56518,23.569627],[119.564988,23.569229],[119.564976,23.569241],[119.564977,23.569258],[119.565163,23.569639],[119.56518,23.569655],[119.565211,23.569661],[119.565231,23.56966]]],[[[119.564942,23.569042],[119.564941,23.569024],[119.564924,23.569025],[119.564904,23.569033],[119.564891,23.569051],[119.564888,23.569073],[119.564937,23.569178],[119.564949,23.569187],[119.564965,23.56919],[119.564972,23.569188],[119.564916,23.569074],[119.564933,23.569042],[119.564942,23.569042]]]]}},{"type":"Feature","properties":{"id":"5b2de08829aa","NAME":"民福路","PSTART":"三民路","PEND":"新生路","SW_DIRECT":"1","SW_LENG":8.27,"SW_WTH":1.84,"SWW_WTH":1.33,"SW_RAMP":0,"VILL_NAME":"馬公市"},"geometry":{"type":"Polygon","coordinates":[[[119.568774,23.566848],[119.568733,23.566785],[119.568717,23.566793],[119.568758,23.566857],[119.568774,23.566848]]]}},{"type":"Feature","properties":{"id":"a875a975b4b9","NAME":"民福路","PSTART":"三民路","PEND":"新生路","SW_DIRECT":"2","SW_LENG":188.29,"SW_WTH":3.35,"SWW_WTH":1.48,"SW_RAMP":0,"VILL_NAME":"馬公市"},"geometry":{"type":"Polygon","coordinates":[[[119.56882,23.567044],[119.568681,23.56686],[119.568666,23.566867],[119.569287,23.567819],[119.569306,23.567854],[119.569478,23.568289],[119.569501,23.568346],[119.569503,23.568366],[119.569526,23.568364],[119.569513,23.568279],[119.569322,23.567812],[119.56882,23.567044]]]}},{"type":"Feature","properties":{"id":"a2ad94987b2a","NAME":"民福路","PSTART":"中山路","PEND":"仁愛路","SW_DIRECT":"2","SW_LENG":183.43,"SW_WTH":1.5,"SWW_WTH":0.65,"SW_RAMP":0,"VILL_NAME":"馬公市"},"geometry":{"type":"Polygon","coordinates":[[[119.568095,23.56491],[119.568195,23.564781],[119.568159,23.564562],[119.56815,23.564535],[119.568124,23.5645],[119.5672,23.563611],[119.567185,23.563622],[119.568114,23.56451],[119.568137,23.564543],[119.568145,23.564564],[119.568167,23.564701],[119.56816,23.564752],[119.568136,23.56483],[119.568117,23.564824],[119.568113,23.564836],[119.56812,23.564839],[119.568107,23.564863],[119.568099,23.56486],[119.568087,23.564879],[119.568095,23.56491]]]}},{"type":"Feature","properties":{"id":"3f97b8dd1157","NAME":"民福路","PSTART":"中山路","PEND":"臨海路6巷","SW_DIRECT":"1","SW_LENG":69.19,"SW_WTH":1.84,"SWW_WTH":0.85,"SW_RAMP":0,"VILL_NAME":"馬公市"},"geometry":{"type":"Polygon","coordinates":[[[119.567748,23.564022],[119.567281,23.56357],[119.567266,23.563582],[119.567736,23.564033],[119.567748,23.564022]]]}},{"type":"Feature","properties":{"id":"54e97327c2a5","NAME":"民福路","PSTART":"中華路","PEND":"新生路","SW_DIRECT":"1","SW_LENG":30.59,"SW_WTH":1.99,"SWW_WTH":0.83,"SW_RAMP":1,"VILL_NAME":"馬公市"},"geometry":{"type":"Polygon","coordinates":[[[119.569115,23.568662],[119.569135,23.568661],[119.569365,23.568506],[119.569351,23.568492],[119.56911,23.568655],[119.569115,23.568662]]]}},{"type":"Feature","properties":{"id":"ade9037197c7","NAME":"民福路","PSTART":"中華路","PEND":"新生路","SW_DIRECT":"2","SW_LENG":34.55,"SW_WTH":2.01,"SWW_WTH":1.55,"SW_RAMP":0,"VILL_NAME":"馬公市"},"geometry":{"type":"Polygon","coordinates":[[[119.569197,23.568718],[119.569468,23.568535],[119.569457,23.568519],[119.569183,23.568706],[119.569197,23.568718]]]}},{"type":"Feature","properties":{"id":"877c36166940","NAME":"民福路","PSTART":"中興路","PEND":"三民路","SW_DIRECT":"2","SW_LENG":43.35,"SW_WTH":1.89,"SWW_WTH":1.89,"SW_RAMP":2,"VILL_NAME":"馬公市"},"geometry":{"type":"Polygon","coordinates":[[[119.568522,23.566801],[119.568488,23.566563],[119.568499,23.56654],[119.56849,23.566486],[119.568453,23.566454],[119.568429,23.566448],[119.56841,23.56645],[119.568414,23.566468],[119.568442,23.566464],[119.568457,23.566474],[119.568475,23.566531],[119.568464,23.566533],[119.568495,23.566721],[119.568494,23.56676],[119.568487,23.566791],[119.568474,23.566804],[119.568503,23.566828],[119.568522,23.566801]]]}},{"type":"Feature","properties":{"id":"122cf7076de5","NAME":"民福路","PSTART":"仁愛路","PEND":"中興路","SW_DIRECT":"2","SW_LENG":156.68,"SW_WTH":2.08,"SWW_WTH":1.64,"SW_RAMP":1,"VILL_NAME":"馬公市"},"geometry":{"type":"Polygon","coordinates":[[[119.568449,23.566332],[119.568239,23.565059],[119.568115,23.564989],[119.568122,23.565009],[119.568222,23.565064],[119.568427,23.566326],[119.568396,23.56637],[119.568402,23.566387],[119.568424,23.566379],[119.568435,23.56637],[119.568444,23.566355],[119.568449,23.566332]]]}},{"type":"Feature","properties":{"id":"fb66b4716c14","NAME":"民福路","PSTART":"海埔路","PEND":"三民路","SW_DIRECT":"1","SW_LENG":109.36,"SW_WTH":2.17,"SWW_WTH":2.17,"SW_RAMP":0,"VILL_NAME":"馬公市"},"geometry":{"type":"Polygon","coordinates":[[[119.568619,23.566593],[119.568491,23.565807],[119.568561,23.565759],[119.568529,23.565751],[119.568504,23.565757],[119.568485,23.565771],[119.568473,23.565789],[119.56847,23.565812],[119.568605,23.566628],[119.568689,23.566655],[119.56871,23.566637],[119.568686,23.566613],[119.568619,23.566593]]]}},{"type":"Feature","properties":{"id":"8a9f211b4c09","NAME":"民福路","PSTART":"臨海路6巷","PEND":"興港南街","SW_DIRECT":"1","SW_LENG":106.72,"SW_WTH":2.09,"SWW_WTH":0.79,"SW_RAMP":0,"VILL_NAME":"馬公市"},"geometry":{"type":"MultiPolygon","coordinates":[[[[119.568232,23.564484],[119.567834,23.564104],[119.567825,23.564112],[119.567824,23.564118],[119.567848,23.564141],[119.568212,23.564492],[119.568221,23.564494],[119.568232,23.564484]]],[[[119.568313,23.564727],[119.568288,23.564571],[119.56827,23.564573],[119.568296,23.564729],[119.568313,23.564727]]],[[[119.568358,23.564908],[119.568326,23.564719],[119.568313,23.564728],[119.568343,23.56491],[119.568358,23.564908]]]]}},{"type":"Feature","properties":{"id":"705b8d95b0b3","NAME":"民權路","PSTART":"中山路","PEND":"仁愛路","SW_DIRECT":"1","SW_LENG":138.36,"SW_WTH":1.98,"SWW_WTH":1.25,"SW_RAMP":0,"VILL_NAME":"馬公市"},"geometry":{"type":"Polygon","coordinates":[[[119.567552,23.564956],[119.567088,23.563782],[119.567072,23.563788],[119.567534,23.564962],[119.567552,23.564956]]]}},{"type":"Feature","properties":{"id":"17b50f9c3a4f","NAME":"民權路","PSTART":"中山路","PEND":"惠民路","SW_DIRECT":"2","SW_LENG":63.69,"SW_WTH":1.9,"SWW_WTH":1.24,"SW_RAMP":0,"VILL_NAME":"馬公市"},"geometry":{"type":"Polygon","coordinates":[[[119.567191,23.564284],[119.56699,23.563777],[119.566971,23.563742],[119.566953,23.563748],[119.566968,23.563768],[119.567171,23.564283],[119.567191,23.564284]]]}},{"type":"Feature","properties":{"id":"c42c8b9bfdee","NAME":"民權路","PSTART":"中興路","PEND":"民生路","SW_DIRECT":"1","SW_LENG":74.04,"SW_WTH":1.83,"SWW_WTH":1.25,"SW_RAMP":2,"VILL_NAME":"馬公市"},"geometry":{"type":"Polygon","coordinates":[[[119.567858,23.566641],[119.567888,23.566603],[119.567915,23.566596],[119.567911,23.566579],[119.567851,23.566603],[119.567842,23.566614],[119.567838,23.566631],[119.567943,23.567261],[119.56796,23.56726],[119.567858,23.566641]]]}},{"type":"Feature","properties":{"id":"6588a250cd64","NAME":"民權路","PSTART":"中興路","PEND":"民生路","SW_DIRECT":"2","SW_LENG":72.94,"SW_WTH":1.96,"SWW_WTH":1.96,"SW_RAMP":2,"VILL_NAME":"馬公市"},"geometry":{"type":"Polygon","coordinates":[[[119.56777,23.566659],[119.567762,23.566643],[119.567739,23.566627],[119.56772,23.566623],[119.567689,23.566629],[119.567696,23.566654],[119.567713,23.56665],[119.567755,23.566674],[119.567854,23.567274],[119.567873,23.567262],[119.56777,23.566659]]]}},{"type":"Feature","properties":{"id":"e4c790263444","NAME":"民權路","PSTART":"仁愛路","PEND":"中興路","SW_DIRECT":"1","SW_LENG":154.08,"SW_WTH":1.84,"SWW_WTH":1.13,"SW_RAMP":1,"VILL_NAME":"馬公市"},"geometry":{"type":"Polygon","coordinates":[[[119.56787,23.566506],[119.567831,23.566482],[119.56761,23.565161],[119.567593,23.565163],[119.567814,23.566492],[119.567824,23.566511],[119.567842,23.566522],[119.567862,23.566525],[119.567893,23.566521],[119.567888,23.566501],[119.56787,23.566506]]]}},{"type":"Feature","properties":{"id":"01a09f6b8636","NAME":"民權路","PSTART":"仁愛路","PEND":"光明路","SW_DIRECT":"2","SW_LENG":89.33,"SW_WTH":1.98,"SWW_WTH":1.24,"SW_RAMP":0,"VILL_NAME":"馬公市"},"geometry":{"type":"Polygon","coordinates":[[[119.567659,23.565981],[119.567525,23.565184],[119.567506,23.565187],[119.567639,23.565984],[119.567659,23.565981]]]}},{"type":"Feature","properties":{"id":"b18fcd009780","NAME":"民權路","PSTART":"光明路","PEND":"中興路","SW_DIRECT":"2","SW_LENG":48.04,"SW_WTH":1.92,"SWW_WTH":1.13,"SW_RAMP":1,"VILL_NAME":"馬公市"},"geometry":{"type":"Polygon","coordinates":[[[119.567744,23.566547],[119.567748,23.566519],[119.567684,23.566137],[119.567665,23.56614],[119.567729,23.566506],[119.567698,23.566554],[119.567672,23.566561],[119.567679,23.566585],[119.567715,23.566574],[119.567732,23.566562],[119.567744,23.566547]]]}},{"type":"Feature","properties":{"id":"b696c3a11aee","NAME":"永泰街","PSTART":"新店路","PEND":"新生路","SW_DIRECT":"1","SW_LENG":139.75,"SW_WTH":9.0,"SWW_WTH":2.14,"SW_RAMP":5,"VILL_NAME":"馬公市"},"geometry":{"type":"MultiPolygon","coordinates":[[[[119.576111,23.567556],[119.576045,23.567608],[119.576447,23.568032],[119.576461,23.568038],[119.57648,23.568036],[119.57653,23.567997],[119.576111,23.567556]]],[[[119.576917,23.568434],[119.576792,23.568303],[119.57675,23.568235],[119.576578,23.568052],[119.576532,23.568089],[119.576527,23.568106],[119.57653,23.56812],[119.576856,23.568461],[119.576883,23.56846],[119.576917,23.568434]]],[[[119.577098,23.568627],[119.576967,23.568487],[119.576934,23.568515],[119.576929,23.568536],[119.576935,23.568547],[119.577043,23.56866],[119.577098,23.568627]]]]}},{"type":"Feature","properties":{"id":"25ea988cd8df","NAME":"永泰街","PSTART":"新營路","PEND":"新店路","SW_DIRECT":"2","SW_LENG":14.75,"SW_WTH":4.36,"SWW_WTH":2.51,"SW_RAMP":0,"VILL_NAME":"馬公市"},"geometry":{"type":"Polygon","coordinates":[[[119.575717,23.567446],[119.575749,23.567419],[119.575652,23.567319],[119.575621,23.567346],[119.575717,23.567446]]]}},{"type":"Feature","properties":{"id":"82279257a426","NAME":"永順街","PSTART":"新營路","PEND":"新店路","SW_DIRECT":"1","SW_LENG":14.77,"SW_WTH":4.3,"SWW_WTH":2.54,"SW_RAMP":0,"VILL_NAME":"馬公市"},"geometry":{"type":"Polygon","coordinates":[[[119.575019,23.568043],[119.574928,23.567948],[119.574927,23.567941],[119.574892,23.56797],[119.574988,23.56807],[119.575019,23.568043]]]}},{"type":"Feature","properties":{"id":"0a3d1f621be5","NAME":"永順街","PSTART":"新營路","PEND":"新店路","SW_DIRECT":"2","SW_LENG":15.39,"SW_WTH":4.29,"SWW_WTH":2.53,"SW_RAMP":0,"VILL_NAME":"馬公市"},"geometry":{"type":"Polygon","coordinates":[[[119.574918,23.568131],[119.574821,23.568027],[119.574787,23.568053],[119.574888,23.568158],[119.574918,23.568131]]]}},{"type":"Feature","properties":{"id":"064e0e177075","NAME":"永祿街","PSTART":"新店路","PEND":"新明路","SW_DIRECT":"1","SW_LENG":81.62,"SW_WTH":3.62,"SWW_WTH":2.15,"SW_RAMP":3,"VILL_NAME":"馬公市"},"geometry":{"type":"Polygon","coordinates":[[[119.579623,23.565492],[119.57965,23.56547],[119.579117,23.56493],[119.579111,23.564924],[119.579085,23.564947],[119.579623,23.565492]]]}},{"type":"Feature","properties":{"id":"97f8841428ea","NAME":"永祿街","PSTART":"新店路","PEND":"新明路","SW_DIRECT":"2","SW_LENG":87.09,"SW_WTH":3.58,"SWW_WTH":2.13,"SW_RAMP":4,"VILL_NAME":"馬公市"},"geometry":{"type":"Polygon","coordinates":[[[119.579562,23.565625],[119.579561,23.565587],[119.579554,23.565567],[119.579007,23.56501],[119.578981,23.565032],[119.579562,23.565625]]]}},{"type":"Feature","properties":{"id":"94f81d6b30b2","NAME":"永祿街","PSTART":"新明路","PEND":"新生路","SW_DIRECT":"1","SW_LENG":79.68,"SW_WTH":2.2,"SWW_WTH":0.93,"SW_RAMP":3,"VILL_NAME":"馬公市"},"geometry":{"type":"MultiPolygon","coordinates":[[[[119.580047,23.565891],[119.579817,23.565659],[119.579812,23.565666],[119.579812,23.565684],[119.580015,23.565891],[119.580031,23.565894],[119.580047,23.565891]]],[[[119.580373,23.566226],[119.580151,23.566],[119.580146,23.566017],[119.58015,23.566027],[119.580376,23.566258],[119.580393,23.566243],[119.580373,23.566226]]]]}},{"type":"Feature","properties":{"id":"6704e432742b","NAME":"永祿街","PSTART":"新明路","PEND":"新生路","SW_DIRECT":"2","SW_LENG":79.17,"SW_WTH":3.29,"SWW_WTH":1.08,"SW_RAMP":3,"VILL_NAME":"馬公市"},"geometry":{"type":"MultiPolygon","coordinates":[[[[119.580068,23.566089],[119.580035,23.56607],[119.579992,23.566057],[119.580235,23.566303],[119.580259,23.566283],[119.580068,23.566089]]],[[[119.579709,23.565734],[119.579694,23.565738],[119.579911,23.565959],[119.579916,23.565945],[119.579913,23.565932],[119.579723,23.565738],[119.579709,23.565734]]]]}},{"type":"Feature","properties":{"id":"54a9063e5766","NAME":"永祿街","PSTART":"新營路","PEND":"新店路","SW_DIRECT":"1","SW_LENG":15.02,"SW_WTH":2.8,"SWW_WTH":2.8,"SW_RAMP":0,"VILL_NAME":"馬公市"},"geometry":{"type":"Polygon","coordinates":[[[119.57888,23.564704],[119.578782,23.564602],[119.578762,23.564619],[119.57886,23.56472],[119.57888,23.564704]]]}},{"type":"Feature","properties":{"id":"82a824606bdc","NAME":"永祿街","PSTART":"新營路","PEND":"新店路","SW_DIRECT":"2","SW_LENG":12.26,"SW_WTH":2.49,"SWW_WTH":1.54,"SW_RAMP":0,"VILL_NAME":"馬公市"},"geometry":{"type":"Polygon","coordinates":[[[119.578765,23.564796],[119.578782,23.564781],[119.578702,23.564699],[119.578684,23.564714],[119.578765,23.564796]]]}},{"type":"Feature","properties":{"id":"00f4a207a547","NAME":"永壽街","PSTART":"新店路","PEND":"新明路","SW_DIRECT":"1","SW_LENG":14.48,"SW_WTH":3.52,"SWW_WTH":3.52,"SW_RAMP":0,"VILL_NAME":"馬公市"},"geometry":{"type":"Polygon","coordinates":[[[119.58062,23.56488],[119.580526,23.56478],[119.5805,23.564801],[119.580592,23.564898],[119.58062,23.56488]]]}},{"type":"Feature","properties":{"id":"b2d0d52c6766","NAME":"永壽街","PSTART":"新店路","PEND":"新明路","SW_DIRECT":"2","SW_LENG":107.41,"SW_WTH":3.59,"SWW_WTH":2.12,"SW_RAMP":3,"VILL_NAME":"馬公市"},"geometry":{"type":"Polygon","coordinates":[[[119.580513,23.565001],[119.580543,23.564984],[119.579856,23.564257],[119.579851,23.564253],[119.579826,23.564275],[119.580513,23.565001]]]}},{"type":"Feature","properties":{"id":"50766afa67aa","NAME":"永壽街","PSTART":"新營路","PEND":"新店路","SW_DIRECT":"1","SW_LENG":18.24,"SW_WTH":4.38,"SWW_WTH":2.54,"SW_RAMP":1,"VILL_NAME":"馬公市"},"geometry":{"type":"Polygon","coordinates":[[[119.579755,23.563964],[119.579642,23.563839],[119.579609,23.563865],[119.579727,23.563991],[119.579755,23.563964]]]}},{"type":"Feature","properties":{"id":"739031368cfb","NAME":"永壽街","PSTART":"新營路","PEND":"新店路","SW_DIRECT":"2","SW_LENG":17.58,"SW_WTH":4.34,"SWW_WTH":2.52,"SW_RAMP":1,"VILL_NAME":"馬公市"},"geometry":{"type":"Polygon","coordinates":[[[119.579666,23.564052],[119.579552,23.563929],[119.579521,23.563957],[119.579633,23.564074],[119.579666,23.564052]]]}},{"type":"Feature","properties":{"id":"78d9c550c45e","NAME":"永福街","PSTART":"新生路","PEND":"文城二路","SW_DIRECT":"1","SW_LENG":10.42,"SW_WTH":6.1,"SWW_WTH":1.97,"SW_RAMP":1,"VILL_NAME":"馬公市"},"geometry":{"type":"Polygon","coordinates":[[[119.579297,23.567169],[119.579338,23.567153],[119.579295,23.567066],[119.579242,23.567092],[119.579277,23.56716],[119.579297,23.567169]]]}},{"type":"Feature","properties":{"id":"40dde89a0bbf","NAME":"永福街","PSTART":"新生路","PEND":"文城三路","SW_DIRECT":"2","SW_LENG":126.24,"SW_WTH":1.96,"SWW_WTH":1.72,"SW_RAMP":0,"VILL_NAME":"馬公市"},"geometry":{"type":"Polygon","coordinates":[[[119.579888,23.568033],[119.579805,23.567976],[119.579681,23.567873],[119.579545,23.567742],[119.579453,23.567636],[119.579409,23.567576],[119.579371,23.567511],[119.579179,23.567133],[119.579175,23.567128],[119.579155,23.567139],[119.579169,23.56716],[119.579356,23.567527],[119.579392,23.567587],[119.579438,23.56765],[119.579526,23.567752],[119.579632,23.567855],[119.579709,23.567923],[119.579818,23.56801],[119.579877,23.56805],[119.579888,23.568033]]]}},{"type":"Feature","properties":{"id":"6221fcea8a59","NAME":"永福街","PSTART":"新店路","PEND":"新生路","SW_DIRECT":"2","SW_LENG":148.49,"SW_WTH":7.22,"SWW_WTH":2.0,"SW_RAMP":0,"VILL_NAME":"馬公市"},"geometry":{"type":"Polygon","coordinates":[[[119.579019,23.566857],[119.578719,23.566533],[119.578687,23.566531],[119.578568,23.566403],[119.57857,23.566373],[119.578069,23.565836],[119.578018,23.565878],[119.578897,23.566823],[119.578922,23.566925],[119.579019,23.566857]]]}},{"type":"Feature","properties":{"id":"8fdacdf51a3a","NAME":"永福街","PSTART":"新店路","PEND":"新明路","SW_DIRECT":"1","SW_LENG":82.76,"SW_WTH":2.07,"SWW_WTH":0.8,"SW_RAMP":0,"VILL_NAME":"馬公市"},"geometry":{"type":"MultiPolygon","coordinates":[[[[119.5784,23.566011],[119.578162,23.565757],[119.578147,23.565769],[119.578385,23.566023],[119.5784,23.566011]]],[[[119.578665,23.566296],[119.578437,23.566051],[119.578422,23.566063],[119.578639,23.566296],[119.578651,23.566301],[119.578665,23.566296]]]]}},{"type":"Feature","properties":{"id":"c9bde9ff690f","NAME":"永福街","PSTART":"新明路","PEND":"新生路","SW_DIRECT":"1","SW_LENG":33.39,"SW_WTH":2.05,"SWW_WTH":0.93,"SW_RAMP":0,"VILL_NAME":"馬公市"},"geometry":{"type":"Polygon","coordinates":[[[119.5791,23.566792],[119.579115,23.56678],[119.578902,23.566551],[119.57891,23.566545],[119.578865,23.566497],[119.578877,23.566336],[119.578797,23.566404],[119.578789,23.56643],[119.578794,23.566457],[119.5791,23.566792]]]}},{"type":"Feature","properties":{"id":"8cc51ee4117b","NAME":"永福街","PSTART":"新營路","PEND":"新店路","SW_DIRECT":"1","SW_LENG":21.44,"SW_WTH":2.33,"SWW_WTH":1.4,"SW_RAMP":0,"VILL_NAME":"馬公市"},"geometry":{"type":"Polygon","coordinates":[[[119.577961,23.565537],[119.577943,23.565524],[119.57782,23.565394],[119.57781,23.565402],[119.577818,23.565422],[119.577837,23.565446],[119.577933,23.565544],[119.577944,23.565552],[119.577961,23.565537]]]}},{"type":"Feature","properties":{"id":"c5d113321e73","NAME":"永福街","PSTART":"新營路","PEND":"新店路","SW_DIRECT":"2","SW_LENG":14.22,"SW_WTH":1.84,"SWW_WTH":0.91,"SW_RAMP":0,"VILL_NAME":"馬公市"},"geometry":{"type":"MultiPolygon","coordinates":[[[[119.577863,23.56562],[119.577818,23.565572],[119.577801,23.565576],[119.577833,23.565614],[119.577842,23.565637],[119.577863,23.56562]]],[[[119.577754,23.565505],[119.577697,23.56549],[119.577681,23.565503],[119.57772,23.565507],[119.577751,23.565528],[119.577754,23.565505]]]]}},{"type":"Feature","properties":{"id":"5d8ca6724353","NAME":"光明路","PSTART":"中正路","PEND":"建國路","SW_DIRECT":"1","SW_LENG":56.65,"SW_WTH":2.87,"SWW_WTH":1.2,"SW_RAMP":1,"VILL_NAME":"馬公市"},"geometry":{"type":"Polygon","coordinates":[[[119.565511,23.566265],[119.565986,23.566157],[119.565994,23.566154],[119.565985,23.566129],[119.565526,23.566236],[119.565483,23.56621],[119.565447,23.566213],[119.565454,23.566248],[119.565468,23.566259],[119.565488,23.566265],[119.565511,23.566265]]]}},{"type":"Feature","properties":{"id":"9065be2a773e","NAME":"光明路","PSTART":"中正路","PEND":"建國路","SW_DIRECT":"2","SW_LENG":56.25,"SW_WTH":2.81,"SWW_WTH":1.32,"SW_RAMP":2,"VILL_NAME":"馬公市"},"geometry":{"type":"Polygon","coordinates":[[[119.565534,23.566332],[119.565759,23.566284],[119.565758,23.566281],[119.565992,23.566228],[119.565987,23.566202],[119.565493,23.566316],[119.565477,23.566325],[119.565467,23.566336],[119.565463,23.566352],[119.565464,23.566379],[119.565506,23.566375],[119.565514,23.566354],[119.565535,23.566336],[119.565534,23.566332]]]}},{"type":"Feature","properties":{"id":"4285504e088c","NAME":"光明路","PSTART":"民族路","PEND":"惠民一路","SW_DIRECT":"1","SW_LENG":59.58,"SW_WTH":1.85,"SWW_WTH":1.61,"SW_RAMP":1,"VILL_NAME":"馬公市"},"geometry":{"type":"Polygon","coordinates":[[[119.564187,23.566559],[119.564665,23.566452],[119.564701,23.566404],[119.564701,23.566397],[119.564679,23.566399],[119.564652,23.566438],[119.56421,23.566539],[119.564208,23.566535],[119.564186,23.566539],[119.564159,23.566523],[119.564151,23.566524],[119.564147,23.566501],[119.564126,23.566504],[119.564129,23.566522],[119.564139,23.566535],[119.564167,23.566554],[119.564187,23.566559]]]}},{"type":"Feature","properties":{"id":"516f4df35c65","NAME":"光明路","PSTART":"民族路","PEND":"惠民一路","SW_DIRECT":"2","SW_LENG":58.92,"SW_WTH":2.05,"SWW_WTH":2.05,"SW_RAMP":2,"VILL_NAME":"馬公市"},"geometry":{"type":"Polygon","coordinates":[[[119.564187,23.566678],[119.564213,23.566639],[119.564237,23.566633],[119.564669,23.566535],[119.564693,23.566557],[119.564715,23.566556],[119.564695,23.566528],[119.564679,23.566516],[119.564669,23.566515],[119.564231,23.566616],[119.564193,23.566628],[119.56417,23.56665],[119.564157,23.566683],[119.564187,23.566678]]]}},{"type":"Feature","properties":{"id":"070d53b23ae4","NAME":"光明路","PSTART":"建國路","PEND":"重慶街","SW_DIRECT":"1","SW_LENG":72.09,"SW_WTH":3.21,"SWW_WTH":1.67,"SW_RAMP":1,"VILL_NAME":"馬公市"},"geometry":{"type":"Polygon","coordinates":[[[119.566874,23.566065],[119.566884,23.566031],[119.566861,23.566032],[119.566846,23.56605],[119.566812,23.566053],[119.566455,23.56607],[119.566455,23.566074],[119.566173,23.566088],[119.566175,23.566113],[119.566851,23.566079],[119.566861,23.566076],[119.566874,23.566065]]]}},{"type":"Feature","properties":{"id":"5c7ad059019f","NAME":"光明路","PSTART":"建國路","PEND":"重慶街","SW_DIRECT":"2","SW_LENG":50.29,"SW_WTH":2.87,"SWW_WTH":1.4,"SW_RAMP":1,"VILL_NAME":"馬公市"},"geometry":{"type":"Polygon","coordinates":[[[119.566422,23.566172],[119.566856,23.566152],[119.566876,23.566173],[119.566912,23.566171],[119.566889,23.566138],[119.566875,23.566128],[119.566859,23.566124],[119.566412,23.566146],[119.566422,23.566172]]]}},{"type":"Feature","properties":{"id":"8983851ce3db","NAME":"光明路","PSTART":"重慶街","PEND":"民權路","SW_DIRECT":"1","SW_LENG":74.14,"SW_WTH":2.83,"SWW_WTH":1.5,"SW_RAMP":2,"VILL_NAME":"馬公市"},"geometry":{"type":"Polygon","coordinates":[[[119.566979,23.56607],[119.567602,23.566037],[119.567627,23.566028],[119.567641,23.566018],[119.567654,23.566001],[119.567659,23.565981],[119.567639,23.565984],[119.567615,23.566011],[119.567567,23.566015],[119.566978,23.566044],[119.566957,23.56602],[119.566933,23.566023],[119.566952,23.566056],[119.566979,23.56607]]]}},{"type":"Feature","properties":{"id":"2344141442f3","NAME":"光明路","PSTART":"重慶街","PEND":"民權路","SW_DIRECT":"2","SW_LENG":73.42,"SW_WTH":2.57,"SWW_WTH":1.27,"SW_RAMP":1,"VILL_NAME":"馬公市"},"geometry":{"type":"Polygon","coordinates":[[[119.56701,23.566141],[119.567593,23.566112],[119.567641,23.566123],[119.567665,23.56614],[119.567684,23.566137],[119.567673,23.566118],[119.56765,23.5661],[119.567615,23.566091],[119.567573,23.566089],[119.567004,23.566118],[119.566984,23.566127],[119.566974,23.566136],[119.566966,23.566149],[119.566964,23.566166],[119.567011,23.566164],[119.56701,23.566141]]]}},{"type":"Feature","properties":{"id":"7df483b2483b","NAME":"光明路","PSTART":"惠民一路","PEND":"中正路","SW_DIRECT":"1","SW_LENG":61.84,"SW_WTH":2.27,"SWW_WTH":1.99,"SW_RAMP":0,"VILL_NAME":"馬公市"},"geometry":{"type":"MultiPolygon","coordinates":[[[[119.565377,23.566274],[119.565382,23.566264],[119.565382,23.566248],[119.565346,23.56625],[119.565327,23.566273],[119.565324,23.56627],[119.565318,23.566277],[119.565319,23.566281],[119.565031,23.566346],[119.56504,23.566358],[119.565051,23.566362],[119.565357,23.566291],[119.565377,23.566274]]],[[[119.56484,23.566411],[119.564993,23.566376],[119.565002,23.566368],[119.565005,23.566358],[119.565002,23.566354],[119.564828,23.566393],[119.564789,23.566366],[119.564765,23.566368],[119.564766,23.566381],[119.564822,23.566409],[119.56484,23.566411]]]]}},{"type":"Feature","properties":{"id":"ce3cd5b8b4a4","NAME":"光明路","PSTART":"惠民一路","PEND":"中正路","SW_DIRECT":"2","SW_LENG":64.71,"SW_WTH":2.22,"SWW_WTH":1.98,"SW_RAMP":2,"VILL_NAME":"馬公市"},"geometry":{"type":"Polygon","coordinates":[[[119.565395,23.566389],[119.565386,23.566373],[119.565376,23.566365],[119.565345,23.56636],[119.564819,23.56648],[119.564803,23.566488],[119.564792,23.566502],[119.564779,23.566532],[119.56478,23.566542],[119.564799,23.566541],[119.564825,23.566498],[119.565321,23.566386],[119.565359,23.566413],[119.565398,23.56641],[119.565395,23.566389]]]}},{"type":"Feature","properties":{"id":"ef8a71a50246","NAME":"光復路","PSTART":"三多路","PEND":"四維路","SW_DIRECT":"1","SW_LENG":112.8,"SW_WTH":1.87,"SWW_WTH":0.96,"SW_RAMP":2,"VILL_NAME":"馬公市"},"geometry":{"type":"MultiPolygon","coordinates":[[[[119.576101,23.576683],[119.576091,23.576668],[119.576059,23.576677],[119.576009,23.576667],[119.575642,23.576327],[119.575634,23.576334],[119.575648,23.576357],[119.575997,23.576683],[119.576025,23.576697],[119.576069,23.576701],[119.576101,23.576683]]],[[[119.575393,23.576097],[119.575257,23.575965],[119.575243,23.575978],[119.575365,23.576092],[119.575393,23.576097]]],[[[119.575595,23.576285],[119.57545,23.576149],[119.575445,23.576155],[119.575444,23.576163],[119.575449,23.576171],[119.575571,23.576285],[119.575579,23.576289],[119.575595,23.576285]]]]}},{"type":"Feature","properties":{"id":"0fcc9176c333","NAME":"光復路","PSTART":"三多路","PEND":"四維路","SW_DIRECT":"2","SW_LENG":128.8,"SW_WTH":2.08,"SWW_WTH":0.92,"SW_RAMP":1,"VILL_NAME":"馬公市"},"geometry":{"type":"MultiPolygon","coordinates":[[[[119.575383,23.576249],[119.575375,23.576247],[119.575359,23.57625],[119.575726,23.576593],[119.575732,23.576579],[119.575724,23.576567],[119.575383,23.576249]]],[[[119.575042,23.575932],[119.575023,23.575936],[119.575329,23.576221],[119.575334,23.576205],[119.575329,23.576198],[119.575042,23.575932]]],[[[119.575784,23.576631],[119.575771,23.576638],[119.575891,23.576751],[119.575893,23.576773],[119.575886,23.576797],[119.575859,23.57682],[119.57587,23.576836],[119.575901,23.576816],[119.575908,23.576807],[119.575916,23.576778],[119.575913,23.576754],[119.575895,23.576728],[119.575798,23.576636],[119.575784,23.576631]]]]}},{"type":"Feature","properties":{"id":"029ebe4db3b2","NAME":"光復路","PSTART":"大仁街","PEND":"大勇街","SW_DIRECT":"1","SW_LENG":24.5,"SW_WTH":3.31,"SWW_WTH":1.67,"SW_RAMP":2,"VILL_NAME":"馬公市"},"geometry":{"type":"Polygon","coordinates":[[[119.57118,23.572312],[119.571198,23.572305],[119.571071,23.572163],[119.571073,23.57212],[119.571065,23.57212],[119.571056,23.572159],[119.57106,23.572193],[119.571149,23.572298],[119.57118,23.572312]]]}},{"type":"Feature","properties":{"id":"b86973c6f750","NAME":"光復路","PSTART":"大勇街","PEND":"永安街15巷","SW_DIRECT":"1","SW_LENG":65.31,"SW_WTH":2.12,"SWW_WTH":0.64,"SW_RAMP":0,"VILL_NAME":"馬公市"},"geometry":{"type":"Polygon","coordinates":[[[119.571803,23.572864],[119.571347,23.57245],[119.571331,23.572464],[119.571788,23.572876],[119.571803,23.572864]]]}},{"type":"Feature","properties":{"id":"b45c7bc01e02","NAME":"光復路","PSTART":"大智街","PEND":"大智街24巷13弄","SW_DIRECT":"1","SW_LENG":23.69,"SW_WTH":3.26,"SWW_WTH":1.93,"SW_RAMP":2,"VILL_NAME":"馬公市"},"geometry":{"type":"Polygon","coordinates":[[[119.570615,23.571637],[119.570626,23.571634],[119.570629,23.571624],[119.57059,23.571621],[119.570473,23.57149],[119.570464,23.571489],[119.570456,23.571505],[119.570458,23.57152],[119.570547,23.57162],[119.570567,23.571632],[119.570615,23.571637]]]}},{"type":"Feature","properties":{"id":"e68e05c0537f","NAME":"光復路","PSTART":"大智街24巷13弄","PEND":"大智街24巷27弄","SW_DIRECT":"1","SW_LENG":16.38,"SW_WTH":3.3,"SWW_WTH":2.1,"SW_RAMP":2,"VILL_NAME":"馬公市"},"geometry":{"type":"Polygon","coordinates":[[[119.570749,23.571828],[119.570757,23.571827],[119.570763,23.571816],[119.570667,23.571709],[119.570659,23.571709],[119.570652,23.571728],[119.570658,23.571745],[119.570725,23.57182],[119.570749,23.571828]]]}},{"type":"Feature","properties":{"id":"21759eaae0f1","NAME":"光復路","PSTART":"大智街24巷27弄","PEND":"大仁街","SW_DIRECT":"1","SW_LENG":23.39,"SW_WTH":3.3,"SWW_WTH":2.22,"SW_RAMP":2,"VILL_NAME":"馬公市"},"geometry":{"type":"Polygon","coordinates":[[[119.570945,23.572051],[119.570966,23.572044],[119.570844,23.571913],[119.570846,23.571866],[119.570849,23.571863],[119.570844,23.571859],[119.570826,23.57189],[119.570825,23.571932],[119.570921,23.572041],[119.570945,23.572051]]]}},{"type":"Feature","properties":{"id":"70329b3b389b","NAME":"光復路","PSTART":"文光路","PEND":"文光路84巷","SW_DIRECT":"2","SW_LENG":186.35,"SW_WTH":3.34,"SWW_WTH":1.2,"SW_RAMP":0,"VILL_NAME":"馬公市"},"geometry":{"type":"MultiPolygon","coordinates":[[[[119.571066,23.572332],[119.57016,23.571315],[119.570139,23.57133],[119.571061,23.572368],[119.571068,23.572362],[119.571071,23.57235],[119.571066,23.572332]]],[[[119.569942,23.571073],[119.569938,23.571073],[119.569847,23.570974],[119.56982,23.570967],[119.569789,23.570973],[119.569797,23.570982],[119.569817,23.570982],[119.569834,23.570994],[119.57004,23.571226],[119.570049,23.57122],[119.570056,23.57121],[119.570058,23.5712],[119.569942,23.571073]]]]}},{"type":"Feature","properties":{"id":"7d0b560b5797","NAME":"光復路","PSTART":"文光路84巷","PEND":"陽明路","SW_DIRECT":"2","SW_LENG":111.36,"SW_WTH":2.63,"SWW_WTH":1.15,"SW_RAMP":3,"VILL_NAME":"馬公市"},"geometry":{"type":"MultiPolygon","coordinates":[[[[119.572005,23.573212],[119.571444,23.572704],[119.571426,23.572721],[119.571618,23.572894],[119.571635,23.572902],[119.571676,23.572941],[119.571679,23.572938],[119.571992,23.573224],[119.572005,23.573212]]],[[[119.571184,23.572467],[119.571169,23.572479],[119.57129,23.572594],[119.571304,23.572579],[119.5713,23.572572],[119.571197,23.572474],[119.571184,23.572467]]],[[[119.571341,23.572614],[119.571325,23.572626],[119.571413,23.572715],[119.57143,23.572702],[119.571431,23.572692],[119.571341,23.572614]]]]}},{"type":"Feature","properties":{"id":"a08e3bde9064","NAME":"光復路","PSTART":"北辰街","PEND":"大智街","SW_DIRECT":"1","SW_LENG":35.58,"SW_WTH":2.87,"SWW_WTH":2.08,"SW_RAMP":2,"VILL_NAME":"馬公市"},"geometry":{"type":"Polygon","coordinates":[[[119.570365,23.571389],[119.570395,23.571382],[119.570415,23.571369],[119.570357,23.571365],[119.570226,23.571218],[119.570233,23.571166],[119.57022,23.571151],[119.570212,23.571161],[119.570201,23.571195],[119.570198,23.571218],[119.570202,23.57123],[119.570337,23.571382],[119.570365,23.571389]]]}},{"type":"Feature","properties":{"id":"7d0c06abd91f","NAME":"光復路","PSTART":"民生路","PEND":"光復路5巷","SW_DIRECT":"2","SW_LENG":28.89,"SW_WTH":2.01,"SWW_WTH":1.52,"SW_RAMP":1,"VILL_NAME":"馬公市"},"geometry":{"type":"Polygon","coordinates":[[[119.567957,23.567742],[119.567888,23.567504],[119.567887,23.567501],[119.567868,23.567503],[119.567941,23.567757],[119.567956,23.567751],[119.567957,23.567742]]]}},{"type":"Feature","properties":{"id":"b7d1e030c089","NAME":"光復路","PSTART":"永安街15巷","PEND":"陽明路","SW_DIRECT":"1","SW_LENG":66.36,"SW_WTH":1.86,"SWW_WTH":0.51,"SW_RAMP":1,"VILL_NAME":"馬公市"},"geometry":{"type":"Polygon","coordinates":[[[119.572286,23.573298],[119.572315,23.573293],[119.57238,23.573265],[119.572373,23.573251],[119.572306,23.573281],[119.572276,23.573281],[119.572255,23.573272],[119.571837,23.572896],[119.571831,23.572903],[119.571831,23.572912],[119.571836,23.572919],[119.572225,23.573271],[119.572254,23.573293],[119.572286,23.573298]]]}},{"type":"Feature","properties":{"id":"606a304e04c1","NAME":"光復路","PSTART":"光復路154巷","PEND":"光復路162巷","SW_DIRECT":"1","SW_LENG":18.06,"SW_WTH":1.86,"SWW_WTH":0.97,"SW_RAMP":0,"VILL_NAME":"馬公市"},"geometry":{"type":"Polygon","coordinates":[[[119.573079,23.574013],[119.572951,23.573901],[119.572944,23.573908],[119.572945,23.573916],[119.573066,23.574025],[119.573079,23.574013]]]}},{"type":"Feature","properties":{"id":"885709a8ccdd","NAME":"光復路","PSTART":"光復路162巷","PEND":"朝陽路","SW_DIRECT":"1","SW_LENG":39.78,"SW_WTH":1.85,"SWW_WTH":0.94,"SW_RAMP":0,"VILL_NAME":"馬公市"},"geometry":{"type":"Polygon","coordinates":[[[119.573434,23.574318],[119.573397,23.574295],[119.573395,23.574297],[119.573151,23.574079],[119.573142,23.574086],[119.573149,23.5741],[119.57339,23.574316],[119.573405,23.574324],[119.573431,23.574328],[119.573434,23.574318]]]}},{"type":"Feature","properties":{"id":"c32950c510e8","NAME":"光復路","PSTART":"光復路5巷","PEND":"樹德路","SW_DIRECT":"2","SW_LENG":106.57,"SW_WTH":2.03,"SWW_WTH":0.79,"SW_RAMP":3,"VILL_NAME":"馬公市"},"geometry":{"type":"Polygon","coordinates":[[[119.568241,23.568712],[119.567972,23.567789],[119.567962,23.567785],[119.56795,23.567787],[119.568221,23.568717],[119.568241,23.568712]]]}},{"type":"Feature","properties":{"id":"c7667ce0b8c9","NAME":"光復路","PSTART":"治平路","PEND":"新村路","SW_DIRECT":"1","SW_LENG":78.95,"SW_WTH":2.12,"SWW_WTH":1.3,"SW_RAMP":0,"VILL_NAME":"馬公市"},"geometry":{"type":"Polygon","coordinates":[[[119.569258,23.570158],[119.568786,23.569594],[119.568772,23.569602],[119.568779,23.569616],[119.569241,23.57017],[119.569258,23.570158]]]}},{"type":"Feature","properties":{"id":"99b6694a1670","NAME":"光復路","PSTART":"治平路","PEND":"新村路","SW_DIRECT":"2","SW_LENG":85.98,"SW_WTH":2.09,"SWW_WTH":0.87,"SW_RAMP":0,"VILL_NAME":"馬公市"},"geometry":{"type":"Polygon","coordinates":[[[119.56918,23.570198],[119.568672,23.569588],[119.568665,23.569582],[119.56865,23.569592],[119.569164,23.570206],[119.56918,23.570198]]]}},{"type":"Feature","properties":{"id":"655b19b6a082","NAME":"光復路","PSTART":"朝陽路","PEND":"三多路","SW_DIRECT":"1","SW_LENG":209.7,"SW_WTH":2.1,"SWW_WTH":0.86,"SW_RAMP":0,"VILL_NAME":"馬公市"},"geometry":{"type":"Polygon","coordinates":[[[119.574957,23.575706],[119.574968,23.575698],[119.57406,23.574887],[119.573936,23.574776],[119.573916,23.574772],[119.573729,23.574606],[119.573723,23.574585],[119.573571,23.574449],[119.573589,23.57438],[119.573584,23.574363],[119.573557,23.574378],[119.573545,23.5744],[119.573542,23.574429],[119.573553,23.574455],[119.573572,23.574478],[119.57494,23.575699],[119.574957,23.575706]]]}},{"type":"Feature","properties":{"id":"4a95a85c3f3a","NAME":"光復路","PSTART":"朝陽路","PEND":"三多路","SW_DIRECT":"2","SW_LENG":209.35,"SW_WTH":1.89,"SWW_WTH":0.96,"SW_RAMP":0,"VILL_NAME":"馬公市"},"geometry":{"type":"Polygon","coordinates":[[[119.574873,23.575779],[119.574854,23.575758],[119.573411,23.57447],[119.573395,23.574463],[119.57339,23.574475],[119.574859,23.575789],[119.574873,23.575779]]]}},{"type":"Feature","properties":{"id":"716a48cbded5","NAME":"光復路","PSTART":"陽明路","PEND":"光復路148巷","SW_DIRECT":"1","SW_LENG":72.14,"SW_WTH":2.29,"SWW_WTH":1.66,"SW_RAMP":0,"VILL_NAME":"馬公市"},"geometry":{"type":"MultiPolygon","coordinates":[[[[119.572836,23.57379],[119.57261,23.573588],[119.572595,23.573602],[119.572821,23.573804],[119.572836,23.57379]]],[[[119.572431,23.573354],[119.572416,23.573368],[119.572404,23.573394],[119.572405,23.573416],[119.572412,23.573437],[119.572543,23.573557],[119.572565,23.573568],[119.57257,23.573567],[119.572575,23.573563],[119.572432,23.573432],[119.572425,23.573417],[119.572423,23.573398],[119.57243,23.573382],[119.572443,23.573366],[119.572431,23.573354]]]]}},{"type":"Feature","properties":{"id":"c9e39496c1ba","NAME":"光復路","PSTART":"陽明路","PEND":"朝陽路","SW_DIRECT":"2","SW_LENG":145.26,"SW_WTH":1.86,"SWW_WTH":1.86,"SW_RAMP":0,"VILL_NAME":"馬公市"},"geometry":{"type":"Polygon","coordinates":[[[119.573242,23.574332],[119.573235,23.574314],[119.57232,23.573495],[119.572313,23.57349],[119.572262,23.573483],[119.572225,23.573485],[119.572183,23.573495],[119.572188,23.573511],[119.572226,23.573502],[119.572269,23.5735],[119.572313,23.573512],[119.573236,23.574338],[119.573242,23.574332]]]}},{"type":"Feature","properties":{"id":"b7eae9cf83b5","NAME":"光復路","PSTART":"新生路","PEND":"樹德路","SW_DIRECT":"1","SW_LENG":119.22,"SW_WTH":2.04,"SWW_WTH":0.61,"SW_RAMP":0,"VILL_NAME":"馬公市"},"geometry":{"type":"Polygon","coordinates":[[[119.56833,23.568702],[119.568161,23.568121],[119.568158,23.568122],[119.568024,23.567659],[119.568013,23.567667],[119.568009,23.56768],[119.568308,23.568701],[119.56831,23.568707],[119.56833,23.568702]]]}},{"type":"Feature","properties":{"id":"ab32e6c12712","NAME":"光復路","PSTART":"新村路","PEND":"北辰街","SW_DIRECT":"1","SW_LENG":118.57,"SW_WTH":2.08,"SWW_WTH":1.16,"SW_RAMP":3,"VILL_NAME":"馬公市"},"geometry":{"type":"MultiPolygon","coordinates":[[[[119.570152,23.571073],[119.570141,23.571059],[119.57012,23.571058],[119.57011,23.571046],[119.570088,23.571063],[119.569698,23.570629],[119.569707,23.570623],[119.56969,23.570604],[119.569679,23.570613],[119.569674,23.570623],[119.569675,23.570632],[119.570071,23.571071],[119.570088,23.571078],[119.570117,23.57108],[119.570152,23.571073]]],[[[119.569651,23.570577],[119.569417,23.570316],[119.569401,23.570329],[119.569605,23.570555],[119.56963,23.570579],[119.569642,23.570581],[119.569651,23.570577]]]]}},{"type":"Feature","properties":{"id":"aa54d29a5675","NAME":"光復路","PSTART":"樹德路","PEND":"治平路","SW_DIRECT":"1","SW_LENG":60.56,"SW_WTH":2.1,"SWW_WTH":1.23,"SW_RAMP":2,"VILL_NAME":"馬公市"},"geometry":{"type":"MultiPolygon","coordinates":[[[[119.568485,23.569231],[119.568376,23.568869],[119.568357,23.568872],[119.568457,23.569218],[119.568465,23.569228],[119.568485,23.569231]]],[[[119.568646,23.569421],[119.568531,23.569286],[119.568514,23.569297],[119.568629,23.569432],[119.568646,23.569421]]]]}},{"type":"Feature","properties":{"id":"b5bb95326ec7","NAME":"光復路","PSTART":"樹德路","PEND":"治平路","SW_DIRECT":"2","SW_LENG":61.47,"SW_WTH":2.0,"SWW_WTH":1.38,"SW_RAMP":0,"VILL_NAME":"馬公市"},"geometry":{"type":"Polygon","coordinates":[[[119.568439,23.569394],[119.568288,23.568878],[119.568271,23.568882],[119.568306,23.569003],[119.568297,23.569004],[119.568302,23.569056],[119.568317,23.569055],[119.568334,23.56912],[119.568341,23.569124],[119.568421,23.569402],[119.568416,23.569411],[119.56843,23.56942],[119.568439,23.569403],[119.568439,23.569394]]]}},{"type":"Feature","properties":{"id":"926f90c56c80","NAME":"光復路162巷","PSTART":"朝陽路185巷","PEND":"朝陽路179巷","SW_DIRECT":"2","SW_LENG":41.63,"SW_WTH":2.07,"SWW_WTH":1.27,"SW_RAMP":1,"VILL_NAME":"馬公市"},"geometry":{"type":"Polygon","coordinates":[[[119.573951,23.573819],[119.573967,23.57379],[119.57398,23.573793],[119.574265,23.573698],[119.574289,23.573709],[119.574306,23.573694],[119.574292,23.57368],[119.57427,23.573677],[119.573944,23.573785],[119.573932,23.573796],[119.573929,23.573817],[119.573931,23.573824],[119.573951,23.573819]]]}},{"type":"Feature","properties":{"id":"ab9e88d3607e","NAME":"光榮街","PSTART":"朝陽路","PEND":"光榮街","SW_DIRECT":"2","SW_LENG":46.76,"SW_WTH":1.99,"SWW_WTH":1.59,"SW_RAMP":3,"VILL_NAME":"馬公市"},"geometry":{"type":"Polygon","coordinates":[[[119.573098,23.575009],[119.5728,23.574691],[119.572781,23.574699],[119.573082,23.575019],[119.573098,23.575009]]]}},{"type":"Feature","properties":{"id":"8a80305f3bb6","NAME":"光榮街","PSTART":"貿商路","PEND":"光榮街","SW_DIRECT":"1","SW_LENG":88.95,"SW_WTH":1.98,"SWW_WTH":1.57,"SW_RAMP":2,"VILL_NAME":"馬公市"},"geometry":{"type":"Polygon","coordinates":[[[119.572371,23.575338],[119.573082,23.575069],[119.573094,23.57506],[119.573103,23.575045],[119.573103,23.575018],[119.573098,23.575009],[119.573082,23.575019],[119.573085,23.575038],[119.573071,23.575054],[119.572382,23.575317],[119.572355,23.575319],[119.572337,23.575308],[119.572318,23.575316],[119.572341,23.575334],[119.572371,23.575338]]]}},{"type":"Feature","properties":{"id":"3cbdb697d3bd","NAME":"吉海路","PSTART":"無名","PEND":"無名","SW_DIRECT":"2","SW_LENG":33.3,"SW_WTH":2.43,"SWW_WTH":2.43,"SW_RAMP":2,"VILL_NAME":"馬公市"},"geometry":{"type":"Polygon","coordinates":[[[119.605433,23.530319],[119.605223,23.530087],[119.605204,23.530101],[119.605414,23.530334],[119.605433,23.530319]]]}},{"type":"Feature","properties":{"id":"f37b5f52b8b7","NAME":"吉海路","PSTART":"鎖港一路","PEND":"澎25","SW_DIRECT":"1","SW_LENG":1897.53,"SW_WTH":3.84,"SWW_WTH":0.65,"SW_RAMP":48,"VILL_NAME":"馬公市"},"geometry":{"type":"MultiPolygon","coordinates":[[[[119.612283,23.538288],[119.611687,23.536898],[119.611676,23.536902],[119.611669,23.536909],[119.611673,23.536918],[119.611663,23.536924],[119.611662,23.536931],[119.612225,23.538247],[119.612257,23.538317],[119.612309,23.538413],[119.612361,23.538493],[119.612419,23.538569],[119.612483,23.538641],[119.612589,23.538741],[119.612731,23.538847],[119.612942,23.538967],[119.612969,23.538944],[119.612738,23.53881],[119.612648,23.538745],[119.612571,23.538679],[119.612511,23.538619],[119.612448,23.538548],[119.612392,23.538474],[119.612341,23.538396],[119.612283,23.538288]]],[[[119.605919,23.530643],[119.605887,23.530642],[119.605888,23.53065],[119.605905,23.530658],[119.605896,23.530671],[119.606298,23.531107],[119.606308,23.531109],[119.606339,23.531098],[119.605919,23.530643]]],[[[119.60651,23.531283],[119.606377,23.531139],[119.606355,23.53116],[119.606355,23.531167],[119.606476,23.5313],[119.606493,23.531296],[119.60651,23.531283]]],[[[119.606562,23.531339],[119.606544,23.531351],[119.606537,23.531359],[119.606538,23.531366],[119.60663,23.531466],[119.606648,23.531464],[119.606665,23.531451],[119.606562,23.531339]]],[[[119.607585,23.532442],[119.606707,23.531497],[119.606682,23.531517],[119.606682,23.531522],[119.607052,23.531922],[119.60755,23.532457],[119.607568,23.532455],[119.607585,23.532442]]],[[[119.607637,23.532499],[119.607621,23.53251],[119.607613,23.53252],[119.607613,23.532525],[119.608446,23.533419],[119.608455,23.533421],[119.608479,23.533402],[119.607637,23.532499]]],[[[119.60863,23.533565],[119.608566,23.533496],[119.608543,23.533516],[119.608541,23.533522],[119.608598,23.533583],[119.608605,23.533584],[119.60863,23.533565]]],[[[119.608885,23.533839],[119.608676,23.533615],[119.608654,23.533634],[119.608653,23.533642],[119.608852,23.533855],[119.608859,23.533857],[119.608885,23.533839]]],[[[119.609849,23.534871],[119.608948,23.533907],[119.608925,23.533927],[119.608925,23.533934],[119.609691,23.534757],[119.609814,23.534885],[119.609832,23.534884],[119.609849,23.534871]]],[[[119.61056,23.535617],[119.609905,23.53493],[119.609894,23.534939],[119.60989,23.534945],[119.609896,23.534951],[119.609892,23.534968],[119.610528,23.535636],[119.610535,23.535636],[119.61056,23.535617]]],[[[119.610848,23.53592],[119.610706,23.535771],[119.61069,23.535784],[119.610684,23.535795],[119.610685,23.535801],[119.610817,23.535938],[119.610825,23.535938],[119.610848,23.53592]]],[[[119.611475,23.536579],[119.6109,23.535974],[119.610877,23.535994],[119.610876,23.536001],[119.611441,23.536594],[119.61145,23.536596],[119.611475,23.536579]]],[[[119.611595,23.536735],[119.611532,23.536648],[119.611509,23.536669],[119.611508,23.536676],[119.611603,23.536819],[119.611613,23.536822],[119.611641,23.536811],[119.611595,23.536735]]],[[[119.613185,23.539063],[119.613039,23.538982],[119.613025,23.539014],[119.613243,23.53914],[119.613395,23.539247],[119.613507,23.53934],[119.613585,23.539412],[119.613839,23.539684],[119.613846,23.539685],[119.613876,23.539671],[119.613622,23.539399],[119.613459,23.539254],[119.613385,23.539196],[119.613268,23.539114],[119.613185,23.539063]]],[[[119.614273,23.5401],[119.613934,23.539733],[119.613914,23.539758],[119.613914,23.539765],[119.614239,23.540116],[119.614247,23.540117],[119.614273,23.5401]]],[[[119.614874,23.540883],[119.614334,23.540165],[119.614317,23.540178],[119.61431,23.540185],[119.61431,23.540193],[119.614838,23.540895],[119.614847,23.540897],[119.614874,23.540883]]],[[[119.61516,23.541264],[119.614914,23.540936],[119.614889,23.540955],[119.614888,23.540961],[119.615125,23.541278],[119.615134,23.54128],[119.61516,23.541264]]],[[[119.615959,23.542327],[119.615348,23.541514],[119.615325,23.541528],[119.615322,23.541539],[119.615925,23.542342],[119.615933,23.542344],[119.615959,23.542327]]],[[[119.616924,23.543605],[119.616297,23.542778],[119.616272,23.542794],[119.616271,23.542802],[119.616646,23.543298],[119.616891,23.54362],[119.616898,23.543621],[119.616924,23.543605]]],[[[119.617055,23.543776],[119.616962,23.543654],[119.616938,23.543671],[119.616936,23.54368],[119.617088,23.543877],[119.617132,23.543943],[119.617253,23.544103],[119.617272,23.544094],[119.617151,23.543934],[119.617055,23.543776]]],[[[119.617673,23.544594],[119.617604,23.544521],[119.617462,23.544349],[119.617308,23.544146],[119.617294,23.544156],[119.617466,23.544379],[119.617808,23.544794],[119.617821,23.544809],[119.617836,23.544798],[119.61767,23.544596],[119.617673,23.544594]]],[[[119.618225,23.545291],[119.618232,23.545286],[119.618175,23.54521],[119.617881,23.544852],[119.617867,23.544866],[119.618156,23.545216],[119.618212,23.54529],[119.61822,23.545287],[119.618225,23.545291]]],[[[119.618341,23.545461],[119.61827,23.545341],[119.61826,23.545348],[119.618258,23.545357],[119.618323,23.545468],[119.618358,23.545539],[119.618391,23.545617],[119.618451,23.545784],[119.618457,23.545787],[119.618471,23.545783],[119.618386,23.545555],[119.618341,23.545461]]],[[[119.618633,23.546241],[119.618486,23.545822],[119.618467,23.54583],[119.618612,23.54624],[119.61862,23.546244],[119.618633,23.546241]]]]}},{"type":"Feature","properties":{"id":"6559c3a3ceb3","NAME":"吉海路","PSTART":"鎖港一路","PEND":"澎25","SW_DIRECT":"2","SW_LENG":1972.24,"SW_WTH":3.81,"SWW_WTH":1.62,"SW_RAMP":41,"VILL_NAME":"馬公市"},"geometry":{"type":"MultiPolygon","coordinates":[[[[119.609011,23.534177],[119.608976,23.534187],[119.609623,23.534881],[119.611305,23.536646],[119.611367,23.536715],[119.61139,23.536698],[119.611392,23.53669],[119.611334,23.536624],[119.609651,23.534859],[119.609019,23.534181],[119.609011,23.534177]]],[[[119.605809,23.530725],[119.605797,23.530731],[119.605784,23.530746],[119.606292,23.531298],[119.606308,23.531286],[119.606316,23.531271],[119.605809,23.530725]]],[[[119.60647,23.531441],[119.606442,23.531461],[119.607074,23.532143],[119.60709,23.53213],[119.607097,23.53212],[119.607096,23.532114],[119.60647,23.531441]]],[[[119.607133,23.532157],[119.607104,23.532176],[119.607222,23.532302],[119.607246,23.532282],[119.607246,23.532276],[119.607133,23.532157]]],[[[119.607291,23.532327],[119.607263,23.532346],[119.607717,23.532834],[119.607733,23.532821],[119.607741,23.532812],[119.607741,23.532807],[119.607291,23.532327]]],[[[119.607772,23.532843],[119.607743,23.532862],[119.607821,23.532946],[119.607837,23.532933],[119.607844,23.532919],[119.607772,23.532843]]],[[[119.607968,23.533056],[119.607936,23.533069],[119.608425,23.533595],[119.608441,23.533582],[119.60845,23.533574],[119.60845,23.533569],[119.607975,23.533059],[119.607968,23.533056]]],[[[119.608471,23.533594],[119.608442,23.533614],[119.608936,23.534144],[119.608953,23.534116],[119.608952,23.534109],[119.608471,23.533594]]],[[[119.61145,23.536771],[119.61142,23.536786],[119.611475,23.536871],[119.611539,23.536993],[119.612101,23.538307],[119.61214,23.538391],[119.61221,23.538513],[119.612292,23.538627],[119.612353,23.5387],[119.612457,23.538803],[119.612524,23.538861],[119.612672,23.538966],[119.612979,23.539139],[119.612996,23.539114],[119.612993,23.539107],[119.612693,23.538939],[119.612589,23.538867],[119.612515,23.538808],[119.612446,23.538745],[119.612366,23.538661],[119.612293,23.53857],[119.612241,23.538494],[119.612173,23.538376],[119.612134,23.538292],[119.611573,23.536981],[119.611508,23.536855],[119.611456,23.536775],[119.61145,23.536771]]],[[[119.613087,23.539159],[119.613064,23.539186],[119.613239,23.539297],[119.613387,23.539413],[119.613523,23.539541],[119.613715,23.539748],[119.613739,23.539727],[119.613739,23.539722],[119.613573,23.539543],[119.613483,23.539453],[119.613412,23.539389],[119.613262,23.53927],[119.613166,23.539206],[119.613087,23.539159]]],[[[119.613793,23.539783],[119.613762,23.5398],[119.614198,23.54027],[119.61426,23.54035],[119.614285,23.540333],[119.614286,23.540326],[119.614234,23.540257],[119.613793,23.539783]]],[[[119.614778,23.54098],[119.614316,23.540366],[119.614309,23.540364],[119.614283,23.540381],[119.614757,23.54101],[119.614773,23.540999],[119.61477,23.540994],[119.614778,23.540987],[119.614778,23.54098]]],[[[119.615765,23.542296],[119.614846,23.541073],[119.614832,23.541078],[119.614825,23.541069],[119.614808,23.54108],[119.615739,23.542321],[119.615764,23.542304],[119.615765,23.542296]]],[[[119.616186,23.542856],[119.615811,23.542356],[119.615796,23.542355],[119.615774,23.542369],[119.616181,23.542905],[119.6162,23.542892],[119.616204,23.542884],[119.616186,23.542856]]],[[[119.616232,23.542923],[119.616205,23.542938],[119.616678,23.543566],[119.6167,23.543547],[119.616701,23.543537],[119.616239,23.542927],[119.616232,23.542923]]],[[[119.616752,23.543615],[119.616725,23.543627],[119.616908,23.543869],[119.61703,23.543999],[119.617107,23.544098],[119.617118,23.544091],[119.617121,23.544085],[119.616765,23.54362],[119.616752,23.543615]]],[[[119.617145,23.544117],[119.617124,23.54412],[119.617164,23.544173],[119.61718,23.544163],[119.617145,23.544117]]],[[[119.617366,23.544407],[119.617226,23.544228],[119.617211,23.544236],[119.617215,23.544236],[119.617356,23.54442],[119.617742,23.544888],[119.617753,23.544882],[119.617754,23.544878],[119.617366,23.544407]]],[[[119.617822,23.544964],[119.617807,23.544972],[119.618057,23.545276],[119.618173,23.545432],[119.61821,23.545496],[119.618261,23.5456],[119.618317,23.545753],[119.618332,23.545748],[119.618276,23.545594],[119.618228,23.545496],[119.618182,23.545415],[119.618092,23.54529],[119.617822,23.544964]]],[[[119.618411,23.545965],[119.618382,23.545883],[119.618366,23.545889],[119.618396,23.545972],[119.618409,23.54597],[119.618411,23.545965]]]]}},{"type":"Feature","properties":{"id":"6aee0d8d69b1","NAME":"同和路","PSTART":"海埔路","PEND":"新生路","SW_DIRECT":"2","SW_LENG":89.35,"SW_WTH":2.48,"SWW_WTH":1.09,"SW_RAMP":2,"VILL_NAME":"馬公市"},"geometry":{"type":"Polygon","coordinates":[[[119.57542,23.57014],[119.575411,23.570099],[119.57539,23.570058],[119.575021,23.569532],[119.574987,23.569491],[119.574965,23.569481],[119.574934,23.569475],[119.574932,23.569497],[119.574958,23.569502],[119.574976,23.56951],[119.575346,23.570036],[119.575382,23.570093],[119.575392,23.57012],[119.575396,23.57015],[119.57542,23.57014]]]}},{"type":"Feature","properties":{"id":"b66af7b83dfd","NAME":"同和路","PSTART":"無名","PEND":"無名","SW_DIRECT":"1","SW_LENG":153.5,"SW_WTH":5.07,"SWW_WTH":1.44,"SW_RAMP":3,"VILL_NAME":"馬公市"},"geometry":{"type":"MultiPolygon","coordinates":[[[[119.573144,23.567373],[119.572694,23.566933],[119.57269,23.566961],[119.572697,23.566996],[119.572706,23.567012],[119.573109,23.567406],[119.573144,23.567373]]],[[[119.572567,23.566845],[119.572091,23.566379],[119.572079,23.566388],[119.572079,23.566398],[119.572564,23.566873],[119.572575,23.566874],[119.572595,23.566858],[119.572567,23.566845]]]]}},{"type":"Feature","properties":{"id":"4670d26bb4d5","NAME":"同和路","PSTART":"無名","PEND":"無名","SW_DIRECT":"2","SW_LENG":133.9,"SW_WTH":2.39,"SWW_WTH":1.22,"SW_RAMP":5,"VILL_NAME":"馬公市"},"geometry":{"type":"MultiPolygon","coordinates":[[[[119.571968,23.566509],[119.571954,23.56651],[119.572248,23.566798],[119.572254,23.566785],[119.572251,23.56677],[119.57199,23.566514],[119.571968,23.566509]]],[[[119.572361,23.566878],[119.572323,23.566871],[119.572519,23.567061],[119.57252,23.567033],[119.572361,23.566878]]],[[[119.572607,23.567139],[119.5726,23.567141],[119.572854,23.56739],[119.572856,23.567378],[119.572849,23.567354],[119.572633,23.567144],[119.572607,23.567139]]]]}},{"type":"Feature","properties":{"id":"30380b7a9d8f","NAME":"同和路","PSTART":"無名","PEND":"新生路86巷15弄","SW_DIRECT":"2","SW_LENG":63.82,"SW_WTH":4.55,"SWW_WTH":2.94,"SW_RAMP":1,"VILL_NAME":"馬公市"},"geometry":{"type":"Polygon","coordinates":[[[119.573613,23.56816],[119.573621,23.568131],[119.573615,23.568104],[119.573204,23.567701],[119.573172,23.56773],[119.573613,23.56816]]]}},{"type":"Feature","properties":{"id":"dd95d26d4460","NAME":"同和路","PSTART":"無名","PEND":"新營路","SW_DIRECT":"1","SW_LENG":119.27,"SW_WTH":5.07,"SWW_WTH":2.01,"SW_RAMP":2,"VILL_NAME":"馬公市"},"geometry":{"type":"Polygon","coordinates":[[[119.574135,23.568376],[119.574162,23.568371],[119.57335,23.567574],[119.573314,23.567606],[119.574091,23.568367],[119.57411,23.568374],[119.574135,23.568376]]]}},{"type":"Feature","properties":{"id":"65802e25419a","NAME":"同和路","PSTART":"新生路","PEND":"中華路","SW_DIRECT":"1","SW_LENG":203.88,"SW_WTH":2.61,"SWW_WTH":1.99,"SW_RAMP":1,"VILL_NAME":"馬公市"},"geometry":{"type":"Polygon","coordinates":[[[119.576685,23.572193],[119.576629,23.572135],[119.576597,23.572074],[119.576581,23.572009],[119.57654,23.571802],[119.576484,23.571594],[119.576433,23.57146],[119.576388,23.571355],[119.576284,23.571161],[119.575898,23.570536],[119.575887,23.570526],[119.575883,23.570527],[119.575873,23.570543],[119.575879,23.570557],[119.576263,23.571179],[119.57635,23.571339],[119.576417,23.571492],[119.576483,23.571685],[119.576516,23.57181],[119.576555,23.572012],[119.576575,23.572086],[119.576603,23.572141],[119.576645,23.572191],[119.576668,23.572211],[119.576685,23.572193]]]}},{"type":"Feature","properties":{"id":"f14a2208c769","NAME":"同和路","PSTART":"新生路","PEND":"中華路","SW_DIRECT":"2","SW_LENG":235.7,"SW_WTH":2.85,"SWW_WTH":1.64,"SW_RAMP":0,"VILL_NAME":"馬公市"},"geometry":{"type":"Polygon","coordinates":[[[119.576257,23.572285],[119.576278,23.57228],[119.576315,23.572264],[119.576366,23.572229],[119.576374,23.57222],[119.576369,23.572216],[119.576391,23.572195],[119.576404,23.572173],[119.576416,23.572143],[119.576422,23.57211],[119.576421,23.572061],[119.576379,23.571841],[119.576359,23.571758],[119.576314,23.571616],[119.576247,23.571447],[119.576197,23.571342],[119.576153,23.571263],[119.575595,23.570358],[119.575578,23.570341],[119.575553,23.570331],[119.57555,23.570345],[119.57557,23.570369],[119.57613,23.571278],[119.576198,23.571406],[119.576273,23.571582],[119.576318,23.571713],[119.576346,23.571817],[119.576394,23.572068],[119.576394,23.572111],[119.576387,23.572141],[119.576364,23.572191],[119.576355,23.572202],[119.57628,23.572257],[119.576263,23.572261],[119.576078,23.572212],[119.576068,23.572226],[119.576152,23.572268],[119.576206,23.57228],[119.576257,23.572285]]]}},{"type":"Feature","properties":{"id":"34d67dac00f2","NAME":"同和路","PSTART":"新生路86巷15弄","PEND":"新店路","SW_DIRECT":"2","SW_LENG":72.93,"SW_WTH":3.48,"SWW_WTH":1.94,"SW_RAMP":3,"VILL_NAME":"馬公市"},"geometry":{"type":"MultiPolygon","coordinates":[[[[119.574024,23.568509],[119.574,23.568526],[119.574206,23.568734],[119.574209,23.568744],[119.574238,23.56872],[119.57403,23.56851],[119.574024,23.568509]]],[[[119.573748,23.568234],[119.573703,23.568213],[119.573663,23.568241],[119.5737,23.568235],[119.573737,23.568251],[119.573972,23.568485],[119.57398,23.568472],[119.573977,23.568459],[119.573748,23.568234]]]]}},{"type":"Feature","properties":{"id":"9ee6a6608e10","NAME":"同和路","PSTART":"新店路","PEND":"新明路","SW_DIRECT":"1","SW_LENG":62.73,"SW_WTH":4.0,"SWW_WTH":2.41,"SW_RAMP":2,"VILL_NAME":"馬公市"},"geometry":{"type":"Polygon","coordinates":[[[119.575029,23.56926],[119.574603,23.56883],[119.574573,23.568854],[119.574948,23.569233],[119.574984,23.569255],[119.575029,23.56926]]]}},{"type":"Feature","properties":{"id":"eefa4dab0762","NAME":"同和路","PSTART":"新店路","PEND":"新明路","SW_DIRECT":"2","SW_LENG":65.28,"SW_WTH":4.14,"SWW_WTH":1.9,"SW_RAMP":1,"VILL_NAME":"馬公市"},"geometry":{"type":"Polygon","coordinates":[[[119.574831,23.569367],[119.574833,23.569334],[119.574815,23.5693],[119.574436,23.56892],[119.574424,23.56891],[119.574394,23.568933],[119.574804,23.569344],[119.57481,23.569351],[119.574808,23.569361],[119.574831,23.569367]]]}},{"type":"Feature","properties":{"id":"64d474be6550","NAME":"同和路","PSTART":"新明路","PEND":"新生路","SW_DIRECT":"1","SW_LENG":84.93,"SW_WTH":2.48,"SWW_WTH":1.08,"SW_RAMP":1,"VILL_NAME":"馬公市"},"geometry":{"type":"Polygon","coordinates":[[[119.575606,23.570015],[119.575563,23.569995],[119.575529,23.569964],[119.575129,23.569395],[119.575121,23.5694],[119.575118,23.569409],[119.575121,23.569424],[119.575509,23.569977],[119.575542,23.570009],[119.575582,23.57003],[119.575606,23.570015]]]}},{"type":"Feature","properties":{"id":"848ba7ee2e0b","NAME":"同和路","PSTART":"新營路","PEND":"新店路","SW_DIRECT":"1","SW_LENG":14.95,"SW_WTH":4.33,"SWW_WTH":2.53,"SW_RAMP":0,"VILL_NAME":"馬公市"},"geometry":{"type":"Polygon","coordinates":[[[119.574345,23.56862],[119.574374,23.568594],[119.574272,23.568498],[119.574243,23.568522],[119.574244,23.568525],[119.574345,23.56862]]]}},{"type":"Feature","properties":{"id":"85cdd8056f3a","NAME":"自立路","PSTART":"信義路","PEND":"文光路","SW_DIRECT":"1","SW_LENG":131.05,"SW_WTH":1.86,"SWW_WTH":1.36,"SW_RAMP":0,"VILL_NAME":"馬公市"},"geometry":{"type":"Polygon","coordinates":[[[119.568695,23.572574],[119.56927,23.572517],[119.569958,23.572366],[119.569953,23.57235],[119.56927,23.5725],[119.568693,23.572557],[119.568695,23.572574]]]}},{"type":"Feature","properties":{"id":"8fd9b5948982","NAME":"自立路","PSTART":"信義路","PEND":"文光路","SW_DIRECT":"2","SW_LENG":116.15,"SW_WTH":2.13,"SWW_WTH":1.48,"SW_RAMP":4,"VILL_NAME":"馬公市"},"geometry":{"type":"MultiPolygon","coordinates":[[[[119.569271,23.572594],[119.568701,23.572649],[119.568703,23.572667],[119.569294,23.57261],[119.569282,23.572597],[119.569271,23.572594]]],[[[119.569948,23.572463],[119.569941,23.572446],[119.569673,23.572505],[119.569658,23.572521],[119.569661,23.572545],[119.569685,23.57254],[119.56968,23.572522],[119.569948,23.572463]]],[[[119.569592,23.572542],[119.5696,23.572559],[119.569624,23.572554],[119.569615,23.57253],[119.569594,23.572523],[119.569379,23.57257],[119.569368,23.57258],[119.569365,23.572593],[119.569592,23.572542]]]]}},{"type":"Feature","properties":{"id":"07d054e49ad2","NAME":"自強街","PSTART":"民族路","PEND":"三多路","SW_DIRECT":"2","SW_LENG":57.88,"SW_WTH":1.26,"SWW_WTH":1.26,"SW_RAMP":1,"VILL_NAME":"馬公市"},"geometry":{"type":"Polygon","coordinates":[[[119.567939,23.575963],[119.56797,23.575966],[119.567974,23.575958],[119.567984,23.575952],[119.568008,23.575953],[119.568007,23.575917],[119.568292,23.57591],[119.568339,23.5759],[119.568415,23.575872],[119.568428,23.575898],[119.568448,23.575891],[119.568431,23.575853],[119.568338,23.575888],[119.568287,23.575899],[119.56797,23.575908],[119.567946,23.575915],[119.567928,23.575931],[119.567922,23.575943],[119.567917,23.575988],[119.567936,23.57599],[119.567939,23.575963]]]}},{"type":"Feature","properties":{"id":"f7efce012c2d","NAME":"忠孝路","PSTART":"治平路","PEND":"明遠路","SW_DIRECT":"1","SW_LENG":97.64,"SW_WTH":3.22,"SWW_WTH":1.74,"SW_RAMP":4,"VILL_NAME":"馬公市"},"geometry":{"type":"MultiPolygon","coordinates":[[[[119.567162,23.570459],[119.567129,23.569952],[119.567124,23.569951],[119.567109,23.569963],[119.567124,23.570178],[119.567114,23.570178],[119.567115,23.570198],[119.567126,23.570198],[119.567143,23.570443],[119.567148,23.570453],[119.567162,23.570459]]],[[[119.56711,23.569697],[119.567107,23.569688],[119.567089,23.569689],[119.567081,23.56971],[119.567094,23.569899],[119.567112,23.56991],[119.567125,23.569909],[119.567125,23.569888],[119.56711,23.569697]]],[[[119.567174,23.570611],[119.567164,23.570486],[119.567148,23.570494],[119.567138,23.570509],[119.567145,23.570606],[119.56717,23.570636],[119.567199,23.570634],[119.567174,23.570611]]]]}},{"type":"Feature","properties":{"id":"ad60eae8ec25","NAME":"忠孝路","PSTART":"治平路","PEND":"明遠路","SW_DIRECT":"2","SW_LENG":63.89,"SW_WTH":4.42,"SWW_WTH":1.85,"SW_RAMP":3,"VILL_NAME":"馬公市"},"geometry":{"type":"MultiPolygon","coordinates":[[[[119.567057,23.570633],[119.567036,23.570381],[119.567022,23.570382],[119.567021,23.570376],[119.567001,23.570378],[119.567006,23.57044],[119.566999,23.570446],[119.56701,23.570637],[119.567057,23.570633]]],[[[119.567007,23.570135],[119.566987,23.569821],[119.566963,23.56982],[119.566967,23.569882],[119.566972,23.569881],[119.56699,23.570137],[119.567007,23.570135]]]]}},{"type":"Feature","properties":{"id":"e639fbbd21c7","NAME":"明遠路","PSTART":"民族路","PEND":"忠孝路","SW_DIRECT":"1","SW_LENG":140.48,"SW_WTH":4.49,"SWW_WTH":1.71,"SW_RAMP":2,"VILL_NAME":"馬公市"},"geometry":{"type":"Polygon","coordinates":[[[119.565935,23.570728],[119.566167,23.570715],[119.56618,23.570728],[119.566405,23.570714],[119.566418,23.570701],[119.566516,23.570695],[119.56653,23.570707],[119.566787,23.570691],[119.566795,23.570678],[119.566875,23.570673],[119.56689,23.570686],[119.567025,23.570678],[119.567034,23.570675],[119.567051,23.570658],[119.567057,23.570645],[119.567056,23.570633],[119.566895,23.570645],[119.566894,23.570655],[119.566706,23.570666],[119.566673,23.570664],[119.56667,23.570658],[119.566364,23.570679],[119.566361,23.57067],[119.566343,23.570671],[119.566342,23.570689],[119.566299,23.570692],[119.566296,23.570673],[119.566256,23.570677],[119.566254,23.570693],[119.566227,23.570695],[119.566226,23.570686],[119.566187,23.570687],[119.566187,23.570698],[119.566172,23.570698],[119.566172,23.570689],[119.565967,23.5707],[119.565968,23.570708],[119.56595,23.570709],[119.565948,23.570697],[119.56585,23.570703],[119.56585,23.570706],[119.565679,23.570721],[119.565711,23.570744],[119.565737,23.570751],[119.565765,23.570752],[119.565923,23.570743],[119.565935,23.570728]]]}},{"type":"Feature","properties":{"id":"d03026c9faeb","NAME":"明遠路","PSTART":"民族路","PEND":"忠孝路","SW_DIRECT":"2","SW_LENG":138.28,"SW_WTH":3.08,"SWW_WTH":1.9,"SW_RAMP":3,"VILL_NAME":"馬公市"},"geometry":{"type":"Polygon","coordinates":[[[119.567103,23.570751],[119.565927,23.570819],[119.565907,23.570821],[119.565864,23.570836],[119.56579,23.570877],[119.565809,23.570915],[119.565948,23.570849],[119.565974,23.570843],[119.56714,23.570777],[119.567127,23.570757],[119.567103,23.570751]]]}},{"type":"Feature","properties":{"id":"68eaa1d31dd0","NAME":"明遠路","PSTART":"忠孝路","PEND":"信義路","SW_DIRECT":"1","SW_LENG":85.7,"SW_WTH":3.01,"SWW_WTH":2.23,"SW_RAMP":2,"VILL_NAME":"馬公市"},"geometry":{"type":"Polygon","coordinates":[[[119.5672,23.570656],[119.567241,23.570665],[119.567988,23.570622],[119.568006,23.570613],[119.56801,23.570598],[119.568008,23.570591],[119.567321,23.570633],[119.567319,23.570628],[119.56717,23.570636],[119.5672,23.570656]]]}},{"type":"Feature","properties":{"id":"7b2bb0ad861e","NAME":"明遠路","PSTART":"忠孝路","PEND":"信義路","SW_DIRECT":"2","SW_LENG":79.05,"SW_WTH":3.0,"SWW_WTH":1.67,"SW_RAMP":4,"VILL_NAME":"馬公市"},"geometry":{"type":"MultiPolygon","coordinates":[[[[119.567281,23.570773],[119.567452,23.57076],[119.567453,23.570764],[119.567473,23.570769],[119.567512,23.570767],[119.567515,23.570756],[119.567544,23.570755],[119.567545,23.570763],[119.567751,23.570752],[119.567745,23.570726],[119.567735,23.570719],[119.567721,23.570717],[119.56731,23.570741],[119.567291,23.570751],[119.567282,23.570763],[119.567281,23.570773]]],[[[119.568034,23.57071],[119.568026,23.570703],[119.568011,23.5707],[119.567851,23.570709],[119.567835,23.570718],[119.567829,23.570738],[119.568037,23.570726],[119.568034,23.57071]]]]}},{"type":"Feature","properties":{"id":"1edc1d052a2b","NAME":"明遠路","PSTART":"信義路","PEND":"光復路","SW_DIRECT":"1","SW_LENG":116.75,"SW_WTH":3.23,"SWW_WTH":1.6,"SW_RAMP":2,"VILL_NAME":"馬公市"},"geometry":{"type":"Polygon","coordinates":[[[119.568212,23.57061],[119.568621,23.570585],[119.568643,23.57058],[119.569171,23.570273],[119.569187,23.570245],[119.569185,23.570207],[119.56918,23.570198],[119.569161,23.570208],[119.569148,23.570254],[119.56863,23.570556],[119.568179,23.570581],[119.56818,23.570594],[119.568186,23.570601],[119.568212,23.57061]]]}},{"type":"Feature","properties":{"id":"e8a3f0713266","NAME":"明遠路","PSTART":"信義路","PEND":"光復路","SW_DIRECT":"2","SW_LENG":147.7,"SW_WTH":3.0,"SWW_WTH":1.59,"SW_RAMP":2,"VILL_NAME":"馬公市"},"geometry":{"type":"Polygon","coordinates":[[[119.568189,23.570776],[119.568268,23.570724],[119.568321,23.57071],[119.569373,23.570649],[119.569465,23.570674],[119.569472,23.570682],[119.569534,23.570701],[119.569579,23.570736],[119.569605,23.57077],[119.569623,23.570768],[119.569597,23.570728],[119.569537,23.570683],[119.569491,23.57066],[119.569389,23.570623],[119.569367,23.570622],[119.568208,23.570689],[119.56818,23.570699],[119.568163,23.570723],[119.568162,23.570742],[119.56817,23.570779],[119.568189,23.570776]]]}},{"type":"Feature","properties":{"id":"9269239d4fcd","NAME":"林投公園","PSTART":"林投公園","PEND":"林投公園","SW_DIRECT":"3","SW_LENG":239.86,"SW_WTH":3.56,"SWW_WTH":3.0,"SW_RAMP":4,"VILL_NAME":"湖西鄉"},"geometry":{"type":"Polygon","coordinates":[[[119.642273,23.560875],[119.642354,23.560818],[119.642414,23.560752],[119.642477,23.560655],[119.64251,23.560571],[119.642529,23.560456],[119.64254,23.560303],[119.642521,23.560165],[119.642511,23.560126],[119.642495,23.560094],[119.642469,23.560106],[119.642484,23.560139],[119.642492,23.56017],[119.64251,23.560301],[119.642502,23.560426],[119.642486,23.56055],[119.642469,23.560603],[119.64245,23.560644],[119.642399,23.560724],[119.642355,23.560778],[119.642309,23.560815],[119.642246,23.56085],[119.64221,23.560865],[119.64217,23.560872],[119.642159,23.560797],[119.642124,23.560801],[119.642261,23.561713],[119.642239,23.561717],[119.642288,23.562017],[119.642363,23.562017],[119.642417,23.562],[119.642485,23.561929],[119.642311,23.561808],[119.642175,23.560903],[119.642236,23.56089],[119.642273,23.560875]]]}},{"type":"Feature","properties":{"id":"9de015bc62bd","NAME":"機場航廈聯絡道路","PSTART":"機場航廈聯絡道路","PEND":"機場航廈聯絡道路","SW_DIRECT":"1","SW_LENG":260.5,"SW_WTH":2.85,"SWW_WTH":0.52,"SW_RAMP":1,"VILL_NAME":"湖西鄉"},"geometry":{"type":"Polygon","coordinates":[[[119.62949,23.559558],[119.629656,23.559461],[119.62999,23.559359],[119.630041,23.559382],[119.631592,23.558914],[119.63168,23.558873],[119.63174,23.558827],[119.63178,23.558786],[119.631776,23.558751],[119.631734,23.558799],[119.63168,23.558843],[119.631636,23.558868],[119.63158,23.558892],[119.630043,23.559356],[119.629975,23.559325],[119.629449,23.559484],[119.62944,23.559457],[119.629444,23.559439],[119.629439,23.559419],[119.629352,23.559445],[119.629401,23.559585],[119.62949,23.559558]]]}},{"type":"Feature","properties":{"id":"84a3f6bec2c1","NAME":"機場航廈聯絡道路","PSTART":"機場航廈聯絡道路","PEND":"機場航廈聯絡道路","SW_DIRECT":"1","SW_LENG":197.0,"SW_WTH":2.85,"SWW_WTH":0.52,"SW_RAMP":3,"VILL_NAME":"湖西鄉"},"geometry":{"type":"MultiPolygon","coordinates":[[[[119.630426,23.561463],[119.630373,23.561313],[119.630332,23.561325],[119.629947,23.560247],[119.629939,23.560249],[119.629919,23.560192],[119.629927,23.56019],[119.629783,23.55979],[119.629757,23.559798],[119.630336,23.561415],[119.630388,23.561465],[119.630419,23.561466],[119.630426,23.561463]]],[[[119.629939,23.560479],[119.62986,23.560256],[119.629841,23.560262],[119.62992,23.560485],[119.629939,23.560479]]],[[[119.63008,23.560869],[119.629999,23.560647],[119.62998,23.560653],[119.63006,23.560875],[119.63008,23.560869]]],[[[119.63023,23.561293],[119.630145,23.561054],[119.630126,23.56106],[119.630211,23.561299],[119.630223,23.561303],[119.63023,23.561293]]]]}},{"type":"Feature","properties":{"id":"643f835ac4e0","NAME":"機場航廈聯絡道路","PSTART":"機場航廈聯絡道路","PEND":"機場航廈聯絡道路","SW_DIRECT":"2","SW_LENG":317.8,"SW_WTH":2.72,"SWW_WTH":0.68,"SW_RAMP":7,"VILL_NAME":"湖西鄉"},"geometry":{"type":"MultiPolygon","coordinates":[[[[119.63105,23.5586],[119.630507,23.558805],[119.629899,23.558951],[119.629888,23.558962],[119.629887,23.558979],[119.630515,23.558828],[119.631073,23.558616],[119.631066,23.558607],[119.63105,23.5586]]],[[[119.631225,23.558534],[119.631146,23.558562],[119.631137,23.558591],[119.631247,23.55855],[119.631225,23.558534]]],[[[119.631721,23.558266],[119.631689,23.55825],[119.631652,23.558241],[119.631622,23.558244],[119.631595,23.558256],[119.631558,23.558282],[119.631402,23.558442],[119.631359,23.558475],[119.631302,23.558504],[119.631294,23.558525],[119.631295,23.558531],[119.631349,23.558508],[119.631401,23.558475],[119.631452,23.558429],[119.631574,23.558302],[119.631597,23.558284],[119.631622,23.55827],[119.631647,23.558265],[119.631697,23.558281],[119.631726,23.558305],[119.631766,23.558358],[119.631817,23.558457],[119.631836,23.558521],[119.631839,23.558568],[119.631828,23.558642],[119.631811,23.5587],[119.631776,23.558751],[119.63178,23.558786],[119.631824,23.55873],[119.631845,23.558686],[119.631862,23.558598],[119.631864,23.558529],[119.63185,23.558468],[119.631814,23.558391],[119.631776,23.558325],[119.631744,23.558286],[119.631721,23.558266]]],[[[119.629784,23.558982],[119.629427,23.559081],[119.629385,23.559102],[119.629376,23.55912],[119.629809,23.558999],[119.6298,23.558989],[119.629784,23.558982]]]]}},{"type":"Feature","properties":{"id":"33321f8659c7","NAME":"機場航廈聯絡道路","PSTART":"機場航廈聯絡道路","PEND":"機場航廈聯絡道路","SW_DIRECT":"2","SW_LENG":172.7,"SW_WTH":2.72,"SWW_WTH":0.68,"SW_RAMP":0,"VILL_NAME":"湖西鄉"},"geometry":{"type":"MultiPolygon","coordinates":[[[[119.631295,23.559153],[119.631285,23.55915],[119.63032,23.55944],[119.630328,23.559462],[119.63128,23.559175],[119.631295,23.55916],[119.631295,23.559153]]],[[[119.629793,23.559715],[119.629808,23.559682],[119.629834,23.559644],[119.62986,23.55962],[119.629891,23.5596],[119.629932,23.559582],[119.630307,23.559469],[119.630299,23.559447],[119.629919,23.559562],[119.629861,23.559589],[119.62981,23.559634],[119.629792,23.559661],[119.629767,23.559713],[119.629757,23.559715],[119.629754,23.55972],[119.629744,23.559757],[119.629757,23.559798],[119.629825,23.559778],[119.629794,23.559742],[119.629793,23.559715]]]]}},{"type":"Feature","properties":{"id":"809f8052cf77","NAME":"機場航廈聯絡道路","PSTART":"機場航廈聯絡道路","PEND":"機場航廈聯絡道路","SW_DIRECT":"2","SW_LENG":785.06,"SW_WTH":2.72,"SWW_WTH":0.68,"SW_RAMP":2,"VILL_NAME":"湖西鄉"},"geometry":{"type":"MultiPolygon","coordinates":[[[[119.631864,23.559034],[119.63181,23.559013],[119.631752,23.559011],[119.631555,23.559068],[119.631532,23.559077],[119.631506,23.559096],[119.631426,23.559175],[119.631445,23.55919],[119.631522,23.559111],[119.631551,23.559094],[119.631733,23.559039],[119.63177,23.559033],[119.631814,23.559038],[119.631848,23.559051],[119.631866,23.559064],[119.631899,23.559102],[119.63191,23.559127],[119.631914,23.55915],[119.631913,23.559177],[119.631908,23.5592],[119.631489,23.560141],[119.631479,23.560191],[119.631492,23.560195],[119.631935,23.559198],[119.631939,23.559155],[119.631929,23.559108],[119.631901,23.559064],[119.631864,23.559034]]],[[[119.630989,23.561294],[119.631054,23.561177],[119.631417,23.560362],[119.631414,23.560352],[119.631396,23.56035],[119.631026,23.561179],[119.630984,23.561261],[119.630969,23.561278],[119.63095,23.561281],[119.630886,23.561246],[119.630911,23.561286],[119.630936,23.5613],[119.630962,23.561302],[119.630989,23.561294]]]]}},{"type":"Feature","properties":{"id":"8994bd667502","NAME":"文山路225巷","PSTART":"文山路","PEND":"文山路225巷","SW_DIRECT":"2","SW_LENG":160.0,"SW_WTH":1.5,"SWW_WTH":1.3,"SW_RAMP":5,"VILL_NAME":"馬公市"},"geometry":{"type":"Polygon","coordinates":[[[119.581964,23.557399],[119.581973,23.557401],[119.583355,23.556826],[119.583352,23.556764],[119.583025,23.556085],[119.583017,23.55609],[119.58334,23.556766],[119.583345,23.556825],[119.581964,23.557399]]]}},{"type":"Feature","properties":{"id":"6343c7496e52","NAME":"文山路225巷","PSTART":"文山路225巷","PEND":"文山路","SW_DIRECT":"1","SW_LENG":400.0,"SW_WTH":3.0,"SWW_WTH":3.0,"SW_RAMP":7,"VILL_NAME":"馬公市"},"geometry":{"type":"Polygon","coordinates":[[[119.581969,23.557395],[119.582005,23.557387],[119.581881,23.557367],[119.581828,23.556945],[119.58149,23.556153],[119.582304,23.555566],[119.581929,23.554425],[119.581891,23.554405],[119.582275,23.555566],[119.58146,23.556146],[119.581808,23.556943],[119.581862,23.557376],[119.581969,23.557395]]]}},{"type":"Feature","properties":{"id":"d7e6c1160189","NAME":"文山路225巷","PSTART":"文山路","PEND":"文山路225巷","SW_DIRECT":"2","SW_LENG":120.0,"SW_WTH":0.9,"SWW_WTH":0.9,"SW_RAMP":null,"VILL_NAME":"馬公市"},"geometry":{"type":"Polygon","coordinates":[[[119.581421,23.558439],[119.581429,23.558444],[119.581931,23.557579],[119.582014,23.55752],[119.582011,23.55751],[119.581925,23.557569],[119.581421,23.558439]]]}},{"type":"Feature","properties":{"id":"74402ec36079","NAME":"文山路225巷","PSTART":"文山路225巷","PEND":"文山路225巷","SW_DIRECT":"1","SW_LENG":95.0,"SW_WTH":2.0,"SWW_WTH":2.0,"SW_RAMP":2,"VILL_NAME":"馬公市"},"geometry":{"type":"Polygon","coordinates":[[[119.581733,23.556941],[119.581731,23.556946],[119.581717,23.556941],[119.581414,23.55625],[119.581358,23.556236],[119.581352,23.556248],[119.581403,23.55626],[119.58172,23.556966],[119.581739,23.556963],[119.581733,23.556941]]]}},{"type":"Feature","properties":{"id":"0129b0bce4a7","NAME":"復國路","PSTART":"民生路","PEND":"復國路","SW_DIRECT":"2","SW_LENG":60.0,"SW_WTH":160.0,"SWW_WTH":160.0,"SW_RAMP":null,"VILL_NAME":"馬公市"},"geometry":{"type":"Polygon","coordinates":[[[119.564205,23.567595],[119.564219,23.567595],[119.564221,23.567452],[119.564026,23.56718],[119.564012,23.567189],[119.564203,23.567462],[119.564205,23.567595]]]}},{"type":"Feature","properties":{"id":"a1edc0fd4c28","NAME":"北辰街","PSTART":"光復路","PEND":"中華路","SW_DIRECT":"2","SW_LENG":24.0,"SW_WTH":1.5,"SWW_WTH":1.5,"SW_RAMP":null,"VILL_NAME":"馬公市"},"geometry":{"type":"Polygon","coordinates":[[[119.570798,23.570752],[119.570983,23.57061],[119.570969,23.570602],[119.570792,23.570745],[119.570798,23.570752]]]}}]}