{"type":"FeatureCollection","county":"南投縣","features":[{"type":"Feature","properties":{"id":"c5d1d55bbf83","name":"一貫道崇德學院","level":"大專","basis":"name","data_ym":"202206"},"geometry":{"type":"Polygon","coordinates":[[[121.00198,23.95983],[121.002053,23.959068],[121.001688,23.959253],[121.001536,23.959336],[121.001376,23.959454],[121.00111,23.959564],[121.001121,23.95961],[121.001131,23.959719],[121.001129,23.959765],[121.001125,23.959787],[121.00111,23.959803],[121.001069,23.959817],[121.001108,23.959984],[121.001203,23.960222],[121.001244,23.960278],[121.001536,23.960896],[121.0019,23.96155],[121.001952,23.96161],[121.001954,23.961444],[121.001885,23.960907],[121.002003,23.960003],[121.002012,23.959881],[121.00198,23.95983]]]}},{"type":"Feature","properties":{"id":"439b9698665c","name":"南投縣中寮鄉中寮國民小學","level":"國小","basis":"both","data_ym":"201901"},"geometry":{"type":"Polygon","coordinates":[[[120.764691,23.87959],[120.764612,23.879385],[120.76452,23.879405],[120.764484,23.879273],[120.764476,23.87923],[120.763844,23.87931],[120.763702,23.879332],[120.763611,23.879395],[120.763558,23.879416],[120.763513,23.879424],[120.763143,23.879611],[120.76337,23.880027],[120.763456,23.880277],[120.763537,23.880578],[120.763592,23.880609],[120.763626,23.880611],[120.763936,23.880557],[120.764806,23.880353],[120.764907,23.880315],[120.76496,23.880247],[120.764829,23.87992],[120.764691,23.87959]]]}},{"type":"Feature","properties":{"id":"34594456c7c1","name":"南投縣中寮鄉永和國民小學","level":"國小","basis":"both","data_ym":"202209"},"geometry":{"type":"Polygon","coordinates":[[[120.732489,23.925265],[120.732408,23.925148],[120.732331,23.925184],[120.732205,23.925001],[120.732072,23.924775],[120.732001,23.924861],[120.731958,23.924965],[120.731723,23.924951],[120.731662,23.925088],[120.731621,23.925073],[120.731497,23.925252],[120.73185,23.925711],[120.731963,23.925589],[120.732489,23.925265]]]}},{"type":"Feature","properties":{"id":"eeddf13ab9bb","name":"南投縣中寮鄉永康國民小學","level":"國小","basis":"both","data_ym":"202209"},"geometry":{"type":"Polygon","coordinates":[[[120.740361,23.886602],[120.740366,23.886356],[120.740339,23.886353],[120.740326,23.886063],[120.740292,23.885907],[120.740156,23.885507],[120.740037,23.885466],[120.740005,23.885516],[120.739957,23.885559],[120.739896,23.885597],[120.739802,23.885633],[120.739749,23.885661],[120.739707,23.885711],[120.739669,23.885785],[120.739646,23.885876],[120.73964,23.885929],[120.739647,23.886208],[120.739637,23.886333],[120.739626,23.886382],[120.739656,23.886389],[120.739821,23.886412],[120.739828,23.886381],[120.739927,23.886388],[120.740025,23.886425],[120.740219,23.886418],[120.740224,23.886608],[120.740361,23.886602]]]}},{"type":"Feature","properties":{"id":"1121915c04de","name":"南投縣中寮鄉永樂國民小學","level":"國小","basis":"both","data_ym":"202408"},"geometry":{"type":"Polygon","coordinates":[[[120.798949,23.884153],[120.799063,23.883965],[120.799122,23.883917],[120.799141,23.883896],[120.799115,23.883797],[120.799097,23.883701],[120.799096,23.883668],[120.799107,23.883602],[120.799123,23.883558],[120.799174,23.88347],[120.799198,23.88341],[120.799204,23.883375],[120.799203,23.883349],[120.799196,23.883333],[120.799179,23.88332],[120.799098,23.883293],[120.799008,23.883274],[120.798709,23.883178],[120.798713,23.883168],[120.798181,23.882971],[120.798016,23.88317],[120.797884,23.883438],[120.798022,23.883535],[120.798422,23.883933],[120.798662,23.884124],[120.798782,23.884087],[120.798949,23.884153]]]}},{"type":"Feature","properties":{"id":"aeb4962dd542","name":"南投縣中寮鄉至誠國民小學","level":"國小","basis":"both","data_ym":"201901"},"geometry":{"type":"Polygon","coordinates":[[[120.721506,23.893543],[120.721419,23.893254],[120.720808,23.893371],[120.720703,23.893374],[120.720703,23.893426],[120.720716,23.893519],[120.720804,23.894099],[120.72141,23.893916],[120.721506,23.893543]]]}},{"type":"Feature","properties":{"id":"33e705e347fb","name":"南投縣中寮鄉清水國民小學","level":"國小","basis":"both","data_ym":"201901"},"geometry":{"type":"Polygon","coordinates":[[[120.790977,23.945246],[120.791063,23.945214],[120.791198,23.945234],[120.791332,23.944765],[120.791316,23.944734],[120.791171,23.944591],[120.791147,23.944575],[120.791103,23.944565],[120.791071,23.944565],[120.790975,23.944581],[120.790829,23.944626],[120.790604,23.944741],[120.790581,23.944755],[120.790613,23.944837],[120.790366,23.944961],[120.790006,23.94518],[120.790084,23.945459],[120.790403,23.945403],[120.790948,23.945297],[120.790977,23.945246]]]}},{"type":"Feature","properties":{"id":"f685154998f3","name":"南投縣中寮鄉爽文國民小學","level":"國小","basis":"both","data_ym":"201901"},"geometry":{"type":"Polygon","coordinates":[[[120.762877,23.936828],[120.762628,23.936417],[120.762755,23.9363],[120.762151,23.935775],[120.761861,23.935543],[120.761737,23.935613],[120.761681,23.935666],[120.761993,23.935943],[120.761562,23.936387],[120.762138,23.936842],[120.76235,23.936647],[120.762561,23.936473],[120.762709,23.936711],[120.762455,23.93684],[120.762547,23.936987],[120.762877,23.936828]]]}},{"type":"Feature","properties":{"id":"5fda7b205598","name":"南投縣中寮鄉廣福國民小學","level":"國小","basis":"both","data_ym":"201901"},"geometry":{"type":"Polygon","coordinates":[[[120.759717,23.898991],[120.75968,23.898838],[120.759546,23.89886],[120.759324,23.898606],[120.759327,23.89857],[120.75931,23.898566],[120.759329,23.898496],[120.759293,23.898477],[120.759247,23.898465],[120.759207,23.89852],[120.759185,23.898566],[120.759042,23.898754],[120.758836,23.899549],[120.759222,23.899856],[120.759867,23.899312],[120.759769,23.899166],[120.759696,23.899003],[120.759717,23.898991]]]}},{"type":"Feature","properties":{"id":"a6cd04e8fc91","name":"南投縣仁愛鄉力行國民小學","level":"國小","basis":"both","data_ym":"201901"},"geometry":{"type":"Polygon","coordinates":[[[121.189495,24.148595],[121.189374,24.148013],[121.189395,24.14801],[121.189381,24.147937],[121.18919,24.147966],[121.189183,24.147941],[121.189159,24.147922],[121.189076,24.147935],[121.18901,24.147939],[121.189023,24.148075],[121.188848,24.14809],[121.188882,24.148353],[121.188858,24.148359],[121.188878,24.148476],[121.188892,24.148475],[121.188952,24.148718],[121.18901,24.148846],[121.189151,24.148989],[121.189228,24.149037],[121.189323,24.149071],[121.189412,24.149048],[121.189495,24.148915],[121.189532,24.148799],[121.189495,24.148595]]]}},{"type":"Feature","properties":{"id":"20de74932a13","name":"南投縣仁愛鄉力行國民小學翠巒分校","level":"大專","basis":"branch","data_ym":"201901"},"geometry":{"type":"Polygon","coordinates":[[[121.200521,24.18043],[121.200483,24.18028],[121.200403,24.180294],[121.200369,24.18017],[121.200463,24.180125],[121.200427,24.180013],[121.200399,24.179863],[121.200386,24.179609],[121.200329,24.179429],[121.200649,24.179078],[121.200586,24.17908],[121.200555,24.179091],[121.200425,24.17919],[121.200409,24.179201],[121.200369,24.179216],[121.200284,24.179229],[121.200204,24.179234],[121.200087,24.179235],[121.200017,24.179231],[121.199977,24.17924],[121.199966,24.179248],[121.199954,24.179261],[121.199946,24.179284],[121.199946,24.179342],[121.199953,24.179406],[121.199997,24.179601],[121.199949,24.179608],[121.200003,24.179817],[121.200046,24.179928],[121.200164,24.180172],[121.200241,24.180347],[121.20027,24.180361],[121.200322,24.180524],[121.200344,24.180548],[121.200379,24.180564],[121.200436,24.180556],[121.20048,24.180517],[121.200521,24.18043]]]}},{"type":"Feature","properties":{"id":"cc652c303205","name":"南投縣仁愛鄉中正國民小學","level":"國小","basis":"both","data_ym":"202206"},"geometry":{"type":"Polygon","coordinates":[[[120.991388,23.904207],[120.99124,23.904168],[120.991204,23.90417],[120.991167,23.904181],[120.991152,23.904192],[120.99104,23.904487],[120.990876,23.904968],[120.991113,23.905024],[120.991141,23.905029],[120.991158,23.905019],[120.9913,23.904545],[120.991388,23.904207]]]}},{"type":"Feature","properties":{"id":"4a8867fbc887","name":"南投縣仁愛鄉中正國民小學1","level":"國小","basis":"both","data_ym":"202410"},"geometry":{"type":"Polygon","coordinates":[[[120.991046,23.904232],[120.990549,23.904104],[120.990405,23.904679],[120.990846,23.904813],[120.991046,23.904232]]]}},{"type":"Feature","properties":{"id":"8b1ef5e3d5d0","name":"南投縣仁愛鄉互助國民小學","level":"國小","basis":"both","data_ym":"202206"},"geometry":{"type":"Polygon","coordinates":[[[120.970358,24.063868],[120.970392,24.063854],[120.970403,24.063854],[120.970391,24.063698],[120.970416,24.063522],[120.970479,24.063177],[120.970483,24.063127],[120.969397,24.062863],[120.969179,24.063671],[120.969685,24.063812],[120.969809,24.063865],[120.969975,24.063955],[120.970111,24.064037],[120.970139,24.064037],[120.97019,24.064024],[120.970241,24.063997],[120.970282,24.063963],[120.970335,24.063902],[120.970358,24.063868]]]}},{"type":"Feature","properties":{"id":"c5595bd19409","name":"南投縣仁愛鄉互助國民小學1","level":"國小","basis":"both","data_ym":"201712"},"geometry":{"type":"Polygon","coordinates":[[[120.969327,24.062934],[120.968876,24.062841],[120.968815,24.063027],[120.969266,24.063139],[120.969327,24.062934]]]}},{"type":"Feature","properties":{"id":"9099e449f257","name":"南投縣仁愛鄉仁愛國民小學","level":"國小","basis":"both","data_ym":"201901"},"geometry":{"type":"Polygon","coordinates":[[[121.133703,24.020807],[121.133924,24.020682],[121.133989,24.020424],[121.133991,24.020355],[121.133979,24.020334],[121.133955,24.020304],[121.133889,24.020259],[121.133789,24.020222],[121.13358,24.020161],[121.133388,24.020155],[121.133309,24.020166],[121.132691,24.020191],[121.132578,24.020205],[121.13262,24.020232],[121.13269,24.020299],[121.132812,24.020272],[121.132887,24.020277],[121.132924,24.020324],[121.132914,24.020497],[121.132933,24.020604],[121.132921,24.02069],[121.132843,24.020678],[121.132834,24.020744],[121.132911,24.020743],[121.132839,24.020959],[121.13273,24.021187],[121.132606,24.021404],[121.132656,24.021376],[121.13285,24.021284],[121.133212,24.021121],[121.13342,24.021018],[121.133752,24.020872],[121.133703,24.020807]]]}},{"type":"Feature","properties":{"id":"0a9d49517abd","name":"南投縣仁愛鄉法治國民小學","level":"國小","basis":"both","data_ym":"202410"},"geometry":{"type":"Polygon","coordinates":[[[121.047009,23.916132],[121.046923,23.916068],[121.046608,23.916078],[121.046146,23.916212],[121.046082,23.916241],[121.045986,23.916309],[121.045867,23.916416],[121.045741,23.916511],[121.045708,23.916524],[121.045555,23.916533],[121.045531,23.916565],[121.045798,23.916644],[121.046413,23.91692],[121.046441,23.916939],[121.04646,23.91696],[121.046468,23.91698],[121.046468,23.916998],[121.046448,23.917043],[121.046358,23.917172],[121.046335,23.917199],[121.046276,23.91723],[121.0463,23.917245],[121.046328,23.917256],[121.046466,23.917304],[121.046546,23.917341],[121.046587,23.917366],[121.046634,23.917388],[121.046663,23.917397],[121.046733,23.917406],[121.04694,23.917108],[121.047149,23.916833],[121.047318,23.916587],[121.047145,23.916481],[121.047009,23.916132]]]}},{"type":"Feature","properties":{"id":"0ae1c5bc2348","name":"南投縣仁愛鄉南豐國民小學","level":"國小","basis":"both","data_ym":"202410"},"geometry":{"type":"Polygon","coordinates":[[[121.079072,24.00062],[121.079128,24.00062],[121.079188,24.00063],[121.079226,24.000644],[121.079312,24.000685],[121.079441,24.00054],[121.079419,24.000505],[121.07936,24.000471],[121.079232,24.000377],[121.07928,24.00033],[121.079166,24.000156],[121.079132,24.000066],[121.078992,23.9999],[121.078914,23.999826],[121.078411,23.999455],[121.078274,23.999477],[121.078189,23.999496],[121.078015,23.999514],[121.077957,23.999524],[121.077957,23.999578],[121.078008,23.999682],[121.078046,23.999743],[121.078133,23.999859],[121.078115,23.999969],[121.078108,24.000185],[121.078514,24.000489],[121.078923,24.000696],[121.078936,24.000678],[121.078967,24.000652],[121.079025,24.000629],[121.079072,24.00062]]]}},{"type":"Feature","properties":{"id":"05a297a98fb4","name":"南投縣仁愛鄉春陽國民小學","level":"國小","basis":"both","data_ym":"202209"},"geometry":{"type":"Polygon","coordinates":[[[121.148698,24.028366],[121.148959,24.028278],[121.14904,24.0283],[121.149166,24.028323],[121.149252,24.02833],[121.149442,24.02788],[121.14943,24.027772],[121.149451,24.02777],[121.149431,24.027648],[121.149249,24.02766],[121.149254,24.027711],[121.14928,24.02771],[121.149308,24.027907],[121.148975,24.027944],[121.148953,24.027715],[121.148829,24.027711],[121.148794,24.027703],[121.148556,24.027727],[121.148377,24.027751],[121.148336,24.027769],[121.148313,24.02779],[121.148309,24.027799],[121.14831,24.027821],[121.148412,24.028019],[121.148491,24.028157],[121.148662,24.028325],[121.148698,24.028366]]]}},{"type":"Feature","properties":{"id":"3d04ee27dd3c","name":"南投縣仁愛鄉紅葉國民小學","level":"國小","basis":"both","data_ym":"201901"},"geometry":{"type":"Polygon","coordinates":[[[121.17723,24.159037],[121.177099,24.159022],[121.177087,24.159236],[121.17707,24.159336],[121.177044,24.159437],[121.177026,24.159503],[121.177001,24.159564],[121.176964,24.159599],[121.176949,24.159607],[121.177007,24.159717],[121.177003,24.159719],[121.177018,24.159749],[121.177194,24.160079],[121.177467,24.159934],[121.17769,24.159822],[121.177412,24.159357],[121.17723,24.159037]]]}},{"type":"Feature","properties":{"id":"4820bbfeb9bc","name":"南投縣仁愛鄉清境國民小學","level":"國小","basis":"both","data_ym":"202410"},"geometry":{"type":"Polygon","coordinates":[[[121.158829,24.045165],[121.1589,24.045154],[121.15892,24.04506],[121.159034,24.044966],[121.159026,24.044786],[121.158954,24.044616],[121.159026,24.044614],[121.159086,24.044345],[121.159063,24.044153],[121.158989,24.044107],[121.158656,24.04399],[121.158615,24.043987],[121.158629,24.043841],[121.15838,24.043801],[121.158116,24.043797],[121.158058,24.043807],[121.158091,24.044044],[121.158116,24.04417],[121.158126,24.044251],[121.158132,24.044329],[121.158133,24.04454],[121.158144,24.044742],[121.158166,24.04492],[121.158193,24.04502],[121.158303,24.045293],[121.15839,24.045281],[121.158525,24.045251],[121.158829,24.045165]]]}},{"type":"Feature","properties":{"id":"5a8540428396","name":"南投縣仁愛鄉都達國民小學","level":"國小","basis":"both","data_ym":"202410"},"geometry":{"type":"Polygon","coordinates":[[[121.191864,24.0601],[121.192061,24.05994],[121.192247,24.05977],[121.192256,24.059756],[121.192222,24.059728],[121.192251,24.059699],[121.192228,24.05968],[121.192319,24.059568],[121.192367,24.059489],[121.192388,24.05942],[121.192244,24.059308],[121.192187,24.059404],[121.19196,24.059229],[121.191811,24.05939],[121.191703,24.059303],[121.191551,24.059329],[121.191434,24.05944],[121.19148,24.059486],[121.191163,24.059788],[121.191433,24.060022],[121.19153,24.059942],[121.191677,24.060098],[121.191788,24.059997],[121.191864,24.0601]]]}},{"type":"Feature","properties":{"id":"e6f005df76d0","name":"南投縣仁愛鄉發祥國民小學","level":"國小","basis":"both","data_ym":"202209"},"geometry":{"type":"Polygon","coordinates":[[[121.157347,24.122655],[121.157184,24.122627],[121.157165,24.122654],[121.157284,24.122946],[121.157068,24.123002],[121.15703,24.123044],[121.157085,24.123138],[121.156941,24.123228],[121.156916,24.123251],[121.1569,24.123277],[121.156897,24.123323],[121.156938,24.123488],[121.157191,24.123902],[121.157287,24.123961],[121.157416,24.124008],[121.15753,24.123958],[121.157619,24.123848],[121.157659,24.12375],[121.157889,24.123749],[121.157747,24.12344],[121.157694,24.123334],[121.157627,24.123125],[121.157625,24.123067],[121.157645,24.123012],[121.157681,24.12296],[121.157553,24.122862],[121.157563,24.122832],[121.157561,24.12281],[121.157522,24.122759],[121.157347,24.122655]]]}},{"type":"Feature","properties":{"id":"71cafe05ff7d","name":"南投縣仁愛鄉萬豐國民小學","level":"國小","basis":"both","data_ym":"202410"},"geometry":{"type":"Polygon","coordinates":[[[121.076067,23.947344],[121.076716,23.9469],[121.076747,23.94694],[121.076796,23.946909],[121.076819,23.946901],[121.076986,23.946791],[121.077054,23.946751],[121.077005,23.946682],[121.076691,23.946744],[121.076656,23.946578],[121.076202,23.946571],[121.076074,23.946634],[121.075801,23.946718],[121.075738,23.946768],[121.075728,23.946797],[121.075752,23.946898],[121.075772,23.94693],[121.075822,23.946957],[121.075805,23.947002],[121.075792,23.947077],[121.075785,23.947239],[121.075797,23.947345],[121.075835,23.947457],[121.075852,23.947487],[121.075876,23.947505],[121.075933,23.947529],[121.076103,23.947682],[121.076254,23.947569],[121.076067,23.947344]]]}},{"type":"Feature","properties":{"id":"8cbad1f2ae9c","name":"南投縣仁愛鄉德鹿谷國民小學","level":"國小","basis":"both","data_ym":"202209"},"geometry":{"type":"Polygon","coordinates":[[[121.21715,24.086349],[121.21705,24.085888],[121.216983,24.085898],[121.216933,24.085896],[121.21687,24.085873],[121.216803,24.085833],[121.216748,24.085786],[121.216672,24.085746],[121.216582,24.085741],[121.216394,24.085789],[121.216319,24.085816],[121.216295,24.085846],[121.216246,24.085992],[121.216238,24.086036],[121.216241,24.086111],[121.216258,24.086145],[121.216288,24.086231],[121.216325,24.086298],[121.216373,24.086342],[121.216462,24.08639],[121.216556,24.086426],[121.21661,24.086424],[121.21715,24.086349]]]}},{"type":"Feature","properties":{"id":"6ec3966fd695","name":"南投縣仁愛鄉親愛國民小學","level":"國小","basis":"both","data_ym":"202410"},"geometry":{"type":"Polygon","coordinates":[[[121.109948,23.96807],[121.110001,23.967746],[121.109845,23.96772],[121.109802,23.967758],[121.10976,23.967705],[121.109705,23.967691],[121.109426,23.967653],[121.109038,23.967609],[121.109001,23.96761],[121.108983,23.967614],[121.108929,23.967648],[121.108865,23.967718],[121.108805,23.967794],[121.108798,23.967813],[121.108781,23.967937],[121.108791,23.968017],[121.108878,23.968238],[121.108921,23.968284],[121.108986,23.968293],[121.109745,23.968441],[121.109844,23.968457],[121.109948,23.96807]]]}},{"type":"Feature","properties":{"id":"302502474e73","name":"南投縣仁愛鄉親愛國民小學萬大分校","level":"大專","basis":"branch","data_ym":"201901"},"geometry":{"type":"Polygon","coordinates":[[[121.128689,23.974014],[121.12824,23.973577],[121.12766,23.974112],[121.127868,23.974295],[121.128093,23.974505],[121.128689,23.974014]]]}},{"type":"Feature","properties":{"id":"6c381c714e72","name":"南投縣仁愛鄉廬山國民小學","level":"國小","basis":"both","data_ym":"202410"},"geometry":{"type":"Polygon","coordinates":[[[121.18624,24.035324],[121.186355,24.035315],[121.186767,24.035367],[121.186953,24.035279],[121.187027,24.03479],[121.186969,24.034769],[121.186869,24.03475],[121.186699,24.03474],[121.186706,24.03468],[121.186622,24.034676],[121.186538,24.034688],[121.186384,24.034663],[121.186097,24.034533],[121.185798,24.034542],[121.185795,24.034615],[121.185805,24.034719],[121.185812,24.03489],[121.185973,24.034899],[121.18596,24.035089],[121.185923,24.035086],[121.185898,24.035275],[121.18592,24.035316],[121.185954,24.035367],[121.186084,24.035375],[121.18624,24.035324]]]}},{"type":"Feature","properties":{"id":"af3067d9c853","name":"南投縣水里鄉水里國民小學","level":"國小","basis":"both","data_ym":"201901"},"geometry":{"type":"Polygon","coordinates":[[[120.854731,23.810892],[120.854803,23.810782],[120.855067,23.81083],[120.855075,23.810792],[120.85509,23.810795],[120.855184,23.810321],[120.855244,23.81005],[120.855355,23.809915],[120.855257,23.809849],[120.854853,23.809689],[120.854795,23.809668],[120.854724,23.80965],[120.854589,23.809637],[120.854266,23.809625],[120.854192,23.809605],[120.853817,23.809597],[120.85381,23.809667],[120.853665,23.81024],[120.853606,23.810432],[120.853643,23.810439],[120.853651,23.810552],[120.853757,23.810597],[120.853748,23.810665],[120.854092,23.810718],[120.854394,23.810786],[120.854486,23.810813],[120.854471,23.810848],[120.854731,23.810892]]]}},{"type":"Feature","properties":{"id":"2201b340dc80","name":"南投縣水里鄉民和國民小學","level":"國小","basis":"both","data_ym":"201901"},"geometry":{"type":"Polygon","coordinates":[[[120.93261,23.794841],[120.932272,23.794814],[120.932218,23.795063],[120.93217,23.795226],[120.93217,23.795274],[120.932094,23.795436],[120.931968,23.795686],[120.932062,23.795801],[120.932515,23.79589],[120.932805,23.795926],[120.933248,23.795381],[120.933155,23.795229],[120.933068,23.795038],[120.933011,23.794984],[120.93295,23.794963],[120.932755,23.79494],[120.932756,23.794935],[120.932751,23.794934],[120.932754,23.794897],[120.93261,23.794841]]]}},{"type":"Feature","properties":{"id":"9c2ec8190c36","name":"南投縣水里鄉永興國民小學","level":"國小","basis":"both","data_ym":"202408"},"geometry":{"type":"Polygon","coordinates":[[[120.863477,23.785243],[120.863557,23.785156],[120.863672,23.785238],[120.863942,23.784915],[120.863826,23.784836],[120.863988,23.784635],[120.864224,23.78432],[120.864167,23.784273],[120.863881,23.784615],[120.86386,23.784632],[120.863756,23.784591],[120.863753,23.784584],[120.863714,23.784611],[120.863648,23.784546],[120.863591,23.784541],[120.863405,23.784378],[120.863289,23.784487],[120.863062,23.784685],[120.863022,23.784737],[120.863008,23.784782],[120.863117,23.784914],[120.863254,23.785047],[120.863477,23.785243]]]}},{"type":"Feature","properties":{"id":"bba04812caed","name":"南投縣水里鄉成城國民小學","level":"國小","basis":"both","data_ym":"202207"},"geometry":{"type":"Polygon","coordinates":[[[120.848024,23.820292],[120.848117,23.820289],[120.848251,23.820271],[120.848977,23.820084],[120.848868,23.819997],[120.848845,23.819992],[120.848836,23.819995],[120.848825,23.819959],[120.848872,23.81995],[120.848864,23.81991],[120.848944,23.819888],[120.84893,23.819749],[120.848875,23.819595],[120.848843,23.81945],[120.848842,23.819379],[120.848764,23.819079],[120.848516,23.81917],[120.848142,23.819289],[120.847809,23.81893],[120.847896,23.818875],[120.847803,23.818735],[120.847625,23.818893],[120.847661,23.818976],[120.847673,23.819038],[120.847673,23.819085],[120.84765,23.819158],[120.847545,23.819376],[120.847534,23.819475],[120.847543,23.819533],[120.847587,23.819659],[120.847652,23.81983],[120.847699,23.819926],[120.847725,23.820035],[120.847749,23.820108],[120.847785,23.820167],[120.847828,23.820212],[120.847883,23.820256],[120.847932,23.820281],[120.84795,23.820287],[120.848024,23.820292]]]}},{"type":"Feature","properties":{"id":"cec26201fe1f","name":"南投縣水里鄉郡坑國民小學","level":"國小","basis":"both","data_ym":"202207"},"geometry":{"type":"Polygon","coordinates":[[[120.85598,23.737708],[120.856023,23.737028],[120.85614,23.737029],[120.856146,23.736855],[120.855925,23.736853],[120.855923,23.73694],[120.855689,23.73694],[120.855628,23.736802],[120.855552,23.736796],[120.855608,23.736503],[120.855508,23.73652],[120.855504,23.736552],[120.854993,23.736561],[120.854987,23.736619],[120.854973,23.736965],[120.855058,23.737216],[120.855012,23.73764],[120.855061,23.737674],[120.855639,23.737723],[120.855914,23.73774],[120.85598,23.737708]]]}},{"type":"Feature","properties":{"id":"4686275a2c3d","name":"南投縣水里鄉新興國民小學","level":"國小","basis":"both","data_ym":"202408"},"geometry":{"type":"Polygon","coordinates":[[[120.870985,23.884341],[120.871188,23.884168],[120.871159,23.884104],[120.871339,23.884002],[120.871363,23.883993],[120.871241,23.883811],[120.871139,23.883718],[120.871114,23.883735],[120.870913,23.883686],[120.870636,23.883641],[120.870609,23.883633],[120.870593,23.883622],[120.870281,23.88363],[120.870259,23.883636],[120.870219,23.883666],[120.870163,23.883734],[120.870134,23.883784],[120.870186,23.88394],[120.870443,23.884257],[120.870517,23.884239],[120.870636,23.884509],[120.870755,23.884537],[120.870864,23.88455],[120.870952,23.884537],[120.870952,23.884498],[120.870922,23.884494],[120.870896,23.884483],[120.870864,23.88445],[120.870886,23.884436],[120.870901,23.884404],[120.870985,23.884341]]]}},{"type":"Feature","properties":{"id":"6a3d68f9fd6b","name":"南投縣立三光國民中學","level":"國中","basis":"both","data_ym":"202209"},"geometry":{"type":"Polygon","coordinates":[[[120.669164,23.850183],[120.669588,23.849663],[120.669376,23.849421],[120.668965,23.84992],[120.668686,23.84974],[120.668471,23.849592],[120.667952,23.85033],[120.668692,23.850801],[120.668822,23.850873],[120.669133,23.851102],[120.669586,23.851408],[120.670133,23.850885],[120.669164,23.850183]]]}},{"type":"Feature","properties":{"id":"900650d8bb3d","name":"南投縣立大成國民中學","level":"國中","basis":"both","data_ym":"202408"},"geometry":{"type":"Polygon","coordinates":[[[120.953565,23.970596],[120.953369,23.970587],[120.953017,23.970694],[120.95264,23.970834],[120.951934,23.971033],[120.951941,23.971061],[120.951247,23.971263],[120.951552,23.972261],[120.951662,23.972651],[120.951689,23.972734],[120.951699,23.972744],[120.951714,23.972745],[120.951787,23.972732],[120.95204,23.972529],[120.952256,23.972405],[120.952673,23.97214],[120.952977,23.971911],[120.953265,23.971706],[120.953537,23.9715],[120.95353,23.971491],[120.953774,23.971308],[120.953814,23.971129],[120.953735,23.970884],[120.953676,23.970651],[120.953565,23.970596]]]}},{"type":"Feature","properties":{"id":"25440fa84203","name":"南投縣立中寮國民中學","level":"國中","basis":"both","data_ym":"201810"},"geometry":{"type":"Polygon","coordinates":[[[120.767692,23.88423],[120.767907,23.883806],[120.767552,23.882962],[120.767509,23.882975],[120.767316,23.882388],[120.76612,23.882801],[120.766123,23.882833],[120.766113,23.88285],[120.766066,23.882888],[120.766022,23.882906],[120.765858,23.882945],[120.765825,23.88296],[120.765792,23.882987],[120.76578,23.88301],[120.765779,23.883069],[120.765799,23.883164],[120.765926,23.883572],[120.766014,23.88389],[120.766033,23.883885],[120.766064,23.884014],[120.766106,23.884004],[120.766164,23.884219],[120.766132,23.884226],[120.766116,23.884235],[120.766178,23.884407],[120.766199,23.884443],[120.766238,23.88449],[120.766273,23.884557],[120.766333,23.884842],[120.766368,23.88497],[120.76639,23.885034],[120.766413,23.885061],[120.766427,23.88507],[120.766502,23.885093],[120.766553,23.885094],[120.766781,23.885059],[120.766889,23.885009],[120.767117,23.884884],[120.76721,23.884833],[120.767337,23.884749],[120.767515,23.884654],[120.767657,23.884493],[120.767692,23.88423]]]}},{"type":"Feature","properties":{"id":"8016b87713ea","name":"南投縣立中興國民中學","level":"國中","basis":"both","data_ym":"202209"},"geometry":{"type":"Polygon","coordinates":[[[120.695052,23.931631],[120.695429,23.931056],[120.695332,23.93101],[120.695224,23.930952],[120.695032,23.930842],[120.694934,23.930779],[120.694841,23.930711],[120.694748,23.930634],[120.694593,23.930482],[120.694468,23.93033],[120.694381,23.930197],[120.694034,23.929553],[120.692951,23.929941],[120.692936,23.929969],[120.693059,23.930261],[120.693536,23.931352],[120.693563,23.931398],[120.693654,23.931452],[120.693686,23.931478],[120.693676,23.931494],[120.693678,23.931517],[120.693691,23.931525],[120.693715,23.931525],[120.693731,23.931545],[120.693738,23.931593],[120.693755,23.931625],[120.693756,23.931641],[120.693756,23.931664],[120.693744,23.931725],[120.693736,23.931747],[120.693738,23.931805],[120.693925,23.932231],[120.694063,23.932762],[120.694079,23.932806],[120.694088,23.932818],[120.694115,23.932833],[120.694157,23.932844],[120.694204,23.932832],[120.694229,23.932817],[120.694247,23.932801],[120.694609,23.932214],[120.694642,23.932178],[120.694671,23.93216],[120.694703,23.932147],[120.695052,23.932056],[120.695089,23.932035],[120.695114,23.93201],[120.695128,23.931989],[120.695139,23.931962],[120.695144,23.931933],[120.695142,23.931908],[120.695106,23.931806],[120.695085,23.931712],[120.695052,23.931631]]]}},{"type":"Feature","properties":{"id":"4eb0c8a86609","name":"南投縣立仁愛國民中學","level":"國中","basis":"both","data_ym":"201701"},"geometry":{"type":"Polygon","coordinates":[[[121.142664,24.031203],[121.142673,24.031162],[121.142668,24.031164],[121.142682,24.031122],[121.142699,24.031091],[121.142791,24.030997],[121.142849,24.030956],[121.142956,24.030852],[121.142987,24.030815],[121.142542,24.030855],[121.142465,24.030791],[121.142448,24.030757],[121.14245,24.030599],[121.141849,24.030598],[121.141873,24.030921],[121.141873,24.031036],[121.141672,24.031041],[121.14161,24.031603],[121.141586,24.031896],[121.141471,24.032206],[121.14127,24.032662],[121.141341,24.032924],[121.14142,24.033031],[121.141438,24.033106],[121.141834,24.033142],[121.14196,24.032616],[121.142006,24.032491],[121.14209,24.032311],[121.142163,24.032166],[121.142251,24.032025],[121.142356,24.03191],[121.142448,24.031818],[121.142565,24.031695],[121.142597,24.031645],[121.142613,24.031609],[121.142625,24.031574],[121.142644,24.031467],[121.142664,24.031203]]]}},{"type":"Feature","properties":{"id":"37260613bc40","name":"南投縣立日新國民中學","level":"國中","basis":"both","data_ym":"202209"},"geometry":{"type":"Polygon","coordinates":[[[120.676218,23.996755],[120.676512,23.996575],[120.676521,23.996586],[120.676767,23.996431],[120.677275,23.996159],[120.677532,23.996035],[120.677593,23.995987],[120.677615,23.995953],[120.677635,23.995762],[120.677696,23.995539],[120.67775,23.995315],[120.677768,23.995263],[120.677818,23.99516],[120.677892,23.994987],[120.67772,23.994938],[120.677088,23.994732],[120.676973,23.994723],[120.676952,23.994705],[120.676391,23.994501],[120.676345,23.994531],[120.676239,23.995357],[120.67615,23.996119],[120.676131,23.996374],[120.676125,23.996573],[120.676126,23.996786],[120.676131,23.996793],[120.676218,23.996755]]]}},{"type":"Feature","properties":{"id":"8a658aaad557","name":"南投縣立水里國民中學","level":"國中","basis":"both","data_ym":"202408"},"geometry":{"type":"Polygon","coordinates":[[[120.857082,23.81124],[120.857274,23.811117],[120.857323,23.811179],[120.857502,23.811212],[120.857682,23.811142],[120.857656,23.810995],[120.857949,23.810753],[120.858056,23.810576],[120.858158,23.810421],[120.858459,23.810175],[120.858204,23.809931],[120.859009,23.809288],[120.859032,23.809248],[120.859034,23.809207],[120.858996,23.809043],[120.858916,23.808762],[120.859046,23.808478],[120.858992,23.808329],[120.858917,23.808354],[120.858891,23.808334],[120.858859,23.80833],[120.858487,23.808468],[120.858408,23.808503],[120.858285,23.80857],[120.858179,23.808646],[120.857109,23.809492],[120.857087,23.809501],[120.856801,23.809722],[120.856795,23.809756],[120.856708,23.809825],[120.856677,23.80982],[120.85667,23.809826],[120.856667,23.809822],[120.85644,23.81],[120.856444,23.810005],[120.855987,23.810365],[120.855924,23.81041],[120.856348,23.810554],[120.856528,23.810631],[120.856768,23.810851],[120.857082,23.81124]]]}},{"type":"Feature","properties":{"id":"7b3d465fb542","name":"南投縣立北山國民中學","level":"國中","basis":"both","data_ym":"202408"},"geometry":{"type":"Polygon","coordinates":[[[120.87407,23.981455],[120.874128,23.981328],[120.874151,23.981136],[120.87419,23.980998],[120.874198,23.980847],[120.874088,23.980417],[120.874009,23.98024],[120.873819,23.979961],[120.873693,23.979837],[120.873595,23.979752],[120.873261,23.979796],[120.872995,23.979547],[120.872857,23.979398],[120.872848,23.979395],[120.872842,23.979482],[120.872833,23.979519],[120.872821,23.979547],[120.872787,23.979588],[120.872704,23.979636],[120.872402,23.979899],[120.872425,23.979974],[120.872832,23.981108],[120.872892,23.981253],[120.87289,23.981287],[120.872873,23.981316],[120.872846,23.981343],[120.872792,23.981372],[120.872743,23.981413],[120.872724,23.981438],[120.872687,23.98157],[120.872776,23.981597],[120.872824,23.981419],[120.872892,23.981389],[120.872944,23.981347],[120.873035,23.981299],[120.873523,23.98137],[120.87375,23.981442],[120.873947,23.981495],[120.87391,23.981636],[120.87402,23.981662],[120.87407,23.981455]]]}},{"type":"Feature","properties":{"id":"0c4bcbe415c3","name":"南投縣立北梅國民中學","level":"國中","basis":"both","data_ym":"202408"},"geometry":{"type":"Polygon","coordinates":[[[120.913219,24.057545],[120.913391,24.056965],[120.913394,24.05694],[120.913353,24.056921],[120.913322,24.056894],[120.913307,24.056864],[120.913273,24.056817],[120.913227,24.056769],[120.913106,24.056668],[120.912773,24.056551],[120.91254,24.056547],[120.912373,24.056488],[120.912376,24.056404],[120.912365,24.056378],[120.911648,24.056396],[120.91163,24.056711],[120.91163,24.056825],[120.911623,24.056949],[120.91159,24.057036],[120.911567,24.057128],[120.911536,24.057282],[120.911558,24.057284],[120.911553,24.057344],[120.911717,24.057389],[120.911945,24.057433],[120.912359,24.057492],[120.912425,24.057423],[120.913219,24.057545]]]}},{"type":"Feature","properties":{"id":"7e4c589b1209","name":"南投縣立民和國民中學","level":"國中","basis":"both","data_ym":"201811"},"geometry":{"type":"Polygon","coordinates":[[[120.918249,23.799331],[120.918272,23.799223],[120.91846,23.799259],[120.918521,23.799259],[120.918622,23.799221],[120.918662,23.79918],[120.918721,23.799069],[120.918734,23.799029],[120.918742,23.79902],[120.918699,23.798998],[120.918696,23.79899],[120.918727,23.798895],[120.918824,23.798681],[120.91884,23.798623],[120.918841,23.798548],[120.918821,23.798499],[120.918759,23.798414],[120.918522,23.798163],[120.918365,23.797978],[120.918314,23.79795],[120.918119,23.797913],[120.918113,23.797934],[120.917893,23.797896],[120.917884,23.797924],[120.917798,23.797897],[120.91761,23.798449],[120.917539,23.798432],[120.917305,23.799182],[120.917775,23.799307],[120.918249,23.799331]]]}},{"type":"Feature","properties":{"id":"1a62864f4e7e","name":"南投縣立同富國民中學","level":"國中","basis":"both","data_ym":"202008"},"geometry":{"type":"Polygon","coordinates":[[[120.887822,23.594728],[120.887753,23.594619],[120.887644,23.594674],[120.887606,23.594682],[120.887242,23.594648],[120.887174,23.594633],[120.887071,23.594617],[120.886762,23.594522],[120.88662,23.594992],[120.88665,23.595013],[120.886691,23.595224],[120.886599,23.595551],[120.886645,23.595856],[120.886605,23.596045],[120.886606,23.596409],[120.886904,23.596344],[120.88762,23.596222],[120.887638,23.59621],[120.887699,23.59596],[120.887743,23.595678],[120.887773,23.595423],[120.887829,23.594868],[120.88783,23.594768],[120.887822,23.594728]]]}},{"type":"Feature","properties":{"id":"b50445f2cce4","name":"南投縣立名間國民中學","level":"國中","basis":"both","data_ym":"202209"},"geometry":{"type":"Polygon","coordinates":[[[120.695045,23.8441],[120.694428,23.843928],[120.693882,23.845415],[120.695338,23.845835],[120.695332,23.845848],[120.695587,23.845921],[120.695804,23.845244],[120.696091,23.844385],[120.69514,23.844123],[120.695045,23.8441]]]}},{"type":"Feature","properties":{"id":"8942c07352b6","name":"南投縣立旭光高級中學","level":"高中職","basis":"both","data_ym":"202007"},"geometry":{"type":"Polygon","coordinates":[[[120.695907,23.980274],[120.695716,23.97936],[120.694726,23.979532],[120.694063,23.97962],[120.692747,23.979846],[120.692731,23.979877],[120.692751,23.980097],[120.692752,23.980419],[120.69276,23.980527],[120.692765,23.980725],[120.69289,23.980764],[120.692935,23.980769],[120.692935,23.980724],[120.693341,23.980776],[120.693358,23.9808],[120.693393,23.98083],[120.693631,23.980885],[120.693771,23.980899],[120.693949,23.980891],[120.694021,23.980907],[120.694231,23.980965],[120.694648,23.981093],[120.694723,23.981126],[120.6948,23.981199],[120.694849,23.981262],[120.695156,23.981222],[120.696068,23.981075],[120.695907,23.980274]]]}},{"type":"Feature","properties":{"id":"d83a771f4e20","name":"南投縣立竹山國民中學","level":"國中","basis":"both","data_ym":"202410"},"geometry":{"type":"Polygon","coordinates":[[[120.682858,23.752246],[120.683008,23.751106],[120.682911,23.750959],[120.682795,23.750814],[120.682772,23.750797],[120.682732,23.750777],[120.682536,23.750731],[120.682455,23.75073],[120.68241,23.750734],[120.682215,23.750771],[120.682151,23.750805],[120.682105,23.750839],[120.682063,23.750888],[120.682021,23.750943],[120.681971,23.751033],[120.68196,23.751031],[120.681803,23.751407],[120.681798,23.751406],[120.681795,23.751425],[120.681775,23.751475],[120.681764,23.751521],[120.681699,23.751944],[120.681703,23.751998],[120.681728,23.752046],[120.681941,23.752235],[120.681945,23.752253],[120.681292,23.75287],[120.681231,23.75293],[120.681223,23.752946],[120.681796,23.753469],[120.682138,23.753766],[120.682898,23.753043],[120.682938,23.75298],[120.682923,23.75297],[120.682947,23.752904],[120.682946,23.752819],[120.68289,23.752617],[120.682871,23.75253],[120.68285,23.752368],[120.682858,23.752246]]]}},{"type":"Feature","properties":{"id":"d6e0c2a5f948","name":"南投縣立宏仁國民中學","level":"國中","basis":"both","data_ym":"202206"},"geometry":{"type":"Polygon","coordinates":[[[120.973927,23.963425],[120.973845,23.961268],[120.973843,23.961248],[120.973835,23.961236],[120.973809,23.961231],[120.972863,23.961256],[120.9728,23.961275],[120.972774,23.961288],[120.972744,23.961311],[120.972601,23.961312],[120.9726,23.961299],[120.972543,23.9613],[120.972529,23.96129],[120.972497,23.961281],[120.972451,23.961275],[120.971809,23.961292],[120.971809,23.961286],[120.97169,23.961289],[120.97169,23.961295],[120.971664,23.96132],[120.971664,23.961333],[120.971701,23.961463],[120.971729,23.961621],[120.971762,23.962005],[120.971757,23.962081],[120.971707,23.962382],[120.971747,23.962491],[120.971747,23.962532],[120.971718,23.962575],[120.971587,23.962665],[120.971415,23.962828],[120.971407,23.962848],[120.971404,23.962873],[120.971413,23.96291],[120.97209,23.9635],[120.972112,23.963508],[120.97293,23.963478],[120.973927,23.963425]]]}},{"type":"Feature","properties":{"id":"465a2e3348af","name":"南投縣立延和國民中學","level":"國中","basis":"both","data_ym":"202209"},"geometry":{"type":"Polygon","coordinates":[[[120.696414,23.760106],[120.696197,23.759434],[120.696048,23.758956],[120.69599,23.759095],[120.695934,23.759215],[120.695896,23.759257],[120.69586,23.759328],[120.69581,23.7594],[120.695793,23.759416],[120.695768,23.759427],[120.695746,23.75943],[120.695724,23.759428],[120.695555,23.759368],[120.695452,23.75938],[120.695382,23.759381],[120.695016,23.759472],[120.694946,23.759475],[120.694846,23.75946],[120.694777,23.759458],[120.694694,23.759488],[120.694637,23.759516],[120.694585,23.759532],[120.694508,23.759534],[120.694422,23.759524],[120.694397,23.759512],[120.694285,23.759427],[120.694252,23.759416],[120.694213,23.759422],[120.694176,23.75945],[120.694087,23.759486],[120.694128,23.75961],[120.694144,23.759608],[120.694269,23.76005],[120.694375,23.760451],[120.694389,23.760549],[120.694392,23.760804],[120.694399,23.760825],[120.694417,23.760837],[120.694446,23.760838],[120.695719,23.760538],[120.696215,23.760413],[120.696484,23.760355],[120.696401,23.76011],[120.696414,23.760106]]]}},{"type":"Feature","properties":{"id":"b9358b528c38","name":"南投縣立明潭國民中學","level":"國中","basis":"both","data_ym":"202408"},"geometry":{"type":"Polygon","coordinates":[[[120.91154,23.867346],[120.911497,23.867314],[120.911292,23.86702],[120.911097,23.867118],[120.91027,23.86747],[120.910288,23.867484],[120.910229,23.867543],[120.910197,23.867528],[120.910184,23.867514],[120.909844,23.867654],[120.909602,23.867769],[120.910058,23.868084],[120.910334,23.868162],[120.910391,23.868217],[120.910375,23.868247],[120.910537,23.868347],[120.91154,23.867346]]]}},{"type":"Feature","properties":{"id":"70dd01b90c3f","name":"南投縣立社寮國民中學","level":"國中","basis":"both","data_ym":"202209"},"geometry":{"type":"Polygon","coordinates":[[[120.720846,23.80984],[120.721633,23.808284],[120.721575,23.80824],[120.720349,23.807502],[120.720235,23.807631],[120.720065,23.807886],[120.71998,23.808179],[120.719858,23.808125],[120.719654,23.808439],[120.719696,23.808459],[120.719649,23.808646],[120.719495,23.808589],[120.719452,23.808652],[120.719663,23.808801],[120.719997,23.809097],[120.720194,23.809257],[120.720339,23.809401],[120.720525,23.809574],[120.720846,23.80984]]]}},{"type":"Feature","properties":{"id":"47a74ae0b5ba","name":"南投縣立信義國民中學","level":"國中","basis":"both","data_ym":"202008"},"geometry":{"type":"Polygon","coordinates":[[[120.85366,23.696539],[120.853729,23.696462],[120.854171,23.69679],[120.854356,23.696432],[120.85396,23.696087],[120.853831,23.695958],[120.85365,23.696024],[120.853073,23.696118],[120.85269,23.696133],[120.852373,23.696055],[120.852259,23.696119],[120.852182,23.696232],[120.852097,23.696456],[120.852493,23.696597],[120.85275,23.696707],[120.853139,23.696839],[120.853316,23.69691],[120.853506,23.696965],[120.853618,23.696735],[120.853709,23.696584],[120.85366,23.696539]]]}},{"type":"Feature","properties":{"id":"517ebff1e622","name":"南投縣立南投國民中學","level":"國中","basis":"both","data_ym":"202209"},"geometry":{"type":"Polygon","coordinates":[[[120.676563,23.912797],[120.676714,23.912618],[120.676616,23.912529],[120.67663,23.912515],[120.676166,23.91214],[120.675922,23.911962],[120.675338,23.911729],[120.674808,23.911532],[120.674739,23.911515],[120.67427,23.912554],[120.674294,23.912568],[120.674535,23.912667],[120.674716,23.912762],[120.67479,23.912791],[120.674932,23.912885],[120.675171,23.913026],[120.67537,23.913132],[120.675767,23.913313],[120.676185,23.913496],[120.676563,23.912797]]]}},{"type":"Feature","properties":{"id":"087aa4ebda6f","name":"南投縣立南崗國民中學","level":"國中","basis":"both","data_ym":"202209"},"geometry":{"type":"Polygon","coordinates":[[[120.684628,23.895967],[120.685207,23.895797],[120.685244,23.895422],[120.685279,23.895424],[120.685279,23.895427],[120.685289,23.895428],[120.685311,23.895225],[120.685328,23.895026],[120.685293,23.895],[120.685325,23.894722],[120.685395,23.893801],[120.684931,23.893764],[120.683911,23.893716],[120.683907,23.893792],[120.683861,23.893789],[120.683721,23.894671],[120.683003,23.894589],[120.682972,23.894874],[120.683085,23.894878],[120.683071,23.895175],[120.682934,23.895215],[120.682938,23.895263],[120.682946,23.895296],[120.682832,23.895334],[120.682816,23.895356],[120.682982,23.895852],[120.683063,23.895827],[120.683084,23.895932],[120.683034,23.895948],[120.68302,23.895964],[120.683158,23.896375],[120.683504,23.896283],[120.684628,23.895967]]]}},{"type":"Feature","properties":{"id":"735c85628829","name":"南投縣立埔里國民中學","level":"國中","basis":"both","data_ym":"202206"},"geometry":{"type":"Polygon","coordinates":[[[120.967685,23.968956],[120.967734,23.969006],[120.966459,23.970167],[120.967232,23.970859],[120.967255,23.970871],[120.967271,23.970872],[120.967397,23.970748],[120.967843,23.970329],[120.968495,23.969726],[120.968727,23.969497],[120.969372,23.968881],[120.969373,23.968854],[120.969365,23.968779],[120.968652,23.968133],[120.968619,23.968162],[120.968595,23.968155],[120.968463,23.96803],[120.96846,23.967971],[120.968018,23.967584],[120.96799,23.967573],[120.967951,23.967573],[120.967924,23.967579],[120.967891,23.967602],[120.967102,23.968336],[120.967735,23.968909],[120.967685,23.968956]]]}},{"type":"Feature","properties":{"id":"cd585f97b864","name":"南投縣立草屯國民中學","level":"國中","basis":"both","data_ym":"201811"},"geometry":{"type":"Polygon","coordinates":[[[120.686138,23.977818],[120.686494,23.977806],[120.687041,23.977797],[120.687749,23.977766],[120.687703,23.977298],[120.687663,23.976664],[120.687653,23.976658],[120.686386,23.976725],[120.685968,23.976742],[120.685937,23.976762],[120.685927,23.976801],[120.685936,23.977816],[120.686138,23.977818]]]}},{"type":"Feature","properties":{"id":"63e660242741","name":"南投縣立國姓國民中學","level":"國中","basis":"both","data_ym":"202408"},"geometry":{"type":"Polygon","coordinates":[[[120.859949,24.043219],[120.859398,24.042531],[120.859335,24.042567],[120.858757,24.041784],[120.858266,24.041957],[120.858512,24.042625],[120.85855,24.042662],[120.858845,24.043044],[120.859035,24.043317],[120.859364,24.043472],[120.859567,24.043375],[120.859949,24.043219]]]}},{"type":"Feature","properties":{"id":"3556ab91b66f","name":"南投縣立爽文國民中學","level":"國中","basis":"both","data_ym":"201810"},"geometry":{"type":"Polygon","coordinates":[[[120.762948,23.934196],[120.763175,23.934053],[120.763016,23.933885],[120.762803,23.933712],[120.762729,23.933527],[120.762667,23.933426],[120.762561,23.933334],[120.762536,23.933158],[120.762453,23.933165],[120.762399,23.933156],[120.762322,23.933124],[120.762274,23.933087],[120.76224,23.932712],[120.762162,23.932693],[120.761838,23.932931],[120.761581,23.932673],[120.761538,23.932722],[120.761812,23.933031],[120.761847,23.933059],[120.761857,23.933117],[120.761878,23.93315],[120.761906,23.933167],[120.761933,23.933171],[120.76195,23.93326],[120.761535,23.93336],[120.761077,23.933586],[120.761022,23.933608],[120.761058,23.933769],[120.76106,23.933839],[120.761105,23.934015],[120.761192,23.934171],[120.761231,23.934168],[120.761316,23.93413],[120.761378,23.934109],[120.761433,23.934095],[120.761498,23.934093],[120.76157,23.934107],[120.761624,23.934141],[120.761796,23.934311],[120.761924,23.934412],[120.761957,23.93443],[120.762064,23.93447],[120.762124,23.934478],[120.762248,23.934476],[120.762383,23.934452],[120.762493,23.934426],[120.762598,23.934386],[120.762948,23.934196]]]}},{"type":"Feature","properties":{"id":"6e53944cfca6","name":"南投縣立魚池國民中學","level":"國中","basis":"both","data_ym":"201811"},"geometry":{"type":"Polygon","coordinates":[[[120.931215,23.892894],[120.931165,23.892642],[120.93116,23.892675],[120.93114,23.892703],[120.930912,23.892802],[120.93056,23.892967],[120.93026,23.893103],[120.930247,23.893114],[120.930232,23.893132],[120.930189,23.893209],[120.929932,23.893834],[120.929646,23.894545],[120.929641,23.894567],[120.929642,23.894612],[120.929654,23.894661],[120.931693,23.895284],[120.931858,23.895346],[120.932819,23.895741],[120.93295,23.895786],[120.933127,23.895827],[120.933102,23.89569],[120.933351,23.894995],[120.93297,23.894872],[120.932994,23.89483],[120.933064,23.894679],[120.933065,23.894628],[120.93306,23.894596],[120.932994,23.894485],[120.932964,23.894449],[120.932804,23.894384],[120.932531,23.894247],[120.931584,23.893407],[120.931424,23.893302],[120.93138,23.893241],[120.931342,23.893204],[120.931267,23.89305],[120.931215,23.892894]]]}},{"type":"Feature","properties":{"id":"50797df8074a","name":"南投縣立鹿谷國民中學","level":"國中","basis":"both","data_ym":"201810"},"geometry":{"type":"Polygon","coordinates":[[[120.760407,23.749661],[120.760002,23.748683],[120.759888,23.748417],[120.75984,23.748333],[120.759769,23.748243],[120.759755,23.748233],[120.759696,23.748265],[120.759652,23.748296],[120.759524,23.748163],[120.759436,23.748113],[120.759212,23.748015],[120.759163,23.748002],[120.759026,23.74798],[120.75897,23.747978],[120.758919,23.747984],[120.758284,23.7481],[120.758152,23.748146],[120.75829,23.748395],[120.758445,23.748636],[120.758677,23.749015],[120.75865,23.749014],[120.758729,23.749134],[120.758828,23.749149],[120.759213,23.749734],[120.759303,23.749572],[120.759385,23.749613],[120.759298,23.749764],[120.759175,23.750035],[120.759185,23.750042],[120.759253,23.75006],[120.759464,23.750002],[120.759606,23.749939],[120.760036,23.749778],[120.760407,23.749661]]]}},{"type":"Feature","properties":{"id":"0c2d9406882a","name":"南投縣立集集國民中學","level":"國中","basis":"both","data_ym":"201810"},"geometry":{"type":"Polygon","coordinates":[[[120.785255,23.833677],[120.785265,23.833336],[120.785365,23.833339],[120.785322,23.832986],[120.785357,23.832447],[120.78536,23.831972],[120.785239,23.831937],[120.784795,23.831904],[120.784795,23.831901],[120.784117,23.831852],[120.78399,23.831847],[120.78399,23.831843],[120.783464,23.831819],[120.783449,23.831831],[120.783415,23.83187],[120.78332,23.833251],[120.783323,23.833322],[120.783368,23.833473],[120.78346,23.833657],[120.783495,23.833715],[120.783542,23.83377],[120.783613,23.83383],[120.78369,23.833888],[120.783829,23.833978],[120.783951,23.83405],[120.784236,23.833812],[120.785255,23.833677]]]}},{"type":"Feature","properties":{"id":"5a34693d05e1","name":"南投縣立瑞竹國民中學","level":"國小","basis":"moe","data_ym":"201810"},"geometry":{"type":"Polygon","coordinates":[[[120.672414,23.66767],[120.672539,23.667583],[120.672812,23.667589],[120.672793,23.667426],[120.673009,23.667332],[120.673066,23.667317],[120.673039,23.667207],[120.673236,23.667132],[120.673178,23.667056],[120.673116,23.666997],[120.67305,23.666964],[120.672774,23.666855],[120.672253,23.666635],[120.672194,23.666622],[120.672132,23.66662],[120.671955,23.666645],[120.671606,23.66676],[120.67157,23.666768],[120.671192,23.666776],[120.67114,23.666825],[120.670961,23.666971],[120.670924,23.667411],[120.670937,23.667867],[120.671023,23.668001],[120.671064,23.668047],[120.671138,23.668074],[120.671937,23.668213],[120.672179,23.66826],[120.672242,23.668029],[120.672387,23.668026],[120.672423,23.668021],[120.672428,23.667964],[120.672424,23.667758],[120.672414,23.66767]]]}},{"type":"Feature","properties":{"id":"f461f53a9a7a","name":"南投縣立瑞峰國民中學","level":"國中","basis":"name","data_ym":"202410"},"geometry":{"type":"Polygon","coordinates":[[[120.775353,23.783033],[120.775438,23.783024],[120.775495,23.783091],[120.775542,23.783129],[120.775559,23.783183],[120.775634,23.783166],[120.775602,23.783054],[120.775782,23.782928],[120.775779,23.782876],[120.775769,23.78282],[120.775789,23.782709],[120.77587,23.782668],[120.775858,23.782598],[120.775766,23.782586],[120.775645,23.782351],[120.775529,23.78217],[120.775307,23.782198],[120.7753,23.782169],[120.774868,23.782236],[120.774663,23.782466],[120.774293,23.782677],[120.774143,23.783033],[120.774303,23.783284],[120.774275,23.783325],[120.774445,23.783663],[120.77469,23.783627],[120.774795,23.783602],[120.774817,23.783555],[120.774846,23.783517],[120.775136,23.78343],[120.775353,23.783033]]]}},{"type":"Feature","properties":{"id":"63ff683b5386","name":"南投縣立鳳鳴國民中學","level":"國中","basis":"both","data_ym":"202209"},"geometry":{"type":"Polygon","coordinates":[[[120.639085,23.924431],[120.639056,23.924463],[120.639096,23.924654],[120.639059,23.924667],[120.639178,23.925258],[120.639235,23.925248],[120.639316,23.9256],[120.639756,23.925515],[120.639912,23.92548],[120.640023,23.925733],[120.640332,23.925554],[120.640712,23.925257],[120.640566,23.924717],[120.64055,23.924453],[120.640527,23.92444],[120.640312,23.924236],[120.63934,23.924377],[120.639085,23.924431]]]}},{"type":"Feature","properties":{"id":"a5c9df3a5869","name":"南投縣立營北國民中學","level":"國中","basis":"both","data_ym":"202209"},"geometry":{"type":"Polygon","coordinates":[[[120.687388,23.95203],[120.686901,23.9516],[120.686863,23.951614],[120.686774,23.951545],[120.686774,23.951488],[120.686612,23.951335],[120.686454,23.951152],[120.686404,23.951105],[120.686353,23.951068],[120.686305,23.951043],[120.686106,23.950975],[120.686062,23.950988],[120.685628,23.952118],[120.685625,23.952138],[120.686935,23.952881],[120.687399,23.953159],[120.687581,23.953243],[120.68774,23.952964],[120.687952,23.952646],[120.688064,23.952498],[120.687599,23.952212],[120.687408,23.952131],[120.687419,23.952115],[120.687417,23.952104],[120.687412,23.952097],[120.687372,23.952076],[120.687388,23.95203]]]}},{"type":"Feature","properties":{"id":"7ef368c5a4cf","name":"南投縣名間鄉弓鞋國民小學","level":"國小","basis":"both","data_ym":"202209"},"geometry":{"type":"Polygon","coordinates":[[[120.631367,23.842961],[120.631717,23.842475],[120.631766,23.842502],[120.632071,23.842076],[120.631538,23.841679],[120.631012,23.841315],[120.63088,23.841219],[120.630815,23.841315],[120.630693,23.841517],[120.630529,23.84195],[120.630407,23.842301],[120.630302,23.842619],[120.63044,23.842663],[120.630432,23.842679],[120.630553,23.84272],[120.63056,23.842702],[120.631367,23.842961]]]}},{"type":"Feature","properties":{"id":"4886988b8fe6","name":"南投縣名間鄉中山國民小學","level":"國小","basis":"both","data_ym":"202209"},"geometry":{"type":"Polygon","coordinates":[[[120.662243,23.837134],[120.662306,23.836933],[120.662487,23.83628],[120.661645,23.835839],[120.66158,23.836011],[120.661535,23.836165],[120.661417,23.836621],[120.661361,23.836609],[120.661367,23.836585],[120.661186,23.836539],[120.661108,23.836735],[120.661527,23.836879],[120.661469,23.837071],[120.661566,23.837093],[120.661592,23.837009],[120.661938,23.837085],[120.662243,23.837134]]]}},{"type":"Feature","properties":{"id":"0541bc765741","name":"南投縣名間鄉田豐國民小學","level":"國小","basis":"both","data_ym":"202209"},"geometry":{"type":"Polygon","coordinates":[[[120.676945,23.87005],[120.676942,23.870015],[120.676599,23.870022],[120.676588,23.869923],[120.676477,23.86996],[120.676379,23.870008],[120.676383,23.870019],[120.676297,23.870065],[120.676262,23.870124],[120.676222,23.870167],[120.676058,23.870295],[120.675876,23.870457],[120.675949,23.870534],[120.675955,23.870577],[120.675867,23.870698],[120.675821,23.870743],[120.676091,23.870986],[120.676186,23.870999],[120.676277,23.871054],[120.676563,23.871123],[120.676617,23.871102],[120.67668,23.871088],[120.676709,23.871085],[120.67691,23.870187],[120.676945,23.87005]]]}},{"type":"Feature","properties":{"id":"034e47969056","name":"南投縣名間鄉名崗國民小學","level":"國小","basis":"both","data_ym":"202209"},"geometry":{"type":"Polygon","coordinates":[[[120.647146,23.870849],[120.64712,23.870202],[120.647095,23.869888],[120.646694,23.869565],[120.646686,23.869561],[120.646668,23.869582],[120.646671,23.869584],[120.646659,23.869587],[120.646597,23.869585],[120.646563,23.869574],[120.646537,23.869553],[120.64651,23.869542],[120.646389,23.869577],[120.645953,23.869741],[120.645628,23.869871],[120.645542,23.86991],[120.645517,23.869932],[120.645489,23.869993],[120.645481,23.869992],[120.645477,23.870035],[120.64551,23.87082],[120.645569,23.870826],[120.645882,23.870826],[120.647146,23.870849]]]}},{"type":"Feature","properties":{"id":"4106b676d47a","name":"南投縣名間鄉名間國民小學","level":"國小","basis":"both","data_ym":"202209"},"geometry":{"type":"Polygon","coordinates":[[[120.698183,23.845176],[120.698428,23.844712],[120.698449,23.84472],[120.698753,23.844098],[120.698724,23.844051],[120.697433,23.843631],[120.697415,23.843646],[120.697322,23.843858],[120.69681,23.844965],[120.696717,23.845184],[120.696712,23.845217],[120.696717,23.845228],[120.697658,23.845452],[120.698012,23.845559],[120.698183,23.845176]]]}},{"type":"Feature","properties":{"id":"3f6cce183878","name":"南投縣名間鄉新民國民小學","level":"國小","basis":"both","data_ym":"202410"},"geometry":{"type":"Polygon","coordinates":[[[120.686776,23.820836],[120.686839,23.820783],[120.686881,23.820784],[120.68729,23.820402],[120.687291,23.820371],[120.686904,23.82001],[120.686888,23.82001],[120.686823,23.82008],[120.686563,23.820321],[120.686245,23.820593],[120.686652,23.820952],[120.686776,23.820836]]]}},{"type":"Feature","properties":{"id":"094b08779993","name":"南投縣名間鄉新街國民小學","level":"國小","basis":"both","data_ym":"202209"},"geometry":{"type":"Polygon","coordinates":[[[120.691472,23.877048],[120.691467,23.876987],[120.691682,23.877],[120.69169,23.876907],[120.69171,23.876826],[120.69175,23.876765],[120.691798,23.876758],[120.691927,23.876771],[120.692026,23.876804],[120.692193,23.87688],[120.692312,23.876664],[120.692488,23.876667],[120.692621,23.876661],[120.692795,23.876636],[120.692951,23.876595],[120.693039,23.876549],[120.693141,23.876489],[120.693264,23.876406],[120.693259,23.876163],[120.693268,23.87579],[120.693207,23.875687],[120.693117,23.87561],[120.692909,23.875549],[120.692843,23.875479],[120.69282,23.875442],[120.692701,23.875443],[120.692499,23.875434],[120.692497,23.87568],[120.691989,23.875707],[120.691989,23.875659],[120.691864,23.875598],[120.691583,23.875384],[120.691427,23.875379],[120.691212,23.875395],[120.691181,23.875418],[120.691154,23.875443],[120.691143,23.8756],[120.691169,23.876261],[120.691179,23.876403],[120.691197,23.876524],[120.691235,23.876688],[120.691343,23.877019],[120.691472,23.877048]]]}},{"type":"Feature","properties":{"id":"3d4b089b1837","name":"南投縣名間鄉僑興國民小學","level":"國小","basis":"both","data_ym":"202410"},"geometry":{"type":"Polygon","coordinates":[[[120.694449,23.859164],[120.69483,23.858227],[120.694669,23.858177],[120.694625,23.85813],[120.69466,23.858026],[120.694672,23.858029],[120.694715,23.857928],[120.694653,23.857882],[120.69446,23.857807],[120.694414,23.857825],[120.694372,23.857726],[120.694338,23.857684],[120.694264,23.857625],[120.694237,23.857611],[120.694173,23.857589],[120.694132,23.857592],[120.694094,23.85761],[120.694073,23.85764],[120.693998,23.857779],[120.69384,23.857875],[120.693794,23.857954],[120.693764,23.858028],[120.693623,23.858471],[120.693528,23.858834],[120.693529,23.858872],[120.693536,23.858895],[120.693824,23.858948],[120.693923,23.858979],[120.693925,23.858971],[120.694375,23.859142],[120.694449,23.859164]]]}},{"type":"Feature","properties":{"id":"d56a52aa13b5","name":"南投縣竹山鎮大鞍國民小學","level":"國小","basis":"name","data_ym":"202008"},"geometry":{"type":"Polygon","coordinates":[[[120.717213,23.698642],[120.716967,23.698438],[120.716735,23.698647],[120.716787,23.698789],[120.7167,23.698876],[120.716508,23.699013],[120.716821,23.699314],[120.7169,23.699334],[120.716936,23.699358],[120.717215,23.699119],[120.717157,23.699062],[120.717193,23.699036],[120.71713,23.698958],[120.717337,23.698768],[120.717175,23.698716],[120.717213,23.698642]]]}},{"type":"Feature","properties":{"id":"1141d4b44784","name":"南投縣竹山鎮中州國民小學","level":"國小","basis":"both","data_ym":"202209"},"geometry":{"type":"Polygon","coordinates":[[[120.738488,23.810951],[120.738502,23.810894],[120.738332,23.810915],[120.738424,23.811217],[120.738421,23.811221],[120.737428,23.811533],[120.737249,23.811725],[120.737214,23.811767],[120.737282,23.812108],[120.737182,23.812297],[120.737195,23.812311],[120.738813,23.812067],[120.738809,23.811956],[120.738676,23.811576],[120.738624,23.81153],[120.738612,23.811507],[120.738579,23.811301],[120.738488,23.810951]]]}},{"type":"Feature","properties":{"id":"b79e8b040e3d","name":"南投縣竹山鎮中和國民小學","level":"國小","basis":"both","data_ym":"201901"},"geometry":{"type":"Polygon","coordinates":[[[120.667499,23.758453],[120.668234,23.758323],[120.668808,23.758252],[120.668764,23.757513],[120.668739,23.757361],[120.667478,23.757561],[120.66752,23.757956],[120.667507,23.757957],[120.667531,23.758067],[120.667534,23.758177],[120.667543,23.758267],[120.667351,23.758291],[120.667363,23.758394],[120.667487,23.758382],[120.667499,23.758453]]]}},{"type":"Feature","properties":{"id":"66d0b7f0e121","name":"南投縣竹山鎮竹山國民小學","level":"國小","basis":"both","data_ym":"202209"},"geometry":{"type":"Polygon","coordinates":[[[120.688531,23.761163],[120.688542,23.761115],[120.688545,23.761115],[120.688583,23.760935],[120.688587,23.760853],[120.688581,23.760811],[120.688569,23.760763],[120.688518,23.76076],[120.688463,23.760695],[120.688448,23.760668],[120.687835,23.760616],[120.687526,23.760949],[120.686708,23.76168],[120.686107,23.762235],[120.686433,23.762543],[120.685688,23.763117],[120.685789,23.763298],[120.685886,23.76344],[120.685924,23.763489],[120.685983,23.763547],[120.686051,23.763598],[120.686106,23.76363],[120.686184,23.763664],[120.686246,23.763683],[120.686618,23.763748],[120.686647,23.763717],[120.686786,23.763603],[120.68687,23.763526],[120.68707,23.763361],[120.687358,23.76317],[120.687419,23.763125],[120.687467,23.763084],[120.687792,23.762767],[120.687928,23.762625],[120.687973,23.762572],[120.688105,23.762404],[120.688262,23.762183],[120.688348,23.762053],[120.688366,23.762019],[120.688408,23.761917],[120.688476,23.761674],[120.688514,23.761516],[120.688529,23.761407],[120.688531,23.761163]]]}},{"type":"Feature","properties":{"id":"5de22af8e2de","name":"南投縣竹山鎮竹山國民中學1","level":"國中","basis":"both","data_ym":"201712"},"geometry":{"type":"Polygon","coordinates":[[[120.681692,23.752054],[120.681669,23.752043],[120.681652,23.752323],[120.681761,23.752335],[120.68176,23.752372],[120.681878,23.752259],[120.681887,23.752231],[120.681692,23.752054]]]}},{"type":"Feature","properties":{"id":"3362ca535374","name":"南投縣竹山鎮秀林國民小學","level":"國小","basis":"both","data_ym":"202209"},"geometry":{"type":"Polygon","coordinates":[[[120.688891,23.733445],[120.688998,23.733434],[120.689058,23.733458],[120.689347,23.733],[120.689408,23.732855],[120.689342,23.732855],[120.689152,23.732825],[120.68911,23.732771],[120.689107,23.732713],[120.689022,23.73263],[120.688938,23.732577],[120.688823,23.732608],[120.688861,23.732724],[120.688479,23.732831],[120.688516,23.732932],[120.688001,23.733091],[120.68812,23.733425],[120.688001,23.733594],[120.688059,23.733631],[120.688189,23.733574],[120.688548,23.733446],[120.688737,23.733421],[120.68862,23.733542],[120.688581,23.733623],[120.688637,23.733674],[120.688703,23.733642],[120.688756,23.733582],[120.688937,23.733479],[120.688891,23.733445]]]}},{"type":"Feature","properties":{"id":"0fe73f3c8638","name":"南投縣竹山鎮延平國民小學","level":"國小","basis":"both","data_ym":"202410"},"geometry":{"type":"Polygon","coordinates":[[[120.70758,23.769049],[120.707586,23.768976],[120.708332,23.769001],[120.708583,23.769028],[120.708587,23.768863],[120.708662,23.768857],[120.708707,23.768016],[120.708058,23.767966],[120.707599,23.767888],[120.707613,23.767821],[120.707619,23.767755],[120.706787,23.767712],[120.706939,23.769018],[120.70758,23.769049]]]}},{"type":"Feature","properties":{"id":"9e5de3e3b8f7","name":"南投縣竹山鎮社寮國民小學","level":"國小","basis":"both","data_ym":"202209"},"geometry":{"type":"Polygon","coordinates":[[[120.723331,23.809807],[120.723486,23.80953],[120.723271,23.80942],[120.723028,23.809779],[120.722864,23.809672],[120.722788,23.809784],[120.721835,23.809192],[120.721738,23.809327],[120.721587,23.809227],[120.721589,23.809223],[120.721535,23.809192],[120.721548,23.809147],[120.721311,23.809032],[120.720912,23.809857],[120.722538,23.810903],[120.723205,23.810007],[120.723331,23.809807]]]}},{"type":"Feature","properties":{"id":"9cb8999b5303","name":"南投縣竹山鎮前山國民小學","level":"國小","basis":"both","data_ym":"201901"},"geometry":{"type":"Polygon","coordinates":[[[120.678813,23.751172],[120.677118,23.749926],[120.676823,23.75058],[120.676604,23.751258],[120.676578,23.751352],[120.678101,23.752109],[120.67843,23.75158],[120.678813,23.751172]]]}},{"type":"Feature","properties":{"id":"72850d7903e9","name":"南投縣竹山鎮桶頭國民小學","level":"國小","basis":"both","data_ym":"202207"},"geometry":{"type":"Polygon","coordinates":[[[120.656691,23.646568],[120.656677,23.646515],[120.656927,23.646457],[120.656682,23.645862],[120.656784,23.645821],[120.656798,23.645848],[120.65687,23.64581],[120.657024,23.645743],[120.656966,23.645624],[120.657177,23.645533],[120.657143,23.645454],[120.656958,23.645521],[120.656836,23.645314],[120.656597,23.64542],[120.656706,23.645643],[120.655743,23.646011],[120.655966,23.646466],[120.656014,23.64658],[120.656569,23.646543],[120.65658,23.646594],[120.656691,23.646568]]]}},{"type":"Feature","properties":{"id":"3b7f85cba9bc","name":"南投縣竹山鎮雲林國民小學","level":"國小","basis":"both","data_ym":"201901"},"geometry":{"type":"Polygon","coordinates":[[[120.676369,23.757519],[120.677748,23.757204],[120.677768,23.75721],[120.677853,23.757188],[120.677882,23.75723],[120.677899,23.757225],[120.677867,23.757],[120.677914,23.756686],[120.678305,23.756445],[120.678305,23.756069],[120.678081,23.755683],[120.677736,23.755674],[120.677244,23.755671],[120.675956,23.755623],[120.675861,23.755634],[120.675299,23.756016],[120.67587,23.756835],[120.676369,23.757519]]]}},{"type":"Feature","properties":{"id":"e21c97dde334","name":"南投縣竹山鎮瑞竹國民小學","level":"國小","basis":"both","data_ym":"202410"},"geometry":{"type":"Polygon","coordinates":[[[120.666936,23.663363],[120.666839,23.663136],[120.666763,23.663161],[120.666652,23.663221],[120.666056,23.663359],[120.666053,23.663442],[120.665993,23.663446],[120.666004,23.663635],[120.665985,23.664081],[120.665986,23.664159],[120.666,23.664252],[120.666037,23.664331],[120.66614,23.664455],[120.666239,23.664542],[120.666416,23.664656],[120.666564,23.664723],[120.666845,23.664818],[120.666999,23.664859],[120.667223,23.664157],[120.667015,23.66377],[120.666984,23.663672],[120.666966,23.663455],[120.666936,23.663363]]]}},{"type":"Feature","properties":{"id":"8438302d1bb0","name":"南投縣竹山鎮過溪國民小學","level":"國小","basis":"both","data_ym":"201901"},"geometry":{"type":"Polygon","coordinates":[[[120.66718,23.727421],[120.667057,23.727197],[120.666948,23.727264],[120.666885,23.727234],[120.666779,23.727299],[120.666707,23.727193],[120.666705,23.72712],[120.666686,23.727116],[120.665797,23.727698],[120.665859,23.727781],[120.665847,23.727795],[120.666313,23.728388],[120.666652,23.728188],[120.666651,23.728158],[120.666794,23.728087],[120.666846,23.728056],[120.666948,23.727969],[120.666943,23.727872],[120.666925,23.727862],[120.666926,23.727824],[120.666849,23.727734],[120.66693,23.727677],[120.666974,23.727523],[120.667056,23.727463],[120.66718,23.727421]]]}},{"type":"Feature","properties":{"id":"5d9ea4af07ef","name":"南投縣竹山鎮鯉魚國民小學","level":"國小","basis":"both","data_ym":"201901"},"geometry":{"type":"Polygon","coordinates":[[[120.655133,23.713992],[120.653951,23.713758],[120.653849,23.714648],[120.654028,23.714677],[120.654398,23.714725],[120.654632,23.714789],[120.654673,23.714795],[120.654921,23.714822],[120.655025,23.71483],[120.655031,23.71482],[120.655039,23.714746],[120.655051,23.714591],[120.655106,23.714082],[120.655133,23.713992]]]}},{"type":"Feature","properties":{"id":"c31627e6357a","name":"南投縣私立三育高級中學","level":"高中職","basis":"both","data_ym":"202408"},"geometry":{"type":"Polygon","coordinates":[[[120.935774,23.911226],[120.935877,23.911213],[120.936079,23.911235],[120.936308,23.911298],[120.936735,23.911442],[120.936784,23.911448],[120.936818,23.91144],[120.936871,23.911409],[120.93736,23.910693],[120.937385,23.910637],[120.937438,23.910473],[120.937348,23.910341],[120.936947,23.910154],[120.93685,23.910106],[120.936825,23.910084],[120.936809,23.910058],[120.936802,23.910029],[120.936802,23.909881],[120.936792,23.909869],[120.936691,23.909848],[120.936531,23.909595],[120.936529,23.909571],[120.936536,23.909532],[120.936631,23.909167],[120.936696,23.909004],[120.936758,23.908834],[120.936848,23.908635],[120.937036,23.908166],[120.937087,23.908064],[120.937124,23.908016],[120.937184,23.907965],[120.937231,23.908026],[120.937253,23.908011],[120.937445,23.908305],[120.937839,23.908121],[120.938083,23.907879],[120.938184,23.907719],[120.938209,23.907609],[120.938227,23.907565],[120.938233,23.907493],[120.938231,23.90743],[120.938212,23.907352],[120.938116,23.907046],[120.937972,23.906774],[120.937813,23.906558],[120.937479,23.906205],[120.937193,23.905943],[120.93719,23.905909],[120.937207,23.905859],[120.937407,23.905599],[120.937416,23.905595],[120.937401,23.905573],[120.937357,23.905561],[120.937079,23.90509],[120.936993,23.904967],[120.936915,23.904875],[120.936291,23.904267],[120.936183,23.904173],[120.935847,23.903839],[120.935756,23.90392],[120.935707,23.903951],[120.935408,23.904028],[120.935573,23.904251],[120.935638,23.904359],[120.935568,23.904392],[120.935507,23.904289],[120.935327,23.904046],[120.935013,23.904117],[120.934591,23.904274],[120.934225,23.904451],[120.934237,23.904481],[120.934157,23.904503],[120.934135,23.904451],[120.934083,23.904436],[120.934052,23.904359],[120.933918,23.904432],[120.933895,23.904403],[120.933691,23.904487],[120.933753,23.90463],[120.933103,23.904998],[120.933056,23.905017],[120.932612,23.905257],[120.932475,23.904992],[120.932072,23.905112],[120.931401,23.905298],[120.931435,23.905179],[120.931449,23.905159],[120.931478,23.905136],[120.931524,23.905111],[120.931694,23.905048],[120.93188,23.904967],[120.931858,23.904842],[120.931854,23.904718],[120.93187,23.904386],[120.931861,23.90434],[120.931846,23.904322],[120.931807,23.90432],[120.931694,23.904339],[120.931446,23.904396],[120.931236,23.904423],[120.931168,23.904412],[120.930852,23.904318],[120.930809,23.904313],[120.930753,23.904315],[120.930726,23.904322],[120.930708,23.904335],[120.930699,23.904348],[120.930688,23.9044],[120.930682,23.904522],[120.930652,23.90463],[120.930627,23.904659],[120.9306,23.904682],[120.930302,23.904802],[120.930206,23.904846],[120.930179,23.904883],[120.930175,23.905162],[120.930169,23.905226],[120.93015,23.905308],[120.930134,23.905341],[120.93001,23.905522],[120.929973,23.905602],[120.929972,23.905647],[120.929982,23.905674],[120.930019,23.905703],[120.930338,23.905903],[120.930464,23.905992],[120.930616,23.906178],[120.930701,23.90629],[120.930747,23.906337],[120.930803,23.906369],[120.930944,23.906418],[120.930983,23.906424],[120.931001,23.906422],[120.931016,23.906411],[120.931079,23.906258],[120.931157,23.906018],[120.931194,23.905921],[120.931244,23.905938],[120.931238,23.905954],[120.931244,23.905983],[120.93135,23.906082],[120.931851,23.906477],[120.931835,23.906496],[120.931858,23.906684],[120.931896,23.906867],[120.931919,23.906894],[120.932911,23.907342],[120.933006,23.907294],[120.933056,23.907264],[120.933386,23.907096],[120.933597,23.907429],[120.933628,23.907783],[120.933621,23.908096],[120.93368,23.908177],[120.933724,23.908256],[120.933989,23.908568],[120.934466,23.909151],[120.934536,23.90925],[120.934707,23.909455],[120.93518,23.910044],[120.934819,23.910713],[120.934769,23.910688],[120.934722,23.910771],[120.934692,23.910811],[120.934613,23.910765],[120.934525,23.910653],[120.934303,23.911075],[120.934037,23.911311],[120.933721,23.911569],[120.933538,23.911688],[120.933545,23.911724],[120.933679,23.911982],[120.933553,23.912057],[120.933503,23.912189],[120.93343,23.912225],[120.933455,23.912262],[120.933912,23.912459],[120.934312,23.912225],[120.934687,23.91197],[120.934859,23.911829],[120.935311,23.911439],[120.935543,23.911304],[120.935774,23.911226]]]}},{"type":"Feature","properties":{"id":"6d81e4b98cd1","name":"南投縣私立五育高級中學","level":"高中職","basis":"both","data_ym":"202209"},"geometry":{"type":"Polygon","coordinates":[[[120.671776,23.894687],[120.672092,23.893991],[120.672362,23.894056],[120.672492,23.893846],[120.672522,23.89373],[120.672481,23.893694],[120.672452,23.893655],[120.672421,23.893593],[120.672413,23.893528],[120.672419,23.893449],[120.672778,23.892508],[120.672729,23.892471],[120.672567,23.892511],[120.672483,23.892524],[120.672483,23.892532],[120.67221,23.892561],[120.67211,23.892533],[120.671944,23.892553],[120.671798,23.892565],[120.671732,23.89256],[120.671621,23.89253],[120.671533,23.892514],[120.67151,23.892518],[120.671479,23.89253],[120.671462,23.892548],[120.671332,23.892832],[120.67114,23.893276],[120.670941,23.893239],[120.67041,23.894478],[120.670706,23.89464],[120.670908,23.894821],[120.671075,23.894931],[120.671532,23.895185],[120.671711,23.894793],[120.671744,23.894747],[120.671776,23.894687]]]}},{"type":"Feature","properties":{"id":"136c01d62988","name":"南投縣私立弘明實驗高級中學","level":"高中職","basis":"both","data_ym":"202209"},"geometry":{"type":"Polygon","coordinates":[[[120.698582,23.859239],[120.698253,23.858994],[120.698423,23.858706],[120.698422,23.858675],[120.698302,23.858479],[120.698184,23.858118],[120.69816,23.858001],[120.698163,23.857994],[120.698169,23.858001],[120.698239,23.857904],[120.698107,23.857817],[120.698232,23.857663],[120.698088,23.857599],[120.697464,23.85729],[120.697424,23.85726],[120.697397,23.857231],[120.697372,23.857195],[120.697333,23.857088],[120.697311,23.857038],[120.697296,23.857015],[120.697261,23.85698],[120.69721,23.856959],[120.697131,23.856938],[120.696699,23.856901],[120.696366,23.856849],[120.696203,23.856804],[120.696097,23.856764],[120.695834,23.856646],[120.695806,23.856645],[120.695775,23.856652],[120.695856,23.856913],[120.696202,23.857191],[120.696218,23.857211],[120.696237,23.857245],[120.696266,23.85734],[120.69627,23.857405],[120.696485,23.857679],[120.697008,23.858186],[120.69728,23.858397],[120.698114,23.859187],[120.698209,23.859085],[120.69852,23.859352],[120.698562,23.859276],[120.698576,23.859263],[120.698571,23.859259],[120.698582,23.859239]]]}},{"type":"Feature","properties":{"id":"ee27a78254d3","name":"南投縣私立同德高級中等學校","level":"高中職","basis":"both","data_ym":"202410"},"geometry":{"type":"Polygon","coordinates":[[[120.695173,23.999749],[120.694886,23.999419],[120.694965,23.999359],[120.695224,23.999666],[120.695324,23.999772],[120.69538,23.999728],[120.695862,23.99977],[120.69599,23.999767],[120.696017,23.99971],[120.696083,23.999522],[120.696197,23.999248],[120.696222,23.999206],[120.69625,23.999178],[120.696271,23.999166],[120.696348,23.999134],[120.696455,23.9991],[120.696485,23.999083],[120.696536,23.999004],[120.696615,23.998859],[120.696686,23.998742],[120.696765,23.998635],[120.696829,23.998562],[120.69685,23.998544],[120.696953,23.99847],[120.69699,23.998459],[120.696977,23.998424],[120.696947,23.99822],[120.696837,23.997958],[120.696551,23.997637],[120.696339,23.997382],[120.696143,23.997189],[120.695907,23.997407],[120.695778,23.997407],[120.695708,23.997418],[120.695573,23.997468],[120.695284,23.997688],[120.695218,23.997744],[120.695106,23.997698],[120.694939,23.99768],[120.694792,23.997786],[120.694556,23.997992],[120.694404,23.997906],[120.6943,23.997796],[120.694231,23.997792],[120.694094,23.997937],[120.694041,23.997925],[120.694032,23.997956],[120.693992,23.997936],[120.69395,23.997921],[120.693738,23.998429],[120.693653,23.998664],[120.693534,23.999186],[120.693589,23.999467],[120.6936,23.999543],[120.693613,23.999574],[120.693644,23.999608],[120.693728,23.999649],[120.693944,23.999745],[120.694018,23.999616],[120.694149,23.999647],[120.694183,23.999637],[120.694269,23.999783],[120.694266,23.999785],[120.694313,23.999787],[120.694345,23.999825],[120.694448,23.999769],[120.694517,23.999723],[120.694776,23.999533],[120.695204,23.999865],[120.695249,23.99983],[120.695173,23.999749]]]}},{"type":"Feature","properties":{"id":"da5b36c29c38","name":"南投縣私立均頭國民中小學","level":"國中","basis":"moe","data_ym":"201811"},"geometry":{"type":"Polygon","coordinates":[[[120.97445,23.948241],[120.973239,23.948176],[120.973221,23.948287],[120.973139,23.948592],[120.973032,23.948964],[120.972982,23.94918],[120.97298,23.949251],[120.972961,23.949348],[120.972806,23.949834],[120.972724,23.950062],[120.97268,23.950248],[120.972813,23.950557],[120.974294,23.950783],[120.974305,23.950781],[120.974347,23.950732],[120.974446,23.950471],[120.974903,23.949065],[120.974812,23.949045],[120.974796,23.949032],[120.974787,23.949011],[120.974689,23.948715],[120.974583,23.948305],[120.974572,23.948281],[120.974553,23.948265],[120.974529,23.948254],[120.97445,23.948241]]]}},{"type":"Feature","properties":{"id":"6a500523634d","name":"南投縣私立普臺高級中學","level":"高中職","basis":"both","data_ym":"202008"},"geometry":{"type":"Polygon","coordinates":[[[120.936195,23.996227],[120.936258,23.996226],[120.936306,23.996231],[120.936341,23.996242],[120.93637,23.996257],[120.936693,23.996482],[120.936866,23.996593],[120.936993,23.996666],[120.937074,23.996694],[120.937093,23.996697],[120.937146,23.996692],[120.937219,23.996664],[120.937239,23.99665],[120.937326,23.996538],[120.937462,23.996334],[120.937831,23.995798],[120.937873,23.995714],[120.937938,23.995502],[120.937973,23.995423],[120.938004,23.995315],[120.937986,23.995191],[120.937832,23.995051],[120.937635,23.994931],[120.937057,23.994598],[120.937039,23.994579],[120.936999,23.99449],[120.936754,23.994349],[120.936751,23.994299],[120.936741,23.994268],[120.936646,23.994201],[120.936664,23.994177],[120.936568,23.994118],[120.936604,23.994068],[120.936696,23.994129],[120.936716,23.994122],[120.936722,23.994106],[120.93672,23.994101],[120.936625,23.994038],[120.936651,23.993999],[120.936752,23.994055],[120.936782,23.994013],[120.937128,23.994205],[120.937172,23.994236],[120.937194,23.99426],[120.9373,23.994432],[120.937325,23.994464],[120.937396,23.994537],[120.937436,23.994569],[120.93752,23.994626],[120.937581,23.994655],[120.9376,23.994659],[120.937624,23.994656],[120.937645,23.994645],[120.937683,23.994592],[120.937735,23.994617],[120.937697,23.994693],[120.937699,23.994702],[120.937714,23.994721],[120.937975,23.994864],[120.938017,23.994895],[120.938099,23.994965],[120.938121,23.994976],[120.938153,23.994979],[120.938173,23.99497],[120.938223,23.994913],[120.938287,23.99496],[120.938241,23.995],[120.938218,23.995026],[120.93821,23.995041],[120.938209,23.995061],[120.938225,23.995094],[120.93824,23.995115],[120.938288,23.99516],[120.938347,23.995245],[120.938406,23.995344],[120.938444,23.995395],[120.938461,23.99541],[120.938533,23.995451],[120.938865,23.99572],[120.938905,23.995748],[120.939037,23.995569],[120.939068,23.995595],[120.939357,23.995159],[120.939025,23.995087],[120.938773,23.994934],[120.938495,23.994794],[120.938343,23.99476],[120.937632,23.994377],[120.936882,23.993922],[120.936662,23.993752],[120.936585,23.993643],[120.93653,23.993585],[120.93642,23.99356],[120.936289,23.993557],[120.93619,23.993496],[120.936065,23.993489],[120.935907,23.993494],[120.935914,23.993164],[120.935433,23.993094],[120.935329,23.993801],[120.935278,23.993907],[120.935214,23.99467],[120.935183,23.994698],[120.934983,23.99467],[120.935065,23.994044],[120.934804,23.993864],[120.934699,23.993771],[120.934604,23.993663],[120.934538,23.993563],[120.93443,23.993434],[120.934332,23.993339],[120.934226,23.993252],[120.934152,23.993202],[120.934056,23.993162],[120.93373,23.993071],[120.933682,23.993079],[120.93366,23.993088],[120.933618,23.993113],[120.933609,23.993128],[120.933558,23.993278],[120.933503,23.993518],[120.933479,23.993693],[120.933437,23.99394],[120.933422,23.993973],[120.9334,23.993991],[120.933387,23.993996],[120.93333,23.993999],[120.933192,23.994004],[120.93315,23.993999],[120.932911,23.993913],[120.93253,23.993765],[120.932439,23.993743],[120.932352,23.993744],[120.932313,23.993754],[120.932291,23.993769],[120.932261,23.993816],[120.932212,23.993915],[120.932367,23.993878],[120.932444,23.993892],[120.932503,23.993909],[120.932537,23.993951],[120.93256,23.994001],[120.932603,23.994072],[120.932683,23.994168],[120.932705,23.994201],[120.932715,23.99431],[120.932705,23.994389],[120.932686,23.994463],[120.932665,23.994502],[120.932646,23.994526],[120.932569,23.994598],[120.932621,23.994658],[120.932549,23.994735],[120.932594,23.994777],[120.932752,23.99495],[120.93287,23.995066],[120.932935,23.995098],[120.933056,23.99514],[120.93319,23.995203],[120.933318,23.995331],[120.933436,23.995399],[120.933667,23.995511],[120.933743,23.995538],[120.933873,23.995563],[120.933892,23.995573],[120.933905,23.995587],[120.933925,23.995646],[120.933924,23.995676],[120.933919,23.995693],[120.933693,23.996008],[120.933666,23.996064],[120.933658,23.996119],[120.933664,23.996177],[120.933682,23.996218],[120.933701,23.996241],[120.933779,23.996328],[120.933996,23.996543],[120.934094,23.996629],[120.934191,23.996696],[120.934687,23.996991],[120.93499,23.997202],[120.935198,23.997336],[120.935217,23.997347],[120.935255,23.997358],[120.935322,23.997356],[120.935383,23.997333],[120.935404,23.997318],[120.935479,23.997217],[120.935801,23.996737],[120.935862,23.996629],[120.935971,23.996373],[120.93602,23.996304],[120.936065,23.996269],[120.936133,23.996234],[120.936195,23.996227]]]}},{"type":"Feature","properties":{"id":"a7bdc489e303","name":"南投縣私立普臺國民小學","level":"國小","basis":"both","data_ym":"202508"},"geometry":{"type":"Polygon","coordinates":[[[120.947767,24.002661],[120.947655,24.002578],[120.94763,24.00255],[120.947582,24.002445],[120.947551,24.002314],[120.94748,24.002386],[120.947382,24.002399],[120.947309,24.002237],[120.947253,24.001864],[120.947288,24.000826],[120.946279,24.000589],[120.946266,24.000909],[120.946208,24.001119],[120.946425,24.001235],[120.946447,24.001285],[120.946319,24.001339],[120.946119,24.001275],[120.945915,24.001315],[120.945839,24.001165],[120.945497,24.001116],[120.945188,24.001001],[120.944715,24.001012],[120.944763,24.001105],[120.944796,24.001158],[120.944976,24.001417],[120.945103,24.001593],[120.945145,24.00167],[120.945379,24.002235],[120.94548,24.002504],[120.945489,24.002535],[120.945482,24.002591],[120.945491,24.002658],[120.945751,24.002589],[120.945838,24.002962],[120.945656,24.003021],[120.94581,24.003196],[120.945873,24.003277],[120.946009,24.00347],[120.946055,24.003544],[120.946089,24.003606],[120.946133,24.003705],[120.946225,24.003949],[120.946313,24.004164],[120.946366,24.004283],[120.946391,24.004327],[120.946443,24.004398],[120.946517,24.004495],[120.946627,24.004622],[120.946708,24.004746],[120.946725,24.004789],[120.946738,24.004884],[120.946735,24.004969],[120.946689,24.005324],[120.946655,24.005554],[120.946598,24.005873],[120.946556,24.006056],[120.946473,24.00634],[120.946418,24.006489],[120.946368,24.006569],[120.946329,24.006616],[120.946282,24.006727],[120.946285,24.006729],[120.946228,24.006838],[120.946311,24.006879],[120.946369,24.00692],[120.946463,24.006998],[120.94651,24.007027],[120.946671,24.007077],[120.947066,24.007189],[120.947261,24.007231],[120.947314,24.007205],[120.9474,24.007122],[120.947418,24.007087],[120.947437,24.006589],[120.947442,24.006566],[120.947841,24.006467],[120.947771,24.00622],[120.947775,24.006174],[120.947808,24.006136],[120.947864,24.006104],[120.947961,24.006064],[120.948005,24.006032],[120.948037,24.005987],[120.948103,24.005777],[120.948137,24.005716],[120.948174,24.005673],[120.948501,24.005408],[120.948506,24.005391],[120.948505,24.005375],[120.948414,24.005213],[120.948387,24.005152],[120.948387,24.005104],[120.948397,24.005071],[120.948423,24.005044],[120.948559,24.004962],[120.948585,24.004926],[120.948607,24.004872],[120.948617,24.004823],[120.948616,24.004791],[120.948602,24.004757],[120.948564,24.004719],[120.948526,24.004689],[120.94841,24.004615],[120.948271,24.00455],[120.947997,24.004486],[120.947945,24.004454],[120.94791,24.004426],[120.94784,24.004353],[120.947787,24.004287],[120.947738,24.004209],[120.947697,24.004111],[120.947684,24.004025],[120.947685,24.003956],[120.947701,24.003901],[120.947824,24.003669],[120.94784,24.003607],[120.94784,24.00358],[120.947814,24.003464],[120.947744,24.003287],[120.94774,24.003241],[120.947742,24.003205],[120.947771,24.003132],[120.947861,24.002977],[120.947906,24.002867],[120.947912,24.00284],[120.947911,24.002785],[120.947883,24.00274],[120.947838,24.002705],[120.947767,24.002661]]]}},{"type":"Feature","properties":{"id":"337a47d51961","name":"南投縣信義鄉人和國民小學","level":"國小","basis":"both","data_ym":"201901"},"geometry":{"type":"Polygon","coordinates":[[[120.897026,23.780338],[120.897209,23.780272],[120.897213,23.780283],[120.897121,23.779974],[120.897219,23.779947],[120.897276,23.7799],[120.897257,23.779799],[120.897319,23.779712],[120.897336,23.779649],[120.897285,23.779556],[120.89719,23.779365],[120.8971,23.779212],[120.897071,23.779146],[120.897042,23.779065],[120.897008,23.779022],[120.896836,23.778941],[120.896752,23.778926],[120.896715,23.778928],[120.896623,23.778968],[120.896584,23.778991],[120.896582,23.779013],[120.896726,23.779349],[120.896854,23.779687],[120.896911,23.779934],[120.8969,23.779994],[120.896862,23.780103],[120.89683,23.780172],[120.89676,23.78037],[120.896769,23.78039],[120.896781,23.780394],[120.896819,23.780389],[120.897026,23.780338]]]}},{"type":"Feature","properties":{"id":"f3cb4d238f43","name":"南投縣信義鄉久美國民小學","level":"國小","basis":"both","data_ym":"202206"},"geometry":{"type":"Polygon","coordinates":[[[120.885135,23.615153],[120.88504,23.614977],[120.884984,23.614845],[120.884882,23.614814],[120.884816,23.614786],[120.884808,23.614796],[120.884635,23.614757],[120.884587,23.614962],[120.884521,23.615072],[120.884449,23.615103],[120.884349,23.61508],[120.884061,23.615784],[120.884493,23.615952],[120.884573,23.615859],[120.884674,23.615756],[120.884965,23.615481],[120.885037,23.615427],[120.885068,23.615388],[120.885159,23.615212],[120.885135,23.615153]]]}},{"type":"Feature","properties":{"id":"90028583c0e3","name":"南投縣信義鄉同富國民小學","level":"國小","basis":"both","data_ym":"202008"},"geometry":{"type":"Polygon","coordinates":[[[120.888478,23.594493],[120.888423,23.594286],[120.88838,23.594054],[120.888368,23.59383],[120.888377,23.59365],[120.888213,23.593577],[120.888093,23.593554],[120.888103,23.593436],[120.887845,23.593401],[120.887626,23.59339],[120.887618,23.593559],[120.887618,23.59404],[120.88763,23.594144],[120.887663,23.594245],[120.887694,23.594319],[120.887734,23.594308],[120.887731,23.59435],[120.88769,23.594357],[120.887683,23.594439],[120.888478,23.594493]]]}},{"type":"Feature","properties":{"id":"5fc84e1d3077","name":"南投縣信義鄉地利國民小學","level":"國小","basis":"both","data_ym":"202408"},"geometry":{"type":"Polygon","coordinates":[[[120.943313,23.794572],[120.943742,23.794224],[120.943619,23.794108],[120.943667,23.794066],[120.943601,23.793982],[120.943573,23.793966],[120.943619,23.793835],[120.943624,23.79376],[120.943582,23.793693],[120.943495,23.793594],[120.943696,23.793466],[120.943652,23.793414],[120.943079,23.793753],[120.942584,23.794067],[120.942957,23.79449],[120.942983,23.794469],[120.943003,23.794488],[120.943025,23.794469],[120.943201,23.794652],[120.943313,23.794572]]]}},{"type":"Feature","properties":{"id":"63309b02fc06","name":"南投縣信義鄉希娜巴嵐國民小學","level":"國小","basis":"both","data_ym":"201901"},"geometry":{"type":"Polygon","coordinates":[[[120.869754,23.64038],[120.869797,23.640219],[120.86986,23.639941],[120.869923,23.63963],[120.869936,23.639592],[120.869963,23.639554],[120.869977,23.639541],[120.870002,23.639529],[120.870194,23.639481],[120.8702,23.639379],[120.869975,23.639407],[120.86961,23.639423],[120.86949,23.639571],[120.869329,23.639599],[120.869085,23.639576],[120.869055,23.639659],[120.869138,23.639714],[120.869099,23.63996],[120.869119,23.639963],[120.869118,23.63997],[120.869243,23.639986],[120.869193,23.64026],[120.869506,23.640327],[120.869532,23.640301],[120.86958,23.640284],[120.869601,23.640284],[120.86962,23.640289],[120.869655,23.640311],[120.869688,23.640366],[120.869754,23.64038]]]}},{"type":"Feature","properties":{"id":"3608d255cf22","name":"南投縣信義鄉東埔國民小學","level":"國小","basis":"both","data_ym":"202206"},"geometry":{"type":"Polygon","coordinates":[[[120.927368,23.562375],[120.928065,23.56226],[120.928023,23.562033],[120.928065,23.562028],[120.927984,23.561815],[120.92704,23.562093],[120.927066,23.562236],[120.927169,23.562304],[120.92735,23.56227],[120.927368,23.562375]]]}},{"type":"Feature","properties":{"id":"a37b54a4e516","name":"南投縣信義鄉信義國民小學","level":"國小","basis":"both","data_ym":"202008"},"geometry":{"type":"Polygon","coordinates":[[[120.854762,23.697988],[120.854859,23.697606],[120.85476,23.697577],[120.854797,23.697462],[120.854492,23.697322],[120.854278,23.697803],[120.854233,23.697788],[120.854209,23.69785],[120.85425,23.697959],[120.854309,23.698042],[120.85452,23.69823],[120.854527,23.698267],[120.854655,23.698444],[120.854808,23.698509],[120.854881,23.698353],[120.854912,23.698272],[120.854928,23.698011],[120.854762,23.697988]]]}},{"type":"Feature","properties":{"id":"8fbb4a68fcae","name":"南投縣信義鄉桐林國民小學","level":"國小","basis":"both","data_ym":"202008"},"geometry":{"type":"Polygon","coordinates":[[[120.875203,23.560506],[120.875116,23.560011],[120.875093,23.560022],[120.874822,23.560062],[120.874819,23.560043],[120.87476,23.56005],[120.874725,23.56006],[120.874707,23.560071],[120.874673,23.560132],[120.874661,23.560174],[120.874656,23.560207],[120.874654,23.560285],[120.874661,23.560465],[120.874673,23.560503],[120.874704,23.560543],[120.874723,23.560556],[120.874766,23.560571],[120.875203,23.560506]]]}},{"type":"Feature","properties":{"id":"957e98ccacab","name":"南投縣信義鄉隆華國民小學","level":"國小","basis":"both","data_ym":"201901"},"geometry":{"type":"Polygon","coordinates":[[[120.867979,23.56303],[120.867847,23.563008],[120.867826,23.5631],[120.867799,23.563187],[120.867767,23.56324],[120.867744,23.56326],[120.867711,23.563278],[120.86754,23.563752],[120.867762,23.563671],[120.867761,23.56366],[120.868096,23.563606],[120.868293,23.563082],[120.868106,23.563035],[120.867979,23.56303]]]}},{"type":"Feature","properties":{"id":"733fd31653be","name":"南投縣信義鄉愛國國民小學","level":"國小","basis":"both","data_ym":"202008"},"geometry":{"type":"Polygon","coordinates":[[[120.848938,23.694023],[120.848663,23.693557],[120.84846,23.693655],[120.84825,23.693734],[120.847868,23.693902],[120.847856,23.693883],[120.847704,23.693964],[120.847667,23.694021],[120.84778,23.694095],[120.847826,23.69413],[120.848245,23.694564],[120.848193,23.69461],[120.848398,23.694775],[120.848794,23.694526],[120.8488,23.694475],[120.848791,23.694393],[120.84873,23.694329],[120.848699,23.694266],[120.848732,23.694235],[120.84868,23.694168],[120.84872,23.694136],[120.848938,23.694023]]]}},{"type":"Feature","properties":{"id":"f3ee6fe40a4e","name":"南投縣信義鄉潭南國民小學","level":"國小","basis":"both","data_ym":"201901"},"geometry":{"type":"Polygon","coordinates":[[[120.940601,23.821077],[120.940399,23.82087],[120.939854,23.821392],[120.939927,23.821468],[120.94013,23.821645],[120.940477,23.821297],[120.940657,23.821145],[120.94059,23.821089],[120.940601,23.821077]]]}},{"type":"Feature","properties":{"id":"583b342ae5bc","name":"南投縣信義鄉豐丘國民小學","level":"國小","basis":"both","data_ym":"202008"},"geometry":{"type":"Polygon","coordinates":[[[120.874878,23.669833],[120.874665,23.669816],[120.874614,23.669846],[120.874586,23.669917],[120.8746,23.669946],[120.874833,23.669981],[120.874824,23.670092],[120.874773,23.67025],[120.874692,23.670422],[120.875072,23.670538],[120.875222,23.670153],[120.875194,23.670086],[120.875146,23.669996],[120.875053,23.66991],[120.874878,23.669833]]]}},{"type":"Feature","properties":{"id":"7278a6e924e2","name":"南投縣信義鄉豐丘國民小學1","level":"國小","basis":"both","data_ym":"202008"},"geometry":{"type":"Polygon","coordinates":[[[120.875185,23.669853],[120.87504,23.669487],[120.874797,23.669727],[120.874759,23.669756],[120.874906,23.669794],[120.875159,23.669876],[120.875185,23.669853]]]}},{"type":"Feature","properties":{"id":"19f753e66003","name":"南投縣信義鄉雙龍國民小學","level":"國小","basis":"both","data_ym":"202408"},"geometry":{"type":"Polygon","coordinates":[[[120.950414,23.785196],[120.950335,23.785021],[120.950219,23.785101],[120.950129,23.785184],[120.949734,23.785519],[120.949789,23.785612],[120.949576,23.78577],[120.949464,23.785827],[120.949563,23.786005],[120.949574,23.78604],[120.949734,23.786065],[120.949835,23.78617],[120.94987,23.786197],[120.950087,23.786081],[120.95065,23.785722],[120.950615,23.785562],[120.950478,23.78551],[120.950413,23.78538],[120.950377,23.785276],[120.950414,23.785196]]]}},{"type":"Feature","properties":{"id":"5094062bd709","name":"南投縣信義鄉羅娜國民小學","level":"國小","basis":"both","data_ym":"201901"},"geometry":{"type":"Polygon","coordinates":[[[120.870425,23.629122],[120.870592,23.628765],[120.870587,23.628755],[120.870498,23.628718],[120.870903,23.627779],[120.870455,23.627605],[120.87043,23.627603],[120.870419,23.627606],[120.870389,23.627631],[120.870239,23.627954],[120.870193,23.627994],[120.870114,23.628112],[120.869915,23.628542],[120.869934,23.628548],[120.869905,23.628609],[120.869984,23.628644],[120.869899,23.628826],[120.86992,23.628835],[120.869877,23.628902],[120.869935,23.628921],[120.870425,23.629122]]]}},{"type":"Feature","properties":{"id":"fa9b29343947","name":"南投縣南投市千秋國民小學","level":"國小","basis":"name","data_ym":"201901"},"geometry":{"type":"Polygon","coordinates":[[[120.713817,23.891484],[120.713793,23.891115],[120.713377,23.891112],[120.71328,23.891115],[120.713165,23.89109],[120.71287,23.891047],[120.712642,23.891859],[120.713117,23.891973],[120.713299,23.892011],[120.713442,23.892037],[120.713819,23.892092],[120.713825,23.891956],[120.713817,23.891484]]]}},{"type":"Feature","properties":{"id":"8477f8a37384","name":"南投縣南投市文山國民小學","level":"國小","basis":"name","data_ym":"202209"},"geometry":{"type":"Polygon","coordinates":[[[120.638072,23.906396],[120.638099,23.905639],[120.637807,23.905676],[120.637646,23.905706],[120.637506,23.905722],[120.637236,23.905724],[120.63724,23.906038],[120.637261,23.906626],[120.637269,23.90719],[120.638051,23.907145],[120.638072,23.906396]]]}},{"type":"Feature","properties":{"id":"be9072ba1118","name":"南投縣南投市平和國民小學","level":"國小","basis":"name","data_ym":"202209"},"geometry":{"type":"Polygon","coordinates":[[[120.692274,23.913745],[120.692669,23.913127],[120.692595,23.913062],[120.69199,23.912712],[120.691967,23.912744],[120.691808,23.912666],[120.691831,23.912631],[120.691807,23.912618],[120.691818,23.912604],[120.69124,23.912263],[120.691212,23.912249],[120.691199,23.912247],[120.691167,23.912249],[120.691144,23.91226],[120.690836,23.912713],[120.690506,23.913227],[120.690514,23.913238],[120.690944,23.9135],[120.691192,23.913643],[120.692007,23.914129],[120.692104,23.913983],[120.692274,23.913745]]]}},{"type":"Feature","properties":{"id":"5500b7953050","name":"南投縣南投市光復國民小學","level":"國小","basis":"name","data_ym":"202209"},"geometry":{"type":"Polygon","coordinates":[[[120.701487,23.942896],[120.701586,23.94288],[120.701632,23.942883],[120.701956,23.942947],[120.702291,23.942913],[120.70235,23.942893],[120.702544,23.942528],[120.702829,23.941964],[120.703194,23.941256],[120.703224,23.941178],[120.703258,23.941032],[120.703111,23.941012],[120.702725,23.940924],[120.702601,23.940907],[120.70252,23.9409],[120.702308,23.940905],[120.702291,23.940992],[120.702263,23.941098],[120.702226,23.941201],[120.702197,23.941265],[120.702072,23.941479],[120.702015,23.941558],[120.701903,23.941693],[120.701842,23.941756],[120.701749,23.941838],[120.701657,23.941906],[120.701552,23.941976],[120.701431,23.942039],[120.701334,23.942077],[120.701248,23.942106],[120.701221,23.94212],[120.701214,23.942157],[120.701201,23.942434],[120.701209,23.942553],[120.701208,23.942798],[120.701181,23.942907],[120.701129,23.942926],[120.701113,23.943005],[120.701177,23.942999],[120.701487,23.942896]]]}},{"type":"Feature","properties":{"id":"7a4e8f7b4890","name":"南投縣南投市光華國民小學","level":"國小","basis":"name","data_ym":"201901"},"geometry":{"type":"Polygon","coordinates":[[[120.691889,23.952955],[120.691632,23.952763],[120.691591,23.952793],[120.691328,23.952562],[120.691237,23.952475],[120.69048,23.951796],[120.690422,23.951902],[120.690277,23.952688],[120.690236,23.952889],[120.690199,23.95326],[120.690196,23.953354],[120.69017,23.953423],[120.690058,23.953678],[120.690173,23.953741],[120.690124,23.953822],[120.690136,23.953951],[120.690163,23.954183],[120.690174,23.954245],[120.6902,23.954495],[120.690235,23.954487],[120.690321,23.954452],[120.690471,23.954379],[120.690574,23.954317],[120.69072,23.954215],[120.690815,23.954135],[120.691344,23.953662],[120.691526,23.953481],[120.691724,23.95325],[120.691902,23.953014],[120.691904,23.952983],[120.691889,23.952955]]]}},{"type":"Feature","properties":{"id":"2caa9f980a70","name":"南投縣南投市光榮國民小學","level":"國小","basis":"name","data_ym":"201901"},"geometry":{"type":"Polygon","coordinates":[[[120.697393,23.947157],[120.698266,23.946183],[120.697174,23.945366],[120.697121,23.945362],[120.697099,23.945375],[120.696245,23.946297],[120.696757,23.946683],[120.696762,23.946678],[120.697393,23.947157]]]}},{"type":"Feature","properties":{"id":"90a62ccf3e9f","name":"南投縣南投市西嶺國民小學","level":"國小","basis":"name","data_ym":"201901"},"geometry":{"type":"Polygon","coordinates":[[[120.639303,23.925547],[120.639235,23.925248],[120.639178,23.925258],[120.639059,23.924667],[120.639096,23.924654],[120.639056,23.924463],[120.639085,23.924431],[120.638548,23.924525],[120.638024,23.924626],[120.638069,23.924713],[120.63814,23.924891],[120.638206,23.925074],[120.638323,23.925732],[120.639303,23.925547]]]}},{"type":"Feature","properties":{"id":"a9cabfd8c1e5","name":"南投縣南投市南投國民小學","level":"國小","basis":"name","data_ym":"202209"},"geometry":{"type":"Polygon","coordinates":[[[120.684199,23.905055],[120.6839,23.904951],[120.683893,23.904953],[120.683817,23.905147],[120.683804,23.905203],[120.683776,23.905251],[120.683692,23.90536],[120.68363,23.905457],[120.68347,23.905738],[120.683468,23.905757],[120.683476,23.905771],[120.683534,23.905814],[120.683548,23.905837],[120.68355,23.905852],[120.683538,23.906093],[120.683487,23.906796],[120.683499,23.906803],[120.684301,23.907074],[120.684342,23.907082],[120.685194,23.907146],[120.685213,23.907105],[120.68522,23.907063],[120.685215,23.906513],[120.685199,23.906078],[120.685189,23.905486],[120.685171,23.905384],[120.685147,23.905371],[120.685118,23.905365],[120.684963,23.905342],[120.684946,23.905335],[120.684912,23.905303],[120.684894,23.905296],[120.684536,23.90518],[120.684199,23.905055]]]}},{"type":"Feature","properties":{"id":"1a4e7a0161c4","name":"南投縣南投市南投國民中學1","level":"國中","basis":"name","data_ym":"201712"},"geometry":{"type":"Polygon","coordinates":[[[120.675234,23.9137],[120.675455,23.913257],[120.675452,23.913242],[120.675443,23.913228],[120.675325,23.91316],[120.675047,23.913014],[120.674722,23.912815],[120.674245,23.912604],[120.673929,23.913312],[120.673987,23.91334],[120.674389,23.913508],[120.674433,23.913497],[120.674473,23.913502],[120.675087,23.913763],[120.675131,23.913766],[120.675174,23.913755],[120.675211,23.913731],[120.675234,23.9137]]]}},{"type":"Feature","properties":{"id":"d02040e257a1","name":"南投縣南投市康壽國民小學","level":"國小","basis":"name","data_ym":"201901"},"geometry":{"type":"Polygon","coordinates":[[[120.686769,23.912938],[120.68642,23.912508],[120.686393,23.912498],[120.686367,23.912482],[120.686353,23.912451],[120.685205,23.912104],[120.684897,23.912495],[120.684968,23.912567],[120.684843,23.912822],[120.684695,23.912776],[120.684684,23.912794],[120.684691,23.912817],[120.68466,23.912866],[120.684624,23.912867],[120.684604,23.912879],[120.68458,23.912911],[120.684495,23.91309],[120.684421,23.913329],[120.684419,23.913359],[120.684431,23.913371],[120.684601,23.913405],[120.685004,23.913475],[120.685554,23.913523],[120.68643,23.913544],[120.686621,23.913537],[120.686786,23.91351],[120.686926,23.913456],[120.687062,23.913391],[120.686769,23.912938]]]}},{"type":"Feature","properties":{"id":"6f4fa69d9e7d","name":"南投縣南投市新豐國民小學","level":"國小","basis":"name","data_ym":"202209"},"geometry":{"type":"Polygon","coordinates":[[[120.672972,23.929168],[120.673001,23.929078],[120.673074,23.929099],[120.673097,23.929096],[120.673288,23.92856],[120.673373,23.928364],[120.673323,23.928371],[120.673252,23.928401],[120.672988,23.928347],[120.67306,23.928141],[120.673336,23.928222],[120.673422,23.927997],[120.671985,23.927585],[120.671729,23.928111],[120.671869,23.928114],[120.672159,23.928133],[120.672184,23.928145],[120.672161,23.928193],[120.672167,23.928247],[120.672041,23.928656],[120.671965,23.928958],[120.671964,23.928984],[120.671938,23.92909],[120.671882,23.929392],[120.671864,23.929513],[120.672288,23.929718],[120.672406,23.929766],[120.672505,23.929792],[120.672834,23.929838],[120.672849,23.929827],[120.672898,23.929663],[120.673062,23.929198],[120.673024,23.92918],[120.672972,23.929168]]]}},{"type":"Feature","properties":{"id":"7fd0af1cdbcd","name":"南投縣南投市僑建國民小學","level":"國小","basis":"name","data_ym":"202209"},"geometry":{"type":"Polygon","coordinates":[[[120.668101,23.940928],[120.668151,23.940836],[120.668179,23.940844],[120.668372,23.940504],[120.667806,23.940366],[120.667755,23.940337],[120.667593,23.94023],[120.667566,23.940235],[120.667232,23.940806],[120.667308,23.940838],[120.667397,23.940929],[120.667602,23.941064],[120.667881,23.941319],[120.668124,23.940937],[120.668101,23.940928]]]}},{"type":"Feature","properties":{"id":"3f80fc5e4805","name":"南投縣南投市嘉和國民小學","level":"國小","basis":"name","data_ym":"202209"},"geometry":{"type":"Polygon","coordinates":[[[120.684997,23.897407],[120.685156,23.896836],[120.685184,23.896689],[120.685232,23.896284],[120.685214,23.896282],[120.685234,23.896159],[120.685239,23.895981],[120.685189,23.895976],[120.685195,23.895901],[120.685188,23.895875],[120.685178,23.895863],[120.685157,23.895856],[120.684953,23.895918],[120.684517,23.896031],[120.683934,23.896206],[120.683546,23.896327],[120.68352,23.896621],[120.683905,23.896699],[120.6838,23.897201],[120.684299,23.897311],[120.684413,23.89729],[120.684467,23.897265],[120.684594,23.897295],[120.684997,23.897407]]]}},{"type":"Feature","properties":{"id":"616c6c4d9151","name":"南投縣南投市漳和國民小學","level":"國小","basis":"name","data_ym":"202209"},"geometry":{"type":"Polygon","coordinates":[[[120.676578,23.912779],[120.676563,23.912797],[120.676185,23.913496],[120.677137,23.913905],[120.677468,23.913122],[120.677422,23.913106],[120.677274,23.913004],[120.677182,23.912955],[120.677206,23.912919],[120.677425,23.913035],[120.677513,23.91307],[120.677538,23.913048],[120.677739,23.912642],[120.6762,23.912059],[120.676186,23.912078],[120.676388,23.912249],[120.676682,23.912486],[120.676986,23.912716],[120.677196,23.912838],[120.677132,23.912943],[120.676934,23.912848],[120.676845,23.913],[120.676715,23.912946],[120.676578,23.912779]]]}},{"type":"Feature","properties":{"id":"537ca5ad7ad3","name":"南投縣南投市漳興國民小學","level":"國小","basis":"name","data_ym":"202209"},"geometry":{"type":"Polygon","coordinates":[[[120.681076,23.917241],[120.680772,23.917066],[120.680659,23.917349],[120.680694,23.917361],[120.680627,23.917526],[120.680539,23.917655],[120.680484,23.917784],[120.680448,23.917855],[120.680052,23.918723],[120.680361,23.918848],[120.680881,23.919046],[120.681126,23.919104],[120.681295,23.919116],[120.681471,23.919106],[120.681607,23.919081],[120.681789,23.919008],[120.681742,23.918918],[120.681869,23.918763],[120.681792,23.918709],[120.681697,23.918627],[120.68166,23.918591],[120.681605,23.918511],[120.681589,23.918475],[120.681584,23.918452],[120.681584,23.91836],[120.681612,23.918055],[120.681755,23.918052],[120.681762,23.917779],[120.68165,23.917768],[120.681657,23.91767],[120.681647,23.917645],[120.681624,23.917608],[120.681562,23.917547],[120.681423,23.917453],[120.681076,23.917241]]]}},{"type":"Feature","properties":{"id":"59451c7505f5","name":"南投縣南投市德興國民小學","level":"國小","basis":"name","data_ym":"202209"},"geometry":{"type":"Polygon","coordinates":[[[120.693682,23.932333],[120.69323,23.931304],[120.693098,23.931341],[120.692262,23.931518],[120.69222,23.931687],[120.692386,23.931846],[120.69251,23.932232],[120.692552,23.932418],[120.692622,23.932672],[120.69265,23.932708],[120.692774,23.932761],[120.692861,23.932835],[120.693044,23.93287],[120.693118,23.932874],[120.693167,23.932855],[120.693293,23.932776],[120.693353,23.93272],[120.693376,23.932689],[120.693501,23.932468],[120.693527,23.932434],[120.693551,23.932414],[120.693673,23.932347],[120.693682,23.932333]]]}},{"type":"Feature","properties":{"id":"b3d1066a4eb1","name":"南投縣南投市營盤國民小學","level":"國小","basis":"name","data_ym":"202209"},"geometry":{"type":"Polygon","coordinates":[[[120.675175,23.945164],[120.676116,23.944273],[120.675682,23.9439],[120.675262,23.944075],[120.675209,23.944109],[120.675071,23.94426],[120.674778,23.944646],[120.674623,23.94484],[120.674715,23.944917],[120.674874,23.94504],[120.674926,23.944971],[120.675175,23.945164]]]}},{"type":"Feature","properties":{"id":"74a9804b23be","name":"南投縣埔里鎮大成國民小學","level":"國小","basis":"both","data_ym":"201901"},"geometry":{"type":"Polygon","coordinates":[[[120.950647,23.970436],[120.951505,23.970212],[120.951446,23.970029],[120.951403,23.969877],[120.951308,23.969518],[120.951378,23.969522],[120.951481,23.96955],[120.951605,23.969297],[120.951576,23.96922],[120.951488,23.968911],[120.951437,23.968797],[120.950704,23.969009],[120.950641,23.969036],[120.950346,23.969115],[120.950293,23.969177],[120.950601,23.970369],[120.950623,23.970363],[120.950647,23.970436]]]}},{"type":"Feature","properties":{"id":"71a22eaa7895","name":"南投縣埔里鎮中峰國民小學","level":"國小","basis":"both","data_ym":"201901"},"geometry":{"type":"Polygon","coordinates":[[[120.985105,23.977773],[120.985163,23.976258],[120.984024,23.976021],[120.98401,23.977234],[120.984,23.97734],[120.984493,23.977467],[120.984761,23.977517],[120.984975,23.977761],[120.985105,23.977773]]]}},{"type":"Feature","properties":{"id":"d3f802655e86","name":"南投縣埔里鎮太平國民小學","level":"國小","basis":"both","data_ym":"201901"},"geometry":{"type":"Polygon","coordinates":[[[120.921668,24.026828],[120.921973,24.026576],[120.921994,24.026566],[120.922014,24.026568],[120.922226,24.026748],[120.922365,24.026601],[120.922353,24.026564],[120.922271,24.026401],[120.922204,24.026231],[120.922158,24.026082],[120.922131,24.026028],[120.922113,24.026002],[120.922041,24.025949],[120.922023,24.02594],[120.921919,24.025913],[120.921336,24.025819],[120.921152,24.026111],[120.920962,24.026294],[120.921048,24.026376],[120.920989,24.026738],[120.921053,24.026823],[120.921598,24.026813],[120.921668,24.026828]]]}},{"type":"Feature","properties":{"id":"c4715c0cf082","name":"南投縣埔里鎮太平國民小學1","level":"國小","basis":"both","data_ym":"202206"},"geometry":{"type":"Polygon","coordinates":[[[120.922271,24.025962],[120.922282,24.025907],[120.92241,24.025917],[120.922496,24.025582],[120.921545,24.025427],[120.921445,24.025809],[120.921925,24.025887],[120.922036,24.025909],[120.922132,24.025936],[120.922271,24.025962]]]}},{"type":"Feature","properties":{"id":"45588d6fe75a","name":"南投縣埔里鎮水尾國民小學","level":"國小","basis":"both","data_ym":"201901"},"geometry":{"type":"Polygon","coordinates":[[[120.929759,23.998868],[120.929836,23.998838],[120.930291,23.998888],[120.930295,23.998868],[120.930381,23.998874],[120.930462,23.998511],[120.930207,23.998333],[120.930173,23.998284],[120.930017,23.997969],[120.929964,23.997925],[120.929825,23.997858],[120.929704,23.997837],[120.929581,23.997831],[120.929458,23.997839],[120.929431,23.997843],[120.929319,23.99788],[120.929298,23.9979],[120.929083,23.997965],[120.929083,23.997997],[120.92916,23.998338],[120.929272,23.998787],[120.92934,23.998801],[120.929405,23.99882],[120.929496,23.998863],[120.929582,23.998926],[120.929721,23.999059],[120.929759,23.998868]]]}},{"type":"Feature","properties":{"id":"52dea2494d5e","name":"南投縣埔里鎮史港國民小學","level":"國小","basis":"both","data_ym":"202206"},"geometry":{"type":"Polygon","coordinates":[[[120.957339,24.012768],[120.957448,24.012449],[120.957493,24.012461],[120.957495,24.012455],[120.957588,24.012477],[120.95777,24.012559],[120.957785,24.012561],[120.957799,24.012546],[120.957901,24.012142],[120.957981,24.011851],[120.957881,24.01179],[120.957626,24.011709],[120.957264,24.011604],[120.957069,24.011548],[120.956898,24.011506],[120.956667,24.012184],[120.956548,24.012597],[120.956486,24.012785],[120.957157,24.012968],[120.957339,24.012768]]]}},{"type":"Feature","properties":{"id":"4a03c5b87b2f","name":"南投縣埔里鎮育英國民小學","level":"國小","basis":"both","data_ym":"201901"},"geometry":{"type":"Polygon","coordinates":[[[120.962615,23.962844],[120.962203,23.962473],[120.962187,23.962484],[120.961975,23.962294],[120.961988,23.962285],[120.961417,23.961762],[120.96138,23.961746],[120.960457,23.96256],[120.96045,23.962575],[120.960959,23.963071],[120.961335,23.96345],[120.961758,23.96385],[120.961803,23.963884],[120.962797,23.962958],[120.962665,23.962859],[120.962615,23.962844]]]}},{"type":"Feature","properties":{"id":"8b8a33e76483","name":"南投縣埔里鎮忠孝國民小學","level":"國小","basis":"both","data_ym":"202408"},"geometry":{"type":"Polygon","coordinates":[[[120.97952,23.990415],[120.979399,23.990274],[120.979378,23.990282],[120.979221,23.990389],[120.979178,23.990435],[120.979135,23.990491],[120.979101,23.990523],[120.979066,23.990542],[120.978949,23.990575],[120.978928,23.990589],[120.978721,23.990785],[120.978707,23.990812],[120.978712,23.990827],[120.97931,23.991676],[120.979351,23.991727],[120.979359,23.991734],[120.979421,23.991747],[120.979491,23.991757],[120.979522,23.991772],[120.97955,23.9918],[120.979761,23.992047],[120.98036,23.991502],[120.980557,23.99133],[120.980412,23.991248],[120.98035,23.99119],[120.980298,23.99116],[120.980176,23.991108],[120.979761,23.990753],[120.979644,23.990642],[120.97952,23.990415]]]}},{"type":"Feature","properties":{"id":"ff872278396d","name":"南投縣埔里鎮南光國民小學","level":"國小","basis":"both","data_ym":"202206"},"geometry":{"type":"Polygon","coordinates":[[[120.970363,23.962136],[120.971335,23.961068],[120.971164,23.959977],[120.970518,23.959987],[120.969602,23.960018],[120.969592,23.960081],[120.969604,23.960081],[120.9696,23.960274],[120.96958,23.960273],[120.969574,23.960428],[120.969624,23.961031],[120.969687,23.961201],[120.969652,23.961211],[120.969727,23.961389],[120.969932,23.961651],[120.969908,23.961685],[120.96993,23.961687],[120.970009,23.961757],[120.970023,23.961744],[120.970053,23.961773],[120.97011,23.96179],[120.970131,23.96186],[120.970133,23.961921],[120.97014,23.961921],[120.970363,23.962136]]]}},{"type":"Feature","properties":{"id":"c4395773e190","name":"南投縣埔里鎮埔里國民小學","level":"國小","basis":"both","data_ym":"202206"},"geometry":{"type":"Polygon","coordinates":[[[120.967685,23.968956],[120.967127,23.968456],[120.967106,23.968476],[120.966261,23.967725],[120.9657,23.968249],[120.965478,23.968468],[120.965502,23.968494],[120.965464,23.968527],[120.965435,23.968503],[120.965021,23.968902],[120.96502,23.968908],[120.965021,23.968919],[120.965053,23.968948],[120.966459,23.970167],[120.967734,23.969006],[120.967685,23.968956]]]}},{"type":"Feature","properties":{"id":"3fd7ee85aec2","name":"南投縣埔里鎮桃源國民小學","level":"國小","basis":"both","data_ym":"201901"},"geometry":{"type":"Polygon","coordinates":[[[120.926883,23.941821],[120.926693,23.941686],[120.926278,23.941485],[120.926125,23.94144],[120.925842,23.941786],[120.925638,23.941617],[120.925307,23.941925],[120.92538,23.942072],[120.925475,23.942166],[120.925799,23.942332],[120.926015,23.942432],[120.926191,23.942505],[120.926356,23.942558],[120.926385,23.94256],[120.926882,23.942415],[120.927155,23.94236],[120.927034,23.942029],[120.926953,23.941892],[120.926883,23.941821]]]}},{"type":"Feature","properties":{"id":"ce2585dbc323","name":"南投縣埔里鎮愛蘭國民小學","level":"國小","basis":"both","data_ym":"201901"},"geometry":{"type":"Polygon","coordinates":[[[120.94475,23.973534],[120.944319,23.973145],[120.94314,23.97266],[120.942988,23.972611],[120.942452,23.972423],[120.942438,23.972431],[120.942397,23.972414],[120.942145,23.972502],[120.942194,23.972924],[120.942195,23.972939],[120.942179,23.972971],[120.942638,23.973777],[120.942665,23.973817],[120.942745,23.973903],[120.942926,23.974117],[120.943128,23.974405],[120.944154,23.973835],[120.94475,23.973534]]]}},{"type":"Feature","properties":{"id":"a5a4f6e52c61","name":"南投縣埔里鎮溪南國民小學","level":"國小","basis":"both","data_ym":"201901"},"geometry":{"type":"Polygon","coordinates":[[[120.955377,23.948983],[120.955615,23.94898],[120.955873,23.948983],[120.955873,23.948977],[120.956171,23.948977],[120.956161,23.948895],[120.956163,23.948804],[120.956222,23.948662],[120.956218,23.948662],[120.956226,23.948596],[120.95603,23.948574],[120.955989,23.948229],[120.955952,23.948229],[120.95593,23.947981],[120.955893,23.947949],[120.955871,23.947922],[120.955858,23.947874],[120.955855,23.947818],[120.955522,23.94783],[120.955503,23.947706],[120.955022,23.947778],[120.954856,23.947815],[120.954739,23.947865],[120.954676,23.947922],[120.954649,23.947956],[120.954625,23.948018],[120.954624,23.948207],[120.9546,23.948311],[120.954544,23.948388],[120.9545,23.948425],[120.954459,23.948442],[120.954405,23.948457],[120.954474,23.948787],[120.954495,23.94893],[120.955377,23.948983]]]}},{"type":"Feature","properties":{"id":"b9f523929cf6","name":"南投縣埔里鎮麒麟國民小學","level":"國小","basis":"both","data_ym":"202206"},"geometry":{"type":"Polygon","coordinates":[[[120.990776,23.931333],[120.990497,23.930346],[120.990225,23.930355],[120.989716,23.9305],[120.98974,23.930782],[120.989738,23.930925],[120.98992,23.931568],[120.989936,23.931611],[120.990355,23.931488],[120.990537,23.931424],[120.990776,23.931333]]]}},{"type":"Feature","properties":{"id":"617f76daa901","name":"南投縣草屯鎮土城國民小學","level":"國小","basis":"both","data_ym":"202209"},"geometry":{"type":"Polygon","coordinates":[[[120.743779,23.984885],[120.743753,23.984465],[120.743442,23.984475],[120.743534,23.984219],[120.743693,23.983838],[120.7437,23.983813],[120.743525,23.983819],[120.743523,23.983831],[120.743491,23.983828],[120.743518,23.983518],[120.743549,23.983433],[120.742897,23.983503],[120.742883,23.983496],[120.742888,23.983458],[120.742399,23.983269],[120.742135,23.984027],[120.741882,23.983958],[120.741757,23.984289],[120.74227,23.98446],[120.742137,23.984824],[120.742348,23.984857],[120.742618,23.98489],[120.742839,23.984908],[120.742911,23.984891],[120.742909,23.984869],[120.742986,23.984855],[120.743041,23.984916],[120.743361,23.98491],[120.743779,23.984885]]]}},{"type":"Feature","properties":{"id":"0deb0c456426","name":"南投縣草屯鎮中原國民小學","level":"國小","basis":"both","data_ym":"201901"},"geometry":{"type":"Polygon","coordinates":[[[120.720969,23.985618],[120.720987,23.985608],[120.721208,23.985677],[120.721322,23.985326],[120.721323,23.985285],[120.72121,23.985274],[120.721145,23.985234],[120.721273,23.984914],[120.721241,23.984886],[120.721228,23.984884],[120.721201,23.984845],[120.72125,23.984823],[120.721279,23.984804],[120.721319,23.98466],[120.721275,23.984653],[120.720177,23.984559],[120.719923,23.984544],[120.719923,23.984627],[120.719335,23.984615],[120.719261,23.985426],[120.719629,23.985564],[120.720407,23.985978],[120.720753,23.986084],[120.720969,23.985618]]]}},{"type":"Feature","properties":{"id":"6139e50fba32","name":"南投縣草屯鎮北投國民小學","level":"國小","basis":"both","data_ym":"202209"},"geometry":{"type":"Polygon","coordinates":[[[120.659068,23.987022],[120.658961,23.986367],[120.65894,23.986263],[120.658705,23.986213],[120.658256,23.98634],[120.658258,23.986344],[120.657889,23.986456],[120.657818,23.986458],[120.657827,23.986442],[120.657731,23.986442],[120.657736,23.986456],[120.657034,23.98646],[120.65703,23.987368],[120.657205,23.987327],[120.657406,23.98729],[120.658119,23.987186],[120.658429,23.987163],[120.658787,23.987141],[120.659065,23.987073],[120.659072,23.987057],[120.659068,23.987022]]]}},{"type":"Feature","properties":{"id":"afdf25866bac","name":"南投縣草屯鎮平林國民小學","level":"國小","basis":"both","data_ym":"202410"},"geometry":{"type":"Polygon","coordinates":[[[120.762917,23.992727],[120.762983,23.992727],[120.763117,23.992745],[120.763107,23.992557],[120.763082,23.992395],[120.763064,23.992305],[120.762956,23.991891],[120.761917,23.992262],[120.761943,23.992613],[120.761965,23.992778],[120.761988,23.992886],[120.762013,23.992934],[120.762046,23.992975],[120.762091,23.993012],[120.76217,23.993059],[120.76224,23.993087],[120.762251,23.993064],[120.762283,23.993046],[120.762518,23.992995],[120.7626,23.992964],[120.762627,23.992939],[120.762652,23.992896],[120.762695,23.992838],[120.762781,23.992779],[120.762853,23.992748],[120.762917,23.992727]]]}},{"type":"Feature","properties":{"id":"af81e0521273","name":"南投縣草屯鎮坪頂國民小學","level":"國小","basis":"both","data_ym":"201901"},"geometry":{"type":"Polygon","coordinates":[[[120.739557,23.967396],[120.739723,23.967041],[120.739478,23.966919],[120.739455,23.96693],[120.739334,23.966893],[120.739327,23.966862],[120.739119,23.966796],[120.738997,23.967053],[120.738856,23.966997],[120.738694,23.967346],[120.738731,23.967367],[120.738719,23.967393],[120.739086,23.967551],[120.738854,23.968105],[120.739204,23.968225],[120.739411,23.967769],[120.739557,23.967396]]]}},{"type":"Feature","properties":{"id":"ba7df091a47e","name":"南投縣草屯鎮炎峰國民小學","level":"國小","basis":"both","data_ym":"202410"},"geometry":{"type":"Polygon","coordinates":[[[120.685742,23.974362],[120.685683,23.974326],[120.683704,23.974484],[120.683884,23.97561],[120.684145,23.975595],[120.684981,23.975511],[120.68519,23.975497],[120.685725,23.97545],[120.685747,23.975415],[120.685742,23.974362]]]}},{"type":"Feature","properties":{"id":"a32cc3dfe130","name":"南投縣草屯鎮虎山國民小學","level":"國小","basis":"both","data_ym":"202209"},"geometry":{"type":"Polygon","coordinates":[[[120.685287,23.962515],[120.685278,23.962483],[120.685267,23.962477],[120.684979,23.962511],[120.684972,23.962492],[120.684956,23.962488],[120.684937,23.962497],[120.684933,23.962514],[120.684084,23.962631],[120.684079,23.962651],[120.684081,23.962703],[120.684156,23.96312],[120.684307,23.964167],[120.684348,23.964364],[120.68578,23.96421],[120.685854,23.964183],[120.68588,23.964144],[120.685888,23.964119],[120.685889,23.964089],[120.685808,23.963702],[120.685754,23.963498],[120.685689,23.963311],[120.685638,23.963183],[120.685604,23.963107],[120.685461,23.96283],[120.685337,23.962617],[120.685287,23.962515]]]}},{"type":"Feature","properties":{"id":"1b7df1a40bf4","name":"南投縣草屯鎮草屯國民小學","level":"國小","basis":"both","data_ym":"202410"},"geometry":{"type":"Polygon","coordinates":[[[120.688225,23.981822],[120.68772,23.981478],[120.686859,23.980937],[120.686388,23.980628],[120.686115,23.981104],[120.686132,23.981111],[120.68598,23.981399],[120.685952,23.981387],[120.685922,23.981438],[120.686119,23.981538],[120.686223,23.981579],[120.686256,23.981621],[120.686271,23.981613],[120.686315,23.981677],[120.686331,23.981764],[120.686436,23.982052],[120.686501,23.982145],[120.686909,23.982273],[120.687073,23.982309],[120.687784,23.982515],[120.688193,23.98192],[120.688205,23.98188],[120.688209,23.981853],[120.688225,23.981822]]]}},{"type":"Feature","properties":{"id":"30a09d77a52b","name":"南投縣草屯鎮富功國民小學","level":"國小","basis":"both","data_ym":"202209"},"geometry":{"type":"Polygon","coordinates":[[[120.69791,23.980758],[120.698331,23.980719],[120.698337,23.980722],[120.69889,23.980665],[120.698783,23.979731],[120.69871,23.97898],[120.698325,23.979019],[120.698316,23.97905],[120.698125,23.979069],[120.698106,23.979069],[120.698087,23.979041],[120.697705,23.979088],[120.697801,23.97983],[120.69791,23.980758]]]}},{"type":"Feature","properties":{"id":"e313e34a840e","name":"南投縣草屯鎮敦和國民小學","level":"國小","basis":"both","data_ym":"202209"},"geometry":{"type":"Polygon","coordinates":[[[120.678129,23.982863],[120.678513,23.980797],[120.678498,23.980771],[120.678446,23.980758],[120.678236,23.980793],[120.678232,23.980831],[120.677938,23.980815],[120.677869,23.980825],[120.677875,23.980917],[120.677863,23.98098],[120.677743,23.98106],[120.677606,23.981009],[120.677357,23.981409],[120.677101,23.981833],[120.67709,23.982],[120.676984,23.982816],[120.67725,23.982859],[120.677362,23.982866],[120.677774,23.982911],[120.678097,23.982927],[120.678113,23.982903],[120.678129,23.982863]]]}},{"type":"Feature","properties":{"id":"d99cb56cdc3e","name":"南投縣草屯鎮新庄國民小學","level":"國小","basis":"both","data_ym":"202209"},"geometry":{"type":"Polygon","coordinates":[[[120.666314,23.995245],[120.66634,23.995259],[120.66641,23.995271],[120.666533,23.995315],[120.666585,23.995348],[120.666626,23.995386],[120.666662,23.995435],[120.666954,23.995451],[120.667006,23.995464],[120.667047,23.995495],[120.667058,23.995512],[120.667067,23.995582],[120.667046,23.995839],[120.667044,23.995873],[120.667048,23.995887],[120.667058,23.995904],[120.667072,23.995917],[120.667157,23.995974],[120.667179,23.995998],[120.667201,23.996051],[120.667206,23.99608],[120.667205,23.996128],[120.667277,23.996133],[120.667264,23.996483],[120.668006,23.996516],[120.668149,23.996452],[120.668159,23.996348],[120.668114,23.996346],[120.668109,23.996154],[120.668977,23.995995],[120.669045,23.995604],[120.668838,23.995588],[120.668666,23.995583],[120.668676,23.995292],[120.66871,23.995293],[120.668713,23.995202],[120.668674,23.9952],[120.668677,23.995117],[120.668721,23.995118],[120.668737,23.994983],[120.668567,23.994945],[120.668292,23.994893],[120.667893,23.994847],[120.667793,23.994847],[120.66763,23.994859],[120.667355,23.99499],[120.667222,23.995046],[120.667146,23.995065],[120.667061,23.99508],[120.666568,23.995102],[120.666545,23.995101],[120.666387,23.995054],[120.666314,23.995245]]]}},{"type":"Feature","properties":{"id":"23c66de20c09","name":"南投縣草屯鎮僑光國民小學","level":"國小","basis":"both","data_ym":"202209"},"geometry":{"type":"Polygon","coordinates":[[[120.687128,23.993535],[120.687338,23.993413],[120.687291,23.993346],[120.687096,23.993461],[120.686575,23.992605],[120.686513,23.992492],[120.686505,23.992483],[120.6856,23.992716],[120.685446,23.992786],[120.685512,23.992981],[120.685507,23.993052],[120.685484,23.993084],[120.68554,23.993213],[120.685338,23.993443],[120.685354,23.993468],[120.685413,23.993519],[120.685733,23.993736],[120.686168,23.993991],[120.686221,23.994105],[120.68627,23.994138],[120.686361,23.994179],[120.686398,23.99418],[120.68662,23.994126],[120.68739,23.993978],[120.687338,23.993877],[120.687128,23.993535]]]}},{"type":"Feature","properties":{"id":"c534d83b3184","name":"南投縣草屯鎮碧峰國民小學","level":"國小","basis":"both","data_ym":"202209"},"geometry":{"type":"Polygon","coordinates":[[[120.665764,23.969755],[120.665836,23.969755],[120.665888,23.969772],[120.665938,23.969714],[120.666091,23.969761],[120.666159,23.969766],[120.666397,23.969841],[120.666487,23.96955],[120.66616,23.968515],[120.665298,23.968308],[120.66525,23.968308],[120.665225,23.968321],[120.664988,23.969069],[120.664908,23.969338],[120.664905,23.969385],[120.664914,23.969439],[120.664947,23.969494],[120.665288,23.969812],[120.66549,23.969953],[120.665628,23.970035],[120.665641,23.970029],[120.665648,23.970014],[120.665699,23.969833],[120.665715,23.969791],[120.665733,23.969767],[120.665764,23.969755]]]}},{"type":"Feature","properties":{"id":"4a65f23f032a","name":"南投縣草屯鎮雙冬國民小學","level":"國小","basis":"both","data_ym":"202209"},"geometry":{"type":"Polygon","coordinates":[[[120.796255,23.984087],[120.795469,23.983547],[120.795135,23.984028],[120.795279,23.984386],[120.795436,23.98448],[120.795499,23.98451],[120.795672,23.984633],[120.795656,23.984862],[120.795767,23.984935],[120.795735,23.984974],[120.795752,23.984988],[120.795709,23.985042],[120.79561,23.985107],[120.795557,23.985154],[120.795556,23.985165],[120.795597,23.985169],[120.795961,23.985257],[120.796113,23.985329],[120.796144,23.985336],[120.796168,23.985335],[120.796216,23.985278],[120.796236,23.985241],[120.796348,23.985096],[120.79646,23.984965],[120.796502,23.984891],[120.796605,23.984742],[120.796553,23.984722],[120.796512,23.984692],[120.796495,23.984673],[120.796488,23.984651],[120.796491,23.984618],[120.796528,23.984578],[120.796544,23.984549],[120.796549,23.984514],[120.796543,23.984493],[120.796383,23.984357],[120.796339,23.984309],[120.796304,23.98425],[120.796285,23.984199],[120.796255,23.984087]]]}},{"type":"Feature","properties":{"id":"f63f35a0ff65","name":"南投縣國姓鄉北山國民小學","level":"國小","basis":"both","data_ym":"201901"},"geometry":{"type":"Polygon","coordinates":[[[120.8772,23.981106],[120.87723,23.981069],[120.877236,23.981055],[120.877257,23.980981],[120.877271,23.980869],[120.877252,23.980695],[120.877194,23.980637],[120.877205,23.980333],[120.876819,23.980317],[120.87682,23.980264],[120.876544,23.980256],[120.87648,23.980287],[120.8764,23.980286],[120.876342,23.980312],[120.876271,23.9803],[120.876267,23.980431],[120.876255,23.980432],[120.87625,23.980451],[120.87624,23.980551],[120.876232,23.98055],[120.876233,23.9811],[120.87674,23.981096],[120.877168,23.981116],[120.8772,23.981106]]]}},{"type":"Feature","properties":{"id":"9616399ad389","name":"南投縣國姓鄉北港國民小學","level":"國小","basis":"both","data_ym":"201901"},"geometry":{"type":"Polygon","coordinates":[[[120.911299,24.057331],[120.911422,24.057244],[120.911442,24.057212],[120.911567,24.056922],[120.911575,24.056893],[120.911587,24.056557],[120.910591,24.056486],[120.910492,24.056677],[120.910395,24.056848],[120.910274,24.057034],[120.910268,24.057075],[120.910265,24.057187],[120.91027,24.057227],[120.91032,24.057286],[120.910324,24.05729],[120.910337,24.057126],[120.910496,24.057143],[120.910497,24.057177],[120.910558,24.05718],[120.910541,24.0573],[120.910649,24.057255],[120.910939,24.057317],[120.910914,24.057692],[120.910927,24.057754],[120.911138,24.057717],[120.911159,24.057703],[120.911172,24.057684],[120.911192,24.057534],[120.911217,24.057448],[120.911245,24.057392],[120.911299,24.057331]]]}},{"type":"Feature","properties":{"id":"8adbbce165fc","name":"南投縣國姓鄉育樂國民小學","level":"國小","basis":"both","data_ym":"202408"},"geometry":{"type":"Polygon","coordinates":[[[120.845855,24.016847],[120.845834,24.016767],[120.84568,24.016962],[120.845626,24.01698],[120.845412,24.017011],[120.845195,24.017102],[120.845132,24.01717],[120.845097,24.017223],[120.845094,24.017283],[120.845189,24.017666],[120.84527,24.017873],[120.845282,24.017881],[120.845316,24.017889],[120.845422,24.01789],[120.845498,24.017875],[120.845761,24.017804],[120.845916,24.017722],[120.846042,24.017668],[120.845983,24.017409],[120.845912,24.017134],[120.845855,24.016847]]]}},{"type":"Feature","properties":{"id":"0e96706c797e","name":"南投縣國姓鄉長流國民小學","level":"國小","basis":"both","data_ym":"201901"},"geometry":{"type":"Polygon","coordinates":[[[120.877019,24.066568],[120.877039,24.066533],[120.876785,24.066023],[120.876721,24.066025],[120.87649,24.066157],[120.876124,24.066035],[120.876076,24.066269],[120.876059,24.066333],[120.876102,24.066341],[120.87623,24.066572],[120.876246,24.066562],[120.876389,24.066868],[120.876557,24.067156],[120.876666,24.067139],[120.876767,24.067084],[120.876905,24.066987],[120.877006,24.066878],[120.877034,24.066826],[120.877057,24.066765],[120.877019,24.066568]]]}},{"type":"Feature","properties":{"id":"8dc6cbb94fd9","name":"南投縣國姓鄉長福國民小學","level":"國小","basis":"both","data_ym":"202409"},"geometry":{"type":"Polygon","coordinates":[[[120.887774,24.093418],[120.888011,24.093268],[120.888061,24.093321],[120.888328,24.093035],[120.888396,24.092853],[120.888562,24.092807],[120.888684,24.092795],[120.888864,24.092762],[120.888771,24.092585],[120.88863,24.092622],[120.8886,24.092553],[120.888582,24.092551],[120.888227,24.092677],[120.888215,24.092649],[120.888506,24.092548],[120.888501,24.092537],[120.888095,24.092469],[120.887987,24.09244],[120.887898,24.092411],[120.887761,24.092355],[120.887503,24.092298],[120.887391,24.092284],[120.887256,24.092281],[120.887214,24.09229],[120.887133,24.092318],[120.887092,24.092343],[120.887039,24.092407],[120.887038,24.092421],[120.887099,24.092622],[120.88718,24.09285],[120.887466,24.093596],[120.887774,24.093418]]]}},{"type":"Feature","properties":{"id":"000f50107a8d","name":"南投縣國姓鄉南港國民小學","level":"國小","basis":"both","data_ym":"202408"},"geometry":{"type":"Polygon","coordinates":[[[120.869605,23.950542],[120.869527,23.950161],[120.86932,23.950066],[120.869529,23.949798],[120.869481,23.949755],[120.869543,23.949663],[120.869414,23.949583],[120.869203,23.949438],[120.869107,23.949469],[120.869084,23.949487],[120.868905,23.949747],[120.869013,23.949831],[120.869023,23.949906],[120.869055,23.949933],[120.868947,23.950027],[120.869037,23.950111],[120.869012,23.950137],[120.868882,23.950244],[120.868893,23.950256],[120.869004,23.950234],[120.869018,23.950276],[120.86898,23.950287],[120.86896,23.950347],[120.869164,23.950596],[120.869205,23.950563],[120.869304,23.95054],[120.869405,23.950538],[120.869437,23.950689],[120.869611,23.950684],[120.869605,23.950542]]]}},{"type":"Feature","properties":{"id":"a120b6e8459a","name":"南投縣國姓鄉乾峰國民小學","level":"國小","basis":"both","data_ym":"201901"},"geometry":{"type":"Polygon","coordinates":[[[120.825867,24.027678],[120.825895,24.027627],[120.825837,24.027634],[120.825793,24.027634],[120.825776,24.027509],[120.825878,24.027499],[120.825869,24.027429],[120.825687,24.027428],[120.825687,24.027513],[120.825545,24.027514],[120.825545,24.027432],[120.82483,24.027454],[120.824828,24.027531],[120.824842,24.027824],[120.824795,24.027878],[120.824766,24.028036],[120.825759,24.027931],[120.825747,24.02783],[120.825885,24.027815],[120.825867,24.027678]]]}},{"type":"Feature","properties":{"id":"ec9e319e7b04","name":"南投縣國姓鄉國姓國民小學","level":"國小","basis":"both","data_ym":"202305"},"geometry":{"type":"Polygon","coordinates":[[[120.857331,24.039826],[120.857672,24.039601],[120.857714,24.03958],[120.8579,24.03951],[120.85802,24.03946],[120.857976,24.039379],[120.85789,24.039259],[120.857835,24.039191],[120.858005,24.039051],[120.858035,24.039014],[120.857671,24.038808],[120.857425,24.038569],[120.857107,24.03848],[120.856992,24.038425],[120.856977,24.038423],[120.856957,24.038429],[120.856886,24.03848],[120.856843,24.038504],[120.856671,24.038577],[120.856656,24.038601],[120.85664,24.038641],[120.856627,24.038914],[120.856631,24.038961],[120.856711,24.039168],[120.85674,24.03924],[120.85676,24.039268],[120.856914,24.039351],[120.856688,24.039659],[120.856666,24.039661],[120.856737,24.039704],[120.856734,24.039694],[120.856872,24.039503],[120.857057,24.039614],[120.857177,24.039718],[120.857218,24.03969],[120.857331,24.039826]]]}},{"type":"Feature","properties":{"id":"20841380e1e0","name":"南投縣國姓鄉福龜國民小學","level":"國小","basis":"both","data_ym":"201901"},"geometry":{"type":"Polygon","coordinates":[[[120.823243,24.011603],[120.823296,24.011512],[120.823363,24.011569],[120.823436,24.011707],[120.823466,24.011683],[120.823477,24.011608],[120.823343,24.011443],[120.823361,24.011386],[120.823443,24.011274],[120.823522,24.011215],[120.823294,24.010898],[120.823018,24.011014],[120.822844,24.011122],[120.822799,24.011145],[120.822504,24.011141],[120.822473,24.011149],[120.822344,24.011225],[120.822163,24.011339],[120.822226,24.011465],[120.822305,24.011578],[120.8224,24.011683],[120.822669,24.012112],[120.822813,24.012047],[120.82303,24.011923],[120.823003,24.011877],[120.823244,24.011751],[120.823265,24.011731],[120.82327,24.01171],[120.823269,24.011656],[120.823243,24.011603]]]}},{"type":"Feature","properties":{"id":"3eaceb7e5130","name":"南投縣魚池鄉五城國民小學","level":"國小","basis":"both","data_ym":"202008"},"geometry":{"type":"Polygon","coordinates":[[[120.889532,23.890521],[120.889519,23.890517],[120.889454,23.890524],[120.889158,23.890539],[120.888934,23.890572],[120.888962,23.891128],[120.889116,23.891148],[120.88955,23.891164],[120.88956,23.891102],[120.889759,23.891086],[120.889964,23.891065],[120.889883,23.890914],[120.889852,23.890846],[120.889755,23.890717],[120.889652,23.890597],[120.889532,23.890521]]]}},{"type":"Feature","properties":{"id":"83cda99234ee","name":"南投縣魚池鄉伊達邵國民小學","level":"國小","basis":"both","data_ym":"202408"},"geometry":{"type":"Polygon","coordinates":[[[120.935919,23.848093],[120.935855,23.848049],[120.935775,23.848022],[120.93573,23.848022],[120.935685,23.848086],[120.935561,23.848015],[120.93552,23.84801],[120.935481,23.848009],[120.935279,23.848023],[120.934952,23.848004],[120.93479,23.848021],[120.934758,23.848042],[120.934733,23.848066],[120.934718,23.848086],[120.934697,23.848133],[120.934469,23.848762],[120.934448,23.848818],[120.934428,23.848847],[120.934657,23.848888],[120.93488,23.848936],[120.935023,23.848953],[120.935197,23.848961],[120.935363,23.848928],[120.93551,23.848866],[120.935861,23.848617],[120.935935,23.848499],[120.935974,23.848416],[120.935992,23.848326],[120.935994,23.84826],[120.935982,23.848195],[120.935919,23.848093]]]}},{"type":"Feature","properties":{"id":"911d05ea1bec","name":"南投縣魚池鄉共和國民小學","level":"國小","basis":"both","data_ym":"202206"},"geometry":{"type":"Polygon","coordinates":[[[120.966547,23.919439],[120.966528,23.91941],[120.96649,23.919431],[120.966122,23.918897],[120.966104,23.918902],[120.96604,23.918944],[120.966015,23.918967],[120.965985,23.919003],[120.965938,23.919089],[120.965764,23.919309],[120.965701,23.91938],[120.965827,23.919489],[120.966277,23.919899],[120.966465,23.919721],[120.966392,23.919653],[120.96646,23.919588],[120.966411,23.919525],[120.966547,23.919439]]]}},{"type":"Feature","properties":{"id":"1ef12415cf29","name":"南投縣魚池鄉明潭國民小學","level":"國小","basis":"both","data_ym":"202008"},"geometry":{"type":"Polygon","coordinates":[[[120.91154,23.867346],[120.910537,23.868347],[120.910505,23.86843],[120.910446,23.868451],[120.910356,23.868585],[120.910614,23.868773],[120.910707,23.868834],[120.91081,23.868733],[120.910883,23.86879],[120.910857,23.868815],[120.910963,23.868866],[120.911581,23.868193],[120.911457,23.868089],[120.911642,23.867944],[120.911516,23.867822],[120.911701,23.867467],[120.91154,23.867346]]]}},{"type":"Feature","properties":{"id":"1b3c072a1e08","name":"南投縣魚池鄉東光國民小學","level":"國小","basis":"both","data_ym":"202206"},"geometry":{"type":"Polygon","coordinates":[[[120.967518,23.890345],[120.967492,23.890262],[120.966954,23.890347],[120.966382,23.890394],[120.966033,23.890459],[120.966246,23.890881],[120.966321,23.890997],[120.966357,23.891039],[120.967311,23.890947],[120.967623,23.890937],[120.967631,23.890933],[120.967636,23.890926],[120.967629,23.890846],[120.967601,23.890699],[120.967563,23.890521],[120.967518,23.890345]]]}},{"type":"Feature","properties":{"id":"04cebfa94108","name":"南投縣魚池鄉魚池國民小學","level":"國小","basis":"both","data_ym":"202206"},"geometry":{"type":"Polygon","coordinates":[[[120.937857,23.900908],[120.938025,23.900763],[120.938065,23.900799],[120.938627,23.90029],[120.938618,23.90027],[120.938639,23.900228],[120.938669,23.900222],[120.938699,23.900172],[120.938814,23.899953],[120.938844,23.899884],[120.938849,23.899859],[120.93829,23.899339],[120.938345,23.899285],[120.937568,23.898632],[120.937423,23.898703],[120.93727,23.898771],[120.937214,23.898791],[120.937086,23.89909],[120.937034,23.899239],[120.937107,23.899291],[120.937076,23.899333],[120.937089,23.899343],[120.937052,23.89938],[120.937045,23.899373],[120.93699,23.899445],[120.936847,23.899612],[120.936636,23.899921],[120.936544,23.900026],[120.936544,23.900041],[120.936548,23.900053],[120.936884,23.900284],[120.937371,23.900601],[120.937857,23.900908]]]}},{"type":"Feature","properties":{"id":"f23c6993c002","name":"南投縣魚池鄉新城國民小學","level":"國小","basis":"both","data_ym":"201901"},"geometry":{"type":"Polygon","coordinates":[[[120.924856,23.903068],[120.924838,23.903066],[120.924811,23.903075],[120.924716,23.903181],[120.924656,23.903257],[120.924636,23.903271],[120.92416,23.903889],[120.924466,23.904142],[120.924291,23.904358],[120.92423,23.904442],[120.924366,23.904545],[120.924612,23.904245],[120.924594,23.904233],[120.924905,23.903904],[120.92535,23.903386],[120.924906,23.903091],[120.924856,23.903068]]]}},{"type":"Feature","properties":{"id":"01aaa74c727c","name":"南投縣魚池鄉頭社國民小學","level":"國小","basis":"both","data_ym":"201901"},"geometry":{"type":"Polygon","coordinates":[[[120.903181,23.837103],[120.903467,23.837115],[120.903514,23.837121],[120.903503,23.837053],[120.903426,23.837021],[120.903353,23.836943],[120.903112,23.836775],[120.903056,23.836676],[120.902915,23.836654],[120.902852,23.836653],[120.902631,23.836691],[120.902559,23.836691],[120.902351,23.836678],[120.902322,23.83668],[120.902288,23.836693],[120.902202,23.836765],[120.902152,23.836829],[120.902103,23.836915],[120.902058,23.83702],[120.902003,23.83721],[120.901992,23.837282],[120.902346,23.837409],[120.902376,23.837428],[120.902603,23.837632],[120.902633,23.83764],[120.903161,23.837106],[120.903181,23.837103]]]}},{"type":"Feature","properties":{"id":"2d9b639ddd06","name":"南投縣魚池鄉頭社國民小學1","level":"國小","basis":"both","data_ym":"201712"},"geometry":{"type":"Polygon","coordinates":[[[120.902859,23.837594],[120.902852,23.837573],[120.902625,23.837724],[120.902762,23.837945],[120.902837,23.838043],[120.90296,23.838154],[120.903137,23.838004],[120.903122,23.837985],[120.903032,23.837836],[120.902887,23.83764],[120.902859,23.837594]]]}},{"type":"Feature","properties":{"id":"9c8c6bd3665a","name":"南投縣鹿谷鄉內湖國民小學","level":"國小","basis":"both","data_ym":"201901"},"geometry":{"type":"Polygon","coordinates":[[[120.781202,23.713512],[120.781217,23.713179],[120.780995,23.713182],[120.78102,23.712795],[120.781022,23.712511],[120.780751,23.712446],[120.780723,23.712467],[120.780611,23.712432],[120.780585,23.712478],[120.780458,23.712658],[120.780387,23.712747],[120.780157,23.71295],[120.780089,23.713023],[120.780053,23.713078],[120.780026,23.713135],[120.780004,23.71321],[120.78,23.713237],[120.780001,23.713296],[120.780008,23.713368],[120.780022,23.713436],[120.780048,23.713489],[120.780086,23.713543],[120.780138,23.71359],[120.780472,23.713798],[120.78054,23.713851],[120.780567,23.713892],[120.78074,23.71395],[120.780802,23.713913],[120.781108,23.713594],[120.781202,23.713512]]]}},{"type":"Feature","properties":{"id":"1930399acbcb","name":"南投縣鹿谷鄉文昌國民小學","level":"國小","basis":"both","data_ym":"202410"},"geometry":{"type":"Polygon","coordinates":[[[120.75535,23.728017],[120.755337,23.727938],[120.755331,23.727938],[120.755329,23.727927],[120.755338,23.727867],[120.75511,23.727835],[120.755041,23.727848],[120.754999,23.727633],[120.754759,23.72771],[120.754736,23.72769],[120.754256,23.727796],[120.754392,23.728114],[120.754617,23.728675],[120.754665,23.728855],[120.754622,23.728998],[120.755454,23.728868],[120.755329,23.728056],[120.755339,23.728055],[120.755332,23.72802],[120.75535,23.728017]]]}},{"type":"Feature","properties":{"id":"95a262a72915","name":"南投縣鹿谷鄉秀峰國民小學","level":"國小","basis":"both","data_ym":"201901"},"geometry":{"type":"Polygon","coordinates":[[[120.778405,23.783783],[120.778583,23.783454],[120.778714,23.783508],[120.778777,23.783398],[120.778095,23.78301],[120.778111,23.782978],[120.778072,23.782953],[120.778087,23.782913],[120.778003,23.782867],[120.777946,23.782845],[120.77793,23.782842],[120.777821,23.782946],[120.777522,23.783253],[120.777627,23.783328],[120.777331,23.783818],[120.778272,23.784263],[120.778487,23.783891],[120.778369,23.783835],[120.778405,23.783783]]]}},{"type":"Feature","properties":{"id":"95f3cf5da568","name":"南投縣鹿谷鄉初鄉國民小學","level":"國小","basis":"name","data_ym":"202209"},"geometry":{"type":"Polygon","coordinates":[[[120.738396,23.766899],[120.738204,23.766562],[120.738173,23.766575],[120.738151,23.766538],[120.737667,23.766775],[120.737172,23.766975],[120.737121,23.767115],[120.737206,23.767315],[120.73731,23.767535],[120.737355,23.767547],[120.737404,23.767554],[120.737454,23.767553],[120.737492,23.767543],[120.73757,23.767503],[120.73792,23.767213],[120.738211,23.767061],[120.738436,23.767023],[120.738396,23.766899]]]}},{"type":"Feature","properties":{"id":"eaf2da9b71cb","name":"南投縣鹿谷鄉鹿谷國民小學","level":"國小","basis":"both","data_ym":"202209"},"geometry":{"type":"Polygon","coordinates":[[[120.752362,23.748899],[120.751998,23.748489],[120.751006,23.749218],[120.751494,23.749761],[120.751811,23.750124],[120.751838,23.750141],[120.751855,23.750147],[120.751884,23.750146],[120.75208,23.750031],[120.752595,23.749709],[120.752753,23.749604],[120.752867,23.7495],[120.752788,23.749392],[120.752362,23.748899]]]}},{"type":"Feature","properties":{"id":"bebd84ed329c","name":"南投縣鹿谷鄉瑞田國民小學","level":"國小","basis":"both","data_ym":"201901"},"geometry":{"type":"Polygon","coordinates":[[[120.789975,23.802419],[120.789965,23.802307],[120.78992,23.802104],[120.789901,23.802046],[120.789822,23.801858],[120.788917,23.802107],[120.788959,23.802244],[120.788926,23.802254],[120.788979,23.802406],[120.789015,23.802395],[120.78908,23.802634],[120.789354,23.802653],[120.789909,23.802718],[120.789943,23.802632],[120.789962,23.802546],[120.789975,23.802419]]]}},{"type":"Feature","properties":{"id":"58fb2cd1e1a3","name":"南投縣鹿谷鄉鳳凰國民小學","level":"國小","basis":"both","data_ym":"201901"},"geometry":{"type":"Polygon","coordinates":[[[120.780121,23.743123],[120.780117,23.743058],[120.780478,23.743057],[120.780753,23.74299],[120.781195,23.742866],[120.781216,23.742849],[120.781233,23.742816],[120.781236,23.742799],[120.781234,23.742758],[120.781223,23.742705],[120.7811,23.742276],[120.781107,23.742196],[120.781115,23.742169],[120.78058,23.742284],[120.780573,23.742299],[120.780575,23.742321],[120.780266,23.742403],[120.780268,23.742415],[120.779795,23.742512],[120.779889,23.742889],[120.779901,23.742949],[120.779909,23.743018],[120.779911,23.743148],[120.780121,23.743123]]]}},{"type":"Feature","properties":{"id":"2144b4d9a8dc","name":"南投縣鹿谷鄉廣興國民小學","level":"國小","basis":"both","data_ym":"201901"},"geometry":{"type":"Polygon","coordinates":[[[120.764998,23.73603],[120.764645,23.735668],[120.763849,23.736285],[120.763394,23.736621],[120.763391,23.736631],[120.763395,23.73665],[120.764107,23.737475],[120.765385,23.736478],[120.765165,23.736193],[120.764998,23.73603]]]}},{"type":"Feature","properties":{"id":"6eee558a3768","name":"南投縣集集鎮永昌國民小學","level":"國小","basis":"both","data_ym":"201901"},"geometry":{"type":"Polygon","coordinates":[[[120.79848,23.827838],[120.798495,23.827827],[120.798531,23.827832],[120.79856,23.827803],[120.798845,23.827718],[120.798855,23.827713],[120.798864,23.827701],[120.79889,23.82765],[120.798896,23.827647],[120.799406,23.827613],[120.799448,23.827606],[120.799441,23.827512],[120.799453,23.827298],[120.799531,23.826789],[120.799136,23.826853],[120.798939,23.826864],[120.798506,23.82686],[120.798503,23.826943],[120.798448,23.826939],[120.798419,23.826929],[120.797627,23.826892],[120.79761,23.826905],[120.797547,23.827262],[120.797554,23.827267],[120.797552,23.827284],[120.79848,23.827838]]]}},{"type":"Feature","properties":{"id":"0dd44b1cf0eb","name":"南投縣集集鎮永昌國民小學富山分校","level":"大專","basis":"branch","data_ym":"202508"},"geometry":{"type":"Polygon","coordinates":[[[120.820124,23.825769],[120.820149,23.825589],[120.820145,23.825543],[120.820138,23.825527],[120.820004,23.825393],[120.819785,23.825118],[120.819704,23.825008],[120.819668,23.824971],[120.819625,23.824981],[120.819597,23.824995],[120.819653,23.825053],[120.819691,23.825178],[120.819665,23.825185],[120.819438,23.825279],[120.819408,23.825158],[120.819234,23.825346],[120.819371,23.82551],[120.8194,23.825496],[120.81948,23.82568],[120.819546,23.825768],[120.819759,23.825635],[120.819921,23.82585],[120.820125,23.825894],[120.820122,23.825855],[120.820124,23.825769]]]}},{"type":"Feature","properties":{"id":"5d5395e53fc0","name":"南投縣集集鎮和平國民小學","level":"國小","basis":"both","data_ym":"202410"},"geometry":{"type":"Polygon","coordinates":[[[120.782149,23.829624],[120.782222,23.828536],[120.781627,23.828419],[120.7813,23.828404],[120.780346,23.82849],[120.780325,23.828753],[120.780332,23.828753],[120.780327,23.828806],[120.780326,23.828818],[120.780308,23.828826],[120.780311,23.829184],[120.78032,23.829506],[120.78033,23.829518],[120.780533,23.829591],[120.780582,23.829576],[120.782149,23.829624]]]}},{"type":"Feature","properties":{"id":"adeb73cba15c","name":"南投縣集集鎮集集國民小學","level":"國小","basis":"both","data_ym":"201901"},"geometry":{"type":"Polygon","coordinates":[[[120.786524,23.826859],[120.786527,23.826632],[120.78618,23.826635],[120.786177,23.826594],[120.786113,23.826602],[120.78579,23.826665],[120.785675,23.826693],[120.785616,23.827595],[120.785609,23.827782],[120.785617,23.827795],[120.786066,23.827844],[120.786819,23.827945],[120.786886,23.827959],[120.787242,23.828066],[120.787321,23.828039],[120.787365,23.828016],[120.787391,23.827296],[120.787398,23.82689],[120.786524,23.826859]]]}},{"type":"Feature","properties":{"id":"e4d2023fd723","name":"南投縣集集鎮隘寮國民小學","level":"國小","basis":"both","data_ym":"201901"},"geometry":{"type":"Polygon","coordinates":[[[120.750812,23.832495],[120.750709,23.832094],[120.750376,23.832165],[120.750187,23.832222],[120.749726,23.832321],[120.749872,23.832837],[120.749826,23.83285],[120.749907,23.833074],[120.749948,23.833109],[120.750253,23.833231],[120.750539,23.833222],[120.750633,23.833211],[120.750957,23.833143],[120.750812,23.832495]]]}},{"type":"Feature","properties":{"id":"c896e04f158d","name":"南開科技大學","level":"大專","basis":"both","data_ym":"202007"},"geometry":{"type":"Polygon","coordinates":[[[120.695728,23.979422],[120.695907,23.980274],[120.696068,23.981075],[120.695156,23.981222],[120.694849,23.981262],[120.6948,23.981199],[120.694723,23.981126],[120.694648,23.981093],[120.69446,23.981034],[120.694455,23.981078],[120.694625,23.98117],[120.694669,23.981162],[120.694775,23.981242],[120.694861,23.981375],[120.694948,23.981576],[120.695098,23.981771],[120.695194,23.98198],[120.695233,23.982085],[120.695251,23.982198],[120.69573,23.982236],[120.695836,23.982277],[120.69584,23.982316],[120.695805,23.982471],[120.696054,23.982532],[120.696069,23.982683],[120.69609,23.98275],[120.696105,23.982779],[120.696207,23.982886],[120.696278,23.983033],[120.696294,23.983084],[120.696033,23.983115],[120.695907,23.983155],[120.695935,23.983187],[120.695992,23.983227],[120.696079,23.98323],[120.696173,23.983224],[120.696793,23.98316],[120.696842,23.983167],[120.696892,23.983184],[120.697249,23.983162],[120.697375,23.983085],[120.697701,23.982912],[120.697815,23.98286],[120.697912,23.982828],[120.698023,23.982799],[120.698121,23.982784],[120.69823,23.982781],[120.699413,23.982661],[120.699377,23.98237],[120.699356,23.982235],[120.699297,23.981717],[120.699043,23.981743],[120.69896,23.981714],[120.698864,23.981723],[120.698991,23.981545],[120.698739,23.981452],[120.698657,23.981387],[120.698679,23.981307],[120.698819,23.981086],[120.698711,23.981038],[120.698729,23.980964],[120.698728,23.980919],[120.69874,23.980918],[120.69876,23.980834],[120.697967,23.980922],[120.697841,23.98093],[120.697836,23.980889],[120.697774,23.980821],[120.697731,23.980721],[120.697703,23.980603],[120.697805,23.980592],[120.697772,23.980315],[120.697684,23.980323],[120.697547,23.979137],[120.696969,23.979199],[120.696833,23.979206],[120.696831,23.979228],[120.696837,23.97929],[120.696684,23.979297],[120.696669,23.979261],[120.69665,23.979247],[120.696631,23.979243],[120.696132,23.979335],[120.695728,23.979422]]]}},{"type":"Feature","properties":{"id":"d8ceabe8a6ee","name":"國立中興大學南投分部","level":"大專","basis":"branch","data_ym":"202508"},"geometry":{"type":"Polygon","coordinates":[[[120.684894,23.957115],[120.684675,23.956992],[120.684444,23.957478],[120.685266,23.957825],[120.685472,23.957467],[120.685145,23.957275],[120.684894,23.957115]]]}},{"type":"Feature","properties":{"id":"18cecfa9a1c9","name":"國立中興大學農資學院實驗林管理處演習林","level":"其他","basis":"none","data_ym":"202408"},"geometry":{"type":"Polygon","coordinates":[[[120.968562,23.957561],[120.968543,23.957549],[120.968509,23.957555],[120.96843,23.957609],[120.967451,23.958339],[120.967439,23.958357],[120.967442,23.958384],[120.967566,23.958708],[120.967579,23.958718],[120.96759,23.958718],[120.968413,23.958585],[120.968656,23.958541],[120.968679,23.958535],[120.968698,23.958515],[120.968703,23.958499],[120.968573,23.957574],[120.968562,23.957561]]]}},{"type":"Feature","properties":{"id":"24bcc8058db7","name":"國立中興高級中學","level":"高中職","basis":"both","data_ym":"201706"},"geometry":{"type":"Polygon","coordinates":[[[120.694847,23.949563],[120.694677,23.94943],[120.694455,23.949689],[120.694094,23.950089],[120.69395,23.95031],[120.693653,23.950737],[120.693816,23.950849],[120.693978,23.950946],[120.694486,23.951178],[120.694715,23.951294],[120.694788,23.951337],[120.69493,23.95143],[120.695034,23.951505],[120.695108,23.951562],[120.695286,23.951719],[120.695298,23.951725],[120.695329,23.95173],[120.695384,23.951726],[120.695411,23.951711],[120.695476,23.951644],[120.695803,23.951285],[120.696085,23.950989],[120.696261,23.950777],[120.696316,23.950698],[120.696377,23.9506],[120.696433,23.950484],[120.696478,23.950372],[120.696477,23.950354],[120.696469,23.950344],[120.696435,23.950327],[120.6963,23.950267],[120.695587,23.949984],[120.695311,23.949851],[120.695238,23.949814],[120.694999,23.949666],[120.694847,23.949563]]]}},{"type":"Feature","properties":{"id":"14411319cd3d","name":"國立仁愛高級農業職業學校","level":"高中職","basis":"name","data_ym":"200903"},"geometry":{"type":"Polygon","coordinates":[[[121.133797,24.022815],[121.134185,24.022619],[121.13421,24.022516],[121.134062,24.022272],[121.134141,24.022104],[121.134191,24.022052],[121.134223,24.021937],[121.134292,24.021872],[121.134713,24.021659],[121.135168,24.021422],[121.135332,24.02117],[121.135292,24.021072],[121.135437,24.021013],[121.135394,24.020923],[121.135383,24.020911],[121.135361,24.0209],[121.135292,24.020899],[121.135207,24.020922],[121.135062,24.020988],[121.135012,24.021002],[121.134912,24.021045],[121.134672,24.021155],[121.134638,24.021177],[121.134573,24.021241],[121.13455,24.021224],[121.134619,24.021155],[121.134657,24.021132],[121.134831,24.021052],[121.13489,24.020989],[121.135099,24.020821],[121.134823,24.020911],[121.134711,24.020943],[121.134669,24.020951],[121.13458,24.020949],[121.1341,24.020868],[121.134003,24.020855],[121.133915,24.020869],[121.133873,24.020882],[121.133743,24.020935],[121.133447,24.021066],[121.133239,24.021169],[121.132877,24.021332],[121.132685,24.021423],[121.13261,24.02147],[121.132561,24.021525],[121.132511,24.021632],[121.132486,24.02173],[121.132472,24.021808],[121.132474,24.021842],[121.132486,24.021917],[121.132517,24.022031],[121.132528,24.02209],[121.132567,24.022141],[121.132597,24.022133],[121.132672,24.022141],[121.132838,24.022068],[121.132884,24.022141],[121.132894,24.022138],[121.132916,24.022173],[121.133279,24.022791],[121.133362,24.022747],[121.133512,24.023005],[121.133733,24.02291],[121.133797,24.022815]]]}},{"type":"Feature","properties":{"id":"7968d4ea4370","name":"國立水里高級商工職業學校","level":"高中職","basis":"name","data_ym":"202008"},"geometry":{"type":"Polygon","coordinates":[[[120.853186,23.80613],[120.85329,23.80612],[120.853504,23.806121],[120.85359,23.806137],[120.853857,23.806221],[120.853998,23.806279],[120.854141,23.806345],[120.85424,23.806336],[120.854246,23.805534],[120.854242,23.804708],[120.854246,23.804387],[120.854263,23.804004],[120.854275,23.803842],[120.854227,23.803833],[120.852622,23.803837],[120.852055,23.803839],[120.852038,23.803844],[120.852016,23.80386],[120.852013,23.804387],[120.852003,23.804956],[120.852035,23.804956],[120.852034,23.805132],[120.852001,23.805155],[120.851996,23.80562],[120.852002,23.806344],[120.852396,23.806349],[120.852792,23.806229],[120.853085,23.806149],[120.853186,23.80613]]]}},{"type":"Feature","properties":{"id":"4e41bd7c236a","name":"國立竹山高級中學","level":"高中職","basis":"both","data_ym":"201810"},"geometry":{"type":"Polygon","coordinates":[[[120.680837,23.762176],[120.681676,23.761465],[120.682209,23.76102],[120.682063,23.760893],[120.681701,23.760518],[120.681692,23.760527],[120.681616,23.760455],[120.681683,23.760386],[120.681718,23.760331],[120.681271,23.75986],[120.681082,23.759673],[120.680888,23.759728],[120.680603,23.759431],[120.679074,23.760632],[120.679067,23.760655],[120.679068,23.760678],[120.679086,23.760714],[120.680297,23.762018],[120.680317,23.761997],[120.680406,23.762093],[120.680604,23.761943],[120.680837,23.762176]]]}},{"type":"Feature","properties":{"id":"5288958b743a","name":"國立南投特殊教育學校","level":"特殊","basis":"both","data_ym":"201810"},"geometry":{"type":"Polygon","coordinates":[[[120.691751,23.943512],[120.691959,23.942245],[120.691751,23.942255],[120.691594,23.942275],[120.691429,23.942315],[120.691353,23.942346],[120.691191,23.942428],[120.690858,23.942667],[120.690601,23.942875],[120.690325,23.943158],[120.690964,23.943618],[120.691553,23.944109],[120.691647,23.944006],[120.691661,23.943893],[120.691677,23.943819],[120.691722,23.943713],[120.691751,23.943512]]]}},{"type":"Feature","properties":{"id":"23cc970ad182","name":"國立南投高級中學","level":"高中職","basis":"both","data_ym":"202209"},"geometry":{"type":"Polygon","coordinates":[[[120.682164,23.908574],[120.681611,23.908389],[120.681123,23.908232],[120.681279,23.907811],[120.680117,23.907538],[120.680035,23.907749],[120.67983,23.907698],[120.679602,23.908655],[120.679586,23.908653],[120.679515,23.908625],[120.679493,23.908718],[120.679585,23.908738],[120.679218,23.910277],[120.679825,23.910585],[120.68023,23.910773],[120.680322,23.910868],[120.680951,23.911419],[120.681037,23.911306],[120.681062,23.911305],[120.681157,23.911186],[120.681234,23.911068],[120.681276,23.910988],[120.681313,23.910907],[120.681908,23.909352],[120.681884,23.909344],[120.682164,23.908574]]]}},{"type":"Feature","properties":{"id":"a1981364d77f","name":"國立南投高級商業職業學校","level":"高中職","basis":"name","data_ym":"202209"},"geometry":{"type":"Polygon","coordinates":[[[120.684922,23.903136],[120.684957,23.903014],[120.684866,23.902993],[120.684855,23.90303],[120.684488,23.902948],[120.684302,23.902896],[120.684175,23.902781],[120.683757,23.902703],[120.684018,23.902407],[120.684059,23.902326],[120.684049,23.902232],[120.684025,23.902176],[120.683844,23.902032],[120.683602,23.901865],[120.683286,23.90168],[120.68306,23.901962],[120.682757,23.902363],[120.68286,23.902435],[120.682847,23.902461],[120.682925,23.902499],[120.68306,23.902574],[120.683365,23.902751],[120.683567,23.902885],[120.683636,23.902949],[120.683691,23.903028],[120.683706,23.903111],[120.683667,23.903444],[120.683667,23.903529],[120.683677,23.903607],[120.683694,23.903643],[120.683729,23.903691],[120.683822,23.903767],[120.683878,23.903799],[120.684032,23.903854],[120.684264,23.903947],[120.684398,23.903986],[120.684505,23.904012],[120.685646,23.904204],[120.685764,23.903921],[120.685724,23.903911],[120.685557,23.903841],[120.685547,23.903814],[120.68551,23.903654],[120.685502,23.903627],[120.685488,23.903612],[120.685451,23.903587],[120.6852,23.90353],[120.685233,23.903399],[120.685202,23.903392],[120.685242,23.903212],[120.684922,23.903136]]]}},{"type":"Feature","properties":{"id":"d92d2072ed66","name":"國立埔里高級工業職業學校","level":"高中職","basis":"name","data_ym":"202206"},"geometry":{"type":"Polygon","coordinates":[[[120.980528,23.972213],[120.980489,23.972135],[120.980428,23.972143],[120.980398,23.972127],[120.980284,23.972036],[120.980033,23.971854],[120.97986,23.971741],[120.97978,23.971695],[120.97969,23.971662],[120.979588,23.971643],[120.979482,23.971636],[120.979403,23.971642],[120.978458,23.971776],[120.977559,23.971913],[120.978077,23.972376],[120.979369,23.973594],[120.979388,23.973607],[120.979563,23.973637],[120.979578,23.973631],[120.979605,23.973612],[120.979899,23.973358],[120.980025,23.973226],[120.980096,23.97312],[120.980199,23.972844],[120.980218,23.972773],[120.980264,23.972677],[120.980315,23.972627],[120.980347,23.972607],[120.980402,23.972583],[120.980438,23.972574],[120.980335,23.972481],[120.980528,23.972213]]]}},{"type":"Feature","properties":{"id":"8513403cf80f","name":"國立草屯高級商工職業學校","level":"高中職","basis":"name","data_ym":"202209"},"geometry":{"type":"Polygon","coordinates":[[[120.666889,23.998496],[120.666992,23.997819],[120.667051,23.997825],[120.667123,23.997476],[120.667191,23.997099],[120.667218,23.996902],[120.667262,23.996503],[120.667277,23.996133],[120.667205,23.996128],[120.667206,23.99608],[120.667201,23.996051],[120.667179,23.995998],[120.667157,23.995974],[120.667072,23.995917],[120.667058,23.995904],[120.667048,23.995887],[120.667044,23.995873],[120.667046,23.995839],[120.667067,23.995582],[120.667064,23.995538],[120.667058,23.995512],[120.667047,23.995495],[120.667006,23.995464],[120.666954,23.995451],[120.666662,23.995435],[120.666626,23.995386],[120.666585,23.995348],[120.666533,23.995315],[120.66641,23.995271],[120.66634,23.995259],[120.666318,23.995245],[120.666259,23.995241],[120.666142,23.995245],[120.665924,23.995302],[120.665917,23.995271],[120.66583,23.995297],[120.665763,23.995204],[120.665662,23.995273],[120.665678,23.995305],[120.665678,23.995371],[120.665631,23.995541],[120.665592,23.995933],[120.665345,23.995924],[120.665342,23.995934],[120.665325,23.996194],[120.665281,23.996391],[120.665237,23.996439],[120.66523,23.996788],[120.665205,23.996816],[120.665203,23.997093],[120.665188,23.997304],[120.665246,23.997311],[120.665211,23.997415],[120.665203,23.997501],[120.665206,23.997696],[120.665113,23.997907],[120.6651,23.997949],[120.665069,23.998095],[120.665037,23.998354],[120.665274,23.998372],[120.665873,23.99843],[120.665986,23.998435],[120.665987,23.998399],[120.666143,23.998411],[120.666141,23.998429],[120.666165,23.998431],[120.666165,23.998449],[120.666889,23.998496]]]}},{"type":"Feature","properties":{"id":"7ba3dc033ddc","name":"國立草屯高級商工職業學校1","level":"高中職","basis":"name","data_ym":"201804"},"geometry":{"type":"Polygon","coordinates":[[[120.665158,23.998874],[120.664859,23.998842],[120.66484,23.998981],[120.665163,23.999046],[120.665287,23.999053],[120.666089,23.999188],[120.666485,23.999284],[120.666841,23.999346],[120.666882,23.998928],[120.666005,23.998898],[120.665291,23.998881],[120.665158,23.998874]]]}},{"type":"Feature","properties":{"id":"7b13dff94387","name":"國立暨南國際大學","level":"大專","basis":"both","data_ym":"201806"},"geometry":{"type":"Polygon","coordinates":[[[120.923375,23.95826],[120.923431,23.958258],[120.923503,23.958269],[120.923561,23.958294],[120.923616,23.958308],[120.923715,23.958297],[120.923793,23.958267],[120.923846,23.958253],[120.92397,23.958258],[120.924028,23.958251],[120.924064,23.958216],[120.924099,23.958167],[120.924215,23.957956],[120.924258,23.957905],[120.924329,23.957854],[120.924438,23.957819],[120.924814,23.957722],[120.924889,23.957732],[120.92509,23.957748],[120.925279,23.957739],[120.925426,23.957752],[120.925579,23.957786],[120.925671,23.957827],[120.92598,23.957871],[120.926047,23.95789],[120.926152,23.957715],[120.926207,23.957642],[120.926258,23.95759],[120.926321,23.957554],[120.92642,23.957542],[120.926753,23.957545],[120.926955,23.957567],[120.927214,23.957589],[120.927373,23.957556],[120.927468,23.957562],[120.927535,23.957573],[120.927788,23.95763],[120.92787,23.957635],[120.92801,23.957635],[120.928206,23.957621],[120.928273,23.957609],[120.928319,23.957607],[120.928413,23.957584],[120.928768,23.957439],[120.928795,23.957411],[120.928813,23.957377],[120.928826,23.957298],[120.92889,23.957192],[120.92892,23.957172],[120.929508,23.956963],[120.929558,23.956903],[120.929583,23.95682],[120.929594,23.956737],[120.929538,23.956584],[120.929463,23.956408],[120.929437,23.956273],[120.929412,23.956088],[120.929407,23.955829],[120.929327,23.955653],[120.929181,23.955565],[120.928646,23.955325],[120.928678,23.954919],[120.928706,23.954877],[120.928745,23.954855],[120.929063,23.954776],[120.929418,23.954708],[120.929637,23.954641],[120.930614,23.954639],[120.93102,23.954676],[120.931154,23.954656],[120.931359,23.954581],[120.931504,23.954491],[120.931647,23.954424],[120.931757,23.954401],[120.9322,23.954407],[120.933056,23.954296],[120.933613,23.954448],[120.933824,23.954487],[120.934255,23.954533],[120.934327,23.954603],[120.934799,23.954322],[120.935019,23.954119],[120.935319,23.953982],[120.935956,23.953476],[120.935867,23.953424],[120.935808,23.953368],[120.935684,23.953084],[120.935702,23.952752],[120.93574,23.952479],[120.935945,23.952111],[120.936213,23.951606],[120.936308,23.951238],[120.936337,23.951046],[120.936411,23.950978],[120.936454,23.950894],[120.936448,23.950761],[120.936417,23.950651],[120.936322,23.950385],[120.936261,23.95033],[120.936186,23.950297],[120.936101,23.949868],[120.936293,23.949714],[120.936457,23.9496],[120.936693,23.949526],[120.936926,23.94954],[120.937157,23.949613],[120.937232,23.94939],[120.937237,23.949332],[120.937247,23.949345],[120.937279,23.949369],[120.937336,23.949405],[120.937748,23.949555],[120.937894,23.949619],[120.93762,23.949213],[120.937447,23.948868],[120.937361,23.948666],[120.937276,23.948423],[120.937203,23.948114],[120.937127,23.948128],[120.93704,23.948121],[120.936967,23.948036],[120.936825,23.947387],[120.936765,23.947135],[120.936685,23.946925],[120.936606,23.94678],[120.936489,23.946617],[120.936361,23.946468],[120.93623,23.94635],[120.936037,23.946211],[120.935883,23.946124],[120.935701,23.946048],[120.935585,23.946006],[120.93543,23.945964],[120.935217,23.945929],[120.935032,23.945914],[120.933907,23.945893],[120.933859,23.945826],[120.933766,23.945784],[120.933644,23.945768],[120.933558,23.945738],[120.93341,23.945662],[120.93323,23.945634],[120.933056,23.945488],[120.932725,23.94543],[120.932228,23.945396],[120.932366,23.946197],[120.932514,23.946524],[120.932783,23.946876],[120.932877,23.947098],[120.932938,23.947334],[120.932982,23.947853],[120.932879,23.948147],[120.93277,23.948233],[120.932642,23.948262],[120.932307,23.948305],[120.932262,23.948317],[120.93201,23.948321],[120.93202,23.948161],[120.931935,23.948129],[120.931835,23.948101],[120.931837,23.948001],[120.931797,23.947808],[120.93174,23.947562],[120.931682,23.947394],[120.931295,23.947374],[120.9313,23.947212],[120.931323,23.94721],[120.931308,23.947145],[120.931202,23.947054],[120.931126,23.947002],[120.931043,23.946918],[120.930989,23.946737],[120.931012,23.946693],[120.931071,23.946656],[120.931229,23.946584],[120.931139,23.9464],[120.931039,23.946461],[120.931004,23.946547],[120.930785,23.946486],[120.930311,23.946541],[120.929065,23.946774],[120.928897,23.946944],[120.928783,23.946988],[120.928606,23.947015],[120.928544,23.94702],[120.928422,23.946953],[120.928071,23.946491],[120.928023,23.946452],[120.927958,23.946428],[120.927779,23.946386],[120.927421,23.945984],[120.927245,23.945868],[120.927108,23.945726],[120.927088,23.945691],[120.92703,23.945646],[120.926932,23.945544],[120.926837,23.945535],[120.926613,23.945604],[120.926391,23.945637],[120.926298,23.945626],[120.926127,23.945582],[120.925908,23.945444],[120.925455,23.945134],[120.92467,23.944932],[120.924593,23.944847],[120.924495,23.944771],[120.924611,23.944652],[120.923994,23.944201],[120.923467,23.944768],[120.923194,23.944835],[120.922752,23.944956],[120.922688,23.945016],[120.922594,23.945159],[120.922509,23.94531],[120.922534,23.945447],[120.922745,23.945793],[120.92286,23.945877],[120.922896,23.945911],[120.92295,23.945945],[120.923174,23.946013],[120.923439,23.946122],[120.923617,23.946283],[120.923819,23.946695],[120.924116,23.947585],[120.924215,23.948105],[120.924191,23.948308],[120.924192,23.948426],[120.924223,23.948573],[120.924316,23.948838],[120.924684,23.949419],[120.924719,23.949538],[120.924714,23.949597],[120.92469,23.949663],[120.9246,23.949777],[120.924326,23.950053],[120.924292,23.95012],[120.924236,23.950188],[120.924232,23.950224],[120.924242,23.950295],[120.924424,23.950454],[120.924603,23.950685],[120.924746,23.950935],[120.925033,23.951367],[120.925116,23.951439],[120.92532,23.951632],[120.925341,23.951741],[120.925356,23.952014],[120.925484,23.952774],[120.925595,23.953163],[120.925753,23.95358],[120.925623,23.953663],[120.925529,23.9537],[120.925463,23.953711],[120.925421,23.953775],[120.925392,23.953771],[120.925219,23.953782],[120.925053,23.953809],[120.924785,23.953869],[120.924695,23.953894],[120.92451,23.953957],[120.924437,23.95399],[120.924352,23.954047],[120.924265,23.954095],[120.924218,23.954115],[120.924164,23.954119],[120.924056,23.9541],[120.923744,23.95403],[120.923726,23.95403],[120.923713,23.954036],[120.923687,23.954059],[120.923666,23.954095],[120.923648,23.954156],[120.923664,23.954319],[120.923705,23.954612],[120.923799,23.955028],[120.923784,23.955211],[120.92376,23.955294],[120.923672,23.95544],[120.923598,23.955577],[120.923458,23.955707],[120.923376,23.955818],[120.923305,23.955975],[120.923238,23.95614],[120.92311,23.956368],[120.923011,23.956526],[120.922999,23.956588],[120.92285,23.956708],[120.922763,23.956815],[120.922723,23.956899],[120.922703,23.957036],[120.922696,23.957151],[120.922712,23.957287],[120.922764,23.957481],[120.922792,23.957627],[120.922782,23.957776],[120.922726,23.95796],[120.922637,23.958159],[120.922536,23.958365],[120.92248,23.958458],[120.92279,23.958483],[120.922866,23.958476],[120.922935,23.958446],[120.923127,23.958346],[120.923274,23.958283],[120.923375,23.95826]]]}},{"type":"Feature","properties":{"id":"e1c4a28a654c","name":"國立暨南國際大學附屬高級中學","level":"高中職","basis":"name","data_ym":"202408"},"geometry":{"type":"Polygon","coordinates":[[[120.94314,23.97266],[120.944319,23.973145],[120.94475,23.973534],[120.944914,23.97335],[120.946054,23.971948],[120.946081,23.971863],[120.946201,23.971682],[120.946246,23.971681],[120.946289,23.971643],[120.946392,23.971625],[120.946403,23.971617],[120.946424,23.971589],[120.946427,23.97156],[120.946327,23.97087],[120.946079,23.971228],[120.945564,23.971113],[120.945538,23.971383],[120.945477,23.97138],[120.945409,23.971232],[120.945313,23.971044],[120.945072,23.971177],[120.944927,23.970954],[120.944846,23.970972],[120.944845,23.971095],[120.944723,23.971128],[120.944357,23.971197],[120.944264,23.971205],[120.943906,23.971209],[120.94284,23.972267],[120.94314,23.97266]]]}},{"type":"Feature","properties":{"id":"9c867f2a83eb","name":"國立臺灣大學生物資源暨農學院實驗林管理處","level":"其他","basis":"none","data_ym":"202410"},"geometry":{"type":"Polygon","coordinates":[[[120.68129,23.757662],[120.681532,23.757636],[120.68176,23.757676],[120.681812,23.757448],[120.681829,23.757341],[120.681848,23.757176],[120.681859,23.756921],[120.681757,23.756847],[120.681024,23.75697],[120.681045,23.757359],[120.681023,23.757387],[120.680934,23.75771],[120.681094,23.757723],[120.68129,23.757662]]]}},{"type":"Feature","properties":{"id":"7760e780d50f","name":"國立臺灣大學生物資源暨農學院實驗林管理處和社營林區","level":"其他","basis":"none","data_ym":"202206"},"geometry":{"type":"Polygon","coordinates":[[[120.888624,23.592333],[120.888643,23.59228],[120.888775,23.592322],[120.888833,23.592181],[120.888816,23.592175],[120.88887,23.592046],[120.888976,23.592082],[120.8892,23.591571],[120.889217,23.591504],[120.889245,23.591357],[120.889259,23.591232],[120.889316,23.590838],[120.889379,23.590337],[120.889407,23.590197],[120.889405,23.590178],[120.889394,23.59016],[120.889354,23.590135],[120.889322,23.59013],[120.889246,23.590138],[120.889075,23.590167],[120.888936,23.590218],[120.888778,23.590308],[120.888676,23.590372],[120.888539,23.590477],[120.888312,23.590611],[120.888242,23.590656],[120.888118,23.590751],[120.887974,23.590906],[120.887858,23.591045],[120.887685,23.591279],[120.887656,23.5913],[120.887581,23.591322],[120.887392,23.591353],[120.887353,23.591392],[120.887191,23.591435],[120.887125,23.591459],[120.887095,23.591492],[120.887071,23.591569],[120.887114,23.591581],[120.887371,23.59162],[120.887547,23.591663],[120.88759,23.591678],[120.887698,23.591731],[120.887721,23.591747],[120.887954,23.591968],[120.888085,23.592069],[120.888234,23.592169],[120.888386,23.592249],[120.888395,23.592257],[120.888406,23.592289],[120.888624,23.592333]]]}},{"type":"Feature","properties":{"id":"ebcfdc23c6a8","name":"國立臺灣大學生物資源暨農學院實驗林管理處清水溝營林區鳳凰自然教育園區","level":"其他","basis":"none","data_ym":"202209"},"geometry":{"type":"Polygon","coordinates":[[[120.788279,23.730734],[120.788349,23.730679],[120.788587,23.73068],[120.78868,23.730663],[120.788729,23.730547],[120.78873,23.730423],[120.788597,23.730269],[120.788593,23.730312],[120.788571,23.730355],[120.788483,23.730485],[120.788389,23.730637],[120.788349,23.730614],[120.788451,23.730463],[120.78852,23.730334],[120.788538,23.730272],[120.788537,23.730255],[120.788501,23.730125],[120.788498,23.729719],[120.788506,23.729643],[120.788515,23.729599],[120.788534,23.729566],[120.78857,23.729509],[120.788643,23.729432],[120.788637,23.729423],[120.788626,23.729426],[120.788582,23.729461],[120.78853,23.729527],[120.788489,23.7296],[120.788472,23.729642],[120.788424,23.729686],[120.788386,23.729711],[120.788328,23.729732],[120.788268,23.729746],[120.788177,23.729748],[120.787965,23.729741],[120.787837,23.729745],[120.787433,23.72978],[120.787322,23.7298],[120.787269,23.729803],[120.787063,23.729856],[120.786821,23.729911],[120.786816,23.729812],[120.786836,23.729805],[120.787016,23.729777],[120.787208,23.729733],[120.787331,23.729715],[120.787514,23.729696],[120.788146,23.729653],[120.788362,23.729643],[120.788399,23.729621],[120.788334,23.729226],[120.788269,23.728938],[120.788177,23.728604],[120.788075,23.728263],[120.787985,23.72798],[120.787929,23.727844],[120.787393,23.726884],[120.787141,23.72711],[120.786645,23.727683],[120.786844,23.727791],[120.786957,23.727823],[120.786966,23.727925],[120.786947,23.728077],[120.786877,23.728481],[120.786806,23.728693],[120.786758,23.728885],[120.786699,23.72917],[120.786486,23.730123],[120.786727,23.730182],[120.787368,23.730064],[120.787363,23.730595],[120.787473,23.730598],[120.787809,23.73068],[120.788279,23.730734]]]}},{"type":"Feature","properties":{"id":"0182f1ac7c56","name":"國立臺灣大學生物資源暨農學院實驗林管理處清水溝營林區鳳凰自然教育園區1","level":"其他","basis":"none","data_ym":"202008"},"geometry":{"type":"Polygon","coordinates":[[[120.790123,23.728535],[120.790076,23.728534],[120.790023,23.728543],[120.789983,23.728558],[120.789932,23.728592],[120.789897,23.728624],[120.78988,23.728665],[120.789876,23.728709],[120.789886,23.728857],[120.789882,23.72889],[120.789871,23.728915],[120.789849,23.728939],[120.789804,23.72897],[120.789742,23.729],[120.789479,23.729074],[120.7893,23.729103],[120.78925,23.729123],[120.789207,23.729144],[120.789002,23.729292],[120.788852,23.729377],[120.788747,23.729427],[120.788688,23.729478],[120.788656,23.729522],[120.788624,23.729589],[120.788606,23.729647],[120.78858,23.729896],[120.788577,23.730007],[120.788591,23.730123],[120.788628,23.730254],[120.788763,23.730416],[120.788759,23.730551],[120.788702,23.730683],[120.788621,23.731109],[120.788726,23.731408],[120.788795,23.731371],[120.789022,23.731298],[120.78906,23.731277],[120.789087,23.731247],[120.789094,23.731228],[120.789099,23.731176],[120.789067,23.731037],[120.789071,23.730954],[120.789083,23.730913],[120.789126,23.730867],[120.789415,23.730601],[120.789493,23.730517],[120.789521,23.730478],[120.789525,23.730433],[120.789507,23.730381],[120.789437,23.730284],[120.789319,23.730146],[120.78925,23.730046],[120.789211,23.729943],[120.789213,23.729914],[120.789228,23.729857],[120.789256,23.729816],[120.789316,23.729748],[120.789632,23.729445],[120.789936,23.729192],[120.78997,23.729151],[120.789993,23.729113],[120.790019,23.729063],[120.790073,23.728923],[120.790092,23.728894],[120.790113,23.728873],[120.790149,23.728848],[120.790194,23.728829],[120.790399,23.728791],[120.790416,23.728773],[120.790411,23.728744],[120.790367,23.728677],[120.790273,23.72859],[120.790232,23.728565],[120.790187,23.728546],[120.790123,23.728535]]]}},{"type":"Feature","properties":{"id":"93b9833d63ae","name":"國立臺灣大學農學院實驗林管理處內茅埔營林區","level":"其他","basis":"none","data_ym":"202206"},"geometry":{"type":"Polygon","coordinates":[[[120.851224,23.68951],[120.851101,23.689476],[120.850833,23.689593],[120.850798,23.689632],[120.850586,23.690167],[120.850593,23.690208],[120.85085,23.690423],[120.850917,23.690433],[120.851022,23.690433],[120.851116,23.689961],[120.851165,23.68977],[120.851171,23.689729],[120.851224,23.68951]]]}},{"type":"Feature","properties":{"id":"2ba9dbd0ca70","name":"國立臺灣大學農學院實驗林管理處木材利用實習工廠","level":"其他","basis":"none","data_ym":"202408"},"geometry":{"type":"Polygon","coordinates":[[[120.859914,23.806167],[120.85995,23.806128],[120.859982,23.806146],[120.860048,23.806029],[120.860079,23.806039],[120.860221,23.805836],[120.860378,23.805876],[120.860445,23.805755],[120.860474,23.805651],[120.860568,23.805233],[120.860665,23.804764],[120.860749,23.80445],[120.860853,23.804148],[120.860734,23.804146],[120.860473,23.804212],[120.860324,23.804202],[120.860298,23.804193],[120.859877,23.804169],[120.859839,23.804192],[120.859804,23.804231],[120.859786,23.80424],[120.859751,23.804243],[120.859298,23.804207],[120.859209,23.804209],[120.859206,23.804508],[120.859166,23.804507],[120.859144,23.804777],[120.859257,23.804824],[120.859288,23.804956],[120.85933,23.805018],[120.85925,23.805158],[120.859256,23.805329],[120.859235,23.805478],[120.859107,23.805566],[120.859107,23.805598],[120.859111,23.805602],[120.859107,23.805764],[120.859083,23.805763],[120.859065,23.805851],[120.859383,23.805865],[120.859362,23.806112],[120.859409,23.806135],[120.859454,23.80615],[120.859502,23.806153],[120.859633,23.806127],[120.859719,23.806117],[120.859816,23.806127],[120.859895,23.806151],[120.859914,23.806167]]]}}]}