{"type":"FeatureCollection","county":"嘉義縣","features":[{"type":"Feature","properties":{"id":"c08375e0eb96","name":"嘉義縣梅山鄉梅山國民小學","level":"國小","basis":"both","data_ym":"202512"},"geometry":{"type":"Polygon","coordinates":[[[120.5612,23.581048],[120.561188,23.580764],[120.561149,23.580064],[120.561127,23.579538],[120.560503,23.579547],[120.560236,23.579545],[120.560157,23.579536],[120.560073,23.579535],[120.559939,23.579631],[120.5599,23.579642],[120.559856,23.579623],[120.559824,23.579589],[120.559702,23.579595],[120.559685,23.579606],[120.559691,23.579621],[120.559613,23.57963],[120.559612,23.57961],[120.559571,23.579615],[120.559551,23.579738],[120.559536,23.579737],[120.559531,23.579808],[120.559381,23.579802],[120.559363,23.5799],[120.559359,23.5799],[120.559334,23.580014],[120.559195,23.580788],[120.559489,23.580861],[120.5595,23.580912],[120.560059,23.580947],[120.560084,23.580958],[120.560097,23.581047],[120.560439,23.581049],[120.560976,23.581041],[120.560978,23.581056],[120.5612,23.581048]]]}},{"type":"Feature","properties":{"id":"e7f21c02ff01","name":"嘉義縣鹿草鄉重寮國民小學","level":"國小","basis":"both","data_ym":"202511"},"geometry":{"type":"Polygon","coordinates":[[[120.315816,23.39361],[120.315735,23.393507],[120.315684,23.393533],[120.315465,23.393542],[120.315455,23.393236],[120.315398,23.39319],[120.315354,23.393134],[120.315291,23.393051],[120.315111,23.392792],[120.314884,23.39291],[120.31479,23.392953],[120.314751,23.392977],[120.314802,23.393115],[120.314762,23.393133],[120.31449,23.393229],[120.314659,23.393701],[120.314657,23.39372],[120.314644,23.393734],[120.31438,23.3938],[120.314373,23.393805],[120.314461,23.394085],[120.315158,23.393891],[120.315622,23.393767],[120.315608,23.393683],[120.315624,23.393677],[120.315623,23.393666],[120.315816,23.39361]]]}},{"type":"Feature","properties":{"id":"872739d415df","name":"天主教崇仁醫護管理專科學校","level":"大專","basis":"name","data_ym":"202508"},"geometry":{"type":"Polygon","coordinates":[[[120.460756,23.620976],[120.458609,23.617248],[120.456403,23.618342],[120.45768,23.620544],[120.457818,23.620571],[120.457897,23.620602],[120.4581,23.620761],[120.460756,23.620976]]]}},{"type":"Feature","properties":{"id":"50aca3ee5ca9","name":"吳鳳學校財團法人吳鳳科技大學","level":"大專","basis":"both","data_ym":"202505"},"geometry":{"type":"Polygon","coordinates":[[[120.435127,23.536857],[120.435142,23.536846],[120.435689,23.537104],[120.435798,23.5369],[120.435711,23.536863],[120.43578,23.536838],[120.435727,23.536692],[120.43573,23.536691],[120.435633,23.536447],[120.435694,23.536413],[120.435817,23.536256],[120.435807,23.536145],[120.435853,23.536149],[120.435864,23.536126],[120.435983,23.536158],[120.436154,23.536308],[120.436264,23.535592],[120.436311,23.535248],[120.43627,23.53525],[120.436254,23.535126],[120.43633,23.535109],[120.43636,23.534898],[120.43617,23.534935],[120.435539,23.534987],[120.435194,23.535071],[120.435181,23.535005],[120.435127,23.535015],[120.43511,23.534961],[120.434943,23.534711],[120.434939,23.534712],[120.434931,23.534694],[120.434905,23.534704],[120.434877,23.534665],[120.434889,23.534547],[120.434707,23.534498],[120.43473,23.534207],[120.43426,23.534108],[120.434158,23.534129],[120.434153,23.534112],[120.433987,23.534138],[120.43401,23.534237],[120.433832,23.534272],[120.433779,23.534063],[120.432439,23.534196],[120.432155,23.53423],[120.431958,23.53426],[120.431589,23.534439],[120.431451,23.534552],[120.431341,23.534729],[120.431385,23.534802],[120.431171,23.534886],[120.431112,23.534901],[120.431062,23.534907],[120.430943,23.534902],[120.430875,23.534962],[120.430773,23.535035],[120.430756,23.535043],[120.430526,23.535084],[120.430492,23.535118],[120.43044,23.535155],[120.430416,23.535151],[120.430425,23.535182],[120.430435,23.535304],[120.430455,23.535335],[120.430475,23.535449],[120.43047,23.53583],[120.430472,23.535916],[120.43048,23.535992],[120.430473,23.536168],[120.430467,23.53618],[120.43048,23.536186],[120.430555,23.536158],[120.430741,23.536127],[120.430765,23.536139],[120.430839,23.53622],[120.430994,23.53658],[120.431034,23.536943],[120.43124,23.537046],[120.431396,23.537143],[120.431553,23.537226],[120.431682,23.537309],[120.431858,23.537398],[120.431941,23.537373],[120.432065,23.537188],[120.432131,23.53676],[120.432178,23.536723],[120.432419,23.536918],[120.432872,23.537338],[120.432924,23.537381],[120.433049,23.537467],[120.433115,23.5375],[120.433162,23.537515],[120.433302,23.537536],[120.433455,23.537624],[120.433614,23.537727],[120.433702,23.537794],[120.433775,23.537843],[120.433871,23.537889],[120.433931,23.537907],[120.434532,23.538169],[120.434579,23.538078],[120.434525,23.53805],[120.434677,23.537769],[120.434402,23.53765],[120.434343,23.53762],[120.434479,23.537379],[120.43461,23.53713],[120.434668,23.537072],[120.43489,23.537045],[120.435063,23.536921],[120.435127,23.536857]]]}},{"type":"Feature","properties":{"id":"1c7647d0749f","name":"嘉義縣水上鄉水上國民小學","level":"國小","basis":"both","data_ym":"202503"},"geometry":{"type":"Polygon","coordinates":[[[120.396313,23.429661],[120.396715,23.429404],[120.39686,23.429587],[120.397016,23.429747],[120.39703,23.429742],[120.397108,23.429697],[120.397187,23.429675],[120.397055,23.429379],[120.397102,23.429354],[120.397788,23.428935],[120.397741,23.428886],[120.397895,23.42877],[120.39774,23.42861],[120.397219,23.428047],[120.397055,23.427896],[120.395799,23.427079],[120.395766,23.427519],[120.395709,23.428379],[120.395687,23.42885],[120.395656,23.428917],[120.395626,23.428964],[120.395619,23.428978],[120.395615,23.429008],[120.39591,23.429423],[120.396234,23.429826],[120.39637,23.429735],[120.396313,23.429661]]]}},{"type":"Feature","properties":{"id":"211f3b531522","name":"嘉義縣布袋鎮布袋國民小學","level":"國小","basis":"both","data_ym":"202503"},"geometry":{"type":"Polygon","coordinates":[[[120.172127,23.38281],[120.172145,23.382571],[120.172519,23.382563],[120.172507,23.382182],[120.172881,23.382173],[120.172981,23.382064],[120.17303,23.382049],[120.173089,23.38204],[120.172955,23.381384],[120.173154,23.381332],[120.173051,23.380989],[120.172471,23.381158],[120.172379,23.381181],[120.171719,23.381201],[120.171688,23.381068],[120.171186,23.381078],[120.171168,23.380901],[120.171012,23.380921],[120.171062,23.381694],[120.171231,23.381686],[120.171233,23.382013],[120.171153,23.382046],[120.17117,23.382161],[120.170883,23.382191],[120.170905,23.382285],[120.170949,23.382582],[120.171173,23.382569],[120.171158,23.382742],[120.172127,23.38281]]]}},{"type":"Feature","properties":{"id":"d57661431410","name":"嘉義縣番路鄉隙頂國民小學","level":"國小","basis":"both","data_ym":"202412"},"geometry":{"type":"Polygon","coordinates":[[[120.660257,23.429519],[120.660165,23.429457],[120.660104,23.429547],[120.660023,23.429626],[120.659979,23.429662],[120.65995,23.429679],[120.659915,23.429694],[120.659866,23.429707],[120.659843,23.429753],[120.659801,23.429888],[120.659786,23.429954],[120.659776,23.430056],[120.660331,23.430255],[120.660427,23.430043],[120.660342,23.430009],[120.660426,23.429828],[120.660425,23.429794],[120.660414,23.429752],[120.660445,23.429719],[120.660413,23.429689],[120.660431,23.429667],[120.660377,23.429614],[120.660257,23.429519]]]}},{"type":"Feature","properties":{"id":"b4b08afa51c0","name":"嘉義縣立阿里山國民中小學","level":"國中","basis":"moe","data_ym":"202412"},"geometry":{"type":"Polygon","coordinates":[[[120.701772,23.46839],[120.701684,23.468277],[120.701461,23.468409],[120.701024,23.468634],[120.701122,23.468777],[120.701159,23.468874],[120.701197,23.469033],[120.701379,23.469067],[120.701589,23.468959],[120.70176,23.468936],[120.701764,23.468866],[120.701779,23.468787],[120.701822,23.468698],[120.701868,23.468634],[120.701803,23.468511],[120.701835,23.46846],[120.701772,23.46839]]]}},{"type":"Feature","properties":{"id":"e8ba38fafd49","name":"嘉義縣竹崎鄉中和國民小學","level":"國小","basis":"both","data_ym":"202412"},"geometry":{"type":"Polygon","coordinates":[[[120.697879,23.502508],[120.698073,23.502467],[120.698066,23.502405],[120.698071,23.502337],[120.698102,23.502254],[120.69814,23.502183],[120.698197,23.502121],[120.69825,23.502087],[120.698345,23.502043],[120.698418,23.501996],[120.698451,23.501967],[120.698453,23.501934],[120.698446,23.501891],[120.698404,23.501816],[120.698379,23.501686],[120.698378,23.501624],[120.698403,23.50147],[120.698417,23.501427],[120.698439,23.501267],[120.697951,23.501251],[120.697969,23.501395],[120.697765,23.501522],[120.697553,23.50162],[120.697434,23.50169],[120.697458,23.501749],[120.69751,23.501946],[120.697554,23.50218],[120.697578,23.502205],[120.697771,23.502284],[120.697812,23.502306],[120.697829,23.50233],[120.697838,23.502389],[120.697834,23.50242],[120.697816,23.502486],[120.697879,23.502508]]]}},{"type":"Feature","properties":{"id":"c9bcfeb6da36","name":"嘉義縣竹崎鄉中興國民小學","level":"國小","basis":"both","data_ym":"202412"},"geometry":{"type":"Polygon","coordinates":[[[120.69747,23.47775],[120.697512,23.477732],[120.697529,23.477719],[120.697633,23.477586],[120.697677,23.477496],[120.69766,23.477474],[120.697606,23.477421],[120.697619,23.477342],[120.697604,23.477274],[120.697474,23.476847],[120.696798,23.476958],[120.696871,23.477344],[120.696823,23.477399],[120.696592,23.477436],[120.696758,23.477725],[120.696814,23.477753],[120.697233,23.477748],[120.697316,23.477772],[120.69736,23.477769],[120.69747,23.47775]]]}},{"type":"Feature","properties":{"id":"7a505e3468db","name":"嘉義縣豐山實驗教育學校","level":"其他","basis":"none","data_ym":"202412"},"geometry":{"type":"Polygon","coordinates":[[[120.750562,23.575884],[120.750598,23.57575],[120.75043,23.575776],[120.749859,23.575763],[120.749792,23.575771],[120.749755,23.5758],[120.749747,23.575814],[120.749744,23.575858],[120.749745,23.575995],[120.749751,23.576011],[120.749807,23.576099],[120.74991,23.576343],[120.749879,23.576356],[120.749915,23.576457],[120.749943,23.576491],[120.750108,23.576554],[120.750177,23.576407],[120.750236,23.576323],[120.750284,23.576278],[120.750349,23.576253],[120.750392,23.576241],[120.750451,23.576187],[120.750562,23.575884]]]}},{"type":"Feature","properties":{"id":"2c4d51e86df2","name":"嘉義縣阿里山鄉十字國民小學","level":"國小","basis":"both","data_ym":"202412"},"geometry":{"type":"Polygon","coordinates":[[[120.754354,23.492062],[120.754303,23.492033],[120.754126,23.491947],[120.754072,23.491916],[120.754045,23.491891],[120.754037,23.491875],[120.754011,23.4919],[120.753918,23.49186],[120.75389,23.491894],[120.753829,23.491877],[120.753754,23.492052],[120.753726,23.492046],[120.7537,23.492066],[120.753515,23.492256],[120.753661,23.492418],[120.753848,23.49257],[120.754034,23.492651],[120.754186,23.492336],[120.754291,23.492285],[120.754407,23.49221],[120.754416,23.492143],[120.754414,23.492132],[120.754396,23.4921],[120.754354,23.492062]]]}},{"type":"Feature","properties":{"id":"418d1dc822de","name":"嘉義縣阿里山鄉山美國民小學","level":"國小","basis":"both","data_ym":"202412"},"geometry":{"type":"Polygon","coordinates":[[[120.669127,23.383026],[120.669101,23.382927],[120.668882,23.383047],[120.668223,23.3832],[120.668118,23.383203],[120.667928,23.383234],[120.6679,23.383398],[120.66792,23.383479],[120.667999,23.383509],[120.668008,23.383577],[120.668045,23.383578],[120.668054,23.383613],[120.668194,23.383606],[120.668291,23.383576],[120.668438,23.38354],[120.668582,23.383496],[120.668853,23.383395],[120.669033,23.38327],[120.669104,23.383205],[120.669126,23.383141],[120.669127,23.383026]]]}},{"type":"Feature","properties":{"id":"f5128ab6f2fd","name":"嘉義縣梅山鄉仁和國民小學太和分校","level":"大專","basis":"branch","data_ym":"202412"},"geometry":{"type":"Polygon","coordinates":[[[120.721442,23.533376],[120.721318,23.533348],[120.721237,23.533356],[120.721245,23.533399],[120.721151,23.533421],[120.72115,23.533456],[120.721236,23.533642],[120.721165,23.53367],[120.721178,23.533699],[120.721052,23.533742],[120.721065,23.533773],[120.721103,23.533808],[120.721143,23.533855],[120.721201,23.53395],[120.721221,23.533975],[120.721304,23.534022],[120.721388,23.534059],[120.721458,23.534006],[120.721516,23.533976],[120.72157,23.533958],[120.721503,23.533838],[120.721461,23.533724],[120.721442,23.533376]]]}},{"type":"Feature","properties":{"id":"cc22a7678677","name":"嘉義縣立大埔國民中小學","level":"國中","basis":"moe","data_ym":"202501"},"geometry":{"type":"Polygon","coordinates":[[[120.59117,23.292999],[120.590566,23.292793],[120.590499,23.292848],[120.59051,23.293356],[120.590521,23.293571],[120.590536,23.293665],[120.590561,23.29377],[120.590598,23.293888],[120.59067,23.294079],[120.591116,23.295088],[120.591126,23.295093],[120.591277,23.295019],[120.591663,23.294894],[120.591974,23.294816],[120.592228,23.294742],[120.592729,23.29461],[120.592735,23.294582],[120.592734,23.294549],[120.592708,23.294443],[120.592611,23.294133],[120.592528,23.293904],[120.592487,23.293778],[120.592432,23.293672],[120.592394,23.293621],[120.592046,23.293428],[120.591442,23.293115],[120.59131,23.293054],[120.59117,23.292999]]]}},{"type":"Feature","properties":{"id":"73f3433cf6ff","name":"國立民雄高級農工職業學校","level":"高中職","basis":"name","data_ym":"202410"},"geometry":{"type":"Polygon","coordinates":[[[120.427834,23.541842],[120.427775,23.541432],[120.427734,23.540925],[120.427709,23.540477],[120.427709,23.540197],[120.427713,23.540032],[120.42773,23.539815],[120.427816,23.539158],[120.427896,23.538701],[120.427999,23.538183],[120.428027,23.538083],[120.428156,23.537707],[120.42782,23.537769],[120.427303,23.537883],[120.424966,23.538365],[120.424938,23.538504],[120.424895,23.538629],[120.42481,23.538843],[120.424873,23.539171],[120.424664,23.539202],[120.424389,23.539886],[120.423802,23.541226],[120.423774,23.541314],[120.423731,23.541559],[120.423764,23.541592],[120.423785,23.541622],[120.423824,23.5417],[120.423859,23.54179],[120.42404,23.542417],[120.424092,23.542412],[120.425875,23.542145],[120.426258,23.542077],[120.427834,23.541842]]]}},{"type":"Feature","properties":{"id":"0b1feb7acbf3","name":"國立嘉義大學民雄校區","level":"大專","basis":"branch","data_ym":"202410"},"geometry":{"type":"Polygon","coordinates":[[[120.427834,23.541842],[120.426258,23.542077],[120.425875,23.542145],[120.424092,23.542412],[120.423856,23.542434],[120.423852,23.542408],[120.423811,23.542414],[120.423814,23.542441],[120.423573,23.542477],[120.423262,23.544283],[120.4231,23.545182],[120.423895,23.545176],[120.42482,23.545177],[120.424829,23.544893],[120.424828,23.544777],[120.424812,23.54473],[120.424777,23.544683],[120.424521,23.54437],[120.424398,23.544375],[120.42434,23.544337],[120.424319,23.544289],[120.424322,23.544255],[120.424381,23.544175],[120.424453,23.544117],[120.424873,23.54391],[120.425085,23.543679],[120.425235,23.543719],[120.425549,23.543834],[120.425733,23.543895],[120.425798,23.543815],[120.425843,23.54378],[120.425921,23.543736],[120.425981,23.543709],[120.426141,23.543666],[120.426245,23.543659],[120.42687,23.543655],[120.427665,23.543666],[120.427752,23.543661],[120.427995,23.543628],[120.428062,23.543632],[120.428114,23.543644],[120.42826,23.54362],[120.42827,23.543614],[120.428272,23.543594],[120.428258,23.543514],[120.428134,23.543056],[120.428041,23.542735],[120.427898,23.542161],[120.427834,23.541842]]]}},{"type":"Feature","properties":{"id":"9dfc0691c2f6","name":"嘉義縣水上鄉柳林國民小學","level":"國小","basis":"both","data_ym":"202412"},"geometry":{"type":"Polygon","coordinates":[[[120.415773,23.435507],[120.415636,23.434963],[120.415137,23.435111],[120.414883,23.43432],[120.41485,23.434338],[120.414589,23.434503],[120.414455,23.434599],[120.413924,23.434996],[120.413795,23.435066],[120.413901,23.43518],[120.414023,23.435323],[120.414443,23.435747],[120.414639,23.436206],[120.414877,23.436586],[120.415023,23.436601],[120.415216,23.436546],[120.415782,23.436354],[120.415734,23.436204],[120.415938,23.436141],[120.415809,23.435652],[120.415762,23.435619],[120.415753,23.43555],[120.415773,23.435507]]]}},{"type":"Feature","properties":{"id":"b73d4196fcff","name":"嘉義縣溪口鄉溪口國民小學","level":"國小","basis":"both","data_ym":"202411"},"geometry":{"type":"Polygon","coordinates":[[[120.392843,23.603426],[120.392544,23.603425],[120.392568,23.603556],[120.392499,23.603566],[120.392504,23.603592],[120.392354,23.603616],[120.392385,23.604671],[120.392454,23.604757],[120.393498,23.604747],[120.393503,23.60466],[120.39355,23.604661],[120.393549,23.60467],[120.393933,23.604668],[120.39416,23.604661],[120.394265,23.604631],[120.394257,23.60442],[120.394165,23.604287],[120.393677,23.603614],[120.392978,23.603608],[120.392977,23.603558],[120.392845,23.603559],[120.392843,23.603426]]]}},{"type":"Feature","properties":{"id":"e3fb8457956c","name":"嘉義縣朴子市祥和國民小學","level":"國小","basis":"name","data_ym":"202410"},"geometry":{"type":"Polygon","coordinates":[[[120.287883,23.455627],[120.287808,23.455579],[120.286842,23.455727],[120.286825,23.455735],[120.286809,23.455764],[120.286969,23.456657],[120.287248,23.458135],[120.288286,23.45797],[120.288306,23.457957],[120.288323,23.457929],[120.287883,23.455627]]]}},{"type":"Feature","properties":{"id":"e21f0932d449","name":"嘉義縣太保市安東國民小學","level":"國小","basis":"name","data_ym":"202410"},"geometry":{"type":"Polygon","coordinates":[[[120.308062,23.45885],[120.308245,23.458851],[120.308554,23.458832],[120.308599,23.458835],[120.308635,23.458806],[120.308652,23.45868],[120.308702,23.458154],[120.308494,23.458161],[120.308478,23.458133],[120.308354,23.458165],[120.308022,23.458145],[120.307999,23.457996],[120.307246,23.458122],[120.307236,23.458428],[120.307237,23.459125],[120.307244,23.459136],[120.30729,23.459138],[120.307503,23.459129],[120.307587,23.459113],[120.307905,23.4589],[120.30796,23.45887],[120.308013,23.458855],[120.308062,23.45885]]]}},{"type":"Feature","properties":{"id":"4636447d6c75","name":"嘉義縣水上鄉北回國民小學","level":"國小","basis":"both","data_ym":"202410"},"geometry":{"type":"Polygon","coordinates":[[[120.410115,23.453933],[120.410095,23.453928],[120.409238,23.453975],[120.409199,23.454109],[120.409078,23.454458],[120.40899,23.45466],[120.409421,23.454679],[120.40966,23.454702],[120.409998,23.454753],[120.410171,23.454813],[120.410387,23.454881],[120.410352,23.454035],[120.410115,23.453933]]]}},{"type":"Feature","properties":{"id":"464c15aaacdb","name":"嘉義縣立水上國民中學","level":"國中","basis":"both","data_ym":"202410"},"geometry":{"type":"Polygon","coordinates":[[[120.39573,23.425266],[120.395831,23.425002],[120.395975,23.425082],[120.396458,23.424176],[120.396471,23.424164],[120.396357,23.424097],[120.396431,23.42401],[120.396391,23.423924],[120.396364,23.423763],[120.396572,23.423527],[120.396572,23.423328],[120.396027,23.42334],[120.394645,23.423282],[120.394651,23.423375],[120.394644,23.423405],[120.39448,23.423661],[120.394245,23.423905],[120.39424,23.423918],[120.39424,23.423941],[120.394248,23.423966],[120.394262,23.423989],[120.394277,23.424006],[120.394315,23.424031],[120.394662,23.424184],[120.394696,23.424203],[120.394719,23.424236],[120.394731,23.424277],[120.394777,23.425047],[120.394813,23.425474],[120.394872,23.425622],[120.39564,23.425678],[120.395652,23.425534],[120.39573,23.425266]]]}},{"type":"Feature","properties":{"id":"7c2e10e05eb5","name":"嘉義縣水上鄉忠和國民小學","level":"國小","basis":"both","data_ym":"202410"},"geometry":{"type":"Polygon","coordinates":[[[120.448521,23.425956],[120.448343,23.425865],[120.448126,23.425784],[120.448107,23.425785],[120.448093,23.425798],[120.448052,23.425887],[120.447878,23.425822],[120.447859,23.425869],[120.4478,23.425852],[120.447774,23.425918],[120.447704,23.425894],[120.447663,23.425991],[120.447642,23.426028],[120.447626,23.426067],[120.447609,23.426134],[120.447446,23.426639],[120.448254,23.427019],[120.448441,23.426819],[120.448634,23.426635],[120.448611,23.426615],[120.448658,23.426564],[120.448559,23.426484],[120.448704,23.426113],[120.448686,23.42607],[120.448652,23.426038],[120.448521,23.425956]]]}},{"type":"Feature","properties":{"id":"28d39bf7aef8","name":"嘉義縣鹿草鄉鹿草國民小學","level":"國小","basis":"both","data_ym":"202410"},"geometry":{"type":"Polygon","coordinates":[[[120.307878,23.412484],[120.307869,23.412431],[120.307832,23.412436],[120.307807,23.4123],[120.30784,23.412296],[120.307834,23.412258],[120.307845,23.412256],[120.307818,23.412095],[120.308012,23.412065],[120.307841,23.411037],[120.307679,23.411027],[120.307662,23.411052],[120.307583,23.411054],[120.307556,23.41102],[120.307107,23.411003],[120.306811,23.410937],[120.306647,23.410891],[120.306533,23.410854],[120.30658,23.411198],[120.306254,23.411267],[120.306256,23.411279],[120.306136,23.411313],[120.306189,23.411467],[120.306286,23.411453],[120.306303,23.411548],[120.306394,23.412199],[120.306766,23.412197],[120.306911,23.412202],[120.307139,23.412237],[120.307286,23.412271],[120.307715,23.412422],[120.307878,23.412484]]]}},{"type":"Feature","properties":{"id":"f1759350566d","name":"嘉義縣鹿草鄉竹園國民小學","level":"國小","basis":"both","data_ym":"202410"},"geometry":{"type":"Polygon","coordinates":[[[120.290377,23.393735],[120.290376,23.393687],[120.290439,23.393687],[120.290437,23.393735],[120.290989,23.393714],[120.290979,23.39369],[120.290971,23.393656],[120.290972,23.393321],[120.291002,23.392287],[120.291023,23.392288],[120.291026,23.392224],[120.290739,23.392227],[120.290726,23.392568],[120.289969,23.392613],[120.289934,23.393156],[120.289908,23.393394],[120.289896,23.393576],[120.289891,23.393738],[120.290377,23.393735]]]}},{"type":"Feature","properties":{"id":"0747d75e4a53","name":"嘉義縣東石鄉東石國民小學型厝分校","level":"大專","basis":"branch","data_ym":"202410"},"geometry":{"type":"Polygon","coordinates":[[[120.150729,23.473494],[120.150907,23.473346],[120.15093,23.473321],[120.15105,23.473146],[120.151212,23.472929],[120.151246,23.472895],[120.151238,23.472858],[120.151216,23.472798],[120.151219,23.472796],[120.151127,23.472528],[120.151118,23.472531],[120.151111,23.47251],[120.150981,23.472572],[120.150926,23.472586],[120.150872,23.472583],[120.150849,23.472576],[120.150496,23.472696],[120.150485,23.472705],[120.150305,23.472941],[120.150239,23.473049],[120.150504,23.473411],[120.150624,23.473345],[120.150729,23.473494]]]}},{"type":"Feature","properties":{"id":"5946f8038079","name":"嘉義縣東石鄉港墘國民小學","level":"國小","basis":"both","data_ym":"202410"},"geometry":{"type":"Polygon","coordinates":[[[120.214588,23.464238],[120.214741,23.463892],[120.214752,23.463894],[120.214941,23.463523],[120.214361,23.463281],[120.214456,23.463102],[120.214669,23.462757],[120.214667,23.462747],[120.214194,23.462722],[120.214163,23.462746],[120.214051,23.462742],[120.214036,23.462715],[120.214023,23.462715],[120.21402,23.462869],[120.213742,23.462871],[120.213674,23.462981],[120.213533,23.462957],[120.213288,23.462955],[120.213282,23.463018],[120.213305,23.4642],[120.214588,23.464238]]]}},{"type":"Feature","properties":{"id":"d9ac73b1549b","name":"嘉義縣立朴子國民中學","level":"國中","basis":"both","data_ym":"202410"},"geometry":{"type":"Polygon","coordinates":[[[120.239355,23.461311],[120.239297,23.460121],[120.239303,23.460121],[120.239288,23.459847],[120.239277,23.459848],[120.239254,23.459522],[120.239233,23.459512],[120.239233,23.459493],[120.238664,23.459469],[120.238259,23.459463],[120.238068,23.459453],[120.238079,23.459516],[120.238004,23.459697],[120.237919,23.459814],[120.23801,23.459911],[120.238042,23.459908],[120.238061,23.459961],[120.238122,23.46019],[120.23815,23.460317],[120.238159,23.460316],[120.238163,23.460359],[120.238204,23.4605],[120.238201,23.460506],[120.23827,23.460694],[120.238279,23.460691],[120.238289,23.460719],[120.23828,23.460721],[120.238346,23.460903],[120.238484,23.461159],[120.238529,23.461209],[120.238541,23.461228],[120.238577,23.461364],[120.238627,23.461445],[120.238799,23.461434],[120.238817,23.461396],[120.239317,23.461374],[120.239355,23.461311]]]}},{"type":"Feature","properties":{"id":"70c0018ad967","name":"嘉義縣朴子市竹村國民小學","level":"國小","basis":"name","data_ym":"202410"},"geometry":{"type":"Polygon","coordinates":[[[120.239551,23.434978],[120.239139,23.434187],[120.238837,23.434257],[120.238645,23.434293],[120.238654,23.43448],[120.238156,23.434548],[120.237756,23.434612],[120.237744,23.43462],[120.237876,23.435622],[120.237988,23.435655],[120.2385,23.435844],[120.238516,23.435839],[120.238766,23.435633],[120.239003,23.435417],[120.239116,23.435329],[120.239509,23.435057],[120.239551,23.434978]]]}},{"type":"Feature","properties":{"id":"79c16649aa72","name":"嘉義縣朴子市松梅國民小學","level":"國小","basis":"name","data_ym":"202410"},"geometry":{"type":"Polygon","coordinates":[[[120.250863,23.411937],[120.250969,23.41171],[120.251091,23.411793],[120.251121,23.411734],[120.251157,23.411683],[120.251369,23.411414],[120.251422,23.411355],[120.251488,23.411238],[120.251594,23.411137],[120.251654,23.411072],[120.251785,23.410856],[120.2518,23.410858],[120.251852,23.410775],[120.251752,23.41075],[120.251753,23.410738],[120.251525,23.410689],[120.251544,23.410628],[120.251622,23.410465],[120.251542,23.410444],[120.25156,23.410377],[120.251576,23.410168],[120.251244,23.410185],[120.251116,23.410199],[120.251058,23.410298],[120.250875,23.41029],[120.250846,23.41024],[120.250791,23.410259],[120.250751,23.410282],[120.250722,23.410303],[120.250599,23.410441],[120.250302,23.410755],[120.249798,23.411307],[120.249566,23.411547],[120.249563,23.411596],[120.250764,23.411906],[120.250863,23.411937]]]}},{"type":"Feature","properties":{"id":"46f4b9226487","name":"嘉義縣布袋鎮好美國民小學","level":"國小","basis":"both","data_ym":"202410"},"geometry":{"type":"Polygon","coordinates":[[[120.137898,23.337477],[120.138285,23.337404],[120.13822,23.337206],[120.138193,23.337108],[120.138157,23.336947],[120.1381,23.336916],[120.138086,23.336838],[120.138119,23.33679],[120.13806,23.336559],[120.138059,23.336538],[120.138069,23.336498],[120.138192,23.33617],[120.138279,23.336003],[120.138255,23.335969],[120.137559,23.336057],[120.137463,23.33617],[120.137461,23.336206],[120.137479,23.336323],[120.137497,23.336391],[120.13739,23.336415],[120.137482,23.336887],[120.137579,23.337453],[120.137595,23.337656],[120.137854,23.33762],[120.137842,23.337544],[120.13791,23.337532],[120.137898,23.337477]]]}},{"type":"Feature","properties":{"id":"13c21b0ca109","name":"嘉義縣義竹鄉義竹國民小學","level":"國小","basis":"both","data_ym":"202411"},"geometry":{"type":"Polygon","coordinates":[[[120.24644,23.334889],[120.245931,23.334472],[120.245687,23.334239],[120.245618,23.334353],[120.245567,23.334468],[120.245448,23.334459],[120.245414,23.334481],[120.245315,23.334458],[120.245292,23.334497],[120.245246,23.334687],[120.245235,23.335148],[120.24516,23.335149],[120.24516,23.335176],[120.244853,23.335179],[120.244864,23.335328],[120.24478,23.33581],[120.245096,23.335855],[120.245136,23.335992],[120.245173,23.335996],[120.245152,23.336308],[120.245925,23.336487],[120.246102,23.336523],[120.246252,23.336491],[120.246247,23.336475],[120.246774,23.336174],[120.246778,23.336154],[120.246822,23.336126],[120.24684,23.335847],[120.246841,23.335388],[120.246836,23.335353],[120.246769,23.335165],[120.246758,23.335144],[120.246731,23.335117],[120.24644,23.334889]]]}},{"type":"Feature","properties":{"id":"74733c38beea","name":"嘉義縣立義竹國民中學","level":"國中","basis":"both","data_ym":"202411"},"geometry":{"type":"Polygon","coordinates":[[[120.251564,23.34159],[120.251317,23.341354],[120.251197,23.341453],[120.251123,23.341386],[120.25119,23.34133],[120.251074,23.341227],[120.251063,23.341239],[120.250775,23.340969],[120.250297,23.341368],[120.249911,23.340988],[120.249271,23.341573],[120.249267,23.341577],[120.2493,23.341612],[120.249103,23.341778],[120.249113,23.341826],[120.249106,23.341832],[120.249116,23.341842],[120.249196,23.342185],[120.249293,23.342433],[120.249663,23.343242],[120.250075,23.3431],[120.251668,23.342494],[120.251651,23.342448],[120.252181,23.342227],[120.251564,23.34159]]]}},{"type":"Feature","properties":{"id":"2cd5c85fd735","name":"嘉義縣大林鎮大林國民小學排路分校","level":"大專","basis":"branch","data_ym":"202410"},"geometry":{"type":"Polygon","coordinates":[[[120.42207,23.609898],[120.421751,23.609773],[120.421371,23.611062],[120.421917,23.611102],[120.422179,23.61104],[120.422561,23.61092],[120.42272,23.610854],[120.422815,23.610224],[120.422541,23.610091],[120.42207,23.609898]]]}},{"type":"Feature","properties":{"id":"2fd1f40d41f8","name":"嘉義縣大林鎮大林國民小學","level":"國小","basis":"both","data_ym":"202410"},"geometry":{"type":"Polygon","coordinates":[[[120.452148,23.603665],[120.453799,23.603645],[120.453805,23.603495],[120.453785,23.603495],[120.453782,23.603413],[120.453805,23.603413],[120.453807,23.603286],[120.453824,23.603286],[120.453823,23.603241],[120.4538,23.60324],[120.453803,23.603057],[120.453847,23.603057],[120.453867,23.602899],[120.453867,23.602763],[120.453908,23.602704],[120.453831,23.602612],[120.453937,23.602481],[120.453841,23.60239],[120.453565,23.602168],[120.453543,23.602156],[120.453519,23.602151],[120.453515,23.602151],[120.453506,23.602221],[120.453495,23.602227],[120.453236,23.60223],[120.453221,23.602233],[120.453213,23.602263],[120.452965,23.602244],[120.452936,23.602237],[120.452885,23.602153],[120.452874,23.602149],[120.451976,23.602082],[120.451916,23.602287],[120.451939,23.602289],[120.451933,23.602358],[120.451896,23.602356],[120.451743,23.602873],[120.451708,23.602969],[120.452092,23.603608],[120.452109,23.603602],[120.452148,23.603665]]]}},{"type":"Feature","properties":{"id":"ca9aa4c8dd1a","name":"嘉義縣立大林國民中學","level":"國中","basis":"both","data_ym":"202410"},"geometry":{"type":"Polygon","coordinates":[[[120.454986,23.608236],[120.454906,23.608223],[120.454139,23.608203],[120.454119,23.608309],[120.454102,23.608363],[120.454012,23.608586],[120.453931,23.6086],[120.453915,23.608608],[120.453556,23.608684],[120.45263,23.609043],[120.452957,23.609819],[120.453083,23.610053],[120.453071,23.610099],[120.453074,23.610108],[120.453184,23.610335],[120.453232,23.610468],[120.453328,23.610688],[120.454593,23.610239],[120.454676,23.610405],[120.454997,23.61032],[120.455103,23.610061],[120.455098,23.610054],[120.45514,23.61002],[120.455152,23.610004],[120.455183,23.609889],[120.455252,23.609856],[120.455277,23.609894],[120.455392,23.609745],[120.455536,23.609509],[120.455546,23.609449],[120.455541,23.609381],[120.455513,23.609248],[120.455495,23.609188],[120.45543,23.609072],[120.455355,23.608915],[120.455285,23.608755],[120.455278,23.608707],[120.455249,23.608278],[120.455064,23.608257],[120.454986,23.608236]]]}},{"type":"Feature","properties":{"id":"1fa49026f2b9","name":"嘉義縣溪口鄉柳溝國民小學","level":"國小","basis":"both","data_ym":"202410"},"geometry":{"type":"Polygon","coordinates":[[[120.415496,23.577079],[120.415479,23.576945],[120.415409,23.576791],[120.413859,23.576694],[120.413771,23.576756],[120.413707,23.577052],[120.413683,23.577048],[120.413607,23.577378],[120.413479,23.577884],[120.413839,23.577835],[120.413865,23.577965],[120.414381,23.577979],[120.415408,23.577988],[120.415452,23.577893],[120.415529,23.577699],[120.415528,23.577442],[120.415496,23.577079]]]}},{"type":"Feature","properties":{"id":"ba0ad077352a","name":"國立新港藝術高級中學","level":"高中職","basis":"both","data_ym":"202411"},"geometry":{"type":"Polygon","coordinates":[[[120.349101,23.560643],[120.349214,23.560627],[120.349215,23.560632],[120.350742,23.560418],[120.351248,23.560355],[120.35128,23.560346],[120.351302,23.560316],[120.351309,23.560263],[120.350893,23.559015],[120.350692,23.559045],[120.350668,23.558941],[120.349943,23.559104],[120.348686,23.559419],[120.348291,23.559521],[120.348306,23.55957],[120.348163,23.559607],[120.348158,23.559588],[120.348094,23.559603],[120.348217,23.560049],[120.348396,23.560744],[120.349102,23.560648],[120.349101,23.560643]]]}},{"type":"Feature","properties":{"id":"33547e0f93df","name":"嘉義縣民雄鄉菁埔國民小學","level":"國小","basis":"both","data_ym":"202410"},"geometry":{"type":"Polygon","coordinates":[[[120.397896,23.558443],[120.39791,23.558173],[120.397926,23.557527],[120.397761,23.557596],[120.397604,23.557656],[120.397459,23.557669],[120.397378,23.557673],[120.397266,23.557672],[120.397156,23.55766],[120.39715,23.557658],[120.397118,23.557622],[120.397044,23.557587],[120.397034,23.557878],[120.397009,23.558297],[120.396712,23.558248],[120.396698,23.558364],[120.397439,23.558418],[120.397896,23.558443]]]}},{"type":"Feature","properties":{"id":"84c985a87af8","name":"嘉義縣民雄鄉民雄國民小學","level":"國小","basis":"both","data_ym":"202410"},"geometry":{"type":"Polygon","coordinates":[[[120.429948,23.555194],[120.429891,23.554966],[120.4298,23.554649],[120.42978,23.554489],[120.429797,23.554484],[120.429679,23.554108],[120.429658,23.554018],[120.42969,23.553971],[120.429611,23.553613],[120.429374,23.553687],[120.429277,23.553709],[120.429221,23.553735],[120.429102,23.55377],[120.428701,23.553827],[120.428329,23.553923],[120.428399,23.554261],[120.428368,23.554268],[120.42842,23.554476],[120.428445,23.554472],[120.428501,23.554741],[120.428522,23.554738],[120.428624,23.555193],[120.428644,23.555209],[120.428875,23.55517],[120.428934,23.555446],[120.429908,23.555249],[120.429948,23.555194]]]}},{"type":"Feature","properties":{"id":"50d7987123fd","name":"嘉義縣立民雄國民中學","level":"國中","basis":"both","data_ym":"202410"},"geometry":{"type":"Polygon","coordinates":[[[120.419798,23.557779],[120.420922,23.557659],[120.420968,23.557692],[120.421913,23.55759],[120.421914,23.557596],[120.421974,23.55759],[120.421922,23.557293],[120.421744,23.55684],[120.421488,23.556143],[120.421275,23.555617],[120.421226,23.55564],[120.420917,23.55582],[120.420787,23.55589],[120.420328,23.556045],[120.419999,23.556182],[120.419885,23.556215],[120.419526,23.556352],[120.419481,23.556379],[120.41946,23.556404],[120.419428,23.55646],[120.419411,23.556513],[120.419368,23.556591],[120.419359,23.556652],[120.419359,23.556709],[120.419364,23.556737],[120.419459,23.556947],[120.419571,23.557167],[120.419619,23.557288],[120.419798,23.557779]]]}},{"type":"Feature","properties":{"id":"9f989a183f9c","name":"嘉義縣民雄鄉東榮國民小學","level":"國小","basis":"both","data_ym":"202410"},"geometry":{"type":"Polygon","coordinates":[[[120.434668,23.558894],[120.434749,23.558848],[120.435254,23.558876],[120.435254,23.558895],[120.43564,23.55889],[120.435734,23.557906],[120.435769,23.557446],[120.434039,23.557403],[120.433943,23.557841],[120.433921,23.557849],[120.434146,23.558948],[120.434473,23.558899],[120.434668,23.558894]]]}},{"type":"Feature","properties":{"id":"ec315f3495fd","name":"南華大學","level":"大專","basis":"both","data_ym":"202411"},"geometry":{"type":"Polygon","coordinates":[[[120.493527,23.574605],[120.493598,23.574319],[120.493755,23.574327],[120.493811,23.574455],[120.493905,23.574323],[120.493944,23.574277],[120.493974,23.574257],[120.494177,23.574172],[120.494347,23.574131],[120.494556,23.574119],[120.494613,23.574135],[120.494873,23.574327],[120.494989,23.574376],[120.495126,23.574391],[120.495284,23.574385],[120.495426,23.574337],[120.49553,23.574275],[120.495607,23.574171],[120.495735,23.573961],[120.495761,23.57393],[120.495785,23.573919],[120.495849,23.573915],[120.49588,23.573898],[120.496062,23.573759],[120.496355,23.573552],[120.496413,23.573367],[120.496392,23.573215],[120.496468,23.572829],[120.496477,23.572696],[120.496511,23.572552],[120.49645,23.572421],[120.496412,23.572316],[120.496428,23.571909],[120.496409,23.571835],[120.496353,23.57176],[120.496239,23.571686],[120.49606,23.571545],[120.495829,23.571195],[120.495706,23.571094],[120.495626,23.570998],[120.49556,23.570814],[120.495471,23.570512],[120.495459,23.570457],[120.495471,23.570436],[120.495518,23.570299],[120.495521,23.570182],[120.495498,23.570083],[120.495528,23.570013],[120.495608,23.56987],[120.495677,23.569768],[120.495759,23.569678],[120.495845,23.569664],[120.496271,23.569616],[120.496506,23.569584],[120.49634,23.57034],[120.496786,23.570344],[120.497292,23.570326],[120.497232,23.569992],[120.497135,23.569959],[120.497201,23.569643],[120.497208,23.569629],[120.497221,23.569626],[120.497229,23.569637],[120.49727,23.569768],[120.497339,23.569764],[120.497372,23.569788],[120.497428,23.569812],[120.497471,23.56982],[120.497514,23.569824],[120.497564,23.569821],[120.497638,23.569797],[120.497689,23.569773],[120.497742,23.569733],[120.497779,23.569692],[120.497842,23.569604],[120.497916,23.569479],[120.498004,23.569344],[120.498058,23.569273],[120.498068,23.569237],[120.498066,23.569206],[120.498054,23.569167],[120.498038,23.569144],[120.497919,23.569105],[120.497802,23.569056],[120.497716,23.569015],[120.497505,23.568901],[120.497463,23.568898],[120.497377,23.568678],[120.497351,23.568367],[120.497302,23.568177],[120.497215,23.568056],[120.497151,23.567986],[120.497053,23.567927],[120.49699,23.567914],[120.496937,23.567915],[120.496575,23.567941],[120.496181,23.567835],[120.495772,23.567628],[120.495268,23.567261],[120.494874,23.566965],[120.494625,23.567182],[120.494456,23.567307],[120.494171,23.567476],[120.493932,23.567584],[120.493476,23.567759],[120.492338,23.568152],[120.492204,23.568188],[120.491571,23.5683],[120.490951,23.568363],[120.490823,23.568362],[120.490725,23.568345],[120.490393,23.568211],[120.490349,23.568198],[120.489932,23.568124],[120.489804,23.568082],[120.489429,23.567836],[120.489349,23.567765],[120.489316,23.567747],[120.489288,23.567722],[120.489249,23.567649],[120.489236,23.567608],[120.489206,23.567563],[120.48889,23.567706],[120.488755,23.56776],[120.487536,23.56822],[120.487294,23.568315],[120.487164,23.568381],[120.487065,23.568444],[120.486757,23.568668],[120.486085,23.56917],[120.485759,23.569419],[120.485488,23.569616],[120.485485,23.569623],[120.4855,23.569641],[120.485519,23.569651],[120.485426,23.569751],[120.485339,23.569773],[120.485293,23.569798],[120.485262,23.569852],[120.485239,23.569923],[120.485203,23.570155],[120.485193,23.570375],[120.485206,23.570499],[120.48526,23.570826],[120.485431,23.571926],[120.485501,23.57231],[120.486229,23.572344],[120.486464,23.572405],[120.486575,23.572448],[120.486678,23.572165],[120.486646,23.571944],[120.487026,23.571711],[120.487009,23.571616],[120.487064,23.571585],[120.487577,23.571648],[120.487735,23.571679],[120.487829,23.571687],[120.48807,23.571794],[120.488229,23.571963],[120.488331,23.57188],[120.4884,23.571942],[120.488447,23.571974],[120.488488,23.571988],[120.488532,23.571993],[120.488566,23.571986],[120.488663,23.571952],[120.488797,23.572141],[120.48878,23.572159],[120.48858,23.572292],[120.488681,23.572374],[120.488838,23.572412],[120.489038,23.572438],[120.489364,23.572421],[120.489444,23.572492],[120.489476,23.572486],[120.489484,23.572526],[120.489675,23.572682],[120.490137,23.572555],[120.490207,23.572547],[120.490345,23.572551],[120.490411,23.572566],[120.490471,23.572585],[120.490602,23.572669],[120.490902,23.57291],[120.491016,23.572979],[120.491152,23.573088],[120.491382,23.573332],[120.491773,23.573673],[120.492026,23.573629],[120.492243,23.573667],[120.492354,23.573721],[120.492081,23.573935],[120.492225,23.574047],[120.492526,23.574217],[120.492587,23.574259],[120.492883,23.574514],[120.492991,23.5746],[120.493053,23.574636],[120.493107,23.574656],[120.493174,23.574667],[120.493254,23.574672],[120.49334,23.574668],[120.493527,23.574605]]]}},{"type":"Feature","properties":{"id":"5cf72ad28c7a","name":"嘉義縣民雄鄉興中國民小學","level":"國小","basis":"both","data_ym":"202410"},"geometry":{"type":"Polygon","coordinates":[[[120.420536,23.5279],[120.420619,23.527886],[120.420793,23.527892],[120.420782,23.527711],[120.420665,23.527572],[120.420656,23.527549],[120.420647,23.527523],[120.420641,23.527468],[120.420625,23.527262],[120.4202,23.527208],[120.420253,23.526928],[120.420271,23.526893],[120.420301,23.526896],[120.420326,23.526796],[120.420325,23.526768],[120.420376,23.526647],[120.420164,23.526473],[120.420141,23.526498],[120.420109,23.526476],[120.420033,23.526452],[120.419526,23.526948],[120.419483,23.527335],[120.419432,23.527401],[120.41942,23.527436],[120.419408,23.527523],[120.419376,23.52758],[120.419374,23.527591],[120.419423,23.527751],[120.419508,23.527999],[120.419571,23.528126],[120.419705,23.528373],[120.419842,23.528609],[120.419924,23.52873],[120.41995,23.528737],[120.419967,23.528731],[120.420576,23.528404],[120.420686,23.52834],[120.420503,23.528037],[120.420546,23.528011],[120.420536,23.5279]]]}},{"type":"Feature","properties":{"id":"c00d3d897da4","name":"國立嘉義大學民雄校區1","level":"其他","basis":"none","data_ym":"202410"},"geometry":{"type":"Polygon","coordinates":[[[120.421658,23.545454],[120.422429,23.54489],[120.422778,23.545057],[120.42296,23.545149],[120.423197,23.543749],[120.423429,23.542436],[120.423328,23.542552],[120.42267,23.542749],[120.422385,23.542173],[120.422292,23.542223],[120.421614,23.542739],[120.420653,23.543462],[120.420634,23.543483],[120.420607,23.543561],[120.420429,23.544513],[120.420351,23.544962],[120.420327,23.545049],[120.420292,23.545123],[120.420236,23.545196],[120.420143,23.545283],[120.419772,23.545601],[120.419724,23.545654],[120.419707,23.545695],[120.419701,23.545721],[120.419623,23.54637],[120.419629,23.546389],[120.419639,23.546403],[120.419673,23.546426],[120.420867,23.546421],[120.420904,23.546358],[120.420919,23.546202],[120.420927,23.546048],[120.420935,23.54599],[120.420957,23.545947],[120.420999,23.545905],[120.421078,23.545871],[120.421095,23.545868],[120.421122,23.545828],[120.421658,23.545454]]]}},{"type":"Feature","properties":{"id":"fe99f8a8ecac","name":"嘉義縣私立協同高級中學","level":"高中職","basis":"both","data_ym":"202410"},"geometry":{"type":"Polygon","coordinates":[[[120.43535,23.532909],[120.435844,23.532775],[120.435902,23.532776],[120.436004,23.532785],[120.43613,23.532784],[120.436435,23.532738],[120.436671,23.532767],[120.43679,23.531904],[120.436833,23.53163],[120.436058,23.531475],[120.435803,23.531388],[120.435697,23.531342],[120.4354,23.531153],[120.435027,23.531058],[120.434736,23.531007],[120.434,23.530953],[120.433962,23.530937],[120.433746,23.530809],[120.433746,23.530754],[120.433567,23.530732],[120.433504,23.530728],[120.433456,23.530757],[120.433058,23.530691],[120.432648,23.530558],[120.432261,23.531192],[120.431923,23.531634],[120.432124,23.531686],[120.432395,23.531747],[120.43258,23.531797],[120.433058,23.532003],[120.433305,23.532122],[120.433522,23.532255],[120.433724,23.532368],[120.433846,23.53239],[120.433821,23.53253],[120.433941,23.532547],[120.433932,23.532592],[120.43405,23.532612],[120.433984,23.533335],[120.434559,23.533228],[120.434564,23.533207],[120.434691,23.533193],[120.434771,23.533175],[120.435011,23.533034],[120.435112,23.532989],[120.43535,23.532909]]]}},{"type":"Feature","properties":{"id":"780b8a72fdbb","name":"嘉義縣立嘉新國民中學","level":"國中","basis":"both","data_ym":"202411"},"geometry":{"type":"Polygon","coordinates":[[[120.380038,23.500098],[120.379979,23.499757],[120.379795,23.499787],[120.379772,23.499685],[120.379583,23.499708],[120.379585,23.499719],[120.379471,23.499729],[120.37947,23.499724],[120.379397,23.499732],[120.379397,23.499729],[120.37888,23.499807],[120.378829,23.499764],[120.37879,23.499772],[120.378791,23.499779],[120.378676,23.499801],[120.378672,23.499828],[120.378656,23.499866],[120.378628,23.499889],[120.37782,23.50001],[120.377794,23.499989],[120.377751,23.499995],[120.377892,23.500287],[120.377907,23.500287],[120.377918,23.500304],[120.377937,23.500318],[120.377967,23.500326],[120.377982,23.500422],[120.377971,23.500459],[120.378213,23.500944],[120.378232,23.500954],[120.378252,23.500956],[120.378973,23.500762],[120.379603,23.500586],[120.379518,23.500183],[120.380038,23.500098]]]}},{"type":"Feature","properties":{"id":"a98c94f42134","name":"嘉義縣民雄鄉大崎國民小學","level":"國小","basis":"both","data_ym":"202410"},"geometry":{"type":"Polygon","coordinates":[[[120.471678,23.512121],[120.471913,23.512035],[120.47193,23.512074],[120.472111,23.512006],[120.472927,23.511656],[120.473057,23.511603],[120.472944,23.511361],[120.472801,23.511139],[120.472734,23.511043],[120.472671,23.511081],[120.472577,23.511123],[120.471458,23.511602],[120.471678,23.512121]]]}},{"type":"Feature","properties":{"id":"6fa262bd53f1","name":"嘉義縣中埔鄉社口國民小學","level":"國小","basis":"both","data_ym":"202410"},"geometry":{"type":"Polygon","coordinates":[[[120.53944,23.438674],[120.539276,23.438779],[120.53898,23.438946],[120.53867,23.439114],[120.538275,23.439302],[120.538262,23.439684],[120.538305,23.440075],[120.538319,23.440153],[120.538313,23.440156],[120.538317,23.440192],[120.53857,23.440555],[120.538737,23.440479],[120.538999,23.440347],[120.538997,23.440339],[120.539037,23.440327],[120.539114,23.440293],[120.539706,23.440014],[120.539666,23.439521],[120.539637,23.439405],[120.539575,23.439217],[120.539562,23.439155],[120.53955,23.438912],[120.539517,23.438797],[120.539482,23.438727],[120.539446,23.438678],[120.53944,23.438674]]]}},{"type":"Feature","properties":{"id":"5a6983ac4708","name":"嘉義縣立竹崎高級中學","level":"高中職","basis":"both","data_ym":"202411"},"geometry":{"type":"Polygon","coordinates":[[[120.553718,23.521409],[120.553364,23.521068],[120.553152,23.521147],[120.553159,23.521186],[120.552995,23.521191],[120.552982,23.521168],[120.552785,23.52119],[120.552467,23.521253],[120.552189,23.521324],[120.552189,23.521487],[120.55218,23.521508],[120.552199,23.521534],[120.552191,23.521838],[120.552437,23.522189],[120.552472,23.52219],[120.552469,23.522231],[120.552818,23.52226],[120.552956,23.522417],[120.553115,23.522574],[120.553175,23.52264],[120.553269,23.522765],[120.553533,23.523215],[120.553587,23.523297],[120.554154,23.522955],[120.554118,23.522917],[120.55443,23.522733],[120.554218,23.522418],[120.554335,23.522332],[120.5543,23.522286],[120.554265,23.522177],[120.554214,23.522103],[120.554045,23.52189],[120.553999,23.521791],[120.55394,23.521638],[120.553887,23.521559],[120.553832,23.521492],[120.553718,23.521409]]]}},{"type":"Feature","properties":{"id":"7002f0716321","name":"嘉義縣太保市新埤國民小學","level":"國小","basis":"name","data_ym":"202411"},"geometry":{"type":"Polygon","coordinates":[[[120.334457,23.485873],[120.334522,23.485742],[120.334903,23.485857],[120.334966,23.4857],[120.335009,23.485561],[120.335049,23.485531],[120.335065,23.485383],[120.335071,23.485209],[120.335067,23.485172],[120.334822,23.485137],[120.334864,23.484951],[120.334875,23.484922],[120.334892,23.484894],[120.334931,23.484906],[120.334965,23.484848],[120.334968,23.484791],[120.334366,23.484728],[120.334362,23.484758],[120.333961,23.484726],[120.33332,23.484588],[120.333322,23.484306],[120.333303,23.484298],[120.333295,23.484288],[120.333294,23.484273],[120.333303,23.48413],[120.333148,23.484131],[120.33315,23.485242],[120.333462,23.485273],[120.333442,23.485493],[120.334238,23.4857],[120.334188,23.485835],[120.334249,23.48584],[120.334457,23.485873]]]}},{"type":"Feature","properties":{"id":"459942bf2d57","name":"長庚科技大學嘉義分部","level":"大專","basis":"branch","data_ym":"202412"},"geometry":{"type":"Polygon","coordinates":[[[120.292428,23.461525],[120.289468,23.462008],[120.289619,23.462746],[120.289693,23.463163],[120.289685,23.463164],[120.289698,23.463238],[120.289771,23.463568],[120.290077,23.465227],[120.290266,23.466318],[120.290242,23.466322],[120.290273,23.466458],[120.29027,23.466475],[120.290374,23.467037],[120.290387,23.467071],[120.290399,23.467084],[120.290412,23.46709],[120.290455,23.467096],[120.293424,23.466643],[120.293142,23.465168],[120.292712,23.465238],[120.292616,23.465259],[120.292589,23.465104],[120.292573,23.465084],[120.292539,23.465079],[120.292508,23.464904],[120.293075,23.464812],[120.292591,23.462343],[120.292547,23.462345],[120.292484,23.462047],[120.292526,23.462037],[120.292428,23.461525]]]}},{"type":"Feature","properties":{"id":"592e4387218f","name":"嘉義縣水上鄉南靖國民小學","level":"國小","basis":"both","data_ym":"202411"},"geometry":{"type":"Polygon","coordinates":[[[120.385321,23.415237],[120.384928,23.414615],[120.384865,23.414506],[120.384726,23.414576],[120.384743,23.414605],[120.384451,23.414721],[120.384307,23.414454],[120.38386,23.414654],[120.38422,23.415327],[120.384395,23.41567],[120.385321,23.415237]]]}},{"type":"Feature","properties":{"id":"8b3d102c6df4","name":"嘉義縣布袋鎮布新國民小學","level":"國小","basis":"both","data_ym":"202411"},"geometry":{"type":"Polygon","coordinates":[[[120.153259,23.378935],[120.153257,23.377677],[120.153245,23.377641],[120.153232,23.377626],[120.153211,23.37762],[120.15304,23.377618],[120.152324,23.377619],[120.151486,23.377614],[120.15148,23.377621],[120.151472,23.378244],[120.151463,23.378302],[120.151469,23.378844],[120.151472,23.378914],[120.151481,23.378953],[120.152256,23.378953],[120.152256,23.378934],[120.152625,23.378929],[120.152626,23.378964],[120.153253,23.378959],[120.153259,23.378935]]]}},{"type":"Feature","properties":{"id":"6debf7128be1","name":"嘉義縣新港鄉新港國民小學","level":"國小","basis":"both","data_ym":"202411"},"geometry":{"type":"Polygon","coordinates":[[[120.345605,23.554464],[120.344983,23.554469],[120.344478,23.554466],[120.343963,23.554507],[120.343956,23.554543],[120.343959,23.554586],[120.344031,23.554912],[120.344268,23.556085],[120.344281,23.556104],[120.344415,23.556082],[120.344407,23.556044],[120.344658,23.556003],[120.344661,23.556026],[120.344863,23.555977],[120.344859,23.555951],[120.345096,23.555892],[120.345103,23.555918],[120.345601,23.555806],[120.345911,23.555723],[120.345885,23.555622],[120.345911,23.555617],[120.345843,23.555339],[120.345778,23.555353],[120.345683,23.554984],[120.345605,23.554464]]]}},{"type":"Feature","properties":{"id":"4becae556e76","name":"嘉義縣民雄鄉福樂國民小學","level":"國小","basis":"both","data_ym":"202411"},"geometry":{"type":"Polygon","coordinates":[[[120.450869,23.528162],[120.450682,23.528393],[120.450711,23.528431],[120.450779,23.528591],[120.450839,23.528817],[120.450848,23.52889],[120.450887,23.529442],[120.450905,23.529467],[120.451438,23.529845],[120.45166,23.530009],[120.452321,23.529137],[120.452305,23.529072],[120.451877,23.528792],[120.45147,23.528532],[120.450869,23.528162]]]}},{"type":"Feature","properties":{"id":"94a7ca6139d6","name":"嘉義縣民雄鄉秀林國民小學","level":"國小","basis":"both","data_ym":"202411"},"geometry":{"type":"Polygon","coordinates":[[[120.456701,23.534945],[120.456736,23.534903],[120.456733,23.534896],[120.456741,23.534888],[120.456574,23.534565],[120.456477,23.534392],[120.456861,23.533856],[120.456119,23.533425],[120.456136,23.53339],[120.455939,23.533267],[120.455764,23.533566],[120.455769,23.533646],[120.455726,23.533735],[120.455676,23.533918],[120.455665,23.533982],[120.455649,23.534009],[120.455465,23.534252],[120.455477,23.534312],[120.455765,23.534461],[120.455768,23.534785],[120.455825,23.534792],[120.455825,23.534831],[120.455962,23.534844],[120.456041,23.534825],[120.456219,23.534843],[120.456329,23.534876],[120.456631,23.534929],[120.456672,23.534924],[120.456701,23.534945]]]}},{"type":"Feature","properties":{"id":"db6f121a9bf6","name":"嘉義縣竹崎鄉竹崎國民小學","level":"國小","basis":"both","data_ym":"202411"},"geometry":{"type":"Polygon","coordinates":[[[120.552813,23.520967],[120.552958,23.52093],[120.552978,23.520954],[120.552993,23.520964],[120.553019,23.520966],[120.553352,23.520882],[120.554002,23.520808],[120.554019,23.520712],[120.554016,23.520689],[120.553994,23.520659],[120.55373,23.520427],[120.553713,23.520417],[120.553565,23.520359],[120.553559,23.520346],[120.553555,23.520267],[120.553551,23.520257],[120.553442,23.520129],[120.553441,23.52012],[120.553575,23.51994],[120.553594,23.519906],[120.553622,23.519837],[120.553626,23.519783],[120.553619,23.519723],[120.553568,23.519421],[120.553574,23.51942],[120.553551,23.519365],[120.553439,23.519221],[120.553265,23.519309],[120.55316,23.519218],[120.552639,23.518997],[120.552514,23.518968],[120.552405,23.518984],[120.552237,23.518917],[120.552063,23.51912],[120.551776,23.519433],[120.55181,23.519567],[120.551878,23.519926],[120.551801,23.520077],[120.551809,23.5203],[120.551958,23.520427],[120.552146,23.5206],[120.552273,23.520709],[120.552342,23.520753],[120.552362,23.520776],[120.552374,23.520803],[120.552462,23.521102],[120.552824,23.521007],[120.552813,23.520967]]]}},{"type":"Feature","properties":{"id":"b49632b9e865","name":"嘉義縣朴子市雙溪國民小學","level":"國小","basis":"name","data_ym":"201205"},"geometry":{"type":"Polygon","coordinates":[[[120.278225,23.484244],[120.278232,23.483624],[120.277762,23.483591],[120.277762,23.483596],[120.277549,23.483581],[120.277542,23.483839],[120.277533,23.483839],[120.277525,23.484275],[120.277522,23.484763],[120.277525,23.484776],[120.278034,23.484834],[120.278106,23.484854],[120.278195,23.484893],[120.27821,23.484338],[120.278216,23.48432],[120.278217,23.484274],[120.278225,23.484244]]]}},{"type":"Feature","properties":{"id":"34b68b760aed","name":"嘉義縣六腳鄉蒜頭國民小學","level":"國小","basis":"both","data_ym":"201408"},"geometry":{"type":"Polygon","coordinates":[[[120.292942,23.492795],[120.292781,23.492557],[120.292592,23.492624],[120.292034,23.492791],[120.292034,23.492797],[120.292034,23.492887],[120.292043,23.492983],[120.292055,23.493056],[120.292092,23.493174],[120.292631,23.494547],[120.292794,23.494982],[120.293015,23.494922],[120.293847,23.494673],[120.29382,23.494591],[120.293729,23.494382],[120.293589,23.494081],[120.293256,23.493394],[120.293028,23.492949],[120.292942,23.492795]]]}},{"type":"Feature","properties":{"id":"4d8dab8ca7a5","name":"嘉義縣太保市南新國民小學","level":"國小","basis":"name","data_ym":"202208"},"geometry":{"type":"Polygon","coordinates":[[[120.383511,23.498646],[120.383477,23.498476],[120.384006,23.498376],[120.384029,23.498071],[120.384053,23.497872],[120.38406,23.49776],[120.384134,23.49776],[120.38411,23.49749],[120.384082,23.497463],[120.384082,23.49721],[120.384202,23.497206],[120.384217,23.497179],[120.384222,23.497045],[120.384304,23.496855],[120.384028,23.496744],[120.383767,23.496608],[120.383749,23.496604],[120.383729,23.496605],[120.383249,23.496925],[120.383148,23.496998],[120.383218,23.497084],[120.383256,23.497149],[120.383298,23.497258],[120.383298,23.497302],[120.383292,23.497346],[120.383178,23.497736],[120.383142,23.497725],[120.383136,23.497746],[120.383141,23.497857],[120.382753,23.497904],[120.382754,23.498035],[120.382619,23.498125],[120.382622,23.498135],[120.382498,23.498206],[120.382354,23.4983],[120.382227,23.498431],[120.382418,23.498529],[120.382449,23.498555],[120.382512,23.498578],[120.382732,23.498687],[120.38287,23.498727],[120.382975,23.498732],[120.383059,23.498727],[120.383138,23.498712],[120.383243,23.4987],[120.383511,23.498646]]]}},{"type":"Feature","properties":{"id":"8575b6bc7b87","name":"嘉義縣竹崎鄉圓崇國民小學","level":"國小","basis":"both","data_ym":"202009"},"geometry":{"type":"Polygon","coordinates":[[[120.504312,23.490799],[120.504606,23.490632],[120.504637,23.490611],[120.505139,23.490347],[120.505188,23.490442],[120.505748,23.490111],[120.50571,23.49006],[120.505765,23.490045],[120.505771,23.490033],[120.50554,23.490026],[120.505305,23.490066],[120.505217,23.490085],[120.504989,23.490166],[120.504687,23.49031],[120.504593,23.490152],[120.504543,23.490051],[120.504533,23.489955],[120.504506,23.489895],[120.504461,23.489813],[120.504194,23.489419],[120.503845,23.489598],[120.503922,23.489724],[120.503591,23.489889],[120.503616,23.489924],[120.503565,23.48995],[120.503575,23.489964],[120.503349,23.490077],[120.503407,23.490283],[120.503515,23.490567],[120.503539,23.490664],[120.503541,23.490751],[120.503617,23.490723],[120.503878,23.49109],[120.504016,23.491014],[120.503999,23.490986],[120.504232,23.490851],[120.504312,23.490799]]]}},{"type":"Feature","properties":{"id":"44f400117293","name":"嘉義縣朴子市大鄉國民小學","level":"國小","basis":"name","data_ym":"202106"},"geometry":{"type":"Polygon","coordinates":[[[120.261929,23.453809],[120.261887,23.453656],[120.261899,23.45356],[120.261909,23.453555],[120.261983,23.453542],[120.261951,23.453341],[120.261892,23.4531],[120.261816,23.452834],[120.261796,23.452839],[120.261188,23.453129],[120.261193,23.453143],[120.261124,23.453176],[120.261115,23.453164],[120.260565,23.453426],[120.260626,23.453658],[120.260656,23.453652],[120.260763,23.453972],[120.260824,23.454205],[120.261016,23.454169],[120.262066,23.453934],[120.262063,23.453922],[120.261971,23.453864],[120.261929,23.453809]]]}},{"type":"Feature","properties":{"id":"17e71e609ae3","name":"嘉義縣立永慶高級中學","level":"高中職","basis":"both","data_ym":"201408"},"geometry":{"type":"Polygon","coordinates":[[[120.296619,23.464831],[120.296506,23.464766],[120.293787,23.46511],[120.293736,23.465175],[120.294015,23.466547],[120.296842,23.466226],[120.296869,23.466183],[120.296619,23.464831]]]}},{"type":"Feature","properties":{"id":"ac0e70a0dca0","name":"嘉義縣立太保國民中學","level":"國中","basis":"both","data_ym":"201408"},"geometry":{"type":"Polygon","coordinates":[[[120.330288,23.456063],[120.330137,23.455417],[120.330156,23.455409],[120.330066,23.455019],[120.330077,23.455016],[120.330063,23.454959],[120.330052,23.454961],[120.330045,23.454931],[120.330028,23.454935],[120.32992,23.45446],[120.328534,23.454684],[120.328571,23.455999],[120.329367,23.455917],[120.329674,23.455891],[120.329758,23.4559],[120.329782,23.455914],[120.329795,23.45595],[120.329806,23.456032],[120.329827,23.456048],[120.329881,23.456069],[120.329924,23.456074],[120.330045,23.456075],[120.330288,23.456063]]]}},{"type":"Feature","properties":{"id":"cceefc10300a","name":"嘉義縣太保市太保國民小學","level":"國小","basis":"name","data_ym":"202209"},"geometry":{"type":"Polygon","coordinates":[[[120.331777,23.45583],[120.331639,23.455265],[120.331465,23.45531],[120.331389,23.455008],[120.331568,23.454971],[120.331385,23.45421],[120.331356,23.45419],[120.331283,23.454202],[120.3313,23.454281],[120.331266,23.454288],[120.331228,23.454268],[120.330281,23.454406],[120.330202,23.454477],[120.330261,23.454759],[120.330504,23.455834],[120.330561,23.456065],[120.330749,23.456101],[120.330878,23.456132],[120.331072,23.456189],[120.331067,23.456198],[120.331111,23.456212],[120.33128,23.456216],[120.331472,23.456235],[120.331481,23.456217],[120.331616,23.456018],[120.331777,23.45583]]]}},{"type":"Feature","properties":{"id":"c26ca991ccb1","name":"嘉義縣水上鄉大崙國民小學塗溝分校","level":"大專","basis":"branch","data_ym":"201702"},"geometry":{"type":"Polygon","coordinates":[[[120.369095,23.459173],[120.36839,23.458783],[120.368222,23.459081],[120.368086,23.459335],[120.368962,23.459738],[120.369121,23.459446],[120.368981,23.45938],[120.369095,23.459173]]]}},{"type":"Feature","properties":{"id":"f440daeab4dd","name":"嘉義縣中埔鄉和睦國民小學","level":"國小","basis":"both","data_ym":"201205"},"geometry":{"type":"Polygon","coordinates":[[[120.462781,23.45188],[120.46289,23.451675],[120.462026,23.451767],[120.462065,23.452214],[120.462115,23.452267],[120.462191,23.452547],[120.462194,23.452598],[120.462463,23.452639],[120.462613,23.452657],[120.462951,23.45268],[120.463089,23.452641],[120.463193,23.452596],[120.463205,23.452365],[120.463237,23.452361],[120.46322,23.452093],[120.462781,23.45188]]]}},{"type":"Feature","properties":{"id":"ae065b1225e0","name":"嘉義縣水上鄉大崙國民小學","level":"國小","basis":"both","data_ym":"202009"},"geometry":{"type":"Polygon","coordinates":[[[120.358986,23.443586],[120.35936,23.443257],[120.359551,23.443097],[120.359466,23.442977],[120.359393,23.442858],[120.358228,23.443384],[120.358225,23.443377],[120.358009,23.44347],[120.358029,23.443731],[120.358046,23.443826],[120.358146,23.444098],[120.358287,23.44439],[120.358445,23.444595],[120.358762,23.444316],[120.359138,23.444048],[120.359211,23.443989],[120.358985,23.443619],[120.358982,23.443606],[120.358986,23.443586]]]}},{"type":"Feature","properties":{"id":"eb2c09ad26ef","name":"嘉義縣私立萬能高級工商職業學校","level":"高中職","basis":"name","data_ym":"201205"},"geometry":{"type":"Polygon","coordinates":[[[120.390653,23.431657],[120.391633,23.431659],[120.391612,23.430597],[120.391557,23.430599],[120.391546,23.429481],[120.391116,23.429489],[120.391146,23.430622],[120.390676,23.430631],[120.389653,23.43064],[120.389655,23.430818],[120.389629,23.430819],[120.389636,23.431067],[120.389643,23.431067],[120.38965,23.431486],[120.389663,23.431488],[120.389665,23.431669],[120.390653,23.431657]]]}},{"type":"Feature","properties":{"id":"67929b749241","name":"嘉義縣私立萬能高級工商職業學校1","level":"高中職","basis":"name","data_ym":"201205"},"geometry":{"type":"Polygon","coordinates":[[[120.39057,23.432859],[120.390573,23.43177],[120.390268,23.431774],[120.390279,23.432859],[120.39057,23.432859]]]}},{"type":"Feature","properties":{"id":"a9ad774870fb","name":"嘉義縣立忠和國民中學","level":"國中","basis":"both","data_ym":"201702"},"geometry":{"type":"Polygon","coordinates":[[[120.452201,23.426454],[120.452637,23.425853],[120.45186,23.425442],[120.451985,23.425313],[120.451898,23.42524],[120.451723,23.425155],[120.45149,23.424875],[120.45116,23.424506],[120.451262,23.424356],[120.451265,23.42432],[120.451164,23.424242],[120.45102,23.424176],[120.450863,23.424112],[120.450696,23.424052],[120.450666,23.424044],[120.450641,23.424049],[120.450628,23.42406],[120.450707,23.424169],[120.450587,23.424258],[120.450556,23.424614],[120.450491,23.425138],[120.450377,23.425203],[120.450025,23.425143],[120.450044,23.425177],[120.450244,23.4254],[120.450692,23.425693],[120.451067,23.425956],[120.4513,23.42609],[120.451286,23.426114],[120.451335,23.426141],[120.451424,23.425998],[120.452201,23.426454]]]}},{"type":"Feature","properties":{"id":"2dd415328224","name":"嘉義縣中埔鄉和興國民小學","level":"國小","basis":"both","data_ym":"201205"},"geometry":{"type":"Polygon","coordinates":[[[120.453548,23.441712],[120.45353,23.441717],[120.453513,23.441731],[120.453483,23.441787],[120.452931,23.442928],[120.453915,23.443325],[120.454333,23.443478],[120.454432,23.44298],[120.454476,23.442724],[120.454489,23.442613],[120.454493,23.442454],[120.454461,23.442232],[120.454449,23.442203],[120.454422,23.442145],[120.454386,23.442111],[120.454256,23.442029],[120.454197,23.44196],[120.454186,23.441952],[120.453608,23.441718],[120.453548,23.441712]]]}},{"type":"Feature","properties":{"id":"cbfce28d6118","name":"嘉義縣水上鄉成功國民小學","level":"國小","basis":"both","data_ym":"201408"},"geometry":{"type":"Polygon","coordinates":[[[120.476069,23.432571],[120.476149,23.432293],[120.476193,23.432302],[120.476247,23.432151],[120.476277,23.432087],[120.476314,23.432096],[120.476329,23.432019],[120.476339,23.43202],[120.47637,23.431825],[120.476456,23.431586],[120.476424,23.431528],[120.476389,23.43148],[120.476345,23.431441],[120.47627,23.43141],[120.476164,23.43138],[120.47608,23.431364],[120.475986,23.431353],[120.475789,23.431348],[120.475793,23.431419],[120.475839,23.431555],[120.475804,23.431605],[120.475732,23.431762],[120.47562,23.431873],[120.475547,23.432044],[120.475361,23.432044],[120.475269,23.432057],[120.475303,23.432215],[120.475339,23.432493],[120.475465,23.432495],[120.475485,23.432604],[120.47559,23.432631],[120.475661,23.432643],[120.475712,23.432647],[120.47584,23.432636],[120.476069,23.432571]]]}},{"type":"Feature","properties":{"id":"1de32043198a","name":"嘉義縣中埔鄉頂六國民小學","level":"國小","basis":"both","data_ym":"201608"},"geometry":{"type":"Polygon","coordinates":[[[120.495827,23.447027],[120.49587,23.446517],[120.495893,23.446437],[120.49597,23.445968],[120.495955,23.445919],[120.495906,23.445871],[120.495943,23.445614],[120.495939,23.445505],[120.495773,23.445541],[120.495658,23.445578],[120.495535,23.44561],[120.495523,23.445652],[120.495269,23.44572],[120.495253,23.445681],[120.495077,23.445737],[120.494972,23.445781],[120.49495,23.446019],[120.494914,23.446573],[120.494847,23.446569],[120.494806,23.446631],[120.494779,23.446651],[120.494704,23.446689],[120.494698,23.446842],[120.49473,23.446843],[120.494835,23.446864],[120.494863,23.446874],[120.494883,23.446896],[120.494894,23.446922],[120.494907,23.447204],[120.495334,23.447128],[120.495815,23.447117],[120.495827,23.447027]]]}},{"type":"Feature","properties":{"id":"8e2e95b7938b","name":"嘉義縣立鹿草國民中學","level":"國中","basis":"both","data_ym":"201607"},"geometry":{"type":"Polygon","coordinates":[[[120.31364,23.41115],[120.31364,23.411087],[120.31361,23.410931],[120.31359,23.410852],[120.31357,23.410539],[120.313572,23.410379],[120.313567,23.410326],[120.31361,23.410319],[120.313545,23.409895],[120.313429,23.409295],[120.312783,23.409403],[120.312344,23.409467],[120.312367,23.409667],[120.312364,23.409684],[120.312419,23.410124],[120.31239,23.410132],[120.312398,23.410179],[120.312362,23.410185],[120.312401,23.410609],[120.312434,23.411123],[120.312702,23.411117],[120.312736,23.411359],[120.312742,23.411365],[120.313308,23.411298],[120.313383,23.411279],[120.313609,23.411192],[120.31363,23.411176],[120.31364,23.41115]]]}},{"type":"Feature","properties":{"id":"62f0d52d2ace","name":"嘉義縣鹿草鄉後塘國民小學","level":"國小","basis":"both","data_ym":"202009"},"geometry":{"type":"Polygon","coordinates":[[[120.337147,23.405027],[120.337678,23.404959],[120.33764,23.404689],[120.337549,23.403915],[120.33651,23.403929],[120.336492,23.404124],[120.336349,23.404128],[120.336196,23.404126],[120.336163,23.404742],[120.336156,23.404983],[120.336153,23.404982],[120.336151,23.405031],[120.336127,23.405103],[120.336121,23.405171],[120.337147,23.405027]]]}},{"type":"Feature","properties":{"id":"49ef5bfe6b7a","name":"嘉義縣水上鄉義興國民小學","level":"國小","basis":"both","data_ym":"201808"},"geometry":{"type":"Polygon","coordinates":[[[120.426403,23.418489],[120.426569,23.417712],[120.426132,23.417667],[120.426159,23.41783],[120.426076,23.417829],[120.426027,23.417906],[120.425956,23.41795],[120.425786,23.41797],[120.425598,23.417916],[120.425546,23.417962],[120.425545,23.417967],[120.425555,23.417968],[120.425546,23.418015],[120.425538,23.418014],[120.425528,23.418059],[120.425537,23.418061],[120.425495,23.41827],[120.425474,23.418267],[120.425462,23.418323],[120.425436,23.418511],[120.425447,23.418513],[120.425445,23.418521],[120.425913,23.418622],[120.426373,23.418728],[120.426403,23.418489]]]}},{"type":"Feature","properties":{"id":"086814d43233","name":"嘉義縣鹿草鄉下潭國民小學","level":"國小","basis":"both","data_ym":"201205"},"geometry":{"type":"Polygon","coordinates":[[[120.286147,23.373231],[120.286052,23.373132],[120.285229,23.373628],[120.286029,23.374494],[120.286256,23.374745],[120.286838,23.374306],[120.286638,23.374074],[120.286699,23.374023],[120.286557,23.373776],[120.286495,23.373706],[120.286533,23.373674],[120.286488,23.373635],[120.286348,23.373458],[120.286147,23.373231]]]}},{"type":"Feature","properties":{"id":"b242dea6b340","name":"嘉義縣東石鄉龍港國民小學","level":"國小","basis":"both","data_ym":"201607"},"geometry":{"type":"Polygon","coordinates":[[[120.176511,23.484922],[120.176618,23.484914],[120.17676,23.484917],[120.177447,23.484943],[120.177447,23.484924],[120.177652,23.48492],[120.177643,23.48482],[120.178359,23.48472],[120.178267,23.483966],[120.177791,23.484021],[120.177257,23.484076],[120.177259,23.484111],[120.17661,23.484169],[120.176517,23.484166],[120.17616,23.484228],[120.17617,23.484472],[120.176086,23.48448],[120.176064,23.484537],[120.176221,23.485007],[120.176511,23.484922]]]}},{"type":"Feature","properties":{"id":"ff270d6e6832","name":"嘉義縣東石鄉下楫國民小學","level":"國小","basis":"both","data_ym":"201712"},"geometry":{"type":"Polygon","coordinates":[[[120.18725,23.492786],[120.187621,23.492701],[120.187625,23.492707],[120.187682,23.492605],[120.187676,23.492595],[120.187745,23.492462],[120.187691,23.491358],[120.187014,23.491476],[120.187043,23.491611],[120.18691,23.491638],[120.186458,23.491742],[120.186222,23.491812],[120.186253,23.492891],[120.18648,23.492889],[120.18725,23.492786]]]}},{"type":"Feature","properties":{"id":"99be5ac15ad7","name":"嘉義縣六腳鄉更寮國民小學","level":"國小","basis":"both","data_ym":"201408"},"geometry":{"type":"Polygon","coordinates":[[[120.24083,23.482734],[120.24084,23.482386],[120.240237,23.482361],[120.240245,23.482622],[120.239402,23.482593],[120.239409,23.482998],[120.23946,23.483498],[120.240806,23.483525],[120.240822,23.482738],[120.24083,23.482734]]]}},{"type":"Feature","properties":{"id":"b8d29f18f7cc","name":"嘉義縣東石鄉東石國民小學","level":"國小","basis":"both","data_ym":"201408"},"geometry":{"type":"Polygon","coordinates":[[[120.153883,23.459723],[120.153753,23.4596],[120.152986,23.46039],[120.153518,23.460871],[120.154194,23.461456],[120.154201,23.461455],[120.15443,23.461232],[120.15488,23.460841],[120.154992,23.460738],[120.153883,23.459723]]]}},{"type":"Feature","properties":{"id":"cded0dc7076f","name":"嘉義縣東石鄉塭港國民小學","level":"國小","basis":"both","data_ym":"202209"},"geometry":{"type":"Polygon","coordinates":[[[120.14557,23.471877],[120.145741,23.471834],[120.145761,23.471893],[120.145856,23.471877],[120.145909,23.471858],[120.145927,23.471856],[120.145996,23.471869],[120.146215,23.471866],[120.146244,23.471767],[120.146266,23.471733],[120.146273,23.471614],[120.146292,23.471603],[120.146266,23.471533],[120.146194,23.47141],[120.145981,23.471181],[120.145871,23.471125],[120.14581,23.471087],[120.145762,23.471037],[120.145697,23.470982],[120.145573,23.470803],[120.145547,23.470816],[120.145468,23.470842],[120.145148,23.470859],[120.145073,23.470901],[120.14505,23.470867],[120.145029,23.470888],[120.145018,23.470918],[120.145008,23.470968],[120.145015,23.471022],[120.145051,23.471096],[120.145149,23.471265],[120.145346,23.471678],[120.145401,23.471763],[120.145491,23.471866],[120.145476,23.471883],[120.145497,23.471904],[120.145533,23.471934],[120.145559,23.471908],[120.14558,23.471904],[120.14557,23.471877]]]}},{"type":"Feature","properties":{"id":"96414509c42a","name":"嘉義縣立東榮國民中學","level":"國中","basis":"both","data_ym":"202209"},"geometry":{"type":"Polygon","coordinates":[[[120.173205,23.462783],[120.173007,23.46207],[120.173241,23.462088],[120.173254,23.461724],[120.173205,23.461721],[120.173203,23.461752],[120.172041,23.461674],[120.172028,23.461685],[120.172612,23.463755],[120.173456,23.463541],[120.173391,23.463343],[120.173384,23.463335],[120.173223,23.462785],[120.173205,23.462783]]]}},{"type":"Feature","properties":{"id":"5d5e706d41bd","name":"嘉義縣東石鄉三江國民小學","level":"國小","basis":"both","data_ym":"201205"},"geometry":{"type":"Polygon","coordinates":[[[120.173789,23.471587],[120.174853,23.471538],[120.174874,23.471548],[120.174966,23.471549],[120.175083,23.471542],[120.17507,23.471521],[120.175016,23.471346],[120.17484,23.470914],[120.174387,23.470997],[120.174348,23.47083],[120.17381,23.470971],[120.173865,23.47123],[120.173865,23.471252],[120.173856,23.471287],[120.173835,23.471314],[120.173806,23.471336],[120.173735,23.471356],[120.173768,23.471552],[120.173776,23.471583],[120.173789,23.471587]]]}},{"type":"Feature","properties":{"id":"8f4cbcabb6bb","name":"嘉義縣朴子市大同國民小學","level":"國小","basis":"name","data_ym":"201611"},"geometry":{"type":"Polygon","coordinates":[[[120.240914,23.459348],[120.240813,23.459288],[120.239935,23.459327],[120.239929,23.459328],[120.239931,23.459351],[120.239744,23.459364],[120.239557,23.459385],[120.239388,23.459398],[120.239467,23.460431],[120.239508,23.461336],[120.240209,23.461307],[120.24104,23.461281],[120.24102,23.46083],[120.240978,23.460337],[120.240953,23.459902],[120.240914,23.459348]]]}},{"type":"Feature","properties":{"id":"8d1b90f145ea","name":"國立東石高級中學","level":"高中職","basis":"both","data_ym":"201610"},"geometry":{"type":"Polygon","coordinates":[[[120.252676,23.464802],[120.252959,23.464698],[120.25302,23.463668],[120.253006,23.463667],[120.253009,23.463627],[120.253023,23.463628],[120.253112,23.462642],[120.2525,23.462482],[120.252701,23.46166],[120.252311,23.461465],[120.252088,23.461925],[120.251926,23.462276],[120.250845,23.461882],[120.250722,23.462978],[120.250691,23.46338],[120.250665,23.463848],[120.250673,23.463931],[120.250716,23.464118],[120.25076,23.464375],[120.250865,23.464721],[120.250956,23.464697],[120.250987,23.464792],[120.250895,23.464815],[120.250936,23.464867],[120.251135,23.465021],[120.251196,23.465052],[120.251349,23.465079],[120.251564,23.465109],[120.251675,23.465119],[120.251729,23.465106],[120.251914,23.465085],[120.251968,23.465084],[120.252037,23.465039],[120.25225,23.464951],[120.252676,23.464802]]]}},{"type":"Feature","properties":{"id":"092f0bfa71de","name":"嘉義縣東石國民中學第二校區","level":"大專","basis":"branch","data_ym":"201205"},"geometry":{"type":"Polygon","coordinates":[[[120.249739,23.466862],[120.249615,23.466253],[120.249761,23.466226],[120.250195,23.466158],[120.250168,23.466016],[120.250123,23.465997],[120.250105,23.465882],[120.249058,23.466043],[120.248938,23.466438],[120.248981,23.46645],[120.248982,23.466503],[120.249165,23.466581],[120.249208,23.466847],[120.249521,23.466804],[120.249535,23.466893],[120.249739,23.466862]]]}},{"type":"Feature","properties":{"id":"ead377fc886a","name":"嘉義縣朴子市朴子國民小學","level":"國小","basis":"name","data_ym":"201806"},"geometry":{"type":"Polygon","coordinates":[[[120.248548,23.467081],[120.248918,23.46585],[120.248909,23.465786],[120.248052,23.465419],[120.247979,23.465438],[120.247912,23.465403],[120.247886,23.46534],[120.247355,23.465103],[120.247094,23.46552],[120.247075,23.465542],[120.247059,23.46557],[120.247056,23.465569],[120.246893,23.465886],[120.246788,23.466075],[120.246807,23.466085],[120.246868,23.466154],[120.247422,23.46642],[120.247215,23.466801],[120.247669,23.466995],[120.247683,23.466984],[120.247776,23.467021],[120.247853,23.467041],[120.247858,23.467073],[120.248084,23.467126],[120.248283,23.467123],[120.248548,23.467081]]]}},{"type":"Feature","properties":{"id":"cbd55d65d0cc","name":"嘉義縣立東石國民中學","level":"國中","basis":"both","data_ym":"202209"},"geometry":{"type":"Polygon","coordinates":[[[120.253212,23.46854],[120.253036,23.467872],[120.253044,23.46787],[120.252955,23.467529],[120.252974,23.467524],[120.252959,23.467463],[120.252939,23.467468],[120.25285,23.467126],[120.25284,23.467129],[120.252806,23.466998],[120.252694,23.466884],[120.252638,23.466704],[120.25089,23.46696],[120.249797,23.467131],[120.249903,23.467631],[120.249958,23.467998],[120.249956,23.468017],[120.249989,23.468178],[120.251186,23.467977],[120.251248,23.468258],[120.251256,23.468257],[120.251257,23.468261],[120.251352,23.468246],[120.251351,23.468242],[120.251465,23.468223],[120.251511,23.468411],[120.251861,23.468369],[120.252007,23.468914],[120.253212,23.46854]]]}},{"type":"Feature","properties":{"id":"8473e66cc494","name":"嘉義縣東石鄉網寮國民小學","level":"國小","basis":"both","data_ym":"201408"},"geometry":{"type":"Polygon","coordinates":[[[120.157931,23.431708],[120.157872,23.43097],[120.157186,23.43096],[120.157186,23.430946],[120.157078,23.430945],[120.157078,23.430959],[120.1565,23.430947],[120.155901,23.430946],[120.15575,23.430937],[120.155774,23.431684],[120.156449,23.431667],[120.156497,23.43166],[120.156508,23.431688],[120.157251,23.43169],[120.157931,23.431708]]]}},{"type":"Feature","properties":{"id":"0f4d4ed69b6c","name":"嘉義縣東石鄉龍崗國民小學","level":"國小","basis":"both","data_ym":"202009"},"geometry":{"type":"Polygon","coordinates":[[[120.182137,23.436863],[120.182848,23.436733],[120.183282,23.436737],[120.183951,23.436861],[120.18426,23.436911],[120.184279,23.436888],[120.184275,23.436857],[120.184251,23.43683],[120.183949,23.436662],[120.183957,23.436571],[120.183978,23.436165],[120.183983,23.436135],[120.184001,23.436126],[120.184018,23.436127],[120.184174,23.436152],[120.184208,23.435818],[120.183995,23.435779],[120.183996,23.435782],[120.183912,23.435769],[120.183907,23.435763],[120.183738,23.435734],[120.183518,23.435673],[120.183439,23.435644],[120.183431,23.435632],[120.183159,23.435695],[120.182866,23.435751],[120.182842,23.435783],[120.181981,23.436718],[120.181917,23.436795],[120.182047,23.436908],[120.182137,23.436863]]]}},{"type":"Feature","properties":{"id":"f418da824e40","name":"嘉義縣布袋鎮過溝國民小學","level":"國小","basis":"both","data_ym":"201607"},"geometry":{"type":"Polygon","coordinates":[[[120.184277,23.420445],[120.184281,23.420324],[120.184529,23.420316],[120.184532,23.420307],[120.184777,23.420292],[120.184853,23.419599],[120.184635,23.419551],[120.184657,23.419258],[120.184564,23.41925],[120.184592,23.419097],[120.183862,23.418885],[120.183807,23.419247],[120.18317,23.41922],[120.183003,23.419921],[120.182998,23.419921],[120.182938,23.420191],[120.182928,23.420188],[120.182912,23.420263],[120.18292,23.420265],[120.182885,23.420413],[120.183447,23.420386],[120.183752,23.420342],[120.183887,23.420334],[120.183897,23.420507],[120.184277,23.420445]]]}},{"type":"Feature","properties":{"id":"6dbe2b6ae6d2","name":"嘉義縣立過溝國民中學","level":"國中","basis":"both","data_ym":"201607"},"geometry":{"type":"Polygon","coordinates":[[[120.184027,23.422117],[120.183166,23.421436],[120.183134,23.421469],[120.183083,23.421438],[120.183068,23.421452],[120.183048,23.421438],[120.182666,23.421492],[120.182464,23.421648],[120.182455,23.421635],[120.182397,23.421682],[120.182405,23.421694],[120.182228,23.42183],[120.182356,23.422085],[120.182588,23.422516],[120.182447,23.422545],[120.182705,23.423104],[120.183627,23.422779],[120.18422,23.422613],[120.184508,23.422542],[120.184093,23.422226],[120.184118,23.422197],[120.184027,23.422117]]]}},{"type":"Feature","properties":{"id":"0c6dd0395260","name":"嘉義縣布袋鎮貴林國民小學1","level":"國小","basis":"both","data_ym":"201607"},"geometry":{"type":"Polygon","coordinates":[[[120.214057,23.419019],[120.214007,23.418817],[120.213557,23.418845],[120.213641,23.419245],[120.213783,23.419234],[120.213965,23.419094],[120.213966,23.419086],[120.214057,23.419019]]]}},{"type":"Feature","properties":{"id":"73529659a1be","name":"嘉義縣布袋鎮貴林國民小學","level":"國小","basis":"both","data_ym":"201607"},"geometry":{"type":"Polygon","coordinates":[[[120.21411,23.420303],[120.214807,23.420046],[120.214787,23.419681],[120.214551,23.419729],[120.214374,23.418942],[120.214305,23.418998],[120.214301,23.418994],[120.214055,23.419196],[120.214046,23.419219],[120.213993,23.419264],[120.213981,23.419263],[120.213775,23.419429],[120.213783,23.419439],[120.213705,23.419509],[120.213825,23.420033],[120.213869,23.420023],[120.213893,23.420123],[120.213995,23.420069],[120.21411,23.420303]]]}},{"type":"Feature","properties":{"id":"c3473a3e35d3","name":"嘉義縣布袋鎮景山國民小學振寮分校","level":"大專","basis":"branch","data_ym":"201806"},"geometry":{"type":"Polygon","coordinates":[[[120.18206,23.388942],[120.182003,23.388937],[120.18195,23.388945],[120.181737,23.388992],[120.181506,23.389056],[120.181538,23.389695],[120.182138,23.389733],[120.182138,23.389604],[120.18206,23.388942]]]}},{"type":"Feature","properties":{"id":"821896527fed","name":"嘉義縣布袋鎮景山國民小學","level":"國小","basis":"both","data_ym":"201205"},"geometry":{"type":"Polygon","coordinates":[[[120.193896,23.383314],[120.193844,23.383221],[120.193821,23.383232],[120.193786,23.38317],[120.193808,23.383157],[120.193729,23.383015],[120.193641,23.382888],[120.193507,23.382811],[120.193469,23.382616],[120.193139,23.382403],[120.192998,23.382427],[120.191891,23.38266],[120.191885,23.38273],[120.191995,23.383081],[120.192194,23.383556],[120.192759,23.383297],[120.193153,23.383781],[120.193896,23.383314]]]}},{"type":"Feature","properties":{"id":"8fb12f341469","name":"嘉義縣義竹鄉光榮國民小學","level":"國小","basis":"both","data_ym":"201205"},"geometry":{"type":"Polygon","coordinates":[[[120.248032,23.378978],[120.247981,23.378957],[120.247905,23.378936],[120.247853,23.378928],[120.247716,23.378933],[120.247622,23.378958],[120.247596,23.378958],[120.24746,23.378882],[120.247367,23.378837],[120.247276,23.378807],[120.246659,23.378672],[120.246633,23.37889],[120.246522,23.380135],[120.246555,23.380135],[120.246559,23.380124],[120.247736,23.380116],[120.247733,23.379758],[120.247941,23.37956],[120.248003,23.379475],[120.248015,23.379448],[120.248051,23.379064],[120.248047,23.379021],[120.248032,23.378978]]]}},{"type":"Feature","properties":{"id":"d4db8d51b2a8","name":"嘉義縣立布袋國民中學","level":"國中","basis":"both","data_ym":"201608"},"geometry":{"type":"Polygon","coordinates":[[[120.180679,23.360369],[120.181777,23.360094],[120.181814,23.359902],[120.181659,23.359636],[120.181616,23.359538],[120.181508,23.359409],[120.181397,23.359082],[120.181208,23.358291],[120.181084,23.357901],[120.180765,23.357879],[120.17978,23.357883],[120.179289,23.357898],[120.179254,23.359447],[120.180246,23.359487],[120.18049,23.360355],[120.180679,23.360322],[120.180679,23.360369]]]}},{"type":"Feature","properties":{"id":"16c21fc4a159","name":"嘉義縣布袋鎮永安國民小學","level":"國小","basis":"both","data_ym":"201408"},"geometry":{"type":"Polygon","coordinates":[[[120.181994,23.371612],[120.182008,23.371569],[120.182099,23.371047],[120.181675,23.370987],[120.181689,23.37089],[120.181556,23.370885],[120.181275,23.370809],[120.181341,23.370892],[120.181328,23.370946],[120.18122,23.370941],[120.181095,23.370971],[120.181065,23.371],[120.181058,23.37107],[120.181126,23.371419],[120.18114,23.371584],[120.181259,23.371569],[120.18165,23.371569],[120.181889,23.371589],[120.181994,23.371612]]]}},{"type":"Feature","properties":{"id":"99ad6634f347","name":"嘉義縣義竹鄉南興國民小學東華分校","level":"大專","basis":"branch","data_ym":"201702"},"geometry":{"type":"Polygon","coordinates":[[[120.220647,23.356932],[120.220213,23.356258],[120.219146,23.356627],[120.219293,23.356995],[120.219062,23.357101],[120.219468,23.357266],[120.219777,23.357405],[120.220548,23.357037],[120.220647,23.356932]]]}},{"type":"Feature","properties":{"id":"8afc468bd642","name":"嘉義縣布袋鎮新塭國民小學","level":"國小","basis":"both","data_ym":"201806"},"geometry":{"type":"Polygon","coordinates":[[[120.160734,23.330811],[120.160578,23.329648],[120.160494,23.329637],[120.160004,23.329676],[120.159991,23.329714],[120.159868,23.329719],[120.159853,23.329691],[120.159695,23.329708],[120.159636,23.329753],[120.159733,23.330594],[120.159764,23.330935],[120.159783,23.331063],[120.159802,23.331253],[120.159822,23.331276],[120.159853,23.33128],[120.159964,23.331259],[120.160409,23.33115],[120.160759,23.331076],[120.160734,23.330811]]]}},{"type":"Feature","properties":{"id":"035f14a25b1b","name":"嘉義縣布袋鎮新岑國民小學","level":"國小","basis":"both","data_ym":"201408"},"geometry":{"type":"Polygon","coordinates":[[[120.174784,23.342659],[120.174538,23.342589],[120.1745,23.342613],[120.174431,23.342603],[120.174381,23.342549],[120.174164,23.342519],[120.174143,23.342842],[120.174131,23.343258],[120.174261,23.343264],[120.174374,23.343335],[120.174613,23.343458],[120.174738,23.343275],[120.174784,23.342659]]]}},{"type":"Feature","properties":{"id":"49026097be01","name":"嘉義縣義竹鄉南興國民小學","level":"國小","basis":"both","data_ym":"202203"},"geometry":{"type":"Polygon","coordinates":[[[120.192495,23.341235],[120.193127,23.341202],[120.193249,23.341214],[120.193283,23.341045],[120.193465,23.340319],[120.193235,23.340355],[120.193202,23.340202],[120.192774,23.3403],[120.192046,23.340444],[120.192094,23.340644],[120.192118,23.34064],[120.192182,23.340965],[120.191908,23.341018],[120.191935,23.341122],[120.191972,23.341122],[120.192217,23.341088],[120.192266,23.341213],[120.192323,23.341208],[120.192428,23.341209],[120.192495,23.341235]]]}},{"type":"Feature","properties":{"id":"b8000d479159","name":"嘉義縣義竹鄉和順國民小學","level":"國小","basis":"both","data_ym":"201806"},"geometry":{"type":"Polygon","coordinates":[[[120.181506,23.307432],[120.182127,23.307331],[120.182442,23.307021],[120.182426,23.306856],[120.182396,23.306672],[120.182371,23.306651],[120.182335,23.306648],[120.182196,23.306686],[120.182164,23.306691],[120.182126,23.30669],[120.182075,23.306674],[120.182055,23.306642],[120.181023,23.306791],[120.181084,23.307194],[120.181065,23.307196],[120.181088,23.307418],[120.181183,23.307415],[120.181184,23.307468],[120.181506,23.307432]]]}},{"type":"Feature","properties":{"id":"6ce0a8fb6724","name":"嘉義縣義竹鄉過路國民小學","level":"國小","basis":"both","data_ym":"201608"},"geometry":{"type":"Polygon","coordinates":[[[120.207681,23.307828],[120.20804,23.307755],[120.20828,23.30774],[120.208778,23.307737],[120.208718,23.306616],[120.208715,23.306443],[120.208694,23.30642],[120.208668,23.306168],[120.208638,23.305969],[120.207128,23.306365],[120.207207,23.306739],[120.20721,23.306738],[120.207214,23.306772],[120.207428,23.307797],[120.207629,23.307717],[120.207681,23.307828]]]}},{"type":"Feature","properties":{"id":"20605d1d377c","name":"嘉義縣溪口鄉柴林國民小學","level":"國小","basis":"both","data_ym":"202209"},"geometry":{"type":"Polygon","coordinates":[[[120.371648,23.606932],[120.371729,23.606819],[120.371731,23.60682],[120.37185,23.606646],[120.371903,23.606557],[120.371901,23.606539],[120.371524,23.606186],[120.370735,23.60637],[120.370349,23.606511],[120.370256,23.606561],[120.370303,23.606784],[120.370395,23.607161],[120.37127,23.607057],[120.371604,23.607012],[120.371625,23.606994],[120.371648,23.606932]]]}},{"type":"Feature","properties":{"id":"07f2a780de61","name":"嘉義縣立溪口國民中學","level":"國中","basis":"both","data_ym":"201408"},"geometry":{"type":"Polygon","coordinates":[[[120.404394,23.603928],[120.403139,23.603595],[120.402939,23.604512],[120.402925,23.604779],[120.402945,23.604781],[120.402884,23.605317],[120.402863,23.605415],[120.403357,23.605561],[120.403613,23.605615],[120.404134,23.605684],[120.404373,23.604837],[120.404394,23.603928]]]}},{"type":"Feature","properties":{"id":"0ec57a5975fe","name":"嘉義縣大林鎮平林國民小學","level":"國小","basis":"both","data_ym":"202008"},"geometry":{"type":"Polygon","coordinates":[[[120.462544,23.598477],[120.461628,23.598365],[120.461258,23.598385],[120.460869,23.598395],[120.461005,23.599974],[120.461392,23.599983],[120.461762,23.6],[120.46215,23.600058],[120.462183,23.600037],[120.462478,23.598777],[120.462544,23.598477]]]}},{"type":"Feature","properties":{"id":"74084be16da3","name":"嘉義縣大林鎮三和國民小學","level":"國小","basis":"both","data_ym":"202207"},"geometry":{"type":"Polygon","coordinates":[[[120.487777,23.605136],[120.487212,23.605118],[120.486934,23.605121],[120.48694,23.607012],[120.487629,23.607014],[120.488159,23.607008],[120.488704,23.607008],[120.488728,23.606212],[120.48869,23.60621],[120.488687,23.606022],[120.488713,23.606022],[120.488706,23.605244],[120.488516,23.605225],[120.487777,23.605136]]]}},{"type":"Feature","properties":{"id":"967d6e88e133","name":"嘉義縣大林鎮社團國民小學","level":"國小","basis":"both","data_ym":"201205"},"geometry":{"type":"Polygon","coordinates":[[[120.495548,23.618028],[120.496225,23.618048],[120.496225,23.618037],[120.496316,23.61804],[120.496336,23.617822],[120.496389,23.617375],[120.4964,23.616982],[120.495822,23.616958],[120.495604,23.616975],[120.495599,23.617213],[120.495578,23.61762],[120.495548,23.618028]]]}},{"type":"Feature","properties":{"id":"0ddcb44aab38","name":"嘉義縣新港鄉復興國民小學","level":"國小","basis":"both","data_ym":"202209"},"geometry":{"type":"Polygon","coordinates":[[[120.356756,23.590607],[120.357542,23.590371],[120.357591,23.590438],[120.357862,23.590347],[120.357822,23.59025],[120.358224,23.590096],[120.357767,23.589748],[120.35757,23.589609],[120.35758,23.5896],[120.357543,23.589566],[120.357527,23.589579],[120.357523,23.589576],[120.357582,23.5895],[120.357549,23.589497],[120.357489,23.589462],[120.357307,23.589617],[120.357118,23.589764],[120.356776,23.590068],[120.356749,23.590102],[120.356744,23.590116],[120.356756,23.590607]]]}},{"type":"Feature","properties":{"id":"6f59f016e7a3","name":"嘉義縣溪口鄉美林國民小學","level":"國小","basis":"both","data_ym":"202008"},"geometry":{"type":"Polygon","coordinates":[[[120.379573,23.591983],[120.379308,23.59195],[120.378898,23.591915],[120.379122,23.593134],[120.380129,23.593236],[120.380138,23.593228],[120.380144,23.5932],[120.380115,23.593022],[120.38015,23.593012],[120.380085,23.592585],[120.380028,23.592338],[120.379999,23.592284],[120.379573,23.591983]]]}},{"type":"Feature","properties":{"id":"370ef0743013","name":"嘉義縣溪口鄉柳溝國民小學疊溪分校","level":"大專","basis":"branch","data_ym":"201702"},"geometry":{"type":"Polygon","coordinates":[[[120.439124,23.587733],[120.439624,23.587606],[120.439549,23.587298],[120.439533,23.587182],[120.439511,23.587092],[120.4395,23.586991],[120.439315,23.587007],[120.439301,23.587021],[120.439178,23.587036],[120.439155,23.587024],[120.439113,23.587029],[120.439131,23.587096],[120.438934,23.587142],[120.438946,23.587238],[120.438954,23.587372],[120.438891,23.587397],[120.438884,23.587429],[120.438729,23.587479],[120.438846,23.58781],[120.439124,23.587733]]]}},{"type":"Feature","properties":{"id":"20b1c0e83553","name":"嘉義縣大林鎮中林國民小學","level":"國小","basis":"both","data_ym":"201702"},"geometry":{"type":"Polygon","coordinates":[[[120.476326,23.590438],[120.476477,23.590455],[120.476481,23.590423],[120.477471,23.590493],[120.477462,23.590643],[120.477593,23.590645],[120.477784,23.590631],[120.477971,23.590612],[120.478151,23.590584],[120.478219,23.589771],[120.477628,23.589735],[120.477428,23.589695],[120.477414,23.589764],[120.477407,23.589769],[120.477387,23.589768],[120.476549,23.589667],[120.476509,23.589673],[120.476496,23.58968],[120.476477,23.589699],[120.476455,23.589758],[120.476389,23.590208],[120.476354,23.590229],[120.476326,23.590438]]]}},{"type":"Feature","properties":{"id":"5b9748c40fcf","name":"嘉義縣六腳鄉北美國民小學","level":"國小","basis":"both","data_ym":"201408"},"geometry":{"type":"Polygon","coordinates":[[[120.304327,23.558498],[120.304225,23.558073],[120.304065,23.557448],[120.303941,23.557422],[120.303667,23.557354],[120.303205,23.557513],[120.303286,23.557786],[120.30333,23.557773],[120.303401,23.558053],[120.303535,23.558468],[120.303559,23.558475],[120.30357,23.558447],[120.303834,23.558519],[120.303823,23.558552],[120.303913,23.558579],[120.304327,23.558498]]]}},{"type":"Feature","properties":{"id":"5ad116f5b04c","name":"嘉義縣新港鄉文昌國民小學","level":"國小","basis":"both","data_ym":"201205"},"geometry":{"type":"Polygon","coordinates":[[[120.350799,23.555137],[120.351279,23.555107],[120.351233,23.554647],[120.351161,23.553847],[120.351141,23.553554],[120.351125,23.553525],[120.351122,23.553522],[120.350556,23.553493],[120.350557,23.553484],[120.350393,23.553471],[120.350391,23.553485],[120.349835,23.553457],[120.349827,23.55347],[120.349827,23.553501],[120.349898,23.555174],[120.350799,23.555137]]]}},{"type":"Feature","properties":{"id":"7e951466fba0","name":"嘉義縣立新港國民中學","level":"國中","basis":"both","data_ym":"202009"},"geometry":{"type":"Polygon","coordinates":[[[120.34499,23.559403],[120.344777,23.558659],[120.344763,23.558662],[120.344754,23.558635],[120.344552,23.558022],[120.343704,23.557404],[120.342982,23.557617],[120.343161,23.558291],[120.343429,23.55926],[120.343564,23.559705],[120.343618,23.559708],[120.343901,23.559691],[120.34499,23.559403]]]}},{"type":"Feature","properties":{"id":"d1fa204b944e","name":"嘉義縣新港鄉古民國民小學","level":"國小","basis":"both","data_ym":"201607"},"geometry":{"type":"Polygon","coordinates":[[[120.349975,23.562539],[120.349947,23.56246],[120.349965,23.561814],[120.348461,23.561941],[120.348439,23.562062],[120.348443,23.562495],[120.34847,23.562495],[120.348469,23.562654],[120.349975,23.562539]]]}},{"type":"Feature","properties":{"id":"349e1d3be69c","name":"嘉義縣民雄鄉三興國民小學","level":"國小","basis":"both","data_ym":"201702"},"geometry":{"type":"Polygon","coordinates":[[[120.482012,23.558829],[120.481957,23.558494],[120.482401,23.558433],[120.48296,23.558052],[120.483004,23.558003],[120.483032,23.557951],[120.483045,23.557902],[120.483054,23.557316],[120.482434,23.55741],[120.481523,23.55756],[120.480606,23.557704],[120.480588,23.557723],[120.480587,23.557734],[120.480944,23.558588],[120.481006,23.558694],[120.481148,23.558865],[120.481426,23.558767],[120.481663,23.55926],[120.481793,23.559107],[120.482012,23.558829]]]}},{"type":"Feature","properties":{"id":"c9d835d06a41","name":"國立中正大學","level":"大專","basis":"both","data_ym":"202207"},"geometry":{"type":"Polygon","coordinates":[[[120.469597,23.569088],[120.469639,23.569084],[120.469669,23.569089],[120.469984,23.56923],[120.470005,23.569235],[120.470043,23.569232],[120.470324,23.569177],[120.470459,23.569071],[120.47064,23.568967],[120.470779,23.568898],[120.470763,23.568857],[120.470785,23.56885],[120.470805,23.568891],[120.470998,23.568831],[120.471006,23.568858],[120.471153,23.568829],[120.471371,23.568797],[120.471379,23.568739],[120.471416,23.568573],[120.471438,23.568547],[120.471485,23.568516],[120.471502,23.568447],[120.471511,23.568388],[120.471525,23.568369],[120.471629,23.568304],[120.472992,23.567375],[120.473666,23.566924],[120.474437,23.566417],[120.475778,23.565545],[120.476639,23.564953],[120.476959,23.564724],[120.477471,23.564389],[120.478036,23.564005],[120.47814,23.56381],[120.478368,23.563228],[120.47839,23.563188],[120.478574,23.563015],[120.478751,23.562885],[120.479417,23.562445],[120.480205,23.561906],[120.481018,23.561336],[120.481016,23.561322],[120.481024,23.561309],[120.481112,23.561241],[120.482152,23.560515],[120.482118,23.560468],[120.482087,23.560486],[120.481857,23.560191],[120.481826,23.560166],[120.481428,23.559981],[120.481392,23.559971],[120.481378,23.559972],[120.48134,23.559993],[120.481214,23.560132],[120.48117,23.56021],[120.481145,23.560268],[120.481076,23.560477],[120.480941,23.560739],[120.480906,23.560838],[120.480886,23.560913],[120.480868,23.560934],[120.480832,23.560955],[120.480779,23.560953],[120.480489,23.560895],[120.480244,23.560858],[120.480027,23.560854],[120.479665,23.560873],[120.479298,23.560867],[120.479061,23.56086],[120.47857,23.560817],[120.478294,23.560791],[120.477968,23.560708],[120.477814,23.560673],[120.477765,23.560668],[120.477736,23.560668],[120.47769,23.560674],[120.477641,23.560692],[120.477607,23.560718],[120.477549,23.560797],[120.477528,23.560817],[120.477499,23.560823],[120.477479,23.560819],[120.477447,23.560792],[120.477291,23.560565],[120.477119,23.560309],[120.477042,23.560177],[120.477002,23.560063],[120.476979,23.559958],[120.476965,23.559849],[120.476905,23.559634],[120.476854,23.559511],[120.476785,23.559406],[120.476647,23.559175],[120.47657,23.559085],[120.476554,23.55908],[120.476516,23.559079],[120.476354,23.559148],[120.475941,23.559194],[120.475917,23.559187],[120.47555,23.55899],[120.475572,23.558946],[120.475544,23.558204],[120.475687,23.558183],[120.475913,23.558085],[120.476086,23.557954],[120.476087,23.557604],[120.475832,23.557155],[120.47534,23.557239],[120.474764,23.557355],[120.473628,23.557595],[120.473118,23.55777],[120.47215,23.558139],[120.471552,23.558361],[120.470465,23.558776],[120.470318,23.558854],[120.469932,23.559039],[120.468986,23.559512],[120.467698,23.560241],[120.467893,23.560526],[120.468001,23.560596],[120.468009,23.560634],[120.468046,23.560695],[120.468275,23.560965],[120.468357,23.561049],[120.468453,23.561091],[120.468523,23.5611],[120.46859,23.5611],[120.46887,23.561078],[120.468932,23.561081],[120.468965,23.561096],[120.469003,23.561132],[120.469043,23.561182],[120.468922,23.561257],[120.468774,23.561323],[120.468741,23.561351],[120.468725,23.561389],[120.468722,23.561512],[120.468725,23.561551],[120.46874,23.561598],[120.468757,23.561635],[120.468872,23.561796],[120.468886,23.561843],[120.468884,23.561898],[120.468873,23.561962],[120.468856,23.562003],[120.468835,23.562028],[120.468799,23.562039],[120.468771,23.562038],[120.4687,23.562028],[120.468607,23.562003],[120.468515,23.561985],[120.468403,23.561977],[120.468372,23.561981],[120.46835,23.561988],[120.468259,23.562049],[120.468136,23.562168],[120.468106,23.562207],[120.468094,23.562233],[120.468089,23.562264],[120.468093,23.562309],[120.468112,23.56243],[120.468102,23.562487],[120.46805,23.562609],[120.467959,23.562764],[120.46815,23.562889],[120.468209,23.562934],[120.468255,23.562975],[120.468282,23.563016],[120.468301,23.563057],[120.468357,23.563247],[120.468441,23.56356],[120.468516,23.563805],[120.468464,23.563904],[120.468679,23.564637],[120.467925,23.564843],[120.467943,23.564904],[120.467923,23.564945],[120.467994,23.5652],[120.467979,23.565237],[120.467896,23.565278],[120.467824,23.565322],[120.467748,23.565378],[120.467647,23.56548],[120.467618,23.56552],[120.467556,23.565625],[120.467501,23.565765],[120.467473,23.565896],[120.467466,23.566],[120.467471,23.566083],[120.467068,23.566482],[120.466827,23.566931],[120.466921,23.566971],[120.466951,23.566997],[120.466975,23.567031],[120.467051,23.567271],[120.467078,23.567333],[120.467093,23.56742],[120.467156,23.567476],[120.467499,23.567728],[120.467626,23.567832],[120.467641,23.567852],[120.467664,23.567967],[120.467697,23.568272],[120.467709,23.568308],[120.467921,23.568693],[120.468173,23.569115],[120.4682,23.569153],[120.468228,23.569177],[120.4688,23.569353],[120.468852,23.569368],[120.468875,23.569368],[120.468954,23.569342],[120.469383,23.569166],[120.469597,23.569088]]]}},{"type":"Feature","properties":{"id":"6216926333ad","name":"嘉義縣六腳鄉立六腳幼兒園","level":"其他","basis":"none","data_ym":"201607"},"geometry":{"type":"Polygon","coordinates":[[[120.289702,23.525856],[120.289099,23.525798],[120.289206,23.526054],[120.289176,23.526118],[120.289131,23.526246],[120.289146,23.526311],[120.289164,23.526359],[120.289167,23.526452],[120.289162,23.526472],[120.289129,23.526515],[120.289097,23.526544],[120.289004,23.526612],[120.289162,23.526918],[120.289429,23.526812],[120.28956,23.526729],[120.289667,23.526647],[120.289702,23.525856]]]}},{"type":"Feature","properties":{"id":"7c9cfe73e3ba","name":"嘉義縣六腳鄉六美國民小學","level":"國小","basis":"both","data_ym":"201205"},"geometry":{"type":"Polygon","coordinates":[[[120.294756,23.540246],[120.294317,23.53912],[120.293559,23.539249],[120.293505,23.539016],[120.292483,23.539198],[120.292359,23.539247],[120.29299,23.540719],[120.29482,23.5404],[120.294756,23.540246]]]}},{"type":"Feature","properties":{"id":"9710c5b432e8","name":"嘉義縣民雄鄉松山國民小學","level":"國小","basis":"both","data_ym":"201205"},"geometry":{"type":"Polygon","coordinates":[[[120.474924,23.541278],[120.474933,23.541184],[120.475191,23.541211],[120.47525,23.541054],[120.475286,23.540857],[120.47532,23.540504],[120.475339,23.5404],[120.475384,23.540212],[120.475387,23.540174],[120.475377,23.540144],[120.475334,23.540083],[120.475221,23.539964],[120.475212,23.539893],[120.47519,23.539893],[120.475022,23.539939],[120.474928,23.540034],[120.47481,23.540185],[120.474727,23.540204],[120.474772,23.540686],[120.474856,23.541205],[120.47486,23.541273],[120.474924,23.541278]]]}},{"type":"Feature","properties":{"id":"4baba1e4dbfb","name":"嘉義縣六腳鄉蒜頭國民小學潭墘分校","level":"大專","basis":"branch","data_ym":"201610"},"geometry":{"type":"Polygon","coordinates":[[[120.27863,23.507944],[120.278412,23.50793],[120.278375,23.507942],[120.278278,23.507935],[120.278254,23.507917],[120.278111,23.507904],[120.278094,23.508154],[120.278024,23.508967],[120.278522,23.509003],[120.278601,23.508295],[120.27863,23.507944]]]}},{"type":"Feature","properties":{"id":"f56f9b64e9e2","name":"嘉義縣立六嘉國民中學","level":"國中","basis":"both","data_ym":"201607"},"geometry":{"type":"Polygon","coordinates":[[[120.293999,23.501349],[120.29414,23.500823],[120.294087,23.500787],[120.293656,23.500727],[120.293187,23.500652],[120.293063,23.500714],[120.293019,23.500935],[120.292768,23.500931],[120.292694,23.500898],[120.292648,23.500895],[120.29257,23.500908],[120.292264,23.500779],[120.292274,23.500698],[120.292268,23.500676],[120.292258,23.500662],[120.291823,23.500561],[120.291823,23.500445],[120.291597,23.500429],[120.291495,23.502064],[120.292017,23.50211],[120.293743,23.502241],[120.293881,23.50172],[120.293999,23.501349]]]}},{"type":"Feature","properties":{"id":"386a88ab73d5","name":"嘉義縣六腳鄉灣內國民小學","level":"國小","basis":"both","data_ym":"201607"},"geometry":{"type":"Polygon","coordinates":[[[120.312129,23.500834],[120.312355,23.500832],[120.312809,23.50085],[120.31286,23.500794],[120.313498,23.500784],[120.313293,23.500212],[120.313132,23.499793],[120.313117,23.499795],[120.313095,23.499838],[120.312801,23.4999],[120.312756,23.499974],[120.312532,23.500004],[120.31249,23.499973],[120.312424,23.499988],[120.312399,23.500038],[120.312206,23.500072],[120.312173,23.500048],[120.311989,23.500104],[120.311965,23.500087],[120.3115,23.500169],[120.311532,23.500294],[120.311614,23.500322],[120.311913,23.500373],[120.311963,23.500783],[120.311909,23.500799],[120.311912,23.500811],[120.311896,23.500811],[120.311914,23.500897],[120.312102,23.500899],[120.312129,23.500834]]]}},{"type":"Feature","properties":{"id":"ace34e7b3bc7","name":"嘉義縣新港鄉安和國民小學","level":"國小","basis":"both","data_ym":"201610"},"geometry":{"type":"Polygon","coordinates":[[[120.31314,23.51555],[120.313203,23.514794],[120.313209,23.514681],[120.313249,23.514251],[120.313192,23.514253],[120.31315,23.514263],[120.313153,23.514282],[120.313031,23.51431],[120.313019,23.514287],[120.312759,23.514353],[120.312634,23.514791],[120.312657,23.514812],[120.31287,23.514887],[120.312912,23.514897],[120.313056,23.514945],[120.313035,23.515072],[120.313018,23.515069],[120.312986,23.515219],[120.312957,23.515213],[120.312938,23.515312],[120.312963,23.515318],[120.31292,23.515596],[120.31314,23.51555]]]}},{"type":"Feature","properties":{"id":"5cf9483cba53","name":"嘉義縣新港鄉月眉國民小學","level":"國小","basis":"both","data_ym":"202209"},"geometry":{"type":"Polygon","coordinates":[[[120.352188,23.520445],[120.352461,23.520299],[120.352464,23.52032],[120.352477,23.520302],[120.352511,23.520272],[120.352614,23.520277],[120.352629,23.520233],[120.352679,23.520217],[120.352669,23.52019],[120.352818,23.520159],[120.352925,23.520115],[120.353059,23.520029],[120.352763,23.519726],[120.352741,23.519695],[120.352735,23.519663],[120.352735,23.519643],[120.352745,23.51958],[120.352266,23.519689],[120.352168,23.519361],[120.352166,23.519221],[120.352084,23.519182],[120.352006,23.519122],[120.351982,23.519057],[120.351934,23.518879],[120.351878,23.518754],[120.351459,23.518851],[120.351063,23.518888],[120.351056,23.518901],[120.35105,23.519041],[120.351056,23.519146],[120.351064,23.51922],[120.351089,23.519267],[120.351111,23.519371],[120.351127,23.519538],[120.351148,23.519887],[120.351156,23.519911],[120.351169,23.519922],[120.351243,23.519946],[120.351311,23.519981],[120.35137,23.520035],[120.35145,23.520128],[120.351492,23.520142],[120.351696,23.520445],[120.351746,23.520504],[120.35191,23.520603],[120.352188,23.520445]]]}},{"type":"Feature","properties":{"id":"7a1b74f78db2","name":"嘉義縣竹崎鄉義仁國民小學","level":"國小","basis":"both","data_ym":"202009"},"geometry":{"type":"Polygon","coordinates":[[[120.499543,23.508114],[120.499563,23.508041],[120.499276,23.507975],[120.499347,23.507653],[120.499314,23.50765],[120.499236,23.507993],[120.499104,23.508059],[120.49905,23.508033],[120.498874,23.507962],[120.498847,23.508041],[120.498873,23.50805],[120.498801,23.508249],[120.498751,23.508361],[120.49886,23.508402],[120.498817,23.508505],[120.498899,23.508537],[120.499317,23.508727],[120.499495,23.508659],[120.499531,23.508527],[120.499621,23.508131],[120.499543,23.508114]]]}},{"type":"Feature","properties":{"id":"6b027d423e2a","name":"嘉義縣立大吉國民中學","level":"國中","basis":"both","data_ym":"201608"},"geometry":{"type":"Polygon","coordinates":[[[120.488436,23.515502],[120.488354,23.515166],[120.488335,23.515049],[120.488313,23.514622],[120.488297,23.514406],[120.488008,23.514582],[120.48723,23.515075],[120.487262,23.515114],[120.487083,23.515232],[120.487053,23.515196],[120.486769,23.515373],[120.486394,23.515619],[120.486675,23.516021],[120.488272,23.516287],[120.488497,23.516213],[120.488468,23.515836],[120.488456,23.515605],[120.488436,23.515502]]]}},{"type":"Feature","properties":{"id":"6d74db2e07e1","name":"嘉義縣六腳鄉六腳國民小學","level":"國小","basis":"both","data_ym":"201607"},"geometry":{"type":"Polygon","coordinates":[[[120.253011,23.509787],[120.252988,23.508854],[120.252695,23.508833],[120.252661,23.50886],[120.252564,23.508856],[120.252585,23.508431],[120.252197,23.508366],[120.252192,23.508452],[120.251428,23.50841],[120.251348,23.508611],[120.251368,23.50862],[120.251261,23.508893],[120.251182,23.509054],[120.251178,23.509073],[120.251202,23.509608],[120.251207,23.509861],[120.251885,23.509867],[120.252627,23.509884],[120.253011,23.509787]]]}},{"type":"Feature","properties":{"id":"1298cc586009","name":"嘉義縣立昇平國民中學","level":"國中","basis":"both","data_ym":"202008"},"geometry":{"type":"Polygon","coordinates":[[[120.558057,23.485086],[120.558235,23.485058],[120.55824,23.485078],[120.558607,23.484997],[120.558616,23.48503],[120.558753,23.485008],[120.558751,23.484996],[120.558959,23.484985],[120.558959,23.484977],[120.558625,23.484695],[120.558446,23.484495],[120.558225,23.484199],[120.558197,23.484215],[120.55808,23.484077],[120.557978,23.484089],[120.557799,23.484123],[120.557656,23.484026],[120.557457,23.484026],[120.557248,23.484051],[120.557233,23.484036],[120.557038,23.484053],[120.55697,23.484113],[120.557072,23.48462],[120.557213,23.484978],[120.557278,23.48527],[120.557452,23.48528],[120.557754,23.485214],[120.557743,23.485164],[120.557889,23.485124],[120.558057,23.485086]]]}},{"type":"Feature","properties":{"id":"d3203da496f6","name":"嘉義縣竹崎鄉內埔國民小學1","level":"國小","basis":"both","data_ym":"201205"},"geometry":{"type":"Polygon","coordinates":[[[120.562308,23.485084],[120.562041,23.484981],[120.561989,23.485119],[120.562276,23.485209],[120.562308,23.485084]]]}},{"type":"Feature","properties":{"id":"548ca9c8b353","name":"嘉義縣竹崎鄉內埔國民小學","level":"國小","basis":"both","data_ym":"201205"},"geometry":{"type":"Polygon","coordinates":[[[120.563893,23.485781],[120.564118,23.485381],[120.564282,23.485425],[120.564332,23.485281],[120.564012,23.485204],[120.564018,23.485183],[120.563909,23.485155],[120.563722,23.48509],[120.563606,23.485044],[120.563622,23.484998],[120.563025,23.484786],[120.563009,23.484825],[120.562721,23.484718],[120.56274,23.484673],[120.562657,23.484642],[120.562641,23.484679],[120.562574,23.484654],[120.562582,23.484636],[120.56252,23.484613],[120.562382,23.485003],[120.562313,23.485221],[120.562224,23.485478],[120.562227,23.485516],[120.562508,23.485683],[120.562676,23.485793],[120.562783,23.485868],[120.562841,23.485892],[120.562981,23.485941],[120.56331,23.486027],[120.563693,23.48612],[120.563803,23.485922],[120.563893,23.485781]]]}},{"type":"Feature","properties":{"id":"effc8c0866eb","name":"嘉義縣竹崎鄉桃源國民小學","level":"國小","basis":"both","data_ym":"201205"},"geometry":{"type":"Polygon","coordinates":[[[120.586019,23.473886],[120.586261,23.473551],[120.586354,23.473393],[120.585982,23.473204],[120.585929,23.473292],[120.585916,23.473293],[120.585856,23.473421],[120.585777,23.473373],[120.585592,23.47367],[120.58569,23.473726],[120.585622,23.47387],[120.58563,23.473863],[120.585663,23.473859],[120.585774,23.473887],[120.585932,23.473907],[120.585988,23.473899],[120.586019,23.473886]]]}},{"type":"Feature","properties":{"id":"55c89343a3ba","name":"嘉義縣番路鄉大湖國民小學","level":"國小","basis":"name","data_ym":"201205"},"geometry":{"type":"Polygon","coordinates":[[[120.620314,23.475288],[120.620405,23.47522],[120.620529,23.475143],[120.620672,23.474952],[120.620663,23.474901],[120.620614,23.474791],[120.620553,23.474714],[120.620426,23.474673],[120.62033,23.474659],[120.620305,23.474677],[120.620165,23.474719],[120.620052,23.474777],[120.619772,23.474732],[120.61965,23.475142],[120.619716,23.475168],[120.619707,23.475235],[120.619725,23.47525],[120.619886,23.475294],[120.620033,23.475298],[120.620045,23.475251],[120.620075,23.475256],[120.6201,23.475294],[120.620116,23.475356],[120.620117,23.475396],[120.620158,23.475387],[120.62022,23.475364],[120.620252,23.475343],[120.620314,23.475288]]]}},{"type":"Feature","properties":{"id":"16fb28c78f0a","name":"嘉義縣番路鄉內甕國民小學","level":"國小","basis":"both","data_ym":"201205"},"geometry":{"type":"Polygon","coordinates":[[[120.524369,23.459262],[120.52438,23.459071],[120.524393,23.45902],[120.524421,23.45894],[120.524493,23.458769],[120.524582,23.45853],[120.524632,23.458366],[120.524718,23.458113],[120.52477,23.457926],[120.524773,23.457895],[120.524769,23.457864],[120.524757,23.457816],[120.524743,23.45778],[120.524714,23.457735],[120.524625,23.457704],[120.524468,23.457691],[120.523254,23.457801],[120.523258,23.457924],[120.523311,23.458346],[120.523341,23.458342],[120.523382,23.458639],[120.523353,23.458642],[120.523406,23.459057],[120.523576,23.459043],[120.523595,23.459179],[120.523853,23.459217],[120.524145,23.459208],[120.524369,23.459262]]]}},{"type":"Feature","properties":{"id":"2b802bb0588a","name":"嘉義縣番路鄉民和國民小學","level":"國小","basis":"both","data_ym":"201608"},"geometry":{"type":"Polygon","coordinates":[[[120.553482,23.464136],[120.55348,23.463904],[120.553605,23.463906],[120.553607,23.463761],[120.55355,23.46376],[120.553549,23.46374],[120.553527,23.463682],[120.553495,23.46368],[120.55349,23.463564],[120.553481,23.463556],[120.553492,23.463241],[120.553508,23.463226],[120.553206,23.462945],[120.55319,23.463005],[120.553138,23.462999],[120.553138,23.463006],[120.553009,23.462995],[120.552988,23.462959],[120.552895,23.463024],[120.552798,23.463098],[120.55254,23.463311],[120.55256,23.463343],[120.552504,23.463379],[120.552414,23.46342],[120.552334,23.463447],[120.552258,23.463465],[120.552166,23.463473],[120.55202,23.463535],[120.552194,23.463904],[120.552429,23.464386],[120.55304,23.464245],[120.553033,23.464235],[120.553378,23.464153],[120.553482,23.464136]]]}},{"type":"Feature","properties":{"id":"c7eb13f8def7","name":"嘉義縣立民和國民中學","level":"國中","basis":"both","data_ym":"201608"},"geometry":{"type":"Polygon","coordinates":[[[120.556637,23.465871],[120.556698,23.465845],[120.556731,23.465817],[120.556822,23.465654],[120.556851,23.465631],[120.556958,23.465587],[120.557064,23.465524],[120.557096,23.465482],[120.557114,23.465443],[120.557126,23.465394],[120.556855,23.465238],[120.556625,23.465284],[120.556083,23.46529],[120.555873,23.465262],[120.555541,23.465087],[120.555277,23.464932],[120.555084,23.464831],[120.555047,23.464828],[120.555044,23.464845],[120.554937,23.464829],[120.554939,23.464813],[120.554927,23.464808],[120.554711,23.464856],[120.554521,23.464854],[120.554527,23.464842],[120.554459,23.464813],[120.554291,23.465163],[120.554298,23.465167],[120.554095,23.465522],[120.554146,23.465569],[120.554036,23.465706],[120.554056,23.465784],[120.554087,23.465836],[120.554114,23.46586],[120.554186,23.465891],[120.554648,23.465961],[120.554906,23.465995],[120.554952,23.465935],[120.554988,23.465909],[120.555117,23.465862],[120.555153,23.465862],[120.555394,23.465918],[120.555502,23.466071],[120.555552,23.466083],[120.555608,23.466114],[120.555798,23.466103],[120.555959,23.46608],[120.556385,23.465973],[120.556393,23.465891],[120.556408,23.465886],[120.556589,23.465878],[120.556637,23.465871]]]}},{"type":"Feature","properties":{"id":"de053f7e52b3","name":"嘉義縣立民和國民中學慈輝分校","level":"大專","basis":"branch","data_ym":"202207"},"geometry":{"type":"Polygon","coordinates":[[[120.545918,23.467768],[120.545475,23.467313],[120.545326,23.467427],[120.545629,23.467756],[120.545715,23.467835],[120.545709,23.467843],[120.545735,23.467871],[120.545918,23.467768]]]}},{"type":"Feature","properties":{"id":"dc7bbeed3dc3","name":"嘉義縣立中埔國民中學","level":"國中","basis":"both","data_ym":"202207"},"geometry":{"type":"Polygon","coordinates":[[[120.521944,23.423891],[120.521993,23.423729],[120.521962,23.423697],[120.521921,23.423668],[120.521892,23.423634],[120.52188,23.423627],[120.521739,23.423639],[120.521667,23.423709],[120.521609,23.423739],[120.521552,23.423756],[120.521502,23.423758],[120.521459,23.423749],[120.521414,23.423718],[120.521389,23.423676],[120.521324,23.423544],[120.521283,23.423496],[120.521254,23.423472],[120.521211,23.423445],[120.521138,23.423414],[120.521027,23.42338],[120.520971,23.423371],[120.520869,23.423374],[120.52066,23.423412],[120.520382,23.423493],[120.520275,23.423517],[120.520042,23.423788],[120.520028,23.423798],[120.519719,23.423798],[120.519633,23.423819],[120.519515,23.423881],[120.519388,23.42393],[120.519345,23.423939],[120.519293,23.423943],[120.519296,23.424513],[120.519265,23.424577],[120.519247,23.424665],[120.519256,23.424715],[120.519282,23.424738],[120.519337,23.424739],[120.519348,23.42477],[120.519124,23.424868],[120.519225,23.42521],[120.519255,23.425291],[120.519303,23.425337],[120.519508,23.425187],[120.519684,23.425078],[120.519811,23.425009],[120.520176,23.42488],[120.520272,23.424855],[120.520508,23.424805],[120.520668,23.424786],[120.521564,23.424713],[120.521752,23.424707],[120.521801,23.424678],[120.521939,23.424265],[120.522062,23.423928],[120.521944,23.423891]]]}},{"type":"Feature","properties":{"id":"72b0b59910ec","name":"嘉義縣中埔鄉大有國民小學","level":"國小","basis":"both","data_ym":"201205"},"geometry":{"type":"Polygon","coordinates":[[[120.513209,23.429848],[120.513366,23.428898],[120.513086,23.428867],[120.513082,23.428583],[120.512607,23.428597],[120.512588,23.428608],[120.512263,23.428851],[120.512256,23.428869],[120.512275,23.429033],[120.512312,23.429092],[120.512701,23.429622],[120.512718,23.429638],[120.512732,23.429645],[120.512865,23.429639],[120.512887,23.429642],[120.513209,23.429848]]]}},{"type":"Feature","properties":{"id":"ace68a11d159","name":"嘉義縣番路鄉黎明國民小學","level":"國小","basis":"both","data_ym":"201608"},"geometry":{"type":"Polygon","coordinates":[[[120.605015,23.438853],[120.605075,23.438853],[120.605079,23.438893],[120.605177,23.438889],[120.605193,23.438926],[120.605195,23.438908],[120.605182,23.438878],[120.605126,23.438777],[120.60504,23.438642],[120.604838,23.438347],[120.604739,23.438238],[120.604313,23.438417],[120.604309,23.438397],[120.604139,23.438426],[120.604151,23.438503],[120.604089,23.438522],[120.604094,23.438581],[120.604027,23.438604],[120.60391,23.438624],[120.603848,23.438618],[120.603728,23.438632],[120.603752,23.438843],[120.603748,23.438971],[120.603892,23.438999],[120.603892,23.438991],[120.603963,23.438974],[120.604215,23.438965],[120.604679,23.438917],[120.60476,23.438887],[120.604815,23.438882],[120.604825,23.438872],[120.605015,23.438853]]]}},{"type":"Feature","properties":{"id":"6565d3bc58df","name":"嘉義縣中埔鄉同仁國民小學","level":"國小","basis":"both","data_ym":"201702"},"geometry":{"type":"Polygon","coordinates":[[[120.511967,23.404357],[120.512261,23.404157],[120.512418,23.404293],[120.512465,23.404262],[120.512755,23.403826],[120.512975,23.403631],[120.512993,23.403606],[120.513013,23.403551],[120.513,23.403424],[120.512923,23.402994],[120.5129,23.402953],[120.51287,23.402923],[120.51268,23.402847],[120.512574,23.402858],[120.512515,23.402848],[120.512442,23.402807],[120.512277,23.4027],[120.512126,23.402686],[120.512097,23.402778],[120.511922,23.402809],[120.511386,23.402885],[120.511358,23.403305],[120.51137,23.403499],[120.511416,23.403666],[120.511461,23.403758],[120.511534,23.403874],[120.511667,23.404033],[120.511967,23.404357]]]}},{"type":"Feature","properties":{"id":"c7cad5ebe9b5","name":"嘉義縣中埔鄉中埔國民小學","level":"國小","basis":"both","data_ym":"202008"},"geometry":{"type":"Polygon","coordinates":[[[120.524789,23.423442],[120.524773,23.423152],[120.524769,23.422936],[120.52506,23.42174],[120.525052,23.421708],[120.525063,23.42158],[120.525072,23.421552],[120.525084,23.421539],[120.525121,23.421347],[120.52372,23.421147],[120.523686,23.421244],[120.523657,23.421477],[120.523551,23.422121],[120.523497,23.422525],[120.523411,23.42312],[120.523395,23.423149],[120.523385,23.423192],[120.52363,23.42329],[120.523734,23.423317],[120.52381,23.423334],[120.523815,23.423315],[120.524631,23.423486],[120.524681,23.423489],[120.524785,23.423457],[120.524789,23.423442]]]}},{"type":"Feature","properties":{"id":"11e322253855","name":"嘉義縣中埔鄉中山國民小學","level":"國小","basis":"both","data_ym":"201608"},"geometry":{"type":"Polygon","coordinates":[[[120.548492,23.41303],[120.548773,23.413025],[120.548785,23.41303],[120.548965,23.412972],[120.548966,23.412855],[120.548956,23.412798],[120.54892,23.412721],[120.548861,23.412632],[120.54882,23.41258],[120.548761,23.412518],[120.549018,23.411936],[120.549053,23.411817],[120.548469,23.411517],[120.548289,23.41182],[120.54831,23.411842],[120.548311,23.411854],[120.548275,23.411922],[120.548257,23.411924],[120.54823,23.411913],[120.548117,23.412103],[120.548184,23.41214],[120.548077,23.412274],[120.548,23.4123],[120.547941,23.412402],[120.547997,23.412409],[120.547997,23.412452],[120.548131,23.412531],[120.548161,23.412562],[120.548168,23.412576],[120.548176,23.412603],[120.548177,23.412629],[120.548172,23.412775],[120.548174,23.413019],[120.548179,23.413038],[120.548187,23.413044],[120.548211,23.41305],[120.548398,23.413062],[120.548413,23.413061],[120.548492,23.41303]]]}},{"type":"Feature","properties":{"id":"34c57741b300","name":"嘉義縣中埔鄉沄水國民小學","level":"國小","basis":"both","data_ym":"201205"},"geometry":{"type":"Polygon","coordinates":[[[120.530809,23.381338],[120.530778,23.381185],[120.530385,23.381244],[120.530337,23.381197],[120.530324,23.38119],[120.53029,23.381252],[120.530171,23.381434],[120.530124,23.381488],[120.530054,23.381556],[120.529827,23.381761],[120.529562,23.381969],[120.529842,23.382188],[120.529932,23.382248],[120.530057,23.382308],[120.530125,23.382326],[120.530188,23.382329],[120.530691,23.382178],[120.530646,23.382065],[120.531054,23.381959],[120.531058,23.381838],[120.531035,23.381808],[120.530996,23.381783],[120.530959,23.381778],[120.530809,23.381338]]]}},{"type":"Feature","properties":{"id":"126978107788","name":"嘉義縣梅山鄉梅北國民小學","level":"國小","basis":"both","data_ym":"202209"},"geometry":{"type":"Polygon","coordinates":[[[120.552118,23.58733],[120.551875,23.586762],[120.550571,23.587409],[120.550742,23.587765],[120.551004,23.588432],[120.551595,23.588201],[120.551588,23.588184],[120.552362,23.587885],[120.552203,23.58752],[120.552161,23.587507],[120.552104,23.587362],[120.552118,23.58733]]]}},{"type":"Feature","properties":{"id":"5605455036de","name":"嘉義縣立梅山國民中學","level":"國中","basis":"both","data_ym":"202207"},"geometry":{"type":"Polygon","coordinates":[[[120.561155,23.587505],[120.561567,23.587309],[120.561653,23.58731],[120.561744,23.587275],[120.561898,23.587297],[120.561893,23.587204],[120.562097,23.587154],[120.562169,23.587149],[120.562223,23.58714],[120.562291,23.587121],[120.562362,23.587115],[120.562417,23.587125],[120.562491,23.587153],[120.562563,23.587158],[120.562302,23.586666],[120.561735,23.585982],[120.561553,23.585983],[120.560563,23.586539],[120.560369,23.586783],[120.560376,23.586808],[120.560292,23.586901],[120.560244,23.586903],[120.559961,23.587157],[120.560195,23.587433],[120.560557,23.587401],[120.560918,23.587531],[120.561155,23.587505]]]}},{"type":"Feature","properties":{"id":"b0b40c7d982b","name":"嘉義縣梅山鄉梅圳國民小學","level":"國小","basis":"both","data_ym":"201608"},"geometry":{"type":"Polygon","coordinates":[[[120.590666,23.577244],[120.590361,23.576707],[120.590195,23.576718],[120.590067,23.576733],[120.589983,23.576751],[120.590196,23.57712],[120.58984,23.577301],[120.589922,23.577458],[120.59017,23.577543],[120.59037,23.577447],[120.590345,23.577397],[120.590666,23.577244]]]}},{"type":"Feature","properties":{"id":"8be23ca05117","name":"嘉義縣梅山鄉大南國民小學","level":"國小","basis":"both","data_ym":"201205"},"geometry":{"type":"Polygon","coordinates":[[[120.554865,23.558932],[120.555142,23.55849],[120.555211,23.558372],[120.555409,23.558008],[120.555408,23.557993],[120.555397,23.557977],[120.555176,23.557821],[120.554796,23.557593],[120.554693,23.557738],[120.55455,23.55765],[120.554339,23.557785],[120.554126,23.557795],[120.553963,23.557755],[120.553675,23.557889],[120.553771,23.558144],[120.553811,23.558162],[120.553839,23.558198],[120.554081,23.558427],[120.554101,23.558444],[120.554731,23.55888],[120.55475,23.558858],[120.554865,23.558932]]]}},{"type":"Feature","properties":{"id":"7db438b27e76","name":"嘉義縣梅山鄉大南國民小學安靖分校","level":"大專","basis":"branch","data_ym":"201608"},"geometry":{"type":"Polygon","coordinates":[[[120.577447,23.553273],[120.577563,23.553099],[120.577676,23.553166],[120.577741,23.553129],[120.577594,23.552893],[120.577466,23.552953],[120.57715,23.552762],[120.577059,23.552719],[120.577001,23.552749],[120.576969,23.552783],[120.576939,23.552832],[120.57689,23.552929],[120.5768,23.553077],[120.576758,23.553138],[120.576729,23.553166],[120.576784,23.553253],[120.576998,23.553388],[120.576994,23.553449],[120.577085,23.553496],[120.577061,23.553563],[120.577068,23.553662],[120.5771,23.553675],[120.57717,23.553635],[120.577258,23.553571],[120.577447,23.553273]]]}},{"type":"Feature","properties":{"id":"a126f91667c1","name":"嘉義縣梅山鄉太平國民小學","level":"國小","basis":"both","data_ym":"201205"},"geometry":{"type":"Polygon","coordinates":[[[120.607074,23.561146],[120.607065,23.561129],[120.607047,23.561112],[120.6069,23.560993],[120.606764,23.561078],[120.606687,23.56112],[120.606629,23.561138],[120.606586,23.56114],[120.606532,23.561131],[120.606108,23.560993],[120.606004,23.560966],[120.605977,23.560963],[120.60592,23.560965],[120.60577,23.560986],[120.605772,23.560994],[120.605736,23.561135],[120.605675,23.561257],[120.60564,23.561294],[120.605953,23.561449],[120.606201,23.561596],[120.606323,23.561673],[120.60678,23.561842],[120.606776,23.561805],[120.606785,23.561764],[120.606849,23.561636],[120.606987,23.561323],[120.607071,23.561166],[120.607074,23.561146]]]}},{"type":"Feature","properties":{"id":"0cadd13fa24f","name":"嘉義縣竹崎鄉沙坑國民小學","level":"國小","basis":"both","data_ym":"201205"},"geometry":{"type":"Polygon","coordinates":[[[120.520821,23.530524],[120.520687,23.530197],[120.520614,23.530201],[120.520609,23.530149],[120.520211,23.530174],[120.520211,23.530154],[120.520141,23.530157],[120.520183,23.530481],[120.5202,23.530704],[120.520211,23.530793],[120.520243,23.530951],[120.520291,23.531138],[120.520304,23.53114],[120.520576,23.531071],[120.520734,23.531021],[120.520714,23.530745],[120.520727,23.530735],[120.520774,23.530719],[120.520853,23.530662],[120.520884,23.530646],[120.520821,23.530524]]]}},{"type":"Feature","properties":{"id":"c48f2ea9bb1d","name":"嘉義縣梅山鄉太興國民小學","level":"國小","basis":"both","data_ym":"201702"},"geometry":{"type":"Polygon","coordinates":[[[120.634678,23.542193],[120.634682,23.542173],[120.634595,23.542166],[120.63458,23.542192],[120.634516,23.54218],[120.634315,23.542129],[120.634117,23.542066],[120.634023,23.542008],[120.633934,23.542034],[120.633874,23.54202],[120.633842,23.542112],[120.633777,23.542328],[120.633676,23.542744],[120.633917,23.542806],[120.633875,23.542938],[120.633919,23.542961],[120.634024,23.543032],[120.63407,23.543036],[120.634083,23.543031],[120.6342,23.542961],[120.634218,23.542943],[120.634262,23.542873],[120.634296,23.54278],[120.63436,23.542671],[120.63453,23.542421],[120.6346,23.542329],[120.634658,23.542237],[120.634678,23.542193]]]}},{"type":"Feature","properties":{"id":"50905032ba26","name":"嘉義縣竹崎鄉鹿滿國民小學","level":"國小","basis":"both","data_ym":"201808"},"geometry":{"type":"Polygon","coordinates":[[[120.535242,23.498245],[120.535264,23.498195],[120.53572,23.498352],[120.535842,23.498381],[120.535981,23.498409],[120.535999,23.498332],[120.536064,23.497935],[120.536081,23.497869],[120.535231,23.497581],[120.535019,23.497565],[120.534815,23.497701],[120.534633,23.498048],[120.534478,23.498211],[120.534372,23.498233],[120.534021,23.498052],[120.533932,23.498152],[120.533802,23.498223],[120.533645,23.49835],[120.534648,23.499338],[120.534636,23.499358],[120.534691,23.499388],[120.535115,23.498695],[120.535334,23.498305],[120.535219,23.498259],[120.535242,23.498245]]]}},{"type":"Feature","properties":{"id":"97b12b88bae2","name":"嘉義縣竹崎鄉龍山國民小學","level":"國小","basis":"both","data_ym":"201608"},"geometry":{"type":"Polygon","coordinates":[[[120.592006,23.518419],[120.59207,23.518305],[120.591899,23.518217],[120.59122,23.517888],[120.591159,23.517996],[120.591,23.517928],[120.590992,23.517957],[120.590989,23.517984],[120.590973,23.518039],[120.590968,23.518039],[120.590954,23.51811],[120.590927,23.518119],[120.590831,23.518399],[120.590962,23.518381],[120.59102,23.518383],[120.591038,23.518387],[120.591688,23.518677],[120.591837,23.518582],[120.592006,23.518419]]]}},{"type":"Feature","properties":{"id":"5cec2805e4c4","name":"嘉義縣梅山鄉仁和國民小學","level":"國小","basis":"both","data_ym":"201205"},"geometry":{"type":"Polygon","coordinates":[[[120.724396,23.55555],[120.724376,23.555467],[120.724313,23.555546],[120.72377,23.556179],[120.723824,23.556238],[120.724091,23.556373],[120.724107,23.556356],[120.724221,23.55634],[120.724497,23.556034],[120.724505,23.555997],[120.724386,23.555864],[120.724378,23.555844],[120.724334,23.555803],[120.724403,23.555752],[120.724445,23.55571],[120.72447,23.555672],[120.724472,23.555653],[120.724464,23.555598],[120.724426,23.555567],[120.724396,23.55555]]]}},{"type":"Feature","properties":{"id":"41779d1b981a","name":"嘉義縣梅山鄉太和國民小學1","level":"國小","basis":"name","data_ym":"201707"},"geometry":{"type":"Polygon","coordinates":[[[120.720507,23.533261],[120.720521,23.533242],[120.720539,23.533254],[120.720566,23.533237],[120.720599,23.533075],[120.720623,23.533074],[120.720629,23.532969],[120.720585,23.532963],[120.720539,23.532788],[120.720273,23.532831],[120.72019,23.532774],[120.720038,23.532775],[120.720048,23.53301],[120.720236,23.532991],[120.720282,23.533268],[120.720513,23.533269],[120.720516,23.533267],[120.720507,23.533261]]]}},{"type":"Feature","properties":{"id":"83191a6fab59","name":"嘉義縣梅山鄉瑞峰國民小學","level":"國小","basis":"both","data_ym":"201205"},"geometry":{"type":"Polygon","coordinates":[[[120.668834,23.555513],[120.668824,23.555499],[120.668794,23.555529],[120.668768,23.555549],[120.668681,23.555589],[120.668478,23.555797],[120.668328,23.555927],[120.668426,23.556084],[120.668513,23.556252],[120.668642,23.556268],[120.668657,23.556283],[120.66866,23.556317],[120.668627,23.556416],[120.668729,23.55644],[120.668806,23.556467],[120.668918,23.556521],[120.669136,23.556362],[120.669212,23.556313],[120.669195,23.556263],[120.669056,23.555984],[120.668868,23.555674],[120.668831,23.555585],[120.668834,23.555513]]]}},{"type":"Feature","properties":{"id":"984ee4946c50","name":"嘉義縣梅山鄉瑞里國民小學","level":"國小","basis":"both","data_ym":"202207"},"geometry":{"type":"Polygon","coordinates":[[[120.665322,23.540072],[120.665782,23.540061],[120.665929,23.540065],[120.665952,23.540035],[120.665884,23.539818],[120.665879,23.539788],[120.665874,23.539788],[120.665862,23.53975],[120.665853,23.539652],[120.665844,23.539635],[120.665722,23.539539],[120.665602,23.539452],[120.665526,23.53938],[120.665508,23.539367],[120.665459,23.539359],[120.665152,23.539342],[120.664853,23.539397],[120.664834,23.539407],[120.664864,23.53964],[120.664845,23.539644],[120.664852,23.53967],[120.66465,23.539707],[120.664696,23.539868],[120.664729,23.539944],[120.664769,23.540003],[120.664803,23.540033],[120.664836,23.540054],[120.664881,23.540067],[120.664912,23.540071],[120.665322,23.540072]]]}},{"type":"Feature","properties":{"id":"a08c21a37e82","name":"嘉義縣竹崎鄉光華國民小學","level":"國小","basis":"both","data_ym":"201507"},"geometry":{"type":"Polygon","coordinates":[[[120.670204,23.473007],[120.670288,23.472885],[120.670337,23.472907],[120.670381,23.472833],[120.670492,23.472889],[120.670524,23.472835],[120.67054,23.472843],[120.670581,23.472774],[120.670708,23.472586],[120.670148,23.472239],[120.670096,23.472262],[120.670071,23.47228],[120.670043,23.472311],[120.670047,23.472352],[120.670039,23.47244],[120.670021,23.472511],[120.669933,23.472682],[120.669916,23.472736],[120.669918,23.472761],[120.669951,23.472818],[120.669958,23.472888],[120.66997,23.472924],[120.670029,23.472919],[120.670204,23.473007]]]}},{"type":"Feature","properties":{"id":"10d5f419217d","name":"嘉義縣阿里山鄉來吉國民小學","level":"國小","basis":"both","data_ym":"201205"},"geometry":{"type":"Polygon","coordinates":[[[120.739909,23.529207],[120.739817,23.529164],[120.739637,23.529461],[120.739527,23.529611],[120.739685,23.529695],[120.739934,23.529739],[120.740035,23.52999],[120.740116,23.529886],[120.740208,23.52978],[120.740233,23.529678],[120.739979,23.529624],[120.740028,23.529329],[120.739909,23.529207]]]}},{"type":"Feature","properties":{"id":"58e3fbe30633","name":"嘉義縣阿里山鄉新美國民小學","level":"國小","basis":"both","data_ym":"202008"},"geometry":{"type":"Polygon","coordinates":[[[120.682618,23.337149],[120.682525,23.337146],[120.68245,23.337287],[120.682769,23.337709],[120.682814,23.337986],[120.682861,23.338124],[120.682905,23.338228],[120.683304,23.338162],[120.683506,23.338132],[120.683506,23.337808],[120.683512,23.337659],[120.683283,23.337534],[120.68305,23.337438],[120.682981,23.337389],[120.683005,23.337354],[120.682942,23.337303],[120.682874,23.337261],[120.682723,23.337181],[120.682663,23.337156],[120.682618,23.337149]]]}},{"type":"Feature","properties":{"id":"4f464b9bf18e","name":"嘉義縣阿里山鄉茶山國民小學","level":"國小","basis":"both","data_ym":"201707"},"geometry":{"type":"Polygon","coordinates":[[[120.666669,23.299864],[120.66651,23.299748],[120.666373,23.299935],[120.666379,23.299971],[120.666375,23.300223],[120.666386,23.300463],[120.666395,23.300571],[120.666391,23.300637],[120.666756,23.300728],[120.66704,23.30008],[120.667032,23.300031],[120.666669,23.299864]]]}},{"type":"Feature","properties":{"id":"d05e57301b33","name":"嘉義縣阿里山鄉達邦國民小學","level":"國小","basis":"both","data_ym":"201205"},"geometry":{"type":"Polygon","coordinates":[[[120.750224,23.45365],[120.749679,23.45317],[120.749624,23.453223],[120.749296,23.452916],[120.748859,23.453345],[120.74885,23.45338],[120.748858,23.453411],[120.748874,23.453436],[120.748983,23.453525],[120.74903,23.453551],[120.749086,23.453565],[120.749495,23.453632],[120.749566,23.453636],[120.749804,23.453625],[120.749878,23.453627],[120.749946,23.45364],[120.750002,23.45366],[120.750062,23.453695],[120.750135,23.453752],[120.750146,23.453768],[120.750224,23.45365]]]}},{"type":"Feature","properties":{"id":"5301df05e977","name":"嘉義縣阿里山鄉達邦國民小學里佳分校","level":"大專","basis":"branch","data_ym":"202207"},"geometry":{"type":"Polygon","coordinates":[[[120.720626,23.40553],[120.720579,23.405385],[120.720348,23.405408],[120.720294,23.405347],[120.719797,23.405365],[120.719806,23.405475],[120.719891,23.405708],[120.719959,23.405713],[120.719979,23.405828],[120.72007,23.405861],[120.720403,23.405831],[120.720405,23.405683],[120.72043,23.405681],[120.720434,23.405541],[120.720626,23.40553]]]}},{"type":"Feature","properties":{"id":"5d0a95c7f61b","name":"嘉義縣阿里山鄉香林國民小學","level":"國小","basis":"both","data_ym":"201808"},"geometry":{"type":"Polygon","coordinates":[[[120.808961,23.516668],[120.80899,23.516592],[120.808988,23.516505],[120.808961,23.516462],[120.809002,23.516243],[120.809022,23.516174],[120.808932,23.51604],[120.808802,23.515796],[120.808795,23.515789],[120.808779,23.515788],[120.808484,23.515984],[120.808212,23.516175],[120.808172,23.516217],[120.808158,23.51625],[120.808141,23.516312],[120.808143,23.516345],[120.808169,23.516378],[120.808165,23.516394],[120.808269,23.516481],[120.808315,23.516542],[120.808285,23.51655],[120.808306,23.516671],[120.808536,23.516649],[120.808685,23.516674],[120.808961,23.516668]]]}}]}