{"type":"FeatureCollection","county":"宜蘭縣","features":[{"type":"Feature","properties":{"id":"f82a9c84b3d1","name":"佛光大學","level":"大專","basis":"both","data_ym":"202407"},"geometry":{"type":"Polygon","coordinates":[[[121.732538,24.818052],[121.732632,24.818013],[121.732638,24.81805],[121.732653,24.818068],[121.732682,24.818077],[121.732712,24.818215],[121.732907,24.818047],[121.732973,24.817906],[121.733019,24.817629],[121.733019,24.817575],[121.733011,24.81753],[121.732976,24.817467],[121.732921,24.817409],[121.732751,24.817277],[121.732694,24.817238],[121.732675,24.817213],[121.732677,24.817195],[121.732692,24.817175],[121.732726,24.817169],[121.732803,24.817186],[121.732913,24.817196],[121.733021,24.817197],[121.733059,24.817196],[121.73319,24.817176],[121.733277,24.81717],[121.733378,24.817175],[121.733557,24.817247],[121.733583,24.817251],[121.733757,24.817804],[121.734003,24.817597],[121.734022,24.81747],[121.733978,24.817331],[121.733954,24.817294],[121.733912,24.817266],[121.733757,24.817199],[121.733682,24.81715],[121.733575,24.817047],[121.733461,24.816948],[121.733346,24.816876],[121.733059,24.816731],[121.732978,24.816686],[121.732958,24.816658],[121.732952,24.816626],[121.732956,24.816603],[121.732974,24.816582],[121.733001,24.816571],[121.733033,24.816565],[121.733059,24.816567],[121.733092,24.816576],[121.733407,24.816715],[121.733533,24.816765],[121.733816,24.816856],[121.734002,24.816924],[121.73409,24.816939],[121.734177,24.81694],[121.734287,24.816931],[121.734171,24.816888],[121.734105,24.816888],[121.734044,24.81688],[121.733767,24.816768],[121.733561,24.816701],[121.733439,24.816653],[121.733266,24.816576],[121.733059,24.81651],[121.732982,24.816503],[121.732932,24.816509],[121.732885,24.81653],[121.732862,24.81656],[121.732854,24.816579],[121.73285,24.816602],[121.732852,24.816632],[121.732875,24.81669],[121.732911,24.816724],[121.733135,24.816828],[121.733315,24.816922],[121.733423,24.81699],[121.733592,24.817136],[121.7336,24.81715],[121.733601,24.817171],[121.733598,24.81718],[121.733589,24.81719],[121.733573,24.817197],[121.733409,24.817137],[121.73338,24.817134],[121.733184,24.817141],[121.73302,24.817158],[121.732923,24.817157],[121.732838,24.817149],[121.732681,24.817108],[121.732649,24.817104],[121.732609,24.817104],[121.732579,24.81712],[121.732566,24.817146],[121.732566,24.817178],[121.732586,24.81721],[121.732695,24.817306],[121.732848,24.817421],[121.732904,24.81747],[121.732933,24.817513],[121.732951,24.817555],[121.732958,24.817622],[121.732939,24.817748],[121.732904,24.817826],[121.732845,24.817915],[121.73273,24.818056],[121.732722,24.818005],[121.732661,24.81777],[121.732413,24.817438],[121.73184,24.817234],[121.731793,24.817201],[121.731768,24.817198],[121.731741,24.817212],[121.731702,24.817262],[121.73168,24.817276],[121.731543,24.817275],[121.731395,24.817258],[121.731316,24.817245],[121.731212,24.817213],[121.731068,24.817151],[121.731011,24.81711],[121.730967,24.817052],[121.730954,24.81702],[121.730941,24.816967],[121.730924,24.816758],[121.731192,24.816439],[121.7311,24.816203],[121.731131,24.815955],[121.73112,24.815386],[121.731225,24.815231],[121.731239,24.815194],[121.731228,24.814826],[121.730921,24.814829],[121.730923,24.814935],[121.730756,24.814941],[121.730759,24.815147],[121.73068,24.815148],[121.730589,24.815172],[121.73038,24.815244],[121.730335,24.815041],[121.730318,24.815027],[121.730185,24.814971],[121.730059,24.814924],[121.729619,24.814824],[121.729555,24.814818],[121.729401,24.81482],[121.729226,24.81481],[121.728743,24.814931],[121.728583,24.814918],[121.728306,24.814936],[121.728248,24.814932],[121.728213,24.814914],[121.728178,24.814886],[121.728115,24.814814],[121.728087,24.814751],[121.728006,24.814499],[121.727971,24.814447],[121.727898,24.814366],[121.727768,24.814082],[121.727757,24.814054],[121.727741,24.813965],[121.727614,24.813675],[121.727611,24.813645],[121.727629,24.813555],[121.727626,24.813424],[121.727571,24.813208],[121.727522,24.813116],[121.727363,24.812995],[121.727309,24.812957],[121.727285,24.812946],[121.727258,24.812935],[121.727173,24.812916],[121.72712,24.812909],[121.727038,24.812909],[121.726914,24.812926],[121.72686,24.812943],[121.726807,24.812973],[121.726781,24.812993],[121.726607,24.813227],[121.726503,24.813471],[121.726434,24.813459],[121.726422,24.813533],[121.726481,24.814373],[121.726511,24.814565],[121.726565,24.814684],[121.726691,24.814826],[121.726807,24.81492],[121.726922,24.815052],[121.726967,24.815132],[121.726808,24.815531],[121.726684,24.815667],[121.726638,24.815698],[121.726558,24.815729],[121.726445,24.815759],[121.726298,24.815706],[121.726345,24.815343],[121.726365,24.815309],[121.726375,24.815281],[121.726378,24.815255],[121.726367,24.815233],[121.726351,24.815223],[121.726315,24.815222],[121.725803,24.815104],[121.725766,24.815082],[121.725686,24.814984],[121.725657,24.814971],[121.725312,24.814936],[121.725276,24.814925],[121.725214,24.814894],[121.725126,24.814806],[121.725027,24.814695],[121.724997,24.814627],[121.72498,24.814577],[121.724973,24.81453],[121.724974,24.814494],[121.724997,24.814447],[121.725063,24.814364],[121.72513,24.814312],[121.725229,24.814264],[121.725261,24.814242],[121.725296,24.814057],[121.725117,24.813979],[121.725032,24.813926],[121.724953,24.813842],[121.724915,24.813825],[121.724795,24.813847],[121.724734,24.813837],[121.724131,24.813536],[121.724048,24.813531],[121.723936,24.813534],[121.723769,24.813558],[121.723712,24.813589],[121.723629,24.813666],[121.72355,24.813725],[121.723446,24.813813],[121.723364,24.81393],[121.723327,24.814],[121.723258,24.814158],[121.723249,24.814415],[121.723054,24.814439],[121.722925,24.814637],[121.722877,24.814774],[121.722901,24.814945],[121.722822,24.814993],[121.72293,24.815099],[121.722837,24.815246],[121.722778,24.815299],[121.722596,24.815373],[121.721762,24.815673],[121.721665,24.8156],[121.72103,24.815802],[121.721391,24.816909],[121.721705,24.816842],[121.721858,24.816848],[121.722084,24.817024],[121.722722,24.817307],[121.722843,24.81738],[121.722795,24.817424],[121.722642,24.817513],[121.72253,24.817573],[121.722369,24.817687],[121.722287,24.817774],[121.72224,24.817927],[121.722238,24.817954],[121.722259,24.818006],[121.72243,24.818176],[121.722488,24.818297],[121.722537,24.818382],[121.722564,24.81841],[121.722625,24.818421],[121.722725,24.818424],[121.722758,24.81841],[121.722839,24.818361],[121.72278,24.818168],[121.722791,24.818079],[121.722787,24.818067],[121.722752,24.818028],[121.722745,24.818011],[121.722759,24.817981],[121.722769,24.817974],[121.722786,24.817972],[121.722812,24.81798],[121.72284,24.818002],[121.722916,24.818085],[121.72294,24.8181],[121.722982,24.818118],[121.723098,24.818146],[121.723149,24.818164],[121.723265,24.818234],[121.723724,24.818074],[121.72365,24.817788],[121.723721,24.817648],[121.72401,24.817537],[121.724363,24.8173],[121.724323,24.817043],[121.724492,24.816633],[121.724686,24.816623],[121.724976,24.8166],[121.725205,24.816598],[121.725971,24.816822],[121.726236,24.816762],[121.726478,24.816302],[121.726757,24.816621],[121.726933,24.816747],[121.727126,24.816702],[121.727216,24.816569],[121.727783,24.816401],[121.728072,24.816344],[121.728333,24.816547],[121.728575,24.816628],[121.728846,24.816539],[121.728961,24.816643],[121.729185,24.816703],[121.729914,24.816407],[121.730049,24.816759],[121.730105,24.816947],[121.730034,24.817105],[121.730026,24.81725],[121.730194,24.817393],[121.730617,24.81766],[121.730838,24.817564],[121.730756,24.817382],[121.730383,24.817227],[121.730306,24.817186],[121.730328,24.817099],[121.730336,24.816859],[121.73035,24.816756],[121.730071,24.816262],[121.730183,24.816158],[121.730345,24.81662],[121.730603,24.817064],[121.730741,24.8172],[121.730915,24.817308],[121.731256,24.817434],[121.731297,24.817465],[121.731428,24.817549],[121.731406,24.817681],[121.731348,24.817809],[121.731338,24.818401],[121.731615,24.818507],[121.73175,24.818513],[121.731977,24.818672],[121.732116,24.818511],[121.732285,24.818459],[121.732359,24.818411],[121.732467,24.818386],[121.7326,24.818316],[121.732538,24.818052]]]}},{"type":"Feature","properties":{"id":"0f810ec5a0e8","name":"佛光大學宜蘭城區部","level":"其他","basis":"none","data_ym":"202508"},"geometry":{"type":"Polygon","coordinates":[[[121.753965,24.762463],[121.753792,24.762009],[121.753671,24.762044],[121.753425,24.762123],[121.753598,24.762631],[121.753633,24.762642],[121.753831,24.76258],[121.753811,24.762513],[121.753965,24.762463]]]}},{"type":"Feature","properties":{"id":"fb1a9c066d4b","name":"宜蘭縣三星鄉三星國民小學","level":"國小","basis":"both","data_ym":"202206"},"geometry":{"type":"Polygon","coordinates":[[[121.650555,24.667346],[121.650887,24.667327],[121.651131,24.66734],[121.651179,24.667337],[121.651203,24.667329],[121.651346,24.666251],[121.651357,24.666128],[121.65135,24.666081],[121.651341,24.666063],[121.65092,24.666002],[121.650376,24.665933],[121.650315,24.666223],[121.65015,24.666199],[121.650088,24.666461],[121.649902,24.666385],[121.649909,24.66634],[121.649651,24.666291],[121.649647,24.666301],[121.649633,24.666298],[121.649585,24.666515],[121.64987,24.666553],[121.649875,24.666562],[121.64983,24.666931],[121.649968,24.666947],[121.649994,24.666961],[121.649979,24.667071],[121.650052,24.667079],[121.650041,24.667164],[121.650106,24.667181],[121.650082,24.667329],[121.650139,24.667335],[121.650328,24.667367],[121.650555,24.667346]]]}},{"type":"Feature","properties":{"id":"0e1539b7fd23","name":"宜蘭縣三星鄉大洲國民小學","level":"國小","basis":"both","data_ym":"202206"},"geometry":{"type":"Polygon","coordinates":[[[121.727855,24.693258],[121.728068,24.6931],[121.728098,24.693123],[121.728189,24.69305],[121.72833,24.693163],[121.728677,24.692833],[121.728709,24.692798],[121.728706,24.692776],[121.728694,24.69274],[121.728677,24.692711],[121.728588,24.692579],[121.72843,24.692364],[121.728385,24.692294],[121.728309,24.692214],[121.728193,24.692115],[121.727973,24.691952],[121.727779,24.692113],[121.727605,24.691932],[121.727579,24.69194],[121.727427,24.691961],[121.72722,24.691976],[121.727071,24.691982],[121.726958,24.691983],[121.726748,24.691964],[121.72682,24.692122],[121.726911,24.692441],[121.727128,24.69283],[121.727227,24.692987],[121.727379,24.69317],[121.727471,24.693297],[121.727785,24.693645],[121.72803,24.693435],[121.727855,24.693258]]]}},{"type":"Feature","properties":{"id":"fa16d92b840c","name":"宜蘭縣三星鄉大隱國民小學","level":"國小","basis":"both","data_ym":"202206"},"geometry":{"type":"Polygon","coordinates":[[[121.713582,24.667553],[121.713545,24.667503],[121.71345,24.667504],[121.713373,24.66639],[121.712823,24.666424],[121.712808,24.666489],[121.712579,24.667001],[121.712568,24.667046],[121.712569,24.667157],[121.712603,24.667737],[121.712635,24.668132],[121.712642,24.668147],[121.712668,24.66817],[121.712697,24.66818],[121.712783,24.668179],[121.713481,24.668138],[121.713475,24.667937],[121.713629,24.667935],[121.713634,24.667605],[121.713618,24.667583],[121.713582,24.667553]]]}},{"type":"Feature","properties":{"id":"ce04244f5ae5","name":"宜蘭縣三星鄉萬富國民小學","level":"國小","basis":"both","data_ym":"202406"},"geometry":{"type":"Polygon","coordinates":[[[121.687805,24.679035],[121.687618,24.679024],[121.68759,24.679039],[121.68758,24.679962],[121.688927,24.679966],[121.688935,24.679144],[121.68893,24.679127],[121.687805,24.679035]]]}},{"type":"Feature","properties":{"id":"812bd9aa7acc","name":"宜蘭縣三星鄉憲明國民小學","level":"國小","basis":"both","data_ym":"201901"},"geometry":{"type":"Polygon","coordinates":[[[121.61855,24.661593],[121.618811,24.661596],[121.618805,24.661414],[121.619064,24.661393],[121.619155,24.661393],[121.619195,24.661133],[121.619224,24.660853],[121.619216,24.660719],[121.619179,24.660352],[121.619165,24.660252],[121.619138,24.660162],[121.619123,24.660146],[121.619062,24.660119],[121.618872,24.660092],[121.618825,24.660094],[121.618713,24.660113],[121.618619,24.660135],[121.618534,24.660163],[121.618443,24.6602],[121.618451,24.660207],[121.618517,24.660322],[121.618306,24.660403],[121.618156,24.660469],[121.617882,24.660713],[121.617986,24.66086],[121.618117,24.661078],[121.618179,24.661216],[121.618214,24.661316],[121.618244,24.661498],[121.618252,24.6616],[121.618506,24.661602],[121.61855,24.661593]]]}},{"type":"Feature","properties":{"id":"7259fba04334","name":"宜蘭縣三星鄉憲明國民小學1","level":"國小","basis":"both","data_ym":"201711"},"geometry":{"type":"Polygon","coordinates":[[[121.619345,24.660433],[121.619453,24.660032],[121.619157,24.659913],[121.618865,24.659856],[121.618512,24.660126],[121.618704,24.660078],[121.618821,24.660059],[121.618874,24.660057],[121.619074,24.660085],[121.619147,24.660117],[121.619172,24.660144],[121.619204,24.660246],[121.619218,24.660348],[121.619255,24.660717],[121.619263,24.660854],[121.619253,24.660955],[121.619296,24.660684],[121.619345,24.660433]]]}},{"type":"Feature","properties":{"id":"37fa4e35d13a","name":"宜蘭縣大同鄉大同國民小學","level":"國小","basis":"both","data_ym":"202206"},"geometry":{"type":"Polygon","coordinates":[[[121.60955,24.678062],[121.609442,24.678212],[121.609049,24.678038],[121.609032,24.678059],[121.608818,24.678261],[121.608572,24.678528],[121.609181,24.678952],[121.609373,24.678965],[121.609621,24.678658],[121.609965,24.678302],[121.60955,24.678062]]]}},{"type":"Feature","properties":{"id":"807c1a8c718b","name":"宜蘭縣大同鄉大同國民小學松羅分校","level":"大專","basis":"branch","data_ym":"202206"},"geometry":{"type":"Polygon","coordinates":[[[121.578962,24.656251],[121.578864,24.656015],[121.578875,24.655989],[121.578861,24.65596],[121.578824,24.655972],[121.578714,24.655762],[121.578652,24.655667],[121.578606,24.65554],[121.578368,24.655604],[121.578065,24.656263],[121.57843,24.656189],[121.578488,24.656309],[121.578546,24.656411],[121.578962,24.656251]]]}},{"type":"Feature","properties":{"id":"dfc4d9ad08f9","name":"宜蘭縣大同鄉大同國民小學樂水分校","level":"大專","basis":"branch","data_ym":"202208"},"geometry":{"type":"Polygon","coordinates":[[[121.529876,24.600572],[121.529917,24.600226],[121.529879,24.600222],[121.529841,24.600236],[121.529783,24.600238],[121.529619,24.600204],[121.529411,24.600224],[121.529288,24.600176],[121.529236,24.600139],[121.529164,24.600216],[121.529136,24.600334],[121.52913,24.600602],[121.529261,24.600719],[121.529662,24.600799],[121.529702,24.600673],[121.529876,24.600572]]]}},{"type":"Feature","properties":{"id":"0cca18d762e3","name":"宜蘭縣大同鄉四季國民小學","level":"國小","basis":"both","data_ym":"201901"},"geometry":{"type":"Polygon","coordinates":[[[121.426709,24.488894],[121.426747,24.488884],[121.426807,24.48895],[121.42682,24.488953],[121.426842,24.488947],[121.42686,24.488929],[121.426988,24.488687],[121.426998,24.488653],[121.426682,24.48813],[121.42663,24.488089],[121.426601,24.488082],[121.42658,24.488084],[121.426375,24.48817],[121.426301,24.488047],[121.426169,24.487857],[121.426143,24.487828],[121.426072,24.487789],[121.42601,24.487865],[121.425892,24.488029],[121.425875,24.488066],[121.425864,24.488096],[121.425855,24.488152],[121.425866,24.488221],[121.425889,24.48828],[121.42602,24.488486],[121.426166,24.488695],[121.426236,24.488785],[121.426279,24.488827],[121.426353,24.488885],[121.426707,24.489101],[121.42677,24.489156],[121.426749,24.489058],[121.426693,24.488914],[121.4267,24.4889],[121.426709,24.488894]]]}},{"type":"Feature","properties":{"id":"81d8d8981071","name":"宜蘭縣大同鄉四季國民小學英士分校","level":"大專","basis":"branch","data_ym":"201901"},"geometry":{"type":"Polygon","coordinates":[[[121.525435,24.613134],[121.526246,24.612841],[121.526318,24.61303],[121.526414,24.612999],[121.526376,24.612941],[121.526418,24.612904],[121.526515,24.612714],[121.526584,24.612554],[121.526606,24.61249],[121.526633,24.612269],[121.526672,24.611748],[121.52658,24.611724],[121.525076,24.612418],[121.525275,24.61282],[121.525296,24.612812],[121.525393,24.61302],[121.525435,24.613134]]]}},{"type":"Feature","properties":{"id":"b9e02b599981","name":"宜蘭縣大同鄉四季國民小學茂安分班","level":"其他","basis":"none","data_ym":"202508"},"geometry":{"type":"Polygon","coordinates":[[[121.451106,24.532881],[121.45102,24.532781],[121.451007,24.532784],[121.450753,24.532517],[121.450732,24.532512],[121.450539,24.532631],[121.450517,24.532606],[121.450466,24.532646],[121.450835,24.533073],[121.451106,24.532881]]]}},{"type":"Feature","properties":{"id":"17da2a1bf90c","name":"宜蘭縣大同鄉南山國民小學","level":"國小","basis":"both","data_ym":"202206"},"geometry":{"type":"Polygon","coordinates":[[[121.380079,24.438193],[121.381484,24.437411],[121.381497,24.437403],[121.381048,24.43695],[121.38051,24.437227],[121.379833,24.437605],[121.37978,24.437639],[121.379751,24.437673],[121.379742,24.437695],[121.379745,24.437709],[121.379766,24.437746],[121.379811,24.437736],[121.379861,24.437795],[121.379827,24.437839],[121.380079,24.438193]]]}},{"type":"Feature","properties":{"id":"9964963926ef","name":"宜蘭縣大同鄉寒溪國民小學","level":"國小","basis":"both","data_ym":"201901"},"geometry":{"type":"Polygon","coordinates":[[[121.687832,24.609122],[121.687767,24.609094],[121.687681,24.609082],[121.687599,24.609085],[121.687497,24.609106],[121.687436,24.60911],[121.687065,24.609022],[121.686887,24.60902],[121.686857,24.609021],[121.68678,24.609033],[121.686658,24.609114],[121.686878,24.609379],[121.686999,24.609545],[121.687344,24.609974],[121.688187,24.609329],[121.688062,24.609222],[121.687966,24.60917],[121.687832,24.609122]]]}},{"type":"Feature","properties":{"id":"98b34420eb97","name":"宜蘭縣五結鄉中興國民小學","level":"國小","basis":"both","data_ym":"201901"},"geometry":{"type":"Polygon","coordinates":[[[121.771823,24.692787],[121.772842,24.69278],[121.772828,24.692389],[121.773023,24.692384],[121.773085,24.691566],[121.771812,24.691541],[121.771823,24.692787]]]}},{"type":"Feature","properties":{"id":"31e5460e69b6","name":"宜蘭縣五結鄉五結國民小學","level":"國小","basis":"both","data_ym":"202405"},"geometry":{"type":"Polygon","coordinates":[[[121.800015,24.687214],[121.799948,24.686814],[121.799894,24.686575],[121.79985,24.686469],[121.799811,24.686419],[121.799765,24.686392],[121.799437,24.686302],[121.799383,24.686309],[121.799117,24.686382],[121.799019,24.68642],[121.79822,24.686809],[121.797944,24.686928],[121.797929,24.686908],[121.797883,24.686928],[121.797886,24.687012],[121.79793,24.687031],[121.798259,24.686891],[121.798342,24.687053],[121.798421,24.687236],[121.798583,24.687523],[121.798641,24.687638],[121.798628,24.687645],[121.798692,24.687763],[121.798847,24.687869],[121.798835,24.6879],[121.79903,24.688019],[121.799308,24.688156],[121.799658,24.687837],[121.799878,24.687677],[121.799929,24.687647],[121.79999,24.687619],[121.800041,24.687577],[121.800041,24.687446],[121.800015,24.687214]]]}},{"type":"Feature","properties":{"id":"ab3fc270abcb","name":"宜蘭縣五結鄉利澤國民小學","level":"國小","basis":"both","data_ym":"201901"},"geometry":{"type":"Polygon","coordinates":[[[121.827715,24.664303],[121.827136,24.664244],[121.82678,24.66424],[121.826763,24.664252],[121.826754,24.664264],[121.826633,24.664578],[121.82643,24.665305],[121.826368,24.665478],[121.826374,24.665492],[121.826399,24.665508],[121.82645,24.665523],[121.827249,24.665693],[121.827991,24.665843],[121.828076,24.665363],[121.828251,24.664413],[121.827715,24.664303]]]}},{"type":"Feature","properties":{"id":"d3e8c01fd715","name":"宜蘭縣五結鄉孝威國民小學","level":"國小","basis":"both","data_ym":"202405"},"geometry":{"type":"Polygon","coordinates":[[[121.812653,24.69686],[121.812497,24.69608],[121.812208,24.696084],[121.812172,24.695942],[121.811955,24.695931],[121.812037,24.69624],[121.811682,24.696325],[121.811697,24.696382],[121.811645,24.696397],[121.811441,24.696434],[121.811324,24.696467],[121.811349,24.696539],[121.811381,24.696695],[121.811396,24.696872],[121.811413,24.696986],[121.81146,24.697231],[121.811505,24.697425],[121.81151,24.697437],[121.811526,24.697449],[121.811725,24.697407],[121.811922,24.697355],[121.812472,24.697245],[121.812374,24.696907],[121.812653,24.69686]]]}},{"type":"Feature","properties":{"id":"be42f886f764","name":"宜蘭縣五結鄉學進國民小學","level":"國小","basis":"both","data_ym":"202406"},"geometry":{"type":"Polygon","coordinates":[[[121.769896,24.706206],[121.769888,24.706073],[121.769763,24.706096],[121.769788,24.706162],[121.769784,24.706172],[121.76949,24.706198],[121.769393,24.706194],[121.769379,24.706289],[121.769368,24.706502],[121.769369,24.706637],[121.769491,24.706789],[121.769845,24.707185],[121.770055,24.707454],[121.770777,24.707336],[121.770935,24.7073],[121.771038,24.707286],[121.771128,24.707266],[121.771199,24.707263],[121.77128,24.707252],[121.771342,24.706816],[121.771341,24.706801],[121.771346,24.706801],[121.771357,24.706758],[121.771217,24.70634],[121.770968,24.706324],[121.770637,24.706294],[121.769924,24.706206],[121.769896,24.706206]]]}},{"type":"Feature","properties":{"id":"d37390002071","name":"宜蘭縣冬山鄉大進國民小學","level":"國小","basis":"both","data_ym":"202206"},"geometry":{"type":"Polygon","coordinates":[[[121.716832,24.63399],[121.716641,24.633872],[121.71663,24.633887],[121.716511,24.633814],[121.716441,24.633777],[121.716413,24.633735],[121.716083,24.633545],[121.716069,24.633543],[121.715835,24.633569],[121.715244,24.633985],[121.715232,24.634013],[121.715771,24.634266],[121.715765,24.634552],[121.715882,24.634568],[121.716206,24.634589],[121.716229,24.634558],[121.716253,24.634509],[121.716299,24.634463],[121.716456,24.634354],[121.716662,24.634186],[121.716789,24.634073],[121.716841,24.634023],[121.716845,24.634009],[121.716832,24.63399]]]}},{"type":"Feature","properties":{"id":"18a81746e6e8","name":"宜蘭縣冬山鄉冬山國民小學","level":"國小","basis":"both","data_ym":"202405"},"geometry":{"type":"Polygon","coordinates":[[[121.789944,24.632892],[121.790634,24.63263],[121.791257,24.632386],[121.791225,24.632369],[121.791168,24.632177],[121.791103,24.63183],[121.791063,24.631582],[121.791027,24.630965],[121.791048,24.630686],[121.790835,24.630682],[121.790799,24.630716],[121.79065,24.630711],[121.790585,24.630679],[121.790532,24.63067],[121.790435,24.630584],[121.790004,24.631047],[121.789181,24.631602],[121.789691,24.632793],[121.789772,24.632821],[121.789786,24.632812],[121.789944,24.632892]]]}},{"type":"Feature","properties":{"id":"730cdd1a9027","name":"宜蘭縣冬山鄉東興國民小學","level":"國小","basis":"both","data_ym":"202405"},"geometry":{"type":"Polygon","coordinates":[[[121.806495,24.629717],[121.806917,24.629407],[121.807062,24.629276],[121.807058,24.629268],[121.807183,24.62914],[121.807204,24.629104],[121.807238,24.629059],[121.807257,24.629043],[121.807283,24.62903],[121.807319,24.629026],[121.807398,24.628991],[121.807458,24.628953],[121.807585,24.628856],[121.807342,24.628429],[121.807157,24.62803],[121.807022,24.627971],[121.806969,24.627957],[121.806908,24.628069],[121.80687,24.628116],[121.80685,24.628122],[121.806722,24.628009],[121.806458,24.628119],[121.806615,24.628477],[121.805722,24.62919],[121.806088,24.629593],[121.806261,24.629462],[121.806495,24.629717]]]}},{"type":"Feature","properties":{"id":"acbe021b3072","name":"宜蘭縣冬山鄉武淵國民小學","level":"國小","basis":"both","data_ym":"202405"},"geometry":{"type":"Polygon","coordinates":[[[121.799586,24.662069],[121.799561,24.662047],[121.799458,24.662033],[121.79941,24.662012],[121.799173,24.661837],[121.799145,24.661797],[121.799214,24.661448],[121.799205,24.661301],[121.799165,24.661125],[121.799097,24.660998],[121.799055,24.660956],[121.799018,24.660945],[121.798972,24.660943],[121.798909,24.660969],[121.798835,24.660979],[121.798774,24.66097],[121.798717,24.660955],[121.798668,24.660936],[121.798632,24.660903],[121.798624,24.66109],[121.798607,24.661089],[121.798592,24.661191],[121.797921,24.661158],[121.79791,24.661358],[121.797949,24.661361],[121.797956,24.661385],[121.797951,24.661504],[121.79791,24.661504],[121.797929,24.661699],[121.797946,24.661814],[121.797975,24.661916],[121.798014,24.66201],[121.798045,24.6621],[121.798551,24.662055],[121.798663,24.66277],[121.799788,24.662631],[121.799766,24.662471],[121.799737,24.662323],[121.799586,24.662069]]]}},{"type":"Feature","properties":{"id":"40278a5e21b4","name":"宜蘭縣冬山鄉柯林國民小學","level":"國小","basis":"both","data_ym":"202206"},"geometry":{"type":"Polygon","coordinates":[[[121.732426,24.676882],[121.731763,24.675755],[121.730803,24.676227],[121.730896,24.676377],[121.731488,24.677264],[121.731519,24.677318],[121.731683,24.677245],[121.732426,24.676882]]]}},{"type":"Feature","properties":{"id":"93df969cbc97","name":"宜蘭縣冬山鄉清溝國民小學","level":"國小","basis":"both","data_ym":"202206"},"geometry":{"type":"Polygon","coordinates":[[[121.764931,24.663782],[121.764938,24.662834],[121.764428,24.662836],[121.764427,24.662862],[121.764182,24.662868],[121.764179,24.662838],[121.76327,24.662846],[121.763228,24.662874],[121.763232,24.663427],[121.763223,24.663427],[121.763223,24.663577],[121.763233,24.663589],[121.763244,24.664465],[121.763292,24.664537],[121.763847,24.664539],[121.764943,24.664535],[121.764931,24.663782]]]}},{"type":"Feature","properties":{"id":"4f65d45a7254","name":"宜蘭縣冬山鄉順安國民小學","level":"國小","basis":"both","data_ym":"202406"},"geometry":{"type":"Polygon","coordinates":[[[121.76359,24.653918],[121.763585,24.653875],[121.763558,24.653875],[121.763427,24.653637],[121.763303,24.653651],[121.763143,24.65364],[121.763121,24.653636],[121.763095,24.653624],[121.763087,24.653428],[121.763163,24.653345],[121.763189,24.653303],[121.76318,24.653299],[121.763143,24.653261],[121.763102,24.65324],[121.762993,24.653246],[121.762234,24.65335],[121.76226,24.653688],[121.76229,24.653939],[121.762322,24.654263],[121.76236,24.654876],[121.762381,24.654949],[121.762412,24.654975],[121.762447,24.654989],[121.762479,24.654995],[121.763604,24.654955],[121.763599,24.654759],[121.763613,24.654759],[121.763616,24.654429],[121.763608,24.654206],[121.763581,24.65392],[121.76359,24.653918]]]}},{"type":"Feature","properties":{"id":"7e943b0be021","name":"宜蘭縣冬山鄉順安國民小學中山分校","level":"大專","basis":"branch","data_ym":"201901"},"geometry":{"type":"Polygon","coordinates":[[[121.743452,24.6264],[121.743307,24.626267],[121.743286,24.626274],[121.74332,24.626534],[121.743055,24.626811],[121.743115,24.626842],[121.743158,24.626875],[121.743207,24.626923],[121.743198,24.627191],[121.743202,24.627206],[121.743313,24.627299],[121.743543,24.627474],[121.744031,24.626989],[121.744014,24.626976],[121.743452,24.6264]]]}},{"type":"Feature","properties":{"id":"37d84f35b901","name":"宜蘭縣冬山鄉廣興國民小學","level":"國小","basis":"both","data_ym":"202206"},"geometry":{"type":"Polygon","coordinates":[[[121.743658,24.664681],[121.742826,24.664227],[121.742804,24.664251],[121.742067,24.66527],[121.742672,24.665629],[121.742892,24.665767],[121.743658,24.664681]]]}},{"type":"Feature","properties":{"id":"6bcf01389263","name":"宜蘭縣立人文國民中小學","level":"國中","basis":"moe","data_ym":"202405"},"geometry":{"type":"Polygon","coordinates":[[[121.819797,24.860977],[121.820507,24.860421],[121.819735,24.85919],[121.81954,24.858843],[121.818455,24.859698],[121.818641,24.859877],[121.818655,24.8599],[121.818663,24.859937],[121.818832,24.86006],[121.818982,24.86022],[121.819393,24.860627],[121.819441,24.860592],[121.819507,24.860664],[121.819506,24.860675],[121.819776,24.86096],[121.819797,24.860977]]]}},{"type":"Feature","properties":{"id":"c3f17a174797","name":"宜蘭縣立三星國民中學","level":"國中","basis":"both","data_ym":"202206"},"geometry":{"type":"Polygon","coordinates":[[[121.654798,24.668742],[121.654889,24.667932],[121.654749,24.66773],[121.654061,24.667664],[121.653876,24.667659],[121.653798,24.667644],[121.653396,24.667616],[121.652679,24.667549],[121.652668,24.667745],[121.652667,24.667976],[121.652534,24.667974],[121.652548,24.668284],[121.652569,24.668288],[121.652569,24.668305],[121.65266,24.66831],[121.65266,24.668306],[121.653776,24.668528],[121.653789,24.668506],[121.653843,24.668517],[121.653837,24.668552],[121.654798,24.668742]]]}},{"type":"Feature","properties":{"id":"8e178c9dcb53","name":"宜蘭縣立大同國民中學","level":"國中","basis":"both","data_ym":"201810"},"geometry":{"type":"Polygon","coordinates":[[[121.478441,24.573911],[121.47834,24.573865],[121.478002,24.573927],[121.477981,24.573969],[121.47793,24.574003],[121.477787,24.574055],[121.477453,24.574145],[121.477197,24.574185],[121.477257,24.574459],[121.477334,24.574466],[121.477361,24.574883],[121.477553,24.574876],[121.478438,24.574815],[121.478611,24.57481],[121.47861,24.574766],[121.478757,24.574761],[121.478751,24.574549],[121.478739,24.574375],[121.47865,24.574195],[121.478562,24.574193],[121.478538,24.574072],[121.478501,24.573981],[121.478441,24.573911]]]}},{"type":"Feature","properties":{"id":"178f6fcde25a","name":"宜蘭縣立大同國民中學1","level":"國中","basis":"both","data_ym":"202208"},"geometry":{"type":"Polygon","coordinates":[[[121.479072,24.575636],[121.47914,24.575323],[121.478991,24.575271],[121.478423,24.575243],[121.478403,24.575575],[121.478805,24.575562],[121.478842,24.575574],[121.478855,24.575614],[121.479072,24.575636]]]}},{"type":"Feature","properties":{"id":"c20ef09a33c5","name":"宜蘭縣立大同國民中學2","level":"國中","basis":"both","data_ym":"202208"},"geometry":{"type":"Polygon","coordinates":[[[121.479102,24.57604],[121.479007,24.575993],[121.478526,24.576003],[121.478361,24.576799],[121.478411,24.576869],[121.478459,24.576905],[121.478536,24.576931],[121.478723,24.576937],[121.478861,24.576892],[121.478933,24.576854],[121.47896,24.576822],[121.478979,24.576786],[121.479071,24.576501],[121.479141,24.576115],[121.479111,24.576113],[121.479102,24.57604]]]}},{"type":"Feature","properties":{"id":"11f1f58787cb","name":"宜蘭縣立中華國民中學","level":"國中","basis":"both","data_ym":"202207"},"geometry":{"type":"Polygon","coordinates":[[[121.767584,24.750779],[121.767593,24.750689],[121.767707,24.750699],[121.767758,24.74996],[121.767767,24.749544],[121.767784,24.749368],[121.767781,24.749361],[121.767488,24.749249],[121.767165,24.749147],[121.767181,24.749108],[121.766655,24.748938],[121.76664,24.749078],[121.766734,24.74911],[121.766591,24.749274],[121.766372,24.749447],[121.766437,24.749486],[121.766358,24.749629],[121.766275,24.749628],[121.766237,24.750064],[121.766194,24.75065],[121.766396,24.750663],[121.766397,24.750657],[121.76683,24.750681],[121.766831,24.750658],[121.766913,24.750663],[121.766914,24.750656],[121.767376,24.750691],[121.767371,24.750761],[121.767584,24.750779]]]}},{"type":"Feature","properties":{"id":"0dfc5401df75","name":"宜蘭縣立五結國民中學","level":"國中","basis":"both","data_ym":"202206"},"geometry":{"type":"Polygon","coordinates":[[[121.801632,24.696415],[121.801602,24.696188],[121.80124,24.696233],[121.801199,24.695836],[121.799927,24.695951],[121.799859,24.696068],[121.799956,24.696452],[121.800152,24.697188],[121.800261,24.697501],[121.800288,24.697507],[121.80134,24.697387],[121.801364,24.697328],[121.801314,24.696996],[121.801308,24.696926],[121.801266,24.696605],[121.801631,24.69657],[121.801643,24.69655],[121.801632,24.696415]]]}},{"type":"Feature","properties":{"id":"a9d0334ccc6b","name":"宜蘭縣立內城國民中小學","level":"國中","basis":"moe","data_ym":"202206"},"geometry":{"type":"Polygon","coordinates":[[[121.688799,24.718854],[121.688992,24.718694],[121.689257,24.718493],[121.689076,24.718211],[121.689031,24.718085],[121.688958,24.717794],[121.688949,24.71778],[121.68867,24.717615],[121.688679,24.717595],[121.688439,24.717445],[121.688291,24.717313],[121.686957,24.718339],[121.686986,24.718343],[121.687491,24.718892],[121.687528,24.718938],[121.687648,24.718846],[121.688166,24.719323],[121.688799,24.718854]]]}},{"type":"Feature","properties":{"id":"2cafd2bb960a","name":"宜蘭縣立文化國民中學","level":"國中","basis":"both","data_ym":"202405"},"geometry":{"type":"Polygon","coordinates":[[[121.834138,24.619513],[121.834213,24.619408],[121.834212,24.619336],[121.834237,24.619335],[121.834227,24.618906],[121.834206,24.618906],[121.834191,24.618222],[121.833346,24.618057],[121.832824,24.617965],[121.832503,24.617936],[121.832099,24.61791],[121.832116,24.618216],[121.832199,24.619439],[121.832526,24.619432],[121.832566,24.61946],[121.834138,24.619513]]]}},{"type":"Feature","properties":{"id":"d7d3cba20037","name":"宜蘭縣立冬山國民中學","level":"國中","basis":"both","data_ym":"202405"},"geometry":{"type":"Polygon","coordinates":[[[121.792736,24.632615],[121.793202,24.632441],[121.793205,24.632483],[121.793353,24.632429],[121.793515,24.632377],[121.793517,24.632367],[121.7935,24.632301],[121.793245,24.631435],[121.79314,24.631098],[121.79312,24.631015],[121.793089,24.630758],[121.79249,24.630789],[121.792461,24.630817],[121.791928,24.630755],[121.791901,24.631068],[121.791872,24.631314],[121.791861,24.63146],[121.791853,24.631489],[121.791265,24.631539],[121.791286,24.631681],[121.791342,24.631963],[121.791403,24.632209],[121.791509,24.632515],[121.791502,24.632518],[121.79165,24.632922],[121.791692,24.633015],[121.791712,24.633031],[121.791741,24.633031],[121.79275,24.632646],[121.792736,24.632615]]]}},{"type":"Feature","properties":{"id":"dffc9afbc00f","name":"宜蘭縣立利澤國民中學","level":"國中","basis":"both","data_ym":"202206"},"geometry":{"type":"Polygon","coordinates":[[[121.829543,24.666063],[121.829626,24.665958],[121.829817,24.664732],[121.829965,24.663646],[121.829084,24.663501],[121.82901,24.663853],[121.828982,24.663885],[121.828963,24.663898],[121.82892,24.663903],[121.828876,24.663901],[121.828657,24.663871],[121.828452,24.66493],[121.828285,24.665906],[121.828534,24.665945],[121.828623,24.665942],[121.828655,24.665923],[121.828811,24.665939],[121.828829,24.66597],[121.829193,24.666031],[121.829368,24.666054],[121.829397,24.666033],[121.829509,24.666047],[121.829502,24.666099],[121.829532,24.666104],[121.829543,24.666063]]]}},{"type":"Feature","properties":{"id":"0f8e7625996c","name":"宜蘭縣立吳沙國民中學","level":"國中","basis":"both","data_ym":"202406"},"geometry":{"type":"Polygon","coordinates":[[[121.759119,24.786027],[121.759122,24.785851],[121.759709,24.785857],[121.760005,24.785868],[121.760456,24.78587],[121.760455,24.785874],[121.760643,24.785876],[121.760643,24.785871],[121.76068,24.785871],[121.760687,24.785191],[121.760603,24.784891],[121.76056,24.78475],[121.760545,24.784723],[121.760506,24.78471],[121.760386,24.784689],[121.760234,24.784623],[121.760132,24.784586],[121.759841,24.78454],[121.759645,24.784432],[121.758988,24.78479],[121.758714,24.784931],[121.758496,24.785009],[121.757777,24.785235],[121.757815,24.78529],[121.758247,24.785835],[121.758257,24.78584],[121.759008,24.785851],[121.759003,24.786027],[121.759119,24.786027]]]}},{"type":"Feature","properties":{"id":"f4ebffd7da7c","name":"宜蘭縣立壯圍國民中學","level":"國中","basis":"both","data_ym":"201005"},"geometry":{"type":"Polygon","coordinates":[[[121.78823,24.748744],[121.787852,24.748773],[121.787905,24.749588],[121.787791,24.749601],[121.787786,24.749642],[121.787689,24.749737],[121.787874,24.75015],[121.788607,24.750102],[121.78933,24.750048],[121.789325,24.748729],[121.788901,24.74873],[121.788713,24.748745],[121.788712,24.748763],[121.78861,24.748773],[121.78861,24.748788],[121.788404,24.748808],[121.788396,24.748746],[121.788242,24.748762],[121.788242,24.748754],[121.78823,24.748744]]]}},{"type":"Feature","properties":{"id":"44cd1a3f0b5d","name":"宜蘭縣立宜蘭國民中學","level":"國中","basis":"both","data_ym":"202406"},"geometry":{"type":"Polygon","coordinates":[[[121.758474,24.761868],[121.758438,24.761756],[121.758423,24.761773],[121.758417,24.761775],[121.758284,24.761405],[121.758137,24.761378],[121.758072,24.761394],[121.757964,24.7615],[121.757915,24.761566],[121.757761,24.76162],[121.757766,24.761636],[121.757517,24.761711],[121.757493,24.761557],[121.757138,24.761645],[121.757061,24.761699],[121.757044,24.761704],[121.757047,24.761713],[121.756992,24.76173],[121.756989,24.761722],[121.756527,24.76187],[121.756503,24.761921],[121.756901,24.762986],[121.756934,24.763004],[121.758651,24.762458],[121.758441,24.761879],[121.758474,24.761868]]]}},{"type":"Feature","properties":{"id":"673deb2f27c1","name":"宜蘭縣立岳明國民中小學","level":"國中","basis":"moe","data_ym":"202406"},"geometry":{"type":"Polygon","coordinates":[[[121.852823,24.614867],[121.853494,24.614206],[121.853608,24.614307],[121.85368,24.614238],[121.853896,24.614013],[121.853748,24.613884],[121.853677,24.613795],[121.853566,24.613673],[121.853547,24.613655],[121.853517,24.613648],[121.853487,24.613627],[121.853358,24.61351],[121.853329,24.613509],[121.853049,24.61372],[121.853056,24.613726],[121.852743,24.614023],[121.852522,24.614015],[121.852527,24.613711],[121.852445,24.61365],[121.852326,24.613792],[121.852316,24.613836],[121.852297,24.61386],[121.852299,24.614021],[121.852225,24.614199],[121.852117,24.614209],[121.852093,24.61422],[121.852082,24.614245],[121.852128,24.614335],[121.852182,24.614386],[121.852017,24.614569],[121.852008,24.614588],[121.85219,24.614702],[121.852703,24.6151],[121.85284,24.61499],[121.852899,24.614933],[121.852823,24.614867]]]}},{"type":"Feature","properties":{"id":"479ae16a1329","name":"宜蘭縣立東光國民中學","level":"國中","basis":"both","data_ym":"202206"},"geometry":{"type":"Polygon","coordinates":[[[121.767259,24.671046],[121.767024,24.670891],[121.766825,24.670723],[121.766785,24.670708],[121.766707,24.670703],[121.766339,24.670822],[121.765559,24.671089],[121.765456,24.671245],[121.765457,24.67142],[121.765415,24.671658],[121.765312,24.672154],[121.765302,24.672266],[121.765298,24.672281],[121.765843,24.672279],[121.765848,24.672602],[121.766052,24.672668],[121.766055,24.672274],[121.767317,24.672264],[121.76754,24.671903],[121.767766,24.671516],[121.767421,24.671187],[121.767259,24.671046]]]}},{"type":"Feature","properties":{"id":"472e07862e82","name":"宜蘭縣立南安國民中學","level":"國中","basis":"both","data_ym":"202406"},"geometry":{"type":"Polygon","coordinates":[[[121.869188,24.576055],[121.869177,24.575882],[121.869161,24.575883],[121.868964,24.57375],[121.868948,24.573713],[121.868929,24.573693],[121.868906,24.573678],[121.868599,24.573636],[121.868578,24.573629],[121.868562,24.573669],[121.86855,24.573809],[121.86849,24.573874],[121.868465,24.573924],[121.868453,24.573963],[121.868448,24.574083],[121.868376,24.574144],[121.868399,24.574212],[121.868221,24.57433],[121.868184,24.574345],[121.867772,24.574337],[121.867771,24.574382],[121.867676,24.57438],[121.86766,24.574519],[121.867951,24.57458],[121.868049,24.574716],[121.868066,24.574855],[121.868067,24.575138],[121.868089,24.575287],[121.868108,24.575286],[121.868112,24.575339],[121.868169,24.575335],[121.868217,24.575625],[121.868191,24.575667],[121.8683,24.576102],[121.868409,24.576204],[121.868444,24.576196],[121.868769,24.576083],[121.869188,24.576055]]]}},{"type":"Feature","properties":{"id":"a0081d746115","name":"宜蘭縣立南澳高級中學","level":"高中職","basis":"both","data_ym":"202207"},"geometry":{"type":"Polygon","coordinates":[[[121.801214,24.466355],[121.801272,24.466279],[121.801395,24.466359],[121.801381,24.466236],[121.801671,24.466189],[121.801683,24.466305],[121.801719,24.466367],[121.801917,24.466353],[121.801952,24.466324],[121.801938,24.465979],[121.801918,24.465735],[121.801894,24.465188],[121.801696,24.46513],[121.801679,24.465166],[121.801591,24.465134],[121.801609,24.465086],[121.801535,24.465063],[121.801569,24.46497],[121.801246,24.464876],[121.800975,24.464973],[121.800866,24.464955],[121.800721,24.464953],[121.800574,24.464936],[121.800547,24.465019],[121.800509,24.465015],[121.800381,24.465448],[121.800381,24.465465],[121.800386,24.465486],[121.800396,24.465503],[121.800423,24.465516],[121.80047,24.465519],[121.800472,24.465609],[121.80033,24.465606],[121.800318,24.465646],[121.800285,24.465827],[121.800286,24.46587],[121.800302,24.465915],[121.80041,24.466187],[121.800426,24.466241],[121.800855,24.466357],[121.801307,24.466484],[121.801303,24.466432],[121.801251,24.466379],[121.801214,24.466355]]]}},{"type":"Feature","properties":{"id":"d420e3b5686e","name":"宜蘭縣立員山國民中學","level":"國中","basis":"both","data_ym":"202207"},"geometry":{"type":"Polygon","coordinates":[[[121.715073,24.751481],[121.715307,24.751477],[121.715321,24.750384],[121.715318,24.750036],[121.715311,24.749785],[121.715177,24.749798],[121.715166,24.749819],[121.715082,24.749864],[121.715093,24.749894],[121.714973,24.749942],[121.714879,24.74997],[121.7148,24.749989],[121.714668,24.749994],[121.714391,24.749975],[121.714239,24.749945],[121.714162,24.749922],[121.71411,24.749901],[121.714091,24.74991],[121.714028,24.749908],[121.714032,24.749965],[121.714029,24.750231],[121.714018,24.750231],[121.714018,24.750239],[121.713968,24.750238],[121.713957,24.750386],[121.713958,24.750581],[121.713963,24.75058],[121.71396,24.750719],[121.713982,24.75072],[121.713981,24.750757],[121.713958,24.750757],[121.71395,24.751406],[121.713996,24.751459],[121.714543,24.751474],[121.715073,24.751481]]]}},{"type":"Feature","properties":{"id":"f2248f588c86","name":"宜蘭縣立國華國民中學","level":"國中","basis":"both","data_ym":"202206"},"geometry":{"type":"Polygon","coordinates":[[[121.762177,24.677826],[121.762143,24.677567],[121.762119,24.677558],[121.762073,24.677576],[121.762003,24.677403],[121.761667,24.677473],[121.761418,24.677539],[121.761351,24.677569],[121.761223,24.677609],[121.761192,24.677585],[121.760993,24.677643],[121.760582,24.677825],[121.760224,24.677992],[121.760224,24.677998],[121.760238,24.678035],[121.760481,24.67847],[121.760731,24.679082],[121.760747,24.67909],[121.760761,24.679092],[121.762364,24.678766],[121.762318,24.678517],[121.762259,24.678244],[121.762177,24.677826]]]}},{"type":"Feature","properties":{"id":"67577095c50a","name":"宜蘭縣立凱旋國民中學","level":"國中","basis":"both","data_ym":"202207"},"geometry":{"type":"Polygon","coordinates":[[[121.757309,24.726093],[121.757353,24.726024],[121.757395,24.72599],[121.757445,24.725966],[121.757484,24.72596],[121.757514,24.725944],[121.757531,24.725924],[121.757531,24.725898],[121.757307,24.725704],[121.756814,24.725259],[121.756766,24.725034],[121.756593,24.724358],[121.755566,24.724591],[121.755474,24.724666],[121.755415,24.724729],[121.755375,24.724816],[121.75536,24.72488],[121.755332,24.7256],[121.755324,24.726048],[121.755619,24.726076],[121.755647,24.726055],[121.75568,24.726052],[121.755713,24.72607],[121.756378,24.726111],[121.756469,24.726086],[121.756469,24.726122],[121.756749,24.72613],[121.756786,24.726147],[121.756958,24.726168],[121.757092,24.726197],[121.757284,24.726275],[121.757286,24.726192],[121.757309,24.726093]]]}},{"type":"Feature","properties":{"id":"ca6dd2008b93","name":"宜蘭縣立復興國民中學","level":"國中","basis":"both","data_ym":"202012"},"geometry":{"type":"Polygon","coordinates":[[[121.745919,24.749423],[121.746575,24.749238],[121.746689,24.749211],[121.746695,24.749227],[121.746729,24.749219],[121.746725,24.749211],[121.746976,24.749142],[121.746978,24.749149],[121.747051,24.74913],[121.747049,24.749123],[121.74706,24.74912],[121.747058,24.749106],[121.747672,24.748938],[121.747695,24.748872],[121.747742,24.748894],[121.747765,24.748844],[121.747744,24.748787],[121.747517,24.748082],[121.74734,24.74752],[121.747322,24.747512],[121.747052,24.747589],[121.745886,24.747904],[121.74553,24.748005],[121.745518,24.748022],[121.745601,24.748333],[121.745919,24.749423]]]}},{"type":"Feature","properties":{"id":"a0ad2488cd2f","name":"宜蘭縣立順安國民中學","level":"國中","basis":"both","data_ym":"202406"},"geometry":{"type":"Polygon","coordinates":[[[121.765825,24.654787],[121.765847,24.654677],[121.766544,24.654664],[121.766745,24.653445],[121.765837,24.653321],[121.76562,24.6533],[121.76535,24.653392],[121.765058,24.653485],[121.765122,24.653794],[121.765004,24.653899],[121.764947,24.654051],[121.764842,24.654695],[121.765167,24.654697],[121.76557,24.654689],[121.765543,24.654896],[121.765804,24.654894],[121.765821,24.654811],[121.765825,24.654811],[121.765825,24.654787]]]}},{"type":"Feature","properties":{"id":"fcf1f24af8ec","name":"宜蘭縣立慈心華德福教育實驗高級中學","level":"高中職","basis":"name","data_ym":"202206"},"geometry":{"type":"Polygon","coordinates":[[[121.796032,24.626384],[121.795851,24.62623],[121.795545,24.626004],[121.794901,24.62585],[121.79476,24.626289],[121.794659,24.626266],[121.794332,24.627358],[121.794332,24.627395],[121.794345,24.627432],[121.79438,24.627461],[121.794813,24.627564],[121.79549,24.62774],[121.795533,24.627747],[121.795547,24.627742],[121.795566,24.627677],[121.795568,24.627625],[121.795585,24.62759],[121.795616,24.627502],[121.795621,24.627447],[121.795657,24.627377],[121.79568,24.627289],[121.795751,24.627074],[121.795754,24.627017],[121.795749,24.626944],[121.795735,24.626865],[121.795738,24.626813],[121.795756,24.626777],[121.795792,24.626747],[121.795839,24.626718],[121.795891,24.626696],[121.795902,24.626696],[121.795987,24.62653],[121.796067,24.626403],[121.796032,24.626384]]]}},{"type":"Feature","properties":{"id":"f1e858050523","name":"宜蘭縣立興中國民中學","level":"國中","basis":"both","data_ym":"202206"},"geometry":{"type":"Polygon","coordinates":[[[121.772032,24.700131],[121.772182,24.699247],[121.77237,24.698694],[121.772136,24.698726],[121.771734,24.698793],[121.771115,24.698859],[121.770837,24.698884],[121.770826,24.69887],[121.770476,24.69888],[121.770353,24.698873],[121.770342,24.698944],[121.770357,24.698946],[121.77023,24.699753],[121.770213,24.699751],[121.770192,24.699885],[121.772018,24.700144],[121.772032,24.700131]]]}},{"type":"Feature","properties":{"id":"15478709d4a8","name":"宜蘭縣立頭城國民中學","level":"國中","basis":"both","data_ym":"201811"},"geometry":{"type":"Polygon","coordinates":[[[121.822422,24.865528],[121.823253,24.865112],[121.823348,24.865048],[121.823317,24.864981],[121.82244,24.863566],[121.822122,24.863762],[121.821513,24.864069],[121.821405,24.86413],[121.821299,24.864169],[121.821212,24.864209],[121.821186,24.864146],[121.821016,24.864208],[121.820933,24.864232],[121.820647,24.864291],[121.820785,24.86499],[121.820867,24.865141],[121.820922,24.865254],[121.820892,24.865269],[121.820834,24.865157],[121.820799,24.865169],[121.82089,24.865791],[121.822197,24.865581],[121.822422,24.865528]]]}},{"type":"Feature","properties":{"id":"fa6e433d5994","name":"宜蘭縣立礁溪國民中學","level":"國中","basis":"both","data_ym":"202207"},"geometry":{"type":"Polygon","coordinates":[[[121.76799,24.817045],[121.767916,24.816813],[121.76791,24.816853],[121.76788,24.81678],[121.767807,24.81657],[121.767816,24.816557],[121.76771,24.816239],[121.767579,24.816233],[121.76737,24.816129],[121.767215,24.816283],[121.766846,24.816538],[121.766292,24.816948],[121.76591,24.817217],[121.765461,24.817517],[121.765415,24.817876],[121.766127,24.818038],[121.766242,24.818072],[121.766469,24.818164],[121.767079,24.818394],[121.767119,24.818414],[121.767373,24.818578],[121.76759,24.818341],[121.768036,24.817865],[121.768231,24.817718],[121.768254,24.817707],[121.768131,24.817384],[121.76799,24.817045]]]}},{"type":"Feature","properties":{"id":"6a70918ce39d","name":"宜蘭縣立羅東國民中學","level":"國中","basis":"both","data_ym":"202206"},"geometry":{"type":"Polygon","coordinates":[[[121.767679,24.683758],[121.767456,24.683283],[121.76751,24.683272],[121.768292,24.683068],[121.768416,24.682809],[121.768417,24.682795],[121.768352,24.682564],[121.768331,24.682571],[121.768284,24.682443],[121.768313,24.682436],[121.768293,24.682371],[121.76826,24.68238],[121.767751,24.680785],[121.767343,24.680896],[121.7661,24.681223],[121.766245,24.681673],[121.766302,24.681657],[121.76635,24.681964],[121.766591,24.682681],[121.76708,24.684194],[121.767087,24.684207],[121.767202,24.684173],[121.76757,24.68399],[121.767514,24.683803],[121.767679,24.683758]]]}},{"type":"Feature","properties":{"id":"89c239382d1b","name":"宜蘭縣立蘇澳國民中學","level":"國中","basis":"both","data_ym":"202207"},"geometry":{"type":"Polygon","coordinates":[[[121.836674,24.595385],[121.836637,24.595304],[121.836601,24.595316],[121.836342,24.594758],[121.836382,24.594743],[121.836271,24.594538],[121.836248,24.594535],[121.835685,24.594772],[121.834499,24.59525],[121.834496,24.595264],[121.834591,24.59547],[121.834666,24.59562],[121.834824,24.595916],[121.834914,24.596095],[121.835231,24.596674],[121.835351,24.59657],[121.835436,24.596431],[121.835988,24.596157],[121.836276,24.596049],[121.836515,24.595985],[121.83688,24.595912],[121.836894,24.595901],[121.8369,24.595885],[121.836682,24.595492],[121.836639,24.595397],[121.836674,24.595385]]]}},{"type":"Feature","properties":{"id":"95f4f265efa4","name":"宜蘭縣壯圍鄉大福國民小學","level":"國小","basis":"both","data_ym":"201901"},"geometry":{"type":"Polygon","coordinates":[[[121.814945,24.800633],[121.813836,24.800627],[121.813818,24.801635],[121.813847,24.801695],[121.813851,24.801798],[121.813825,24.801802],[121.813814,24.802084],[121.814246,24.802096],[121.81469,24.8021],[121.814919,24.802086],[121.814932,24.801131],[121.814945,24.800633]]]}},{"type":"Feature","properties":{"id":"d7d138bb1909","name":"宜蘭縣壯圍鄉公館國民小學","level":"國小","basis":"both","data_ym":"202207"},"geometry":{"type":"Polygon","coordinates":[[[121.816625,24.736674],[121.81679,24.736084],[121.816902,24.735665],[121.815726,24.735672],[121.815705,24.735678],[121.815673,24.736025],[121.815636,24.736538],[121.81564,24.73655],[121.815664,24.736574],[121.815691,24.736586],[121.815713,24.73659],[121.816047,24.73662],[121.816038,24.736644],[121.816208,24.736656],[121.816482,24.736653],[121.816518,24.736675],[121.816625,24.736674]]]}},{"type":"Feature","properties":{"id":"38f3f688856d","name":"宜蘭縣壯圍鄉古亭國民小學","level":"國小","basis":"both","data_ym":"202405"},"geometry":{"type":"Polygon","coordinates":[[[121.79893,24.771113],[121.798269,24.771086],[121.798255,24.771097],[121.798163,24.771098],[121.798145,24.771084],[121.797658,24.771062],[121.797658,24.771074],[121.797507,24.771072],[121.797507,24.77204],[121.798884,24.772253],[121.799226,24.771242],[121.799212,24.771217],[121.799153,24.771179],[121.799071,24.771143],[121.799007,24.771124],[121.79893,24.771113]]]}},{"type":"Feature","properties":{"id":"5864585589bc","name":"宜蘭縣壯圍鄉壯圍國民小學","level":"國小","basis":"both","data_ym":"202405"},"geometry":{"type":"Polygon","coordinates":[[[121.789808,24.744593],[121.79046,24.744316],[121.790473,24.744276],[121.790506,24.744084],[121.79064,24.743226],[121.789743,24.743127],[121.789725,24.743128],[121.789694,24.743292],[121.78965,24.743579],[121.789636,24.743602],[121.789541,24.744312],[121.789726,24.744336],[121.789727,24.744324],[121.789756,24.744324],[121.789769,24.74436],[121.789754,24.744453],[121.789811,24.74446],[121.789801,24.744531],[121.789743,24.744523],[121.789733,24.744587],[121.789793,24.74456],[121.789808,24.744593]]]}},{"type":"Feature","properties":{"id":"1a95d06c1c2b","name":"宜蘭縣壯圍鄉新南國民小學","level":"國小","basis":"both","data_ym":"202405"},"geometry":{"type":"Polygon","coordinates":[[[121.800528,24.722419],[121.80035,24.721881],[121.799159,24.722148],[121.799341,24.722847],[121.799498,24.722859],[121.799498,24.722854],[121.799843,24.722825],[121.800597,24.722789],[121.80063,24.722765],[121.800528,24.722419]]]}},{"type":"Feature","properties":{"id":"b4e1d0902ccd","name":"宜蘭縣壯圍鄉過嶺國民小學","level":"國小","basis":"both","data_ym":"202207"},"geometry":{"type":"Polygon","coordinates":[[[121.8151,24.759084],[121.815056,24.758372],[121.815001,24.758373],[121.814981,24.758362],[121.814976,24.758347],[121.814974,24.758272],[121.814969,24.758253],[121.814887,24.758078],[121.814834,24.758022],[121.814805,24.758004],[121.814331,24.757989],[121.814288,24.758013],[121.814361,24.760647],[121.815121,24.760673],[121.815119,24.760209],[121.815128,24.759865],[121.815129,24.759585],[121.815115,24.759247],[121.8151,24.759084]]]}},{"type":"Feature","properties":{"id":"956714e8594b","name":"宜蘭縣私立中道高級中學","level":"高中職","basis":"both","data_ym":"202405"},"geometry":{"type":"Polygon","coordinates":[[[121.794373,24.758565],[121.793135,24.758517],[121.793101,24.759318],[121.793075,24.760097],[121.794326,24.760153],[121.794311,24.760813],[121.795525,24.760857],[121.795528,24.76078],[121.79555,24.760771],[121.795592,24.759778],[121.79434,24.759731],[121.794373,24.758565]]]}},{"type":"Feature","properties":{"id":"8967eff3d082","name":"宜蘭縣私立慧燈高級中學","level":"高中職","basis":"both","data_ym":"202207"},"geometry":{"type":"Polygon","coordinates":[[[121.714824,24.778661],[121.715918,24.778263],[121.715953,24.778414],[121.716163,24.778357],[121.716363,24.778279],[121.716616,24.778199],[121.716609,24.77816],[121.716745,24.778124],[121.717013,24.778068],[121.717016,24.778053],[121.717035,24.77805],[121.717047,24.777831],[121.717094,24.775855],[121.71646,24.776004],[121.716447,24.776011],[121.716436,24.77603],[121.716497,24.776209],[121.716505,24.776247],[121.716502,24.776295],[121.716439,24.776353],[121.716375,24.776384],[121.716313,24.776401],[121.716217,24.776405],[121.716052,24.776388],[121.71598,24.776393],[121.715474,24.776545],[121.715457,24.776559],[121.715462,24.776582],[121.715365,24.776602],[121.715342,24.776604],[121.71501,24.77668],[121.714896,24.776712],[121.714851,24.776733],[121.714775,24.776786],[121.7146,24.776914],[121.714456,24.776997],[121.714331,24.77705],[121.714326,24.777056],[121.71432,24.77708],[121.71472,24.778555],[121.714731,24.778574],[121.714759,24.778677],[121.714824,24.778661]]]}},{"type":"Feature","properties":{"id":"a6201935493f","name":"宜蘭縣宜蘭市力行國民小學","level":"國小","basis":"name","data_ym":"202207"},"geometry":{"type":"Polygon","coordinates":[[[121.756212,24.764299],[121.755897,24.763455],[121.755733,24.763502],[121.75561,24.763544],[121.755601,24.763522],[121.75475,24.763789],[121.754677,24.763822],[121.754658,24.76384],[121.754655,24.763852],[121.754657,24.763889],[121.754919,24.764496],[121.754945,24.76452],[121.754986,24.764539],[121.755033,24.764541],[121.755407,24.76448],[121.755845,24.764387],[121.756212,24.764299]]]}},{"type":"Feature","properties":{"id":"6acdccc28bab","name":"宜蘭縣宜蘭市中山國民小學","level":"國小","basis":"name","data_ym":"202406"},"geometry":{"type":"Polygon","coordinates":[[[121.755098,24.752918],[121.75518,24.753199],[121.754106,24.753508],[121.754181,24.753735],[121.75443,24.754445],[121.754447,24.754474],[121.754876,24.754738],[121.755666,24.754532],[121.755703,24.754543],[121.756314,24.754369],[121.756298,24.754336],[121.756338,24.75432],[121.756332,24.754304],[121.756286,24.754314],[121.756239,24.75413],[121.756093,24.753813],[121.756022,24.753635],[121.755945,24.753477],[121.755963,24.753457],[121.755844,24.753161],[121.755763,24.752983],[121.755692,24.752797],[121.75568,24.752799],[121.75567,24.75276],[121.755641,24.752768],[121.755671,24.752845],[121.75544,24.752861],[121.755427,24.752827],[121.755098,24.752918]]]}},{"type":"Feature","properties":{"id":"dbb2b740777c","name":"宜蘭縣宜蘭市光復國民小學","level":"國小","basis":"name","data_ym":"202207"},"geometry":{"type":"Polygon","coordinates":[[[121.747941,24.754809],[121.747896,24.754805],[121.747887,24.754796],[121.747824,24.754793],[121.74775,24.754783],[121.747732,24.754787],[121.74765,24.75475],[121.747607,24.754718],[121.74751,24.754675],[121.747383,24.75463],[121.747235,24.754599],[121.746967,24.754554],[121.746899,24.754555],[121.74657,24.754529],[121.7465,24.754514],[121.746452,24.754495],[121.746383,24.754423],[121.746129,24.754403],[121.746109,24.754821],[121.746068,24.755488],[121.746068,24.75557],[121.746504,24.755747],[121.746509,24.755737],[121.746904,24.755879],[121.747011,24.755923],[121.747006,24.755933],[121.74752,24.756135],[121.747701,24.755563],[121.747714,24.755566],[121.747732,24.755511],[121.747719,24.755508],[121.747941,24.754809]]]}},{"type":"Feature","properties":{"id":"e4d62047cc6f","name":"宜蘭縣宜蘭市育才國民小學","level":"國小","basis":"name","data_ym":"202207"},"geometry":{"type":"Polygon","coordinates":[[[121.737904,24.733859],[121.738167,24.733569],[121.738196,24.733591],[121.738337,24.733466],[121.738653,24.733771],[121.738676,24.733315],[121.738714,24.732842],[121.737896,24.732787],[121.737878,24.732779],[121.737381,24.732366],[121.737358,24.732362],[121.737214,24.732487],[121.736637,24.733019],[121.736894,24.733353],[121.737066,24.733507],[121.737119,24.733547],[121.737448,24.73382],[121.737613,24.733968],[121.73772,24.734051],[121.737904,24.733859]]]}},{"type":"Feature","properties":{"id":"ce97e1a51d0c","name":"宜蘭縣宜蘭市宜蘭國民小學","level":"國小","basis":"name","data_ym":"202207"},"geometry":{"type":"Polygon","coordinates":[[[121.755098,24.752918],[121.75497,24.752508],[121.754869,24.752523],[121.754695,24.752555],[121.754486,24.7526],[121.754371,24.752632],[121.754348,24.752632],[121.754312,24.752625],[121.753892,24.75271],[121.75386,24.752778],[121.753866,24.752781],[121.754106,24.753508],[121.75518,24.753199],[121.755098,24.752918]]]}},{"type":"Feature","properties":{"id":"b7fb91e16059","name":"宜蘭縣宜蘭市南屏國民小學","level":"國小","basis":"name","data_ym":"202207"},"geometry":{"type":"Polygon","coordinates":[[[121.742284,24.753547],[121.74222,24.753555],[121.742167,24.753568],[121.742096,24.7536],[121.742029,24.753653],[121.741975,24.753713],[121.741691,24.753685],[121.741586,24.753851],[121.741298,24.754359],[121.741242,24.754449],[121.742186,24.755118],[121.741946,24.755405],[121.743041,24.756211],[121.743024,24.75623],[121.743116,24.7563],[121.743331,24.756011],[121.743165,24.755899],[121.743162,24.75587],[121.742766,24.755574],[121.743486,24.754537],[121.743511,24.754509],[121.743191,24.754286],[121.743185,24.754279],[121.743189,24.754269],[121.743157,24.754248],[121.743154,24.754239],[121.743157,24.754147],[121.743147,24.754109],[121.743138,24.754095],[121.743069,24.754063],[121.742978,24.754033],[121.742968,24.75405],[121.742916,24.754028],[121.742808,24.753971],[121.74283,24.753937],[121.742753,24.753895],[121.742284,24.753547]]]}},{"type":"Feature","properties":{"id":"0480931ee054","name":"宜蘭縣宜蘭市凱旋國民小學","level":"國小","basis":"name","data_ym":"202207"},"geometry":{"type":"Polygon","coordinates":[[[121.764424,24.72434],[121.764487,24.724231],[121.764499,24.724238],[121.764558,24.724143],[121.76477,24.723778],[121.76476,24.723753],[121.764745,24.72374],[121.764666,24.7237],[121.764555,24.723661],[121.764367,24.723604],[121.764249,24.723581],[121.763383,24.723444],[121.763206,24.723423],[121.763201,24.723426],[121.763158,24.723629],[121.763061,24.724198],[121.763067,24.724198],[121.762945,24.724868],[121.762874,24.72543],[121.763489,24.725527],[121.763499,24.725522],[121.763544,24.725458],[121.763555,24.725429],[121.763661,24.725045],[121.763698,24.724876],[121.763708,24.72486],[121.763732,24.724838],[121.763826,24.724785],[121.763943,24.724703],[121.7643,24.724437],[121.764424,24.72434]]]}},{"type":"Feature","properties":{"id":"5ca84b250e24","name":"宜蘭縣宜蘭市新生國民小學","level":"國小","basis":"name","data_ym":"202207"},"geometry":{"type":"Polygon","coordinates":[[[121.755159,24.770456],[121.754764,24.769806],[121.75368,24.770479],[121.753491,24.770592],[121.753676,24.770858],[121.754151,24.77152],[121.754181,24.771523],[121.755439,24.771125],[121.755502,24.771109],[121.755455,24.771028],[121.755159,24.770456]]]}},{"type":"Feature","properties":{"id":"05f36103353d","name":"宜蘭縣宜蘭市黎明國民小學","level":"國小","basis":"name","data_ym":"202207"},"geometry":{"type":"Polygon","coordinates":[[[121.764871,24.751522],[121.764996,24.751189],[121.76501,24.751193],[121.765022,24.751163],[121.765071,24.751018],[121.76344,24.75058],[121.763222,24.750961],[121.763203,24.750969],[121.763198,24.750986],[121.763202,24.750995],[121.763012,24.751333],[121.763525,24.751452],[121.763641,24.751471],[121.763791,24.751512],[121.76377,24.751588],[121.763734,24.751681],[121.763655,24.751826],[121.764596,24.752098],[121.764642,24.752082],[121.764711,24.752008],[121.764772,24.751875],[121.764832,24.75166],[121.764875,24.751537],[121.764871,24.751522]]]}},{"type":"Feature","properties":{"id":"a410b18cdc67","name":"宜蘭縣南澳鄉東澳國民小學","level":"國小","basis":"both","data_ym":"202207"},"geometry":{"type":"Polygon","coordinates":[[[121.833593,24.521116],[121.833151,24.520712],[121.832905,24.520906],[121.832427,24.521301],[121.832263,24.521442],[121.832411,24.521621],[121.832583,24.521864],[121.832573,24.521873],[121.83281,24.522134],[121.83306,24.521987],[121.833437,24.521787],[121.834089,24.521397],[121.834073,24.521371],[121.833793,24.521232],[121.833593,24.521116]]]}},{"type":"Feature","properties":{"id":"6011f22c1abf","name":"宜蘭縣南澳鄉武塔國民小學","level":"國小","basis":"both","data_ym":"202407"},"geometry":{"type":"Polygon","coordinates":[[[121.777733,24.446397],[121.77783,24.446391],[121.77789,24.446392],[121.77789,24.446396],[121.778338,24.446369],[121.77844,24.446351],[121.778409,24.446281],[121.778873,24.446145],[121.778909,24.446045],[121.779162,24.445983],[121.779168,24.445673],[121.779192,24.445205],[121.779017,24.445048],[121.778981,24.44503],[121.778883,24.444992],[121.778541,24.444882],[121.778357,24.444839],[121.778282,24.44483],[121.778111,24.44484],[121.778019,24.444861],[121.777834,24.444935],[121.777716,24.444995],[121.777684,24.44502],[121.777648,24.445054],[121.777576,24.445154],[121.777525,24.445251],[121.777427,24.445495],[121.777419,24.445526],[121.77741,24.445587],[121.777364,24.446352],[121.777355,24.446447],[121.77754,24.446425],[121.777733,24.446397]]]}},{"type":"Feature","properties":{"id":"657f77c25426","name":"宜蘭縣南澳鄉金岳國民小學","level":"國小","basis":"both","data_ym":"201901"},"geometry":{"type":"Polygon","coordinates":[[[121.777793,24.471187],[121.777694,24.470898],[121.777614,24.470711],[121.777522,24.470512],[121.777515,24.470505],[121.777485,24.470496],[121.777411,24.470493],[121.777267,24.47051],[121.776624,24.470628],[121.77661,24.470642],[121.776605,24.470655],[121.776609,24.470706],[121.776633,24.470857],[121.776652,24.471024],[121.776676,24.471049],[121.776686,24.471177],[121.776756,24.471171],[121.776843,24.471415],[121.776885,24.471417],[121.777222,24.471325],[121.777387,24.471289],[121.777772,24.471223],[121.777793,24.471187]]]}},{"type":"Feature","properties":{"id":"c6b04cc8ac93","name":"宜蘭縣南澳鄉金洋國民小學","level":"國小","basis":"both","data_ym":"201901"},"geometry":{"type":"Polygon","coordinates":[[[121.749783,24.425752],[121.749165,24.425726],[121.74901,24.425734],[121.749013,24.426237],[121.749579,24.426259],[121.749756,24.426261],[121.749783,24.425752]]]}},{"type":"Feature","properties":{"id":"c05d02ffd27c","name":"宜蘭縣南澳鄉金洋國民小學1","level":"國小","basis":"both","data_ym":"201811"},"geometry":{"type":"Polygon","coordinates":[[[121.749847,24.426876],[121.749849,24.426819],[121.750059,24.426822],[121.750086,24.426344],[121.749785,24.426323],[121.749454,24.426316],[121.74915,24.426302],[121.749142,24.426615],[121.749144,24.426733],[121.749182,24.426783],[121.749192,24.426812],[121.749198,24.426864],[121.749203,24.426872],[121.749217,24.426878],[121.749847,24.426876]]]}},{"type":"Feature","properties":{"id":"8154f9633fca","name":"宜蘭縣南澳鄉南澳國民小學","level":"國小","basis":"both","data_ym":"201901"},"geometry":{"type":"Polygon","coordinates":[[[121.801287,24.467417],[121.801302,24.4674],[121.801333,24.466747],[121.799721,24.466755],[121.799722,24.466932],[121.799603,24.466937],[121.799588,24.467373],[121.800505,24.467401],[121.801287,24.467417]]]}},{"type":"Feature","properties":{"id":"ad7aee261e4f","name":"宜蘭縣南澳鄉碧候國民小學","level":"國小","basis":"both","data_ym":"201901"},"geometry":{"type":"Polygon","coordinates":[[[121.785179,24.473825],[121.785066,24.473691],[121.784377,24.47419],[121.7846,24.474679],[121.784784,24.474545],[121.784775,24.474509],[121.784942,24.474374],[121.784991,24.474353],[121.785373,24.474042],[121.785206,24.47385],[121.785179,24.473825]]]}},{"type":"Feature","properties":{"id":"736cfbd89751","name":"宜蘭縣南澳鄉澳花國民小學","level":"國小","basis":"both","data_ym":"201901"},"geometry":{"type":"Polygon","coordinates":[[[121.739838,24.329281],[121.73988,24.329041],[121.739891,24.329043],[121.739992,24.328694],[121.739287,24.328675],[121.739054,24.328687],[121.738997,24.328878],[121.739005,24.328889],[121.738917,24.329172],[121.739002,24.329203],[121.739149,24.329264],[121.739465,24.329417],[121.739781,24.329561],[121.739828,24.329515],[121.739838,24.329281]]]}},{"type":"Feature","properties":{"id":"c0c6268a39e3","name":"宜蘭縣員山鄉七賢國民小學","level":"國小","basis":"both","data_ym":"202206"},"geometry":{"type":"Polygon","coordinates":[[[121.74392,24.71927],[121.743927,24.71909],[121.743882,24.719069],[121.743695,24.718961],[121.743665,24.71892],[121.743396,24.719133],[121.743319,24.719176],[121.743152,24.719182],[121.743076,24.719143],[121.743072,24.719434],[121.74305,24.719617],[121.74302,24.719955],[121.743972,24.719964],[121.743982,24.719809],[121.743985,24.719583],[121.743982,24.719528],[121.74392,24.71927]]]}},{"type":"Feature","properties":{"id":"19dc925b3dcc","name":"宜蘭縣員山鄉大湖國民小學","level":"國小","basis":"both","data_ym":"201901"},"geometry":{"type":"Polygon","coordinates":[[[121.691549,24.747413],[121.691453,24.74703],[121.690476,24.747332],[121.690538,24.747696],[121.69069,24.748275],[121.690943,24.748216],[121.691336,24.748114],[121.69171,24.747988],[121.691549,24.747413]]]}},{"type":"Feature","properties":{"id":"b6f3d074f1bd","name":"宜蘭縣員山鄉內城國民小學化育分校","level":"大專","basis":"branch","data_ym":"202206"},"geometry":{"type":"Polygon","coordinates":[[[121.653041,24.711346],[121.652853,24.711149],[121.652213,24.711178],[121.652214,24.711263],[121.652069,24.711491],[121.652099,24.711549],[121.652549,24.712041],[121.652676,24.711968],[121.652887,24.71182],[121.652908,24.7118],[121.652945,24.711751],[121.652985,24.711656],[121.653007,24.711617],[121.653077,24.711556],[121.653182,24.711486],[121.653041,24.711346]]]}},{"type":"Feature","properties":{"id":"2b5c1293e4b6","name":"宜蘭縣員山鄉同樂國民小學","level":"國小","basis":"both","data_ym":"202207"},"geometry":{"type":"Polygon","coordinates":[[[121.729833,24.763602],[121.729422,24.762875],[121.729366,24.762788],[121.729328,24.762794],[121.72919,24.762534],[121.729157,24.762456],[121.728936,24.762559],[121.728779,24.762739],[121.728764,24.762773],[121.728712,24.762817],[121.728703,24.762832],[121.728528,24.762967],[121.728294,24.76312],[121.728301,24.763131],[121.728166,24.763222],[121.728246,24.763318],[121.728263,24.763306],[121.728332,24.763389],[121.728476,24.763293],[121.728423,24.763195],[121.728558,24.763123],[121.729339,24.763902],[121.72974,24.763772],[121.729734,24.763747],[121.729763,24.76374],[121.729759,24.763725],[121.729806,24.763696],[121.729818,24.763679],[121.729841,24.763662],[121.729843,24.763639],[121.729833,24.763602]]]}},{"type":"Feature","properties":{"id":"c738c3e75675","name":"宜蘭縣員山鄉員山國民小學","level":"國小","basis":"both","data_ym":"202207"},"geometry":{"type":"Polygon","coordinates":[[[121.722922,24.744245],[121.722978,24.744182],[121.722969,24.744174],[121.723266,24.743811],[121.722763,24.743407],[121.722654,24.743307],[121.722314,24.743021],[121.722346,24.742994],[121.722074,24.742756],[121.721131,24.74376],[121.721132,24.743818],[121.72114,24.743855],[121.721186,24.743914],[121.721223,24.743937],[121.721561,24.74423],[121.721782,24.744379],[121.721961,24.744215],[121.722381,24.744522],[121.722608,24.74456],[121.722922,24.744245]]]}},{"type":"Feature","properties":{"id":"cd638e24afce","name":"宜蘭縣員山鄉深溝國民小學","level":"國小","basis":"both","data_ym":"202206"},"geometry":{"type":"Polygon","coordinates":[[[121.723911,24.724559],[121.724217,24.723796],[121.724309,24.723539],[121.724141,24.723487],[121.724234,24.723228],[121.72348,24.723081],[121.723316,24.723587],[121.723187,24.723891],[121.723169,24.723885],[121.723032,24.72424],[121.72318,24.724293],[121.723602,24.724455],[121.723911,24.724559]]]}},{"type":"Feature","properties":{"id":"1c3ee21df591","name":"宜蘭縣員山鄉湖山國民小學","level":"國小","basis":"both","data_ym":"202207"},"geometry":{"type":"Polygon","coordinates":[[[121.699578,24.779514],[121.699732,24.779464],[121.699735,24.779483],[121.700011,24.779417],[121.700029,24.779408],[121.700046,24.779388],[121.699852,24.778765],[121.699623,24.77885],[121.699515,24.778913],[121.699403,24.778962],[121.699298,24.77898],[121.699211,24.778985],[121.699061,24.779046],[121.698859,24.779166],[121.69885,24.779202],[121.698899,24.77935],[121.69896,24.779464],[121.698973,24.779506],[121.698966,24.779553],[121.698909,24.779672],[121.698916,24.779699],[121.699582,24.779529],[121.699578,24.779514]]]}},{"type":"Feature","properties":{"id":"fb0ee81f4453","name":"宜蘭縣頭城鎮二城國民小學","level":"國小","basis":"both","data_ym":"202207"},"geometry":{"type":"Polygon","coordinates":[[[121.806118,24.843043],[121.805927,24.842901],[121.805233,24.842406],[121.805208,24.842413],[121.804893,24.842777],[121.804662,24.843034],[121.804646,24.843022],[121.804404,24.843308],[121.805629,24.844167],[121.805757,24.844005],[121.805837,24.843916],[121.805904,24.843855],[121.805941,24.843827],[121.806363,24.843397],[121.806118,24.843043]]]}},{"type":"Feature","properties":{"id":"be51e7de47b9","name":"宜蘭縣頭城鎮大里國民小學","level":"國小","basis":"both","data_ym":"202405"},"geometry":{"type":"Polygon","coordinates":[[[121.926117,24.970088],[121.925926,24.969968],[121.925863,24.970051],[121.925893,24.970085],[121.925944,24.970175],[121.925882,24.970265],[121.925742,24.970505],[121.92587,24.970604],[121.926303,24.970837],[121.926422,24.970878],[121.926527,24.970907],[121.926518,24.970949],[121.926661,24.970953],[121.926804,24.971182],[121.926849,24.971248],[121.92693,24.971316],[121.927094,24.971417],[121.927187,24.971306],[121.92731,24.971076],[121.927417,24.970935],[121.927134,24.970764],[121.926369,24.970267],[121.926117,24.970088]]]}},{"type":"Feature","properties":{"id":"e9421836a9c9","name":"宜蘭縣頭城鎮大溪國民小學","level":"國小","basis":"both","data_ym":"201901"},"geometry":{"type":"Polygon","coordinates":[[[121.8874,24.934863],[121.887324,24.934769],[121.887108,24.934851],[121.886629,24.935124],[121.886229,24.935384],[121.886195,24.935447],[121.886421,24.93561],[121.886675,24.935765],[121.887147,24.936141],[121.887818,24.935728],[121.887809,24.935691],[121.887593,24.935169],[121.887454,24.934942],[121.8874,24.934863]]]}},{"type":"Feature","properties":{"id":"e897e17d6152","name":"宜蘭縣頭城鎮竹安國民小學","level":"國小","basis":"both","data_ym":"202405"},"geometry":{"type":"Polygon","coordinates":[[[121.820799,24.824996],[121.820658,24.824541],[121.820072,24.824653],[121.82015,24.824985],[121.820237,24.825289],[121.820269,24.825434],[121.820287,24.825542],[121.820287,24.825619],[121.820328,24.82567],[121.820342,24.82568],[121.820358,24.825682],[121.820416,24.825672],[121.820984,24.825549],[121.820799,24.824996]]]}},{"type":"Feature","properties":{"id":"f4a01a5bce0c","name":"宜蘭縣頭城鎮梗枋國民小學","level":"國小","basis":"both","data_ym":"202207"},"geometry":{"type":"Polygon","coordinates":[[[121.862496,24.900783],[121.862535,24.900773],[121.862869,24.900784],[121.862833,24.899934],[121.862739,24.899731],[121.862692,24.89966],[121.862544,24.899655],[121.86251,24.899666],[121.86251,24.899761],[121.862459,24.899879],[121.862284,24.899964],[121.862258,24.900005],[121.861919,24.900658],[121.861954,24.900732],[121.86201,24.900833],[121.862038,24.90086],[121.862072,24.900881],[121.862105,24.900895],[121.862127,24.900896],[121.86216,24.900892],[121.862221,24.900861],[121.862399,24.900834],[121.862441,24.900808],[121.862496,24.900783]]]}},{"type":"Feature","properties":{"id":"71a992a958fb","name":"宜蘭縣頭城鎮頭城國民小學","level":"國小","basis":"both","data_ym":"201901"},"geometry":{"type":"Polygon","coordinates":[[[121.828541,24.862805],[121.828444,24.862587],[121.828397,24.862606],[121.828354,24.862536],[121.828402,24.862509],[121.827814,24.861567],[121.827751,24.861539],[121.827037,24.862178],[121.827052,24.862189],[121.826883,24.862341],[121.827224,24.862801],[121.82806,24.863976],[121.828112,24.864018],[121.828238,24.86394],[121.828695,24.863689],[121.828706,24.863688],[121.8287,24.863565],[121.828682,24.863387],[121.828621,24.863115],[121.828541,24.862805]]]}},{"type":"Feature","properties":{"id":"99f3a837f5d1","name":"宜蘭縣礁溪鄉三民國民小學","level":"國小","basis":"both","data_ym":"202406"},"geometry":{"type":"Polygon","coordinates":[[[121.76054,24.812931],[121.760443,24.812768],[121.759973,24.812993],[121.759982,24.81301],[121.759858,24.813062],[121.759524,24.813192],[121.759591,24.813318],[121.759544,24.813347],[121.759597,24.813445],[121.759495,24.813529],[121.759765,24.814054],[121.760499,24.81372],[121.76089,24.813548],[121.76054,24.812931]]]}},{"type":"Feature","properties":{"id":"2ce5cc84c26d","name":"宜蘭縣礁溪鄉四結國民小學","level":"國小","basis":"both","data_ym":"202406"},"geometry":{"type":"Polygon","coordinates":[[[121.759819,24.786385],[121.759776,24.78636],[121.759775,24.786174],[121.759699,24.786173],[121.759696,24.786378],[121.759251,24.78638],[121.759262,24.786639],[121.759246,24.786746],[121.759223,24.786791],[121.759179,24.786841],[121.759116,24.78694],[121.759068,24.787068],[121.759065,24.787117],[121.759069,24.787194],[121.759062,24.787251],[121.759168,24.787274],[121.759441,24.787303],[121.759844,24.787379],[121.760161,24.787455],[121.760274,24.7873],[121.760376,24.787179],[121.76039,24.787145],[121.760595,24.786893],[121.760636,24.786845],[121.760681,24.78682],[121.760547,24.786801],[121.760543,24.786389],[121.759819,24.786385]]]}},{"type":"Feature","properties":{"id":"234a78ef770e","name":"宜蘭縣礁溪鄉玉田國民小學","level":"國小","basis":"both","data_ym":"202408"},"geometry":{"type":"Polygon","coordinates":[[[121.791186,24.796159],[121.791177,24.796004],[121.791013,24.796006],[121.791004,24.795927],[121.791052,24.795921],[121.791067,24.795892],[121.791149,24.795896],[121.791007,24.795677],[121.7909,24.79543],[121.790908,24.795412],[121.790958,24.795399],[121.790934,24.79535],[121.790881,24.795379],[121.790838,24.795431],[121.790221,24.795599],[121.789915,24.795693],[121.790185,24.796566],[121.790791,24.796415],[121.791179,24.796328],[121.791186,24.796159]]]}},{"type":"Feature","properties":{"id":"3770c40afd30","name":"宜蘭縣礁溪鄉龍潭國民小學","level":"國小","basis":"both","data_ym":"202406"},"geometry":{"type":"Polygon","coordinates":[[[121.745497,24.779958],[121.744661,24.778994],[121.744365,24.779218],[121.744203,24.779332],[121.744219,24.779354],[121.744099,24.779451],[121.74408,24.77943],[121.743955,24.779536],[121.743943,24.779592],[121.743927,24.779795],[121.743983,24.779873],[121.743973,24.779916],[121.744324,24.780283],[121.744768,24.780758],[121.745018,24.780581],[121.745217,24.78043],[121.745321,24.780338],[121.745401,24.780247],[121.745543,24.780038],[121.745543,24.780018],[121.745497,24.779958]]]}},{"type":"Feature","properties":{"id":"541e79484e4b","name":"宜蘭縣礁溪鄉龍潭國民小學匏崙分校","level":"大專","basis":"branch","data_ym":"201901"},"geometry":{"type":"Polygon","coordinates":[[[121.729427,24.792293],[121.729168,24.791868],[121.729076,24.792072],[121.729098,24.792209],[121.729098,24.792251],[121.729088,24.792321],[121.729054,24.792448],[121.729105,24.792542],[121.729353,24.792922],[121.729419,24.792889],[121.729481,24.79283],[121.729492,24.792812],[121.729514,24.79271],[121.729614,24.79265],[121.72946,24.792361],[121.729419,24.792299],[121.729427,24.792293]]]}},{"type":"Feature","properties":{"id":"21babc12f8a4","name":"宜蘭縣礁溪鄉礁溪國民小學","level":"國小","basis":"both","data_ym":"202406"},"geometry":{"type":"Polygon","coordinates":[[[121.76977,24.821944],[121.769734,24.821848],[121.769727,24.821855],[121.769409,24.820995],[121.769389,24.820988],[121.769346,24.820875],[121.769295,24.820887],[121.769231,24.820857],[121.769225,24.82084],[121.768748,24.820993],[121.768749,24.820997],[121.768709,24.821009],[121.76871,24.821026],[121.768657,24.821026],[121.768125,24.821197],[121.767526,24.821367],[121.766979,24.821559],[121.767087,24.822041],[121.767089,24.822064],[121.767061,24.822242],[121.767103,24.822452],[121.767072,24.822453],[121.767103,24.822776],[121.767104,24.822845],[121.767623,24.822676],[121.768134,24.822492],[121.768714,24.822308],[121.768965,24.82221],[121.76977,24.821944]]]}},{"type":"Feature","properties":{"id":"35740f5ec908","name":"宜蘭縣羅東鎮公正國民小學","level":"國小","basis":"both","data_ym":"202206"},"geometry":{"type":"Polygon","coordinates":[[[121.766317,24.679419],[121.766314,24.679409],[121.766324,24.679407],[121.766307,24.67939],[121.766348,24.679358],[121.766326,24.679322],[121.766328,24.679275],[121.766338,24.679244],[121.766377,24.679207],[121.766431,24.679183],[121.766481,24.679168],[121.766475,24.679146],[121.766427,24.679162],[121.766406,24.679108],[121.76661,24.679057],[121.766634,24.67914],[121.766732,24.679115],[121.766721,24.679068],[121.767152,24.67895],[121.767051,24.67867],[121.766871,24.678131],[121.766812,24.677911],[121.766763,24.677773],[121.766222,24.677918],[121.766212,24.677882],[121.766121,24.677906],[121.766133,24.677942],[121.76557,24.678094],[121.765696,24.678494],[121.765999,24.679499],[121.766317,24.679419]]]}},{"type":"Feature","properties":{"id":"532292f4fd1a","name":"宜蘭縣羅東鎮北成國民小學","level":"國小","basis":"both","data_ym":"202406"},"geometry":{"type":"Polygon","coordinates":[[[121.757531,24.673567],[121.757525,24.673569],[121.757386,24.674134],[121.75734,24.674362],[121.757254,24.674706],[121.757248,24.674868],[121.757231,24.674887],[121.758064,24.675544],[121.758187,24.675649],[121.758398,24.675811],[121.758407,24.675799],[121.75842,24.675808],[121.758439,24.675791],[121.758451,24.675801],[121.75849,24.675765],[121.758478,24.675754],[121.758513,24.675721],[121.758529,24.675696],[121.758529,24.67568],[121.758477,24.675598],[121.758604,24.675566],[121.758605,24.675569],[121.758668,24.675559],[121.758682,24.675611],[121.759131,24.675527],[121.759145,24.675514],[121.759148,24.67549],[121.759156,24.675344],[121.759157,24.675214],[121.759139,24.675118],[121.759123,24.67512],[121.759098,24.674962],[121.759143,24.674916],[121.759151,24.674888],[121.759101,24.674076],[121.759092,24.674061],[121.759052,24.67405],[121.759048,24.674059],[121.75806,24.67376],[121.757531,24.673567]]]}},{"type":"Feature","properties":{"id":"98b4ac1e4aff","name":"宜蘭縣羅東鎮成功國民小學","level":"國小","basis":"both","data_ym":"202406"},"geometry":{"type":"Polygon","coordinates":[[[121.767915,24.671719],[121.768271,24.671975],[121.768404,24.672094],[121.768522,24.672049],[121.768836,24.672041],[121.768939,24.672026],[121.769005,24.672075],[121.769,24.672082],[121.769056,24.672133],[121.769116,24.672225],[121.769196,24.672195],[121.769283,24.672144],[121.76952,24.67205],[121.769476,24.67191],[121.76946,24.671898],[121.769451,24.671863],[121.769451,24.67185],[121.769458,24.671839],[121.769553,24.671767],[121.769601,24.671749],[121.769634,24.671745],[121.769724,24.671745],[121.769748,24.67174],[121.770095,24.671558],[121.769631,24.670811],[121.7695,24.670751],[121.769082,24.670508],[121.768765,24.670697],[121.768761,24.670701],[121.768762,24.670733],[121.76865,24.670795],[121.768641,24.670784],[121.768626,24.670781],[121.768493,24.670864],[121.768464,24.670926],[121.768348,24.670988],[121.768313,24.671071],[121.768269,24.671087],[121.768164,24.671269],[121.768187,24.671295],[121.768045,24.671475],[121.76793,24.671667],[121.767915,24.671719]]]}},{"type":"Feature","properties":{"id":"f83e7331e363","name":"宜蘭縣羅東鎮竹林國民小學","level":"國小","basis":"both","data_ym":"202206"},"geometry":{"type":"Polygon","coordinates":[[[121.766509,24.689368],[121.766596,24.689302],[121.766617,24.689288],[121.766648,24.689279],[121.767435,24.689126],[121.767658,24.689098],[121.767556,24.688127],[121.767518,24.688121],[121.767505,24.688115],[121.767491,24.688102],[121.76666,24.688044],[121.766687,24.688395],[121.766427,24.688406],[121.766413,24.688485],[121.766086,24.68851],[121.766083,24.688485],[121.765904,24.688497],[121.765894,24.688362],[121.76577,24.68839],[121.765686,24.688414],[121.765518,24.688739],[121.765883,24.688709],[121.765903,24.688939],[121.765771,24.68895],[121.765794,24.689227],[121.765814,24.689389],[121.765866,24.68937],[121.765916,24.689366],[121.766152,24.689397],[121.766216,24.689397],[121.766462,24.689379],[121.766509,24.689368]]]}},{"type":"Feature","properties":{"id":"4c7a525b113b","name":"宜蘭縣羅東鎮羅東國民小學","level":"國小","basis":"both","data_ym":"202406"},"geometry":{"type":"Polygon","coordinates":[[[121.772453,24.67373],[121.772519,24.673646],[121.772561,24.673669],[121.772577,24.67365],[121.772593,24.673661],[121.772723,24.673489],[121.772708,24.673479],[121.772724,24.673456],[121.772748,24.67344],[121.772801,24.67343],[121.773017,24.673197],[121.773052,24.673214],[121.7731,24.673131],[121.773058,24.67311],[121.773165,24.673024],[121.773333,24.672944],[121.773333,24.67293],[121.77339,24.672929],[121.773394,24.672688],[121.773403,24.67263],[121.773435,24.672477],[121.773534,24.672081],[121.773526,24.672065],[121.773142,24.672002],[121.772762,24.671925],[121.772446,24.671976],[121.771633,24.672094],[121.77182,24.672421],[121.771763,24.673208],[121.771767,24.673245],[121.771785,24.673304],[121.771726,24.673323],[121.771749,24.673376],[121.771795,24.673407],[121.772079,24.673507],[121.772236,24.673582],[121.772245,24.673572],[121.772327,24.673629],[121.772319,24.673638],[121.772453,24.67373]]]}},{"type":"Feature","properties":{"id":"6aa912fb78b4","name":"宜蘭縣蘇澳鎮士敏國民小學","level":"國小","basis":"both","data_ym":"202207"},"geometry":{"type":"Polygon","coordinates":[[[121.853952,24.592709],[121.853954,24.59259],[121.853961,24.592591],[121.853961,24.592558],[121.854244,24.592559],[121.854244,24.592635],[121.854269,24.592663],[121.854799,24.592441],[121.854781,24.591642],[121.853206,24.591628],[121.853186,24.592673],[121.853191,24.592692],[121.853205,24.59271],[121.853226,24.592715],[121.853946,24.592719],[121.853952,24.592709]]]}},{"type":"Feature","properties":{"id":"fed49c0e809a","name":"宜蘭縣蘇澳鎮永樂國民小學","level":"國小","basis":"both","data_ym":"201901"},"geometry":{"type":"Polygon","coordinates":[[[121.845038,24.576539],[121.845103,24.576431],[121.845188,24.576446],[121.845165,24.575683],[121.844936,24.575624],[121.844476,24.575352],[121.844509,24.575283],[121.84421,24.575105],[121.844091,24.575046],[121.84375,24.575574],[121.843629,24.575792],[121.843714,24.575827],[121.843867,24.575905],[121.844008,24.575968],[121.844197,24.576066],[121.844536,24.576257],[121.844556,24.576228],[121.844609,24.576256],[121.844587,24.576286],[121.845038,24.576539]]]}},{"type":"Feature","properties":{"id":"54476a92a307","name":"宜蘭縣蘇澳鎮育英國民小學","level":"國小","basis":"both","data_ym":"202405"},"geometry":{"type":"Polygon","coordinates":[[[121.834105,24.641282],[121.834247,24.641244],[121.834257,24.641272],[121.834313,24.64126],[121.834379,24.64116],[121.834071,24.640091],[121.833756,24.639996],[121.833795,24.639892],[121.833723,24.639866],[121.833681,24.639827],[121.832693,24.639498],[121.832672,24.63955],[121.832659,24.639546],[121.832555,24.639819],[121.832,24.639675],[121.831953,24.63978],[121.832514,24.639969],[121.832435,24.640153],[121.832686,24.640215],[121.832692,24.640198],[121.833408,24.64043],[121.83329,24.640765],[121.833295,24.640766],[121.833176,24.641102],[121.833184,24.641144],[121.833191,24.641161],[121.833206,24.641174],[121.833939,24.641392],[121.834037,24.641349],[121.834118,24.641319],[121.834105,24.641282]]]}},{"type":"Feature","properties":{"id":"0504cc4ce7f0","name":"宜蘭縣蘇澳鎮南安國民小學","level":"國小","basis":"both","data_ym":"202207"},"geometry":{"type":"Polygon","coordinates":[[[121.869718,24.579854],[121.86995,24.579747],[121.869854,24.579579],[121.869583,24.579311],[121.869576,24.579315],[121.869543,24.57928],[121.869415,24.579356],[121.869387,24.579412],[121.869135,24.579307],[121.868656,24.57892],[121.868495,24.578799],[121.868413,24.578717],[121.868366,24.578739],[121.868329,24.578695],[121.86827,24.578597],[121.868248,24.578597],[121.868237,24.578584],[121.86818,24.578479],[121.868158,24.578447],[121.868058,24.578348],[121.868023,24.578325],[121.8677,24.578172],[121.867438,24.578627],[121.867389,24.578605],[121.867153,24.578617],[121.867131,24.578447],[121.866573,24.578648],[121.866553,24.578967],[121.867179,24.578736],[121.86716,24.578646],[121.867361,24.578635],[121.867429,24.578717],[121.867503,24.578728],[121.867607,24.578828],[121.86761,24.578903],[121.867798,24.579013],[121.86783,24.578975],[121.868078,24.57903],[121.868179,24.578881],[121.86826,24.578997],[121.868254,24.579008],[121.868447,24.579267],[121.8685,24.579459],[121.868496,24.579496],[121.868906,24.579859],[121.869441,24.579798],[121.869485,24.579776],[121.869595,24.579923],[121.869718,24.579854]]]}},{"type":"Feature","properties":{"id":"29a119d070cb","name":"宜蘭縣蘇澳鎮馬賽國民小學","level":"國小","basis":"both","data_ym":"202405"},"geometry":{"type":"Polygon","coordinates":[[[121.835931,24.622531],[121.835897,24.621079],[121.835144,24.62109],[121.835143,24.621144],[121.834467,24.621162],[121.834491,24.622111],[121.834702,24.622102],[121.834731,24.622599],[121.835908,24.622564],[121.835931,24.622531]]]}},{"type":"Feature","properties":{"id":"d44dad3f6dac","name":"宜蘭縣蘇澳鎮蓬萊國民小學","level":"國小","basis":"both","data_ym":"202012"},"geometry":{"type":"Polygon","coordinates":[[[121.803173,24.463968],[121.803099,24.463932],[121.803076,24.463943],[121.803063,24.463962],[121.803043,24.464027],[121.803014,24.464099],[121.802984,24.464151],[121.802926,24.464227],[121.802882,24.46427],[121.802933,24.464322],[121.802899,24.464365],[121.802766,24.464488],[121.802938,24.46469],[121.803161,24.464879],[121.803406,24.465055],[121.803592,24.465205],[121.803992,24.464916],[121.803994,24.464903],[121.803338,24.464143],[121.803173,24.463968]]]}},{"type":"Feature","properties":{"id":"aa43a1ceb9db","name":"宜蘭縣蘇澳鎮蘇澳國民小學","level":"國小","basis":"both","data_ym":"202207"},"geometry":{"type":"Polygon","coordinates":[[[121.842372,24.59617],[121.842222,24.596034],[121.8422,24.59603],[121.842168,24.596027],[121.841837,24.596097],[121.84178,24.595916],[121.840376,24.596283],[121.840031,24.596358],[121.84011,24.596706],[121.840091,24.597036],[121.840075,24.59711],[121.840017,24.597233],[121.840098,24.597478],[121.840545,24.597188],[121.8406,24.597155],[121.840637,24.597137],[121.841089,24.597001],[121.841504,24.596887],[121.841608,24.596844],[121.841673,24.596811],[121.842008,24.596542],[121.842404,24.596206],[121.842372,24.59617]]]}},{"type":"Feature","properties":{"id":"0b1a0aeb6584","name":"宜蘭縣蘇澳鎮蘇澳國民小學1","level":"國小","basis":"both","data_ym":"202207"},"geometry":{"type":"Polygon","coordinates":[[[121.840571,24.597583],[121.840643,24.597523],[121.840858,24.597608],[121.841071,24.597561],[121.841249,24.597493],[121.84133,24.597415],[121.841319,24.597266],[121.841308,24.597216],[121.841252,24.597085],[121.84124,24.597043],[121.840745,24.597176],[121.840642,24.597212],[121.840295,24.597422],[121.840135,24.597526],[121.840234,24.59759],[121.840264,24.597718],[121.840324,24.597792],[121.840439,24.597769],[121.840571,24.597583]]]}},{"type":"Feature","properties":{"id":"cb3fb4522c93","name":"耕莘健康管理專科學校宜蘭校區","level":"大專","basis":"branch","data_ym":"202201"},"geometry":{"type":"Polygon","coordinates":[[[121.686523,24.699236],[121.686621,24.697629],[121.686087,24.697312],[121.686347,24.69705],[121.686608,24.697219],[121.686648,24.697237],[121.686657,24.697103],[121.686185,24.696295],[121.686084,24.696348],[121.685943,24.696407],[121.68591,24.696415],[121.685799,24.696422],[121.685466,24.696502],[121.685172,24.696561],[121.684918,24.696585],[121.684718,24.696616],[121.684683,24.696602],[121.684352,24.696647],[121.683907,24.696618],[121.683856,24.69661],[121.683778,24.696584],[121.68356,24.696496],[121.683356,24.696424],[121.683054,24.696308],[121.682691,24.696159],[121.682015,24.695919],[121.682005,24.695918],[121.681992,24.695927],[121.681982,24.695946],[121.681881,24.696278],[121.681908,24.696291],[121.68193,24.696313],[121.681952,24.696328],[121.682075,24.696379],[121.682271,24.696511],[121.682275,24.696546],[121.682251,24.696583],[121.682423,24.696776],[121.682443,24.696794],[121.682619,24.696875],[121.682665,24.696885],[121.682754,24.696895],[121.682775,24.69692],[121.682704,24.697167],[121.682839,24.697208],[121.682823,24.697247],[121.683052,24.697391],[121.683075,24.697401],[121.683213,24.697424],[121.683224,24.697396],[121.683852,24.697521],[121.684076,24.697636],[121.684106,24.697637],[121.684109,24.697672],[121.684103,24.697685],[121.683979,24.697788],[121.683834,24.697877],[121.683589,24.697902],[121.683378,24.697761],[121.683322,24.69791],[121.683431,24.697967],[121.683417,24.697991],[121.683407,24.697986],[121.683401,24.698054],[121.683617,24.698148],[121.683602,24.69818],[121.683303,24.698258],[121.683174,24.698244],[121.683083,24.698246],[121.682963,24.698285],[121.682877,24.698327],[121.682775,24.698355],[121.682531,24.69827],[121.682502,24.698273],[121.682492,24.69833],[121.682575,24.698731],[121.68306,24.69877],[121.683955,24.698814],[121.684006,24.698834],[121.684059,24.698891],[121.684106,24.69895],[121.684171,24.698983],[121.684246,24.699014],[121.684403,24.699023],[121.684813,24.699006],[121.684185,24.698438],[121.684277,24.698016],[121.684478,24.698065],[121.68452,24.698104],[121.685143,24.698338],[121.68553,24.698875],[121.685591,24.698974],[121.685754,24.69911],[121.685832,24.699164],[121.685883,24.699186],[121.686523,24.699236]]]}},{"type":"Feature","properties":{"id":"edc002eed7c0","name":"國立宜蘭大學","level":"大專","basis":"both","data_ym":"202207"},"geometry":{"type":"Polygon","coordinates":[[[121.74541,24.747852],[121.74641,24.747603],[121.747244,24.747373],[121.74724,24.747365],[121.747295,24.74735],[121.747298,24.747359],[121.747571,24.747283],[121.747719,24.747256],[121.748095,24.747132],[121.748092,24.747123],[121.748126,24.747125],[121.748383,24.747062],[121.748385,24.747042],[121.748402,24.747043],[121.748403,24.747021],[121.749168,24.746807],[121.749025,24.746468],[121.748966,24.7464],[121.748849,24.746325],[121.748845,24.746152],[121.748486,24.745342],[121.748253,24.74488],[121.747886,24.744891],[121.747437,24.744912],[121.746739,24.744952],[121.74674,24.744975],[121.74653,24.744976],[121.746389,24.744981],[121.746364,24.745004],[121.746268,24.745001],[121.746274,24.744978],[121.744571,24.745059],[121.74454,24.745064],[121.743691,24.745292],[121.743633,24.7453],[121.74296,24.745489],[121.74292,24.745497],[121.742926,24.745517],[121.742578,24.745618],[121.742664,24.74574],[121.742815,24.746008],[121.743015,24.746432],[121.743228,24.746959],[121.743345,24.746963],[121.743463,24.746934],[121.743531,24.746905],[121.743757,24.746876],[121.743885,24.747111],[121.744092,24.747005],[121.743984,24.746812],[121.744174,24.74676],[121.744229,24.74676],[121.74437,24.747027],[121.744493,24.746983],[121.744675,24.746926],[121.744737,24.747063],[121.744877,24.747341],[121.744985,24.747542],[121.744989,24.747541],[121.74502,24.747605],[121.745187,24.747911],[121.74541,24.747852]]]}},{"type":"Feature","properties":{"id":"67729dea3074","name":"國立宜蘭大學五結校區","level":"大專","basis":"branch","data_ym":"202405"},"geometry":{"type":"Polygon","coordinates":[[[121.833718,24.670564],[121.833714,24.670511],[121.833959,24.670522],[121.833979,24.669419],[121.833977,24.668825],[121.833954,24.668782],[121.833815,24.668697],[121.833774,24.668664],[121.833746,24.668623],[121.83373,24.668536],[121.833659,24.667881],[121.833576,24.667333],[121.833119,24.667198],[121.83254,24.667],[121.832487,24.667119],[121.832574,24.667218],[121.832615,24.667406],[121.832612,24.667476],[121.832593,24.667549],[121.832418,24.667846],[121.832338,24.667934],[121.83203,24.668726],[121.832025,24.668754],[121.832059,24.668778],[121.832623,24.668984],[121.83258,24.669329],[121.832556,24.669567],[121.832538,24.669834],[121.83263,24.670489],[121.833622,24.670622],[121.833664,24.670635],[121.833718,24.670643],[121.833718,24.670564]]]}},{"type":"Feature","properties":{"id":"5c21ade41126","name":"國立宜蘭大學城南校區","level":"大專","basis":"branch","data_ym":"202409"},"geometry":{"type":"Polygon","coordinates":[[[121.746086,24.728301],[121.746799,24.7287],[121.747177,24.72892],[121.748685,24.72978],[121.748369,24.730225],[121.747066,24.729495],[121.747014,24.729573],[121.747694,24.729962],[121.748269,24.730286],[121.748446,24.730382],[121.748686,24.730521],[121.749667,24.731058],[121.750637,24.731596],[121.75258,24.732694],[121.752678,24.732748],[121.752689,24.73275],[121.752725,24.732752],[121.752761,24.732744],[121.752803,24.732722],[121.752828,24.732695],[121.753159,24.731632],[121.753202,24.731506],[121.753332,24.73121],[121.753456,24.731031],[121.753596,24.730858],[121.753685,24.730755],[121.753928,24.730541],[121.754051,24.730454],[121.754178,24.730374],[121.754369,24.730271],[121.754453,24.730232],[121.753819,24.729828],[121.753504,24.730287],[121.752892,24.729923],[121.751801,24.729322],[121.748911,24.727686],[121.747371,24.726821],[121.746149,24.726122],[121.745465,24.725769],[121.744702,24.725746],[121.744506,24.725744],[121.744222,24.725751],[121.744226,24.72595],[121.744135,24.725962],[121.744087,24.726483],[121.743965,24.726475],[121.743945,24.726656],[121.743922,24.726658],[121.743896,24.726724],[121.743986,24.726769],[121.743951,24.72689],[121.743953,24.726908],[121.744161,24.726981],[121.74417,24.726999],[121.744195,24.727019],[121.746034,24.728042],[121.746078,24.728086],[121.7461,24.728128],[121.746115,24.728171],[121.746114,24.728225],[121.746104,24.728264],[121.746086,24.728301]]]}},{"type":"Feature","properties":{"id":"a61033bebf61","name":"國立宜蘭大學城南校區1","level":"其他","basis":"none","data_ym":"202409"},"geometry":{"type":"Polygon","coordinates":[[[121.743633,24.729356],[121.743783,24.728468],[121.744001,24.728564],[121.744148,24.728158],[121.744603,24.727471],[121.743956,24.727033],[121.74395,24.72704],[121.743926,24.727031],[121.743828,24.727206],[121.743735,24.727318],[121.743697,24.72731],[121.743409,24.727518],[121.743321,24.727595],[121.743216,24.727671],[121.742987,24.727856],[121.742915,24.728138],[121.743004,24.728173],[121.743143,24.728264],[121.743093,24.728854],[121.743004,24.730318],[121.742991,24.730605],[121.743141,24.730698],[121.743603,24.731029],[121.743595,24.731097],[121.74371,24.731176],[121.744158,24.731285],[121.745572,24.731741],[121.745767,24.731374],[121.745415,24.731246],[121.745229,24.731159],[121.745118,24.731092],[121.743669,24.730465],[121.743679,24.730437],[121.743664,24.730431],[121.743674,24.730412],[121.743644,24.730403],[121.74387,24.729952],[121.743561,24.729813],[121.743633,24.729356]]]}},{"type":"Feature","properties":{"id":"a95d5c282649","name":"國立宜蘭特殊教育學校","level":"特殊","basis":"both","data_ym":"202206"},"geometry":{"type":"Polygon","coordinates":[[[121.794104,24.694481],[121.794104,24.694469],[121.794201,24.694471],[121.794957,24.694452],[121.794954,24.694412],[121.795442,24.694392],[121.795473,24.694382],[121.795369,24.693979],[121.795217,24.693497],[121.795195,24.693501],[121.795158,24.69346],[121.795073,24.693391],[121.794827,24.693257],[121.793608,24.693301],[121.793595,24.693402],[121.794006,24.693386],[121.79402,24.693926],[121.79404,24.694465],[121.794064,24.694481],[121.794104,24.694481]]]}},{"type":"Feature","properties":{"id":"955989e12c31","name":"國立宜蘭高級中學","level":"高中職","basis":"both","data_ym":"202207"},"geometry":{"type":"Polygon","coordinates":[[[121.741992,24.752971],[121.742318,24.752881],[121.74273,24.752776],[121.743935,24.752455],[121.7443,24.752345],[121.744297,24.752317],[121.74402,24.751442],[121.743913,24.751054],[121.74383,24.7508],[121.743777,24.750609],[121.743705,24.750391],[121.743677,24.750329],[121.743576,24.75028],[121.743381,24.75032],[121.743316,24.750343],[121.742029,24.750707],[121.74087,24.751028],[121.740817,24.751057],[121.741346,24.752608],[121.741478,24.752575],[121.741553,24.752866],[121.74157,24.752874],[121.741578,24.752893],[121.741631,24.752911],[121.741649,24.752906],[121.741857,24.752999],[121.741894,24.753001],[121.741911,24.752998],[121.741992,24.752971]]]}},{"type":"Feature","properties":{"id":"65126ffa885b","name":"國立宜蘭高級商業職業學校","level":"高中職","basis":"name","data_ym":"202406"},"geometry":{"type":"Polygon","coordinates":[[[121.76618,24.755516],[121.76627,24.755092],[121.766281,24.754985],[121.766338,24.754552],[121.766347,24.754419],[121.766344,24.754383],[121.766295,24.754244],[121.766282,24.754178],[121.766296,24.754074],[121.766483,24.753308],[121.765318,24.753068],[121.765131,24.753789],[121.764729,24.753711],[121.764552,24.753672],[121.764483,24.753869],[121.76437,24.75422],[121.764866,24.754301],[121.764696,24.754942],[121.764634,24.755222],[121.764641,24.755223],[121.76464,24.755227],[121.764694,24.755238],[121.764826,24.754698],[121.764873,24.754715],[121.764742,24.755247],[121.765323,24.755363],[121.765331,24.755329],[121.765498,24.755361],[121.765493,24.755381],[121.765524,24.755389],[121.765565,24.755407],[121.765649,24.75543],[121.766163,24.755531],[121.76618,24.755516]]]}},{"type":"Feature","properties":{"id":"d42110091942","name":"國立頭城高級家事商業職業學校","level":"高中職","basis":"name","data_ym":"202405"},"geometry":{"type":"Polygon","coordinates":[[[121.81679,24.85249],[121.81726,24.85221],[121.817583,24.852025],[121.817607,24.851675],[121.817603,24.851656],[121.817558,24.851539],[121.817528,24.851436],[121.817602,24.851396],[121.817376,24.85113],[121.817082,24.850898],[121.817047,24.850878],[121.816678,24.850856],[121.816679,24.850619],[121.816464,24.850469],[121.815768,24.850954],[121.815223,24.851327],[121.814485,24.851848],[121.815182,24.852703],[121.815885,24.852172],[121.816006,24.852291],[121.816038,24.852272],[121.816067,24.85227],[121.816247,24.852567],[121.816348,24.852674],[121.816382,24.852692],[121.816431,24.852706],[121.816462,24.852695],[121.81679,24.85249]]]}},{"type":"Feature","properties":{"id":"fa12acd3dafe","name":"國立羅東高級工業職業學校","level":"高中職","basis":"name","data_ym":"202406"},"geometry":{"type":"Polygon","coordinates":[[[121.751907,24.670026],[121.751946,24.669328],[121.751875,24.669326],[121.751918,24.668794],[121.751417,24.66876],[121.750361,24.668659],[121.750322,24.668678],[121.750265,24.668731],[121.749986,24.668781],[121.74983,24.668769],[121.749682,24.668748],[121.749525,24.668736],[121.74945,24.669444],[121.749431,24.669444],[121.749427,24.669503],[121.74965,24.66951],[121.749866,24.669536],[121.750152,24.669613],[121.750136,24.669823],[121.750121,24.669899],[121.750077,24.670077],[121.751751,24.670663],[121.75179,24.670568],[121.751857,24.670425],[121.751909,24.670287],[121.751936,24.670286],[121.751934,24.670036],[121.751938,24.670026],[121.751907,24.670026]]]}},{"type":"Feature","properties":{"id":"07df04a6eb2d","name":"國立羅東高級中學","level":"高中職","basis":"both","data_ym":"202406"},"geometry":{"type":"Polygon","coordinates":[[[121.763545,24.683897],[121.763645,24.683896],[121.763749,24.683921],[121.763758,24.683915],[121.763776,24.683885],[121.763774,24.683821],[121.763765,24.683788],[121.763432,24.682569],[121.7634,24.682461],[121.763372,24.682387],[121.763598,24.682292],[121.763398,24.681992],[121.763332,24.681881],[121.763239,24.681638],[121.763057,24.68107],[121.762868,24.680518],[121.762254,24.680625],[121.762244,24.680631],[121.762243,24.680642],[121.762251,24.680677],[121.762123,24.680702],[121.762117,24.680671],[121.761988,24.680678],[121.761479,24.68076],[121.761869,24.682124],[121.762107,24.682926],[121.761912,24.682986],[121.761938,24.683251],[121.761951,24.683289],[121.761954,24.683333],[121.76195,24.683554],[121.762119,24.683513],[121.762164,24.683514],[121.762183,24.683519],[121.762204,24.683531],[121.762221,24.683555],[121.762238,24.683591],[121.762295,24.683791],[121.762315,24.683817],[121.76235,24.683841],[121.762395,24.683855],[121.762489,24.683872],[121.762586,24.683871],[121.762631,24.683862],[121.762767,24.683813],[121.762842,24.6838],[121.7629,24.683798],[121.76298,24.68381],[121.763066,24.683841],[121.76327,24.683959],[121.763302,24.683975],[121.76334,24.683984],[121.763362,24.683983],[121.76338,24.683975],[121.763471,24.683919],[121.763507,24.683905],[121.763545,24.683897]]]}},{"type":"Feature","properties":{"id":"d71d00cec7a5","name":"國立羅東高級商業職業學校","level":"高中職","basis":"name","data_ym":"202206"},"geometry":{"type":"Polygon","coordinates":[[[121.757531,24.673567],[121.757753,24.673251],[121.757788,24.673208],[121.757827,24.673217],[121.757909,24.672977],[121.757837,24.672948],[121.757395,24.67282],[121.7574,24.672804],[121.757345,24.67279],[121.757339,24.672808],[121.757318,24.672803],[121.757305,24.672846],[121.757175,24.67282],[121.75718,24.672805],[121.757176,24.672799],[121.757178,24.67279],[121.757117,24.672773],[121.757032,24.672677],[121.755416,24.672115],[121.755149,24.673332],[121.755061,24.67376],[121.756353,24.674174],[121.756349,24.674232],[121.757159,24.674829],[121.757231,24.674887],[121.757248,24.674868],[121.757254,24.674706],[121.75734,24.674362],[121.757386,24.674134],[121.757525,24.673569],[121.757531,24.673567]]]}},{"type":"Feature","properties":{"id":"e67672ce1cd1","name":"國立蘇澳高級海事水產職業學校","level":"高中職","basis":"name","data_ym":"202406"},"geometry":{"type":"Polygon","coordinates":[[[121.845777,24.593532],[121.845058,24.59223],[121.845038,24.591895],[121.844968,24.591814],[121.844902,24.591626],[121.844791,24.591438],[121.844502,24.591126],[121.844451,24.59101],[121.844426,24.590923],[121.844378,24.590816],[121.844306,24.590693],[121.844211,24.5906],[121.844096,24.59056],[121.843835,24.590492],[121.84374,24.590509],[121.84331,24.590748],[121.843134,24.590715],[121.84312,24.590775],[121.842985,24.59086],[121.842936,24.590953],[121.842664,24.591001],[121.842346,24.591024],[121.841937,24.591212],[121.84218,24.5916],[121.842288,24.591834],[121.842535,24.592617],[121.84256,24.592612],[121.842734,24.593182],[121.842716,24.593186],[121.842912,24.593866],[121.843112,24.5946],[121.844,24.594492],[121.844697,24.59436],[121.845596,24.594208],[121.845931,24.594158],[121.845927,24.593944],[121.845955,24.593922],[121.845895,24.593826],[121.845777,24.593532]]]}},{"type":"Feature","properties":{"id":"09e92a4bf0e4","name":"國立蘭陽女子高級中學","level":"高中職","basis":"name","data_ym":"201510"},"geometry":{"type":"Polygon","coordinates":[[[121.753762,24.743842],[121.753037,24.743622],[121.752974,24.743662],[121.752409,24.745176],[121.752438,24.74523],[121.75336,24.745535],[121.754173,24.745787],[121.754224,24.745764],[121.754827,24.74422],[121.754817,24.744182],[121.753762,24.743842]]]}},{"type":"Feature","properties":{"id":"f767fb5f0278","name":"淡江大學蘭陽校園","level":"其他","basis":"none","data_ym":"202207"},"geometry":{"type":"Polygon","coordinates":[[[121.732966,24.821764],[121.733014,24.82168],[121.733043,24.821691],[121.733121,24.821705],[121.733174,24.821703],[121.733216,24.821694],[121.733254,24.821677],[121.733309,24.821647],[121.733337,24.821623],[121.733368,24.821591],[121.733393,24.82155],[121.733468,24.821479],[121.733516,24.821451],[121.73356,24.821431],[121.733659,24.821406],[121.733792,24.821384],[121.733828,24.821386],[121.73388,24.821404],[121.733997,24.821475],[121.734045,24.821485],[121.734128,24.821487],[121.734187,24.821409],[121.734203,24.821365],[121.73421,24.821287],[121.734198,24.821223],[121.734168,24.82116],[121.734144,24.82113],[121.734096,24.821087],[121.733931,24.820977],[121.733539,24.820736],[121.733104,24.820452],[121.732619,24.820143],[121.73259,24.820114],[121.732568,24.820081],[121.732551,24.820042],[121.732549,24.819992],[121.732561,24.819954],[121.732601,24.819912],[121.732664,24.81988],[121.732732,24.819864],[121.732783,24.819858],[121.732856,24.819855],[121.732929,24.819859],[121.73305,24.819878],[121.733163,24.819918],[121.733238,24.819964],[121.733266,24.819992],[121.73339,24.82016],[121.733469,24.82026],[121.733553,24.820355],[121.733645,24.820427],[121.733688,24.82045],[121.733773,24.820477],[121.733889,24.820486],[121.733943,24.820477],[121.734004,24.820451],[121.734107,24.820359],[121.734164,24.82033],[121.734082,24.820207],[121.734047,24.820262],[121.733993,24.820321],[121.733922,24.820372],[121.733882,24.820389],[121.733846,24.820394],[121.733767,24.82039],[121.733697,24.820356],[121.733622,24.820296],[121.733544,24.820208],[121.733467,24.820111],[121.73334,24.819939],[121.7333,24.8199],[121.733205,24.819841],[121.733144,24.819818],[121.733046,24.819785],[121.73299,24.819775],[121.732902,24.819766],[121.732776,24.819759],[121.732675,24.819766],[121.732622,24.819779],[121.732563,24.819805],[121.732525,24.819829],[121.732479,24.81987],[121.732455,24.819903],[121.732442,24.819935],[121.732431,24.819975],[121.732429,24.820003],[121.732436,24.820068],[121.732463,24.82013],[121.732495,24.82018],[121.732541,24.820224],[121.732786,24.820383],[121.73305,24.820543],[121.733471,24.820824],[121.733925,24.821104],[121.734013,24.821179],[121.734037,24.821214],[121.734046,24.821239],[121.734041,24.821263],[121.734026,24.821295],[121.73399,24.82132],[121.733961,24.821321],[121.733796,24.821289],[121.733635,24.821315],[121.733524,24.821344],[121.733466,24.821369],[121.733404,24.821406],[121.733358,24.821446],[121.73331,24.821496],[121.733285,24.821535],[121.733245,24.821574],[121.733211,24.821593],[121.733175,24.821604],[121.733093,24.821604],[121.733066,24.821595],[121.732981,24.821548],[121.732967,24.821531],[121.73293,24.821405],[121.732902,24.821276],[121.732861,24.821123],[121.732792,24.820915],[121.732755,24.820834],[121.732681,24.820721],[121.732571,24.820611],[121.732452,24.820523],[121.732266,24.820405],[121.731911,24.820192],[121.731817,24.820154],[121.731779,24.820146],[121.731718,24.820146],[121.731673,24.820148],[121.731624,24.820158],[121.731546,24.820197],[121.7315,24.820228],[121.731453,24.820277],[121.731319,24.820458],[121.731238,24.820559],[121.731185,24.820587],[121.731122,24.820592],[121.731053,24.820564],[121.730806,24.8204],[121.730785,24.820385],[121.73076,24.820287],[121.730743,24.820242],[121.730698,24.820137],[121.730671,24.820094],[121.730804,24.819825],[121.730841,24.819743],[121.730872,24.819693],[121.731014,24.819432],[121.731015,24.819399],[121.730977,24.819329],[121.730565,24.819191],[121.730409,24.819199],[121.730342,24.819245],[121.730148,24.819548],[121.730089,24.819581],[121.729368,24.819361],[121.729366,24.819329],[121.729457,24.819329],[121.729431,24.818979],[121.729493,24.818902],[121.729732,24.818763],[121.729938,24.818616],[121.730068,24.818453],[121.730156,24.818247],[121.730161,24.817967],[121.730093,24.817759],[121.73,24.817633],[121.729835,24.817508],[121.729687,24.817342],[121.729605,24.817176],[121.72945,24.81702],[121.729214,24.816948],[121.728964,24.81694],[121.728719,24.817012],[121.728593,24.81703],[121.728405,24.817131],[121.728354,24.81717],[121.728276,24.817206],[121.728197,24.817229],[121.728105,24.817241],[121.72799,24.817244],[121.72786,24.817258],[121.727682,24.817288],[121.727607,24.817273],[121.727576,24.817253],[121.727264,24.816983],[121.72713,24.816842],[121.726847,24.816795],[121.726789,24.816798],[121.72674,24.816809],[121.726644,24.816848],[121.72628,24.817173],[121.72623,24.817223],[121.72617,24.817296],[121.726141,24.817361],[121.726123,24.817434],[121.72612,24.817479],[121.726123,24.817542],[121.726116,24.817582],[121.726078,24.817641],[121.726068,24.817669],[121.726061,24.817712],[121.726067,24.817758],[121.72603,24.817799],[121.726023,24.817893],[121.726034,24.818057],[121.725976,24.818236],[121.72597,24.818379],[121.726005,24.818652],[121.725984,24.818839],[121.72599,24.818961],[121.725998,24.818977],[121.726142,24.819174],[121.726238,24.81934],[121.726273,24.819388],[121.726299,24.819433],[121.726315,24.819474],[121.726323,24.819516],[121.72645,24.819561],[121.726522,24.819546],[121.726606,24.819728],[121.726646,24.819783],[121.726709,24.819842],[121.726912,24.819856],[121.72692,24.819976],[121.727195,24.820273],[121.727291,24.820363],[121.727384,24.820463],[121.727584,24.820697],[121.7277,24.820817],[121.728006,24.821181],[121.728086,24.821271],[121.728223,24.82141],[121.728387,24.8216],[121.728616,24.821981],[121.728693,24.8221],[121.728706,24.82213],[121.728707,24.822151],[121.728704,24.822171],[121.728682,24.822212],[121.728698,24.822251],[121.728767,24.822278],[121.72877,24.82251],[121.728836,24.822644],[121.728894,24.822894],[121.72898,24.823184],[121.729031,24.823287],[121.72905,24.823315],[121.729096,24.82345],[121.729219,24.823949],[121.7292,24.823979],[121.729148,24.824038],[121.729115,24.824064],[121.729059,24.824098],[121.72919,24.824211],[121.729661,24.824586],[121.729925,24.824802],[121.730049,24.824915],[121.730784,24.825602],[121.730853,24.825647],[121.730904,24.825668],[121.730953,24.825682],[121.730984,24.825685],[121.731017,24.825685],[121.731094,24.82567],[121.731149,24.825644],[121.731239,24.825589],[121.731291,24.825548],[121.731337,24.825488],[121.731345,24.825454],[121.731343,24.825418],[121.731323,24.825362],[121.731192,24.825087],[121.731153,24.824957],[121.731151,24.824862],[121.73119,24.82472],[121.731243,24.824633],[121.731534,24.824286],[121.731567,24.824257],[121.731628,24.824217],[121.731695,24.824187],[121.732479,24.824056],[121.732558,24.824023],[121.732621,24.823977],[121.732645,24.823953],[121.732673,24.823909],[121.73269,24.823873],[121.732699,24.823842],[121.732706,24.823718],[121.732735,24.823478],[121.732742,24.823454],[121.732792,24.823323],[121.732817,24.823284],[121.732857,24.823243],[121.732913,24.823206],[121.732955,24.823188],[121.732984,24.823048],[121.732974,24.822989],[121.732952,24.82294],[121.732868,24.822876],[121.732582,24.822793],[121.732545,24.822756],[121.732492,24.822741],[121.73253,24.822631],[121.732573,24.822474],[121.73259,24.822387],[121.732579,24.82224],[121.732564,24.822183],[121.732558,24.822085],[121.732566,24.822058],[121.732575,24.82204],[121.732599,24.822019],[121.732658,24.821979],[121.73285,24.821886],[121.732966,24.821764]]]}},{"type":"Feature","properties":{"id":"9161f72b6d29","name":"聖母醫護管理專科學校","level":"大專","basis":"both","data_ym":"202206"},"geometry":{"type":"Polygon","coordinates":[[[121.70317,24.665544],[121.70337,24.665197],[121.703485,24.66498],[121.703575,24.664788],[121.703603,24.664681],[121.703624,24.664531],[121.7034,24.664425],[121.703198,24.664339],[121.702688,24.664198],[121.702558,24.664158],[121.702468,24.664378],[121.702264,24.664334],[121.702278,24.664073],[121.70221,24.664052],[121.701919,24.66394],[121.701765,24.663854],[121.701707,24.663839],[121.701338,24.663848],[121.701224,24.664021],[121.701094,24.664251],[121.700992,24.664473],[121.700964,24.664608],[121.700955,24.664853],[121.701015,24.664876],[121.701011,24.664884],[121.701157,24.664939],[121.701161,24.664931],[121.701502,24.665059],[121.701823,24.665255],[121.701885,24.665307],[121.702154,24.665432],[121.702168,24.665405],[121.702276,24.665456],[121.702321,24.665349],[121.70236,24.665209],[121.702482,24.665241],[121.702401,24.665385],[121.702661,24.665517],[121.703088,24.665706],[121.70317,24.665544]]]}},{"type":"Feature","properties":{"id":"7bd406e4677a","name":"聖母醫護管理專科學校羅東校區","level":"大專","basis":"branch","data_ym":"202508"},"geometry":{"type":"Polygon","coordinates":[[[121.773236,24.671042],[121.773306,24.670708],[121.773277,24.670672],[121.772616,24.670535],[121.772565,24.670568],[121.772487,24.670908],[121.772974,24.671056],[121.772992,24.670995],[121.773236,24.671042]]]}}]}