{"type":"FeatureCollection","county":"屏東縣","features":[{"type":"Feature","properties":{"id":"a0f18beccdc3","name":"屏東縣私立日新高級工商職業學校1","level":"高中職","basis":"name","data_ym":"202511"},"geometry":{"type":"Polygon","coordinates":[[[120.535128,22.557577],[120.53551,22.557121],[120.535736,22.556843],[120.535734,22.556805],[120.535105,22.556325],[120.534783,22.557106],[120.534672,22.557389],[120.534936,22.557524],[120.534966,22.557483],[120.534994,22.557481],[120.535128,22.557577]]]}},{"type":"Feature","properties":{"id":"afebb0430503","name":"屏東縣佳冬鄉羌園國民小學","level":"國小","basis":"both","data_ym":"202508"},"geometry":{"type":"Polygon","coordinates":[[[120.52722,22.426674],[120.526771,22.426078],[120.525875,22.426622],[120.526317,22.427241],[120.526363,22.427216],[120.52722,22.426674]]]}},{"type":"Feature","properties":{"id":"99cace58a495","name":"屏東縣立東港高級中學","level":"高中職","basis":"both","data_ym":"202508"},"geometry":{"type":"Polygon","coordinates":[[[120.4564,22.465814],[120.45649,22.464729],[120.456204,22.46482],[120.456125,22.464598],[120.454368,22.465127],[120.454515,22.465555],[120.454542,22.465621],[120.454559,22.465616],[120.454569,22.465655],[120.454558,22.46566],[120.454611,22.465833],[120.454698,22.466092],[120.454706,22.46609],[120.454715,22.466128],[120.454711,22.466129],[120.454735,22.466197],[120.454738,22.466196],[120.454754,22.466235],[120.454749,22.466237],[120.454759,22.466267],[120.454763,22.466266],[120.454789,22.466344],[120.454738,22.46636],[120.454746,22.466391],[120.45465,22.46642],[120.454648,22.466414],[120.45463,22.466419],[120.454664,22.466516],[120.454346,22.467198],[120.455194,22.467573],[120.45533,22.46755],[120.455761,22.466849],[120.455947,22.466557],[120.456394,22.465829],[120.4564,22.465814]]]}},{"type":"Feature","properties":{"id":"9cef3c157099","name":"屏東縣東港鎮東興國民小學","level":"國小","basis":"both","data_ym":"202508"},"geometry":{"type":"Polygon","coordinates":[[[120.46572,22.478977],[120.465757,22.478934],[120.465773,22.478946],[120.465797,22.478919],[120.465823,22.478804],[120.465888,22.478764],[120.465981,22.478782],[120.466004,22.478678],[120.466055,22.478684],[120.466176,22.478588],[120.466268,22.478424],[120.466631,22.477999],[120.465432,22.477132],[120.464933,22.477733],[120.464454,22.478285],[120.465649,22.479089],[120.465736,22.478989],[120.46572,22.478977]]]}},{"type":"Feature","properties":{"id":"ed7f2e9058a4","name":"屏東縣泰武鄉萬安國民小學","level":"國小","basis":"both","data_ym":"202508"},"geometry":{"type":"Polygon","coordinates":[[[120.638192,22.62653],[120.638161,22.626434],[120.638152,22.626417],[120.638121,22.626409],[120.638007,22.62641],[120.637851,22.626401],[120.637611,22.626435],[120.637514,22.626437],[120.637422,22.626428],[120.637175,22.626443],[120.637095,22.626482],[120.637083,22.626523],[120.63709,22.626592],[120.637609,22.626832],[120.637663,22.626887],[120.637737,22.626998],[120.637831,22.627191],[120.637886,22.627388],[120.638101,22.62743],[120.638275,22.627553],[120.638545,22.627238],[120.638364,22.626659],[120.63835,22.62663],[120.638337,22.626604],[120.638317,22.626579],[120.63826,22.626553],[120.638192,22.62653]]]}},{"type":"Feature","properties":{"id":"5634a9099f84","name":"國立屏東科技大學","level":"大專","basis":"both","data_ym":"202508"},"geometry":{"type":"Polygon","coordinates":[[[120.602483,22.640443],[120.602501,22.640443],[120.602493,22.640592],[120.602446,22.641042],[120.602425,22.641057],[120.602416,22.641059],[120.602285,22.641022],[120.601844,22.640924],[120.60136,22.640841],[120.600894,22.640784],[120.600457,22.640755],[120.597596,22.640703],[120.595965,22.640698],[120.59596,22.640967],[120.595659,22.640966],[120.595632,22.640973],[120.595608,22.641002],[120.595602,22.641022],[120.595645,22.641447],[120.595649,22.641465],[120.595662,22.641475],[120.595923,22.641467],[120.596613,22.641465],[120.597176,22.641466],[120.597626,22.641473],[120.598147,22.64146],[120.598193,22.641469],[120.598532,22.641601],[120.598582,22.641632],[120.598612,22.641659],[120.598696,22.64177],[120.598777,22.641884],[120.5988,22.641924],[120.599087,22.642299],[120.599416,22.642793],[120.59952,22.642924],[120.599575,22.642986],[120.599676,22.64308],[120.599984,22.643338],[120.600249,22.643526],[120.600588,22.643686],[120.601047,22.643793],[120.601329,22.643867],[120.601374,22.643874],[120.601601,22.64389],[120.601608,22.643898],[120.60161,22.643921],[120.601599,22.6441],[120.601587,22.644438],[120.601566,22.645803],[120.60157,22.646271],[120.601554,22.646288],[120.601309,22.646311],[120.601307,22.646321],[120.601452,22.647088],[120.601208,22.647132],[120.601197,22.64714],[120.601184,22.647158],[120.601179,22.647176],[120.60118,22.647237],[120.601304,22.647937],[120.601313,22.647959],[120.601337,22.647969],[120.601598,22.647937],[120.601631,22.647954],[120.601653,22.647996],[120.601667,22.648045],[120.601734,22.648331],[120.601779,22.648558],[120.60179,22.648565],[120.602137,22.648516],[120.602345,22.648503],[120.602638,22.648503],[120.602709,22.648528],[120.602739,22.648551],[120.602746,22.648563],[120.602759,22.648603],[120.602997,22.649434],[120.603056,22.649603],[120.603859,22.650542],[120.603941,22.650618],[120.603963,22.650661],[120.603972,22.650717],[120.604101,22.650724],[120.604191,22.650701],[120.604833,22.650775],[120.605304,22.65085],[120.606073,22.65105],[120.606131,22.651094],[120.606564,22.651471],[120.60662,22.651453],[120.606679,22.651444],[120.606714,22.651444],[120.60676,22.651455],[120.606782,22.651474],[120.606774,22.651494],[120.606742,22.65153],[120.606822,22.651515],[120.606881,22.651476],[120.607011,22.651269],[120.60706,22.651208],[120.607099,22.651173],[120.607197,22.651173],[120.607245,22.651162],[120.607318,22.65113],[120.607351,22.651108],[120.607456,22.651012],[120.60748,22.651003],[120.607559,22.650994],[120.60759,22.650996],[120.607614,22.651003],[120.607639,22.651019],[120.607669,22.651055],[120.607682,22.651094],[120.607691,22.651166],[120.607701,22.651207],[120.60773,22.651263],[120.607748,22.651285],[120.608258,22.651771],[120.608436,22.651929],[120.608471,22.651966],[120.608538,22.652054],[120.608588,22.652089],[120.608613,22.652097],[120.608649,22.652096],[120.608721,22.652071],[120.608844,22.651999],[120.608914,22.651949],[120.609008,22.651845],[120.609053,22.651809],[120.609094,22.651791],[120.609171,22.651778],[120.60921,22.651765],[120.609272,22.65172],[120.609346,22.651648],[120.609403,22.651601],[120.609463,22.65157],[120.609501,22.651559],[120.609483,22.651496],[120.609504,22.651432],[120.609602,22.65131],[120.612928,22.65083],[120.617362,22.650215],[120.618072,22.650124],[120.61837,22.65008],[120.618552,22.650047],[120.618707,22.650026],[120.618697,22.649848],[120.618505,22.648907],[120.618522,22.648841],[120.618618,22.648811],[120.620177,22.648763],[120.620289,22.648756],[120.620321,22.648674],[120.62014,22.647665],[120.620093,22.647353],[120.619909,22.647145],[120.619064,22.646423],[120.619105,22.646037],[120.619122,22.645703],[120.618988,22.644864],[120.618856,22.643424],[120.618889,22.643113],[120.61897,22.642816],[120.619042,22.642653],[120.619122,22.642587],[120.61936,22.642476],[120.619359,22.642347],[120.619424,22.641999],[120.619433,22.64192],[120.619433,22.641863],[120.619416,22.641786],[120.619264,22.641482],[120.619199,22.641324],[120.619171,22.641279],[120.618907,22.64076],[120.618767,22.640536],[120.6187,22.640454],[120.618031,22.63947],[120.617856,22.639146],[120.617672,22.638767],[120.617659,22.638716],[120.617658,22.638635],[120.617673,22.638446],[120.617669,22.638366],[120.617649,22.638257],[120.617559,22.637877],[120.617533,22.63775],[120.617485,22.637602],[120.617297,22.637298],[120.616971,22.637224],[120.61626,22.636977],[120.615389,22.636745],[120.612315,22.635611],[120.612153,22.635607],[120.612002,22.635594],[120.611693,22.635614],[120.610744,22.635634],[120.610679,22.635639],[120.61023,22.63562],[120.609334,22.635626],[120.60811,22.635709],[120.607775,22.635661],[120.60718,22.635558],[120.607132,22.635556],[120.605781,22.635157],[120.604912,22.634883],[120.604152,22.634445],[120.603564,22.634473],[120.603529,22.634528],[120.603481,22.634508],[120.603349,22.634485],[120.603124,22.634466],[120.603058,22.634478],[120.602794,22.634911],[120.60328,22.634992],[120.603396,22.635151],[120.603443,22.635178],[120.603725,22.635367],[120.604278,22.63568],[120.604473,22.635752],[120.604956,22.635796],[120.60488,22.63629],[120.604363,22.636439],[120.604069,22.636461],[120.603788,22.636449],[120.603248,22.636353],[120.603114,22.639208],[120.602571,22.639208],[120.602487,22.639294],[120.602442,22.639434],[120.602429,22.639408],[120.60239,22.639376],[120.602205,22.63935],[120.6022,22.639391],[120.602128,22.639379],[120.602135,22.639283],[120.601962,22.639272],[120.601846,22.639268],[120.601694,22.639279],[120.601697,22.6393],[120.601642,22.63931],[120.601637,22.639273],[120.601549,22.639284],[120.601452,22.639381],[120.60144,22.639209],[120.601416,22.639209],[120.601416,22.639396],[120.601451,22.639685],[120.601451,22.63972],[120.601354,22.640229],[120.601416,22.64024],[120.601496,22.640264],[120.601611,22.640287],[120.601732,22.640298],[120.602164,22.640389],[120.602386,22.640415],[120.602484,22.640419],[120.602483,22.640443]]]}},{"type":"Feature","properties":{"id":"40025f9f1026","name":"國立屏科實驗高級中等學校凌雲校區","level":"大專","basis":"branch","data_ym":"202509"},"geometry":{"type":"Polygon","coordinates":[[[120.446019,22.665556],[120.446565,22.66555],[120.447419,22.665558],[120.447448,22.665164],[120.447491,22.665166],[120.447491,22.665123],[120.447451,22.665122],[120.447474,22.664827],[120.447483,22.664634],[120.44751,22.664346],[120.445905,22.664349],[120.44589,22.664579],[120.4459,22.664747],[120.445905,22.664747],[120.445905,22.664804],[120.445937,22.664803],[120.445939,22.664838],[120.445906,22.664839],[120.445947,22.66552],[120.446019,22.665556]]]}},{"type":"Feature","properties":{"id":"d05991aca7f5","name":"國立屏東大學","level":"大專","basis":"both","data_ym":"202509"},"geometry":{"type":"Polygon","coordinates":[[[120.50708,22.668538],[120.507787,22.668168],[120.507793,22.668162],[120.507562,22.667784],[120.50742,22.667576],[120.506824,22.666639],[120.506391,22.665977],[120.505903,22.665255],[120.504863,22.663674],[120.503857,22.66426],[120.503354,22.664526],[120.502609,22.664954],[120.502975,22.665533],[120.502984,22.665528],[120.503418,22.666207],[120.504129,22.667254],[120.504651,22.668083],[120.504665,22.668173],[120.504722,22.668176],[120.504797,22.668195],[120.50507,22.668299],[120.505561,22.668365],[120.505969,22.668323],[120.506046,22.668319],[120.506138,22.668326],[120.506227,22.668347],[120.506333,22.668394],[120.506831,22.668681],[120.50708,22.668538]]]}},{"type":"Feature","properties":{"id":"ee599427adce","name":"國立屏東大學屏師校區","level":"大專","basis":"branch","data_ym":"202508"},"geometry":{"type":"Polygon","coordinates":[[[120.502978,22.669799],[120.503046,22.669781],[120.503052,22.669799],[120.503865,22.669569],[120.503642,22.668851],[120.503374,22.668033],[120.503344,22.66804],[120.503292,22.667866],[120.503327,22.667858],[120.503333,22.667867],[120.503386,22.667856],[120.502685,22.667502],[120.502499,22.667404],[120.502395,22.667425],[120.502407,22.667469],[120.502118,22.667548],[120.502094,22.667559],[120.501772,22.667647],[120.501768,22.667635],[120.501319,22.667756],[120.501323,22.667768],[120.500792,22.667912],[120.500787,22.667897],[120.500136,22.668075],[120.500125,22.668103],[120.500182,22.668285],[120.500204,22.668278],[120.500896,22.670386],[120.502981,22.669813],[120.502978,22.669799]]]}},{"type":"Feature","properties":{"id":"867c7cda2ae7","name":"屏東縣立中正國民中學","level":"國中","basis":"both","data_ym":"202508"},"geometry":{"type":"Polygon","coordinates":[[[120.507491,22.673617],[120.510264,22.673575],[120.510449,22.673396],[120.510483,22.672043],[120.510149,22.672044],[120.510139,22.672039],[120.510024,22.672038],[120.510008,22.672081],[120.509801,22.67199],[120.509597,22.671947],[120.509463,22.671935],[120.508882,22.671934],[120.508846,22.672039],[120.50874,22.672066],[120.508601,22.672005],[120.508519,22.671974],[120.508389,22.67201],[120.508397,22.672038],[120.506811,22.672466],[120.506754,22.672568],[120.506811,22.672898],[120.506854,22.672907],[120.506856,22.672898],[120.506934,22.672914],[120.506931,22.672924],[120.507467,22.673038],[120.507338,22.673525],[120.507467,22.673611],[120.507491,22.673617]]]}},{"type":"Feature","properties":{"id":"46766da66289","name":"國立屏東高級中學","level":"高中職","basis":"both","data_ym":"202508"},"geometry":{"type":"Polygon","coordinates":[[[120.488883,22.687687],[120.488907,22.687662],[120.488919,22.687663],[120.488919,22.687649],[120.488932,22.687636],[120.488979,22.686866],[120.488953,22.686835],[120.488958,22.68674],[120.488908,22.686738],[120.488922,22.686584],[120.488963,22.686587],[120.488966,22.686557],[120.489015,22.686522],[120.489072,22.685761],[120.488684,22.685738],[120.488352,22.685734],[120.487751,22.6857],[120.487706,22.68571],[120.487084,22.685669],[120.486479,22.685637],[120.486479,22.685628],[120.486404,22.685624],[120.486395,22.685817],[120.486278,22.687526],[120.488883,22.687687]]]}},{"type":"Feature","properties":{"id":"c428f85cf6eb","name":"屏東縣立長治國民中學","level":"國中","basis":"both","data_ym":"202508"},"geometry":{"type":"Polygon","coordinates":[[[120.545485,22.693928],[120.545615,22.693511],[120.546176,22.693668],[120.54619,22.693631],[120.546527,22.693715],[120.546684,22.693191],[120.546024,22.693008],[120.546106,22.692727],[120.545879,22.692664],[120.545982,22.692335],[120.545192,22.692112],[120.545501,22.691111],[120.545085,22.690988],[120.544799,22.69091],[120.544629,22.691436],[120.544294,22.691352],[120.54401,22.692297],[120.543784,22.692234],[120.543719,22.692436],[120.54362,22.692408],[120.543467,22.69296],[120.54304,22.69285],[120.542917,22.693242],[120.54334,22.693353],[120.543351,22.693341],[120.543975,22.693506],[120.544514,22.693657],[120.544949,22.693771],[120.544981,22.693788],[120.545271,22.693864],[120.545485,22.693928]]]}},{"type":"Feature","properties":{"id":"d03a7bc7e269","name":"屏東縣九如鄉九如國民小學","level":"國小","basis":"both","data_ym":"202508"},"geometry":{"type":"Polygon","coordinates":[[[120.486238,22.727598],[120.487028,22.727563],[120.48697,22.726161],[120.485659,22.726169],[120.485613,22.726263],[120.485547,22.726424],[120.485495,22.726657],[120.485469,22.726813],[120.485457,22.726846],[120.485389,22.726954],[120.485314,22.727061],[120.485266,22.727121],[120.485039,22.72732],[120.484921,22.727431],[120.484874,22.727482],[120.4848,22.727577],[120.484783,22.727578],[120.484713,22.727671],[120.484771,22.727686],[120.484812,22.72769],[120.485501,22.728179],[120.485921,22.728223],[120.486151,22.728234],[120.486125,22.727578],[120.486237,22.727574],[120.486238,22.727598]]]}},{"type":"Feature","properties":{"id":"192198137564","name":"大仁科技大學","level":"大專","basis":"both","data_ym":"202508"},"geometry":{"type":"Polygon","coordinates":[[[120.544268,22.728637],[120.544846,22.728535],[120.545015,22.728542],[120.545445,22.728473],[120.545653,22.728472],[120.545916,22.728425],[120.546517,22.728336],[120.547006,22.728246],[120.547197,22.728202],[120.547219,22.728229],[120.546906,22.726714],[120.546919,22.726712],[120.546914,22.726676],[120.546905,22.726677],[120.546856,22.726368],[120.546836,22.72637],[120.546578,22.7251],[120.546163,22.725171],[120.545029,22.725384],[120.54495,22.725405],[120.544581,22.725469],[120.54364,22.725623],[120.543102,22.725704],[120.541994,22.725897],[120.541643,22.725951],[120.541243,22.726061],[120.541232,22.726078],[120.541233,22.726087],[120.541268,22.726129],[120.542582,22.727318],[120.542893,22.727578],[120.542979,22.727662],[120.543039,22.727727],[120.543257,22.727936],[120.543505,22.728158],[120.543978,22.728054],[120.544009,22.728165],[120.544034,22.728213],[120.544086,22.728347],[120.543797,22.728423],[120.5439,22.728515],[120.544056,22.728594],[120.544111,22.728588],[120.544126,22.728653],[120.544268,22.728637]]]}},{"type":"Feature","properties":{"id":"feabc03efb43","name":"屏東縣恆春鎮墾丁國民小學鵝鑾分校","level":"大專","basis":"branch","data_ym":"202509"},"geometry":{"type":"Polygon","coordinates":[[[120.848775,21.913535],[120.84887,21.913068],[120.84886,21.912822],[120.848362,21.912715],[120.848336,21.912787],[120.848249,21.912764],[120.848209,21.912773],[120.848143,21.912977],[120.847957,21.912883],[120.84795,21.912927],[120.848181,21.913073],[120.848136,21.913238],[120.848207,21.913254],[120.848199,21.913288],[120.848234,21.913298],[120.848334,21.91335],[120.848391,21.913372],[120.848387,21.913377],[120.848404,21.913387],[120.848391,21.91342],[120.848619,21.913508],[120.848775,21.913535]]]}},{"type":"Feature","properties":{"id":"55aadb416186","name":"屏東縣立恆春國民中學","level":"國中","basis":"both","data_ym":"202509"},"geometry":{"type":"Polygon","coordinates":[[[120.748158,22.002868],[120.748663,22.002105],[120.74867,22.002103],[120.748732,22.002137],[120.748814,22.001981],[120.748404,22.001766],[120.748461,22.00166],[120.748441,22.00165],[120.748997,22.000837],[120.748436,22.000558],[120.747536,22.00013],[120.747059,22.000947],[120.746792,22.000836],[120.746451,22.000747],[120.746032,22.000628],[120.745649,22.000554],[120.74556,22.000675],[120.745574,22.000704],[120.745688,22.000695],[120.74581,22.000696],[120.745875,22.000706],[120.745959,22.000729],[120.746091,22.000785],[120.747186,22.001295],[120.747156,22.001348],[120.747105,22.001367],[120.747019,22.001522],[120.74649,22.002433],[120.746666,22.002529],[120.746524,22.00275],[120.746782,22.002894],[120.74698,22.002545],[120.747195,22.002646],[120.747312,22.002707],[120.747305,22.002718],[120.747326,22.00273],[120.747255,22.00284],[120.747235,22.002829],[120.74709,22.003058],[120.747762,22.003419],[120.747821,22.003411],[120.748066,22.003001],[120.748158,22.002868]]]}},{"type":"Feature","properties":{"id":"896c3664eef3","name":"屏東縣滿州鄉滿州國民小學","level":"國小","basis":"both","data_ym":"202509"},"geometry":{"type":"Polygon","coordinates":[[[120.837976,22.020847],[120.838538,22.020606],[120.83856,22.020588],[120.838567,22.020575],[120.838569,22.020559],[120.838528,22.020483],[120.83842,22.020129],[120.838335,22.019876],[120.838187,22.019288],[120.837946,22.019356],[120.837034,22.019658],[120.837148,22.020167],[120.837092,22.020187],[120.837121,22.020333],[120.837105,22.020619],[120.837255,22.020584],[120.837543,22.020566],[120.837692,22.020947],[120.837976,22.020847]]]}},{"type":"Feature","properties":{"id":"185198a2fdee","name":"屏東縣枋山鄉楓港國民小學","level":"國小","basis":"both","data_ym":"202509"},"geometry":{"type":"Polygon","coordinates":[[[120.692424,22.191211],[120.692454,22.191132],[120.692711,22.19119],[120.692723,22.191156],[120.692953,22.191206],[120.692971,22.191119],[120.693166,22.191149],[120.693391,22.190258],[120.69317,22.190217],[120.693171,22.190214],[120.692799,22.190141],[120.692585,22.190105],[120.69261,22.189966],[120.692025,22.189886],[120.691989,22.190083],[120.691932,22.190075],[120.691903,22.190382],[120.691958,22.190388],[120.69194,22.190629],[120.691881,22.190627],[120.691839,22.191085],[120.691957,22.191121],[120.692424,22.191211]]]}},{"type":"Feature","properties":{"id":"f4e30cf4e434","name":"屏東縣獅子鄉草埔國民小學","level":"國小","basis":"both","data_ym":"202509"},"geometry":{"type":"Polygon","coordinates":[[[120.803613,22.235106],[120.803652,22.235099],[120.803653,22.235074],[120.803837,22.235052],[120.803852,22.234963],[120.80409,22.234932],[120.804109,22.234786],[120.804064,22.234777],[120.803946,22.23473],[120.803923,22.234726],[120.803907,22.23474],[120.803892,22.234742],[120.803806,22.23472],[120.803804,22.234705],[120.80378,22.234708],[120.803732,22.234692],[120.803629,22.234634],[120.803543,22.234555],[120.803513,22.234426],[120.803151,22.234482],[120.802963,22.234502],[120.802966,22.234563],[120.802943,22.234564],[120.802949,22.234845],[120.80287,22.234867],[120.802894,22.234918],[120.802909,22.234966],[120.802945,22.235183],[120.802966,22.235257],[120.803004,22.235255],[120.803054,22.235199],[120.80329,22.235177],[120.803443,22.235153],[120.803613,22.235106]]]}},{"type":"Feature","properties":{"id":"2780e3339e8f","name":"屏東縣枋山鄉加祿國民小學","level":"國小","basis":"both","data_ym":"202509"},"geometry":{"type":"Polygon","coordinates":[[[120.621797,22.330208],[120.62162,22.330032],[120.621584,22.330053],[120.621399,22.329892],[120.621361,22.329853],[120.621332,22.32988],[120.621247,22.329817],[120.621293,22.329775],[120.621031,22.329576],[120.62098,22.329631],[120.620713,22.32986],[120.620671,22.329939],[120.620631,22.329933],[120.620448,22.330101],[120.620672,22.330271],[120.620546,22.330421],[120.620442,22.330534],[120.620547,22.330612],[120.620646,22.330671],[120.620753,22.330743],[120.620768,22.330774],[120.621149,22.331047],[120.621797,22.330208]]]}},{"type":"Feature","properties":{"id":"0293b255a896","name":"屏東縣琉球鄉全德國民小學","level":"國小","basis":"both","data_ym":"202509"},"geometry":{"type":"Polygon","coordinates":[[[120.370088,22.346947],[120.369922,22.346645],[120.369789,22.346389],[120.36969,22.346175],[120.369616,22.346059],[120.36957,22.346005],[120.369534,22.345973],[120.36939,22.345863],[120.369158,22.345672],[120.368933,22.345496],[120.368804,22.345622],[120.368392,22.345974],[120.36893,22.346572],[120.369048,22.346718],[120.369052,22.346716],[120.369149,22.346832],[120.368701,22.347138],[120.369063,22.347552],[120.369159,22.347671],[120.369211,22.347722],[120.36928,22.347773],[120.369684,22.347541],[120.370204,22.347265],[120.370217,22.347235],[120.370219,22.347204],[120.370088,22.346947]]]}},{"type":"Feature","properties":{"id":"5802e30b08ec","name":"屏東縣琉球鄉白沙國民小學","level":"國小","basis":"both","data_ym":"202509"},"geometry":{"type":"Polygon","coordinates":[[[120.387689,22.350184],[120.387305,22.349622],[120.386609,22.350007],[120.386598,22.349991],[120.385818,22.350383],[120.385956,22.350521],[120.385942,22.350531],[120.3864,22.351083],[120.387598,22.350688],[120.387379,22.350356],[120.387689,22.350184]]]}},{"type":"Feature","properties":{"id":"47c69b1ee6c7","name":"屏東縣新埤鄉餉潭國民小學","level":"國小","basis":"both","data_ym":"202509"},"geometry":{"type":"Polygon","coordinates":[[[120.610459,22.475761],[120.610598,22.475742],[120.610672,22.475744],[120.610672,22.475729],[120.610725,22.475724],[120.610718,22.47568],[120.610874,22.475659],[120.610883,22.475712],[120.61096,22.475698],[120.610955,22.475651],[120.611621,22.47558],[120.611483,22.475195],[120.611411,22.475018],[120.611315,22.474722],[120.611307,22.474687],[120.611288,22.474665],[120.611233,22.474654],[120.610848,22.474664],[120.61082,22.474663],[120.610774,22.47465],[120.610747,22.474626],[120.610734,22.474599],[120.610764,22.474326],[120.61077,22.474232],[120.610714,22.47421],[120.610007,22.474195],[120.609731,22.474194],[120.609721,22.474206],[120.609712,22.474227],[120.609705,22.474276],[120.609632,22.474983],[120.609674,22.475396],[120.609699,22.475458],[120.609719,22.475482],[120.609759,22.475508],[120.609839,22.475541],[120.610216,22.475541],[120.610242,22.475546],[120.610274,22.475559],[120.610293,22.475579],[120.610303,22.475601],[120.610303,22.475773],[120.610459,22.475761]]]}},{"type":"Feature","properties":{"id":"65730b3323c9","name":"屏東縣萬巒鄉佳佐國民小學中興分校","level":"大專","basis":"branch","data_ym":"202509"},"geometry":{"type":"Polygon","coordinates":[[[120.613047,22.550182],[120.613057,22.550066],[120.613099,22.550055],[120.61309,22.55002],[120.613086,22.549974],[120.613077,22.549952],[120.613078,22.549822],[120.613102,22.549397],[120.61309,22.549084],[120.613084,22.548777],[120.611878,22.548765],[120.611856,22.54893],[120.61192,22.549006],[120.611914,22.549159],[120.61181,22.549216],[120.611757,22.549535],[120.611674,22.550133],[120.612307,22.550105],[120.612581,22.55015],[120.613036,22.550204],[120.613047,22.550182]]]}},{"type":"Feature","properties":{"id":"b27db0c05a37","name":"國立恆春高級工商職業學校","level":"高中職","basis":"name","data_ym":"202509"},"geometry":{"type":"Polygon","coordinates":[[[120.749934,21.994826],[120.750107,21.994565],[120.750766,21.993436],[120.750468,21.993281],[120.750366,21.993232],[120.75026,21.993191],[120.749355,21.992866],[120.749256,21.992839],[120.749184,21.992827],[120.748922,21.992808],[120.748857,21.992794],[120.748617,21.992725],[120.748532,21.992695],[120.74845,21.992658],[120.748271,21.992555],[120.748169,21.992487],[120.747811,21.992211],[120.74748,21.991943],[120.747402,21.991875],[120.7473,21.99181],[120.747243,21.991802],[120.747146,21.992053],[120.74691,21.992614],[120.746953,21.99263],[120.746863,21.992897],[120.746745,21.993175],[120.74667,21.993151],[120.746583,21.993363],[120.746648,21.993391],[120.746594,21.993509],[120.74653,21.993696],[120.746677,21.993776],[120.747491,21.994249],[120.748022,21.994575],[120.74809,21.99463],[120.748296,21.994359],[120.748708,21.994626],[120.748875,21.994715],[120.748916,21.994721],[120.74904,21.994688],[120.749365,21.994562],[120.749433,21.994558],[120.749465,21.994574],[120.7495,21.994571],[120.749934,21.994826]]]}},{"type":"Feature","properties":{"id":"e52e49426161","name":"國立屏東特殊教育學校","level":"特殊","basis":"both","data_ym":"202509"},"geometry":{"type":"Polygon","coordinates":[[[120.544111,22.533636],[120.542502,22.533256],[120.542422,22.533615],[120.542465,22.533634],[120.54248,22.533667],[120.542451,22.533918],[120.542646,22.533959],[120.542768,22.534107],[120.542775,22.534133],[120.542853,22.5342],[120.542838,22.534446],[120.542943,22.534452],[120.542922,22.534806],[120.542923,22.53483],[120.543135,22.534748],[120.543593,22.534271],[120.544078,22.533719],[120.544101,22.533669],[120.544111,22.533636]]]}},{"type":"Feature","properties":{"id":"0bf92ec7ffac","name":"屏東縣潮州鎮光春國民小學","level":"國小","basis":"both","data_ym":"202509"},"geometry":{"type":"Polygon","coordinates":[[[120.537349,22.540635],[120.537351,22.539658],[120.535648,22.539698],[120.535682,22.540621],[120.535727,22.540654],[120.537349,22.540635]]]}},{"type":"Feature","properties":{"id":"ba566b72e7cf","name":"屏東縣立竹田國民中學","level":"國中","basis":"both","data_ym":"202509"},"geometry":{"type":"Polygon","coordinates":[[[120.523959,22.615079],[120.522362,22.614984],[120.522273,22.616179],[120.522235,22.616305],[120.522226,22.616348],[120.522226,22.616371],[120.522238,22.616385],[120.522499,22.616518],[120.522557,22.616556],[120.522674,22.616582],[120.522837,22.616611],[120.5231,22.61665],[120.523341,22.616666],[120.523624,22.616678],[120.52397,22.616719],[120.524154,22.616756],[120.524156,22.616744],[120.524135,22.616703],[120.524131,22.616535],[120.524145,22.616394],[120.524113,22.61517],[120.524107,22.61512],[120.524098,22.615103],[120.524088,22.615096],[120.524072,22.615093],[120.523959,22.615079]]]}},{"type":"Feature","properties":{"id":"a9722d760bc0","name":"國立內埔高級農工職業學校","level":"高中職","basis":"name","data_ym":"202510"},"geometry":{"type":"Polygon","coordinates":[[[120.640921,22.709847],[120.641359,22.709838],[120.641912,22.709851],[120.642065,22.709819],[120.642529,22.709806],[120.64268,22.709777],[120.64275,22.709814],[120.642779,22.709891],[120.642869,22.709897],[120.64317,22.709901],[120.643718,22.709886],[120.643987,22.709514],[120.644042,22.709402],[120.644025,22.709395],[120.644072,22.709301],[120.644096,22.709305],[120.644203,22.709102],[120.644387,22.708792],[120.643188,22.708216],[120.643068,22.708231],[120.642786,22.708138],[120.642246,22.707896],[120.641519,22.707586],[120.640752,22.707289],[120.640728,22.707341],[120.640785,22.707363],[120.640717,22.707511],[120.640768,22.707533],[120.640663,22.707713],[120.640468,22.708091],[120.640385,22.708279],[120.64026,22.708591],[120.640106,22.709048],[120.640025,22.70931],[120.639924,22.709668],[120.639886,22.709826],[120.639877,22.709897],[120.639882,22.709902],[120.639927,22.709902],[120.640921,22.709847]]]}},{"type":"Feature","properties":{"id":"bb2532b4a091","name":"屏東縣滿州鄉永港國民小學","level":"國小","basis":"both","data_ym":"202510"},"geometry":{"type":"Polygon","coordinates":[[[120.818414,22.005278],[120.818352,22.005047],[120.81836,22.004897],[120.81819,22.004787],[120.817201,22.004518],[120.816964,22.004764],[120.816674,22.005081],[120.816525,22.004978],[120.816499,22.005008],[120.816519,22.005033],[120.81688,22.005288],[120.816903,22.005347],[120.81682,22.005486],[120.816775,22.005538],[120.816731,22.00561],[120.81663,22.005826],[120.816717,22.005997],[120.817364,22.006123],[120.817497,22.00614],[120.81763,22.006152],[120.818477,22.006172],[120.818298,22.005882],[120.818069,22.005497],[120.818066,22.005448],[120.818212,22.005341],[120.818414,22.005278]]]}},{"type":"Feature","properties":{"id":"aad1d5786e51","name":"屏東縣佳冬鄉塭子國民小學","level":"國小","basis":"both","data_ym":"201609"},"geometry":{"type":"Polygon","coordinates":[[[120.526306,22.409428],[120.526709,22.409237],[120.526731,22.409277],[120.526824,22.409277],[120.526838,22.40922],[120.526866,22.40922],[120.526868,22.409172],[120.52691,22.409162],[120.526892,22.409012],[120.526788,22.408871],[120.52701,22.408753],[120.526863,22.408456],[120.526835,22.408454],[120.526667,22.408469],[120.52653,22.408522],[120.525524,22.408959],[120.525432,22.409008],[120.525399,22.409036],[120.525371,22.409068],[120.525358,22.40909],[120.525352,22.40911],[120.525356,22.409141],[120.525429,22.409274],[120.525575,22.409498],[120.525602,22.409526],[120.525631,22.409548],[120.525898,22.409638],[120.526306,22.409428]]]}},{"type":"Feature","properties":{"id":"6bc25fcd19ef","name":"屏東縣林邊鄉水利國民小學","level":"國小","basis":"both","data_ym":"201009"},"geometry":{"type":"Polygon","coordinates":[[[120.504144,22.419591],[120.50432,22.419456],[120.504358,22.4195],[120.504557,22.419393],[120.504595,22.419362],[120.504636,22.419348],[120.504659,22.419388],[120.504803,22.419287],[120.504888,22.419378],[120.504996,22.419305],[120.505281,22.419098],[120.505289,22.419107],[120.505318,22.419081],[120.505465,22.419224],[120.505497,22.419194],[120.505405,22.4191],[120.505337,22.419044],[120.505439,22.418965],[120.505386,22.418907],[120.505451,22.418844],[120.505574,22.418759],[120.505715,22.418673],[120.505574,22.418469],[120.505479,22.418353],[120.504246,22.419089],[120.503904,22.419311],[120.504144,22.419591]]]}},{"type":"Feature","properties":{"id":"449bb7e98d54","name":"屏東縣林邊鄉崎峰國民小學","level":"國小","basis":"both","data_ym":"201709"},"geometry":{"type":"Polygon","coordinates":[[[120.492943,22.426474],[120.493077,22.426425],[120.49312,22.426452],[120.493616,22.426292],[120.49368,22.426368],[120.494274,22.426128],[120.494493,22.426045],[120.494515,22.426008],[120.494897,22.42586],[120.495201,22.425728],[120.495224,22.425702],[120.495284,22.425673],[120.494982,22.425158],[120.494948,22.425079],[120.494449,22.425204],[120.494341,22.425339],[120.494333,22.425513],[120.494216,22.425556],[120.494241,22.425605],[120.493768,22.425812],[120.493348,22.425954],[120.492847,22.426152],[120.492571,22.426252],[120.492639,22.426401],[120.492647,22.426397],[120.492729,22.426563],[120.492943,22.426474]]]}},{"type":"Feature","properties":{"id":"aaac6f792598","name":"屏東縣林邊鄉林邊國民小學","level":"國小","basis":"both","data_ym":"202311"},"geometry":{"type":"Polygon","coordinates":[[[120.518375,22.433371],[120.518369,22.433341],[120.518674,22.433272],[120.519351,22.433169],[120.51936,22.433191],[120.519494,22.433171],[120.519848,22.433089],[120.519905,22.432857],[120.519944,22.432845],[120.519802,22.432355],[120.519781,22.432361],[120.519704,22.432111],[120.519209,22.432241],[120.518599,22.432379],[120.518581,22.432432],[120.518299,22.4325],[120.518262,22.43248],[120.518287,22.43257],[120.518195,22.432686],[120.518234,22.432847],[120.518306,22.433183],[120.51821,22.433195],[120.518252,22.433396],[120.518375,22.433371]]]}},{"type":"Feature","properties":{"id":"0285b7089d52","name":"屏東縣立林邊國民中學","level":"國中","basis":"both","data_ym":"201709"},"geometry":{"type":"Polygon","coordinates":[[[120.51238,22.432832],[120.512653,22.432664],[120.512535,22.432604],[120.512748,22.432166],[120.512282,22.432092],[120.512223,22.432208],[120.512175,22.432279],[120.512155,22.432301],[120.512119,22.432334],[120.512092,22.43235],[120.512056,22.43236],[120.512018,22.432361],[120.51198,22.432352],[120.51136,22.432128],[120.511002,22.432012],[120.510378,22.431793],[120.510302,22.431781],[120.51014,22.431777],[120.510097,22.431781],[120.510058,22.43179],[120.509723,22.431964],[120.509704,22.431994],[120.509685,22.432053],[120.50965,22.432285],[120.509619,22.432411],[120.509525,22.432634],[120.510041,22.432832],[120.510037,22.432812],[120.510111,22.4328],[120.510115,22.432819],[120.510229,22.432857],[120.510246,22.432817],[120.510452,22.432894],[120.510441,22.432921],[120.510464,22.43293],[120.510447,22.432968],[120.511646,22.433434],[120.511854,22.433229],[120.512055,22.433061],[120.512142,22.433004],[120.512243,22.432924],[120.51238,22.432832]]]}},{"type":"Feature","properties":{"id":"db7d06a5f198","name":"屏東縣林邊鄉仁和國民小學","level":"國小","basis":"both","data_ym":"201908"},"geometry":{"type":"Polygon","coordinates":[[[120.511859,22.438011],[120.511856,22.437957],[120.511924,22.437872],[120.511975,22.43787],[120.511992,22.437849],[120.51188,22.437437],[120.511856,22.437439],[120.511851,22.437224],[120.511864,22.436663],[120.511496,22.436636],[120.511466,22.436655],[120.511322,22.436646],[120.511297,22.436621],[120.510751,22.436575],[120.510797,22.437982],[120.511078,22.438008],[120.511084,22.437965],[120.511807,22.438073],[120.511859,22.438011]]]}},{"type":"Feature","properties":{"id":"bdeae733c749","name":"屏東縣東港鎮大潭國民小學","level":"國小","basis":"both","data_ym":"201009"},"geometry":{"type":"Polygon","coordinates":[[[120.496147,22.456401],[120.495911,22.45634],[120.495884,22.456363],[120.495808,22.456346],[120.495789,22.45631],[120.49577,22.456329],[120.495698,22.456315],[120.49567,22.456277],[120.495466,22.456217],[120.495457,22.456225],[120.495445,22.456242],[120.495322,22.456491],[120.495241,22.456859],[120.495267,22.456875],[120.495005,22.457804],[120.495941,22.458027],[120.496124,22.45713],[120.496135,22.456701],[120.496147,22.456401]]]}},{"type":"Feature","properties":{"id":"3f31cbab2ef3","name":"屏東縣東港鎮以栗國民小學","level":"國小","basis":"both","data_ym":"201009"},"geometry":{"type":"Polygon","coordinates":[[[120.461275,22.462816],[120.461486,22.462761],[120.461559,22.462795],[120.461912,22.462697],[120.461919,22.462683],[120.46157,22.461629],[120.461504,22.461593],[120.460536,22.461876],[120.460528,22.461882],[120.460499,22.461938],[120.4606,22.462198],[120.460684,22.462466],[120.460846,22.46295],[120.460893,22.462975],[120.461262,22.462881],[120.461275,22.462816]]]}},{"type":"Feature","properties":{"id":"f80267537706","name":"屏東縣東港鎮東隆國民小學","level":"國小","basis":"both","data_ym":"202311"},"geometry":{"type":"Polygon","coordinates":[[[120.451194,22.464787],[120.451203,22.464695],[120.45122,22.464697],[120.45123,22.464483],[120.4512,22.464435],[120.451246,22.463591],[120.450267,22.463529],[120.450129,22.463652],[120.449863,22.463633],[120.449883,22.46372],[120.449868,22.46372],[120.449859,22.46375],[120.449788,22.464168],[120.449776,22.464428],[120.449914,22.464566],[120.44991,22.464631],[120.451194,22.464787]]]}},{"type":"Feature","properties":{"id":"5e13b03d6bd8","name":"屏東縣東港鎮海濱國民小學","level":"國小","basis":"both","data_ym":"201709"},"geometry":{"type":"Polygon","coordinates":[[[120.44259,22.464723],[120.44267,22.464663],[120.44271,22.464669],[120.443264,22.464247],[120.443282,22.463985],[120.443274,22.463979],[120.443238,22.464026],[120.442932,22.463778],[120.442897,22.463807],[120.442811,22.463726],[120.442838,22.463701],[120.44252,22.463448],[120.442601,22.463353],[120.442446,22.463229],[120.44235,22.463182],[120.442298,22.463237],[120.44229,22.463231],[120.442199,22.463303],[120.442079,22.463415],[120.441736,22.46367],[120.441394,22.463902],[120.441344,22.463904],[120.441339,22.464],[120.442194,22.464988],[120.442253,22.464989],[120.442282,22.464982],[120.442578,22.464768],[120.44259,22.464723]]]}},{"type":"Feature","properties":{"id":"d3eb3757cad8","name":"國立東港高級海事水產職業學校","level":"高中職","basis":"name","data_ym":"201709"},"geometry":{"type":"Polygon","coordinates":[[[120.441369,22.466157],[120.442404,22.46537],[120.44232,22.465273],[120.442328,22.465266],[120.442215,22.465139],[120.442209,22.465144],[120.441237,22.464016],[120.441043,22.464141],[120.440854,22.46428],[120.440767,22.464356],[120.440368,22.464625],[120.440277,22.464701],[120.44029,22.464741],[120.440204,22.46541],[120.440971,22.466104],[120.441037,22.466123],[120.441332,22.466122],[120.441369,22.466157]]]}},{"type":"Feature","properties":{"id":"6753a80ba700","name":"屏東縣東港鎮東光國民小學","level":"國小","basis":"both","data_ym":"201609"},"geometry":{"type":"Polygon","coordinates":[[[120.460252,22.467771],[120.459565,22.467378],[120.459478,22.46751],[120.459469,22.467547],[120.459443,22.469134],[120.461361,22.469119],[120.461351,22.468126],[120.460377,22.467826],[120.460316,22.467804],[120.460252,22.467771]]]}},{"type":"Feature","properties":{"id":"fd7b2a3a79da","name":"屏東縣東港鎮東港國民小學","level":"國小","basis":"both","data_ym":"202311"},"geometry":{"type":"Polygon","coordinates":[[[120.456181,22.470538],[120.456071,22.470306],[120.455995,22.470122],[120.455963,22.47009],[120.455922,22.470063],[120.455878,22.470041],[120.455841,22.470004],[120.455807,22.469963],[120.455712,22.469828],[120.455665,22.469778],[120.45562,22.469747],[120.455549,22.469708],[120.45549,22.469644],[120.455456,22.469624],[120.45538,22.469528],[120.455328,22.469443],[120.455272,22.469469],[120.455136,22.469397],[120.455122,22.46941],[120.455022,22.469338],[120.454612,22.469719],[120.454601,22.469739],[120.454612,22.469773],[120.454318,22.469945],[120.454266,22.470003],[120.454119,22.470189],[120.453692,22.470565],[120.454834,22.471109],[120.455096,22.471281],[120.455389,22.471508],[120.455414,22.471512],[120.455447,22.47151],[120.455477,22.471491],[120.45572,22.471229],[120.455944,22.47096],[120.456181,22.470538]]]}},{"type":"Feature","properties":{"id":"feb527802940","name":"屏東縣南州鄉同安國民小學","level":"國小","basis":"both","data_ym":"201709"},"geometry":{"type":"Polygon","coordinates":[[[120.52163,22.473114],[120.521743,22.473103],[120.521785,22.473129],[120.522144,22.473089],[120.52205,22.472292],[120.521923,22.472297],[120.521902,22.472113],[120.521669,22.472138],[120.521149,22.47214],[120.521219,22.473191],[120.521607,22.473148],[120.52163,22.473114]]]}},{"type":"Feature","properties":{"id":"16791a45786c","name":"屏東縣立東新國民中學","level":"國中","basis":"both","data_ym":"201609"},"geometry":{"type":"Polygon","coordinates":[[[120.465481,22.474356],[120.465795,22.474289],[120.465854,22.474309],[120.465868,22.474284],[120.465725,22.473712],[120.465651,22.473373],[120.465665,22.473328],[120.465511,22.472703],[120.464813,22.47285],[120.464772,22.472911],[120.464674,22.472933],[120.464679,22.47295],[120.464365,22.473024],[120.464336,22.473002],[120.464112,22.473078],[120.463978,22.473161],[120.463861,22.473246],[120.463761,22.473335],[120.463189,22.473961],[120.463182,22.474018],[120.464458,22.474944],[120.46469,22.474687],[120.464774,22.474615],[120.46489,22.474534],[120.465012,22.474509],[120.465066,22.474486],[120.465465,22.47439],[120.465481,22.474356]]]}},{"type":"Feature","properties":{"id":"7d1bff46c52c","name":"屏東縣立南州國民中學","level":"國中","basis":"both","data_ym":"201410"},"geometry":{"type":"Polygon","coordinates":[[[120.506044,22.487241],[120.505348,22.485995],[120.505217,22.486017],[120.505116,22.485995],[120.505103,22.485996],[120.504718,22.486085],[120.503554,22.486714],[120.504137,22.48725],[120.504191,22.487258],[120.504413,22.487473],[120.504562,22.487481],[120.504621,22.4876],[120.504619,22.487613],[120.504585,22.487628],[120.504611,22.48768],[120.505033,22.488062],[120.505335,22.488102],[120.505924,22.487856],[120.506136,22.487853],[120.506095,22.48738],[120.506044,22.487241]]]}},{"type":"Feature","properties":{"id":"cdb4b27db952","name":"慈惠醫護管理專科學校","level":"大專","basis":"both","data_ym":"201009"},"geometry":{"type":"Polygon","coordinates":[[[120.490968,22.488203],[120.49097,22.487925],[120.490954,22.487534],[120.490764,22.484227],[120.490729,22.483651],[120.490721,22.483619],[120.49071,22.483606],[120.490613,22.483556],[120.48863,22.483607],[120.48864,22.483299],[120.487649,22.483276],[120.487231,22.483271],[120.487454,22.486669],[120.48754,22.488082],[120.487602,22.488086],[120.487601,22.488111],[120.48766,22.488114],[120.48766,22.488091],[120.487773,22.488094],[120.487775,22.488076],[120.488685,22.488111],[120.489308,22.48814],[120.490968,22.488203]]]}},{"type":"Feature","properties":{"id":"5eeb8c095126","name":"屏東縣新園鄉烏龍國民小學","level":"國小","basis":"both","data_ym":"202107"},"geometry":{"type":"Polygon","coordinates":[[[120.457013,22.488603],[120.458538,22.488594],[120.458567,22.488571],[120.458539,22.488419],[120.458516,22.48842],[120.45842,22.487897],[120.458392,22.487885],[120.458361,22.487697],[120.45838,22.487672],[120.458289,22.48712],[120.458269,22.487117],[120.456974,22.487327],[120.456893,22.487381],[120.456816,22.48745],[120.456835,22.487573],[120.456906,22.487959],[120.457013,22.488603]]]}},{"type":"Feature","properties":{"id":"40a0681c1036","name":"屏東縣南州鄉南州國民小學","level":"國小","basis":"both","data_ym":"201908"},"geometry":{"type":"Polygon","coordinates":[[[120.506044,22.487241],[120.506095,22.48738],[120.506136,22.487853],[120.505924,22.487856],[120.505335,22.488102],[120.505033,22.488062],[120.505514,22.488494],[120.505558,22.488503],[120.505594,22.488565],[120.505711,22.488652],[120.50576,22.488647],[120.505968,22.488845],[120.50599,22.488774],[120.506051,22.488797],[120.506092,22.488822],[120.506371,22.488805],[120.506372,22.488811],[120.506491,22.488804],[120.506491,22.488799],[120.506944,22.488762],[120.507424,22.488731],[120.507424,22.488653],[120.507771,22.488629],[120.507771,22.488573],[120.507778,22.488557],[120.507881,22.488547],[120.507813,22.487813],[120.507799,22.487719],[120.507776,22.487661],[120.507734,22.487328],[120.507013,22.487381],[120.506973,22.487145],[120.506482,22.487148],[120.506044,22.487241]]]}},{"type":"Feature","properties":{"id":"d60962689425","name":"屏東縣新園鄉鹽洲國民小學","level":"國小","basis":"both","data_ym":"201510"},"geometry":{"type":"Polygon","coordinates":[[[120.441234,22.487559],[120.441224,22.487556],[120.44106,22.487574],[120.440527,22.487642],[120.439507,22.487852],[120.439497,22.487856],[120.439486,22.487868],[120.439372,22.48806],[120.439544,22.488322],[120.439688,22.48853],[120.440016,22.488894],[120.440352,22.488794],[120.440763,22.488701],[120.441234,22.487559]]]}},{"type":"Feature","properties":{"id":"e6d0fdd4bc6e","name":"屏東縣南州鄉溪北國民小學","level":"國小","basis":"both","data_ym":"201609"},"geometry":{"type":"Polygon","coordinates":[[[120.511935,22.49699],[120.511902,22.496292],[120.511963,22.496288],[120.511958,22.49583],[120.51187,22.495828],[120.511867,22.495702],[120.511682,22.495706],[120.511661,22.495212],[120.511644,22.49513],[120.511631,22.495103],[120.511586,22.495062],[120.511563,22.49505],[120.511504,22.495087],[120.511373,22.495145],[120.511278,22.495167],[120.511168,22.495182],[120.511127,22.495231],[120.510944,22.495241],[120.510897,22.495207],[120.510737,22.495217],[120.510578,22.495217],[120.510563,22.495712],[120.510543,22.495712],[120.510559,22.496011],[120.51052,22.496012],[120.510521,22.496073],[120.510422,22.496071],[120.510419,22.496097],[120.510406,22.496271],[120.51045,22.49627],[120.510454,22.496443],[120.510482,22.496442],[120.510471,22.496581],[120.510462,22.496642],[120.510487,22.496656],[120.510539,22.496699],[120.510619,22.496769],[120.510739,22.496865],[120.510772,22.496886],[120.510875,22.496921],[120.510924,22.496931],[120.510974,22.496931],[120.511362,22.496887],[120.511461,22.496889],[120.511523,22.496896],[120.511935,22.49699]]]}},{"type":"Feature","properties":{"id":"82a53f076a0b","name":"屏東縣新園鄉港西國民小學","level":"國小","basis":"both","data_ym":"201709"},"geometry":{"type":"Polygon","coordinates":[[[120.456167,22.508083],[120.456189,22.507911],[120.455796,22.507848],[120.455889,22.507328],[120.455826,22.507321],[120.455559,22.507275],[120.455432,22.507977],[120.455219,22.507941],[120.455268,22.508816],[120.455426,22.508839],[120.455426,22.508869],[120.455658,22.508905],[120.455967,22.508614],[120.456159,22.5084],[120.456365,22.508195],[120.456422,22.508123],[120.456167,22.508083]]]}},{"type":"Feature","properties":{"id":"db066a8daf9e","name":"屏東縣崁頂鄉港東國民小學","level":"國小","basis":"both","data_ym":"201009"},"geometry":{"type":"Polygon","coordinates":[[[120.482561,22.509675],[120.48266,22.509586],[120.482704,22.509589],[120.482747,22.509603],[120.482956,22.509689],[120.482983,22.509695],[120.482998,22.509692],[120.483051,22.509646],[120.483083,22.50963],[120.483063,22.509595],[120.483031,22.509554],[120.482825,22.50935],[120.482356,22.508869],[120.482031,22.508587],[120.481719,22.508336],[120.481617,22.50864],[120.481495,22.508978],[120.481352,22.509546],[120.481624,22.509533],[120.481809,22.509538],[120.481858,22.509544],[120.482124,22.5096],[120.482184,22.509603],[120.48221,22.509608],[120.482398,22.509678],[120.482498,22.509705],[120.482518,22.509701],[120.482561,22.509675]]]}},{"type":"Feature","properties":{"id":"d8ab664a5ac3","name":"屏東縣潮州鎮潮南國民小學","level":"國小","basis":"both","data_ym":"201709"},"geometry":{"type":"Polygon","coordinates":[[[120.537041,22.512408],[120.537143,22.5124],[120.537162,22.51244],[120.537624,22.512416],[120.537649,22.512088],[120.537744,22.511272],[120.536743,22.511253],[120.536302,22.511216],[120.536295,22.511564],[120.536502,22.511566],[120.536518,22.512327],[120.536582,22.512329],[120.536592,22.512499],[120.536753,22.512487],[120.536775,22.512459],[120.537016,22.512448],[120.537041,22.512408]]]}},{"type":"Feature","properties":{"id":"7655d785ab82","name":"屏東縣私立南榮國民中學","level":"國中","basis":"both","data_ym":"202401"},"geometry":{"type":"Polygon","coordinates":[[[120.518844,22.513421],[120.518799,22.513411],[120.518748,22.513414],[120.518747,22.513392],[120.518635,22.513352],[120.518452,22.513224],[120.517777,22.513302],[120.517804,22.513686],[120.517821,22.514041],[120.517829,22.51442],[120.517834,22.51442],[120.517835,22.514459],[120.51783,22.514459],[120.51783,22.514466],[120.518902,22.514458],[120.518899,22.514245],[120.518892,22.514151],[120.518838,22.514132],[120.518838,22.513948],[120.518832,22.513873],[120.518844,22.513421]]]}},{"type":"Feature","properties":{"id":"9a5beb7b2286","name":"屏東縣崁頂鄉崁頂國民小學","level":"國小","basis":"both","data_ym":"201710"},"geometry":{"type":"Polygon","coordinates":[[[120.511962,22.515269],[120.512306,22.51477],[120.512355,22.51479],[120.512542,22.514499],[120.512117,22.514281],[120.512127,22.514263],[120.512105,22.514249],[120.512202,22.514082],[120.512218,22.514091],[120.512255,22.514024],[120.512323,22.513918],[120.51238,22.513859],[120.512231,22.513759],[120.512044,22.51366],[120.51146,22.513376],[120.511447,22.513404],[120.511432,22.513396],[120.511388,22.513498],[120.511384,22.513497],[120.511345,22.513581],[120.51114,22.513856],[120.511001,22.514032],[120.510935,22.514092],[120.510817,22.51429],[120.510809,22.514308],[120.510818,22.514313],[120.510687,22.514523],[120.510981,22.514696],[120.511515,22.514992],[120.511962,22.515269]]]}},{"type":"Feature","properties":{"id":"e72369899736","name":"屏東縣新園鄉新園國民小學","level":"國小","basis":"both","data_ym":"202107"},"geometry":{"type":"Polygon","coordinates":[[[120.452055,22.524571],[120.451898,22.5235],[120.451847,22.523125],[120.451746,22.52316],[120.451679,22.523206],[120.451547,22.523313],[120.450857,22.523969],[120.45098,22.524292],[120.451116,22.524287],[120.451128,22.524333],[120.451164,22.524407],[120.451349,22.524856],[120.451384,22.52488],[120.451449,22.524799],[120.451481,22.524774],[120.451529,22.524746],[120.451695,22.524679],[120.451968,22.524597],[120.452006,22.524591],[120.452005,22.524586],[120.452055,22.524571]]]}},{"type":"Feature","properties":{"id":"d4e2d4549605","name":"屏東縣立光春國民中學","level":"國中","basis":"both","data_ym":"201709"},"geometry":{"type":"Polygon","coordinates":[[[120.537497,22.535395],[120.537549,22.535256],[120.53803,22.535263],[120.53951,22.53527],[120.539696,22.53522],[120.539718,22.535065],[120.539818,22.534831],[120.53983,22.534813],[120.540295,22.534842],[120.540459,22.534857],[120.540461,22.534806],[120.540964,22.53348],[120.539257,22.533702],[120.537397,22.533897],[120.53713,22.533942],[120.537127,22.533926],[120.537091,22.533929],[120.537097,22.533964],[120.53673,22.53401],[120.537144,22.535369],[120.537497,22.535395]]]}},{"type":"Feature","properties":{"id":"2ea37bef2993","name":"屏東縣崁頂鄉力社國民小學","level":"國小","basis":"both","data_ym":"201009"},"geometry":{"type":"Polygon","coordinates":[[[120.508797,22.539637],[120.509441,22.539285],[120.509942,22.539346],[120.509976,22.539197],[120.509705,22.538876],[120.509432,22.538587],[120.509103,22.538223],[120.508688,22.538337],[120.5084,22.538424],[120.508554,22.539523],[120.508727,22.539552],[120.508797,22.539637]]]}},{"type":"Feature","properties":{"id":"4068e77b1eaa","name":"屏東縣新園鄉仙吉國民小學","level":"國小","basis":"both","data_ym":"201510"},"geometry":{"type":"Polygon","coordinates":[[[120.461312,22.544885],[120.461235,22.544772],[120.46147,22.544641],[120.461455,22.544616],[120.461578,22.544547],[120.460994,22.543623],[120.460862,22.543696],[120.460866,22.543702],[120.460814,22.543738],[120.460793,22.543711],[120.460791,22.543745],[120.460509,22.543734],[120.460276,22.543939],[120.460106,22.544214],[120.460027,22.544187],[120.459977,22.544196],[120.459955,22.544211],[120.459902,22.544344],[120.460049,22.544419],[120.460093,22.544646],[120.460157,22.545071],[120.461063,22.545107],[120.461075,22.545097],[120.461076,22.545021],[120.461312,22.544885]]]}},{"type":"Feature","properties":{"id":"fd4ebee5eb3d","name":"屏東縣立新園國民中學","level":"國中","basis":"both","data_ym":"201510"},"geometry":{"type":"Polygon","coordinates":[[[120.461312,22.544885],[120.461076,22.545021],[120.461075,22.545097],[120.461063,22.545107],[120.460157,22.545071],[120.460168,22.545138],[120.459797,22.545188],[120.459784,22.545196],[120.459782,22.545206],[120.4598,22.545335],[120.459847,22.54589],[120.459981,22.547179],[120.459962,22.547239],[120.459715,22.547539],[120.459604,22.547705],[120.459574,22.547741],[120.459512,22.54778],[120.459495,22.547801],[120.459563,22.547829],[120.459842,22.547773],[120.459931,22.54778],[120.460055,22.547799],[120.460243,22.547815],[120.460483,22.547795],[120.460863,22.54772],[120.461224,22.547355],[120.462127,22.546404],[120.462104,22.546383],[120.462146,22.546328],[120.46213,22.546306],[120.461536,22.545236],[120.461749,22.545129],[120.46192,22.545051],[120.461922,22.545054],[120.461947,22.545043],[120.46191,22.544981],[120.461512,22.545168],[120.461468,22.545087],[120.461448,22.545095],[120.461408,22.545041],[120.461398,22.544958],[120.461328,22.544892],[120.461312,22.544885]]]}},{"type":"Feature","properties":{"id":"a3568ddd8527","name":"屏東縣潮州鎮光華國民小學","level":"國小","basis":"both","data_ym":"201709"},"geometry":{"type":"Polygon","coordinates":[[[120.544802,22.547437],[120.544761,22.547436],[120.544764,22.547424],[120.544721,22.547409],[120.544653,22.547374],[120.544609,22.547341],[120.544496,22.547238],[120.544415,22.547187],[120.54436,22.547162],[120.544032,22.547095],[120.543867,22.547071],[120.543801,22.547054],[120.543722,22.54703],[120.543382,22.546895],[120.54334,22.547113],[120.543023,22.547086],[120.54299,22.547535],[120.542993,22.547535],[120.542935,22.548299],[120.543038,22.548301],[120.543053,22.548275],[120.543112,22.548302],[120.544285,22.548324],[120.544394,22.548333],[120.544366,22.547965],[120.544725,22.547935],[120.544802,22.547437]]]}},{"type":"Feature","properties":{"id":"cc062721418b","name":"屏東縣潮州鎮潮州國民小學","level":"國小","basis":"both","data_ym":"201009"},"geometry":{"type":"Polygon","coordinates":[[[120.541661,22.548726],[120.541795,22.546781],[120.539844,22.546791],[120.539777,22.546888],[120.540176,22.547828],[120.540241,22.548003],[120.540264,22.548078],[120.540311,22.548292],[120.540337,22.548466],[120.540336,22.54856],[120.540323,22.548703],[120.541461,22.54881],[120.541559,22.548793],[120.541634,22.548765],[120.541649,22.548751],[120.541661,22.548726]]]}},{"type":"Feature","properties":{"id":"033794c852f2","name":"國立潮州高級中學","level":"高中職","basis":"both","data_ym":"201908"},"geometry":{"type":"Polygon","coordinates":[[[120.544802,22.547437],[120.544725,22.547935],[120.544366,22.547965],[120.544394,22.548333],[120.544285,22.548324],[120.544164,22.549619],[120.544688,22.549649],[120.545723,22.54972],[120.547048,22.548329],[120.547079,22.548292],[120.547043,22.548255],[120.546313,22.547688],[120.546239,22.547638],[120.54616,22.547591],[120.546081,22.547554],[120.54601,22.547528],[120.546011,22.547524],[120.545996,22.547523],[120.545856,22.547482],[120.545697,22.547467],[120.544802,22.547437]]]}},{"type":"Feature","properties":{"id":"84d438f15d43","name":"屏東縣萬丹鄉興化國民小學","level":"國小","basis":"both","data_ym":"201009"},"geometry":{"type":"Polygon","coordinates":[[[120.499991,22.549716],[120.499934,22.54935],[120.499146,22.549526],[120.499188,22.549692],[120.49913,22.549705],[120.499137,22.549737],[120.49915,22.549767],[120.499167,22.549859],[120.499197,22.549934],[120.499212,22.550017],[120.499332,22.550983],[120.50013,22.550799],[120.499991,22.549716]]]}},{"type":"Feature","properties":{"id":"bc113028a199","name":"屏東縣新園鄉瓦磘國民小學","level":"國小","basis":"both","data_ym":"202204"},"geometry":{"type":"Polygon","coordinates":[[[120.47498,22.551821],[120.47531,22.551803],[120.475351,22.551787],[120.475368,22.551766],[120.475363,22.551683],[120.475333,22.551433],[120.475289,22.551118],[120.475281,22.551105],[120.474135,22.551194],[120.474152,22.551316],[120.474161,22.55143],[120.474176,22.551488],[120.474193,22.551815],[120.47498,22.551821]]]}},{"type":"Feature","properties":{"id":"ad9136cfba0c","name":"屏東縣立潮州國民中學","level":"國中","basis":"both","data_ym":"201710"},"geometry":{"type":"Polygon","coordinates":[[[120.544574,22.553852],[120.544523,22.553729],[120.544513,22.553731],[120.544299,22.55315],[120.544202,22.553155],[120.543412,22.55332],[120.543392,22.553311],[120.543257,22.553337],[120.54326,22.55335],[120.543255,22.553359],[120.543078,22.553398],[120.542743,22.553457],[120.542823,22.553817],[120.542898,22.553905],[120.542927,22.553992],[120.542914,22.554006],[120.542887,22.554055],[120.54307,22.554818],[120.5447,22.554496],[120.5447,22.55424],[120.544559,22.553855],[120.544574,22.553852]]]}},{"type":"Feature","properties":{"id":"64e19290d641","name":"屏東縣潮州鎮潮和國民小學","level":"國小","basis":"both","data_ym":"201805"},"geometry":{"type":"Polygon","coordinates":[[[120.538232,22.556069],[120.536864,22.555742],[120.537025,22.557366],[120.538134,22.557449],[120.538157,22.557393],[120.538198,22.55692],[120.538166,22.556887],[120.538177,22.556753],[120.538219,22.556725],[120.538271,22.556108],[120.53826,22.556088],[120.538232,22.556069]]]}},{"type":"Feature","properties":{"id":"733d58e77bb6","name":"屏東縣潮州鎮潮昇國民小學","level":"國小","basis":"both","data_ym":"201010"},"geometry":{"type":"Polygon","coordinates":[[[120.547824,22.556138],[120.547778,22.556131],[120.547283,22.55649],[120.547123,22.556599],[120.54707,22.556631],[120.546978,22.556679],[120.546899,22.556711],[120.546514,22.556847],[120.546489,22.556896],[120.546822,22.557918],[120.546942,22.557873],[120.547114,22.5578],[120.547286,22.557719],[120.547366,22.557679],[120.54744,22.557635],[120.547644,22.557502],[120.548479,22.556894],[120.547824,22.556138]]]}},{"type":"Feature","properties":{"id":"5e8155a8464c","name":"屏東縣萬丹鄉新庄國民小學","level":"國小","basis":"both","data_ym":"201009"},"geometry":{"type":"Polygon","coordinates":[[[120.480862,22.56196],[120.479734,22.562059],[120.479767,22.562216],[120.479777,22.562226],[120.479793,22.562231],[120.479923,22.562838],[120.479988,22.563508],[120.480339,22.563477],[120.480678,22.563453],[120.480678,22.563442],[120.481057,22.563425],[120.480862,22.56196]]]}},{"type":"Feature","properties":{"id":"62c5dc92abfa","name":"屏東縣立萬新國民中學","level":"國中","basis":"both","data_ym":"201510"},"geometry":{"type":"Polygon","coordinates":[[[120.491762,22.564514],[120.491677,22.563527],[120.492797,22.563441],[120.49269,22.562452],[120.4927,22.56243],[120.493033,22.562401],[120.49295,22.561473],[120.492339,22.56152],[120.492339,22.56151],[120.492311,22.561512],[120.492312,22.561522],[120.491522,22.561584],[120.491577,22.562245],[120.491591,22.562247],[120.491611,22.562413],[120.491615,22.562504],[120.491608,22.562532],[120.490846,22.562584],[120.490821,22.562597],[120.490799,22.562623],[120.490798,22.56266],[120.490873,22.563476],[120.490879,22.563585],[120.490947,22.56358],[120.490951,22.563644],[120.490695,22.563662],[120.490776,22.564608],[120.490791,22.564626],[120.490803,22.564629],[120.491756,22.564556],[120.491762,22.564514]]]}},{"type":"Feature","properties":{"id":"97b275f2e7b8","name":"屏東縣萬丹鄉新興國民小學","level":"國小","basis":"both","data_ym":"202311"},"geometry":{"type":"Polygon","coordinates":[[[120.458748,22.57018],[120.458291,22.570356],[120.458173,22.570414],[120.457794,22.570581],[120.457633,22.57066],[120.457977,22.571418],[120.458333,22.571238],[120.45833,22.571231],[120.458373,22.571217],[120.458346,22.571169],[120.458664,22.571081],[120.458797,22.571035],[120.459015,22.570972],[120.458866,22.570542],[120.458748,22.57018]]]}},{"type":"Feature","properties":{"id":"ac8610887a5d","name":"屏東縣竹田鄉大明國民小學","level":"國小","basis":"both","data_ym":"201510"},"geometry":{"type":"Polygon","coordinates":[[[120.525811,22.576389],[120.52574,22.574839],[120.52525,22.574881],[120.52518,22.574374],[120.525038,22.57437],[120.524729,22.574405],[120.524776,22.574828],[120.524807,22.575073],[120.524841,22.575436],[120.524864,22.575618],[120.524888,22.575946],[120.52488,22.576404],[120.525815,22.576409],[120.525811,22.576389]]]}},{"type":"Feature","properties":{"id":"06a9379ebf49","name":"屏東縣竹田鄉竹田國民小學","level":"國小","basis":"both","data_ym":"201709"},"geometry":{"type":"Polygon","coordinates":[[[120.543903,22.582934],[120.544383,22.582756],[120.544452,22.58271],[120.5445,22.582657],[120.544532,22.582599],[120.54492,22.581637],[120.544513,22.581577],[120.544527,22.58113],[120.544121,22.581104],[120.54403,22.581203],[120.54401,22.581213],[120.543993,22.581215],[120.543969,22.581207],[120.543848,22.581113],[120.543696,22.581241],[120.543571,22.581329],[120.543489,22.581393],[120.543372,22.581495],[120.543359,22.581516],[120.543333,22.58158],[120.543317,22.58165],[120.543295,22.58171],[120.543265,22.581754],[120.543217,22.581816],[120.542654,22.582429],[120.543113,22.582783],[120.543139,22.58275],[120.543213,22.582798],[120.543354,22.582786],[120.543396,22.582802],[120.543415,22.582829],[120.543426,22.582964],[120.543688,22.582999],[120.543734,22.582991],[120.543903,22.582934]]]}},{"type":"Feature","properties":{"id":"3cbb1abe4229","name":"屏東縣萬丹鄉萬丹國民小學","level":"國小","basis":"both","data_ym":"201009"},"geometry":{"type":"Polygon","coordinates":[[[120.489072,22.582727],[120.489101,22.582332],[120.488851,22.582306],[120.488863,22.582141],[120.488857,22.582119],[120.488609,22.582094],[120.487878,22.582217],[120.487632,22.582253],[120.487595,22.58227],[120.487562,22.582324],[120.487555,22.582355],[120.48753,22.58251],[120.487512,22.582736],[120.487553,22.582719],[120.487503,22.583005],[120.487466,22.583029],[120.487518,22.583106],[120.487697,22.583296],[120.488098,22.583682],[120.48813,22.583709],[120.488196,22.583745],[120.488273,22.583776],[120.488321,22.583788],[120.48888,22.583885],[120.488887,22.583877],[120.488897,22.583838],[120.488937,22.58373],[120.488986,22.583619],[120.48899,22.583599],[120.489072,22.582727]]]}},{"type":"Feature","properties":{"id":"905e64173e08","name":"屏東縣萬巒鄉五溝國民小學","level":"國小","basis":"both","data_ym":"201711"},"geometry":{"type":"Polygon","coordinates":[[[120.595016,22.591114],[120.594845,22.5908],[120.594833,22.590766],[120.594833,22.590714],[120.59487,22.590548],[120.59487,22.590514],[120.594859,22.59046],[120.594786,22.590271],[120.594779,22.590243],[120.594783,22.590198],[120.594804,22.590122],[120.594798,22.590123],[120.594752,22.590089],[120.594568,22.590048],[120.59441,22.589998],[120.59398,22.589899],[120.593746,22.589861],[120.593381,22.590778],[120.593055,22.590753],[120.593038,22.590939],[120.593807,22.591039],[120.593837,22.591004],[120.594042,22.591028],[120.594059,22.591077],[120.595025,22.5912],[120.595059,22.591163],[120.595049,22.591159],[120.595016,22.591114]]]}},{"type":"Feature","properties":{"id":"2b8ab0d57904","name":"屏東縣泰武鄉武潭國民小學佳平分校","level":"大專","basis":"branch","data_ym":"201009"},"geometry":{"type":"Polygon","coordinates":[[[120.633091,22.590895],[120.633014,22.590842],[120.632868,22.590727],[120.632757,22.590656],[120.632711,22.590631],[120.632498,22.590537],[120.632293,22.59042],[120.632274,22.590359],[120.632088,22.590386],[120.631823,22.590391],[120.631778,22.5904],[120.631747,22.590417],[120.631716,22.590456],[120.631667,22.590533],[120.631652,22.590634],[120.631645,22.590758],[120.631645,22.590864],[120.631655,22.591074],[120.631607,22.591374],[120.631626,22.591419],[120.631657,22.591475],[120.631901,22.591483],[120.631923,22.591478],[120.632002,22.591429],[120.632229,22.591556],[120.632582,22.591724],[120.633091,22.590895]]]}},{"type":"Feature","properties":{"id":"7e2c08f6c8c3","name":"屏東縣立泰武國民中學","level":"國中","basis":"both","data_ym":"202311"},"geometry":{"type":"Polygon","coordinates":[[[120.633091,22.590895],[120.632582,22.591724],[120.633239,22.592048],[120.6333,22.592068],[120.633325,22.592072],[120.633412,22.592063],[120.633454,22.592048],[120.633561,22.591986],[120.633733,22.591873],[120.633771,22.591852],[120.633846,22.591819],[120.633926,22.591796],[120.633939,22.591781],[120.633937,22.591766],[120.633947,22.591737],[120.633974,22.591691],[120.633879,22.591684],[120.63331,22.591122],[120.6333,22.59107],[120.633168,22.590935],[120.633156,22.590949],[120.633091,22.590895]]]}},{"type":"Feature","properties":{"id":"39cead30adae","name":"屏東縣萬巒鄉赤山國民小學","level":"國小","basis":"both","data_ym":"201009"},"geometry":{"type":"Polygon","coordinates":[[[120.614455,22.592767],[120.614457,22.59276],[120.614483,22.592765],[120.614506,22.59265],[120.6145,22.592649],[120.614518,22.59257],[120.614566,22.59258],[120.61458,22.5925],[120.614675,22.592519],[120.615026,22.592547],[120.615042,22.592548],[120.615049,22.592539],[120.615164,22.592543],[120.615173,22.592553],[120.615205,22.592556],[120.615215,22.59255],[120.615218,22.591294],[120.614515,22.591269],[120.61429,22.591268],[120.614299,22.59087],[120.614109,22.590968],[120.613727,22.591091],[120.613737,22.591424],[120.613563,22.591422],[120.613565,22.591673],[120.613526,22.591673],[120.613524,22.591731],[120.613595,22.591731],[120.613595,22.591735],[120.613789,22.59174],[120.613787,22.591794],[120.613522,22.591787],[120.61352,22.591801],[120.613609,22.591864],[120.613614,22.591928],[120.613608,22.591928],[120.613613,22.592032],[120.613619,22.592032],[120.61362,22.592057],[120.613544,22.592097],[120.613467,22.592105],[120.613468,22.592119],[120.613459,22.59212],[120.613479,22.592275],[120.613472,22.592276],[120.613488,22.592393],[120.613494,22.592549],[120.613936,22.592551],[120.613992,22.592478],[120.61399,22.592467],[120.614359,22.592472],[120.614302,22.592736],[120.614455,22.592767]]]}},{"type":"Feature","properties":{"id":"97224c647ac5","name":"屏東縣萬丹鄉興華國民小學","level":"國小","basis":"both","data_ym":"201009"},"geometry":{"type":"Polygon","coordinates":[[[120.463197,22.593017],[120.463106,22.592414],[120.462528,22.592487],[120.462026,22.592489],[120.461758,22.592471],[120.461742,22.592509],[120.461679,22.592515],[120.461413,22.592518],[120.461426,22.592695],[120.461432,22.593242],[120.462872,22.593276],[120.4629,22.593273],[120.462913,22.593189],[120.462534,22.593122],[120.462536,22.593108],[120.46306,22.593045],[120.463197,22.593017]]]}},{"type":"Feature","properties":{"id":"6cc51f0c120b","name":"屏東縣萬丹鄉四維國民小學","level":"國小","basis":"both","data_ym":"201009"},"geometry":{"type":"Polygon","coordinates":[[[120.49084,22.594088],[120.490602,22.594087],[120.488937,22.594129],[120.488879,22.595051],[120.489127,22.595527],[120.489577,22.595349],[120.490213,22.595089],[120.490827,22.59485],[120.490848,22.594839],[120.490867,22.594813],[120.490874,22.594791],[120.49084,22.594088]]]}},{"type":"Feature","properties":{"id":"ba4d14af01c8","name":"屏東縣立萬丹國民中學1","level":"國中","basis":"both","data_ym":"202107"},"geometry":{"type":"Polygon","coordinates":[[[120.488599,22.595548],[120.488614,22.595253],[120.488411,22.595246],[120.488436,22.594856],[120.488532,22.594857],[120.488503,22.594737],[120.488452,22.59464],[120.488343,22.594474],[120.488316,22.594409],[120.488193,22.594175],[120.488157,22.594164],[120.487835,22.594292],[120.487017,22.594604],[120.487036,22.594655],[120.486933,22.594695],[120.486899,22.595377],[120.486848,22.596211],[120.486842,22.596394],[120.486857,22.596423],[120.487923,22.596023],[120.488583,22.595758],[120.488599,22.595548]]]}},{"type":"Feature","properties":{"id":"618d97c4ed74","name":"屏東縣立萬丹國民中學","level":"國中","basis":"both","data_ym":"202106"},"geometry":{"type":"Polygon","coordinates":[[[120.48728,22.597276],[120.487281,22.597228],[120.487404,22.597236],[120.487464,22.597233],[120.487464,22.597239],[120.48783,22.597261],[120.488027,22.597233],[120.488486,22.59726],[120.488492,22.597157],[120.488425,22.59715],[120.488448,22.596874],[120.488466,22.596875],[120.488473,22.59679],[120.488495,22.596792],[120.488499,22.596735],[120.488459,22.596732],[120.488534,22.595834],[120.488046,22.596032],[120.486876,22.596469],[120.486807,22.596501],[120.486761,22.597288],[120.48728,22.597276]]]}},{"type":"Feature","properties":{"id":"9f5c6e33fcd5","name":"美和科技大學南校區","level":"大專","basis":"branch","data_ym":"202107"},"geometry":{"type":"Polygon","coordinates":[[[120.560052,22.60039],[120.560037,22.600362],[120.559972,22.600358],[120.559861,22.600152],[120.559908,22.600137],[120.559819,22.59998],[120.558796,22.600064],[120.55869,22.600069],[120.558587,22.600092],[120.558632,22.600371],[120.55864,22.600394],[120.558619,22.600401],[120.558635,22.600463],[120.558392,22.600504],[120.558212,22.600558],[120.558351,22.600842],[120.558683,22.600906],[120.558767,22.600914],[120.558793,22.600912],[120.558811,22.600905],[120.558824,22.600877],[120.558831,22.600873],[120.559155,22.600849],[120.559156,22.600852],[120.559706,22.600815],[120.559752,22.600808],[120.559795,22.600789],[120.559818,22.60074],[120.559803,22.600569],[120.559819,22.600513],[120.559875,22.600468],[120.560052,22.60039]]]}},{"type":"Feature","properties":{"id":"63933bd4688c","name":"屏東縣私立美和高級中學","level":"高中職","basis":"both","data_ym":"202107"},"geometry":{"type":"Polygon","coordinates":[[[120.560066,22.600384],[120.559875,22.600468],[120.559819,22.600513],[120.559803,22.600569],[120.559818,22.60074],[120.559795,22.600789],[120.559752,22.600808],[120.559706,22.600815],[120.559156,22.600852],[120.559155,22.600849],[120.558831,22.600873],[120.558824,22.600877],[120.558811,22.600905],[120.558801,22.60091],[120.558767,22.600914],[120.558683,22.600906],[120.558351,22.600842],[120.558368,22.600885],[120.558377,22.600945],[120.558412,22.601339],[120.558461,22.601472],[120.558522,22.601672],[120.558593,22.601832],[120.558648,22.601914],[120.55869,22.601993],[120.558745,22.602127],[120.55876,22.602204],[120.558849,22.60254],[120.558878,22.602611],[120.558956,22.602847],[120.559269,22.602876],[120.559302,22.602852],[120.559369,22.602828],[120.559378,22.602775],[120.559397,22.602778],[120.559407,22.602713],[120.560123,22.602665],[120.560228,22.602649],[120.560417,22.602646],[120.560551,22.602636],[120.560578,22.602762],[120.560583,22.602853],[120.560971,22.602917],[120.560991,22.60282],[120.561008,22.602704],[120.561016,22.602574],[120.561015,22.602494],[120.561003,22.602341],[120.560992,22.602258],[120.560964,22.602127],[120.560923,22.601992],[120.560861,22.60184],[120.560342,22.600926],[120.560216,22.600962],[120.560117,22.600737],[120.560196,22.60066],[120.560077,22.600428],[120.560087,22.600423],[120.560066,22.600384]]]}},{"type":"Feature","properties":{"id":"9c50445e0a74","name":"美和學校財團法人美和科技大學","level":"大專","basis":"both","data_ym":"202107"},"geometry":{"type":"Polygon","coordinates":[[[120.560971,22.602917],[120.560583,22.602853],[120.560578,22.602762],[120.560551,22.602636],[120.560417,22.602646],[120.560228,22.602649],[120.560123,22.602665],[120.559407,22.602713],[120.559397,22.602778],[120.559378,22.602775],[120.559369,22.602828],[120.559302,22.602852],[120.559269,22.602876],[120.558956,22.602847],[120.559016,22.603046],[120.55906,22.603161],[120.559114,22.603286],[120.559494,22.604072],[120.559533,22.604125],[120.559596,22.604182],[120.559617,22.604195],[120.559694,22.604216],[120.559794,22.604262],[120.559926,22.604351],[120.560072,22.60446],[120.56018,22.604408],[120.56064,22.604322],[120.560853,22.603451],[120.560971,22.602917]]]}},{"type":"Feature","properties":{"id":"e3ff5b6174ff","name":"美和學校財團法人美和科技大學1","level":"大專","basis":"both","data_ym":"201908"},"geometry":{"type":"Polygon","coordinates":[[[120.562149,22.605674],[120.56207,22.605247],[120.562026,22.605247],[120.562059,22.604651],[120.562149,22.604652],[120.562133,22.604597],[120.562022,22.604307],[120.562186,22.604236],[120.562168,22.6042],[120.561781,22.604377],[120.561773,22.604376],[120.561764,22.604283],[120.561839,22.604167],[120.56185,22.603988],[120.561793,22.603987],[120.561793,22.603887],[120.561885,22.603841],[120.561922,22.603699],[120.561839,22.603545],[120.561771,22.603533],[120.561726,22.603485],[120.56142,22.603462],[120.561406,22.603425],[120.561295,22.603228],[120.561273,22.603173],[120.561212,22.603156],[120.561173,22.603157],[120.561166,22.603169],[120.561105,22.603441],[120.56097,22.603976],[120.560896,22.604295],[120.560706,22.605067],[120.560749,22.605165],[120.560785,22.605169],[120.560971,22.605324],[120.561102,22.605544],[120.561124,22.605565],[120.561265,22.605642],[120.561351,22.605675],[120.561617,22.605745],[120.561687,22.605751],[120.561789,22.605747],[120.56214,22.605694],[120.562149,22.605674]]]}},{"type":"Feature","properties":{"id":"add0c1b2472e","name":"屏東縣泰武鄉泰武國民小學","level":"國小","basis":"both","data_ym":"202107"},"geometry":{"type":"Polygon","coordinates":[[[120.61095,22.606428],[120.610956,22.606417],[120.610979,22.606021],[120.611065,22.604793],[120.611051,22.604789],[120.610214,22.604752],[120.610214,22.604781],[120.609855,22.604765],[120.609921,22.605218],[120.61007,22.605845],[120.610215,22.606394],[120.610714,22.60643],[120.610714,22.606423],[120.61094,22.606431],[120.61095,22.606428]]]}},{"type":"Feature","properties":{"id":"d615fc54c2a7","name":"屏東縣萬丹鄉萬丹國民小學竹林分校","level":"大專","basis":"branch","data_ym":"201709"},"geometry":{"type":"Polygon","coordinates":[[[120.510928,22.60583],[120.510917,22.605733],[120.510896,22.605733],[120.510897,22.605708],[120.51012,22.605694],[120.510082,22.605717],[120.509949,22.605725],[120.509943,22.606241],[120.510546,22.606264],[120.51055,22.606168],[120.510533,22.606168],[120.510537,22.605992],[120.510965,22.605963],[120.510945,22.605843],[120.510928,22.60583]]]}},{"type":"Feature","properties":{"id":"c03d5e3970f5","name":"屏東縣內埔鄉內埔國民小學","level":"國小","basis":"both","data_ym":"201009"},"geometry":{"type":"Polygon","coordinates":[[[120.566857,22.609111],[120.566297,22.608071],[120.565567,22.608403],[120.564972,22.608662],[120.56491,22.608753],[120.565567,22.609947],[120.565624,22.609965],[120.565718,22.610135],[120.56571,22.610207],[120.566164,22.61103],[120.567505,22.610439],[120.567316,22.610083],[120.567378,22.610056],[120.567357,22.610013],[120.567125,22.609577],[120.566857,22.609111]]]}},{"type":"Feature","properties":{"id":"f8f0a0c91e24","name":"屏東縣立內埔國民中學","level":"國中","basis":"both","data_ym":"201512"},"geometry":{"type":"Polygon","coordinates":[[[120.571956,22.612187],[120.572482,22.611913],[120.572548,22.61194],[120.572619,22.61195],[120.57337,22.611541],[120.573007,22.610891],[120.572486,22.61001],[120.572198,22.609873],[120.571564,22.610214],[120.570431,22.610812],[120.570449,22.610849],[120.570251,22.610944],[120.570237,22.610917],[120.570173,22.610946],[120.569362,22.61138],[120.569622,22.611861],[120.569642,22.611879],[120.569726,22.611931],[120.569751,22.611954],[120.569762,22.61197],[120.569934,22.612343],[120.570137,22.612763],[120.57029,22.613068],[120.571956,22.612187]]]}},{"type":"Feature","properties":{"id":"f9131767968f","name":"屏東縣萬丹鄉社皮國民小學","level":"國小","basis":"both","data_ym":"201710"},"geometry":{"type":"Polygon","coordinates":[[[120.468989,22.61527],[120.468993,22.614722],[120.469357,22.614708],[120.469533,22.614282],[120.469407,22.614254],[120.469428,22.614007],[120.469053,22.61407],[120.468352,22.614071],[120.468238,22.614028],[120.467994,22.61452],[120.467954,22.61462],[120.467935,22.614729],[120.467927,22.614898],[120.467898,22.614955],[120.467895,22.615188],[120.467972,22.615264],[120.468989,22.61527]]]}},{"type":"Feature","properties":{"id":"64e60fde4db6","name":"屏東縣萬丹鄉廣安國民小學","level":"國小","basis":"both","data_ym":"201709"},"geometry":{"type":"Polygon","coordinates":[[[120.490761,22.614666],[120.489775,22.614497],[120.489539,22.61577],[120.490522,22.615931],[120.490693,22.615033],[120.49067,22.614985],[120.4907,22.614847],[120.490732,22.614836],[120.490761,22.614666]]]}},{"type":"Feature","properties":{"id":"614c196e7aef","name":"屏東縣內埔鄉富田國民小學","level":"國小","basis":"both","data_ym":"201709"},"geometry":{"type":"Polygon","coordinates":[[[120.54084,22.616166],[120.541033,22.616079],[120.541237,22.616097],[120.5413,22.615285],[120.540288,22.615222],[120.54017,22.615309],[120.540319,22.615505],[120.540163,22.61558],[120.540222,22.615761],[120.539973,22.615853],[120.539986,22.61592],[120.540252,22.615818],[120.540476,22.616257],[120.540745,22.616211],[120.540837,22.616203],[120.54084,22.616166]]]}},{"type":"Feature","properties":{"id":"a13eac091f2f","name":"屏東縣內埔鄉東寧國民小學","level":"國小","basis":"both","data_ym":"201510"},"geometry":{"type":"Polygon","coordinates":[[[120.563541,22.616284],[120.563482,22.615257],[120.562342,22.615299],[120.561759,22.615326],[120.561731,22.61531],[120.56137,22.61636],[120.5614,22.6164],[120.563541,22.616284]]]}},{"type":"Feature","properties":{"id":"0c858491be21","name":"屏東縣內埔鄉東寧國民小學育英分校","level":"大專","basis":"branch","data_ym":"202106"},"geometry":{"type":"Polygon","coordinates":[[[120.582182,22.620726],[120.582154,22.620552],[120.582157,22.620529],[120.582061,22.620562],[120.582012,22.620449],[120.58202,22.620436],[120.582021,22.620427],[120.58201,22.620396],[120.581984,22.620357],[120.581761,22.620156],[120.581644,22.620206],[120.581089,22.620392],[120.581321,22.621018],[120.581812,22.620882],[120.581841,22.620871],[120.581846,22.620863],[120.581878,22.620841],[120.582025,22.620797],[120.582114,22.620763],[120.582189,22.620742],[120.582182,22.620726]]]}},{"type":"Feature","properties":{"id":"de5df4a45fea","name":"屏東縣竹田鄉西勢國民小學","level":"國小","basis":"both","data_ym":"201512"},"geometry":{"type":"Polygon","coordinates":[[[120.526228,22.620843],[120.526218,22.620755],[120.525404,22.620932],[120.525408,22.620964],[120.52533,22.620974],[120.525352,22.621168],[120.525273,22.621177],[120.525261,22.62129],[120.525178,22.621305],[120.525072,22.621679],[120.525142,22.621796],[120.525156,22.621813],[120.525237,22.621867],[120.52532,22.621907],[120.525564,22.621974],[120.525658,22.622008],[120.525761,22.622066],[120.525759,22.622077],[120.526371,22.622364],[120.526506,22.622084],[120.526515,22.622074],[120.526905,22.622041],[120.526557,22.621627],[120.526264,22.621309],[120.526211,22.620912],[120.526228,22.620843]]]}},{"type":"Feature","properties":{"id":"1bb0225c0f35","name":"屏東縣內埔鄉豐田國民小學","level":"國小","basis":"both","data_ym":"201512"},"geometry":{"type":"Polygon","coordinates":[[[120.541383,22.62673],[120.540417,22.626075],[120.540323,22.626179],[120.540174,22.626069],[120.540005,22.626216],[120.539992,22.626251],[120.539766,22.626451],[120.53971,22.626487],[120.539585,22.626546],[120.540192,22.627333],[120.540583,22.62787],[120.541157,22.627637],[120.541187,22.627595],[120.541203,22.627553],[120.541196,22.627468],[120.541128,22.627406],[120.541118,22.627385],[120.541037,22.627203],[120.541019,22.627145],[120.541021,22.62708],[120.541028,22.627068],[120.541383,22.62673]]]}},{"type":"Feature","properties":{"id":"45c142cf205d","name":"屏東縣內埔鄉泰安國民小學","level":"國小","basis":"both","data_ym":"201712"},"geometry":{"type":"Polygon","coordinates":[[[120.595449,22.630346],[120.594942,22.630222],[120.594799,22.630264],[120.594229,22.63033],[120.594229,22.630324],[120.593742,22.630384],[120.593463,22.630404],[120.594221,22.631049],[120.594296,22.631036],[120.595067,22.630944],[120.595143,22.630928],[120.595144,22.630856],[120.595473,22.630721],[120.5955,22.630706],[120.595513,22.630688],[120.595516,22.630656],[120.595512,22.630631],[120.595449,22.630346]]]}},{"type":"Feature","properties":{"id":"d44bf9dedaf0","name":"屏東縣內埔鄉東勢國民小學","level":"國小","basis":"both","data_ym":"201711"},"geometry":{"type":"Polygon","coordinates":[[[120.574917,22.636304],[120.574859,22.635468],[120.574646,22.63551],[120.573658,22.635794],[120.5737,22.635978],[120.573602,22.63599],[120.573614,22.636082],[120.573511,22.636093],[120.573532,22.636661],[120.573767,22.636936],[120.573838,22.636941],[120.573828,22.63704],[120.574805,22.638236],[120.574818,22.638163],[120.574837,22.6378],[120.574853,22.637373],[120.574871,22.637196],[120.574932,22.636828],[120.574959,22.636574],[120.574917,22.636304]]]}},{"type":"Feature","properties":{"id":"67097f110cd7","name":"屏東縣屏東市公館國民小學","level":"國小","basis":"name","data_ym":"202107"},"geometry":{"type":"Polygon","coordinates":[[[120.483023,22.637531],[120.482665,22.637349],[120.482585,22.637285],[120.482568,22.637307],[120.482523,22.637278],[120.482542,22.637254],[120.482536,22.637246],[120.482498,22.637246],[120.482327,22.637263],[120.482009,22.637315],[120.481977,22.637314],[120.481954,22.637306],[120.481654,22.63713],[120.481624,22.637099],[120.481581,22.637042],[120.481529,22.636986],[120.481415,22.636906],[120.481372,22.636881],[120.481337,22.636864],[120.481279,22.636845],[120.481107,22.636831],[120.48109,22.637083],[120.481131,22.637105],[120.481048,22.63725],[120.481071,22.637271],[120.481068,22.637322],[120.481077,22.637322],[120.481077,22.637363],[120.481068,22.637368],[120.481057,22.637436],[120.481068,22.637436],[120.48106,22.637509],[120.48105,22.637506],[120.481037,22.63766],[120.482824,22.638737],[120.483025,22.638847],[120.483126,22.638774],[120.483144,22.638524],[120.483535,22.637984],[120.483513,22.637843],[120.483023,22.637531]]]}},{"type":"Feature","properties":{"id":"dc3d07587c10","name":"屏東縣立公正國民中學","level":"國中","basis":"both","data_ym":"202310"},"geometry":{"type":"Polygon","coordinates":[[[120.485033,22.640887],[120.485078,22.640181],[120.484031,22.639548],[120.483027,22.639474],[120.482908,22.640726],[120.483844,22.640808],[120.483851,22.640767],[120.484267,22.640805],[120.484265,22.640826],[120.484346,22.640834],[120.484347,22.640827],[120.485033,22.640887]]]}},{"type":"Feature","properties":{"id":"bd4a7eec844b","name":"屏東縣立麟洛國民中學","level":"國中","basis":"both","data_ym":"202311"},"geometry":{"type":"Polygon","coordinates":[[[120.537687,22.641416],[120.536371,22.640312],[120.536325,22.640315],[120.536304,22.640324],[120.535308,22.641458],[120.535872,22.641907],[120.535971,22.641991],[120.53611,22.64212],[120.536175,22.642193],[120.536451,22.642638],[120.536793,22.642332],[120.536908,22.642219],[120.537687,22.641416]]]}},{"type":"Feature","properties":{"id":"ea1911c081ed","name":"屏東縣麟洛鄉麟洛國民小學","level":"國小","basis":"both","data_ym":"201908"},"geometry":{"type":"Polygon","coordinates":[[[120.52201,22.64683],[120.521854,22.646604],[120.52099,22.646676],[120.520922,22.646726],[120.521032,22.646859],[120.521094,22.64697],[120.521286,22.647372],[120.521375,22.647583],[120.521396,22.647659],[120.521431,22.64782],[120.521496,22.64792],[120.521537,22.647965],[120.521634,22.648056],[120.522708,22.649003],[120.522743,22.648984],[120.522668,22.648831],[120.523223,22.648675],[120.523114,22.648272],[120.522974,22.647983],[120.522286,22.647183],[120.522158,22.647028],[120.52201,22.64683]]]}},{"type":"Feature","properties":{"id":"52400f83918a","name":"屏東縣屏東市前進國民小學","level":"國小","basis":"name","data_ym":"201009"},"geometry":{"type":"Polygon","coordinates":[[[120.459768,22.650171],[120.459743,22.649621],[120.459719,22.649284],[120.459687,22.648706],[120.459682,22.648548],[120.459675,22.648528],[120.458843,22.648332],[120.458334,22.648205],[120.457825,22.649709],[120.458197,22.649807],[120.458205,22.64978],[120.458951,22.649999],[120.459425,22.65013],[120.459631,22.65017],[120.459768,22.650171]]]}},{"type":"Feature","properties":{"id":"6cc6919137ea","name":"屏東縣瑪家鄉佳義國民小學","level":"國小","basis":"both","data_ym":"201908"},"geometry":{"type":"Polygon","coordinates":[[[120.630953,22.653801],[120.630888,22.653283],[120.630863,22.653286],[120.630828,22.65302],[120.63086,22.652848],[120.63086,22.652589],[120.630743,22.652562],[120.630519,22.65257],[120.630519,22.652706],[120.630282,22.652775],[120.630284,22.652795],[120.630213,22.652805],[120.630299,22.65316],[120.630344,22.653375],[120.630439,22.653734],[120.630499,22.653828],[120.630511,22.65384],[120.630532,22.653847],[120.630633,22.653847],[120.630805,22.653819],[120.630953,22.653801]]]}},{"type":"Feature","properties":{"id":"29c3d34a0d10","name":"屏東縣屏東市歸來國民小學","level":"國小","basis":"name","data_ym":"201509"},"geometry":{"type":"Polygon","coordinates":[[[120.508727,22.659334],[120.508932,22.659289],[120.508939,22.659328],[120.509303,22.659261],[120.509293,22.659229],[120.509732,22.659131],[120.509588,22.658637],[120.509335,22.658066],[120.508054,22.658354],[120.508293,22.659419],[120.508566,22.659363],[120.508727,22.659334]]]}},{"type":"Feature","properties":{"id":"bb57b6836e94","name":"屏東縣私立民生高級家事商業職業學校","level":"高中職","basis":"name","data_ym":"201712"},"geometry":{"type":"Polygon","coordinates":[[[120.51495,22.658719],[120.51495,22.658724],[120.514775,22.658733],[120.514763,22.658731],[120.514636,22.658736],[120.514629,22.658604],[120.514699,22.658601],[120.514593,22.658449],[120.514147,22.658421],[120.512816,22.659176],[120.51295,22.659574],[120.513044,22.659547],[120.513162,22.659535],[120.513519,22.659532],[120.513682,22.659536],[120.514906,22.659358],[120.515044,22.65935],[120.51495,22.658719]]]}},{"type":"Feature","properties":{"id":"28faf9017afd","name":"國立屏東大學屏商校區","level":"大專","basis":"branch","data_ym":"202311"},"geometry":{"type":"Polygon","coordinates":[[[120.513294,22.65866],[120.513238,22.658321],[120.513594,22.658267],[120.513599,22.657846],[120.513576,22.65691],[120.513512,22.656416],[120.513457,22.656075],[120.513291,22.654884],[120.511956,22.655283],[120.511698,22.655351],[120.511696,22.655344],[120.511568,22.655382],[120.511569,22.655386],[120.511422,22.655425],[120.510516,22.655698],[120.509555,22.65601],[120.509997,22.657093],[120.510157,22.657469],[120.51017,22.657466],[120.510209,22.657572],[120.51019,22.657581],[120.510519,22.658382],[120.510753,22.658928],[120.511106,22.659786],[120.51117,22.659781],[120.511278,22.659761],[120.511463,22.659693],[120.513294,22.65866]]]}},{"type":"Feature","properties":{"id":"fcb4416d5027","name":"屏東縣立鶴聲國民中學","level":"國中","basis":"both","data_ym":"201009"},"geometry":{"type":"Polygon","coordinates":[[[120.471828,22.659707],[120.471814,22.659704],[120.472419,22.65917],[120.47244,22.658966],[120.472496,22.658969],[120.472499,22.658929],[120.472641,22.658936],[120.472678,22.658629],[120.472746,22.658566],[120.472996,22.658398],[120.472634,22.657988],[120.472368,22.65771],[120.472266,22.657593],[120.472257,22.657557],[120.471616,22.657731],[120.471148,22.657853],[120.470798,22.657939],[120.470765,22.65796],[120.47076,22.657987],[120.470771,22.659146],[120.470817,22.659152],[120.470807,22.659402],[120.470811,22.659455],[120.470821,22.659499],[120.471006,22.659992],[120.471838,22.660048],[120.471828,22.659707]]]}},{"type":"Feature","properties":{"id":"ec61d65e4988","name":"屏東縣屏東市復興國民小學","level":"國小","basis":"name","data_ym":"201709"},"geometry":{"type":"Polygon","coordinates":[[[120.487122,22.65989],[120.487037,22.659542],[120.486994,22.65951],[120.486966,22.659408],[120.487006,22.659328],[120.486974,22.659177],[120.486943,22.659178],[120.485902,22.65937],[120.485872,22.659372],[120.485841,22.659368],[120.485613,22.659311],[120.485538,22.659284],[120.484983,22.659053],[120.484954,22.659071],[120.484929,22.65924],[120.484907,22.65934],[120.484842,22.65957],[120.484797,22.659688],[120.48475,22.659794],[120.484748,22.659818],[120.484749,22.659873],[120.484778,22.659871],[120.484866,22.66026],[120.48489,22.660384],[120.485726,22.660191],[120.486654,22.659988],[120.486747,22.659963],[120.487122,22.65989]]]}},{"type":"Feature","properties":{"id":"c9b9d7362e5d","name":"屏東縣內埔鄉榮華國民小學","level":"國小","basis":"both","data_ym":"201512"},"geometry":{"type":"Polygon","coordinates":[[[120.564826,22.660208],[120.56479,22.660195],[120.564761,22.660202],[120.564675,22.660318],[120.564527,22.660498],[120.564384,22.660658],[120.563806,22.661232],[120.563794,22.66124],[120.564348,22.661725],[120.564609,22.661944],[120.565143,22.661393],[120.565178,22.661343],[120.565662,22.66083],[120.565387,22.660631],[120.564826,22.660208]]]}},{"type":"Feature","properties":{"id":"c58bb2c99ec5","name":"屏東縣屏東市民生國民小學","level":"國小","basis":"name","data_ym":"201908"},"geometry":{"type":"Polygon","coordinates":[[[120.512888,22.661002],[120.512809,22.66084],[120.511988,22.6612],[120.511806,22.661262],[120.511869,22.661427],[120.512096,22.66215],[120.512099,22.662169],[120.512704,22.662189],[120.512704,22.662196],[120.513205,22.662223],[120.513326,22.661508],[120.513223,22.661353],[120.513121,22.661253],[120.512888,22.661002]]]}},{"type":"Feature","properties":{"id":"be45651b21ef","name":"國立屏東高級工業職業學校","level":"高中職","basis":"name","data_ym":"202107"},"geometry":{"type":"Polygon","coordinates":[[[120.487122,22.65989],[120.486747,22.659963],[120.486654,22.659988],[120.485726,22.660191],[120.48489,22.660384],[120.485129,22.661601],[120.485218,22.661693],[120.485332,22.661824],[120.485339,22.661837],[120.48534,22.661847],[120.485329,22.661869],[120.485223,22.661979],[120.485268,22.66215],[120.485292,22.662314],[120.485441,22.663006],[120.485895,22.662926],[120.486008,22.663451],[120.486593,22.663341],[120.486613,22.66331],[120.486742,22.663289],[120.486767,22.663304],[120.487188,22.663221],[120.487144,22.663055],[120.48757,22.663024],[120.487587,22.663007],[120.487588,22.66299],[120.487567,22.66285],[120.487499,22.662495],[120.487517,22.662492],[120.487348,22.661726],[120.48732,22.661547],[120.487262,22.661288],[120.487198,22.660977],[120.487136,22.660788],[120.4871,22.66066],[120.487255,22.660534],[120.487122,22.65989]]]}},{"type":"Feature","properties":{"id":"8efcbb2ee547","name":"屏東縣屏東市鶴聲國民小學","level":"國小","basis":"name","data_ym":"202107"},"geometry":{"type":"Polygon","coordinates":[[[120.47961,22.665151],[120.479644,22.665148],[120.479644,22.665152],[120.479717,22.665141],[120.47976,22.665147],[120.479856,22.665131],[120.480143,22.665104],[120.480211,22.664772],[120.480316,22.664041],[120.480425,22.663528],[120.480424,22.663462],[120.480451,22.663325],[120.480505,22.663101],[120.479348,22.663068],[120.479348,22.663134],[120.47921,22.663145],[120.479092,22.663186],[120.478997,22.663183],[120.47896,22.663203],[120.478927,22.663251],[120.478913,22.664108],[120.478918,22.664166],[120.478914,22.664331],[120.478893,22.664355],[120.478861,22.664918],[120.478853,22.665207],[120.478906,22.665257],[120.479586,22.66517],[120.47961,22.665151]]]}},{"type":"Feature","properties":{"id":"a58fe6b967f7","name":"屏東縣屏東市建國國民小學","level":"國小","basis":"name","data_ym":"202311"},"geometry":{"type":"Polygon","coordinates":[[[120.487084,22.665654],[120.48713,22.665665],[120.487151,22.665666],[120.487232,22.665654],[120.487484,22.665602],[120.487307,22.664938],[120.487167,22.664478],[120.486943,22.664517],[120.486482,22.664617],[120.485792,22.664734],[120.485809,22.664821],[120.485824,22.664819],[120.485934,22.665311],[120.486003,22.665694],[120.486022,22.665708],[120.486048,22.665711],[120.486093,22.665731],[120.486107,22.665752],[120.486104,22.665791],[120.486094,22.665834],[120.486481,22.666005],[120.486785,22.666129],[120.486937,22.665745],[120.486985,22.665702],[120.487084,22.665654]]]}},{"type":"Feature","properties":{"id":"b3d65b8c3886","name":"屏東縣屏東市大同國民小學","level":"國小","basis":"name","data_ym":"201710"},"geometry":{"type":"Polygon","coordinates":[[[120.477281,22.665401],[120.476112,22.665343],[120.476059,22.665933],[120.476036,22.666256],[120.476035,22.666291],[120.476054,22.666303],[120.476061,22.666314],[120.476051,22.666474],[120.476036,22.666504],[120.476011,22.666528],[120.475996,22.666881],[120.476031,22.666887],[120.476715,22.666928],[120.477167,22.666964],[120.477221,22.666275],[120.477281,22.665401]]]}},{"type":"Feature","properties":{"id":"5777e9ce26b0","name":"屏東縣內埔鄉崇文國民小學","level":"國小","basis":"both","data_ym":"201512"},"geometry":{"type":"Polygon","coordinates":[[[120.6003,22.667358],[120.600515,22.667327],[120.600517,22.667337],[120.60108,22.667252],[120.601077,22.667238],[120.60117,22.667226],[120.601172,22.667241],[120.602155,22.667114],[120.601977,22.666018],[120.601384,22.66611],[120.601238,22.666127],[120.601241,22.666151],[120.599886,22.666335],[120.600066,22.6674],[120.6003,22.667358]]]}},{"type":"Feature","properties":{"id":"d1b79bdf564a","name":"屏東縣內埔鄉新生國民小學","level":"國小","basis":"both","data_ym":"201509"},"geometry":{"type":"Polygon","coordinates":[[[120.590481,22.666215],[120.590426,22.666168],[120.590418,22.666176],[120.590255,22.666036],[120.59025,22.666036],[120.590224,22.666055],[120.589614,22.666663],[120.589644,22.666716],[120.589659,22.666929],[120.58981,22.667026],[120.589707,22.66713],[120.5906,22.667895],[120.590688,22.667813],[120.590655,22.667783],[120.591402,22.667081],[120.591393,22.667054],[120.591405,22.66703],[120.590472,22.666224],[120.590481,22.666215]]]}},{"type":"Feature","properties":{"id":"c23ebf29cb8e","name":"國立屏東大學附設實驗國民小學","level":"國小","basis":"name","data_ym":"201908"},"geometry":{"type":"Polygon","coordinates":[[[120.500371,22.669164],[120.500014,22.668059],[120.499608,22.668202],[120.499606,22.668228],[120.499534,22.668228],[120.499546,22.668259],[120.499448,22.668293],[120.49944,22.668274],[120.499254,22.66834],[120.4989,22.668445],[120.498885,22.668386],[120.498282,22.668571],[120.498374,22.668836],[120.498512,22.669259],[120.49857,22.66944],[120.49863,22.669649],[120.500371,22.669164]]]}},{"type":"Feature","properties":{"id":"ca2eb49eced6","name":"國立屏東大學附設實驗國民小學1","level":"國小","basis":"name","data_ym":"201709"},"geometry":{"type":"Polygon","coordinates":[[[120.500407,22.66927],[120.500368,22.669256],[120.499411,22.66952],[120.499394,22.669551],[120.49943,22.669665],[120.499466,22.669683],[120.50042,22.669416],[120.500439,22.669382],[120.500407,22.66927]]]}},{"type":"Feature","properties":{"id":"924d1c32ab68","name":"屏東縣屏東市民和國民小學","level":"國小","basis":"name","data_ym":"202310"},"geometry":{"type":"Polygon","coordinates":[[[120.496917,22.669682],[120.496361,22.669267],[120.496343,22.669272],[120.496342,22.669269],[120.495429,22.669511],[120.495519,22.669797],[120.49551,22.669826],[120.495487,22.669844],[120.495453,22.669859],[120.495338,22.669895],[120.49545,22.670235],[120.495548,22.670575],[120.495576,22.670585],[120.49562,22.670737],[120.495609,22.670761],[120.495731,22.671113],[120.496407,22.670927],[120.49641,22.670864],[120.496407,22.670863],[120.496404,22.670836],[120.496401,22.670666],[120.496388,22.670644],[120.496357,22.670633],[120.496272,22.670298],[120.496623,22.670206],[120.496529,22.669905],[120.497056,22.669753],[120.496917,22.669682]]]}},{"type":"Feature","properties":{"id":"f68589625a7d","name":"屏東縣屏東市唐榮國民小學","level":"國小","basis":"name","data_ym":"201709"},"geometry":{"type":"Polygon","coordinates":[[[120.485051,22.670842],[120.48472,22.67076],[120.484682,22.670895],[120.484562,22.671178],[120.484325,22.671699],[120.485894,22.672302],[120.486335,22.671301],[120.486373,22.671179],[120.485871,22.671109],[120.485355,22.670996],[120.48536,22.670975],[120.485035,22.670907],[120.485051,22.670842]]]}},{"type":"Feature","properties":{"id":"0338ff660159","name":"屏東縣屏東市中正國民小學","level":"國小","basis":"name","data_ym":"201009"},"geometry":{"type":"Polygon","coordinates":[[[120.48772,22.674078],[120.488281,22.673917],[120.488288,22.67394],[120.488575,22.673858],[120.488151,22.672446],[120.487753,22.672296],[120.487598,22.672331],[120.487126,22.673376],[120.487148,22.673385],[120.487131,22.673419],[120.487189,22.673595],[120.48772,22.674078]]]}},{"type":"Feature","properties":{"id":"2696d3528968","name":"陸興學校財團法人屏東縣陸興高級中學","level":"高中職","basis":"both","data_ym":"201712"},"geometry":{"type":"Polygon","coordinates":[[[120.501907,22.674324],[120.501901,22.674052],[120.501719,22.674053],[120.501719,22.674047],[120.501203,22.67408],[120.500934,22.674092],[120.500126,22.674283],[120.500348,22.674994],[120.501917,22.674866],[120.501899,22.674444],[120.501907,22.674324]]]}},{"type":"Feature","properties":{"id":"41748405c4c8","name":"屏榮學校財團法人屏東縣屏榮高級中學","level":"高中職","basis":"name","data_ym":"201712"},"geometry":{"type":"Polygon","coordinates":[[[120.504822,22.675192],[120.504812,22.674859],[120.504805,22.67486],[120.504791,22.67467],[120.504873,22.674665],[120.504847,22.674399],[120.504813,22.673855],[120.505012,22.673841],[120.505043,22.673814],[120.50503,22.673803],[120.505011,22.673504],[120.504615,22.673527],[120.504205,22.673531],[120.503952,22.673546],[120.503851,22.673576],[120.503844,22.673558],[120.503191,22.673621],[120.503141,22.673468],[120.502742,22.673566],[120.502616,22.673602],[120.502899,22.674146],[120.503149,22.674542],[120.503227,22.674704],[120.503196,22.67472],[120.503218,22.674827],[120.50324,22.674827],[120.50344,22.674778],[120.50346,22.674848],[120.50341,22.67486],[120.50342,22.674896],[120.503392,22.674903],[120.503461,22.675189],[120.503902,22.675065],[120.503919,22.675075],[120.504036,22.675493],[120.504514,22.675367],[120.504467,22.675225],[120.504497,22.675212],[120.504794,22.675206],[120.504813,22.675205],[120.504822,22.675192]]]}},{"type":"Feature","properties":{"id":"2d8eb85b5fde","name":"國立屏東女子高級中學","level":"高中職","basis":"name","data_ym":"201908"},"geometry":{"type":"Polygon","coordinates":[[[120.496267,22.675543],[120.496128,22.675049],[120.495633,22.67519],[120.495197,22.67389],[120.494991,22.673944],[120.494993,22.673933],[120.494754,22.673206],[120.494309,22.67333],[120.493768,22.673474],[120.493383,22.673597],[120.493661,22.674427],[120.493718,22.674466],[120.49375,22.67458],[120.493735,22.674643],[120.494155,22.675957],[120.495142,22.675683],[120.495684,22.675526],[120.495732,22.675677],[120.496267,22.675543]]]}},{"type":"Feature","properties":{"id":"0e3216fb46eb","name":"屏東縣屏東市仁愛國民小學","level":"國小","basis":"name","data_ym":"201908"},"geometry":{"type":"Polygon","coordinates":[[[120.496267,22.675543],[120.495732,22.675677],[120.495684,22.675526],[120.495142,22.675683],[120.494155,22.675957],[120.494606,22.677327],[120.494739,22.677294],[120.495749,22.677012],[120.495827,22.676988],[120.495821,22.676974],[120.495875,22.676957],[120.49588,22.676971],[120.496129,22.676902],[120.496772,22.676741],[120.496752,22.676681],[120.496745,22.676633],[120.496755,22.676593],[120.496803,22.676547],[120.496803,22.676375],[120.49685,22.675928],[120.496869,22.675779],[120.496872,22.675695],[120.496861,22.675607],[120.496809,22.675423],[120.496273,22.675566],[120.496267,22.675543]]]}},{"type":"Feature","properties":{"id":"b3efb2460f24","name":"屏東縣長治鄉長興國民小學","level":"國小","basis":"both","data_ym":"201509"},"geometry":{"type":"Polygon","coordinates":[[[120.524825,22.677727],[120.525001,22.677692],[120.525009,22.677711],[120.525104,22.677699],[120.525111,22.677718],[120.525232,22.677696],[120.525463,22.677647],[120.526274,22.677497],[120.526321,22.677437],[120.526157,22.676789],[120.525942,22.67637],[120.525831,22.676331],[120.525023,22.676495],[120.524568,22.67658],[120.523702,22.676757],[120.523692,22.676801],[120.523659,22.67683],[120.523733,22.677206],[120.523736,22.677267],[120.523729,22.677276],[120.523689,22.67728],[120.52375,22.677762],[120.523765,22.677777],[120.523773,22.677797],[120.523808,22.67807],[120.523849,22.678089],[120.52484,22.677797],[120.524825,22.677727]]]}},{"type":"Feature","properties":{"id":"d3e508f83340","name":"屏東縣屏東市忠孝國民小學","level":"國小","basis":"name","data_ym":"202107"},"geometry":{"type":"Polygon","coordinates":[[[120.504564,22.677881],[120.504168,22.676596],[120.504093,22.67637],[120.50387,22.676424],[120.503826,22.676474],[120.50368,22.676507],[120.503634,22.676494],[120.503689,22.676672],[120.502641,22.676949],[120.502744,22.677307],[120.50275,22.677306],[120.502803,22.677513],[120.502878,22.677775],[120.502903,22.677842],[120.502918,22.677839],[120.503067,22.678302],[120.504564,22.677881]]]}},{"type":"Feature","properties":{"id":"ded0713f66b2","name":"屏東縣立大同高級中學","level":"高中職","basis":"both","data_ym":"201709"},"geometry":{"type":"Polygon","coordinates":[[[120.477624,22.678729],[120.47773,22.677392],[120.477736,22.677355],[120.477184,22.67738],[120.477184,22.677374],[120.47686,22.677389],[120.476587,22.677469],[120.476528,22.677466],[120.476478,22.677456],[120.47647,22.677451],[120.476409,22.677458],[120.476203,22.677469],[120.476013,22.677516],[120.475935,22.677514],[120.475705,22.67752],[120.4757,22.677497],[120.47515,22.677493],[120.475193,22.67678],[120.473775,22.677131],[120.473225,22.677275],[120.473147,22.677305],[120.473098,22.67733],[120.473041,22.677369],[120.472966,22.677429],[120.472908,22.677489],[120.472858,22.677561],[120.472833,22.677615],[120.472764,22.677824],[120.47273,22.677967],[120.472715,22.678087],[120.4727,22.678455],[120.472727,22.678484],[120.472744,22.67849],[120.476685,22.678721],[120.477568,22.678761],[120.477605,22.678751],[120.477624,22.678729]]]}},{"type":"Feature","properties":{"id":"de975041eb8d","name":"屏東縣立崇文國民中學","level":"國中","basis":"both","data_ym":"201509"},"geometry":{"type":"Polygon","coordinates":[[[120.6046,22.678247],[120.604519,22.677788],[120.604004,22.677851],[120.603907,22.677838],[120.60264,22.677961],[120.602122,22.677991],[120.601258,22.678033],[120.601311,22.678672],[120.601337,22.67904],[120.601415,22.679127],[120.60173,22.679105],[120.604757,22.678927],[120.6046,22.678247]]]}},{"type":"Feature","properties":{"id":"1411332aeb2a","name":"屏東縣屏東市瑞光國民小學","level":"國小","basis":"name","data_ym":"201710"},"geometry":{"type":"Polygon","coordinates":[[[120.510282,22.679423],[120.510247,22.679412],[120.510221,22.679419],[120.510155,22.679448],[120.50921,22.679931],[120.509124,22.679982],[120.50927,22.680273],[120.509302,22.680396],[120.509327,22.680514],[120.509336,22.680571],[120.509342,22.68073],[120.509136,22.680732],[120.509159,22.680754],[120.509179,22.680784],[120.509168,22.680946],[120.50912,22.680984],[120.509839,22.681145],[120.510041,22.681183],[120.510036,22.681137],[120.510037,22.680855],[120.510129,22.680642],[120.510341,22.680339],[120.510469,22.68004],[120.510473,22.680021],[120.510415,22.679822],[120.510292,22.679437],[120.510282,22.679423]]]}},{"type":"Feature","properties":{"id":"ab9f8c422657","name":"屏東縣私立崇華雙語學校","level":"其他","basis":"none","data_ym":"201908"},"geometry":{"type":"Polygon","coordinates":[[[120.547096,22.682232],[120.547396,22.682136],[120.547484,22.682007],[120.547526,22.681967],[120.547534,22.681983],[120.547576,22.681963],[120.547565,22.681943],[120.547689,22.681878],[120.547695,22.681891],[120.547781,22.681891],[120.547868,22.681905],[120.547995,22.681947],[120.548148,22.681902],[120.548354,22.681811],[120.549731,22.681021],[120.549929,22.680874],[120.549966,22.680839],[120.549549,22.680462],[120.549285,22.680244],[120.548353,22.679444],[120.546984,22.678292],[120.546941,22.67826],[120.545037,22.680138],[120.54584,22.681062],[120.545893,22.681051],[120.546119,22.68122],[120.546386,22.681436],[120.546418,22.681468],[120.546809,22.682133],[120.546834,22.682172],[120.546851,22.682189],[120.546901,22.682217],[120.546956,22.682234],[120.547017,22.682244],[120.547096,22.682232]]]}},{"type":"Feature","properties":{"id":"146b7f7517bd","name":"屏東縣立明正國民中學","level":"國中","basis":"both","data_ym":"202209"},"geometry":{"type":"Polygon","coordinates":[[[120.497952,22.681566],[120.499359,22.680298],[120.498831,22.679989],[120.49795,22.679485],[120.49759,22.679499],[120.497085,22.679825],[120.496013,22.680507],[120.495996,22.6806],[120.495968,22.680636],[120.496405,22.681212],[120.496433,22.681197],[120.496834,22.681736],[120.496866,22.681749],[120.496896,22.681837],[120.497013,22.681983],[120.497233,22.682197],[120.497952,22.681566]]]}},{"type":"Feature","properties":{"id":"1f5d2ed01ebc","name":"屏東縣屏東市勝利國民小學","level":"國小","basis":"name","data_ym":"202107"},"geometry":{"type":"Polygon","coordinates":[[[120.485715,22.682513],[120.486519,22.682547],[120.486534,22.682247],[120.486556,22.681936],[120.486546,22.681921],[120.486613,22.681006],[120.486628,22.68068],[120.486629,22.680534],[120.486622,22.680501],[120.486606,22.680475],[120.486573,22.680446],[120.486464,22.680382],[120.486393,22.680355],[120.486371,22.680355],[120.486321,22.680375],[120.486173,22.68037],[120.486066,22.680356],[120.485975,22.680352],[120.485964,22.680347],[120.485961,22.680341],[120.485958,22.68031],[120.485477,22.680285],[120.485339,22.682258],[120.485347,22.682358],[120.485417,22.682472],[120.485431,22.682487],[120.485716,22.682499],[120.485715,22.682513]]]}},{"type":"Feature","properties":{"id":"460353bd04bc","name":"屏東縣屏東市崇蘭國民小學","level":"國小","basis":"name","data_ym":"201709"},"geometry":{"type":"Polygon","coordinates":[[[120.477257,22.684921],[120.478329,22.684024],[120.478325,22.683995],[120.477388,22.683019],[120.47734,22.683005],[120.476274,22.683904],[120.476729,22.684376],[120.476743,22.684361],[120.476795,22.68442],[120.476777,22.684434],[120.477257,22.684921]]]}},{"type":"Feature","properties":{"id":"4f134d1fe0db","name":"屏東縣屏東市信義國民小學","level":"國小","basis":"name","data_ym":"201509"},"geometry":{"type":"Polygon","coordinates":[[[120.492695,22.684432],[120.492685,22.684427],[120.492541,22.684442],[120.491321,22.684801],[120.491732,22.686023],[120.491921,22.685969],[120.492458,22.685803],[120.492701,22.685739],[120.492924,22.685651],[120.49305,22.685618],[120.493052,22.685568],[120.492695,22.684432]]]}},{"type":"Feature","properties":{"id":"9bad5c818153","name":"屏東縣內埔鄉黎明國民小學","level":"國小","basis":"both","data_ym":"202311"},"geometry":{"type":"Polygon","coordinates":[[[120.597231,22.687117],[120.596803,22.686596],[120.596544,22.686262],[120.596027,22.686668],[120.596007,22.686649],[120.595955,22.686684],[120.595967,22.686727],[120.596004,22.686954],[120.595765,22.687035],[120.595999,22.687393],[120.596242,22.687601],[120.596429,22.68778],[120.597156,22.687554],[120.597218,22.687549],[120.597531,22.687463],[120.597231,22.687117]]]}},{"type":"Feature","properties":{"id":"cf56c7965d25","name":"屏東縣屏東市和平國民小學","level":"國小","basis":"name","data_ym":"202311"},"geometry":{"type":"Polygon","coordinates":[[[120.501646,22.687673],[120.501933,22.687671],[120.502102,22.687685],[120.502145,22.687458],[120.502168,22.687234],[120.502339,22.687222],[120.502333,22.687101],[120.502344,22.686791],[120.501944,22.686689],[120.501897,22.686713],[120.501661,22.686658],[120.501619,22.686605],[120.500409,22.686287],[120.500172,22.68689],[120.500011,22.687257],[120.500016,22.687467],[120.500188,22.687469],[120.500187,22.687523],[120.50028,22.687506],[120.500551,22.687509],[120.500804,22.687475],[120.500841,22.687719],[120.501646,22.687673]]]}},{"type":"Feature","properties":{"id":"a7da9ce50403","name":"屏東縣立至正國民中學","level":"國中","basis":"both","data_ym":"202311"},"geometry":{"type":"Polygon","coordinates":[[[120.493741,22.690724],[120.493919,22.69046],[120.494254,22.689978],[120.494582,22.690073],[120.494686,22.690092],[120.494746,22.690095],[120.494855,22.690077],[120.495078,22.69003],[120.494986,22.689627],[120.494831,22.689064],[120.493853,22.689338],[120.49386,22.689259],[120.49361,22.689301],[120.493616,22.689323],[120.49343,22.689347],[120.493042,22.689388],[120.49307,22.689502],[120.492844,22.68956],[120.492846,22.689574],[120.492797,22.689644],[120.492366,22.689728],[120.492447,22.690093],[120.49231,22.690276],[120.49241,22.69033],[120.492412,22.690326],[120.492467,22.690355],[120.492702,22.690357],[120.492702,22.690507],[120.492894,22.690506],[120.492895,22.69056],[120.493034,22.690568],[120.493032,22.69068],[120.493281,22.690831],[120.49329,22.690869],[120.493445,22.690957],[120.493359,22.69112],[120.493446,22.691151],[120.493744,22.691221],[120.493741,22.690724]]]}},{"type":"Feature","properties":{"id":"9e7cdb63e471","name":"屏東縣霧臺鄉霧臺國民小學勵古百合分校","level":"大專","basis":"branch","data_ym":"202107"},"geometry":{"type":"Polygon","coordinates":[[[120.580573,22.691469],[120.580552,22.691471],[120.580531,22.691486],[120.579804,22.692226],[120.580581,22.692883],[120.581308,22.692145],[120.581318,22.692133],[120.581325,22.692113],[120.581319,22.692095],[120.581307,22.692081],[120.581033,22.691902],[120.580939,22.691834],[120.580872,22.691772],[120.580746,22.691628],[120.580645,22.691522],[120.580602,22.691482],[120.580573,22.691469]]]}},{"type":"Feature","properties":{"id":"7c14814197ac","name":"屏東縣長治鄉德協國民小學","level":"國小","basis":"both","data_ym":"201710"},"geometry":{"type":"Polygon","coordinates":[[[120.540731,22.694606],[120.540749,22.694562],[120.540903,22.694584],[120.540911,22.69452],[120.541454,22.694561],[120.541803,22.694245],[120.542437,22.693652],[120.542432,22.693637],[120.54237,22.693558],[120.542296,22.693484],[120.542177,22.693395],[120.542217,22.693264],[120.542087,22.693233],[120.542059,22.693247],[120.541997,22.693232],[120.541981,22.693209],[120.541931,22.693197],[120.541896,22.693204],[120.541801,22.693178],[120.541782,22.693145],[120.541697,22.693126],[120.541614,22.69316],[120.541466,22.693121],[120.54144,22.693072],[120.541249,22.693037],[120.541226,22.69301],[120.541094,22.692985],[120.541071,22.692948],[120.540413,22.692782],[120.540337,22.692788],[120.540311,22.692833],[120.540207,22.693182],[120.540071,22.693609],[120.539864,22.694305],[120.539761,22.69463],[120.540818,22.694849],[120.540859,22.694742],[120.54074,22.69471],[120.540731,22.694606]]]}},{"type":"Feature","properties":{"id":"80d71bf741e1","name":"屏東縣瑪家鄉長榮百合國民小學","level":"國小","basis":"both","data_ym":"202201"},"geometry":{"type":"Polygon","coordinates":[[[120.641735,22.697441],[120.641629,22.697428],[120.641552,22.697453],[120.641394,22.697594],[120.641805,22.697951],[120.642089,22.698189],[120.64232,22.698367],[120.643165,22.698913],[120.643382,22.699074],[120.643599,22.699255],[120.643895,22.698972],[120.643576,22.69869],[120.643478,22.698616],[120.643274,22.698333],[120.643111,22.698174],[120.642659,22.69787],[120.642365,22.697797],[120.642155,22.697703],[120.641822,22.697477],[120.641735,22.697441]]]}},{"type":"Feature","properties":{"id":"09a0f1bc9ec0","name":"屏東縣屏東市海豐國民小學","level":"國小","basis":"name","data_ym":"202107"},"geometry":{"type":"Polygon","coordinates":[[[120.508176,22.698989],[120.508373,22.698551],[120.508051,22.69821],[120.507386,22.697527],[120.507335,22.697521],[120.507228,22.697521],[120.507024,22.697626],[120.506686,22.69781],[120.506401,22.698012],[120.506354,22.698065],[120.506295,22.698145],[120.506303,22.698223],[120.506321,22.698303],[120.506357,22.698397],[120.506399,22.698478],[120.506436,22.698522],[120.506531,22.6986],[120.506591,22.698659],[120.506702,22.698781],[120.506794,22.698893],[120.506922,22.69882],[120.507089,22.698815],[120.507091,22.698791],[120.507558,22.698788],[120.507712,22.698826],[120.507767,22.698859],[120.508176,22.698989]]]}},{"type":"Feature","properties":{"id":"dcc514a3ca60","name":"屏東縣內埔鄉隘寮國民小學","level":"國小","basis":"both","data_ym":"202211"},"geometry":{"type":"Polygon","coordinates":[[[120.636452,22.702276],[120.636316,22.701991],[120.636237,22.702011],[120.636154,22.70183],[120.636047,22.701955],[120.635773,22.702172],[120.635415,22.702423],[120.635504,22.702557],[120.636277,22.703011],[120.636557,22.703181],[120.636765,22.702861],[120.636452,22.702276]]]}},{"type":"Feature","properties":{"id":"476f272eb323","name":"屏東縣立瑪家國民中學","level":"國中","basis":"both","data_ym":"201908"},"geometry":{"type":"Polygon","coordinates":[[[120.61168,22.702463],[120.612106,22.702041],[120.610627,22.70123],[120.6106,22.701223],[120.61057,22.701254],[120.610505,22.701217],[120.609974,22.701786],[120.609821,22.701654],[120.609881,22.701582],[120.609788,22.701511],[120.609716,22.701581],[120.609221,22.70137],[120.608602,22.702033],[120.609341,22.702421],[120.609442,22.70232],[120.60955,22.702412],[120.609546,22.702453],[120.610949,22.703209],[120.61168,22.702463]]]}},{"type":"Feature","properties":{"id":"e2d11f9ff54e","name":"屏東縣長治鄉繁華國民小學","level":"國小","basis":"both","data_ym":"201509"},"geometry":{"type":"Polygon","coordinates":[[[120.572662,22.702958],[120.572797,22.702677],[120.573005,22.702187],[120.572308,22.702081],[120.572314,22.702061],[120.572285,22.702054],[120.572281,22.702077],[120.572179,22.702061],[120.572184,22.702038],[120.572149,22.702031],[120.572143,22.702055],[120.572031,22.702038],[120.572036,22.702012],[120.571767,22.701933],[120.571735,22.701959],[120.571692,22.701959],[120.571685,22.70194],[120.571591,22.701926],[120.571587,22.702154],[120.571569,22.702356],[120.571563,22.702476],[120.571575,22.702478],[120.571575,22.702696],[120.571548,22.702908],[120.57114,22.702885],[120.571081,22.703304],[120.571476,22.703383],[120.571692,22.703421],[120.571848,22.70344],[120.571907,22.703442],[120.571956,22.703439],[120.57211,22.703415],[120.572227,22.703404],[120.572281,22.703387],[120.572316,22.703367],[120.572381,22.703313],[120.57251,22.703185],[120.572592,22.703082],[120.572662,22.702958]]]}},{"type":"Feature","properties":{"id":"2f5117a4a6f0","name":"國立內埔高級農工職業學校食品加工科","level":"其他","basis":"none","data_ym":"202211"},"geometry":{"type":"Polygon","coordinates":[[[120.640353,22.704746],[120.639774,22.704213],[120.639425,22.704563],[120.639596,22.704702],[120.639426,22.704876],[120.639571,22.704962],[120.63962,22.704973],[120.639758,22.704959],[120.639905,22.704925],[120.639963,22.704904],[120.640047,22.704855],[120.64015,22.704809],[120.640273,22.704768],[120.640353,22.704746]]]}},{"type":"Feature","properties":{"id":"3e9849a79a26","name":"屏東縣瑪家鄉北葉國民小學","level":"國小","basis":"both","data_ym":"202201"},"geometry":{"type":"Polygon","coordinates":[[[120.646779,22.707328],[120.646624,22.707099],[120.646817,22.706985],[120.646804,22.706936],[120.646965,22.706874],[120.646701,22.7064],[120.646142,22.705425],[120.64602,22.70525],[120.645987,22.705264],[120.64596,22.705199],[120.645768,22.70489],[120.645526,22.704665],[120.645372,22.704594],[120.645241,22.704559],[120.645165,22.704574],[120.645134,22.704588],[120.645111,22.704624],[120.645109,22.70468],[120.645465,22.705632],[120.645521,22.705745],[120.645651,22.706092],[120.645625,22.706161],[120.645527,22.706265],[120.645536,22.706309],[120.645525,22.706375],[120.645579,22.706478],[120.645989,22.707606],[120.646085,22.707764],[120.646503,22.707518],[120.646489,22.707496],[120.646779,22.707328]]]}},{"type":"Feature","properties":{"id":"53178a45793e","name":"屏東縣三地門鄉地磨兒國民小學","level":"國小","basis":"both","data_ym":"202509"},"geometry":{"type":"Polygon","coordinates":[[[120.654564,22.71498],[120.654628,22.714895],[120.654798,22.714612],[120.654742,22.714541],[120.654757,22.714533],[120.654717,22.714474],[120.654741,22.71446],[120.654699,22.714406],[120.654618,22.714077],[120.654231,22.71385],[120.653609,22.714752],[120.653737,22.714829],[120.653875,22.714925],[120.653868,22.714934],[120.654002,22.715019],[120.654038,22.714967],[120.654184,22.715054],[120.654131,22.715144],[120.654153,22.715157],[120.654157,22.715198],[120.654168,22.715229],[120.654183,22.71525],[120.654317,22.71522],[120.65436,22.715214],[120.654416,22.715212],[120.654436,22.715204],[120.654564,22.71498]]]}},{"type":"Feature","properties":{"id":"4f563658ed70","name":"屏東縣立九如國民中學","level":"國中","basis":"both","data_ym":"201908"},"geometry":{"type":"Polygon","coordinates":[[[120.486739,22.718328],[120.486698,22.717652],[120.486768,22.717614],[120.486802,22.717584],[120.486847,22.717538],[120.486907,22.717448],[120.486585,22.717244],[120.486537,22.717257],[120.486358,22.717163],[120.486346,22.717107],[120.485311,22.716492],[120.48531,22.716506],[120.485345,22.716692],[120.48535,22.716753],[120.485369,22.716806],[120.485391,22.71694],[120.485336,22.716947],[120.485334,22.716939],[120.485147,22.71696],[120.485149,22.716981],[120.484873,22.717008],[120.484992,22.717663],[120.484502,22.717651],[120.484473,22.717825],[120.484568,22.717821],[120.484595,22.718195],[120.484294,22.718202],[120.484319,22.718771],[120.484815,22.718741],[120.485142,22.718455],[120.485211,22.718413],[120.485242,22.718404],[120.485595,22.718383],[120.486739,22.718328]]]}},{"type":"Feature","properties":{"id":"9bdf6564330f","name":"屏東縣九如鄉惠農國民小學","level":"國小","basis":"both","data_ym":"202311"},"geometry":{"type":"Polygon","coordinates":[[[120.499163,22.723506],[120.498798,22.723257],[120.498353,22.723883],[120.498194,22.724151],[120.498433,22.724249],[120.498794,22.724305],[120.499561,22.724393],[120.499807,22.724405],[120.499922,22.724419],[120.500011,22.724442],[120.500177,22.724503],[120.500266,22.724526],[120.500273,22.724479],[120.500254,22.724417],[120.500006,22.723929],[120.499901,22.723846],[120.499853,22.723823],[120.499707,22.723773],[120.499163,22.723506]]]}},{"type":"Feature","properties":{"id":"a4393d3dcbc6","name":"屏東縣鹽埔鄉振興國民小學","level":"國小","basis":"both","data_ym":"202311"},"geometry":{"type":"Polygon","coordinates":[[[120.610988,22.72628],[120.61139,22.725747],[120.611161,22.725506],[120.610435,22.7259],[120.610219,22.725509],[120.609922,22.725648],[120.609562,22.725785],[120.610329,22.726865],[120.610473,22.726771],[120.610641,22.72663],[120.610795,22.726483],[120.610988,22.72628]]]}},{"type":"Feature","properties":{"id":"b5b188194ccc","name":"大仁科技大學1","level":"大專","basis":"both","data_ym":"201509"},"geometry":{"type":"Polygon","coordinates":[[[120.547325,22.728757],[120.547217,22.728294],[120.546545,22.728415],[120.546243,22.728461],[120.546329,22.728919],[120.546332,22.728921],[120.547325,22.728757]]]}},{"type":"Feature","properties":{"id":"0b66291e60a5","name":"屏東縣鹽埔鄉高朗國民小學","level":"國小","basis":"both","data_ym":"201009"},"geometry":{"type":"Polygon","coordinates":[[[120.583465,22.735996],[120.58338,22.735626],[120.583373,22.735627],[120.583332,22.735456],[120.583348,22.735452],[120.583347,22.735445],[120.58322,22.73494],[120.583214,22.734923],[120.5832,22.734906],[120.583175,22.734891],[120.582409,22.735049],[120.582397,22.735069],[120.582513,22.735518],[120.582634,22.736045],[120.582646,22.736076],[120.58267,22.736085],[120.582947,22.736063],[120.583056,22.736051],[120.583056,22.736044],[120.583465,22.735996]]]}},{"type":"Feature","properties":{"id":"6109a5d03727","name":"屏東縣鹽埔鄉新圍國民小學","level":"國小","basis":"both","data_ym":"201509"},"geometry":{"type":"Polygon","coordinates":[[[120.554227,22.738898],[120.554338,22.738524],[120.554412,22.738538],[120.554474,22.738524],[120.554489,22.738513],[120.554613,22.738475],[120.554639,22.738464],[120.554659,22.738449],[120.554328,22.73816],[120.554291,22.73819],[120.554146,22.738062],[120.554165,22.738041],[120.554151,22.738028],[120.554122,22.738053],[120.554109,22.738042],[120.554098,22.738054],[120.554076,22.738049],[120.55405,22.738027],[120.554012,22.738061],[120.553996,22.738045],[120.553954,22.738079],[120.553842,22.738085],[120.553749,22.738096],[120.553367,22.73775],[120.553291,22.737897],[120.553223,22.737971],[120.553154,22.738027],[120.552957,22.738138],[120.552966,22.738167],[120.552941,22.738193],[120.552888,22.738303],[120.552879,22.738305],[120.552872,22.738349],[120.552849,22.738422],[120.552883,22.738437],[120.552982,22.738523],[120.553069,22.738592],[120.553184,22.738653],[120.55328,22.738691],[120.553525,22.738769],[120.553861,22.73884],[120.554227,22.738898]]]}},{"type":"Feature","properties":{"id":"a8007fa69f17","name":"屏東縣高樹鄉大路關國民小學","level":"國小","basis":"both","data_ym":"202509"},"geometry":{"type":"Polygon","coordinates":[[[120.621635,22.740045],[120.621246,22.738732],[120.620445,22.739099],[120.620263,22.738816],[120.620199,22.738852],[120.620161,22.738883],[120.620341,22.739164],[120.619912,22.739391],[120.619876,22.739481],[120.620068,22.740299],[120.620832,22.74018],[120.621635,22.740045]]]}},{"type":"Feature","properties":{"id":"6c34badc3821","name":"屏東縣鹽埔鄉彭厝國民小學","level":"國小","basis":"both","data_ym":"201509"},"geometry":{"type":"Polygon","coordinates":[[[120.531611,22.7387],[120.53103,22.738501],[120.530864,22.739117],[120.530892,22.739127],[120.530587,22.739842],[120.531886,22.740316],[120.531924,22.740321],[120.531933,22.740308],[120.532,22.739957],[120.532109,22.739332],[120.532163,22.738985],[120.531611,22.7387]]]}},{"type":"Feature","properties":{"id":"e2cc61e23b80","name":"屏東縣三地門鄉賽嘉國民小學","level":"國小","basis":"both","data_ym":"202201"},"geometry":{"type":"Polygon","coordinates":[[[120.639986,22.74374],[120.639834,22.743542],[120.639738,22.743457],[120.639427,22.74328],[120.639288,22.743208],[120.6394,22.743648],[120.63951,22.743944],[120.639636,22.744225],[120.639724,22.74435],[120.639781,22.744381],[120.639915,22.744358],[120.640192,22.744215],[120.640271,22.744169],[120.639986,22.74374]]]}},{"type":"Feature","properties":{"id":"ac1b6fb390f2","name":"屏東縣霧臺鄉霧臺國民小學","level":"國小","basis":"both","data_ym":"201510"},"geometry":{"type":"Polygon","coordinates":[[[120.731873,22.744969],[120.731903,22.744871],[120.731945,22.744774],[120.731959,22.744731],[120.731956,22.744725],[120.731903,22.74471],[120.731889,22.744708],[120.731869,22.744713],[120.73177,22.744756],[120.731665,22.744794],[120.731621,22.744852],[120.731577,22.744837],[120.73156,22.744878],[120.731475,22.744873],[120.731468,22.744892],[120.731072,22.744823],[120.731033,22.744866],[120.730972,22.744904],[120.730959,22.744922],[120.730938,22.744914],[120.730872,22.745016],[120.730897,22.745029],[120.730837,22.745127],[120.731266,22.745303],[120.731241,22.745368],[120.731446,22.745453],[120.731578,22.745355],[120.731683,22.745331],[120.731691,22.745311],[120.731751,22.745311],[120.731788,22.745215],[120.731766,22.745208],[120.73181,22.745087],[120.731873,22.744969]]]}},{"type":"Feature","properties":{"id":"307859ba7281","name":"屏東縣鹽埔鄉鹽埔國民小學","level":"國小","basis":"both","data_ym":"202106"},"geometry":{"type":"Polygon","coordinates":[[[120.576863,22.753665],[120.577057,22.753652],[120.577002,22.753598],[120.576628,22.753115],[120.576421,22.752896],[120.576267,22.752704],[120.576138,22.752473],[120.57613,22.752463],[120.576102,22.75246],[120.575377,22.752676],[120.575358,22.752691],[120.575283,22.752923],[120.575195,22.753232],[120.575079,22.753715],[120.574974,22.754126],[120.57497,22.754161],[120.575327,22.754156],[120.575369,22.75415],[120.575958,22.754051],[120.576113,22.753994],[120.576216,22.753962],[120.576214,22.753955],[120.576365,22.753927],[120.576828,22.75389],[120.576834,22.753863],[120.576826,22.75369],[120.576863,22.753665]]]}},{"type":"Feature","properties":{"id":"9186f49e0919","name":"屏東縣立鹽埔國民中學","level":"國中","basis":"both","data_ym":"202205"},"geometry":{"type":"Polygon","coordinates":[[[120.574603,22.755464],[120.574558,22.754815],[120.57449,22.754006],[120.574595,22.753998],[120.5746,22.754048],[120.574653,22.754044],[120.574654,22.754063],[120.574902,22.754132],[120.575126,22.753217],[120.575215,22.752905],[120.575269,22.752749],[120.574826,22.75288],[120.573488,22.753262],[120.573485,22.753624],[120.573547,22.753624],[120.573549,22.753649],[120.573683,22.753914],[120.573134,22.754064],[120.573268,22.754465],[120.573226,22.754488],[120.573304,22.754696],[120.573386,22.754891],[120.573392,22.754891],[120.5734,22.754931],[120.573419,22.755143],[120.573415,22.755188],[120.574132,22.755358],[120.574532,22.755462],[120.574603,22.755464]]]}},{"type":"Feature","properties":{"id":"b709f6f92e5a","name":"屏東縣鹽埔鄉仕絨國民小學","level":"國小","basis":"both","data_ym":"202107"},"geometry":{"type":"Polygon","coordinates":[[[120.559351,22.758439],[120.559144,22.757897],[120.558979,22.757929],[120.558817,22.757954],[120.558222,22.758034],[120.558163,22.758037],[120.558318,22.758403],[120.558457,22.758372],[120.558514,22.758698],[120.559351,22.758439]]]}},{"type":"Feature","properties":{"id":"d48bca01f2e8","name":"國立屏北高級中學","level":"高中職","basis":"both","data_ym":"201410"},"geometry":{"type":"Polygon","coordinates":[[[120.541218,22.758013],[120.540965,22.757988],[120.540836,22.759287],[120.544885,22.759683],[120.545481,22.75973],[120.545503,22.759717],[120.545545,22.759684],[120.545926,22.759219],[120.546479,22.758564],[120.546502,22.758531],[120.54651,22.758513],[120.545551,22.758439],[120.542719,22.758155],[120.541218,22.758013]]]}},{"type":"Feature","properties":{"id":"9572a3e23e09","name":"屏東縣高樹鄉大路關國民小學廣福校區","level":"大專","basis":"branch","data_ym":"202509"},"geometry":{"type":"Polygon","coordinates":[[[120.617479,22.763743],[120.617447,22.76374],[120.617178,22.763737],[120.617147,22.763748],[120.617134,22.763761],[120.616954,22.764394],[120.616825,22.764877],[120.617581,22.76492],[120.617902,22.76493],[120.618006,22.764927],[120.617956,22.76457],[120.617897,22.76401],[120.617873,22.763901],[120.617479,22.763743]]]}},{"type":"Feature","properties":{"id":"c7e2e87b0fd3","name":"屏東縣三地門鄉口社國民小學","level":"國小","basis":"both","data_ym":"201801"},"geometry":{"type":"Polygon","coordinates":[[[120.645859,22.766007],[120.645856,22.765934],[120.645711,22.765858],[120.645632,22.765976],[120.645335,22.765858],[120.64485,22.765811],[120.644712,22.765743],[120.644523,22.765752],[120.644244,22.766411],[120.645335,22.766973],[120.645554,22.766646],[120.645769,22.766228],[120.645715,22.766134],[120.645724,22.766116],[120.645734,22.7661],[120.645859,22.766007]]]}},{"type":"Feature","properties":{"id":"ad946db6e9c0","name":"屏東縣三地門鄉地磨兒國民小學德文分校","level":"大專","basis":"branch","data_ym":"202312"},"geometry":{"type":"Polygon","coordinates":[[[120.702384,22.771122],[120.70251,22.771028],[120.702551,22.77106],[120.702657,22.770989],[120.702709,22.771042],[120.702851,22.770948],[120.702859,22.770695],[120.702866,22.770634],[120.702867,22.770467],[120.70286,22.770373],[120.70283,22.770182],[120.702443,22.770183],[120.702448,22.770252],[120.70245,22.770503],[120.702248,22.770504],[120.702245,22.770253],[120.702158,22.770254],[120.701945,22.770269],[120.701946,22.770307],[120.701951,22.770318],[120.702161,22.770664],[120.702206,22.770759],[120.702243,22.770879],[120.702257,22.770947],[120.702285,22.771146],[120.702294,22.771157],[120.702311,22.771157],[120.702384,22.771122]]]}},{"type":"Feature","properties":{"id":"a10fccc971a9","name":"屏東縣里港鄉載興國民小學","level":"國小","basis":"both","data_ym":"201801"},"geometry":{"type":"Polygon","coordinates":[[[120.524663,22.778015],[120.524601,22.777891],[120.524634,22.777859],[120.524396,22.777397],[120.523546,22.778002],[120.523487,22.777912],[120.523395,22.778041],[120.523513,22.77814],[120.524433,22.779224],[120.524666,22.779061],[120.525017,22.778847],[120.52498,22.778755],[120.524926,22.778585],[120.524898,22.778552],[120.524663,22.778015]]]}},{"type":"Feature","properties":{"id":"53a621de8862","name":"屏東縣高樹鄉新南國民小學","level":"國小","basis":"both","data_ym":"202107"},"geometry":{"type":"Polygon","coordinates":[[[120.559013,22.785949],[120.560129,22.785666],[120.560127,22.78576],[120.560647,22.785657],[120.560738,22.785453],[120.560947,22.785529],[120.561049,22.785332],[120.561054,22.785304],[120.561049,22.785284],[120.561036,22.785268],[120.561027,22.785265],[120.55959,22.785155],[120.559567,22.78518],[120.559461,22.785166],[120.559433,22.785148],[120.558788,22.785097],[120.558351,22.785057],[120.558633,22.785764],[120.558895,22.785988],[120.559013,22.785949]]]}},{"type":"Feature","properties":{"id":"d6998358324b","name":"屏東縣高樹鄉泰山國民小學","level":"國小","basis":"both","data_ym":"201801"},"geometry":{"type":"Polygon","coordinates":[[[120.614911,22.788641],[120.615181,22.787312],[120.615125,22.787302],[120.61494,22.787259],[120.614693,22.787211],[120.614666,22.787349],[120.614206,22.787268],[120.614046,22.787766],[120.613912,22.78821],[120.613915,22.788214],[120.614061,22.788242],[120.614065,22.788338],[120.614136,22.788492],[120.614164,22.788525],[120.614246,22.788573],[120.614322,22.788645],[120.614422,22.78869],[120.614605,22.788716],[120.614693,22.788727],[120.614815,22.78873],[120.614864,22.788718],[120.614877,22.788709],[120.614889,22.788692],[120.614911,22.788641]]]}},{"type":"Feature","properties":{"id":"bf3a2afc41cd","name":"屏東縣立高泰國民中學","level":"國中","basis":"both","data_ym":"201711"},"geometry":{"type":"Polygon","coordinates":[[[120.612296,22.792165],[120.612365,22.791993],[120.61224,22.791949],[120.612143,22.791798],[120.611533,22.791111],[120.611397,22.790904],[120.611096,22.790489],[120.611036,22.790457],[120.610896,22.790436],[120.610756,22.790406],[120.61064,22.790388],[120.610479,22.790345],[120.610362,22.790307],[120.610206,22.790214],[120.609981,22.790314],[120.609726,22.790505],[120.61018,22.790949],[120.610728,22.79144],[120.611065,22.791751],[120.610987,22.791858],[120.611288,22.7919],[120.611294,22.791875],[120.611422,22.791909],[120.611575,22.79196],[120.611872,22.792046],[120.611887,22.792026],[120.612296,22.792165]]]}},{"type":"Feature","properties":{"id":"a80efa3fa5ee","name":"屏東縣高樹鄉田子國民小學","level":"國小","basis":"both","data_ym":"201509"},"geometry":{"type":"Polygon","coordinates":[[[120.577355,22.803477],[120.577157,22.803218],[120.576841,22.803453],[120.576559,22.803651],[120.577357,22.804581],[120.577451,22.804696],[120.578009,22.80429],[120.577958,22.804232],[120.577355,22.803477]]]}},{"type":"Feature","properties":{"id":"047f0183de48","name":"屏東縣三地門鄉青山國民小學","level":"國小","basis":"both","data_ym":"202311"},"geometry":{"type":"Polygon","coordinates":[[[120.641957,22.817315],[120.641651,22.816993],[120.64159,22.817031],[120.641304,22.816744],[120.641133,22.816527],[120.640988,22.816602],[120.640918,22.816653],[120.640918,22.816668],[120.640831,22.816786],[120.64077,22.81686],[120.640508,22.81703],[120.640397,22.81689],[120.640341,22.816916],[120.640362,22.817],[120.640389,22.817052],[120.640427,22.817103],[120.640657,22.817331],[120.640809,22.817468],[120.640968,22.817603],[120.641031,22.817646],[120.641181,22.817675],[120.641279,22.817675],[120.641725,22.81761],[120.641805,22.817558],[120.641957,22.817315]]]}},{"type":"Feature","properties":{"id":"78524f4c6fd8","name":"屏東縣立高樹國民中學","level":"國中","basis":"both","data_ym":"201801"},"geometry":{"type":"Polygon","coordinates":[[[120.606492,22.817577],[120.606431,22.817457],[120.60636,22.817259],[120.606127,22.816924],[120.605969,22.816715],[120.605524,22.816163],[120.605079,22.815875],[120.604647,22.816284],[120.604332,22.816317],[120.604097,22.81636],[120.603983,22.816741],[120.603679,22.816742],[120.603601,22.816729],[120.603562,22.816859],[120.604048,22.816864],[120.604038,22.817191],[120.604017,22.817193],[120.604017,22.817183],[120.603975,22.817182],[120.603971,22.817368],[120.604182,22.817289],[120.604237,22.817285],[120.604297,22.817291],[120.604342,22.817319],[120.604411,22.817392],[120.604456,22.817454],[120.604456,22.817479],[120.604474,22.817479],[120.60464,22.817712],[120.604883,22.81803],[120.605002,22.818193],[120.605216,22.818599],[120.605249,22.81865],[120.605287,22.818691],[120.605307,22.818705],[120.60537,22.818741],[120.605416,22.818755],[120.605556,22.818766],[120.60587,22.818776],[120.605893,22.818774],[120.60593,22.81876],[120.605966,22.818718],[120.606009,22.818626],[120.60609,22.818304],[120.606112,22.818238],[120.606146,22.81818],[120.606243,22.818091],[120.606311,22.818046],[120.606398,22.817973],[120.606452,22.817913],[120.606496,22.817837],[120.606517,22.817746],[120.606519,22.817696],[120.606492,22.817577]]]}},{"type":"Feature","properties":{"id":"3499471a1797","name":"屏東縣高樹鄉高樹國民小學","level":"國小","basis":"both","data_ym":"201711"},"geometry":{"type":"Polygon","coordinates":[[[120.598054,22.827704],[120.599185,22.827612],[120.599229,22.82765],[120.599499,22.827424],[120.599793,22.827266],[120.600035,22.827155],[120.599589,22.826165],[120.599512,22.82599],[120.599467,22.825846],[120.59945,22.825805],[120.599436,22.82579],[120.5994,22.825775],[120.599359,22.825771],[120.598695,22.825832],[120.598754,22.826169],[120.598672,22.82618],[120.59872,22.826349],[120.59856,22.826343],[120.598488,22.826315],[120.598429,22.826314],[120.598352,22.826318],[120.598222,22.826341],[120.598223,22.826354],[120.598122,22.826384],[120.598078,22.826354],[120.598037,22.826357],[120.597994,22.826432],[120.597981,22.826474],[120.597977,22.826569],[120.597994,22.826984],[120.598054,22.827561],[120.598054,22.827704]]]}},{"type":"Feature","properties":{"id":"8662f95dade3","name":"屏東縣三地門鄉青葉國民小學","level":"國小","basis":"both","data_ym":"202311"},"geometry":{"type":"Polygon","coordinates":[[[120.639855,22.83868],[120.639856,22.838629],[120.639943,22.838634],[120.63994,22.838244],[120.639869,22.838168],[120.639714,22.837935],[120.639682,22.837875],[120.639426,22.837875],[120.639294,22.83788],[120.638873,22.837876],[120.638871,22.837956],[120.638955,22.83796],[120.638953,22.838028],[120.638949,22.838027],[120.638945,22.838101],[120.638951,22.838101],[120.638948,22.838212],[120.638953,22.838212],[120.638951,22.838246],[120.638946,22.838245],[120.638942,22.838316],[120.639137,22.838332],[120.639693,22.838359],[120.639694,22.838338],[120.639738,22.838342],[120.63972,22.838673],[120.639855,22.83868]]]}},{"type":"Feature","properties":{"id":"17f9b214906e","name":"屏東縣高樹鄉新豐國民小學","level":"國小","basis":"both","data_ym":"201801"},"geometry":{"type":"Polygon","coordinates":[[[120.63471,22.862938],[120.634676,22.862851],[120.633708,22.863141],[120.633902,22.863674],[120.634087,22.863921],[120.634303,22.864239],[120.634447,22.864478],[120.634583,22.864744],[120.634659,22.864932],[120.63513,22.864771],[120.635099,22.864555],[120.635017,22.864083],[120.63499,22.863887],[120.634885,22.863476],[120.634833,22.863322],[120.634768,22.863104],[120.63471,22.862938]]]}},{"type":"Feature","properties":{"id":"6a045cd95670","name":"屏東縣恆春鎮水泉國民小學","level":"國小","basis":"both","data_ym":"201509"},"geometry":{"type":"Polygon","coordinates":[[[120.732142,21.941639],[120.732914,21.940475],[120.732648,21.940207],[120.732537,21.940157],[120.732373,21.940142],[120.732262,21.940119],[120.732175,21.940165],[120.731862,21.940676],[120.731836,21.940663],[120.731433,21.941268],[120.732142,21.941639]]]}},{"type":"Feature","properties":{"id":"d70962cc936f","name":"屏東縣恆春鎮墾丁國民小學","level":"國小","basis":"both","data_ym":"202311"},"geometry":{"type":"Polygon","coordinates":[[[120.801074,21.943788],[120.801183,21.943712],[120.80149,21.94352],[120.801858,21.943272],[120.801658,21.942976],[120.801556,21.942814],[120.801521,21.942767],[120.801517,21.942771],[120.801481,21.942736],[120.801491,21.942726],[120.80146,21.942686],[120.801367,21.942537],[120.801312,21.942437],[120.801242,21.942277],[120.801222,21.942209],[120.801176,21.942159],[120.801086,21.942087],[120.801054,21.942086],[120.800959,21.942129],[120.800985,21.942167],[120.800154,21.942659],[120.800139,21.942712],[120.80031,21.942902],[120.800269,21.94294],[120.80029,21.942972],[120.800392,21.943227],[120.800407,21.943328],[120.800376,21.943379],[120.800319,21.943453],[120.800131,21.943602],[120.80018,21.94364],[120.800253,21.943707],[120.800332,21.943803],[120.800413,21.943919],[120.80063,21.943787],[120.800781,21.944006],[120.801074,21.943788]]]}},{"type":"Feature","properties":{"id":"271f9b49cee5","name":"屏東縣恆春鎮大光國民小學","level":"國小","basis":"both","data_ym":"201009"},"geometry":{"type":"Polygon","coordinates":[[[120.740231,21.951827],[120.740304,21.95137],[120.740561,21.951407],[120.740582,21.951396],[120.740593,21.951374],[120.740615,21.951284],[120.740625,21.951285],[120.740648,21.95118],[120.740632,21.951176],[120.740661,21.951086],[120.740677,21.951001],[120.740477,21.950968],[120.740485,21.950928],[120.740393,21.950903],[120.740374,21.950892],[120.740373,21.950826],[120.740276,21.950729],[120.740155,21.950749],[120.739863,21.950738],[120.739727,21.950726],[120.739614,21.950709],[120.739381,21.950658],[120.739198,21.950614],[120.739031,21.950568],[120.739026,21.950572],[120.739007,21.950597],[120.738996,21.950687],[120.738995,21.951143],[120.738982,21.95134],[120.738969,21.95168],[120.740231,21.951827]]]}},{"type":"Feature","properties":{"id":"26f243b82a26","name":"屏東縣恆春鎮恆春國民小學南灣分校","level":"大專","basis":"branch","data_ym":"202203"},"geometry":{"type":"Polygon","coordinates":[[[120.758913,21.968212],[120.75855,21.968005],[120.758433,21.967934],[120.75843,21.967937],[120.758443,21.967945],[120.758264,21.968201],[120.758248,21.968191],[120.758176,21.968287],[120.75805,21.968473],[120.757889,21.968697],[120.758567,21.969126],[120.759094,21.968308],[120.758913,21.968212]]]}},{"type":"Feature","properties":{"id":"ff931242d632","name":"屏東縣恆春鎮水泉國民小學龍泉分校","level":"大專","basis":"branch","data_ym":"202203"},"geometry":{"type":"Polygon","coordinates":[[[120.734725,21.969123],[120.734391,21.969114],[120.734318,21.969609],[120.734021,21.969827],[120.734073,21.969919],[120.734094,21.96998],[120.734102,21.970045],[120.73411,21.970209],[120.734176,21.97067],[120.734187,21.970708],[120.734229,21.970799],[120.734262,21.970861],[120.734305,21.970908],[120.734333,21.97093],[120.734342,21.970933],[120.734372,21.970929],[120.734733,21.970587],[120.735334,21.970068],[120.735665,21.969776],[120.735728,21.969713],[120.735725,21.969679],[120.735083,21.969218],[120.734945,21.969158],[120.734884,21.96914],[120.734725,21.969123]]]}},{"type":"Feature","properties":{"id":"d5d8bd38661c","name":"屏東縣恆春鎮山海國民小學","level":"國小","basis":"both","data_ym":"201509"},"geometry":{"type":"Polygon","coordinates":[[[120.716135,21.982635],[120.716049,21.982582],[120.71603,21.982582],[120.715893,21.982775],[120.715739,21.982973],[120.715519,21.983233],[120.71534,21.98343],[120.715301,21.983454],[120.715178,21.983543],[120.715126,21.983587],[120.714949,21.98378],[120.714657,21.984086],[120.714468,21.984271],[120.71479,21.984515],[120.71471,21.984606],[120.714938,21.984801],[120.715353,21.984356],[120.715442,21.984255],[120.715531,21.984146],[120.715619,21.984027],[120.71572,21.983859],[120.715784,21.983735],[120.715884,21.983505],[120.715924,21.98339],[120.716077,21.982908],[120.716141,21.982685],[120.716144,21.982661],[120.716135,21.982635]]]}},{"type":"Feature","properties":{"id":"135b1ebbdecd","name":"屏東縣恆春鎮恆春國民小學","level":"國小","basis":"both","data_ym":"201711"},"geometry":{"type":"Polygon","coordinates":[[[120.747254,22.00599],[120.746884,22.00581],[120.746618,22.005792],[120.746566,22.005826],[120.746456,22.005845],[120.746418,22.005819],[120.746406,22.005817],[120.746414,22.005778],[120.746291,22.005758],[120.746285,22.005794],[120.746221,22.00578],[120.745938,22.006232],[120.745666,22.006655],[120.745947,22.006822],[120.747444,22.00761],[120.747551,22.007653],[120.747636,22.007676],[120.747694,22.007682],[120.747764,22.007676],[120.747802,22.007677],[120.74782,22.00767],[120.747828,22.007656],[120.747809,22.007592],[120.747782,22.007584],[120.747436,22.006478],[120.747316,22.006078],[120.747304,22.006047],[120.747288,22.006047],[120.747239,22.006013],[120.747254,22.00599]]]}},{"type":"Feature","properties":{"id":"1fb7e3757b6f","name":"屏東縣恆春鎮僑勇國民小學","level":"國小","basis":"both","data_ym":"201509"},"geometry":{"type":"Polygon","coordinates":[[[120.745884,22.008024],[120.745335,22.00773],[120.745232,22.007731],[120.74513,22.007689],[120.745049,22.007553],[120.744628,22.007312],[120.744593,22.007298],[120.744568,22.007338],[120.744434,22.00752],[120.744123,22.007914],[120.744094,22.007917],[120.744039,22.00806],[120.743917,22.008314],[120.743799,22.008598],[120.743838,22.008817],[120.744465,22.009057],[120.74468,22.009124],[120.745077,22.009267],[120.745117,22.009255],[120.745905,22.008055],[120.745884,22.008024]]]}},{"type":"Feature","properties":{"id":"20d224b584e8","name":"屏東縣恆春鎮大平國民小學","level":"國小","basis":"both","data_ym":"202311"},"geometry":{"type":"Polygon","coordinates":[[[120.720141,22.022193],[120.720135,22.022181],[120.719841,22.022831],[120.719864,22.022836],[120.719741,22.023193],[120.719689,22.023332],[120.719614,22.023496],[120.719589,22.023583],[120.719755,22.02364],[120.719909,22.023701],[120.720661,22.024146],[120.720698,22.024162],[120.720725,22.024167],[120.720741,22.024163],[120.720759,22.024146],[120.720783,22.02409],[120.720874,22.023911],[120.721102,22.023418],[120.72116,22.023267],[120.72127,22.022935],[120.720848,22.02279],[120.720875,22.022699],[120.720892,22.022684],[120.720928,22.022606],[120.720616,22.022473],[120.720548,22.022434],[120.720515,22.022401],[120.7205,22.022378],[120.720449,22.022274],[120.720434,22.022256],[120.720411,22.022241],[120.720355,22.022225],[120.720172,22.022207],[120.720141,22.022193]]]}},{"type":"Feature","properties":{"id":"451ff0c3a181","name":"屏東縣立滿州國民中學","level":"國中","basis":"both","data_ym":"201509"},"geometry":{"type":"Polygon","coordinates":[[[120.839818,22.024048],[120.839801,22.023892],[120.839298,22.023924],[120.839324,22.02408],[120.838967,22.024169],[120.838654,22.024267],[120.838386,22.024304],[120.838434,22.024459],[120.838466,22.024591],[120.838482,22.024679],[120.838486,22.024735],[120.838474,22.024873],[120.838475,22.024913],[120.838469,22.024939],[120.838469,22.025056],[120.838448,22.025162],[120.838473,22.025229],[120.838524,22.025449],[120.838625,22.025612],[120.838679,22.025653],[120.838751,22.025814],[120.838846,22.025938],[120.839053,22.025976],[120.840063,22.025665],[120.840052,22.025628],[120.840222,22.025564],[120.840147,22.025309],[120.840205,22.025156],[120.840219,22.025081],[120.840215,22.025012],[120.840199,22.024924],[120.840136,22.024738],[120.840192,22.02472],[120.840105,22.024487],[120.840078,22.024441],[120.840071,22.024398],[120.840077,22.024344],[120.840116,22.024243],[120.840015,22.024189],[120.839914,22.024123],[120.839907,22.024075],[120.839818,22.024048]]]}},{"type":"Feature","properties":{"id":"1b59cfaabe5f","name":"屏東縣車城鄉車城國民小學射寮分校","level":"大專","basis":"branch","data_ym":"201709"},"geometry":{"type":"Polygon","coordinates":[[[120.712448,22.055636],[120.711418,22.055374],[120.711218,22.056079],[120.711266,22.056096],[120.711628,22.056193],[120.711548,22.056449],[120.711443,22.056535],[120.711401,22.05672],[120.711679,22.056812],[120.711665,22.05683],[120.712188,22.057004],[120.712385,22.056183],[120.712318,22.056163],[120.712448,22.055636]]]}},{"type":"Feature","properties":{"id":"af6aeebb9fe1","name":"屏東縣牡丹鄉高士國民小學牡林分校","level":"大專","basis":"branch","data_ym":"201709"},"geometry":{"type":"Polygon","coordinates":[[[120.814652,22.073101],[120.814648,22.07297],[120.814621,22.072972],[120.814607,22.072889],[120.814581,22.072788],[120.814556,22.072725],[120.814518,22.072666],[120.814395,22.072742],[120.814373,22.072712],[120.814141,22.072753],[120.814096,22.072723],[120.814086,22.072621],[120.813925,22.072598],[120.81388,22.072634],[120.813884,22.072683],[120.813665,22.072837],[120.813541,22.072975],[120.813471,22.073118],[120.813572,22.073286],[120.813695,22.073545],[120.813729,22.073649],[120.81378,22.073868],[120.813954,22.073872],[120.814351,22.07363],[120.814631,22.073504],[120.814724,22.073457],[120.814733,22.073447],[120.814696,22.073411],[120.814683,22.073388],[120.814673,22.073353],[120.814652,22.073101]]]}},{"type":"Feature","properties":{"id":"6d607ea7c899","name":"屏東縣立車城國民中學","level":"國中","basis":"both","data_ym":"202203"},"geometry":{"type":"Polygon","coordinates":[[[120.718514,22.074448],[120.718517,22.073968],[120.718505,22.073962],[120.718498,22.073951],[120.718496,22.073906],[120.718504,22.073762],[120.718498,22.073756],[120.718499,22.073334],[120.71849,22.072978],[120.718518,22.072513],[120.718496,22.072458],[120.715811,22.072596],[120.715832,22.072828],[120.715855,22.072845],[120.715897,22.073332],[120.715918,22.073624],[120.716356,22.073603],[120.716414,22.074341],[120.718091,22.074427],[120.718091,22.07442],[120.718135,22.074421],[120.71814,22.074406],[120.718163,22.074413],[120.718158,22.07443],[120.718514,22.074448]]]}},{"type":"Feature","properties":{"id":"344adf83f1e2","name":"屏東縣滿州鄉長樂國民小學","level":"國小","basis":"both","data_ym":"202203"},"geometry":{"type":"Polygon","coordinates":[[[120.829255,22.075584],[120.829149,22.074717],[120.828996,22.074661],[120.828968,22.074714],[120.82858,22.074718],[120.828432,22.074676],[120.828403,22.074663],[120.828168,22.075352],[120.828133,22.075469],[120.828718,22.075602],[120.828925,22.075637],[120.829255,22.075584]]]}},{"type":"Feature","properties":{"id":"a53642907437","name":"屏東縣車城鄉車城國民小學","level":"國小","basis":"both","data_ym":"202311"},"geometry":{"type":"Polygon","coordinates":[[[120.716186,22.075778],[120.716319,22.074766],[120.716659,22.074712],[120.716188,22.074247],[120.716212,22.074228],[120.715935,22.07404],[120.715794,22.074004],[120.715342,22.074148],[120.714989,22.074314],[120.714544,22.074571],[120.714461,22.074577],[120.714462,22.074607],[120.714092,22.074629],[120.714015,22.075349],[120.714579,22.075414],[120.715641,22.075516],[120.715691,22.075543],[120.715767,22.0756],[120.715774,22.075607],[120.715769,22.075627],[120.716186,22.075778]]]}},{"type":"Feature","properties":{"id":"75030fd9178f","name":"屏東縣車城鄉車城國民小學溫泉分校","level":"大專","basis":"branch","data_ym":"201709"},"geometry":{"type":"Polygon","coordinates":[[[120.7488,22.095117],[120.748685,22.094997],[120.748135,22.095556],[120.748673,22.096096],[120.748657,22.096164],[120.749067,22.096567],[120.749227,22.096309],[120.749504,22.095889],[120.748777,22.095136],[120.7488,22.095117]]]}},{"type":"Feature","properties":{"id":"f926ac57896f","name":"屏東縣牡丹鄉高士國民小學","level":"國小","basis":"both","data_ym":"201709"},"geometry":{"type":"Polygon","coordinates":[[[120.847173,22.124634],[120.847127,22.124503],[120.847086,22.124453],[120.847014,22.124428],[120.846916,22.124428],[120.846783,22.124474],[120.846508,22.124505],[120.84627,22.124623],[120.846198,22.124633],[120.846087,22.124607],[120.845999,22.124565],[120.845948,22.124655],[120.846108,22.124763],[120.846074,22.124804],[120.846086,22.12498],[120.846012,22.125314],[120.846058,22.125327],[120.845979,22.125681],[120.846411,22.125749],[120.846563,22.125554],[120.847085,22.125154],[120.847084,22.124892],[120.847245,22.124854],[120.847235,22.124648],[120.847173,22.124634]]]}},{"type":"Feature","properties":{"id":"2bfadd413df6","name":"屏東縣牡丹鄉石門國民小學","level":"國小","basis":"both","data_ym":"201709"},"geometry":{"type":"Polygon","coordinates":[[[120.772872,22.126037],[120.773003,22.125762],[120.773163,22.125458],[120.773382,22.125019],[120.773351,22.12498],[120.773276,22.124997],[120.773219,22.124998],[120.77314,22.124979],[120.773041,22.124934],[120.772938,22.124874],[120.772789,22.124916],[120.772675,22.125002],[120.772398,22.125043],[120.772391,22.125008],[120.772282,22.125033],[120.772137,22.125235],[120.771681,22.125925],[120.772,22.125968],[120.772006,22.125951],[120.772074,22.125943],[120.772197,22.125955],[120.772845,22.126047],[120.772854,22.126047],[120.772872,22.126037]]]}},{"type":"Feature","properties":{"id":"8be653f50d8a","name":"屏東縣立牡丹國民中學","level":"國中","basis":"both","data_ym":"201709"},"geometry":{"type":"Polygon","coordinates":[[[120.776819,22.128994],[120.776711,22.128802],[120.776264,22.128846],[120.776164,22.128709],[120.776021,22.128325],[120.775947,22.128155],[120.775892,22.127728],[120.775756,22.127745],[120.775764,22.127783],[120.775702,22.127786],[120.775695,22.127958],[120.77557,22.127955],[120.775499,22.128522],[120.77513,22.128605],[120.774973,22.128675],[120.77499,22.128786],[120.774903,22.128805],[120.775122,22.129778],[120.775276,22.130062],[120.775369,22.130249],[120.776512,22.130034],[120.777154,22.129908],[120.77698,22.129452],[120.776819,22.128994]]]}},{"type":"Feature","properties":{"id":"92414414274f","name":"屏東縣牡丹鄉牡丹國民小學","level":"國小","basis":"both","data_ym":"201709"},"geometry":{"type":"Polygon","coordinates":[[[120.838137,22.176609],[120.838408,22.176468],[120.838495,22.17643],[120.838498,22.176355],[120.838736,22.176234],[120.838744,22.176061],[120.838681,22.17605],[120.838612,22.176025],[120.838348,22.175908],[120.837695,22.175616],[120.837654,22.17559],[120.837576,22.175556],[120.83752,22.175518],[120.837302,22.175909],[120.837376,22.175948],[120.837062,22.176517],[120.8373,22.176633],[120.837324,22.176608],[120.83766,22.176769],[120.837907,22.176858],[120.837974,22.17674],[120.838078,22.176671],[120.838137,22.176609]]]}},{"type":"Feature","properties":{"id":"5da133a2f665","name":"屏東縣獅子鄉楓林國民小學","level":"國小","basis":"both","data_ym":"202203"},"geometry":{"type":"Polygon","coordinates":[[[120.707328,22.200324],[120.707514,22.199894],[120.707708,22.199571],[120.707759,22.199459],[120.707824,22.199331],[120.707734,22.199295],[120.707706,22.19932],[120.707681,22.199335],[120.707656,22.19934],[120.707619,22.199339],[120.707558,22.199322],[120.707288,22.199231],[120.706994,22.199125],[120.706952,22.199183],[120.706873,22.199249],[120.706832,22.199274],[120.706776,22.199322],[120.706744,22.19936],[120.706685,22.199377],[120.706519,22.199361],[120.706419,22.199587],[120.706407,22.199587],[120.706293,22.199833],[120.706233,22.199946],[120.70624,22.199952],[120.70649,22.199951],[120.706532,22.199931],[120.706679,22.199997],[120.70682,22.200125],[120.706871,22.200165],[120.70697,22.200196],[120.707328,22.200324]]]}},{"type":"Feature","properties":{"id":"f9f9fcaafa44","name":"屏東縣獅子鄉丹路國民小學","level":"國小","basis":"both","data_ym":"202203"},"geometry":{"type":"Polygon","coordinates":[[[120.751948,22.204223],[120.75204,22.203825],[120.752148,22.203847],[120.752197,22.203605],[120.752073,22.203577],[120.752098,22.203425],[120.751886,22.203387],[120.751786,22.203363],[120.751366,22.203233],[120.751147,22.203174],[120.751079,22.20317],[120.751,22.20395],[120.750976,22.204096],[120.750968,22.204181],[120.751191,22.204243],[120.751391,22.204288],[120.751364,22.204377],[120.751528,22.204355],[120.751766,22.204284],[120.751948,22.204223]]]}},{"type":"Feature","properties":{"id":"4eae68da6a59","name":"屏東縣立獅子國民中學","level":"國中","basis":"both","data_ym":"202311"},"geometry":{"type":"Polygon","coordinates":[[[120.701057,22.205376],[120.70122,22.205371],[120.701306,22.205378],[120.70137,22.205404],[120.701417,22.205305],[120.70144,22.205237],[120.701434,22.205126],[120.701335,22.204681],[120.701315,22.204673],[120.701392,22.204478],[120.70117,22.204391],[120.701117,22.204366],[120.700932,22.204221],[120.700816,22.204119],[120.700707,22.204014],[120.700453,22.204201],[120.700369,22.204273],[120.700316,22.204377],[120.700284,22.204364],[120.700162,22.204445],[120.700026,22.204611],[120.699923,22.204825],[120.699904,22.204962],[120.699904,22.205092],[120.699931,22.205286],[120.699962,22.205432],[120.699962,22.205512],[120.700272,22.205496],[120.700509,22.205475],[120.700703,22.205475],[120.700745,22.205466],[120.700841,22.205416],[120.701057,22.205376]]]}},{"type":"Feature","properties":{"id":"954152584f21","name":"屏東縣枋山鄉加祿國民小學枋山分校","level":"大專","basis":"branch","data_ym":"201908"},"geometry":{"type":"Polygon","coordinates":[[[120.651996,22.261148],[120.651885,22.260454],[120.650788,22.260512],[120.650815,22.260604],[120.650949,22.261288],[120.651996,22.261148]]]}},{"type":"Feature","properties":{"id":"bfd2c7317ec1","name":"屏東縣獅子鄉內獅國民小學","level":"國小","basis":"both","data_ym":"201009"},"geometry":{"type":"Polygon","coordinates":[[[120.643711,22.304602],[120.64343,22.30446],[120.6431,22.304306],[120.642973,22.304277],[120.642807,22.304553],[120.642696,22.304496],[120.642678,22.30447],[120.642669,22.304467],[120.642631,22.304568],[120.642653,22.304572],[120.642866,22.304667],[120.642727,22.304947],[120.642755,22.304961],[120.642679,22.305173],[120.642943,22.305284],[120.64304,22.30533],[120.6434,22.30544],[120.643711,22.304602]]]}},{"type":"Feature","properties":{"id":"2a050219ae54","name":"屏東縣琉球鄉天南國民小學","level":"國小","basis":"both","data_ym":"202203"},"geometry":{"type":"Polygon","coordinates":[[[120.363639,22.32936],[120.363305,22.329001],[120.363043,22.329178],[120.362548,22.329456],[120.362342,22.32958],[120.362228,22.329643],[120.362625,22.330151],[120.363262,22.330845],[120.363377,22.330611],[120.363464,22.33049],[120.363609,22.330338],[120.363756,22.330225],[120.363909,22.330135],[120.363634,22.329809],[120.363887,22.329669],[120.363639,22.32936]]]}},{"type":"Feature","properties":{"id":"149369235403","name":"屏東縣立琉球國民中學","level":"國中","basis":"both","data_ym":"202203"},"geometry":{"type":"Polygon","coordinates":[[[120.368987,22.337018],[120.369062,22.336957],[120.369074,22.336969],[120.369371,22.336726],[120.368807,22.33605],[120.368873,22.335727],[120.368709,22.335513],[120.368577,22.335304],[120.368916,22.335156],[120.367289,22.333409],[120.367162,22.333494],[120.366499,22.334006],[120.366941,22.334594],[120.366726,22.334798],[120.366929,22.334979],[120.367562,22.335569],[120.367802,22.335781],[120.368157,22.336128],[120.368228,22.336198],[120.368309,22.336293],[120.368456,22.336472],[120.36863,22.336673],[120.368669,22.336729],[120.368758,22.336697],[120.36894,22.336962],[120.368987,22.337018]]]}},{"type":"Feature","properties":{"id":"f90788a69362","name":"屏東縣琉球鄉琉球國民小學","level":"國小","basis":"both","data_ym":"202203"},"geometry":{"type":"Polygon","coordinates":[[[120.36921,22.338337],[120.369479,22.338134],[120.369576,22.338146],[120.369459,22.337968],[120.369249,22.337674],[120.36897,22.337321],[120.368624,22.336846],[120.36827,22.336408],[120.368123,22.336238],[120.367922,22.336047],[120.36791,22.336052],[120.367865,22.336086],[120.367714,22.336205],[120.367689,22.336178],[120.367593,22.336251],[120.367341,22.336457],[120.367884,22.337047],[120.367926,22.337183],[120.36802,22.337418],[120.368059,22.337529],[120.3685,22.337953],[120.369124,22.338448],[120.369189,22.338386],[120.369176,22.338368],[120.36921,22.338337]]]}},{"type":"Feature","properties":{"id":"7b9bb85f55b6","name":"屏東縣春日鄉古華國民小學","level":"國小","basis":"both","data_ym":"201009"},"geometry":{"type":"Polygon","coordinates":[[[120.626153,22.361222],[120.626357,22.360795],[120.626341,22.360787],[120.626474,22.360534],[120.626459,22.360306],[120.625507,22.360435],[120.625608,22.361023],[120.625717,22.361018],[120.625713,22.361366],[120.62572,22.361701],[120.625494,22.361728],[120.625523,22.361757],[120.625656,22.361933],[120.625662,22.361935],[120.625754,22.361889],[120.62579,22.361866],[120.625885,22.361771],[120.62594,22.361683],[120.626153,22.361222]]]}},{"type":"Feature","properties":{"id":"0610b7f99892","name":"屏東縣枋寮鄉僑德國民小學","level":"國小","basis":"both","data_ym":"202107"},"geometry":{"type":"Polygon","coordinates":[[[120.601562,22.362584],[120.60008,22.362055],[120.599753,22.362487],[120.599643,22.362612],[120.599484,22.362823],[120.599514,22.362829],[120.599469,22.362963],[120.599344,22.363008],[120.598958,22.363517],[120.599455,22.363638],[120.599438,22.363713],[120.59954,22.363726],[120.599674,22.36376],[120.599818,22.363804],[120.599843,22.363817],[120.599953,22.363894],[120.600061,22.363928],[120.600084,22.363963],[120.60017,22.364011],[120.600167,22.364017],[120.600288,22.364114],[120.600433,22.364173],[120.600788,22.363675],[120.601542,22.362637],[120.601557,22.362614],[120.601562,22.362584]]]}},{"type":"Feature","properties":{"id":"74bc06774008","name":"屏東縣春日鄉古華國民小學士文分校","level":"大專","basis":"branch","data_ym":"201509"},"geometry":{"type":"Polygon","coordinates":[[[120.663926,22.36897],[120.663967,22.368907],[120.664006,22.368824],[120.664057,22.368693],[120.664073,22.368629],[120.664013,22.368627],[120.663743,22.368485],[120.663662,22.368355],[120.663663,22.368337],[120.663636,22.368281],[120.663585,22.368208],[120.663552,22.368106],[120.66354,22.368133],[120.663542,22.368184],[120.663527,22.36827],[120.663526,22.368364],[120.663531,22.368409],[120.663538,22.368431],[120.663563,22.36847],[120.663574,22.368503],[120.663563,22.368546],[120.663524,22.368633],[120.663467,22.368793],[120.663436,22.368865],[120.663384,22.36894],[120.663374,22.368965],[120.663338,22.368952],[120.663299,22.369156],[120.663367,22.369172],[120.663413,22.369214],[120.663502,22.369238],[120.663543,22.369238],[120.663643,22.36926],[120.663691,22.36918],[120.663722,22.369145],[120.663816,22.369077],[120.663852,22.369047],[120.663926,22.36897]]]}},{"type":"Feature","properties":{"id":"ba168c990b8c","name":"屏東縣枋寮鄉枋寮國民小學","level":"國小","basis":"both","data_ym":"202107"},"geometry":{"type":"Polygon","coordinates":[[[120.589645,22.369511],[120.589773,22.369267],[120.589841,22.369181],[120.589902,22.369111],[120.590031,22.368979],[120.59009,22.368924],[120.590503,22.368632],[120.591059,22.368199],[120.591048,22.368171],[120.591061,22.368165],[120.591051,22.368115],[120.591047,22.368031],[120.591053,22.367954],[120.591064,22.367901],[120.591086,22.36784],[120.591109,22.367799],[120.591213,22.367697],[120.591219,22.367687],[120.591222,22.367669],[120.591146,22.367578],[120.591151,22.367574],[120.59112,22.367541],[120.591103,22.367556],[120.591048,22.367492],[120.591038,22.367461],[120.590767,22.367219],[120.59074,22.36721],[120.590713,22.367211],[120.590702,22.367202],[120.590655,22.367245],[120.590665,22.367254],[120.590634,22.367281],[120.590626,22.367272],[120.590557,22.367335],[120.590564,22.367341],[120.590506,22.367393],[120.589978,22.367899],[120.589585,22.368291],[120.589584,22.368323],[120.589504,22.368419],[120.588962,22.368928],[120.589351,22.36926],[120.589358,22.369254],[120.589402,22.369292],[120.589396,22.369299],[120.589645,22.369511]]]}},{"type":"Feature","properties":{"id":"8bf5ecdd638a","name":"屏東縣春日鄉春日國民小學","level":"國小","basis":"both","data_ym":"201009"},"geometry":{"type":"Polygon","coordinates":[[[120.62813,22.369473],[120.628078,22.368991],[120.628052,22.368919],[120.628017,22.368872],[120.627803,22.368802],[120.627716,22.368822],[120.627632,22.368868],[120.627602,22.368879],[120.627523,22.368886],[120.627483,22.368906],[120.627456,22.368943],[120.627427,22.369044],[120.627414,22.369076],[120.627386,22.369094],[120.627253,22.36914],[120.627175,22.369151],[120.62709,22.369141],[120.627007,22.369202],[120.626898,22.369432],[120.626881,22.369524],[120.626826,22.369595],[120.626728,22.369664],[120.626661,22.369876],[120.626639,22.369933],[120.62663,22.369947],[120.626596,22.36997],[120.626439,22.370028],[120.626423,22.370037],[120.626399,22.370071],[120.626269,22.370436],[120.62626,22.370537],[120.626302,22.370543],[120.626303,22.370561],[120.62631,22.370564],[120.626584,22.370606],[120.626742,22.370643],[120.626869,22.370723],[120.627194,22.370835],[120.627216,22.370837],[120.627223,22.370833],[120.627247,22.370764],[120.627288,22.370603],[120.62737,22.370411],[120.627454,22.370232],[120.62749,22.370181],[120.627587,22.370076],[120.62776,22.369944],[120.627796,22.369905],[120.627846,22.369839],[120.62787,22.369791],[120.627889,22.369731],[120.627912,22.369682],[120.627957,22.369629],[120.627975,22.369611],[120.628,22.369597],[120.62809,22.369567],[120.62812,22.369542],[120.62813,22.369473]]]}},{"type":"Feature","properties":{"id":"7f415545bd17","name":"屏東縣立枋寮高級中學","level":"高中職","basis":"both","data_ym":"202311"},"geometry":{"type":"Polygon","coordinates":[[[120.59084,22.37382],[120.591215,22.373333],[120.591563,22.372913],[120.591778,22.372633],[120.591215,22.370868],[120.591222,22.370866],[120.591196,22.370792],[120.591191,22.370793],[120.591046,22.370323],[120.590956,22.370365],[120.590954,22.370361],[120.590938,22.370367],[120.590922,22.370355],[120.590898,22.370354],[120.590884,22.370367],[120.590878,22.370391],[120.590861,22.370399],[120.590866,22.370408],[120.590435,22.370614],[120.590386,22.370546],[120.590192,22.370704],[120.590158,22.370657],[120.590084,22.370709],[120.590111,22.370748],[120.590174,22.370954],[120.590171,22.370955],[120.590197,22.371043],[120.590201,22.371042],[120.590218,22.371097],[120.590213,22.371098],[120.590237,22.371176],[120.590242,22.371174],[120.590514,22.372067],[120.590496,22.372103],[120.58951,22.37298],[120.589668,22.373171],[120.589665,22.373181],[120.589819,22.373334],[120.589857,22.373365],[120.589927,22.37344],[120.590281,22.37338],[120.590425,22.37389],[120.590492,22.373919],[120.590585,22.374116],[120.59084,22.37382]]]}},{"type":"Feature","properties":{"id":"92f92557e1f6","name":"屏東縣枋寮鄉東海國民小學","level":"國小","basis":"both","data_ym":"201009"},"geometry":{"type":"Polygon","coordinates":[[[120.577495,22.401257],[120.576289,22.40116],[120.576287,22.401443],[120.576317,22.401821],[120.577024,22.401865],[120.577023,22.401914],[120.577381,22.401935],[120.577368,22.402074],[120.577824,22.402124],[120.577994,22.40215],[120.578149,22.402155],[120.578172,22.402145],[120.57818,22.402134],[120.578193,22.402096],[120.578264,22.40166],[120.578265,22.401647],[120.578258,22.401627],[120.577847,22.401345],[120.577812,22.401324],[120.577774,22.401309],[120.577701,22.401286],[120.577642,22.401276],[120.577495,22.401257]]]}},{"type":"Feature","properties":{"id":"1aa1c9aa91b6","name":"國立佳冬高級農業職業學校","level":"高中職","basis":"name","data_ym":"202311"},"geometry":{"type":"Polygon","coordinates":[[[120.566156,22.414053],[120.565772,22.411917],[120.565628,22.411211],[120.565295,22.411277],[120.564984,22.411346],[120.564759,22.411426],[120.564566,22.411528],[120.564533,22.411537],[120.564267,22.41154],[120.563897,22.411555],[120.563969,22.412684],[120.563964,22.412722],[120.563958,22.412725],[120.563296,22.412761],[120.563204,22.412756],[120.562978,22.412757],[120.562965,22.41275],[120.562937,22.413138],[120.562929,22.413157],[120.562913,22.413443],[120.562906,22.413712],[120.562889,22.413953],[120.562892,22.41423],[120.56292,22.414382],[120.562918,22.414645],[120.563127,22.414674],[120.563703,22.414791],[120.563917,22.4148],[120.56398,22.414808],[120.564133,22.414856],[120.564235,22.414922],[120.565526,22.415061],[120.566352,22.415145],[120.56625,22.41454],[120.566156,22.414053]]]}},{"type":"Feature","properties":{"id":"ce14b5357b49","name":"屏東縣佳冬鄉佳冬國民小學","level":"國小","basis":"both","data_ym":"201609"},"geometry":{"type":"Polygon","coordinates":[[[120.553003,22.423329],[120.553084,22.422399],[120.553183,22.421547],[120.552572,22.421509],[120.551972,22.421451],[120.551925,22.421482],[120.551826,22.421475],[120.551771,22.421429],[120.551239,22.421385],[120.551177,22.421952],[120.551141,22.42195],[120.551132,22.422043],[120.551164,22.422046],[120.551045,22.42315],[120.552976,22.423331],[120.553003,22.423329]]]}},{"type":"Feature","properties":{"id":"474a4b72cc25","name":"屏東縣佳冬鄉玉光國民小學","level":"國小","basis":"both","data_ym":"201908"},"geometry":{"type":"Polygon","coordinates":[[[120.566348,22.426677],[120.566371,22.42595],[120.566195,22.425949],[120.566193,22.42598],[120.565816,22.425976],[120.565814,22.426105],[120.565726,22.426103],[120.565723,22.426194],[120.565105,22.426189],[120.565105,22.426244],[120.56471,22.426236],[120.564633,22.426241],[120.564629,22.42625],[120.564629,22.426803],[120.564556,22.426802],[120.564552,22.426868],[120.564533,22.427008],[120.564534,22.427046],[120.564512,22.427325],[120.566208,22.427349],[120.566348,22.426677]]]}},{"type":"Feature","properties":{"id":"e1a32d9cb9f7","name":"屏東縣春日鄉力里國民小學","level":"國小","basis":"both","data_ym":"201711"},"geometry":{"type":"Polygon","coordinates":[[[120.629339,22.427691],[120.62922,22.427634],[120.628839,22.427473],[120.628682,22.427435],[120.628387,22.427386],[120.628366,22.42752],[120.628191,22.427495],[120.628158,22.427663],[120.628052,22.427642],[120.627974,22.42802],[120.628736,22.428205],[120.628903,22.428265],[120.628956,22.428272],[120.629111,22.428252],[120.629221,22.428219],[120.629267,22.428196],[120.62931,22.42816],[120.629339,22.428109],[120.629392,22.427822],[120.629392,22.427799],[120.62939,22.427771],[120.629383,22.427743],[120.629356,22.427705],[120.629339,22.427691]]]}},{"type":"Feature","properties":{"id":"5ee72f3eccdb","name":"屏東縣立佳冬國民中學","level":"國中","basis":"both","data_ym":"201908"},"geometry":{"type":"Polygon","coordinates":[[[120.566348,22.426677],[120.566208,22.427349],[120.566197,22.427899],[120.566177,22.428371],[120.56615,22.428828],[120.566154,22.428842],[120.566168,22.428863],[120.566195,22.428878],[120.566767,22.428953],[120.566798,22.428963],[120.566828,22.428984],[120.566877,22.429039],[120.566897,22.429054],[120.566958,22.429089],[120.566973,22.429091],[120.566985,22.429089],[120.567006,22.429075],[120.567189,22.428762],[120.567243,22.428764],[120.56735,22.428593],[120.567745,22.428602],[120.567809,22.428432],[120.568217,22.428519],[120.568688,22.428614],[120.568457,22.428219],[120.568437,22.428178],[120.568432,22.428142],[120.568434,22.428117],[120.568467,22.427976],[120.568466,22.427948],[120.56846,22.427929],[120.568445,22.427903],[120.568426,22.427881],[120.567961,22.427612],[120.56795,22.4276],[120.567941,22.427574],[120.567944,22.427553],[120.568483,22.426717],[120.566348,22.426677]]]}},{"type":"Feature","properties":{"id":"0ab6bdf9dd13","name":"屏東縣來義鄉南和國民小學","level":"國小","basis":"both","data_ym":"201908"},"geometry":{"type":"Polygon","coordinates":[[[120.643264,22.436535],[120.643319,22.436402],[120.64334,22.436411],[120.643748,22.436168],[120.643586,22.435837],[120.643335,22.435362],[120.643088,22.435255],[120.642329,22.434964],[120.642258,22.43494],[120.642212,22.434939],[120.642177,22.435021],[120.642079,22.435286],[120.642249,22.435341],[120.642112,22.435653],[120.642078,22.43564],[120.641956,22.435902],[120.64191,22.436011],[120.643264,22.436535]]]}},{"type":"Feature","properties":{"id":"9e7b9eb18c84","name":"屏東縣佳冬鄉昌隆國民小學","level":"國小","basis":"both","data_ym":"201009"},"geometry":{"type":"Polygon","coordinates":[[[120.561168,22.446558],[120.561271,22.446177],[120.561052,22.446126],[120.561065,22.446059],[120.561004,22.446],[120.560972,22.446029],[120.560918,22.445976],[120.560953,22.445945],[120.560701,22.445682],[120.56067,22.445699],[120.560651,22.445704],[120.560597,22.445704],[120.560539,22.445691],[120.560475,22.445921],[120.560125,22.445847],[120.56004,22.446219],[120.559639,22.446122],[120.559611,22.446595],[120.559622,22.446637],[120.559642,22.446658],[120.559672,22.446669],[120.559944,22.446726],[120.559957,22.446745],[120.559958,22.446758],[120.559952,22.446814],[120.55997,22.44684],[120.55999,22.446859],[120.560022,22.446872],[120.561025,22.447117],[120.561168,22.446558]]]}},{"type":"Feature","properties":{"id":"f68f6d6b42a1","name":"屏東縣來義鄉望嘉國民小學","level":"國小","basis":"both","data_ym":"201711"},"geometry":{"type":"Polygon","coordinates":[[[120.62312,22.462643],[120.62312,22.462591],[120.623141,22.46248],[120.623178,22.462383],[120.623138,22.46236],[120.622956,22.462349],[120.622779,22.462468],[120.622695,22.462513],[120.622598,22.462537],[120.62245,22.462529],[120.622297,22.462473],[120.622245,22.462634],[120.622378,22.462633],[120.622386,22.462692],[120.622152,22.462725],[120.62213,22.462735],[120.622193,22.463148],[120.622248,22.463185],[120.622283,22.463214],[120.622295,22.463243],[120.622293,22.463279],[120.622265,22.463328],[120.622301,22.463438],[120.622439,22.463482],[120.622593,22.463469],[120.62269,22.463411],[120.62321,22.46316],[120.623218,22.463067],[120.62314,22.462833],[120.623132,22.462727],[120.62312,22.462643]]]}},{"type":"Feature","properties":{"id":"cb05a546cb93","name":"屏東縣林邊鄉竹林國民小學","level":"國小","basis":"both","data_ym":"201709"},"geometry":{"type":"Polygon","coordinates":[[[120.533774,22.46332],[120.533283,22.463051],[120.533068,22.462981],[120.533014,22.463138],[120.532976,22.463124],[120.532973,22.463177],[120.532959,22.463248],[120.532926,22.46334],[120.5328,22.46359],[120.532618,22.463979],[120.532659,22.464035],[120.533056,22.464131],[120.533171,22.464177],[120.533163,22.464196],[120.533586,22.464431],[120.53368,22.464175],[120.533948,22.463387],[120.533774,22.46332]]]}},{"type":"Feature","properties":{"id":"42720565e6dc","name":"屏東縣新埤鄉新埤國民小學","level":"國小","basis":"both","data_ym":"201709"},"geometry":{"type":"Polygon","coordinates":[[[120.551589,22.471536],[120.551622,22.471236],[120.551878,22.471247],[120.551881,22.471077],[120.551753,22.470819],[120.551684,22.470689],[120.551664,22.47069],[120.551603,22.470576],[120.551616,22.470561],[120.551466,22.470277],[120.550409,22.470228],[120.550403,22.470363],[120.550312,22.470358],[120.550256,22.471179],[120.550223,22.471178],[120.550205,22.471479],[120.551589,22.471536]]]}},{"type":"Feature","properties":{"id":"7f72b92cae80","name":"屏東縣立新埤國民中學","level":"國中","basis":"both","data_ym":"202107"},"geometry":{"type":"Polygon","coordinates":[[[120.568222,22.485049],[120.568642,22.484072],[120.568615,22.484061],[120.568775,22.483824],[120.568405,22.483462],[120.568367,22.483409],[120.568358,22.48337],[120.568155,22.483331],[120.568005,22.483289],[120.567688,22.483189],[120.567107,22.482996],[120.566908,22.482952],[120.566464,22.482797],[120.566281,22.482738],[120.566222,22.482709],[120.56618,22.48267],[120.566168,22.482628],[120.566157,22.482545],[120.566147,22.482524],[120.566111,22.482496],[120.566033,22.482459],[120.565933,22.482457],[120.565865,22.482451],[120.565835,22.48244],[120.565719,22.482357],[120.565724,22.482759],[120.565556,22.48312],[120.565449,22.483079],[120.565385,22.483211],[120.564984,22.483442],[120.564981,22.483518],[120.564997,22.483567],[120.564991,22.483563],[120.564994,22.483578],[120.564864,22.483891],[120.565443,22.484119],[120.565828,22.484262],[120.566383,22.484442],[120.566479,22.484477],[120.56657,22.484517],[120.566817,22.484642],[120.567527,22.484956],[120.56758,22.484977],[120.567689,22.485003],[120.567995,22.485059],[120.568065,22.485067],[120.568123,22.485066],[120.568222,22.485049]]]}},{"type":"Feature","properties":{"id":"36ccf6d4a2c8","name":"屏東縣來義鄉文樂國民小學","level":"國小","basis":"both","data_ym":"202311"},"geometry":{"type":"Polygon","coordinates":[[[120.623767,22.493373],[120.623994,22.493295],[120.624058,22.49328],[120.624251,22.493218],[120.624235,22.493111],[120.624188,22.492896],[120.62419,22.492871],[120.624208,22.492811],[120.624088,22.492758],[120.62401,22.492706],[120.624013,22.492702],[120.623951,22.492658],[120.623869,22.492609],[120.623747,22.492566],[120.623502,22.492518],[120.623479,22.492563],[120.623457,22.492594],[120.623411,22.492643],[120.623312,22.492729],[120.623211,22.492797],[120.623129,22.492837],[120.622976,22.492897],[120.622787,22.492948],[120.622823,22.493099],[120.622832,22.493333],[120.622844,22.493416],[120.623276,22.493363],[120.623459,22.493375],[120.623551,22.493404],[120.623593,22.493463],[120.623707,22.493407],[120.623704,22.493401],[120.623767,22.493373]]]}},{"type":"Feature","properties":{"id":"aaf3e3bac3ab","name":"屏東縣新埤鄉大成國民小學","level":"國小","basis":"both","data_ym":"201709"},"geometry":{"type":"Polygon","coordinates":[[[120.550666,22.494777],[120.549752,22.494545],[120.549792,22.494954],[120.549778,22.495108],[120.549773,22.495445],[120.549845,22.495493],[120.549894,22.4955],[120.549976,22.495523],[120.549977,22.495595],[120.55013,22.495731],[120.550517,22.496109],[120.550623,22.496089],[120.550788,22.496073],[120.55075,22.495828],[120.550718,22.495661],[120.550663,22.495139],[120.550659,22.495011],[120.550666,22.494777]]]}},{"type":"Feature","properties":{"id":"6602769d4a8c","name":"屏東縣新埤鄉萬隆國民小學","level":"國小","basis":"both","data_ym":"202311"},"geometry":{"type":"Polygon","coordinates":[[[120.588175,22.508521],[120.588468,22.507462],[120.588416,22.507416],[120.588329,22.507405],[120.588207,22.507381],[120.588147,22.507435],[120.587706,22.507389],[120.587618,22.507383],[120.587561,22.507561],[120.587601,22.507562],[120.587601,22.507601],[120.587587,22.507598],[120.587587,22.507628],[120.587555,22.507628],[120.587529,22.507662],[120.587368,22.508214],[120.587363,22.508217],[120.587473,22.50825],[120.587497,22.508312],[120.588175,22.508521]]]}},{"type":"Feature","properties":{"id":"5696b3b27e60","name":"屏東縣潮州鎮潮東國民小學","level":"國小","basis":"both","data_ym":"202311"},"geometry":{"type":"Polygon","coordinates":[[[120.561064,22.522179],[120.56074,22.522079],[120.560034,22.523197],[120.561418,22.523249],[120.561445,22.523217],[120.561478,22.52319],[120.561513,22.523168],[120.561573,22.523144],[120.561583,22.522857],[120.561441,22.522857],[120.561397,22.522448],[120.56141,22.522447],[120.561419,22.52233],[120.561408,22.522275],[120.561064,22.522179]]]}},{"type":"Feature","properties":{"id":"b677d6832b6f","name":"屏東縣立來義高級中學1","level":"高中職","basis":"both","data_ym":"202311"},"geometry":{"type":"Polygon","coordinates":[[[120.630271,22.524674],[120.630881,22.524479],[120.631265,22.524366],[120.63128,22.524332],[120.630257,22.523894],[120.628666,22.523195],[120.628553,22.523141],[120.628531,22.523143],[120.628521,22.523154],[120.628322,22.523465],[120.62854,22.524048],[120.628584,22.524179],[120.628671,22.524387],[120.629007,22.525294],[120.629977,22.52499],[120.629909,22.524784],[120.630271,22.524674]]]}},{"type":"Feature","properties":{"id":"ff20a14fd41c","name":"屏東縣立來義高級中學","level":"高中職","basis":"both","data_ym":"201711"},"geometry":{"type":"Polygon","coordinates":[[[120.629692,22.526111],[120.63032,22.525926],[120.630467,22.525857],[120.630523,22.525818],[120.630967,22.52569],[120.630983,22.525679],[120.631074,22.525585],[120.631118,22.525552],[120.631115,22.525502],[120.630926,22.524963],[120.630545,22.525062],[120.630451,22.525072],[120.630344,22.525051],[120.630319,22.524973],[120.629413,22.525263],[120.629365,22.525322],[120.629226,22.525355],[120.629196,22.525328],[120.628814,22.525439],[120.628782,22.525479],[120.628907,22.52611],[120.628985,22.526097],[120.62902,22.526144],[120.629052,22.52629],[120.629099,22.52628],[120.629423,22.526184],[120.629692,22.526111]]]}},{"type":"Feature","properties":{"id":"aaad982259b4","name":"屏東縣來義鄉來義國民小學","level":"國小","basis":"both","data_ym":"201009"},"geometry":{"type":"Polygon","coordinates":[[[120.649924,22.527207],[120.649717,22.527098],[120.648295,22.527602],[120.648182,22.52766],[120.64791,22.52782],[120.647881,22.527841],[120.648372,22.528616],[120.648382,22.528607],[120.649317,22.528094],[120.649954,22.527763],[120.649943,22.527732],[120.650364,22.527502],[120.650364,22.527497],[120.650296,22.527454],[120.650202,22.527399],[120.649985,22.527244],[120.649924,22.527207]]]}},{"type":"Feature","properties":{"id":"7e7a2dbaea37","name":"屏東縣來義鄉古樓國民小學","level":"國小","basis":"both","data_ym":"201009"},"geometry":{"type":"Polygon","coordinates":[[[120.627486,22.528896],[120.627589,22.528828],[120.627592,22.528831],[120.627624,22.52881],[120.627667,22.528768],[120.62771,22.528747],[120.627777,22.528729],[120.627814,22.528762],[120.627899,22.52872],[120.627976,22.528671],[120.628002,22.528644],[120.627927,22.528578],[120.627885,22.528524],[120.627841,22.528479],[120.627733,22.528383],[120.627685,22.528335],[120.627741,22.528278],[120.627769,22.528256],[120.627795,22.528226],[120.627804,22.528203],[120.627782,22.528136],[120.627932,22.528011],[120.627976,22.527962],[120.628029,22.527891],[120.628062,22.527837],[120.628087,22.527774],[120.627811,22.527819],[120.627743,22.527822],[120.627669,22.527792],[120.627591,22.527754],[120.627479,22.527717],[120.627334,22.527683],[120.627267,22.527657],[120.627224,22.527629],[120.627181,22.527592],[120.627152,22.527592],[120.62669,22.527818],[120.626683,22.527841],[120.626693,22.527898],[120.626709,22.527932],[120.626855,22.528106],[120.626885,22.528154],[120.626911,22.528223],[120.626927,22.528319],[120.626938,22.528356],[120.626984,22.52845],[120.627033,22.528536],[120.627122,22.528628],[120.627169,22.528661],[120.627247,22.528708],[120.627355,22.528801],[120.627486,22.528896]]]}},{"type":"Feature","properties":{"id":"3742bef52b08","name":"屏東縣潮州鎮四林國民小學","level":"國小","basis":"both","data_ym":"202107"},"geometry":{"type":"Polygon","coordinates":[[[120.569543,22.543885],[120.569484,22.543859],[120.569452,22.543966],[120.569443,22.544012],[120.569447,22.544073],[120.569491,22.544334],[120.569494,22.544399],[120.569428,22.544762],[120.569413,22.544828],[120.569314,22.545097],[120.569293,22.545146],[120.569309,22.545153],[120.569321,22.545175],[120.569335,22.545263],[120.569327,22.545277],[120.5693,22.545298],[120.569264,22.545313],[120.569269,22.545531],[120.569374,22.545923],[120.569725,22.546017],[120.569999,22.546096],[120.570016,22.546049],[120.570038,22.546016],[120.570297,22.545689],[120.570479,22.545469],[120.570655,22.545207],[120.570793,22.545014],[120.571092,22.544784],[120.571136,22.544689],[120.571104,22.544668],[120.571004,22.544633],[120.570863,22.544526],[120.570466,22.544201],[120.57021,22.544106],[120.569733,22.543943],[120.569543,22.543885]]]}},{"type":"Feature","properties":{"id":"5311be7311b0","name":"屏東縣泰武鄉武潭國民小學平和分校","level":"大專","basis":"branch","data_ym":"201711"},"geometry":{"type":"Polygon","coordinates":[[[120.632069,22.554678],[120.632096,22.554655],[120.632111,22.554661],[120.632119,22.554676],[120.632123,22.554715],[120.632135,22.554746],[120.632268,22.554749],[120.632309,22.554722],[120.632327,22.554658],[120.632292,22.554532],[120.632298,22.554509],[120.63222,22.554423],[120.632142,22.554355],[120.632002,22.554223],[120.631963,22.554161],[120.631954,22.554117],[120.631954,22.554057],[120.631967,22.553956],[120.631957,22.553891],[120.631641,22.553841],[120.631446,22.553806],[120.631106,22.553765],[120.631024,22.554205],[120.631424,22.554301],[120.631421,22.554367],[120.631455,22.554607],[120.631564,22.554706],[120.631641,22.554766],[120.63174,22.554804],[120.631881,22.554805],[120.63196,22.554784],[120.63202,22.554739],[120.632069,22.554678]]]}},{"type":"Feature","properties":{"id":"e066e2a16587","name":"屏東縣立萬巒國民中學","level":"國中","basis":"both","data_ym":"201510"},"geometry":{"type":"Polygon","coordinates":[[[120.576437,22.571199],[120.57612,22.569398],[120.575377,22.569444],[120.575188,22.569373],[120.575094,22.569391],[120.575024,22.569437],[120.574931,22.569519],[120.574612,22.56982],[120.574513,22.569885],[120.574001,22.570168],[120.573425,22.570553],[120.573593,22.57132],[120.573655,22.571649],[120.576041,22.571257],[120.576437,22.571199]]]}},{"type":"Feature","properties":{"id":"e9340bedc9be","name":"屏東縣萬巒鄉佳佐國民小學","level":"國小","basis":"both","data_ym":"202107"},"geometry":{"type":"Polygon","coordinates":[[[120.596136,22.570706],[120.596127,22.570534],[120.596129,22.570429],[120.595804,22.570412],[120.595569,22.570394],[120.595313,22.570419],[120.59515,22.570451],[120.595153,22.570637],[120.594895,22.57066],[120.594678,22.570686],[120.594218,22.57067],[120.594217,22.570641],[120.594209,22.570641],[120.594209,22.570648],[120.594141,22.570649],[120.594141,22.570643],[120.594073,22.570644],[120.59425,22.570997],[120.594497,22.571529],[120.594693,22.571985],[120.595203,22.572185],[120.595466,22.572188],[120.595539,22.572314],[120.595751,22.572374],[120.595768,22.572299],[120.595783,22.571913],[120.595794,22.571821],[120.595806,22.571768],[120.595854,22.571629],[120.595903,22.571522],[120.59595,22.571454],[120.596068,22.571333],[120.596065,22.571284],[120.596082,22.571214],[120.59614,22.571132],[120.596169,22.571074],[120.596179,22.571036],[120.596179,22.571002],[120.596136,22.570706]]]}},{"type":"Feature","properties":{"id":"24476857d297","name":"屏東縣萬巒鄉萬巒國民小學","level":"國小","basis":"both","data_ym":"202311"},"geometry":{"type":"Polygon","coordinates":[[[120.573855,22.573002],[120.573915,22.572976],[120.573919,22.572965],[120.574049,22.572835],[120.574103,22.572739],[120.574132,22.572675],[120.574001,22.571961],[120.573565,22.572034],[120.573522,22.571811],[120.571932,22.572065],[120.571694,22.57216],[120.57177,22.572348],[120.571751,22.572356],[120.571779,22.572421],[120.571768,22.572425],[120.571933,22.572805],[120.572058,22.573072],[120.572289,22.572988],[120.572912,22.572785],[120.572948,22.572867],[120.573015,22.57299],[120.573024,22.572984],[120.573062,22.573054],[120.573076,22.573128],[120.573867,22.573024],[120.573855,22.573002]]]}},{"type":"Feature","properties":{"id":"7226bb579508","name":"屏東縣泰武鄉武潭國民小學","level":"國小","basis":"both","data_ym":"202311"},"geometry":{"type":"Polygon","coordinates":[[[120.634443,22.578645],[120.634564,22.578569],[120.634796,22.578573],[120.634805,22.578508],[120.634933,22.57852],[120.634949,22.578401],[120.635024,22.578099],[120.634985,22.57809],[120.634995,22.578049],[120.634967,22.578044],[120.63496,22.577861],[120.634713,22.577853],[120.634629,22.577855],[120.634504,22.577866],[120.634383,22.57789],[120.634286,22.577921],[120.634229,22.577945],[120.634209,22.577961],[120.634134,22.578046],[120.634069,22.578146],[120.633942,22.578245],[120.633756,22.578419],[120.633752,22.578427],[120.633826,22.578441],[120.634443,22.578645]]]}},{"type":"Feature","properties":{"id":"3bcc73d131c7","name":"國立東華大學屏東校區","level":"大專","basis":"branch","data_ym":"202508"},"geometry":{"type":"Polygon","coordinates":[[[120.69978,22.054415],[120.700058,22.054305],[120.700413,22.054358],[120.700813,22.054401],[120.701144,22.054311],[120.701297,22.054141],[120.701308,22.053958],[120.7012,22.053919],[120.699904,22.053318],[120.699705,22.053236],[120.699465,22.053119],[120.699365,22.05306],[120.699288,22.052984],[120.699223,22.052868],[120.698975,22.052232],[120.698928,22.052093],[120.698913,22.052033],[120.698905,22.05192],[120.698905,22.051581],[120.6989,22.051451],[120.698896,22.050653],[120.698903,22.049752],[120.698477,22.049757],[120.698471,22.049738],[120.698367,22.049652],[120.698327,22.049639],[120.697995,22.049638],[120.697975,22.049647],[120.697935,22.049696],[120.697858,22.049701],[120.697411,22.049689],[120.697379,22.050706],[120.696681,22.050831],[120.696364,22.051183],[120.696278,22.05151],[120.696337,22.051663],[120.696488,22.051768],[120.696871,22.051937],[120.697328,22.051999],[120.697503,22.052331],[120.69757,22.052428],[120.697632,22.052475],[120.698015,22.05268],[120.698053,22.052729],[120.698163,22.053109],[120.698216,22.053248],[120.698275,22.053356],[120.698488,22.053558],[120.698559,22.053592],[120.698896,22.053863],[120.699363,22.054045],[120.699284,22.054217],[120.69978,22.054415]]]}},{"type":"Feature","properties":{"id":"ba82a5fc1c29","name":"國立屏東大學車城校區","level":"大專","basis":"branch","data_ym":"202508"},"geometry":{"type":"Polygon","coordinates":[[[120.767246,22.068849],[120.766667,22.0688],[120.766609,22.068862],[120.765837,22.069221],[120.765372,22.069447],[120.765215,22.069453],[120.765222,22.069526],[120.765419,22.070034],[120.765419,22.070125],[120.765531,22.070306],[120.765862,22.07042],[120.766188,22.070473],[120.76639,22.070469],[120.766538,22.070434],[120.766678,22.070428],[120.76694,22.070277],[120.76711,22.06997],[120.767317,22.069712],[120.767143,22.069264],[120.767246,22.068849]]]}},{"type":"Feature","properties":{"id":"0c291920f889","name":"屏東縣九如鄉三多國民小學","level":"國小","basis":"both","data_ym":"202506"},"geometry":{"type":"Polygon","coordinates":[[[120.486052,22.748334],[120.486033,22.74792],[120.485056,22.747952],[120.485076,22.748604],[120.485087,22.748917],[120.48509,22.748924],[120.485698,22.748949],[120.486088,22.748959],[120.48607,22.748507],[120.486052,22.748334]]]}},{"type":"Feature","properties":{"id":"87298261e338","name":"屏東縣立里港國民中學","level":"國中","basis":"both","data_ym":"202506"},"geometry":{"type":"Polygon","coordinates":[[[120.497511,22.771996],[120.49753,22.771927],[120.497763,22.77194],[120.49848,22.771968],[120.498513,22.771625],[120.499138,22.771672],[120.499239,22.770557],[120.49869,22.770515],[120.498566,22.770518],[120.497922,22.770463],[120.497808,22.77046],[120.497032,22.770582],[120.496958,22.770588],[120.496731,22.770592],[120.496733,22.770605],[120.496277,22.770639],[120.49608,22.771107],[120.49605,22.771097],[120.495981,22.771272],[120.495739,22.771791],[120.496521,22.771851],[120.496876,22.771891],[120.497027,22.771894],[120.49745,22.772026],[120.497486,22.772015],[120.497511,22.771996]]]}},{"type":"Feature","properties":{"id":"8380baa98760","name":"屏東縣九如鄉後庄國民小學","level":"國小","basis":"both","data_ym":"201908"},"geometry":{"type":"Polygon","coordinates":[[[120.500042,22.755825],[120.50025,22.755819],[120.50025,22.755825],[120.500353,22.755818],[120.501233,22.755805],[120.50123,22.755562],[120.501557,22.755563],[120.501635,22.755338],[120.501651,22.755328],[120.50187,22.75465],[120.501855,22.754617],[120.501807,22.754574],[120.501798,22.754572],[120.501723,22.754592],[120.501575,22.754623],[120.501278,22.754693],[120.500739,22.754797],[120.500318,22.754884],[120.499962,22.754963],[120.499958,22.754978],[120.500008,22.755491],[120.500033,22.755809],[120.500042,22.755825]]]}},{"type":"Feature","properties":{"id":"b2911213057a","name":"屏東縣里港鄉塔樓國民小學","level":"國小","basis":"both","data_ym":"201801"},"geometry":{"type":"Polygon","coordinates":[[[120.483717,22.765212],[120.483651,22.764964],[120.483568,22.764981],[120.483624,22.765185],[120.483551,22.765155],[120.483072,22.766097],[120.483817,22.766415],[120.484304,22.765458],[120.483717,22.765212]]]}},{"type":"Feature","properties":{"id":"2dbee354fe89","name":"屏東縣里港鄉玉田國民小學","level":"國小","basis":"both","data_ym":"202311"},"geometry":{"type":"Polygon","coordinates":[[[120.491827,22.774328],[120.491846,22.773823],[120.491858,22.77374],[120.49186,22.773469],[120.490028,22.773227],[120.490013,22.773231],[120.490006,22.773246],[120.489894,22.774153],[120.490206,22.774219],[120.49038,22.774266],[120.490536,22.774326],[120.490614,22.774313],[120.490748,22.774324],[120.490767,22.774403],[120.490805,22.774424],[120.490812,22.774459],[120.491112,22.774619],[120.491231,22.774704],[120.491827,22.774328]]]}},{"type":"Feature","properties":{"id":"d231f1117062","name":"屏東縣里港鄉里港國民小學","level":"國小","basis":"both","data_ym":"202311"},"geometry":{"type":"Polygon","coordinates":[[[120.497028,22.781709],[120.49663,22.781448],[120.49646,22.781359],[120.496136,22.781147],[120.496149,22.781099],[120.496041,22.781034],[120.496036,22.781042],[120.495993,22.781014],[120.495998,22.781008],[120.495809,22.780893],[120.495758,22.78085],[120.495543,22.780706],[120.495487,22.780628],[120.495349,22.780587],[120.495341,22.7804],[120.495101,22.780413],[120.494899,22.780451],[120.49487,22.780451],[120.494844,22.780443],[120.494543,22.780206],[120.494441,22.780137],[120.494414,22.780101],[120.494347,22.780047],[120.494408,22.780158],[120.494316,22.780243],[120.494293,22.780372],[120.494265,22.780383],[120.49422,22.780575],[120.49427,22.78066],[120.494247,22.780798],[120.494164,22.780823],[120.494128,22.780986],[120.494154,22.781033],[120.494136,22.78113],[120.49408,22.781199],[120.494197,22.781206],[120.494348,22.781222],[120.494382,22.781236],[120.494405,22.781253],[120.494494,22.781346],[120.494525,22.781397],[120.494549,22.781475],[120.494578,22.781612],[120.494953,22.781608],[120.495152,22.781654],[120.495167,22.781684],[120.495167,22.78173],[120.495213,22.781742],[120.495234,22.781755],[120.495235,22.781826],[120.495434,22.781982],[120.496757,22.782431],[120.497028,22.781709]]]}},{"type":"Feature","properties":{"id":"505f2a34890e","name":"屏東縣里港鄉土庫國民小學","level":"國小","basis":"both","data_ym":"201009"},"geometry":{"type":"Polygon","coordinates":[[[120.493012,22.806261],[120.493029,22.805958],[120.491715,22.806339],[120.491637,22.807687],[120.491724,22.80769],[120.491725,22.807703],[120.492655,22.807757],[120.492653,22.807781],[120.492898,22.807799],[120.493012,22.806261]]]}},{"type":"Feature","properties":{"id":"dc29606b7d59","name":"屏東縣里港鄉三和國民小學","level":"國小","basis":"both","data_ym":"201509"},"geometry":{"type":"Polygon","coordinates":[[[120.506442,22.820653],[120.506552,22.820344],[120.506663,22.820377],[120.506746,22.82016],[120.506788,22.820063],[120.506832,22.819972],[120.506869,22.819914],[120.506812,22.819878],[120.506878,22.819796],[120.506119,22.819134],[120.506112,22.819167],[120.505984,22.819127],[120.50557,22.820092],[120.505539,22.820144],[120.505556,22.820159],[120.505695,22.820229],[120.506209,22.820515],[120.506442,22.820653]]]}}]}