{"type":"FeatureCollection","county":"彰化縣","features":[{"type":"Feature","properties":{"id":"9f6f7ce0f6d9","name":"大葉大學","level":"大專","basis":"both","data_ym":"201706"},"geometry":{"type":"Polygon","coordinates":[[[120.594064,24.003638],[120.594951,24.002102],[120.595631,24.002402],[120.595722,24.002511],[120.595766,24.002647],[120.595933,24.002754],[120.596043,24.002793],[120.596216,24.002793],[120.596494,24.002781],[120.596652,24.002706],[120.59682,24.002589],[120.596877,24.002509],[120.597588,24.00237],[120.597696,24.002238],[120.597798,24.002189],[120.598081,24.002171],[120.598234,24.002208],[120.59855,24.002226],[120.598833,24.002143],[120.599079,24.002019],[120.599204,24.001888],[120.599348,24.001704],[120.599469,24.001472],[120.599534,24.001199],[120.599992,24.000964],[120.600706,24.000584],[120.601024,24.000433],[120.602259,24.000124],[120.603064,23.99997],[120.603517,23.999898],[120.603607,23.999926],[120.603792,24.000048],[120.604131,24.000132],[120.604562,24.000119],[120.604985,24.000075],[120.605404,24.000017],[120.605899,23.999876],[120.605971,23.999818],[120.606088,23.999617],[120.606092,23.999541],[120.606063,23.999323],[120.605933,23.999344],[120.605826,23.999343],[120.605761,23.999334],[120.605751,23.9994],[120.605706,23.99953],[120.60559,23.999505],[120.605565,23.99949],[120.605518,23.999476],[120.605411,23.999492],[120.605101,23.999467],[120.605112,23.999337],[120.604867,23.999144],[120.604414,23.999082],[120.604391,23.99901],[120.604327,23.998947],[120.604257,23.998902],[120.604139,23.998859],[120.604015,23.998826],[120.602929,23.998716],[120.601911,23.998619],[120.60195,23.998119],[120.601475,23.997926],[120.60152,23.997827],[120.601261,23.997737],[120.601114,23.997446],[120.600853,23.997223],[120.600741,23.997222],[120.600586,23.997273],[120.600286,23.997344],[120.600095,23.997361],[120.599989,23.997355],[120.599713,23.997264],[120.599577,23.99744],[120.599583,23.997537],[120.599689,23.99759],[120.599705,23.997676],[120.599728,23.99775],[120.599779,23.997863],[120.599813,23.997876],[120.599883,23.997887],[120.599981,23.997837],[120.60013,23.997784],[120.600195,23.997785],[120.600374,23.997842],[120.600477,23.997916],[120.600503,23.997963],[120.600574,23.998215],[120.600563,23.998275],[120.600457,23.998443],[120.600197,23.998516],[120.600151,23.998578],[120.59994,23.998634],[120.5999,23.998601],[120.599596,23.998577],[120.599332,23.9981],[120.599105,23.998187],[120.599304,23.998512],[120.599314,23.998535],[120.599294,23.998921],[120.599083,23.999071],[120.598325,23.999268],[120.5978,23.999339],[120.597777,23.999371],[120.597414,23.999345],[120.597005,23.999272],[120.596814,23.999267],[120.596567,23.999284],[120.596051,23.999437],[120.595834,23.999547],[120.595229,23.999337],[120.594913,23.99878],[120.594561,23.998979],[120.594556,23.998991],[120.594627,23.999099],[120.594678,23.999193],[120.59452,23.999281],[120.59455,23.999325],[120.594676,23.9996],[120.594843,23.99989],[120.594997,24.000074],[120.595448,24.000387],[120.595311,24.000607],[120.595298,24.000586],[120.595245,24.000539],[120.595002,24.000396],[120.594756,24.000227],[120.594206,23.999806],[120.593113,23.999227],[120.59266,23.999084],[120.590641,23.998414],[120.589741,23.997982],[120.589652,23.99793],[120.58965,23.997919],[120.589658,23.997912],[120.589698,23.997902],[120.589568,23.997851],[120.589551,23.99784],[120.589511,23.997772],[120.589486,23.997664],[120.589413,23.997796],[120.589124,23.998287],[120.589302,23.998339],[120.589663,23.998518],[120.589606,23.998649],[120.58915,23.998534],[120.588995,23.998916],[120.589228,23.998882],[120.589522,23.998926],[120.589695,23.998997],[120.589737,23.999396],[120.58986,23.999725],[120.589761,23.999973],[120.589691,24.00009],[120.589588,24.000177],[120.589327,24.000268],[120.589068,24.000308],[120.588952,24.000334],[120.588588,24.000525],[120.588403,24.000698],[120.588377,24.000771],[120.588386,24.000831],[120.588959,24.001597],[120.589108,24.001743],[120.58933,24.001854],[120.589757,24.002045],[120.590146,24.002259],[120.590638,24.002607],[120.590948,24.002719],[120.591898,24.003232],[120.592378,24.003457],[120.593071,24.00373],[120.593858,24.003735],[120.594064,24.003638]]]}},{"type":"Feature","properties":{"id":"d629631d7d61","name":"法務部矯正署勵志中學","level":"高中職","basis":"name","data_ym":"202412"},"geometry":{"type":"Polygon","coordinates":[[[120.610873,23.876648],[120.610831,23.8761],[120.609419,23.876183],[120.609188,23.87619],[120.6086,23.876245],[120.608322,23.876262],[120.608227,23.876261],[120.608141,23.876254],[120.608058,23.87628],[120.607891,23.876348],[120.607787,23.876507],[120.60777,23.876505],[120.607737,23.876721],[120.607702,23.876804],[120.607688,23.876871],[120.607672,23.876902],[120.607635,23.876933],[120.607755,23.877189],[120.607814,23.877466],[120.608194,23.87902],[120.60822,23.879024],[120.608242,23.879014],[120.610102,23.877599],[120.610493,23.877128],[120.610873,23.876648]]]}},{"type":"Feature","properties":{"id":"9b5928f6347a","name":"建國科技大學","level":"大專","basis":"both","data_ym":"202410"},"geometry":{"type":"Polygon","coordinates":[[[120.553189,24.065434],[120.553156,24.065388],[120.553178,24.065372],[120.55311,24.065301],[120.553054,24.065333],[120.553052,24.06529],[120.55271,24.06525],[120.552355,24.065156],[120.552324,24.065138],[120.552281,24.0651],[120.551965,24.065204],[120.551608,24.065206],[120.550976,24.064938],[120.550585,24.06519],[120.550365,24.06548],[120.550168,24.065702],[120.549999,24.065796],[120.549649,24.065958],[120.549481,24.066021],[120.549178,24.066156],[120.549137,24.066183],[120.549088,24.066123],[120.549038,24.066141],[120.548884,24.066276],[120.54859,24.066638],[120.54866,24.066685],[120.548613,24.066753],[120.548425,24.066574],[120.548313,24.066699],[120.548171,24.066676],[120.548148,24.066807],[120.54829,24.06732],[120.548362,24.067552],[120.54837,24.067635],[120.548434,24.067788],[120.548483,24.067962],[120.54981,24.067932],[120.55091,24.0679],[120.551196,24.067915],[120.551256,24.067926],[120.551429,24.067596],[120.551735,24.067085],[120.551796,24.066896],[120.55205,24.066172],[120.55209,24.066113],[120.552336,24.06587],[120.553034,24.06547],[120.553134,24.065482],[120.553189,24.065434]]]}},{"type":"Feature","properties":{"id":"13d5e2349a24","name":"國立二林高級工商職業學校","level":"高中職","basis":"name","data_ym":"202012"},"geometry":{"type":"Polygon","coordinates":[[[120.378909,23.901599],[120.378841,23.899801],[120.378732,23.899659],[120.378627,23.89958],[120.378566,23.899568],[120.377058,23.899616],[120.377058,23.899633],[120.376872,23.899636],[120.376844,23.899633],[120.375908,23.899664],[120.37573,23.899676],[120.375929,23.900508],[120.376075,23.901171],[120.376144,23.901169],[120.376186,23.901229],[120.376568,23.902795],[120.378121,23.902606],[120.378664,23.90236],[120.378802,23.902239],[120.378865,23.902157],[120.378884,23.902108],[120.378899,23.902043],[120.378911,23.901928],[120.378909,23.901599]]]}},{"type":"Feature","properties":{"id":"369590f33cc1","name":"國立北斗高級家事商業職業學校","level":"高中職","basis":"name","data_ym":"201811"},"geometry":{"type":"Polygon","coordinates":[[[120.522354,23.878212],[120.520964,23.878161],[120.520939,23.878182],[120.521152,23.878708],[120.521456,23.879381],[120.522065,23.880766],[120.52209,23.880799],[120.522178,23.880878],[120.522267,23.880895],[120.522368,23.880879],[120.522771,23.880731],[120.522847,23.880685],[120.522927,23.880622],[120.522994,23.880554],[120.52306,23.880464],[120.523074,23.880413],[120.523444,23.878695],[120.523509,23.878349],[120.523491,23.878288],[120.523468,23.878265],[120.522354,23.878212]]]}},{"type":"Feature","properties":{"id":"733fa5b6f850","name":"國立永靖高級工業職業學校","level":"高中職","basis":"name","data_ym":"202209"},"geometry":{"type":"Polygon","coordinates":[[[120.546328,23.924956],[120.545703,23.92477],[120.545649,23.924907],[120.545337,23.924778],[120.545387,23.924679],[120.544902,23.92454],[120.544146,23.92431],[120.544084,23.924383],[120.544051,23.924463],[120.544114,23.924667],[120.544111,23.924854],[120.544102,23.924874],[120.543449,23.924607],[120.543194,23.925131],[120.543063,23.925416],[120.543198,23.925479],[120.543138,23.925612],[120.543429,23.925748],[120.543778,23.925888],[120.543875,23.925935],[120.543886,23.926047],[120.543929,23.926056],[120.543852,23.926383],[120.543823,23.926485],[120.543759,23.926628],[120.543701,23.92673],[120.545246,23.927379],[120.545956,23.925817],[120.546328,23.924956]]]}},{"type":"Feature","properties":{"id":"4fd9eb4c2167","name":"國立秀水高級工業職業學校","level":"高中職","basis":"name","data_ym":"202006"},"geometry":{"type":"Polygon","coordinates":[[[120.499753,24.036706],[120.499877,24.036374],[120.50013,24.035575],[120.500293,24.035117],[120.499787,24.034555],[120.499314,24.034423],[120.499266,24.034407],[120.499271,24.034394],[120.499023,24.034321],[120.498895,24.034264],[120.498835,24.034229],[120.498259,24.033852],[120.497902,24.033614],[120.497815,24.033726],[120.497781,24.033776],[120.497752,24.033856],[120.497739,24.033936],[120.497739,24.033999],[120.497804,24.034183],[120.497824,24.034272],[120.497829,24.034339],[120.497824,24.034444],[120.497804,24.034519],[120.497603,24.034858],[120.497524,24.035071],[120.4975,24.035161],[120.497489,24.035247],[120.49749,24.03529],[120.4975,24.035355],[120.497516,24.035399],[120.497518,24.035451],[120.497443,24.035617],[120.497294,24.035868],[120.497261,24.035914],[120.497568,24.03604],[120.498674,24.036451],[120.498717,24.036445],[120.499035,24.03656],[120.49905,24.03653],[120.499259,24.036604],[120.499729,24.036783],[120.499753,24.036706]]]}},{"type":"Feature","properties":{"id":"4ac20a33be78","name":"國立和美實驗學校","level":"特殊","basis":"moe","data_ym":"201003"},"geometry":{"type":"Polygon","coordinates":[[[120.492158,24.104416],[120.491821,24.10373],[120.490639,24.104034],[120.489466,24.104351],[120.489936,24.106105],[120.491371,24.105773],[120.491867,24.105649],[120.492643,24.105463],[120.492158,24.104416]]]}},{"type":"Feature","properties":{"id":"5409163a8cdc","name":"國立員林高級中學","level":"高中職","basis":"both","data_ym":"202209"},"geometry":{"type":"Polygon","coordinates":[[[120.563694,23.962333],[120.563861,23.962306],[120.563937,23.96234],[120.564489,23.962286],[120.564498,23.96228],[120.564503,23.96226],[120.564534,23.961922],[120.564541,23.961726],[120.564615,23.960603],[120.564669,23.959912],[120.564659,23.9599],[120.564432,23.95985],[120.56374,23.959846],[120.563512,23.959845],[120.563067,23.959871],[120.563058,23.959894],[120.563058,23.960292],[120.563081,23.960503],[120.563118,23.96071],[120.563127,23.960844],[120.563126,23.96091],[120.563121,23.960946],[120.563052,23.961037],[120.562988,23.961102],[120.562914,23.961168],[120.562813,23.961241],[120.562781,23.961385],[120.562773,23.961469],[120.562754,23.961548],[120.562655,23.961755],[120.562641,23.961854],[120.562635,23.962013],[120.562616,23.962254],[120.56262,23.962475],[120.56359,23.962379],[120.563696,23.962355],[120.563694,23.962333]]]}},{"type":"Feature","properties":{"id":"0d5938e0bfa3","name":"國立員林高級家事商業職業學校","level":"高中職","basis":"name","data_ym":"202006"},"geometry":{"type":"Polygon","coordinates":[[[120.57816,23.951124],[120.578166,23.951095],[120.579123,23.951128],[120.579701,23.949936],[120.579417,23.949932],[120.579032,23.949917],[120.578271,23.949895],[120.576512,23.949866],[120.575918,23.949861],[120.57593,23.950508],[120.575934,23.951039],[120.576821,23.951057],[120.57746,23.951061],[120.578092,23.951122],[120.57816,23.951124]]]}},{"type":"Feature","properties":{"id":"ab4e6a3b7ee5","name":"國立員林高級農工職業學校","level":"高中職","basis":"name","data_ym":"202006"},"geometry":{"type":"Polygon","coordinates":[[[120.584407,23.951393],[120.584506,23.950895],[120.58459,23.950432],[120.584364,23.950105],[120.584194,23.94993],[120.583505,23.949891],[120.582788,23.949896],[120.582092,23.949952],[120.581183,23.95006],[120.580992,23.951371],[120.580661,23.952032],[120.580713,23.952532],[120.580781,23.953101],[120.580776,23.953102],[120.580813,23.953425],[120.580365,23.953486],[120.580532,23.954467],[120.580685,23.955401],[120.581614,23.955284],[120.581653,23.955227],[120.582026,23.955223],[120.582668,23.955146],[120.582876,23.955126],[120.582881,23.954728],[120.583145,23.954726],[120.583146,23.954672],[120.583925,23.954674],[120.583967,23.954169],[120.58399,23.953435],[120.584031,23.953003],[120.584059,23.952956],[120.584147,23.952597],[120.584282,23.951996],[120.584407,23.951393]]]}},{"type":"Feature","properties":{"id":"0838e6b9333a","name":"國立員林崇實高級工業職業學校","level":"高中職","basis":"name","data_ym":"202007"},"geometry":{"type":"Polygon","coordinates":[[[120.576737,23.961941],[120.576967,23.960931],[120.57693,23.960889],[120.575608,23.960643],[120.57494,23.960525],[120.574912,23.960573],[120.574876,23.960741],[120.574831,23.960993],[120.574862,23.961032],[120.574844,23.961134],[120.574818,23.96113],[120.574784,23.961138],[120.574599,23.96194],[120.574599,23.961959],[120.574619,23.961986],[120.575707,23.962192],[120.576615,23.962343],[120.576656,23.96233],[120.576737,23.961941]]]}},{"type":"Feature","properties":{"id":"fbcd6e05d3ea","name":"國立鹿港高級中學","level":"高中職","basis":"both","data_ym":"201810"},"geometry":{"type":"Polygon","coordinates":[[[120.425062,24.060562],[120.425012,24.060344],[120.424988,24.060352],[120.424884,24.059901],[120.424906,24.059898],[120.424845,24.05965],[120.424703,24.059016],[120.422387,24.059433],[120.42235,24.059472],[120.422325,24.059509],[120.422324,24.059544],[120.422384,24.059841],[120.42264,24.060981],[120.422694,24.06118],[120.422768,24.06122],[120.423097,24.061144],[120.425131,24.060745],[120.425122,24.060562],[120.425062,24.060562]]]}},{"type":"Feature","properties":{"id":"5d3ff95d25b3","name":"國立溪湖高級中學","level":"高中職","basis":"both","data_ym":"201810"},"geometry":{"type":"Polygon","coordinates":[[[120.486702,23.970643],[120.487384,23.969272],[120.487865,23.968319],[120.487244,23.968034],[120.487234,23.968005],[120.487205,23.967993],[120.487175,23.968002],[120.487166,23.968018],[120.486705,23.967796],[120.486407,23.9682],[120.486072,23.968472],[120.485842,23.968675],[120.485628,23.968848],[120.485407,23.968973],[120.48484,23.969272],[120.485523,23.970155],[120.485548,23.970157],[120.485552,23.970162],[120.485554,23.97016],[120.486639,23.970665],[120.48666,23.97067],[120.486687,23.970659],[120.486702,23.970643]]]}},{"type":"Feature","properties":{"id":"3032332240bb","name":"國立彰化女子高級中學","level":"高中職","basis":"name","data_ym":"202009"},"geometry":{"type":"Polygon","coordinates":[[[120.544538,24.082369],[120.544706,24.081013],[120.544674,24.080994],[120.543411,24.080882],[120.543363,24.080872],[120.54324,24.080863],[120.543101,24.080844],[120.542782,24.080816],[120.542734,24.080837],[120.542727,24.080849],[120.542574,24.082232],[120.542915,24.082266],[120.542991,24.082269],[120.542992,24.082242],[120.543338,24.082273],[120.54363,24.082307],[120.544538,24.082369]]]}},{"type":"Feature","properties":{"id":"385c05090517","name":"國立彰化師範大學附屬高級工業職業學校","level":"高中職","basis":"name","data_ym":"202410"},"geometry":{"type":"Polygon","coordinates":[[[120.557085,24.082881],[120.557064,24.082639],[120.557012,24.082446],[120.557007,24.082391],[120.556988,24.082336],[120.55687,24.082112],[120.55667,24.081635],[120.556495,24.081311],[120.555989,24.08054],[120.555905,24.08047],[120.555252,24.080698],[120.555268,24.08073],[120.554632,24.080962],[120.554868,24.081459],[120.554912,24.081746],[120.554986,24.082278],[120.554923,24.082286],[120.554941,24.08241],[120.555002,24.08298],[120.555022,24.082987],[120.555916,24.082935],[120.555914,24.082918],[120.556067,24.082909],[120.556069,24.082934],[120.556843,24.082897],[120.557085,24.082881]]]}},{"type":"Feature","properties":{"id":"e249e8bf2eab","name":"國立彰化師範大學進德校區","level":"大專","basis":"branch","data_ym":"202410"},"geometry":{"type":"Polygon","coordinates":[[[120.555252,24.080698],[120.555905,24.08047],[120.555989,24.08054],[120.556495,24.081311],[120.55667,24.081635],[120.55687,24.082112],[120.556988,24.082336],[120.557007,24.082391],[120.557012,24.082446],[120.557064,24.082639],[120.557085,24.082881],[120.558357,24.082799],[120.558355,24.082778],[120.558405,24.082713],[120.558596,24.082702],[120.558602,24.082782],[120.56016,24.082721],[120.560754,24.08268],[120.560752,24.08247],[120.560757,24.082425],[120.560843,24.081907],[120.560973,24.081257],[120.560963,24.08061],[120.56127,24.080624],[120.5618,24.080622],[120.561905,24.080639],[120.561943,24.080542],[120.561949,24.08048],[120.561991,24.080377],[120.561882,24.080279],[120.561708,24.080142],[120.561681,24.080159],[120.561578,24.080085],[120.561512,24.079974],[120.561338,24.079721],[120.561244,24.079575],[120.561181,24.079542],[120.560544,24.079414],[120.560237,24.079358],[120.560243,24.07931],[120.560192,24.079287],[120.560154,24.079328],[120.559908,24.079343],[120.559803,24.079346],[120.559739,24.079376],[120.559323,24.079409],[120.558742,24.079472],[120.558742,24.079421],[120.55862,24.079426],[120.55862,24.079486],[120.558234,24.079527],[120.558242,24.07961],[120.556611,24.079683],[120.556371,24.079813],[120.556233,24.079853],[120.556108,24.079871],[120.556061,24.079825],[120.556032,24.079832],[120.555001,24.080155],[120.555252,24.080698]]]}},{"type":"Feature","properties":{"id":"693e3a250ea3","name":"國立彰化師範大學寶山校區","level":"大專","basis":"branch","data_ym":"202410"},"geometry":{"type":"Polygon","coordinates":[[[120.560522,24.066927],[120.560697,24.066821],[120.560732,24.066881],[120.56075,24.066861],[120.560836,24.066711],[120.560875,24.06664],[120.560893,24.066586],[120.560904,24.066431],[120.560913,24.06603],[120.560928,24.065822],[120.560942,24.065758],[120.560973,24.06567],[120.560999,24.065581],[120.561002,24.065529],[120.560997,24.065486],[120.560975,24.065446],[120.560907,24.065343],[120.560877,24.065275],[120.560806,24.065144],[120.560702,24.064978],[120.560479,24.064784],[120.560313,24.064649],[120.560062,24.064423],[120.560005,24.064291],[120.559955,24.064209],[120.559916,24.064133],[120.559878,24.064054],[120.559819,24.063892],[120.559753,24.063772],[120.559812,24.063719],[120.559853,24.063724],[120.559853,24.063024],[120.559972,24.062969],[120.559903,24.062832],[120.559915,24.06281],[120.559576,24.062585],[120.5586,24.06355],[120.558539,24.063627],[120.558484,24.063714],[120.558421,24.063837],[120.558388,24.063943],[120.558366,24.064043],[120.55832,24.064841],[120.558309,24.065119],[120.558364,24.065535],[120.558457,24.066177],[120.558471,24.066246],[120.558576,24.066926],[120.558813,24.066879],[120.559115,24.066827],[120.559451,24.066759],[120.55959,24.066741],[120.55974,24.066742],[120.559658,24.067217],[120.559635,24.067251],[120.559607,24.067276],[120.559565,24.067294],[120.55955,24.067306],[120.559494,24.06756],[120.559752,24.067717],[120.559859,24.067892],[120.559943,24.067732],[120.559972,24.067598],[120.559989,24.06754],[120.560014,24.067475],[120.560039,24.067428],[120.56008,24.067378],[120.560242,24.067246],[120.560574,24.067011],[120.560522,24.066927]]]}},{"type":"Feature","properties":{"id":"b237add4e9f9","name":"國立彰化師範大學寶山校區1","level":"其他","basis":"none","data_ym":"201811"},"geometry":{"type":"Polygon","coordinates":[[[120.556054,24.066463],[120.556196,24.066673],[120.556138,24.06683],[120.556088,24.066981],[120.556084,24.067257],[120.55652,24.067514],[120.55658,24.067499],[120.556635,24.067461],[120.556702,24.067453],[120.556868,24.067449],[120.556941,24.067475],[120.557019,24.067524],[120.557107,24.067623],[120.55712,24.067769],[120.557168,24.067833],[120.557262,24.067884],[120.557258,24.068367],[120.55723,24.068418],[120.5572,24.0685],[120.5572,24.068591],[120.557216,24.068684],[120.557261,24.068775],[120.557249,24.068946],[120.557175,24.069091],[120.557171,24.069111],[120.55718,24.069221],[120.557209,24.069348],[120.55726,24.069436],[120.557633,24.069513],[120.558288,24.067401],[120.55834,24.067205],[120.558356,24.067106],[120.558359,24.066991],[120.558345,24.06683],[120.55822,24.066148],[120.558194,24.06595],[120.558184,24.06581],[120.558089,24.065176],[120.558077,24.065147],[120.558058,24.065137],[120.557922,24.065153],[120.557903,24.065181],[120.557736,24.065182],[120.557426,24.065215],[120.556536,24.065327],[120.555967,24.065361],[120.555967,24.065635],[120.55615,24.065774],[120.556054,24.066463]]]}},{"type":"Feature","properties":{"id":"b80d3d663f74","name":"國立彰化特殊教育學校","level":"特殊","basis":"both","data_ym":"202007"},"geometry":{"type":"Polygon","coordinates":[[[120.58551,23.891907],[120.584501,23.891703],[120.584338,23.892334],[120.583998,23.893692],[120.584919,23.893825],[120.585581,23.893915],[120.585649,23.893563],[120.585745,23.893182],[120.585801,23.892939],[120.585879,23.892679],[120.586022,23.892029],[120.58551,23.891907]]]}},{"type":"Feature","properties":{"id":"f3ffb640327f","name":"國立彰化高級中學","level":"高中職","basis":"both","data_ym":"202410"},"geometry":{"type":"Polygon","coordinates":[[[120.551987,24.071313],[120.55209,24.071178],[120.552122,24.071105],[120.552143,24.070949],[120.551817,24.070939],[120.551816,24.070893],[120.551729,24.070883],[120.551201,24.070847],[120.550901,24.070797],[120.550464,24.070713],[120.549651,24.070571],[120.549338,24.07051],[120.549175,24.070463],[120.54918,24.070651],[120.549166,24.070715],[120.549158,24.070792],[120.549205,24.070793],[120.549205,24.070813],[120.549582,24.070814],[120.549583,24.071243],[120.549536,24.071243],[120.549535,24.071249],[120.549142,24.071243],[120.549119,24.072108],[120.549108,24.072232],[120.549124,24.072265],[120.549293,24.07228],[120.550285,24.072318],[120.551212,24.072335],[120.551207,24.072461],[120.55173,24.072463],[120.551769,24.072334],[120.551808,24.072255],[120.551827,24.072182],[120.551905,24.072143],[120.551932,24.071599],[120.551967,24.071355],[120.551987,24.071313]]]}},{"type":"Feature","properties":{"id":"34465a87be10","name":"國立彰化高級商業職業學校","level":"高中職","basis":"name","data_ym":"202410"},"geometry":{"type":"Polygon","coordinates":[[[120.554098,24.071534],[120.55454,24.07157],[120.554576,24.071064],[120.552605,24.070959],[120.552469,24.070947],[120.552362,24.071204],[120.552277,24.071487],[120.552193,24.071539],[120.552185,24.071805],[120.552137,24.072099],[120.552062,24.072135],[120.551926,24.072527],[120.551911,24.072698],[120.551479,24.072697],[120.551467,24.073177],[120.551691,24.073184],[120.552065,24.073188],[120.552248,24.073196],[120.55226,24.073209],[120.552488,24.073213],[120.552489,24.0732],[120.553151,24.073206],[120.554171,24.073223],[120.554198,24.073091],[120.554205,24.072055],[120.554247,24.07206],[120.554255,24.072022],[120.554094,24.072021],[120.554093,24.071634],[120.554098,24.071534]]]}},{"type":"Feature","properties":{"id":"b70e4612b696","name":"彰化縣二水鄉二水國民小學","level":"國小","basis":"both","data_ym":"201901"},"geometry":{"type":"Polygon","coordinates":[[[120.618042,23.811903],[120.61824,23.811774],[120.618546,23.811561],[120.61861,23.811647],[120.618668,23.81162],[120.618812,23.811533],[120.618947,23.811443],[120.619136,23.8113],[120.619117,23.811272],[120.619094,23.811249],[120.619122,23.811226],[120.619054,23.811159],[120.618967,23.811224],[120.61886,23.811163],[120.618798,23.811139],[120.618676,23.811077],[120.618631,23.811048],[120.618548,23.811012],[120.618125,23.81077],[120.618325,23.810492],[120.618318,23.810476],[120.617781,23.810162],[120.617772,23.810152],[120.617653,23.810262],[120.61762,23.810287],[120.617526,23.810338],[120.617155,23.810515],[120.616648,23.81081],[120.616524,23.810895],[120.616461,23.81095],[120.616317,23.811088],[120.616689,23.811326],[120.616538,23.811498],[120.616398,23.811641],[120.616445,23.811675],[120.616599,23.811516],[120.616754,23.811368],[120.616829,23.811359],[120.617323,23.811673],[120.61737,23.811616],[120.617764,23.811857],[120.617771,23.81185],[120.617927,23.811902],[120.617975,23.811908],[120.618021,23.811908],[120.618042,23.811903]]]}},{"type":"Feature","properties":{"id":"ba077679089f","name":"彰化縣二水鄉復興國民小學","level":"國小","basis":"both","data_ym":"202007"},"geometry":{"type":"Polygon","coordinates":[[[120.605636,23.830436],[120.605675,23.83033],[120.605683,23.830295],[120.605684,23.830256],[120.605677,23.830221],[120.605655,23.830169],[120.605651,23.830141],[120.605621,23.829737],[120.605618,23.829578],[120.605364,23.829521],[120.605247,23.82949],[120.604768,23.829405],[120.604694,23.829585],[120.604706,23.829599],[120.604733,23.829616],[120.604695,23.829701],[120.604658,23.829692],[120.604638,23.829694],[120.604594,23.82978],[120.604801,23.829856],[120.604758,23.830003],[120.604727,23.830077],[120.604951,23.830142],[120.604946,23.830164],[120.605027,23.830186],[120.605012,23.830229],[120.605285,23.83029],[120.605474,23.830362],[120.605636,23.830436]]]}},{"type":"Feature","properties":{"id":"81b507d0e05d","name":"彰化縣二水鄉源泉國民小學","level":"國小","basis":"both","data_ym":"201901"},"geometry":{"type":"Polygon","coordinates":[[[120.643807,23.80031],[120.643881,23.800122],[120.643849,23.800112],[120.643752,23.800175],[120.643709,23.800191],[120.643369,23.800251],[120.643291,23.800281],[120.643264,23.800283],[120.643225,23.800276],[120.643164,23.800258],[120.643107,23.800225],[120.643027,23.800068],[120.642903,23.799975],[120.642768,23.800026],[120.642491,23.800087],[120.642391,23.800101],[120.642388,23.800114],[120.642395,23.800138],[120.642089,23.800365],[120.641938,23.800433],[120.642137,23.8007],[120.642305,23.800937],[120.642187,23.801005],[120.642571,23.801126],[120.642765,23.801171],[120.642936,23.8012],[120.643046,23.801202],[120.643139,23.80118],[120.643241,23.801137],[120.643336,23.801075],[120.643405,23.801023],[120.643482,23.800943],[120.643532,23.800873],[120.6436,23.800742],[120.643807,23.80031]]]}},{"type":"Feature","properties":{"id":"bede46d8963b","name":"彰化縣二林鎮二林國民小學","level":"國小","basis":"both","data_ym":"201901"},"geometry":{"type":"Polygon","coordinates":[[[120.372686,23.90145],[120.372625,23.900893],[120.372525,23.900035],[120.372112,23.899958],[120.372039,23.899936],[120.371932,23.899696],[120.370996,23.899689],[120.371007,23.900091],[120.37058,23.900151],[120.370587,23.900476],[120.370714,23.900488],[120.370694,23.900613],[120.370542,23.900603],[120.37053,23.900927],[120.370566,23.900924],[120.370571,23.901017],[120.370791,23.901006],[120.370804,23.901095],[120.370787,23.901347],[120.370921,23.901347],[120.370926,23.901498],[120.372666,23.901476],[120.372686,23.90145]]]}},{"type":"Feature","properties":{"id":"9b6c0fe76336","name":"彰化縣二林鎮中正國民小學","level":"國小","basis":"both","data_ym":"202207"},"geometry":{"type":"Polygon","coordinates":[[[120.372224,23.897647],[120.372375,23.896832],[120.371949,23.896881],[120.371506,23.896943],[120.370867,23.89704],[120.370697,23.897076],[120.370688,23.897045],[120.370575,23.897065],[120.370546,23.896999],[120.370402,23.897068],[120.370441,23.897203],[120.370438,23.897268],[120.370198,23.897979],[120.370473,23.898064],[120.370886,23.8982],[120.370924,23.898189],[120.370943,23.898131],[120.370956,23.898116],[120.372173,23.897899],[120.372224,23.897647]]]}},{"type":"Feature","properties":{"id":"f3a6cbdc0756","name":"彰化縣二林鎮中興國民小學","level":"國小","basis":"both","data_ym":"202407"},"geometry":{"type":"Polygon","coordinates":[[[120.443328,23.948313],[120.443328,23.948209],[120.443346,23.948209],[120.443341,23.947904],[120.443345,23.947904],[120.443332,23.947053],[120.442075,23.947108],[120.442145,23.948026],[120.442143,23.948123],[120.442146,23.948182],[120.442149,23.948194],[120.442182,23.948242],[120.442801,23.948657],[120.442955,23.94866],[120.443213,23.9485],[120.443205,23.948373],[120.443328,23.948313]]]}},{"type":"Feature","properties":{"id":"6dfd164f18ea","name":"彰化縣二林鎮育德國民小學","level":"國小","basis":"both","data_ym":"202012"},"geometry":{"type":"Polygon","coordinates":[[[120.387005,23.874185],[120.386925,23.873993],[120.386897,23.873909],[120.38675,23.873956],[120.386733,23.873958],[120.386715,23.873958],[120.386666,23.873933],[120.386623,23.873928],[120.386542,23.873927],[120.386483,23.87413],[120.386415,23.874117],[120.38637,23.874324],[120.38636,23.874415],[120.386365,23.874498],[120.386388,23.874498],[120.386386,23.874542],[120.386407,23.874823],[120.386441,23.875026],[120.386776,23.874853],[120.386988,23.874757],[120.387145,23.874697],[120.38726,23.874643],[120.387274,23.874615],[120.387213,23.874502],[120.387096,23.874386],[120.387005,23.874185]]]}},{"type":"Feature","properties":{"id":"396114c0f850","name":"彰化縣二林鎮香田國民小學","level":"國小","basis":"both","data_ym":"202207"},"geometry":{"type":"Polygon","coordinates":[[[120.377602,23.874929],[120.377613,23.874834],[120.377596,23.874698],[120.377583,23.87465],[120.377318,23.87428],[120.377304,23.874242],[120.377239,23.873891],[120.376322,23.873996],[120.375854,23.874642],[120.375853,23.874655],[120.375863,23.874668],[120.37593,23.874703],[120.376547,23.874865],[120.376555,23.874863],[120.377602,23.874929]]]}},{"type":"Feature","properties":{"id":"88f928a5606b","name":"彰化縣二林鎮新生國民小學","level":"國小","basis":"both","data_ym":"201901"},"geometry":{"type":"Polygon","coordinates":[[[120.394252,23.93795],[120.394976,23.937723],[120.395013,23.937828],[120.395251,23.937747],[120.39555,23.937635],[120.394997,23.937041],[120.394961,23.937041],[120.39488,23.936985],[120.394822,23.936978],[120.39401,23.937221],[120.394252,23.93795]]]}},{"type":"Feature","properties":{"id":"f3c242a39d30","name":"彰化縣二林鎮萬合國民小學","level":"國小","basis":"both","data_ym":"202207"},"geometry":{"type":"Polygon","coordinates":[[[120.408928,23.925897],[120.408928,23.925878],[120.409169,23.925893],[120.409173,23.925838],[120.40965,23.92587],[120.409728,23.924777],[120.409654,23.924754],[120.40968,23.924685],[120.408776,23.924646],[120.408852,23.92501],[120.408873,23.925128],[120.408882,23.925256],[120.40888,23.925355],[120.40887,23.92547],[120.408844,23.925653],[120.408799,23.925888],[120.408928,23.925897]]]}},{"type":"Feature","properties":{"id":"48de2e226b9e","name":"彰化縣二林鎮萬興國民小學","level":"國小","basis":"both","data_ym":"202207"},"geometry":{"type":"Polygon","coordinates":[[[120.420016,23.954049],[120.420021,23.953799],[120.420004,23.95376],[120.420009,23.953652],[120.420033,23.9536],[120.420029,23.953555],[120.418871,23.953609],[120.418756,23.953629],[120.418672,23.95365],[120.418549,23.953658],[120.418497,23.953669],[120.418372,23.953712],[120.418372,23.95378],[120.418462,23.953778],[120.418465,23.95383],[120.418584,23.953829],[120.418585,23.953856],[120.418907,23.953875],[120.418886,23.954389],[120.418885,23.954517],[120.419105,23.954521],[120.41942,23.954533],[120.420085,23.954568],[120.42009,23.954424],[120.420054,23.954421],[120.420063,23.954247],[120.420036,23.95422],[120.420042,23.954068],[120.420021,23.954061],[120.420016,23.954049]]]}},{"type":"Feature","properties":{"id":"715c91d8b29a","name":"彰化縣二林鎮廣興國民小學","level":"國小","basis":"both","data_ym":"201901"},"geometry":{"type":"Polygon","coordinates":[[[120.363366,23.876112],[120.363189,23.875354],[120.362829,23.87538],[120.362204,23.875389],[120.362273,23.876237],[120.362566,23.876269],[120.362756,23.876267],[120.362887,23.876248],[120.363126,23.876209],[120.36321,23.876184],[120.363366,23.876112]]]}},{"type":"Feature","properties":{"id":"2e91d1ac53fc","name":"彰化縣二林鎮興華國民小學","level":"國小","basis":"both","data_ym":"202207"},"geometry":{"type":"Polygon","coordinates":[[[120.394727,23.892124],[120.395317,23.891693],[120.395977,23.891228],[120.395134,23.890517],[120.395128,23.89057],[120.395131,23.890785],[120.395117,23.890821],[120.395095,23.890863],[120.395063,23.890903],[120.394983,23.89098],[120.394764,23.891153],[120.394079,23.89176],[120.394246,23.892028],[120.394514,23.891844],[120.394631,23.891989],[120.394727,23.892124]]]}},{"type":"Feature","properties":{"id":"b832f2c49613","name":"彰化縣大村鄉大西國民小學","level":"國小","basis":"both","data_ym":"201901"},"geometry":{"type":"Polygon","coordinates":[[[120.524453,23.984406],[120.524422,23.984407],[120.524401,23.984413],[120.524349,23.984449],[120.524193,23.984599],[120.524164,23.98467],[120.52466,23.984755],[120.524567,23.985175],[120.525366,23.985322],[120.525405,23.985315],[120.525749,23.984817],[120.525817,23.984729],[120.525786,23.984702],[120.525689,23.984652],[120.525518,23.984598],[120.525257,23.984545],[120.524453,23.984406]]]}},{"type":"Feature","properties":{"id":"dd004937d0c9","name":"彰化縣大村鄉大村國民小學","level":"國小","basis":"both","data_ym":"201901"},"geometry":{"type":"Polygon","coordinates":[[[120.544516,23.992811],[120.544503,23.992835],[120.544204,23.993048],[120.544595,23.993329],[120.544597,23.993339],[120.544562,23.993397],[120.544562,23.993409],[120.544642,23.993479],[120.544742,23.993551],[120.544939,23.993636],[120.545133,23.993738],[120.54525,23.993826],[120.545347,23.993929],[120.545889,23.993739],[120.546301,23.993585],[120.546383,23.993551],[120.546395,23.993537],[120.546045,23.993283],[120.545939,23.993003],[120.545855,23.99263],[120.54532,23.99257],[120.545022,23.99256],[120.544959,23.992538],[120.544949,23.992527],[120.544887,23.99256],[120.544516,23.992811]]]}},{"type":"Feature","properties":{"id":"9a6f8bbcd772","name":"彰化縣大村鄉村上國民小學","level":"國小","basis":"both","data_ym":"201901"},"geometry":{"type":"Polygon","coordinates":[[[120.566391,23.988551],[120.56515,23.988561],[120.564681,23.988555],[120.564657,23.988593],[120.564663,23.988779],[120.564681,23.989069],[120.565035,23.989077],[120.565045,23.989381],[120.565845,23.989278],[120.566014,23.98927],[120.566218,23.989277],[120.566242,23.989268],[120.566255,23.989254],[120.566265,23.989209],[120.566281,23.989056],[120.56633,23.988793],[120.566356,23.988629],[120.566391,23.988551]]]}},{"type":"Feature","properties":{"id":"6a292cc08224","name":"彰化縣大村鄉村東國民小學","level":"國小","basis":"both","data_ym":"202104"},"geometry":{"type":"Polygon","coordinates":[[[120.585785,23.993202],[120.585541,23.992963],[120.585084,23.992497],[120.584944,23.992652],[120.584844,23.992737],[120.584581,23.992908],[120.584548,23.99298],[120.584476,23.992956],[120.584339,23.993225],[120.58418,23.993486],[120.584294,23.993533],[120.584589,23.993641],[120.586496,23.994332],[120.586687,23.993718],[120.586517,23.993483],[120.586219,23.993373],[120.585785,23.993202]]]}},{"type":"Feature","properties":{"id":"b54d241d3370","name":"彰化縣大城鄉大城國民小學","level":"國小","basis":"both","data_ym":"202310"},"geometry":{"type":"Polygon","coordinates":[[[120.320535,23.853479],[120.320496,23.853254],[120.320324,23.853286],[120.320291,23.853114],[120.32074,23.852999],[120.320705,23.852812],[120.320606,23.852434],[120.320655,23.852394],[120.320678,23.852353],[120.320645,23.85159],[120.320052,23.851745],[120.320001,23.851597],[120.319821,23.851617],[120.319479,23.851686],[120.320131,23.853395],[120.320535,23.853479]]]}},{"type":"Feature","properties":{"id":"a4774924dff3","name":"彰化縣大城鄉西港國民小學","level":"國小","basis":"both","data_ym":"201901"},"geometry":{"type":"Polygon","coordinates":[[[120.290025,23.861655],[120.28994,23.861448],[120.289587,23.860422],[120.289507,23.860245],[120.289478,23.860232],[120.289449,23.860231],[120.289426,23.860238],[120.289427,23.860258],[120.289195,23.86033],[120.289208,23.860359],[120.28914,23.860381],[120.289112,23.860384],[120.288991,23.86042],[120.288982,23.860403],[120.288756,23.860487],[120.288495,23.860575],[120.288452,23.860598],[120.288442,23.860608],[120.28843,23.860632],[120.288429,23.860645],[120.288449,23.860706],[120.288623,23.861051],[120.288865,23.861473],[120.288978,23.86169],[120.289055,23.861662],[120.289045,23.861643],[120.289075,23.861631],[120.289083,23.861645],[120.289172,23.861612],[120.289214,23.861701],[120.289609,23.861542],[120.289735,23.861781],[120.290025,23.861655]]]}},{"type":"Feature","properties":{"id":"492341219e67","name":"彰化縣大城鄉美豐國民小學","level":"國小","basis":"both","data_ym":"201901"},"geometry":{"type":"Polygon","coordinates":[[[120.30274,23.885548],[120.302487,23.884967],[120.302824,23.884854],[120.302712,23.884521],[120.302225,23.884715],[120.302225,23.884727],[120.302217,23.884742],[120.302194,23.884757],[120.302094,23.884793],[120.302085,23.88477],[120.301688,23.884905],[120.301781,23.88534],[120.301766,23.885342],[120.301793,23.885425],[120.301739,23.88545],[120.301767,23.885553],[120.301829,23.885542],[120.301923,23.885804],[120.30274,23.885548]]]}},{"type":"Feature","properties":{"id":"f4e08e7af87f","name":"彰化縣北斗鎮大新國民小學","level":"國小","basis":"both","data_ym":"201901"},"geometry":{"type":"Polygon","coordinates":[[[120.558054,23.855291],[120.557606,23.854684],[120.557055,23.855044],[120.557496,23.855631],[120.557699,23.855523],[120.558054,23.855291]]]}},{"type":"Feature","properties":{"id":"e3d6829d122e","name":"彰化縣北斗鎮北斗國民小學","level":"國小","basis":"both","data_ym":"201901"},"geometry":{"type":"Polygon","coordinates":[[[120.522615,23.877416],[120.523225,23.877452],[120.523343,23.877454],[120.523674,23.87749],[120.523829,23.876729],[120.523979,23.876027],[120.523996,23.875901],[120.524012,23.875529],[120.524014,23.875394],[120.522873,23.87545],[120.522832,23.875499],[120.522806,23.875553],[120.522793,23.875597],[120.522615,23.877416]]]}},{"type":"Feature","properties":{"id":"e7489d46cd3c","name":"彰化縣北斗鎮萬來國民小學","level":"國小","basis":"both","data_ym":"202410"},"geometry":{"type":"Polygon","coordinates":[[[120.522204,23.870674],[120.522268,23.870217],[120.522369,23.870222],[120.52241,23.870188],[120.522363,23.869643],[120.522342,23.869282],[120.522335,23.869271],[120.522296,23.869253],[120.520853,23.869204],[120.520751,23.869806],[120.520652,23.870456],[120.520679,23.870487],[120.522204,23.870674]]]}},{"type":"Feature","properties":{"id":"6c47900c2ecf","name":"彰化縣北斗鎮螺青國民小學","level":"國小","basis":"both","data_ym":"201901"},"geometry":{"type":"Polygon","coordinates":[[[120.535037,23.872015],[120.535043,23.871759],[120.535001,23.871759],[120.535038,23.870999],[120.534945,23.870954],[120.53384,23.870973],[120.533713,23.871796],[120.534009,23.871801],[120.534116,23.871864],[120.534229,23.871861],[120.534433,23.871911],[120.534912,23.872001],[120.535037,23.872015]]]}},{"type":"Feature","properties":{"id":"90d40d5369db","name":"彰化縣北斗鎮螺陽國民小學","level":"國小","basis":"both","data_ym":"202012"},"geometry":{"type":"Polygon","coordinates":[[[120.514889,23.87563],[120.514902,23.875514],[120.51518,23.875545],[120.515263,23.875248],[120.514839,23.875192],[120.514813,23.875215],[120.514792,23.875308],[120.514636,23.875294],[120.514593,23.875249],[120.513536,23.875907],[120.513703,23.87623],[120.513681,23.876316],[120.513665,23.87633],[120.514401,23.877662],[120.51494,23.877309],[120.515736,23.876809],[120.515746,23.876764],[120.515436,23.876341],[120.515368,23.876242],[120.514889,23.87563]]]}},{"type":"Feature","properties":{"id":"ff75722c1730","name":"彰化縣永靖鄉永靖國民小學","level":"國小","basis":"both","data_ym":"202007"},"geometry":{"type":"Polygon","coordinates":[[[120.548507,23.921627],[120.548662,23.921263],[120.548995,23.921426],[120.549215,23.92151],[120.549229,23.921443],[120.549212,23.921417],[120.549183,23.921339],[120.549174,23.921277],[120.549175,23.921084],[120.54801,23.920473],[120.547665,23.920309],[120.547642,23.920318],[120.547195,23.921489],[120.547225,23.921551],[120.548549,23.921963],[120.548648,23.921666],[120.548507,23.921627]]]}},{"type":"Feature","properties":{"id":"d131881e89b3","name":"彰化縣永靖鄉永興國民小學","level":"國小","basis":"both","data_ym":"201901"},"geometry":{"type":"Polygon","coordinates":[[[120.566993,23.926506],[120.567096,23.92649],[120.567263,23.926478],[120.567225,23.925749],[120.567228,23.925734],[120.567223,23.92557],[120.567372,23.92556],[120.567572,23.925508],[120.567577,23.925505],[120.56756,23.925476],[120.56749,23.925405],[120.567417,23.925344],[120.567351,23.925303],[120.567313,23.925284],[120.567271,23.925272],[120.566855,23.925222],[120.566842,23.925276],[120.5666,23.925231],[120.566601,23.9252],[120.566509,23.925193],[120.566412,23.925178],[120.566418,23.925153],[120.566076,23.925094],[120.565911,23.925075],[120.565905,23.925078],[120.565875,23.92612],[120.56589,23.926134],[120.56601,23.926058],[120.566025,23.926075],[120.566517,23.92578],[120.566555,23.92576],[120.566874,23.925765],[120.566903,23.926536],[120.566993,23.926506]]]}},{"type":"Feature","properties":{"id":"b337e931aa84","name":"彰化縣永靖鄉福德國民小學","level":"國小","basis":"both","data_ym":"201901"},"geometry":{"type":"Polygon","coordinates":[[[120.540286,23.915814],[120.541177,23.915813],[120.54119,23.915736],[120.541226,23.91565],[120.541307,23.915572],[120.541512,23.915535],[120.541653,23.915416],[120.54187,23.915038],[120.541964,23.914914],[120.542134,23.91487],[120.542117,23.914763],[120.542072,23.914581],[120.542042,23.914585],[120.541978,23.914331],[120.542048,23.913967],[120.542013,23.913785],[120.541711,23.913949],[120.541719,23.913966],[120.541624,23.913995],[120.5416,23.914117],[120.541439,23.914116],[120.541435,23.914072],[120.540989,23.914276],[120.540922,23.914301],[120.540924,23.914597],[120.540842,23.914647],[120.540835,23.914888],[120.540809,23.914926],[120.540281,23.914958],[120.540286,23.915814]]]}},{"type":"Feature","properties":{"id":"99d86f079f2e","name":"彰化縣永靖鄉福興國民小學","level":"國小","basis":"both","data_ym":"201901"},"geometry":{"type":"Polygon","coordinates":[[[120.522784,23.921156],[120.523177,23.920306],[120.523346,23.919994],[120.523544,23.919608],[120.523148,23.919345],[120.523047,23.919283],[120.52265,23.919106],[120.522576,23.919079],[120.522471,23.919188],[120.522421,23.919301],[120.52232,23.919573],[120.5222,23.919865],[120.521981,23.92043],[120.521946,23.920697],[120.521925,23.920909],[120.52219,23.920981],[120.522208,23.920973],[120.52242,23.921026],[120.52245,23.921059],[120.522784,23.921156]]]}},{"type":"Feature","properties":{"id":"ffc7c27f63c9","name":"彰化縣永靖鄉德興國民小學","level":"國小","basis":"both","data_ym":"202407"},"geometry":{"type":"Polygon","coordinates":[[[120.50358,23.92962],[120.503575,23.929572],[120.503548,23.929574],[120.503533,23.929498],[120.50323,23.929558],[120.502706,23.929545],[120.502649,23.929257],[120.502637,23.929259],[120.50262,23.929166],[120.502345,23.929224],[120.502523,23.929687],[120.50268,23.929906],[120.502739,23.930004],[120.502931,23.930518],[120.503073,23.930814],[120.503611,23.930663],[120.503787,23.930618],[120.503883,23.930587],[120.503884,23.93058],[120.503814,23.93037],[120.503745,23.930167],[120.503722,23.930117],[120.503623,23.929816],[120.50358,23.92962]]]}},{"type":"Feature","properties":{"id":"5c4a0a883d69","name":"彰化縣田中鎮三潭國民小學","level":"國小","basis":"both","data_ym":"201901"},"geometry":{"type":"Polygon","coordinates":[[[120.586011,23.865897],[120.585156,23.865193],[120.584845,23.865373],[120.584618,23.865482],[120.584445,23.865559],[120.584199,23.865626],[120.58412,23.865636],[120.584019,23.866019],[120.583962,23.866273],[120.583897,23.86653],[120.584327,23.86672],[120.584575,23.866815],[120.584804,23.866891],[120.584936,23.866901],[120.584994,23.866882],[120.585253,23.866718],[120.58541,23.866561],[120.586011,23.865897]]]}},{"type":"Feature","properties":{"id":"a8b5722fea95","name":"彰化縣田中鎮大安國民小學","level":"國小","basis":"both","data_ym":"202007"},"geometry":{"type":"Polygon","coordinates":[[[120.594128,23.841999],[120.594188,23.841969],[120.594204,23.841985],[120.594275,23.841882],[120.594376,23.841723],[120.594496,23.841554],[120.5946,23.841426],[120.594965,23.841052],[120.594979,23.841024],[120.594984,23.840986],[120.594981,23.840839],[120.594969,23.840769],[120.594951,23.840713],[120.594888,23.840565],[120.594831,23.840439],[120.594807,23.840401],[120.594772,23.840364],[120.594735,23.840336],[120.594631,23.840292],[120.594603,23.840308],[120.594572,23.840316],[120.594531,23.840317],[120.594496,23.840312],[120.59445,23.840288],[120.594413,23.840254],[120.594392,23.840205],[120.594314,23.840175],[120.59418,23.840625],[120.593981,23.84062],[120.593952,23.840723],[120.593947,23.840839],[120.593887,23.840839],[120.593884,23.841265],[120.593897,23.841541],[120.593933,23.842117],[120.594034,23.842147],[120.594088,23.84201],[120.594128,23.841999]]]}},{"type":"Feature","properties":{"id":"06c8c3a8a15b","name":"彰化縣田中鎮內安國民小學","level":"國小","basis":"both","data_ym":"201901"},"geometry":{"type":"Polygon","coordinates":[[[120.6006,23.853666],[120.600605,23.853446],[120.599091,23.853525],[120.599075,23.853548],[120.599082,23.853763],[120.599128,23.854657],[120.59908,23.854694],[120.599115,23.855457],[120.599634,23.855415],[120.599877,23.855322],[120.599996,23.855244],[120.6001,23.855066],[120.600191,23.85484],[120.600389,23.854379],[120.600515,23.853896],[120.600536,23.853868],[120.6006,23.853666]]]}},{"type":"Feature","properties":{"id":"4e3df7cda3e3","name":"彰化縣田中鎮田中國民小學","level":"國小","basis":"both","data_ym":"201901"},"geometry":{"type":"Polygon","coordinates":[[[120.588536,23.856187],[120.587536,23.856086],[120.587378,23.856005],[120.587212,23.85596],[120.587122,23.856081],[120.587026,23.856191],[120.58686,23.856303],[120.586683,23.85641],[120.586649,23.85738],[120.586799,23.857394],[120.58677,23.857628],[120.586808,23.857632],[120.586804,23.857737],[120.586819,23.857739],[120.586817,23.857754],[120.587415,23.857823],[120.587395,23.857988],[120.587483,23.857998],[120.587533,23.857527],[120.58763,23.857511],[120.588322,23.857604],[120.588391,23.857615],[120.588388,23.857625],[120.58895,23.857701],[120.589018,23.857376],[120.588812,23.857342],[120.588824,23.857232],[120.588779,23.857078],[120.588779,23.856784],[120.588456,23.856767],[120.588492,23.856489],[120.588536,23.856187]]]}},{"type":"Feature","properties":{"id":"2de1ab287bf0","name":"彰化縣田中鎮明禮國民小學","level":"國小","basis":"both","data_ym":"201901"},"geometry":{"type":"Polygon","coordinates":[[[120.566544,23.877401],[120.566682,23.877255],[120.567119,23.877433],[120.567213,23.877309],[120.567248,23.87725],[120.567251,23.877191],[120.56729,23.877057],[120.567376,23.876894],[120.567443,23.876804],[120.567464,23.876767],[120.56747,23.876747],[120.567465,23.876724],[120.567371,23.876539],[120.567346,23.876444],[120.567326,23.876405],[120.567175,23.876189],[120.566591,23.875989],[120.566588,23.87605],[120.566459,23.876521],[120.56626,23.87646],[120.56621,23.87664],[120.56613,23.876892],[120.566112,23.876965],[120.566305,23.87702],[120.56623,23.877481],[120.566453,23.877551],[120.566544,23.877401]]]}},{"type":"Feature","properties":{"id":"bc14b2ce3c7c","name":"彰化縣田中鎮東和國民小學","level":"國小","basis":"both","data_ym":"202007"},"geometry":{"type":"Polygon","coordinates":[[[120.605673,23.868085],[120.606344,23.86804],[120.606498,23.868042],[120.606494,23.867737],[120.606474,23.867633],[120.606466,23.867232],[120.606467,23.866817],[120.606473,23.866636],[120.606378,23.866629],[120.606301,23.866629],[120.60619,23.866606],[120.606044,23.866618],[120.60599,23.86663],[120.605908,23.866657],[120.605876,23.866675],[120.605867,23.866689],[120.605859,23.866735],[120.605869,23.866842],[120.605863,23.866857],[120.605573,23.866974],[120.605428,23.867041],[120.605418,23.86708],[120.60541,23.867145],[120.605354,23.867152],[120.605342,23.867156],[120.605332,23.867169],[120.605328,23.867187],[120.605326,23.867306],[120.605333,23.867472],[120.605331,23.867714],[120.605323,23.867877],[120.605303,23.868039],[120.605316,23.868079],[120.605346,23.868091],[120.605673,23.868085]]]}},{"type":"Feature","properties":{"id":"2972bceec63f","name":"彰化縣田中鎮新民國民小學","level":"國小","basis":"both","data_ym":"202007"},"geometry":{"type":"Polygon","coordinates":[[[120.586601,23.854922],[120.586845,23.854822],[120.586855,23.854643],[120.586933,23.854128],[120.586704,23.854072],[120.586604,23.854075],[120.586036,23.853944],[120.585342,23.853775],[120.585327,23.853879],[120.585312,23.854084],[120.585364,23.854384],[120.585422,23.85462],[120.585492,23.85486],[120.585519,23.85485],[120.585691,23.855164],[120.585744,23.855247],[120.586601,23.854922]]]}},{"type":"Feature","properties":{"id":"7363eded4dc0","name":"彰化縣田尾鄉仁豐國民小學","level":"國小","basis":"both","data_ym":"201901"},"geometry":{"type":"Polygon","coordinates":[[[120.508836,23.901388],[120.508313,23.901276],[120.508027,23.901855],[120.507664,23.902572],[120.507714,23.902592],[120.5075,23.903039],[120.507567,23.903184],[120.507759,23.903026],[120.507987,23.902893],[120.508182,23.902801],[120.508335,23.902742],[120.508466,23.902714],[120.508698,23.902703],[120.509618,23.901598],[120.509606,23.901584],[120.508836,23.901388]]]}},{"type":"Feature","properties":{"id":"2e02b7fa190b","name":"彰化縣田尾鄉田尾國民小學","level":"國小","basis":"both","data_ym":"202012"},"geometry":{"type":"Polygon","coordinates":[[[120.528788,23.892194],[120.529188,23.891989],[120.528523,23.891519],[120.52841,23.891514],[120.528378,23.891455],[120.528362,23.891405],[120.527553,23.890833],[120.527453,23.890905],[120.527369,23.890806],[120.527205,23.890973],[120.526665,23.891399],[120.526709,23.891465],[120.52648,23.891647],[120.526205,23.891814],[120.526234,23.891852],[120.526285,23.891902],[120.526478,23.892173],[120.526586,23.892106],[120.52671,23.892292],[120.526927,23.892295],[120.527081,23.892305],[120.527657,23.892374],[120.527874,23.892396],[120.528035,23.892409],[120.528117,23.89241],[120.52821,23.892403],[120.528287,23.892391],[120.528336,23.89238],[120.528506,23.892326],[120.528788,23.892194]]]}},{"type":"Feature","properties":{"id":"906b3516c4b5","name":"彰化縣田尾鄉南鎮國民小學","level":"國小","basis":"name","data_ym":"202207"},"geometry":{"type":"Polygon","coordinates":[[[120.561552,23.886946],[120.561507,23.886406],[120.561485,23.886042],[120.559846,23.886061],[120.559225,23.886073],[120.559221,23.88619],[120.559198,23.886205],[120.559161,23.886768],[120.559164,23.886808],[120.559179,23.886818],[120.560398,23.886822],[120.560801,23.88681],[120.560855,23.886872],[120.561547,23.887093],[120.561552,23.886946]]]}},{"type":"Feature","properties":{"id":"526667be2a7f","name":"彰化縣田尾鄉陸豐國民小學","level":"國小","basis":"both","data_ym":"202207"},"geometry":{"type":"Polygon","coordinates":[[[120.505087,23.918575],[120.505106,23.918571],[120.505278,23.918569],[120.505351,23.91854],[120.505476,23.918471],[120.505565,23.918391],[120.505657,23.918301],[120.505699,23.918267],[120.505042,23.917157],[120.504217,23.917553],[120.503883,23.917725],[120.504268,23.918303],[120.504353,23.918446],[120.504283,23.918593],[120.50418,23.918775],[120.504355,23.919032],[120.504443,23.919021],[120.504485,23.919011],[120.504569,23.918962],[120.504789,23.918803],[120.504829,23.918779],[120.504924,23.918745],[120.504953,23.91873],[120.504981,23.918705],[120.505087,23.918575]]]}},{"type":"Feature","properties":{"id":"0d2c3ddacbc7","name":"彰化縣立二水國民中學","level":"國中","basis":"both","data_ym":"202410"},"geometry":{"type":"Polygon","coordinates":[[[120.645161,23.804621],[120.645797,23.804056],[120.645903,23.804113],[120.646095,23.803898],[120.646144,23.803759],[120.646061,23.803669],[120.646359,23.803356],[120.646413,23.803139],[120.646406,23.803138],[120.646409,23.803134],[120.646278,23.803076],[120.646224,23.803045],[120.645983,23.802841],[120.645848,23.802718],[120.64583,23.802695],[120.64583,23.802672],[120.645889,23.802571],[120.645766,23.802484],[120.645649,23.802447],[120.645601,23.802441],[120.645583,23.802446],[120.645445,23.802673],[120.645258,23.803031],[120.645203,23.803116],[120.645149,23.803245],[120.644914,23.803616],[120.644838,23.803607],[120.64472,23.803617],[120.644676,23.803639],[120.644672,23.803632],[120.64457,23.803688],[120.644414,23.803797],[120.644294,23.803931],[120.644243,23.804007],[120.644215,23.804067],[120.644438,23.804302],[120.644523,23.804252],[120.644881,23.804558],[120.64501,23.80465],[120.645077,23.804647],[120.645112,23.804639],[120.645161,23.804621]]]}},{"type":"Feature","properties":{"id":"cc6c6f35d9e2","name":"彰化縣立二林高級中學","level":"高中職","basis":"both","data_ym":"202012"},"geometry":{"type":"Polygon","coordinates":[[[120.358835,23.891472],[120.359787,23.890826],[120.359856,23.890778],[120.359885,23.890751],[120.359887,23.890716],[120.35982,23.890619],[120.359814,23.890587],[120.359831,23.890529],[120.359931,23.890402],[120.360053,23.890286],[120.360048,23.890274],[120.360058,23.890242],[120.360157,23.890144],[120.359987,23.890001],[120.359956,23.890032],[120.359655,23.889794],[120.359688,23.889758],[120.359638,23.889718],[120.359604,23.889754],[120.359339,23.889537],[120.359376,23.889492],[120.359272,23.889401],[120.35888,23.889598],[120.358525,23.889726],[120.358326,23.889766],[120.35832,23.889774],[120.358313,23.889769],[120.358297,23.889771],[120.358021,23.889601],[120.357828,23.889939],[120.35727,23.890894],[120.357203,23.891022],[120.357224,23.891032],[120.357324,23.891399],[120.357535,23.891363],[120.357491,23.891252],[120.358079,23.891131],[120.358145,23.891337],[120.358234,23.891673],[120.358688,23.891576],[120.358754,23.891521],[120.358835,23.891472]]]}},{"type":"Feature","properties":{"id":"4703ab6d8203","name":"彰化縣立大同國民中學","level":"國中","basis":"both","data_ym":"202410"},"geometry":{"type":"Polygon","coordinates":[[[120.57935,23.963027],[120.578884,23.962952],[120.578888,23.962931],[120.578391,23.962844],[120.578385,23.962872],[120.578289,23.962855],[120.578254,23.962966],[120.578197,23.962954],[120.57813,23.963349],[120.57814,23.963351],[120.578072,23.96367],[120.57784,23.963729],[120.577661,23.963763],[120.577364,23.96383],[120.577393,23.963939],[120.577441,23.964361],[120.579086,23.964525],[120.579263,23.964548],[120.579293,23.964506],[120.579424,23.963917],[120.579444,23.963812],[120.579573,23.963228],[120.579599,23.963092],[120.579594,23.963081],[120.579578,23.963073],[120.57935,23.963027]]]}},{"type":"Feature","properties":{"id":"0c13e0219f2a","name":"彰化縣立大村國民中學","level":"國中","basis":"both","data_ym":"201901"},"geometry":{"type":"Polygon","coordinates":[[[120.566391,23.988551],[120.566569,23.988208],[120.566764,23.988041],[120.566772,23.98801],[120.566779,23.98776],[120.566809,23.98755],[120.566814,23.987421],[120.566167,23.987355],[120.565682,23.987317],[120.565632,23.987325],[120.565596,23.987337],[120.565546,23.987361],[120.565501,23.987391],[120.565456,23.987427],[120.565393,23.987439],[120.565208,23.987735],[120.564681,23.988555],[120.56515,23.988561],[120.566391,23.988551]]]}},{"type":"Feature","properties":{"id":"9879afb052d8","name":"彰化縣立大城國民中學","level":"國中","basis":"both","data_ym":"201810"},"geometry":{"type":"Polygon","coordinates":[[[120.324893,23.853082],[120.324775,23.852744],[120.324684,23.8525],[120.323887,23.852785],[120.323882,23.852769],[120.323812,23.852794],[120.323816,23.852805],[120.323373,23.852961],[120.323245,23.853001],[120.323345,23.85332],[120.323533,23.853963],[120.323671,23.854314],[120.323713,23.854315],[120.323747,23.854465],[120.324545,23.854209],[120.324421,23.853834],[120.324732,23.853723],[120.32506,23.853519],[120.324991,23.853328],[120.324893,23.853082]]]}},{"type":"Feature","properties":{"id":"a76eb7bab8d2","name":"彰化縣立北斗國民中學","level":"國中","basis":"both","data_ym":"201610"},"geometry":{"type":"Polygon","coordinates":[[[120.522578,23.875517],[120.522508,23.875467],[120.522187,23.875485],[120.521968,23.87552],[120.521847,23.87556],[120.521681,23.875633],[120.521592,23.875681],[120.521053,23.876039],[120.520771,23.876233],[120.520387,23.876508],[120.520338,23.876567],[120.520304,23.876624],[120.520291,23.876671],[120.520288,23.87673],[120.520294,23.876773],[120.520612,23.877501],[120.520807,23.877936],[120.520839,23.877975],[120.522368,23.878033],[120.522398,23.878016],[120.522637,23.875584],[120.522578,23.875517]]]}},{"type":"Feature","properties":{"id":"0a46c966dd9c","name":"彰化縣立民權華德福實驗國民中小學","level":"國中","basis":"moe","data_ym":"201910"},"geometry":{"type":"Polygon","coordinates":[[[120.347432,23.933657],[120.347499,23.933187],[120.347763,23.933215],[120.347769,23.933198],[120.347803,23.933137],[120.347513,23.933119],[120.347516,23.933094],[120.346698,23.933072],[120.346654,23.933307],[120.346627,23.933349],[120.346598,23.933372],[120.346572,23.933374],[120.346555,23.933571],[120.347418,23.933673],[120.347432,23.933657]]]}},{"type":"Feature","properties":{"id":"570d65c28922","name":"彰化縣立永靖國民中學","level":"國中","basis":"both","data_ym":"201811"},"geometry":{"type":"Polygon","coordinates":[[[120.551189,23.929433],[120.550926,23.928627],[120.550627,23.928676],[120.550213,23.928734],[120.550193,23.928746],[120.550084,23.929203],[120.550092,23.929334],[120.550059,23.92936],[120.550055,23.929375],[120.550066,23.929781],[120.550097,23.930417],[120.550106,23.930518],[120.550124,23.93058],[120.550165,23.930689],[120.550266,23.930879],[120.551,23.930948],[120.551003,23.930973],[120.551218,23.930968],[120.551242,23.930962],[120.551777,23.930959],[120.551472,23.930478],[120.551433,23.930451],[120.551334,23.930266],[120.551309,23.929791],[120.551264,23.929658],[120.551252,23.929503],[120.551189,23.929433]]]}},{"type":"Feature","properties":{"id":"e810b794ca07","name":"彰化縣立田中高級中學","level":"高中職","basis":"both","data_ym":"201901"},"geometry":{"type":"Polygon","coordinates":[[[120.587378,23.856005],[120.587536,23.856086],[120.589148,23.856248],[120.589371,23.855181],[120.589333,23.855174],[120.589359,23.855041],[120.589356,23.855014],[120.589342,23.854998],[120.589297,23.85498],[120.588334,23.8546],[120.588069,23.854867],[120.588065,23.854865],[120.58796,23.854981],[120.587753,23.855167],[120.587668,23.855224],[120.587627,23.855329],[120.587598,23.855365],[120.587485,23.855583],[120.587426,23.855676],[120.58736,23.855763],[120.587399,23.855777],[120.587378,23.856005]]]}},{"type":"Feature","properties":{"id":"9dc02f065ff4","name":"彰化縣立田尾國民中學","level":"國中","basis":"both","data_ym":"202410"},"geometry":{"type":"Polygon","coordinates":[[[120.53517,23.891345],[120.535255,23.890997],[120.53526,23.890955],[120.535257,23.890932],[120.535236,23.890896],[120.534951,23.890644],[120.534925,23.890611],[120.534913,23.890575],[120.53491,23.890537],[120.534925,23.890507],[120.534946,23.890481],[120.535193,23.890231],[120.535329,23.890097],[120.53538,23.890053],[120.535211,23.889911],[120.53565,23.889506],[120.535838,23.889306],[120.535923,23.889266],[120.536059,23.889096],[120.536144,23.889025],[120.535912,23.889059],[120.535607,23.889131],[120.534919,23.889309],[120.534371,23.889445],[120.534277,23.889484],[120.534247,23.889491],[120.53425,23.8895],[120.534042,23.889547],[120.534038,23.889532],[120.533293,23.889724],[120.533427,23.890204],[120.533413,23.890206],[120.53345,23.890512],[120.533457,23.890628],[120.533524,23.890746],[120.533621,23.890943],[120.533655,23.890992],[120.533956,23.891365],[120.533938,23.891374],[120.53397,23.891433],[120.534015,23.891535],[120.534032,23.891586],[120.53415,23.891316],[120.534665,23.891474],[120.534964,23.891557],[120.535189,23.891626],[120.535168,23.891526],[120.535159,23.891437],[120.53517,23.891345]]]}},{"type":"Feature","properties":{"id":"f2f736b8ce61","name":"彰化縣立成功高級中學","level":"高中職","basis":"both","data_ym":"201810"},"geometry":{"type":"Polygon","coordinates":[[[120.472034,23.951598],[120.470632,23.950195],[120.468946,23.951646],[120.468946,23.951672],[120.469725,23.952422],[120.470928,23.953571],[120.470981,23.953575],[120.471386,23.953165],[120.47166,23.952899],[120.471973,23.952616],[120.472059,23.952547],[120.472425,23.952298],[120.472621,23.952174],[120.472034,23.951598]]]}},{"type":"Feature","properties":{"id":"c95a0f6d8429","name":"彰化縣立竹塘國民中學","level":"國中","basis":"both","data_ym":"202207"},"geometry":{"type":"Polygon","coordinates":[[[120.426718,23.864747],[120.426737,23.863848],[120.42662,23.863849],[120.426548,23.863816],[120.426525,23.86379],[120.426517,23.863787],[120.42566,23.863784],[120.425573,23.865374],[120.425864,23.865405],[120.426465,23.865455],[120.426491,23.865446],[120.426504,23.865437],[120.426517,23.865418],[120.426565,23.865288],[120.426576,23.865238],[120.42658,23.864782],[120.426583,23.864746],[120.426718,23.864747]]]}},{"type":"Feature","properties":{"id":"c6423b855a64","name":"彰化縣立伸港國民中學","level":"國中","basis":"both","data_ym":"201901"},"geometry":{"type":"Polygon","coordinates":[[[120.485146,24.149085],[120.484273,24.14918],[120.48429,24.149409],[120.484286,24.149716],[120.484272,24.150247],[120.484261,24.150384],[120.484226,24.15048],[120.484197,24.150534],[120.484159,24.150621],[120.48415,24.150657],[120.484145,24.1507],[120.484421,24.15066],[120.484696,24.150603],[120.48539,24.150474],[120.486088,24.150358],[120.486029,24.150054],[120.485775,24.149976],[120.485757,24.149748],[120.48555,24.149747],[120.485516,24.149104],[120.485148,24.149103],[120.485146,24.149085]]]}},{"type":"Feature","properties":{"id":"cd09b4f35852","name":"彰化縣立伸港國民中學第二校區","level":"大專","basis":"branch","data_ym":"202012"},"geometry":{"type":"Polygon","coordinates":[[[120.491013,24.143893],[120.490796,24.143886],[120.490881,24.144293],[120.490899,24.144409],[120.490905,24.144748],[120.490939,24.145552],[120.490928,24.145553],[120.490931,24.145607],[120.490969,24.145603],[120.490969,24.145592],[120.492293,24.145293],[120.492258,24.145195],[120.492102,24.144709],[120.491966,24.144472],[120.491886,24.14435],[120.491815,24.144257],[120.491765,24.144205],[120.49169,24.14414],[120.491624,24.144093],[120.491566,24.144061],[120.491482,24.144028],[120.491276,24.143964],[120.491103,24.143914],[120.491013,24.143893]]]}},{"type":"Feature","properties":{"id":"19c7cd1fe0fd","name":"彰化縣立秀水國民中學","level":"國中","basis":"both","data_ym":"202209"},"geometry":{"type":"Polygon","coordinates":[[[120.503729,24.036937],[120.504055,24.036935],[120.505372,24.036941],[120.50539,24.036935],[120.505396,24.036815],[120.505392,24.036815],[120.505394,24.036778],[120.505397,24.036778],[120.50543,24.036166],[120.505374,24.03611],[120.50547,24.035985],[120.505341,24.035895],[120.505281,24.035864],[120.505242,24.036052],[120.504721,24.035843],[120.504554,24.035768],[120.50443,24.03572],[120.503835,24.03559],[120.503804,24.035965],[120.5038,24.036065],[120.503786,24.036079],[120.503774,24.03613],[120.503748,24.036147],[120.503691,24.036707],[120.503684,24.0369],[120.503729,24.036937]]]}},{"type":"Feature","properties":{"id":"4e8d1e02ecf5","name":"彰化縣立和美高級中學","level":"高中職","basis":"both","data_ym":"202407"},"geometry":{"type":"Polygon","coordinates":[[[120.49416,24.112853],[120.494046,24.112233],[120.494072,24.112229],[120.494058,24.112155],[120.494043,24.112157],[120.49402,24.112052],[120.493482,24.112124],[120.493417,24.111941],[120.493363,24.111815],[120.493117,24.111868],[120.492988,24.111444],[120.492838,24.111468],[120.492101,24.111557],[120.491893,24.111483],[120.49173,24.111891],[120.491625,24.112298],[120.491607,24.112398],[120.491768,24.112424],[120.491807,24.112608],[120.492003,24.112665],[120.492159,24.112716],[120.492179,24.112664],[120.492248,24.112693],[120.492341,24.112747],[120.492859,24.112937],[120.492876,24.112985],[120.493709,24.113307],[120.493771,24.113261],[120.494141,24.112951],[120.494204,24.112903],[120.494197,24.112883],[120.49416,24.112853]]]}},{"type":"Feature","properties":{"id":"73994b5a934b","name":"彰化縣立和美高級中學第二校區","level":"大專","basis":"branch","data_ym":"202210"},"geometry":{"type":"Polygon","coordinates":[[[120.506238,24.110364],[120.506858,24.110368],[120.506844,24.110035],[120.506602,24.109801],[120.506414,24.109603],[120.506124,24.109277],[120.504509,24.10968],[120.504518,24.109886],[120.504521,24.110126],[120.504514,24.110361],[120.506238,24.110364]]]}},{"type":"Feature","properties":{"id":"7f6d051db64a","name":"彰化縣立和群國民中學","level":"國中","basis":"both","data_ym":"201811"},"geometry":{"type":"Polygon","coordinates":[[[120.520129,24.112127],[120.520463,24.112077],[120.520467,24.112083],[120.520499,24.112098],[120.520567,24.112094],[120.520584,24.112086],[120.520593,24.112072],[120.520594,24.112053],[120.520569,24.111936],[120.520537,24.111664],[120.52052,24.111592],[120.520394,24.111185],[120.520367,24.111136],[120.520352,24.111133],[120.52025,24.111145],[120.520221,24.111129],[120.520209,24.111108],[120.520176,24.111113],[120.51965,24.111289],[120.519449,24.111348],[120.518972,24.111517],[120.519005,24.111595],[120.51906,24.111749],[120.519073,24.111821],[120.519082,24.111925],[120.519066,24.111957],[120.518959,24.111963],[120.518995,24.11243],[120.519049,24.112878],[120.518837,24.112992],[120.518812,24.11305],[120.518718,24.113134],[120.518679,24.11318],[120.518523,24.113266],[120.518429,24.113382],[120.518817,24.113316],[120.520286,24.113049],[120.520143,24.112749],[120.520035,24.112538],[120.520003,24.112437],[120.519965,24.112259],[120.519959,24.112205],[120.519986,24.112153],[120.520031,24.112137],[120.520129,24.112127]]]}},{"type":"Feature","properties":{"id":"a124b99b6441","name":"彰化縣立明倫國民中學","level":"國中","basis":"both","data_ym":"201810"},"geometry":{"type":"Polygon","coordinates":[[[120.585559,23.946412],[120.585536,23.946586],[120.585475,23.94658],[120.585462,23.946684],[120.585335,23.946668],[120.585273,23.947063],[120.585242,23.947747],[120.585252,23.94779],[120.585277,23.947829],[120.585909,23.947856],[120.586533,23.947897],[120.586586,23.947859],[120.586731,23.947155],[120.58677,23.947166],[120.58682,23.946991],[120.587079,23.947008],[120.587089,23.9469],[120.587086,23.946636],[120.586807,23.946619],[120.586779,23.946626],[120.585766,23.946453],[120.585559,23.946412]]]}},{"type":"Feature","properties":{"id":"8a5a54c4d361","name":"彰化縣立社頭國民中學","level":"國中","basis":"both","data_ym":"202410"},"geometry":{"type":"Polygon","coordinates":[[[120.585392,23.902843],[120.58568,23.902512],[120.585258,23.902279],[120.585334,23.901996],[120.585387,23.901237],[120.5853,23.90123],[120.584878,23.90122],[120.584353,23.901198],[120.584346,23.901225],[120.584081,23.901216],[120.584081,23.901192],[120.583511,23.901154],[120.583108,23.901139],[120.583089,23.901145],[120.583327,23.902701],[120.584604,23.90279],[120.584675,23.902786],[120.585329,23.902821],[120.585366,23.902851],[120.585392,23.902843]]]}},{"type":"Feature","properties":{"id":"4a6a6c3756a5","name":"彰化縣立芬園國民中學","level":"國中","basis":"both","data_ym":"202209"},"geometry":{"type":"Polygon","coordinates":[[[120.626562,24.011874],[120.626593,24.011837],[120.626608,24.011748],[120.626556,24.01174],[120.626581,24.01161],[120.626376,24.011566],[120.626397,24.011514],[120.62561,24.011332],[120.625467,24.011303],[120.625161,24.011009],[120.625207,24.010951],[120.625041,24.010865],[120.62503,24.010864],[120.62495,24.010891],[120.62491,24.010896],[120.624755,24.01085],[120.62417,24.010629],[120.623901,24.010969],[120.623701,24.011253],[120.623948,24.01139],[120.624159,24.011521],[120.624209,24.011452],[120.624241,24.011428],[120.624348,24.011318],[120.624829,24.011589],[120.625162,24.011764],[120.625282,24.011733],[120.625366,24.011767],[120.625334,24.011918],[120.625506,24.011953],[120.6255,24.01202],[120.625393,24.012337],[120.625566,24.012427],[120.625641,24.012459],[120.625842,24.012519],[120.625881,24.012478],[120.626156,24.012548],[120.626261,24.012549],[120.626357,24.01253],[120.626389,24.012535],[120.626387,24.012608],[120.626393,24.012621],[120.626421,24.01263],[120.626562,24.011874]]]}},{"type":"Feature","properties":{"id":"a9c9858ac5dc","name":"彰化縣立花壇國民中學","level":"國中","basis":"both","data_ym":"202410"},"geometry":{"type":"Polygon","coordinates":[[[120.550649,24.030891],[120.550915,24.030768],[120.551028,24.030767],[120.551076,24.030749],[120.55112,24.030723],[120.551144,24.030696],[120.551213,24.030143],[120.551183,24.030136],[120.551175,24.030078],[120.551054,24.030017],[120.551103,24.029889],[120.551076,24.029856],[120.55089,24.0298],[120.550634,24.029712],[120.550552,24.029657],[120.550455,24.029609],[120.550398,24.029593],[120.549932,24.029408],[120.549641,24.02931],[120.549195,24.029147],[120.549187,24.029179],[120.549221,24.029191],[120.54919,24.029263],[120.549099,24.02968],[120.549105,24.029696],[120.549122,24.029705],[120.549096,24.029837],[120.549062,24.029842],[120.549052,24.029864],[120.548972,24.030328],[120.548976,24.030338],[120.548995,24.030359],[120.549575,24.030543],[120.549883,24.030657],[120.550268,24.030771],[120.550649,24.030891]]]}},{"type":"Feature","properties":{"id":"c559a1dc2820","name":"彰化縣立芳苑國民中學","level":"國中","basis":"both","data_ym":"202008"},"geometry":{"type":"Polygon","coordinates":[[[120.320316,23.92262],[120.320224,23.922221],[120.320184,23.922101],[120.319699,23.922303],[120.31965,23.92224],[120.318887,23.922587],[120.319178,23.923333],[120.319355,23.92372],[120.319393,23.923829],[120.319385,23.92408],[120.319424,23.924151],[120.319382,23.92417],[120.319382,23.924184],[120.319483,23.92439],[120.319699,23.92425],[120.320535,23.923693],[120.320316,23.92262]]]}},{"type":"Feature","properties":{"id":"7a993908711d","name":"彰化縣立信義國民中小學","level":"國中","basis":"moe","data_ym":"201811"},"geometry":{"type":"Polygon","coordinates":[[[120.528542,24.062577],[120.52846,24.062566],[120.528371,24.062587],[120.528023,24.062769],[120.527491,24.063037],[120.52776,24.063417],[120.527861,24.063578],[120.528144,24.06399],[120.528716,24.063649],[120.529356,24.063246],[120.52943,24.063207],[120.529395,24.063164],[120.529028,24.062893],[120.528628,24.062611],[120.528542,24.062577]]]}},{"type":"Feature","properties":{"id":"f270dc2bfef7","name":"彰化縣立原斗國民中小學","level":"國中","basis":"moe","data_ym":"202207"},"geometry":{"type":"Polygon","coordinates":[[[120.427577,23.896699],[120.427597,23.896197],[120.427602,23.895718],[120.427642,23.894738],[120.42791,23.894704],[120.427994,23.894308],[120.428213,23.893118],[120.428029,23.893063],[120.427225,23.893529],[120.427341,23.89373],[120.427338,23.893785],[120.427324,23.893863],[120.427335,23.893916],[120.427299,23.893956],[120.427069,23.894098],[120.426904,23.894211],[120.426898,23.894204],[120.4268,23.894262],[120.426801,23.894276],[120.426418,23.89418],[120.426385,23.89437],[120.426409,23.894374],[120.426366,23.894549],[120.426325,23.894546],[120.426317,23.894551],[120.426254,23.894892],[120.426276,23.894889],[120.426059,23.895921],[120.426412,23.89596],[120.426405,23.896211],[120.426416,23.896221],[120.426423,23.896262],[120.426466,23.896578],[120.426478,23.896577],[120.426479,23.896584],[120.426487,23.896584],[120.426506,23.896767],[120.426907,23.896735],[120.427577,23.896699]]]}},{"type":"Feature","properties":{"id":"f84d0b32f13b","name":"彰化縣立員林國民中學","level":"國中","basis":"both","data_ym":"201810"},"geometry":{"type":"Polygon","coordinates":[[[120.560226,23.963763],[120.560232,23.963516],[120.560415,23.963517],[120.560456,23.963378],[120.560458,23.963306],[120.560469,23.963306],[120.560473,23.963233],[120.560451,23.963232],[120.560473,23.962827],[120.560462,23.962808],[120.56045,23.962799],[120.560048,23.962794],[120.559994,23.962829],[120.559932,23.962839],[120.559874,23.962763],[120.558757,23.962846],[120.558266,23.962875],[120.558302,23.963209],[120.558362,23.96365],[120.55845,23.964051],[120.558938,23.964027],[120.559032,23.964019],[120.559066,23.964009],[120.559864,23.963967],[120.559858,23.963779],[120.560226,23.963763]]]}},{"type":"Feature","properties":{"id":"b6a62e6352df","name":"彰化縣立埔心國民中學","level":"國中","basis":"both","data_ym":"202410"},"geometry":{"type":"Polygon","coordinates":[[[120.54303,23.954395],[120.543122,23.953788],[120.543131,23.953789],[120.54314,23.953736],[120.543129,23.953735],[120.543187,23.953342],[120.543153,23.95334],[120.543148,23.953323],[120.542002,23.953565],[120.542004,23.953601],[120.541876,23.953618],[120.54187,23.953591],[120.541664,23.953633],[120.541497,23.953765],[120.541363,23.954471],[120.541378,23.954532],[120.542973,23.954441],[120.54303,23.954395]]]}},{"type":"Feature","properties":{"id":"166227c9fa86","name":"彰化縣立埔鹽國民中學","level":"國中","basis":"both","data_ym":"202407"},"geometry":{"type":"Polygon","coordinates":[[[120.466698,23.999125],[120.466687,23.999121],[120.466395,23.999262],[120.466088,23.999397],[120.46555,23.999619],[120.465553,23.999625],[120.465537,23.999631],[120.465526,23.999668],[120.465638,23.999888],[120.465723,24.000186],[120.465776,24.000517],[120.465972,24.001452],[120.467055,24.001194],[120.467074,24.001159],[120.466928,24.000448],[120.466898,24.000441],[120.466885,24.000342],[120.466908,24.000309],[120.466946,24.000304],[120.466698,23.999125]]]}},{"type":"Feature","properties":{"id":"7d9c59f6dfad","name":"彰化縣立草湖國民中學","level":"國中","basis":"both","data_ym":"202012"},"geometry":{"type":"Polygon","coordinates":[[[120.379125,23.958695],[120.378895,23.957849],[120.378588,23.957921],[120.377694,23.958116],[120.377513,23.959148],[120.37745,23.959693],[120.377511,23.959685],[120.378344,23.959489],[120.378287,23.959291],[120.379139,23.959035],[120.379033,23.958827],[120.379001,23.958748],[120.379125,23.958695]]]}},{"type":"Feature","properties":{"id":"06aff47f6ccb","name":"彰化縣立埤頭國民中學","level":"國中","basis":"both","data_ym":"202012"},"geometry":{"type":"Polygon","coordinates":[[[120.461202,23.879732],[120.461183,23.879726],[120.460776,23.87982],[120.460356,23.880002],[120.460008,23.880163],[120.459976,23.880213],[120.460087,23.880314],[120.45998,23.880881],[120.459968,23.881171],[120.459973,23.881309],[120.459994,23.88148],[120.46129,23.881392],[120.461286,23.88136],[120.461263,23.881275],[120.461106,23.880739],[120.461035,23.880514],[120.461036,23.880498],[120.461048,23.880482],[120.461364,23.880388],[120.461379,23.880364],[120.46121,23.87974],[120.461202,23.879732]]]}},{"type":"Feature","properties":{"id":"e88992f62b68","name":"彰化縣立晨陽學園","level":"其他","basis":"none","data_ym":"202008"},"geometry":{"type":"Polygon","coordinates":[[[120.312263,23.902469],[120.312198,23.902255],[120.312061,23.902301],[120.31196,23.902044],[120.310858,23.902402],[120.310923,23.902551],[120.311021,23.902752],[120.311064,23.902865],[120.312263,23.902469]]]}},{"type":"Feature","properties":{"id":"40a64a6bbd2f","name":"彰化縣立鹿江國際國民中小學","level":"國中","basis":"moe","data_ym":"202407"},"geometry":{"type":"Polygon","coordinates":[[[120.437402,24.066975],[120.438461,24.066983],[120.438488,24.066886],[120.43928,24.066139],[120.439274,24.065236],[120.43928,24.06523],[120.439287,24.064569],[120.439308,24.064539],[120.439308,24.064285],[120.439317,24.064237],[120.439315,24.063833],[120.438465,24.063831],[120.438425,24.063835],[120.438408,24.063847],[120.438393,24.063875],[120.438389,24.063913],[120.438402,24.064654],[120.438402,24.064892],[120.438473,24.064892],[120.438464,24.064977],[120.43844,24.065061],[120.438409,24.065122],[120.438373,24.065178],[120.438127,24.065405],[120.438107,24.065405],[120.438112,24.065657],[120.437843,24.065656],[120.437418,24.066046],[120.437292,24.066187],[120.437252,24.066242],[120.437241,24.066305],[120.437238,24.066362],[120.437238,24.066451],[120.437247,24.066501],[120.437258,24.066546],[120.437402,24.066975]]]}},{"type":"Feature","properties":{"id":"5fec20ace0ee","name":"彰化縣立鹿港國民中學","level":"國中","basis":"both","data_ym":"202407"},"geometry":{"type":"Polygon","coordinates":[[[120.441737,24.049654],[120.44169,24.049618],[120.441241,24.049762],[120.440303,24.050022],[120.440116,24.050066],[120.439936,24.050124],[120.439444,24.050237],[120.439431,24.050246],[120.439424,24.050256],[120.439032,24.051878],[120.439523,24.051976],[120.441135,24.052281],[120.441737,24.049654]]]}},{"type":"Feature","properties":{"id":"b1e6ecf0c822","name":"彰化縣立鹿鳴國民中學","level":"國中","basis":"both","data_ym":"202407"},"geometry":{"type":"Polygon","coordinates":[[[120.468999,24.096348],[120.468982,24.096343],[120.468039,24.096557],[120.468414,24.097919],[120.467958,24.098015],[120.468163,24.098732],[120.468208,24.098765],[120.468883,24.098923],[120.468974,24.098933],[120.469095,24.098893],[120.46916,24.098852],[120.469561,24.098427],[120.469513,24.098336],[120.469454,24.098117],[120.46939,24.097863],[120.469349,24.097599],[120.469193,24.097052],[120.46902,24.096373],[120.468999,24.096348]]]}},{"type":"Feature","properties":{"id":"767edf3f2ccf","name":"彰化縣立陽明國民中學","level":"國中","basis":"both","data_ym":"202410"},"geometry":{"type":"Polygon","coordinates":[[[120.551962,24.085874],[120.550286,24.085502],[120.549908,24.086902],[120.551535,24.087255],[120.551569,24.087239],[120.551962,24.085874]]]}},{"type":"Feature","properties":{"id":"69b83e97ed3b","name":"彰化縣立溪州國民中學","level":"國中","basis":"both","data_ym":"202012"},"geometry":{"type":"Polygon","coordinates":[[[120.495191,23.851103],[120.496368,23.85097],[120.49637,23.850985],[120.496517,23.850995],[120.496568,23.850993],[120.497312,23.849578],[120.49666,23.849641],[120.494775,23.849791],[120.494944,23.851126],[120.495191,23.851103]]]}},{"type":"Feature","properties":{"id":"ef06c48edc9d","name":"彰化縣立溪湖國民中學","level":"國中","basis":"both","data_ym":"201810"},"geometry":{"type":"Polygon","coordinates":[[[120.483023,23.966157],[120.482957,23.966152],[120.480219,23.966174],[120.480206,23.966187],[120.480176,23.966991],[120.480175,23.967485],[120.482585,23.967526],[120.483008,23.967524],[120.483036,23.967514],[120.483045,23.966177],[120.483023,23.966157]]]}},{"type":"Feature","properties":{"id":"44082150fb75","name":"彰化縣立溪陽國民中學","level":"國中","basis":"both","data_ym":"201811"},"geometry":{"type":"Polygon","coordinates":[[[120.544378,23.824936],[120.54493,23.824607],[120.544342,23.824004],[120.54397,23.82364],[120.54402,23.823468],[120.543561,23.82351],[120.543445,23.82353],[120.543415,23.82354],[120.543272,23.823611],[120.543212,23.823633],[120.543174,23.823631],[120.542813,23.823672],[120.542782,23.823702],[120.542808,23.824025],[120.542826,23.824176],[120.542914,23.824423],[120.543549,23.824689],[120.54373,23.824756],[120.543939,23.82482],[120.544378,23.824936]]]}},{"type":"Feature","properties":{"id":"492fb3a2eecd","name":"彰化縣立萬興國民中學","level":"國中","basis":"both","data_ym":"202110"},"geometry":{"type":"Polygon","coordinates":[[[120.416253,23.956699],[120.416077,23.955713],[120.415611,23.955795],[120.415561,23.955556],[120.414673,23.955745],[120.414731,23.955995],[120.414781,23.95626],[120.414931,23.956998],[120.415881,23.956779],[120.416253,23.956699]]]}},{"type":"Feature","properties":{"id":"7e011f9d3b0d","name":"彰化縣立彰化藝術高級中學","level":"高中職","basis":"both","data_ym":"202410"},"geometry":{"type":"Polygon","coordinates":[[[120.557469,24.076862],[120.557367,24.076908],[120.557247,24.07674],[120.55703,24.076414],[120.557001,24.076393],[120.556941,24.076371],[120.556781,24.076367],[120.556355,24.076369],[120.555837,24.076378],[120.555772,24.076365],[120.55568,24.076305],[120.555552,24.076275],[120.555465,24.076232],[120.555431,24.076202],[120.555327,24.076147],[120.555066,24.076037],[120.554885,24.076058],[120.554761,24.076066],[120.554264,24.076057],[120.554191,24.076035],[120.554163,24.075657],[120.554088,24.075689],[120.554129,24.075757],[120.553945,24.075854],[120.553958,24.075885],[120.553926,24.075927],[120.553912,24.076136],[120.553963,24.076151],[120.553981,24.076193],[120.553963,24.076199],[120.553981,24.076381],[120.553901,24.076397],[120.553871,24.076414],[120.553837,24.076422],[120.553774,24.076413],[120.553697,24.076378],[120.553556,24.076304],[120.553406,24.076248],[120.55343,24.076153],[120.55341,24.076116],[120.553356,24.076082],[120.553362,24.076148],[120.553294,24.076154],[120.553311,24.076298],[120.553316,24.076316],[120.553335,24.076324],[120.553344,24.076341],[120.553345,24.076368],[120.553329,24.076403],[120.55334,24.076491],[120.553256,24.076508],[120.55327,24.076612],[120.55328,24.076967],[120.553403,24.077048],[120.553469,24.077077],[120.553527,24.077216],[120.553561,24.077551],[120.55361,24.078155],[120.553608,24.078381],[120.553592,24.078474],[120.553571,24.078555],[120.553553,24.078594],[120.553521,24.078636],[120.553449,24.078701],[120.553498,24.079543],[120.553516,24.079592],[120.553854,24.079444],[120.553971,24.079402],[120.554131,24.079425],[120.554244,24.079427],[120.554313,24.079424],[120.554388,24.079406],[120.554515,24.079347],[120.554693,24.079272],[120.554999,24.079179],[120.555135,24.079129],[120.55526,24.079069],[120.555402,24.078982],[120.555388,24.078583],[120.555373,24.07857],[120.555364,24.078183],[120.555499,24.078169],[120.555569,24.07818],[120.555621,24.078195],[120.555753,24.078195],[120.555799,24.07819],[120.555759,24.078039],[120.556163,24.077982],[120.556163,24.077991],[120.556327,24.077947],[120.556675,24.077831],[120.556697,24.077883],[120.556758,24.077873],[120.558023,24.077585],[120.557837,24.077388],[120.557743,24.077216],[120.557647,24.077101],[120.557514,24.076922],[120.557519,24.076914],[120.557469,24.076862]]]}},{"type":"Feature","properties":{"id":"7e4666b4bdc4","name":"彰化縣立彰安國民中學","level":"國中","basis":"both","data_ym":"202410"},"geometry":{"type":"Polygon","coordinates":[[[120.535719,24.070905],[120.535713,24.070849],[120.535681,24.070721],[120.535636,24.070681],[120.535616,24.070588],[120.535623,24.070566],[120.535649,24.070531],[120.535533,24.069999],[120.53551,24.070001],[120.535507,24.069991],[120.53442,24.070144],[120.534414,24.0701],[120.534066,24.070165],[120.533637,24.070225],[120.533868,24.071241],[120.534478,24.071128],[120.534481,24.071136],[120.535719,24.070905]]]}},{"type":"Feature","properties":{"id":"680eed29a197","name":"彰化縣立彰泰國民中學","level":"國中","basis":"both","data_ym":"201811"},"geometry":{"type":"Polygon","coordinates":[[[120.54862,24.091412],[120.548005,24.091269],[120.547914,24.091283],[120.547559,24.092555],[120.547565,24.092582],[120.54758,24.092607],[120.547614,24.092624],[120.548731,24.092831],[120.548848,24.092902],[120.549854,24.093141],[120.549963,24.092782],[120.550235,24.091806],[120.55019,24.091726],[120.550132,24.091716],[120.549525,24.091585],[120.549214,24.091533],[120.54862,24.091412]]]}},{"type":"Feature","properties":{"id":"e415708b2466","name":"彰化縣立彰德國民中學","level":"國中","basis":"both","data_ym":"201810"},"geometry":{"type":"Polygon","coordinates":[[[120.589623,24.078795],[120.589621,24.07856],[120.589497,24.078571],[120.589081,24.078641],[120.588874,24.07869],[120.588753,24.078763],[120.588682,24.078843],[120.588668,24.078887],[120.588673,24.078913],[120.588858,24.079293],[120.588948,24.079399],[120.589052,24.079543],[120.589124,24.079688],[120.589147,24.07981],[120.589141,24.079958],[120.589127,24.080048],[120.589078,24.080169],[120.589026,24.080279],[120.589003,24.080359],[120.589019,24.080437],[120.58906,24.080511],[120.589092,24.080537],[120.589276,24.080583],[120.589331,24.080571],[120.590133,24.080234],[120.590168,24.080213],[120.589922,24.079683],[120.589693,24.079151],[120.589657,24.079033],[120.589623,24.078795]]]}},{"type":"Feature","properties":{"id":"6fb9d334ef90","name":"彰化縣立彰興國民中學","level":"國中","basis":"both","data_ym":"201811"},"geometry":{"type":"Polygon","coordinates":[[[120.538826,24.060758],[120.538708,24.059811],[120.538632,24.059243],[120.537521,24.059264],[120.537607,24.059816],[120.537692,24.060583],[120.537722,24.060603],[120.537755,24.060826],[120.538826,24.060758]]]}},{"type":"Feature","properties":{"id":"66ba6c16ea9f","name":"彰化縣立福興國民中學","level":"國中","basis":"both","data_ym":"202407"},"geometry":{"type":"Polygon","coordinates":[[[120.436601,24.041874],[120.437299,24.041714],[120.43732,24.041771],[120.437649,24.041693],[120.437575,24.041427],[120.43787,24.041354],[120.437706,24.040857],[120.437626,24.040883],[120.437533,24.040905],[120.437513,24.040821],[120.437346,24.040797],[120.4372,24.040352],[120.437172,24.040284],[120.437162,24.040265],[120.437143,24.040245],[120.437097,24.04022],[120.436857,24.040222],[120.436861,24.040272],[120.436612,24.04033],[120.436227,24.040433],[120.436253,24.040535],[120.436219,24.040544],[120.436293,24.040778],[120.436601,24.041874]]]}},{"type":"Feature","properties":{"id":"9ca9ba93cd1c","name":"彰化縣立線西國民中學","level":"國中","basis":"both","data_ym":"202209"},"geometry":{"type":"Polygon","coordinates":[[[120.469396,24.131956],[120.469193,24.131693],[120.469161,24.131713],[120.468823,24.131246],[120.468447,24.130763],[120.468426,24.130732],[120.468425,24.130694],[120.468439,24.130674],[120.468676,24.130534],[120.468574,24.13053],[120.467468,24.131306],[120.467285,24.131428],[120.467303,24.131663],[120.467322,24.13166],[120.467475,24.131944],[120.467491,24.132136],[120.46822,24.132027],[120.468273,24.132282],[120.468307,24.132302],[120.468499,24.132258],[120.468549,24.132346],[120.468732,24.13227],[120.468862,24.132489],[120.469172,24.132307],[120.469298,24.132218],[120.469355,24.132154],[120.469276,24.13202],[120.469372,24.131976],[120.469396,24.131956]]]}},{"type":"Feature","properties":{"id":"8f5969e6467e","name":"彰化縣竹塘鄉土庫國民小學","level":"國小","basis":"both","data_ym":"202012"},"geometry":{"type":"Polygon","coordinates":[[[120.409673,23.8494],[120.409595,23.849384],[120.409552,23.849389],[120.409122,23.849506],[120.408873,23.849597],[120.408922,23.849828],[120.40889,23.849845],[120.408946,23.850235],[120.409861,23.850042],[120.410157,23.84997],[120.410114,23.849713],[120.409961,23.849603],[120.409726,23.849425],[120.409673,23.8494]]]}},{"type":"Feature","properties":{"id":"613715f81dcd","name":"彰化縣竹塘鄉民靖國民小學","level":"國小","basis":"name","data_ym":"202407"},"geometry":{"type":"Polygon","coordinates":[[[120.416503,23.87524],[120.416451,23.875099],[120.416213,23.875113],[120.416202,23.875173],[120.416133,23.875164],[120.416135,23.875141],[120.416061,23.87513],[120.415635,23.875148],[120.416003,23.876241],[120.416451,23.876114],[120.416755,23.876019],[120.416663,23.875735],[120.416613,23.875597],[120.416598,23.875532],[120.416503,23.87524]]]}},{"type":"Feature","properties":{"id":"eba0235685c9","name":"彰化縣竹塘鄉田頭國民小學","level":"國小","basis":"both","data_ym":"202207"},"geometry":{"type":"Polygon","coordinates":[[[120.449658,23.837234],[120.449678,23.836506],[120.449462,23.836483],[120.449464,23.836466],[120.448868,23.836422],[120.448857,23.836639],[120.448703,23.836637],[120.44867,23.837416],[120.449597,23.837422],[120.449622,23.837412],[120.449635,23.837401],[120.449649,23.83738],[120.449658,23.837234]]]}},{"type":"Feature","properties":{"id":"c8f0a1c3d25e","name":"彰化縣竹塘鄉竹塘國民小學","level":"國小","basis":"both","data_ym":"201901"},"geometry":{"type":"Polygon","coordinates":[[[120.429811,23.862009],[120.429579,23.861198],[120.429418,23.860593],[120.42885,23.860775],[120.428846,23.86081],[120.428831,23.860824],[120.428707,23.860835],[120.428674,23.860821],[120.428372,23.860854],[120.428333,23.861317],[120.428309,23.861314],[120.428294,23.861447],[120.428297,23.861528],[120.428355,23.861628],[120.428446,23.861936],[120.428473,23.862188],[120.428391,23.862229],[120.428395,23.862794],[120.430029,23.86282],[120.429785,23.862017],[120.429811,23.862009]]]}},{"type":"Feature","properties":{"id":"0a3072397f53","name":"彰化縣竹塘鄉長安國民小學","level":"國小","basis":"both","data_ym":"202012"},"geometry":{"type":"Polygon","coordinates":[[[120.387449,23.848242],[120.387397,23.847138],[120.386985,23.847141],[120.386983,23.847158],[120.386974,23.847172],[120.386942,23.847185],[120.386824,23.84718],[120.386815,23.847164],[120.386811,23.847137],[120.386608,23.847133],[120.386358,23.847135],[120.386353,23.847137],[120.386345,23.847154],[120.386455,23.848282],[120.387449,23.848242]]]}},{"type":"Feature","properties":{"id":"2c8dbdbe7a54","name":"彰化縣伸港鄉大同國民小學","level":"國小","basis":"both","data_ym":"201901"},"geometry":{"type":"Polygon","coordinates":[[[120.492245,24.159667],[120.49222,24.159644],[120.491568,24.160036],[120.491304,24.160179],[120.491097,24.160281],[120.491025,24.160312],[120.491139,24.161032],[120.492436,24.160885],[120.492245,24.159667]]]}},{"type":"Feature","properties":{"id":"7ddff6952906","name":"彰化縣伸港鄉伸仁國民小學","level":"國小","basis":"both","data_ym":"201901"},"geometry":{"type":"Polygon","coordinates":[[[120.477659,24.146791],[120.47758,24.146443],[120.476267,24.146746],[120.476296,24.146891],[120.476328,24.147304],[120.476332,24.147468],[120.476424,24.14746],[120.476468,24.147445],[120.477112,24.147329],[120.477761,24.147203],[120.477659,24.146791]]]}},{"type":"Feature","properties":{"id":"e4fc32d2f8b7","name":"彰化縣伸港鄉伸東國民小學","level":"國小","basis":"both","data_ym":"201901"},"geometry":{"type":"Polygon","coordinates":[[[120.496468,24.145545],[120.496432,24.145543],[120.496019,24.145857],[120.495879,24.145886],[120.495218,24.14598],[120.495197,24.146019],[120.495458,24.146852],[120.495709,24.14758],[120.496524,24.147381],[120.49651,24.147278],[120.496504,24.146725],[120.496484,24.146355],[120.496489,24.146246],[120.4965,24.145571],[120.496468,24.145545]]]}},{"type":"Feature","properties":{"id":"b4330b94cd59","name":"彰化縣伸港鄉新港國民小學","level":"國小","basis":"both","data_ym":"201901"},"geometry":{"type":"Polygon","coordinates":[[[120.485146,24.149085],[120.485119,24.14894],[120.485044,24.148655],[120.485019,24.148599],[120.484682,24.148001],[120.484572,24.147835],[120.484165,24.147872],[120.484198,24.148145],[120.484273,24.14918],[120.485146,24.149085]]]}},{"type":"Feature","properties":{"id":"9d51d929d895","name":"彰化縣秀水鄉秀水國民小學補校","level":"其他","basis":"none","data_ym":"202212"},"geometry":{"type":"Polygon","coordinates":[[[120.502424,24.034567],[120.502408,24.034677],[120.502453,24.034685],[120.502392,24.034999],[120.503505,24.035185],[120.503744,24.035233],[120.503783,24.035214],[120.503794,24.035204],[120.503898,24.035037],[120.503994,24.034219],[120.504032,24.033853],[120.504023,24.033844],[120.503778,24.033828],[120.50367,24.033842],[120.503604,24.033866],[120.503539,24.033878],[120.502988,24.033961],[120.502795,24.033973],[120.502749,24.033993],[120.502727,24.034243],[120.502713,24.034243],[120.502647,24.034596],[120.502424,24.034567]]]}},{"type":"Feature","properties":{"id":"674e85f6594e","name":"彰化縣秀水鄉育民國民小學","level":"國小","basis":"both","data_ym":"201901"},"geometry":{"type":"Polygon","coordinates":[[[120.506146,24.004847],[120.506635,24.003851],[120.505977,24.003584],[120.50593,24.003723],[120.505846,24.003698],[120.505619,24.003612],[120.505329,24.004066],[120.505386,24.004083],[120.505368,24.004134],[120.50529,24.004112],[120.505024,24.004511],[120.505124,24.004539],[120.505173,24.004558],[120.505175,24.004554],[120.505499,24.004645],[120.506146,24.004847]]]}},{"type":"Feature","properties":{"id":"b859cb9cfea2","name":"彰化縣秀水鄉明正國民小學","level":"國小","basis":"both","data_ym":"201901"},"geometry":{"type":"Polygon","coordinates":[[[120.493243,24.027599],[120.49341,24.027452],[120.493466,24.027409],[120.493129,24.026978],[120.493382,24.0268],[120.493214,24.026596],[120.493182,24.026593],[120.49304,24.026435],[120.493046,24.026391],[120.492905,24.026227],[120.492758,24.02633],[120.492732,24.026294],[120.492643,24.026352],[120.492631,24.026338],[120.49225,24.026592],[120.492256,24.026614],[120.491718,24.026977],[120.49176,24.02703],[120.491523,24.027199],[120.491922,24.027688],[120.492241,24.027577],[120.4925,24.027479],[120.492718,24.027642],[120.492906,24.027842],[120.49303,24.027768],[120.493243,24.027599]]]}},{"type":"Feature","properties":{"id":"5848bb1ccc73","name":"彰化縣秀水鄉陝西國民小學","level":"國小","basis":"both","data_ym":"202209"},"geometry":{"type":"Polygon","coordinates":[[[120.517995,24.012504],[120.518065,24.011975],[120.518126,24.011991],[120.518264,24.011329],[120.517537,24.011177],[120.517555,24.010862],[120.517621,24.01082],[120.517633,24.010784],[120.517472,24.010629],[120.517453,24.010616],[120.51722,24.010751],[120.517148,24.010808],[120.517106,24.010865],[120.516757,24.011736],[120.516724,24.011843],[120.516726,24.011906],[120.516743,24.011959],[120.516778,24.012012],[120.516833,24.012052],[120.516916,24.012093],[120.517184,24.01219],[120.517393,24.012224],[120.517375,24.012397],[120.517571,24.012416],[120.51757,24.012453],[120.517995,24.012504]]]}},{"type":"Feature","properties":{"id":"87003871b2cc","name":"彰化縣秀水鄉馬興國民小學","level":"國小","basis":"both","data_ym":"201901"},"geometry":{"type":"Polygon","coordinates":[[[120.497797,24.061423],[120.497446,24.06139],[120.497444,24.061401],[120.497237,24.06138],[120.497052,24.061371],[120.496768,24.061334],[120.496572,24.061321],[120.496566,24.06143],[120.496917,24.061464],[120.496855,24.061901],[120.496786,24.062308],[120.497057,24.06234],[120.497953,24.062461],[120.49817,24.062483],[120.498259,24.061984],[120.498328,24.06167],[120.497783,24.061582],[120.497797,24.061423]]]}},{"type":"Feature","properties":{"id":"2d5e634b3bec","name":"彰化縣秀水鄉華龍國民小學","level":"國小","basis":"both","data_ym":"201901"},"geometry":{"type":"Polygon","coordinates":[[[120.514635,24.037946],[120.514642,24.037764],[120.514506,24.037767],[120.514509,24.036932],[120.513759,24.036934],[120.513749,24.037994],[120.513624,24.037996],[120.513664,24.038334],[120.514032,24.03819],[120.514618,24.03814],[120.514635,24.037946]]]}},{"type":"Feature","properties":{"id":"4e9cad022423","name":"彰化縣私立大慶高級商工職業學校","level":"高中職","basis":"name","data_ym":"202502"},"geometry":{"type":"Polygon","coordinates":[[[120.601202,23.948617],[120.60168,23.948609],[120.601795,23.948611],[120.601795,23.948592],[120.602003,23.948591],[120.602117,23.948576],[120.6021,23.948518],[120.601993,23.948238],[120.601954,23.948105],[120.60192,23.94795],[120.601886,23.947673],[120.601861,23.947584],[120.601844,23.9476],[120.601817,23.947602],[120.601718,23.947623],[120.601588,23.947659],[120.601297,23.947683],[120.601215,23.947698],[120.601132,23.947707],[120.601023,23.947706],[120.600864,23.947686],[120.60087,23.947979],[120.600885,23.948244],[120.600883,23.948628],[120.601202,23.948617]]]}},{"type":"Feature","properties":{"id":"1b06cd10c946","name":"彰化縣私立文興高級中學","level":"高中職","basis":"both","data_ym":"201810"},"geometry":{"type":"Polygon","coordinates":[[[120.586537,23.866402],[120.586462,23.866294],[120.586362,23.866373],[120.586163,23.866376],[120.586037,23.866338],[120.585967,23.866295],[120.58569,23.866605],[120.585429,23.866885],[120.58555,23.866967],[120.585472,23.867069],[120.585383,23.867173],[120.58535,23.867221],[120.585758,23.867481],[120.586074,23.867717],[120.586317,23.867863],[120.586615,23.86802],[120.586744,23.868058],[120.587121,23.868132],[120.587282,23.868073],[120.586895,23.867195],[120.586821,23.867015],[120.586628,23.866612],[120.586537,23.866402]]]}},{"type":"Feature","properties":{"id":"fac6ca293e06","name":"彰化縣私立正德高級中學","level":"高中職","basis":"name","data_ym":"202209"},"geometry":{"type":"Polygon","coordinates":[[[120.518992,24.058914],[120.52002,24.05834],[120.519909,24.058072],[120.519655,24.057622],[120.519552,24.057422],[120.519469,24.057275],[120.519136,24.056637],[120.518734,24.056867],[120.517864,24.057344],[120.517965,24.057468],[120.517995,24.057513],[120.517985,24.057556],[120.517989,24.057604],[120.517966,24.05766],[120.517944,24.057665],[120.518323,24.058234],[120.517975,24.058436],[120.517964,24.058466],[120.518223,24.058851],[120.518323,24.059007],[120.51847,24.05922],[120.518482,24.059226],[120.518992,24.058914]]]}},{"type":"Feature","properties":{"id":"229907f279e7","name":"彰化縣私立達德高級商工職業學校","level":"高中職","basis":"name","data_ym":"202209"},"geometry":{"type":"Polygon","coordinates":[[[120.609974,23.853467],[120.610077,23.853343],[120.610087,23.853347],[120.610099,23.853342],[120.610214,23.853137],[120.610196,23.853129],[120.610243,23.853041],[120.610195,23.853012],[120.610321,23.852748],[120.61045,23.852505],[120.610411,23.852409],[120.610359,23.852341],[120.610205,23.852244],[120.610264,23.85215],[120.609993,23.852006],[120.609951,23.852001],[120.609924,23.852003],[120.609893,23.851995],[120.609859,23.851974],[120.609833,23.85195],[120.60982,23.851861],[120.609451,23.851918],[120.609462,23.851679],[120.609407,23.851525],[120.609392,23.851375],[120.609325,23.851376],[120.609287,23.85107],[120.609253,23.85058],[120.609234,23.850121],[120.608926,23.850116],[120.608907,23.849915],[120.608642,23.849999],[120.608058,23.850142],[120.608005,23.850163],[120.608015,23.850465],[120.608138,23.850465],[120.608178,23.850942],[120.608199,23.851378],[120.608215,23.85145],[120.608233,23.851633],[120.60828,23.852016],[120.608625,23.852068],[120.608547,23.85226],[120.608331,23.852761],[120.608628,23.852895],[120.60885,23.853017],[120.609636,23.853478],[120.60981,23.853589],[120.609867,23.853587],[120.609974,23.853467]]]}},{"type":"Feature","properties":{"id":"79371ad2a9ff","name":"彰化縣私立精誠高級中學","level":"高中職","basis":"both","data_ym":"202012"},"geometry":{"type":"Polygon","coordinates":[[[120.528619,24.073818],[120.528658,24.073732],[120.528639,24.073728],[120.528679,24.073587],[120.528662,24.073506],[120.528623,24.073493],[120.528586,24.073327],[120.528579,24.073254],[120.528676,24.073249],[120.528802,24.073309],[120.52915,24.07339],[120.529296,24.073328],[120.529017,24.072957],[120.528523,24.072277],[120.528255,24.071878],[120.527973,24.071816],[120.527204,24.071702],[120.527143,24.072128],[120.527221,24.072165],[120.527101,24.072771],[120.527028,24.073023],[120.527205,24.073181],[120.527653,24.073509],[120.527902,24.073747],[120.528011,24.073838],[120.528022,24.073828],[120.528144,24.073783],[120.528172,24.073785],[120.528259,24.073775],[120.528434,24.073793],[120.528618,24.073843],[120.528619,24.073818]]]}},{"type":"Feature","properties":{"id":"af31f8818cbb","name":"彰化縣和美鎮大嘉國民小學","level":"國小","basis":"both","data_ym":"201901"},"geometry":{"type":"Polygon","coordinates":[[[120.51217,24.09776],[120.512247,24.097682],[120.512501,24.097462],[120.512825,24.097238],[120.513037,24.097114],[120.513194,24.096966],[120.513059,24.096815],[120.513093,24.096793],[120.513084,24.096782],[120.512885,24.096584],[120.512794,24.096503],[120.512543,24.0965],[120.512353,24.096492],[120.512254,24.096483],[120.512213,24.096484],[120.512158,24.096503],[120.512109,24.096509],[120.512077,24.09651],[120.511983,24.096497],[120.511779,24.096688],[120.511582,24.096858],[120.511433,24.096966],[120.511167,24.097129],[120.511216,24.097198],[120.511099,24.097669],[120.511786,24.097758],[120.51217,24.09776]]]}},{"type":"Feature","properties":{"id":"960198cf4284","name":"彰化縣和美鎮大榮國民小學","level":"國小","basis":"both","data_ym":"202407"},"geometry":{"type":"Polygon","coordinates":[[[120.502409,24.08707],[120.502378,24.087063],[120.502353,24.087068],[120.502166,24.087173],[120.501554,24.087551],[120.501546,24.087592],[120.502003,24.088706],[120.502043,24.088737],[120.502498,24.088585],[120.502715,24.088517],[120.502827,24.088493],[120.502537,24.087757],[120.502433,24.087517],[120.502583,24.087453],[120.502481,24.087217],[120.502409,24.08707]]]}},{"type":"Feature","properties":{"id":"09eceb0d8863","name":"彰化縣和美鎮和仁國民小學","level":"國小","basis":"both","data_ym":"201901"},"geometry":{"type":"Polygon","coordinates":[[[120.495712,24.102767],[120.495634,24.102758],[120.49556,24.102763],[120.494333,24.102953],[120.494641,24.104393],[120.494628,24.104397],[120.494645,24.104462],[120.495511,24.104348],[120.495552,24.104346],[120.496303,24.104246],[120.496313,24.104224],[120.496034,24.103076],[120.495971,24.102933],[120.495951,24.102902],[120.495877,24.102838],[120.495823,24.102805],[120.495768,24.102778],[120.495712,24.102767]]]}},{"type":"Feature","properties":{"id":"d9ee8360b55a","name":"彰化縣和美鎮和東國民小學","level":"國小","basis":"both","data_ym":"201901"},"geometry":{"type":"Polygon","coordinates":[[[120.503418,24.10866],[120.503071,24.108187],[120.50298,24.108086],[120.502406,24.107539],[120.502194,24.107797],[120.502231,24.108018],[120.502294,24.108358],[120.502307,24.108497],[120.501728,24.108526],[120.50168,24.108548],[120.501596,24.108527],[120.501214,24.108986],[120.501229,24.109385],[120.501713,24.109711],[120.502132,24.109979],[120.502168,24.109994],[120.502221,24.109982],[120.503507,24.108766],[120.503418,24.10866]]]}},{"type":"Feature","properties":{"id":"7db8bd7aeac1","name":"彰化縣和美鎮和美國民小學","level":"國小","basis":"both","data_ym":"202407"},"geometry":{"type":"Polygon","coordinates":[[[120.495687,24.112264],[120.496319,24.111527],[120.496322,24.111502],[120.496302,24.111483],[120.496262,24.111474],[120.496113,24.111466],[120.495751,24.111434],[120.49557,24.111398],[120.495271,24.11133],[120.495028,24.111269],[120.495024,24.111282],[120.494861,24.111247],[120.494868,24.111217],[120.494807,24.111205],[120.4948,24.111237],[120.494756,24.111229],[120.494728,24.111359],[120.494626,24.111372],[120.494596,24.111403],[120.494398,24.111402],[120.494386,24.111551],[120.494324,24.111691],[120.494106,24.111743],[120.494112,24.111777],[120.494254,24.111741],[120.494281,24.111746],[120.494216,24.111785],[120.494166,24.111975],[120.494211,24.112055],[120.494223,24.112103],[120.494235,24.112189],[120.494358,24.112178],[120.495182,24.112312],[120.495279,24.112362],[120.49539,24.112399],[120.495575,24.11234],[120.495635,24.112309],[120.495687,24.112264]]]}},{"type":"Feature","properties":{"id":"5c0b214720ee","name":"彰化縣和美鎮培英國民小學","level":"國小","basis":"both","data_ym":"201901"},"geometry":{"type":"Polygon","coordinates":[[[120.510929,24.135305],[120.511052,24.135159],[120.511093,24.135186],[120.511618,24.134542],[120.511298,24.13432],[120.511339,24.13427],[120.511233,24.134199],[120.511231,24.134202],[120.510997,24.134042],[120.510888,24.134187],[120.510809,24.134269],[120.510669,24.134191],[120.510654,24.134189],[120.510465,24.134889],[120.510595,24.134973],[120.510794,24.135191],[120.510929,24.135305]]]}},{"type":"Feature","properties":{"id":"ed40e3a5200c","name":"彰化縣和美鎮培英國民小學1","level":"國小","basis":"both","data_ym":"201508"},"geometry":{"type":"Polygon","coordinates":[[[120.510517,24.13407],[120.509671,24.133345],[120.509427,24.134065],[120.509571,24.134184],[120.509764,24.134332],[120.510326,24.134779],[120.510405,24.134488],[120.510384,24.134451],[120.510417,24.134327],[120.510454,24.134304],[120.510517,24.13407]]]}},{"type":"Feature","properties":{"id":"8b6eff64cf57","name":"彰化縣和美鎮新庄國民小學","level":"國小","basis":"both","data_ym":"201901"},"geometry":{"type":"Polygon","coordinates":[[[120.535498,24.104421],[120.535409,24.103763],[120.535256,24.103776],[120.535239,24.103467],[120.535228,24.1034],[120.534906,24.103449],[120.534611,24.103511],[120.534533,24.103556],[120.534494,24.103624],[120.53429,24.103713],[120.53427,24.10373],[120.534095,24.103793],[120.533878,24.10383],[120.533471,24.103878],[120.53349,24.104278],[120.533463,24.104312],[120.533459,24.104325],[120.533464,24.104342],[120.533491,24.104368],[120.533486,24.10447],[120.533472,24.104528],[120.533488,24.10456],[120.533465,24.104583],[120.533467,24.104656],[120.533502,24.104709],[120.533505,24.104846],[120.53347,24.104891],[120.533461,24.105104],[120.53348,24.105374],[120.533667,24.105279],[120.534193,24.104995],[120.53448,24.104765],[120.534619,24.104646],[120.53466,24.104617],[120.534717,24.104587],[120.535498,24.104421]]]}},{"type":"Feature","properties":{"id":"5667e583fcec","name":"彰化縣社頭鄉社頭國民小學","level":"國小","basis":"both","data_ym":"201901"},"geometry":{"type":"Polygon","coordinates":[[[120.587386,23.897547],[120.586872,23.897414],[120.586629,23.897414],[120.586603,23.897331],[120.586113,23.897188],[120.586077,23.897287],[120.58607,23.897534],[120.585602,23.897477],[120.585584,23.898355],[120.585569,23.898731],[120.586499,23.89883],[120.586753,23.898865],[120.587173,23.898958],[120.587206,23.89881],[120.587316,23.898809],[120.587375,23.89851],[120.587355,23.898355],[120.587496,23.898333],[120.587504,23.898062],[120.587403,23.898042],[120.587448,23.897663],[120.587438,23.897653],[120.587466,23.897576],[120.587386,23.897547]]]}},{"type":"Feature","properties":{"id":"a3de94092688","name":"彰化縣社頭鄉崙雅國民小學","level":"國小","basis":"both","data_ym":"201901"},"geometry":{"type":"Polygon","coordinates":[[[120.586483,23.88813],[120.585674,23.887934],[120.585428,23.888527],[120.585134,23.889209],[120.585084,23.889346],[120.585103,23.889362],[120.585688,23.889536],[120.586035,23.889625],[120.586359,23.88973],[120.586958,23.889716],[120.587286,23.88969],[120.58732,23.889684],[120.587318,23.889609],[120.587292,23.889493],[120.587243,23.889343],[120.587032,23.888942],[120.586987,23.888832],[120.58675,23.888376],[120.586624,23.888157],[120.586483,23.88813]]]}},{"type":"Feature","properties":{"id":"4a819535f97f","name":"彰化縣社頭鄉清水國民小學","level":"國小","basis":"both","data_ym":"202209"},"geometry":{"type":"Polygon","coordinates":[[[120.610295,23.888839],[120.610043,23.888984],[120.60968,23.889185],[120.609677,23.889192],[120.609672,23.889209],[120.60966,23.8893],[120.609663,23.889357],[120.609692,23.88942],[120.609764,23.88962],[120.6098,23.88976],[120.609858,23.890032],[120.609871,23.890121],[120.610335,23.890123],[120.610324,23.889536],[120.61032,23.889431],[120.610306,23.88927],[120.610295,23.888839]]]}},{"type":"Feature","properties":{"id":"e1e9d1b25e2e","name":"彰化縣社頭鄉朝興國民小學","level":"國小","basis":"both","data_ym":"202007"},"geometry":{"type":"Polygon","coordinates":[[[120.607429,23.908569],[120.607648,23.907849],[120.607829,23.907162],[120.607502,23.907087],[120.607506,23.907007],[120.607033,23.906976],[120.606933,23.907421],[120.606023,23.907309],[120.60578,23.907262],[120.605771,23.907275],[120.605948,23.907655],[120.606161,23.908137],[120.606211,23.908121],[120.606278,23.908215],[120.606268,23.908346],[120.606354,23.908482],[120.606419,23.90853],[120.606465,23.908545],[120.606826,23.908566],[120.607153,23.908595],[120.607375,23.908601],[120.607398,23.908597],[120.607429,23.908569]]]}},{"type":"Feature","properties":{"id":"0f0bd2145243","name":"彰化縣社頭鄉湳雅國民小學","level":"國小","basis":"both","data_ym":"201901"},"geometry":{"type":"Polygon","coordinates":[[[120.602729,23.920822],[120.602842,23.920477],[120.603465,23.920644],[120.603568,23.920666],[120.603581,23.920658],[120.603678,23.920291],[120.603709,23.920192],[120.603707,23.920167],[120.603678,23.920131],[120.603019,23.91993],[120.602281,23.919805],[120.602018,23.920809],[120.60301,23.921044],[120.603053,23.920909],[120.602729,23.920822]]]}},{"type":"Feature","properties":{"id":"c51572c996ab","name":"彰化縣社頭鄉橋頭國民小學","level":"國小","basis":"both","data_ym":"202007"},"geometry":{"type":"Polygon","coordinates":[[[120.583315,23.919328],[120.583393,23.918789],[120.583457,23.918794],[120.583517,23.918448],[120.583105,23.918402],[120.5831,23.918479],[120.58273,23.918448],[120.582743,23.918156],[120.582255,23.918133],[120.58224,23.918268],[120.582189,23.918262],[120.582176,23.918445],[120.58196,23.91843],[120.581945,23.918572],[120.581992,23.918628],[120.581984,23.918707],[120.581935,23.918743],[120.581891,23.919095],[120.582401,23.919169],[120.583315,23.919328]]]}},{"type":"Feature","properties":{"id":"cd624545daca","name":"彰化縣社頭鄉舊社國民小學","level":"國小","basis":"both","data_ym":"201901"},"geometry":{"type":"Polygon","coordinates":[[[120.5924,23.900847],[120.592404,23.900648],[120.592322,23.900661],[120.592106,23.900657],[120.59207,23.900629],[120.592057,23.900562],[120.59207,23.900501],[120.592087,23.900452],[120.592084,23.900382],[120.592071,23.900355],[120.592058,23.900296],[120.591445,23.900241],[120.590839,23.900157],[120.590665,23.900653],[120.590586,23.900973],[120.590557,23.90121],[120.59058,23.901814],[120.592025,23.901984],[120.591963,23.901821],[120.591909,23.901715],[120.591895,23.901464],[120.591914,23.901038],[120.59193,23.900977],[120.592448,23.90094],[120.592451,23.900887],[120.592419,23.900879],[120.592421,23.900847],[120.5924,23.900847]]]}},{"type":"Feature","properties":{"id":"07fd8cfa714e","name":"彰化縣芬園鄉文德國民小學","level":"國小","basis":"both","data_ym":"202209"},"geometry":{"type":"Polygon","coordinates":[[[120.627928,23.963112],[120.627888,23.963079],[120.627745,23.963172],[120.627544,23.963261],[120.627565,23.963358],[120.627584,23.963496],[120.627585,23.963577],[120.627594,23.963577],[120.627594,23.96359],[120.627609,23.963608],[120.627622,23.963645],[120.627622,23.963655],[120.628454,23.963724],[120.62847,23.963575],[120.628487,23.963266],[120.62792,23.963206],[120.627928,23.963112]]]}},{"type":"Feature","properties":{"id":"dea5608a8c54","name":"彰化縣芬園鄉同安國民小學","level":"國小","basis":"both","data_ym":"201901"},"geometry":{"type":"Polygon","coordinates":[[[120.621484,23.977501],[120.621457,23.977435],[120.621405,23.977446],[120.621389,23.977299],[120.621215,23.977203],[120.621039,23.977115],[120.620998,23.97711],[120.620959,23.977129],[120.620922,23.97718],[120.620899,23.977226],[120.620891,23.977304],[120.620894,23.977348],[120.620912,23.977438],[120.620867,23.977447],[120.620877,23.977494],[120.620838,23.977536],[120.620743,23.977599],[120.620594,23.977648],[120.620791,23.978055],[120.620842,23.978249],[120.620834,23.9783],[120.620872,23.978305],[120.620878,23.978251],[120.621224,23.978208],[120.621338,23.978182],[120.62133,23.97811],[120.621441,23.978043],[120.621442,23.977988],[120.621419,23.977844],[120.621415,23.977641],[120.621433,23.977621],[120.621484,23.977532],[120.621484,23.977501]]]}},{"type":"Feature","properties":{"id":"4f8e440202d0","name":"彰化縣芬園鄉芬園國民小學","level":"國小","basis":"both","data_ym":"202209"},"geometry":{"type":"Polygon","coordinates":[[[120.626578,24.011856],[120.626562,24.011874],[120.626421,24.01263],[120.627046,24.012768],[120.627051,24.012742],[120.62714,24.012761],[120.627136,24.012784],[120.627569,24.012892],[120.627723,24.012926],[120.627749,24.012824],[120.627828,24.012313],[120.627857,24.01215],[120.627376,24.012066],[120.627113,24.012026],[120.627116,24.012009],[120.626569,24.011914],[120.626578,24.011856]]]}},{"type":"Feature","properties":{"id":"0668d1a13402","name":"彰化縣芬園鄉芬園國民小學1","level":"國小","basis":"both","data_ym":"201706"},"geometry":{"type":"Polygon","coordinates":[[[120.627962,24.011744],[120.627483,24.011742],[120.627449,24.012012],[120.62797,24.0121],[120.627981,24.011908],[120.627954,24.011907],[120.627962,24.011744]]]}},{"type":"Feature","properties":{"id":"ae4a9a558954","name":"彰化縣芬園鄉茄荖國民小學","level":"國小","basis":"both","data_ym":"202209"},"geometry":{"type":"Polygon","coordinates":[[[120.643998,24.014593],[120.643959,24.01446],[120.643608,24.014497],[120.64333,24.014554],[120.642945,24.014697],[120.642935,24.014709],[120.642931,24.014762],[120.642937,24.015029],[120.642976,24.015508],[120.642989,24.015522],[120.643,24.015523],[120.643369,24.015441],[120.643571,24.015416],[120.643819,24.015366],[120.644197,24.015278],[120.644021,24.014594],[120.643998,24.014593]]]}},{"type":"Feature","properties":{"id":"8fd587207c68","name":"彰化縣芬園鄉富山國民小學","level":"國小","basis":"both","data_ym":"202510"},"geometry":{"type":"Polygon","coordinates":[[[120.62041,24.027416],[120.620205,24.02718],[120.620162,24.027174],[120.620067,24.027172],[120.619936,24.027205],[120.619831,24.027222],[120.619825,24.027138],[120.619782,24.027108],[120.619765,24.026943],[120.619664,24.027017],[120.619576,24.027059],[120.619374,24.027116],[120.619121,24.027181],[120.618768,24.027286],[120.618903,24.027525],[120.618913,24.027547],[120.618903,24.02758],[120.618761,24.027664],[120.618221,24.027911],[120.618213,24.02792],[120.618319,24.028194],[120.618328,24.028198],[120.618859,24.028035],[120.619191,24.027926],[120.61966,24.027785],[120.619969,24.027725],[120.620282,24.027677],[120.620364,24.027659],[120.62047,24.027624],[120.620504,24.027606],[120.620517,24.027581],[120.620521,24.027553],[120.62041,24.027416]]]}},{"type":"Feature","properties":{"id":"f06a7d5bab47","name":"彰化縣芬園鄉寶山國民小學","level":"國小","basis":"both","data_ym":"201901"},"geometry":{"type":"Polygon","coordinates":[[[120.640947,23.987308],[120.641066,23.987309],[120.641077,23.987308],[120.641083,23.9873],[120.641078,23.987286],[120.641022,23.987202],[120.64097,23.98715],[120.640906,23.987106],[120.64079,23.98704],[120.640662,23.986987],[120.64081,23.98676],[120.640735,23.986722],[120.640651,23.986646],[120.640591,23.986624],[120.640144,23.986401],[120.640111,23.986416],[120.640131,23.986458],[120.639977,23.986535],[120.639956,23.986499],[120.639492,23.986738],[120.639625,23.986822],[120.639625,23.986879],[120.639633,23.986908],[120.63966,23.986928],[120.639736,23.98696],[120.640065,23.987167],[120.640136,23.987094],[120.640247,23.987147],[120.640306,23.987166],[120.640577,23.987322],[120.640495,23.987385],[120.640584,23.987425],[120.640671,23.987429],[120.640797,23.987396],[120.640869,23.987326],[120.640911,23.987313],[120.640947,23.987308]]]}},{"type":"Feature","properties":{"id":"06568188b633","name":"彰化縣花壇鄉三春國民小學","level":"國小","basis":"both","data_ym":"201901"},"geometry":{"type":"Polygon","coordinates":[[[120.565741,24.015791],[120.565689,24.015792],[120.565673,24.015802],[120.565671,24.015813],[120.565655,24.016034],[120.565651,24.016382],[120.565636,24.016839],[120.56563,24.016955],[120.565615,24.017093],[120.565673,24.017208],[120.565926,24.017282],[120.566059,24.017328],[120.566243,24.017246],[120.56645,24.017095],[120.566441,24.016758],[120.566415,24.016757],[120.566417,24.016692],[120.566398,24.016691],[120.566397,24.016263],[120.566434,24.016212],[120.566438,24.015869],[120.566428,24.015848],[120.56637,24.015838],[120.565741,24.015791]]]}},{"type":"Feature","properties":{"id":"e3cd5efeab23","name":"彰化縣花壇鄉文祥國民小學","level":"國小","basis":"both","data_ym":"202012"},"geometry":{"type":"Polygon","coordinates":[[[120.525617,24.025648],[120.526885,24.025647],[120.526891,24.024925],[120.526884,24.02464],[120.526886,24.024457],[120.526827,24.02443],[120.526586,24.024435],[120.526434,24.024446],[120.526289,24.024465],[120.526274,24.024668],[120.526251,24.024828],[120.526216,24.024824],[120.526214,24.024845],[120.526083,24.024832],[120.526065,24.024944],[120.525636,24.02489],[120.52564,24.025204],[120.525617,24.025648]]]}},{"type":"Feature","properties":{"id":"150415ac5000","name":"彰化縣花壇鄉白沙國民小學","level":"國小","basis":"both","data_ym":"201901"},"geometry":{"type":"Polygon","coordinates":[[[120.545355,24.047931],[120.545449,24.04761],[120.545584,24.047188],[120.545365,24.047133],[120.545364,24.047032],[120.545331,24.047034],[120.545317,24.046868],[120.545302,24.046585],[120.545287,24.046445],[120.545189,24.046444],[120.545112,24.046518],[120.545095,24.046748],[120.545088,24.046794],[120.545074,24.046841],[120.545059,24.046874],[120.545111,24.046873],[120.544956,24.047169],[120.544709,24.047585],[120.544792,24.047627],[120.544681,24.047806],[120.544619,24.047783],[120.544551,24.047936],[120.545096,24.048127],[120.545258,24.048123],[120.545311,24.048106],[120.545355,24.047931]]]}},{"type":"Feature","properties":{"id":"40a2cd0dc495","name":"彰化縣花壇鄉花壇國民小學","level":"國小","basis":"both","data_ym":"201901"},"geometry":{"type":"Polygon","coordinates":[[[120.54441,24.027044],[120.544525,24.026995],[120.544565,24.027006],[120.544806,24.026323],[120.544865,24.026136],[120.544903,24.026148],[120.544976,24.025944],[120.54439,24.025764],[120.543862,24.025606],[120.543638,24.025606],[120.543172,24.025718],[120.543057,24.026047],[120.543062,24.026059],[120.543038,24.026149],[120.543019,24.026205],[120.543038,24.02621],[120.543016,24.026275],[120.54299,24.026276],[120.542889,24.026574],[120.542914,24.026621],[120.543021,24.02665],[120.543036,24.026637],[120.543322,24.026712],[120.543847,24.026882],[120.543862,24.026873],[120.544168,24.026961],[120.54441,24.027044]]]}},{"type":"Feature","properties":{"id":"cb0b5e0c6965","name":"彰化縣花壇鄉華南國民小學","level":"國小","basis":"both","data_ym":"202209"},"geometry":{"type":"Polygon","coordinates":[[[120.552553,24.016603],[120.552425,24.015756],[120.551347,24.015897],[120.551295,24.015929],[120.551267,24.015986],[120.551072,24.016649],[120.552379,24.016877],[120.552728,24.016835],[120.552636,24.016725],[120.55258,24.016679],[120.552553,24.016603]]]}},{"type":"Feature","properties":{"id":"e5ab61531c4d","name":"彰化縣花壇鄉僑愛國民小學","level":"國小","basis":"both","data_ym":"202007"},"geometry":{"type":"Polygon","coordinates":[[[120.53504,24.038638],[120.535088,24.038258],[120.535197,24.038274],[120.53524,24.038032],[120.534818,24.038001],[120.534822,24.037968],[120.534432,24.037941],[120.534422,24.038042],[120.534323,24.038038],[120.534237,24.038707],[120.535014,24.038776],[120.53504,24.038638]]]}},{"type":"Feature","properties":{"id":"0860e8e80439","name":"彰化縣芳苑鄉王功國民小學","level":"國小","basis":"both","data_ym":"202407"},"geometry":{"type":"Polygon","coordinates":[[[120.341341,23.964862],[120.341286,23.965264],[120.341569,23.965293],[120.341746,23.965304],[120.341882,23.965305],[120.342027,23.965291],[120.342302,23.96524],[120.342704,23.965114],[120.34268,23.964976],[120.342692,23.964813],[120.342694,23.964648],[120.342711,23.964647],[120.342707,23.964579],[120.342708,23.964358],[120.342565,23.96435],[120.342565,23.964317],[120.34223,23.964275],[120.342104,23.964281],[120.341601,23.964276],[120.341597,23.964511],[120.341427,23.964524],[120.341426,23.96457],[120.341357,23.964569],[120.341341,23.964862]]]}},{"type":"Feature","properties":{"id":"161b2d12f0da","name":"彰化縣芳苑鄉育華國民小學","level":"國小","basis":"both","data_ym":"201901"},"geometry":{"type":"Polygon","coordinates":[[[120.333139,23.945946],[120.333076,23.945667],[120.332803,23.945718],[120.332741,23.945487],[120.331801,23.945679],[120.331815,23.945721],[120.331802,23.945724],[120.331883,23.94594],[120.331972,23.946195],[120.333139,23.945946]]]}},{"type":"Feature","properties":{"id":"cd58ab043473","name":"彰化縣芳苑鄉芳苑國民小學","level":"國小","basis":"both","data_ym":"202407"},"geometry":{"type":"Polygon","coordinates":[[[120.319186,23.925799],[120.319583,23.925676],[120.319917,23.92558],[120.320382,23.925438],[120.320301,23.925073],[120.320262,23.925048],[120.320245,23.92501],[120.32017,23.92478],[120.319981,23.924837],[120.319905,23.92466],[120.319545,23.924866],[120.319413,23.924696],[120.318303,23.92528],[120.31827,23.925373],[120.318503,23.925804],[120.318609,23.925771],[120.318662,23.92576],[120.318808,23.925715],[120.318835,23.925805],[120.318859,23.925796],[120.318884,23.925873],[120.319186,23.925799]]]}},{"type":"Feature","properties":{"id":"6e27660079eb","name":"彰化縣芳苑鄉建新國民小學","level":"國小","basis":"both","data_ym":"201901"},"geometry":{"type":"Polygon","coordinates":[[[120.391191,23.981798],[120.391196,23.981356],[120.391206,23.981337],[120.391537,23.98134],[120.391542,23.980917],[120.391161,23.980915],[120.390408,23.980903],[120.389955,23.980886],[120.389974,23.981691],[120.390229,23.981693],[120.390233,23.981547],[120.390898,23.981557],[120.390902,23.981558],[120.390899,23.981797],[120.391191,23.981798]]]}},{"type":"Feature","properties":{"id":"0198314141f9","name":"彰化縣芳苑鄉後寮國民小學","level":"國小","basis":"both","data_ym":"201901"},"geometry":{"type":"Polygon","coordinates":[[[120.34167,23.921137],[120.34181,23.921097],[120.341838,23.921205],[120.341953,23.921173],[120.341803,23.920685],[120.341761,23.920562],[120.341778,23.920556],[120.341746,23.92045],[120.341085,23.920561],[120.341078,23.920566],[120.341276,23.921239],[120.34135,23.921431],[120.34173,23.921366],[120.34167,23.921137]]]}},{"type":"Feature","properties":{"id":"948321edcbba","name":"彰化縣芳苑鄉草湖國民小學","level":"國小","basis":"both","data_ym":"201901"},"geometry":{"type":"Polygon","coordinates":[[[120.36818,23.956617],[120.368185,23.955624],[120.366664,23.955619],[120.366666,23.956607],[120.366864,23.956616],[120.36818,23.956617]]]}},{"type":"Feature","properties":{"id":"c8ead0772f33","name":"彰化縣芳苑鄉新寶國民小學","level":"國小","basis":"both","data_ym":"201901"},"geometry":{"type":"Polygon","coordinates":[[[120.345918,23.978924],[120.34552,23.977957],[120.344349,23.978329],[120.344814,23.979585],[120.345089,23.980305],[120.345154,23.980284],[120.345141,23.980255],[120.346036,23.979939],[120.346288,23.979844],[120.345918,23.978924]]]}},{"type":"Feature","properties":{"id":"0994dbc3e9b3","name":"彰化縣芳苑鄉路上國民小學","level":"國小","basis":"both","data_ym":"202207"},"geometry":{"type":"Polygon","coordinates":[[[120.328945,23.896191],[120.328827,23.895822],[120.328786,23.895676],[120.328323,23.895794],[120.328311,23.895817],[120.328276,23.895831],[120.328179,23.895851],[120.328168,23.895829],[120.327697,23.89596],[120.328063,23.897038],[120.329118,23.896755],[120.328994,23.896361],[120.329004,23.896347],[120.328945,23.896191]]]}},{"type":"Feature","properties":{"id":"8d973b35a87e","name":"彰化縣芳苑鄉漢寶國民小學","level":"國小","basis":"both","data_ym":"202407"},"geometry":{"type":"Polygon","coordinates":[[[120.385491,24.00703],[120.385284,24.006229],[120.385254,24.006099],[120.385176,24.00581],[120.385099,24.00548],[120.385085,24.005425],[120.385076,24.005418],[120.385044,24.005415],[120.384994,24.005424],[120.384334,24.005573],[120.383499,24.00574],[120.383588,24.006097],[120.383239,24.00617],[120.382993,24.006213],[120.383021,24.00633],[120.383183,24.0063],[120.383528,24.007463],[120.384898,24.007172],[120.385491,24.00703]]]}},{"type":"Feature","properties":{"id":"1dfca36694c4","name":"彰化縣員林市育英國民小學","level":"國小","basis":"name","data_ym":"201901"},"geometry":{"type":"Polygon","coordinates":[[[120.57477,23.952913],[120.574837,23.952624],[120.574937,23.952248],[120.575065,23.951664],[120.575129,23.951456],[120.575205,23.95115],[120.574643,23.95113],[120.574643,23.95109],[120.574153,23.951067],[120.573826,23.951046],[120.573797,23.951229],[120.57364,23.951829],[120.573625,23.951825],[120.573574,23.952039],[120.573421,23.952626],[120.574066,23.952753],[120.574133,23.952767],[120.574129,23.952784],[120.574168,23.952791],[120.574172,23.952778],[120.57477,23.952913]]]}},{"type":"Feature","properties":{"id":"086027e36168","name":"彰化縣員林市明湖國民小學","level":"國小","basis":"name","data_ym":"202209"},"geometry":{"type":"Polygon","coordinates":[[[120.616299,23.952912],[120.616366,23.952902],[120.616358,23.952885],[120.616293,23.952664],[120.616281,23.952657],[120.616111,23.952685],[120.615688,23.952722],[120.615548,23.952737],[120.615396,23.952759],[120.615374,23.952772],[120.615361,23.952788],[120.615349,23.952838],[120.615346,23.952897],[120.615376,23.953093],[120.615767,23.952978],[120.616098,23.952911],[120.616134,23.953061],[120.616095,23.953118],[120.615942,23.953148],[120.616005,23.953194],[120.61585,23.95334],[120.615915,23.953368],[120.615861,23.953485],[120.616034,23.95355],[120.616104,23.953324],[120.616167,23.953227],[120.616261,23.953128],[120.616315,23.953006],[120.616299,23.952912]]]}},{"type":"Feature","properties":{"id":"f83b7ee9d40c","name":"彰化縣員林市東山國民小學","level":"國小","basis":"name","data_ym":"201901"},"geometry":{"type":"Polygon","coordinates":[[[120.602381,23.968829],[120.602561,23.968385],[120.602625,23.968247],[120.602706,23.967874],[120.602232,23.967699],[120.602286,23.967545],[120.602056,23.96746],[120.601506,23.967282],[120.601391,23.967524],[120.601271,23.967794],[120.601293,23.967831],[120.60125,23.967943],[120.601193,23.967951],[120.601085,23.968182],[120.600981,23.968436],[120.602159,23.96877],[120.602184,23.968763],[120.602381,23.968829]]]}},{"type":"Feature","properties":{"id":"86f543f8a4a5","name":"彰化縣員林市青山國民小學","level":"國小","basis":"name","data_ym":"202209"},"geometry":{"type":"Polygon","coordinates":[[[120.60274,23.945098],[120.602785,23.945045],[120.602939,23.94509],[120.603029,23.945085],[120.603017,23.944887],[120.603001,23.944799],[120.602964,23.944754],[120.602943,23.944706],[120.60281,23.944175],[120.602784,23.94413],[120.60274,23.944092],[120.602692,23.944068],[120.602657,23.944064],[120.602622,23.944065],[120.602376,23.944096],[120.602377,23.94407],[120.602154,23.9441],[120.602171,23.944123],[120.602166,23.944133],[120.601845,23.944168],[120.601696,23.944177],[120.601666,23.944185],[120.601634,23.944216],[120.601601,23.944308],[120.601598,23.944388],[120.601624,23.944581],[120.601654,23.94472],[120.60169,23.944805],[120.60179,23.944883],[120.601812,23.944906],[120.601889,23.945221],[120.601953,23.945644],[120.601971,23.945674],[120.602341,23.945674],[120.602351,23.945667],[120.602765,23.945657],[120.602792,23.945496],[120.602755,23.945219],[120.602707,23.945128],[120.60274,23.945098]]]}},{"type":"Feature","properties":{"id":"6b77a51eda09","name":"彰化縣員林市員東國民小學","level":"國小","basis":"name","data_ym":"201901"},"geometry":{"type":"Polygon","coordinates":[[[120.587282,23.961835],[120.587208,23.961773],[120.58719,23.96178],[120.586991,23.96204],[120.586952,23.962135],[120.58691,23.962442],[120.586872,23.962792],[120.586848,23.962914],[120.586776,23.963151],[120.586775,23.963288],[120.587723,23.963295],[120.587731,23.963034],[120.587729,23.962664],[120.587679,23.961886],[120.587522,23.961849],[120.587306,23.961843],[120.587282,23.961835]]]}},{"type":"Feature","properties":{"id":"070e5d7a4046","name":"彰化縣員林市員林國民小學","level":"國小","basis":"name","data_ym":"202406"},"geometry":{"type":"Polygon","coordinates":[[[120.580138,23.960233],[120.579587,23.960079],[120.579533,23.960104],[120.579201,23.960022],[120.579161,23.960042],[120.579147,23.960039],[120.579131,23.960047],[120.579081,23.959935],[120.578496,23.959777],[120.577732,23.959555],[120.577505,23.960315],[120.577344,23.960806],[120.577356,23.960828],[120.577565,23.960853],[120.578085,23.960952],[120.578719,23.961063],[120.578884,23.961098],[120.579911,23.961274],[120.579985,23.961233],[120.580173,23.960374],[120.580143,23.960364],[120.580168,23.960287],[120.580138,23.960233]]]}},{"type":"Feature","properties":{"id":"600cb33e16c8","name":"彰化縣員林市國立員林高級中學1","level":"高中職","basis":"name","data_ym":"201706"},"geometry":{"type":"Polygon","coordinates":[[[120.564087,23.962509],[120.564067,23.962504],[120.563634,23.962559],[120.563065,23.962608],[120.563037,23.96263],[120.563064,23.96287],[120.563246,23.962867],[120.56359,23.962848],[120.564089,23.962812],[120.564097,23.962518],[120.564087,23.962509]]]}},{"type":"Feature","properties":{"id":"8f7186933904","name":"彰化縣員林市僑信國民小學","level":"國小","basis":"name","data_ym":"202007"},"geometry":{"type":"Polygon","coordinates":[[[120.572577,23.966794],[120.572461,23.966776],[120.571419,23.966776],[120.571402,23.966786],[120.571417,23.967428],[120.572152,23.96744],[120.572096,23.968429],[120.5721,23.96864],[120.572832,23.968635],[120.572831,23.967472],[120.572837,23.966812],[120.572577,23.966794]]]}},{"type":"Feature","properties":{"id":"66f44a55fb20","name":"彰化縣員林市靜修國民小學","level":"國小","basis":"name","data_ym":"201901"},"geometry":{"type":"Polygon","coordinates":[[[120.564984,23.96393],[120.565569,23.963895],[120.565625,23.963911],[120.566189,23.963916],[120.566201,23.963847],[120.566196,23.963667],[120.566206,23.963122],[120.566204,23.962317],[120.565435,23.962317],[120.565084,23.962351],[120.565098,23.962581],[120.56484,23.962585],[120.564814,23.963928],[120.564984,23.96393]]]}},{"type":"Feature","properties":{"id":"15a3685bd4dc","name":"彰化縣員林市饒明國民小學","level":"國小","basis":"name","data_ym":"202410"},"geometry":{"type":"Polygon","coordinates":[[[120.576152,23.939195],[120.576222,23.938577],[120.575545,23.938487],[120.575522,23.938523],[120.575509,23.938556],[120.575509,23.938594],[120.575414,23.938659],[120.575324,23.938709],[120.575353,23.938751],[120.575333,23.938851],[120.575126,23.939012],[120.575143,23.939047],[120.574949,23.939184],[120.574875,23.939069],[120.574686,23.939154],[120.574878,23.939504],[120.574998,23.939704],[120.575718,23.939819],[120.57593,23.939862],[120.576136,23.93989],[120.57614,23.939878],[120.576152,23.939195]]]}},{"type":"Feature","properties":{"id":"969e023c2ebb","name":"彰化縣埔心鄉太平國民小學","level":"國小","basis":"both","data_ym":"201901"},"geometry":{"type":"Polygon","coordinates":[[[120.552967,23.936464],[120.552961,23.936056],[120.552742,23.936117],[120.552546,23.937627],[120.552508,23.937888],[120.552474,23.938198],[120.552487,23.938214],[120.552509,23.938225],[120.552978,23.938324],[120.553299,23.938361],[120.55315,23.937683],[120.553,23.936863],[120.552967,23.936464]]]}},{"type":"Feature","properties":{"id":"ec52ef34c0a3","name":"彰化縣埔心鄉明聖國民小學","level":"國小","basis":"both","data_ym":"202410"},"geometry":{"type":"Polygon","coordinates":[[[120.557933,23.951161],[120.557838,23.950968],[120.557332,23.951032],[120.556591,23.951102],[120.556096,23.95116],[120.556083,23.951382],[120.556065,23.952143],[120.557188,23.952092],[120.557518,23.952088],[120.557507,23.951479],[120.557485,23.951224],[120.557933,23.951161]]]}},{"type":"Feature","properties":{"id":"cedc64a39e7f","name":"彰化縣埔心鄉埔心國民小學","level":"國小","basis":"both","data_ym":"202410"},"geometry":{"type":"Polygon","coordinates":[[[120.544389,23.954481],[120.544754,23.953984],[120.544999,23.954062],[120.545417,23.954096],[120.545785,23.954097],[120.545885,23.954055],[120.546324,23.954064],[120.546326,23.953819],[120.546106,23.953813],[120.546107,23.953797],[120.546088,23.953794],[120.546096,23.953623],[120.546294,23.953626],[120.546279,23.953508],[120.546237,23.953356],[120.546235,23.953205],[120.545946,23.953204],[120.545939,23.953116],[120.545395,23.953071],[120.545418,23.952873],[120.545313,23.952881],[120.545294,23.953122],[120.544643,23.95308],[120.54464,23.953137],[120.544636,23.953149],[120.544627,23.953158],[120.544612,23.953162],[120.544602,23.953326],[120.544479,23.95332],[120.544475,23.953385],[120.544156,23.953369],[120.544104,23.953392],[120.544036,23.953387],[120.544018,23.953654],[120.544015,23.953896],[120.544039,23.954115],[120.544055,23.954443],[120.544158,23.954457],[120.544389,23.954481]]]}},{"type":"Feature","properties":{"id":"b3bff290ab72","name":"彰化縣埔心鄉梧鳳國民小學","level":"國小","basis":"both","data_ym":"201901"},"geometry":{"type":"Polygon","coordinates":[[[120.513488,23.968188],[120.513166,23.967983],[120.512837,23.968336],[120.512757,23.96843],[120.512605,23.96863],[120.512456,23.968867],[120.512046,23.969434],[120.512036,23.969495],[120.512008,23.969931],[120.511987,23.970162],[120.512043,23.970167],[120.512038,23.970234],[120.512208,23.970252],[120.512211,23.97024],[120.512313,23.97026],[120.512305,23.970294],[120.512446,23.970371],[120.512508,23.97035],[120.51253,23.970242],[120.512761,23.970277],[120.512777,23.970185],[120.512786,23.969906],[120.512785,23.969889],[120.512764,23.969833],[120.512757,23.969799],[120.512753,23.969739],[120.512765,23.969708],[120.512847,23.96955],[120.512936,23.969342],[120.513025,23.969165],[120.513134,23.96896],[120.513197,23.968825],[120.513268,23.968646],[120.513341,23.968484],[120.513488,23.968188]]]}},{"type":"Feature","properties":{"id":"757f0effb969","name":"彰化縣埔心鄉鳳霞國民小學","level":"國小","basis":"both","data_ym":"202209"},"geometry":{"type":"Polygon","coordinates":[[[120.525984,23.970349],[120.526247,23.970156],[120.526177,23.970079],[120.526191,23.969992],[120.526241,23.969777],[120.5263,23.96948],[120.526327,23.969197],[120.525775,23.969148],[120.525429,23.969016],[120.525492,23.969653],[120.525255,23.969658],[120.525249,23.969795],[120.525226,23.969794],[120.525212,23.970013],[120.525025,23.970013],[120.525021,23.970215],[120.525303,23.97021],[120.525427,23.970217],[120.525546,23.97024],[120.525537,23.970412],[120.525541,23.970417],[120.525951,23.970471],[120.525962,23.970464],[120.525977,23.970363],[120.525984,23.970349]]]}},{"type":"Feature","properties":{"id":"99840f14a503","name":"彰化縣埔心鄉舊館國民小學","level":"國小","basis":"both","data_ym":"202410"},"geometry":{"type":"Polygon","coordinates":[[[120.526198,23.946714],[120.52615,23.946684],[120.526085,23.946672],[120.525563,23.946691],[120.525538,23.946689],[120.525485,23.946675],[120.525432,23.946635],[120.525413,23.946611],[120.52478,23.946596],[120.524218,23.946648],[120.524214,23.94703],[120.524339,23.947035],[120.524376,23.947079],[120.524508,23.947154],[120.524703,23.947212],[120.524798,23.947337],[120.524915,23.94761],[120.524918,23.947693],[120.524988,23.947708],[120.525062,23.947738],[120.525287,23.947778],[120.525276,23.947841],[120.526084,23.948044],[120.526095,23.948039],[120.526267,23.947296],[120.526284,23.947164],[120.526287,23.947035],[120.526265,23.946878],[120.526246,23.946803],[120.526225,23.946746],[120.526198,23.946714]]]}},{"type":"Feature","properties":{"id":"8fa11d3a0c4b","name":"彰化縣埔心鄉羅厝國民小學","level":"國小","basis":"both","data_ym":"201901"},"geometry":{"type":"Polygon","coordinates":[[[120.513225,23.941552],[120.513387,23.941321],[120.51322,23.941134],[120.513203,23.941121],[120.513176,23.941117],[120.513145,23.941135],[120.513136,23.941149],[120.513047,23.941377],[120.513008,23.941498],[120.512992,23.941514],[120.512962,23.94152],[120.51282,23.941485],[120.512798,23.941483],[120.512779,23.941487],[120.512608,23.941559],[120.512159,23.941809],[120.512462,23.942317],[120.512684,23.942403],[120.513581,23.941925],[120.513287,23.941634],[120.513225,23.941552]]]}},{"type":"Feature","properties":{"id":"04c36ea9358d","name":"彰化縣埔鹽鄉大園國民小學","level":"國小","basis":"both","data_ym":"201901"},"geometry":{"type":"Polygon","coordinates":[[[120.488556,23.979347],[120.488551,23.979343],[120.488152,23.979375],[120.487996,23.979399],[120.487882,23.979428],[120.487856,23.97989],[120.487831,23.980064],[120.488574,23.980104],[120.488567,23.979608],[120.488556,23.979347]]]}},{"type":"Feature","properties":{"id":"e02075da5da8","name":"彰化縣埔鹽鄉天盛國民小學","level":"國小","basis":"both","data_ym":"202012"},"geometry":{"type":"Polygon","coordinates":[[[120.429009,23.985212],[120.428989,23.985112],[120.428976,23.985113],[120.428839,23.984273],[120.427972,23.984274],[120.427819,23.984669],[120.427674,23.98501],[120.427647,23.985172],[120.429009,23.985212]]]}},{"type":"Feature","properties":{"id":"88c6685407ab","name":"彰化縣埔鹽鄉永樂國民小學","level":"國小","basis":"both","data_ym":"202012"},"geometry":{"type":"Polygon","coordinates":[[[120.431578,24.000011],[120.431559,24.000004],[120.430917,24.000353],[120.431148,24.00077],[120.43188,24.000413],[120.431792,24.000273],[120.43174,24.000209],[120.431652,24.00015],[120.431578,24.000011]]]}},{"type":"Feature","properties":{"id":"b152ea46da51","name":"彰化縣埔鹽鄉好修國民小學","level":"國小","basis":"both","data_ym":"202012"},"geometry":{"type":"Polygon","coordinates":[[[120.4588,24.006186],[120.458514,24.006045],[120.458399,24.006385],[120.458345,24.006516],[120.458113,24.007132],[120.458136,24.007214],[120.458155,24.007237],[120.45819,24.007256],[120.459412,24.007784],[120.459912,24.006713],[120.459726,24.00663],[120.459304,24.006419],[120.4588,24.006186]]]}},{"type":"Feature","properties":{"id":"20d79227ff47","name":"彰化縣埔鹽鄉南港國民小學","level":"國小","basis":"both","data_ym":"201901"},"geometry":{"type":"Polygon","coordinates":[[[120.496517,23.987651],[120.496443,23.987533],[120.495817,23.987779],[120.495724,23.987785],[120.49549,23.987937],[120.495821,23.98827],[120.495836,23.988272],[120.496636,23.987862],[120.496517,23.987651]]]}},{"type":"Feature","properties":{"id":"6f93ed441658","name":"彰化縣埔鹽鄉埔鹽國民小學","level":"國小","basis":"both","data_ym":"202209"},"geometry":{"type":"Polygon","coordinates":[[[120.479068,23.993057],[120.479038,23.992991],[120.47907,23.992981],[120.479054,23.992952],[120.479046,23.992904],[120.47909,23.99283],[120.478841,23.99287],[120.478533,23.992929],[120.478422,23.992373],[120.478408,23.992319],[120.477804,23.992463],[120.477019,23.99264],[120.476987,23.992663],[120.47681,23.993046],[120.477311,23.99299],[120.477432,23.993517],[120.477771,23.993468],[120.478087,23.993406],[120.478342,23.993328],[120.478339,23.993313],[120.478467,23.993286],[120.478542,23.993237],[120.478879,23.993167],[120.479021,23.993158],[120.479054,23.993079],[120.479068,23.993057]]]}},{"type":"Feature","properties":{"id":"0d30b95691d7","name":"彰化縣埔鹽鄉新水國民小學","level":"國小","basis":"both","data_ym":"202407"},"geometry":{"type":"Polygon","coordinates":[[[120.44372,23.98468],[120.443694,23.984534],[120.443201,23.984608],[120.443096,23.984628],[120.443072,23.984468],[120.443052,23.984268],[120.441603,23.984569],[120.441665,23.984898],[120.441895,23.984907],[120.441906,23.984913],[120.442322,23.985468],[120.442371,23.985485],[120.443077,23.985368],[120.443282,23.985327],[120.443381,23.985315],[120.44348,23.985312],[120.443798,23.985309],[120.443802,23.985295],[120.44372,23.98468]]]}},{"type":"Feature","properties":{"id":"5f66f0ee5671","name":"彰化縣埤頭鄉大湖國民小學","level":"國小","basis":"both","data_ym":"202407"},"geometry":{"type":"Polygon","coordinates":[[[120.453024,23.865311],[120.453027,23.865167],[120.452759,23.865196],[120.452479,23.865194],[120.452394,23.865719],[120.452307,23.8662],[120.45258,23.866234],[120.452588,23.866263],[120.45303,23.866312],[120.453045,23.866313],[120.453059,23.866305],[120.453064,23.866295],[120.453139,23.865861],[120.453153,23.865836],[120.453174,23.865821],[120.453189,23.865804],[120.453297,23.865606],[120.453363,23.865469],[120.453198,23.865366],[120.453024,23.865311]]]}},{"type":"Feature","properties":{"id":"40efd93fe2bc","name":"彰化縣埤頭鄉中和國民小學","level":"國小","basis":"both","data_ym":"201901"},"geometry":{"type":"Polygon","coordinates":[[[120.461022,23.846995],[120.45961,23.846909],[120.459662,23.847534],[120.459561,23.84754],[120.459597,23.847925],[120.459684,23.848468],[120.460108,23.848395],[120.460611,23.848292],[120.460797,23.848245],[120.461094,23.848145],[120.461124,23.848133],[120.461141,23.848119],[120.461159,23.848092],[120.461022,23.846995]]]}},{"type":"Feature","properties":{"id":"8542701de669","name":"彰化縣埤頭鄉合興國民小學","level":"國小","basis":"both","data_ym":"202407"},"geometry":{"type":"Polygon","coordinates":[[[120.458916,23.89339],[120.458589,23.893575],[120.458415,23.893344],[120.45838,23.893484],[120.458347,23.893566],[120.458289,23.893674],[120.458212,23.8938],[120.458116,23.893945],[120.458013,23.894071],[120.45742,23.894634],[120.457512,23.894864],[120.457717,23.895348],[120.458055,23.895258],[120.458451,23.895119],[120.458872,23.894919],[120.458795,23.894803],[120.458828,23.894783],[120.459143,23.894625],[120.459534,23.894439],[120.459462,23.894317],[120.459551,23.894273],[120.459387,23.894025],[120.459572,23.893945],[120.459541,23.893918],[120.459291,23.894036],[120.459165,23.89381],[120.459316,23.893732],[120.459183,23.89362],[120.459086,23.893672],[120.458916,23.89339]]]}},{"type":"Feature","properties":{"id":"66fdcf76b6b4","name":"彰化縣埤頭鄉芙朝國民小學","level":"國小","basis":"both","data_ym":"201901"},"geometry":{"type":"Polygon","coordinates":[[[120.482109,23.870192],[120.48205,23.869762],[120.481834,23.869759],[120.481806,23.869437],[120.480714,23.869488],[120.480776,23.870721],[120.48127,23.870695],[120.481755,23.870685],[120.481751,23.870483],[120.481742,23.870438],[120.481722,23.870384],[120.481725,23.870194],[120.482109,23.870192]]]}},{"type":"Feature","properties":{"id":"3ee014048a08","name":"彰化縣埤頭鄉埤頭國民小學","level":"國小","basis":"both","data_ym":"202207"},"geometry":{"type":"Polygon","coordinates":[[[120.478363,23.892582],[120.478355,23.892529],[120.478344,23.892332],[120.477905,23.892568],[120.47738,23.892365],[120.47731,23.892322],[120.477131,23.89217],[120.476823,23.892287],[120.476899,23.892471],[120.477197,23.893239],[120.477263,23.893422],[120.477827,23.893463],[120.477822,23.893292],[120.477831,23.893258],[120.477848,23.893226],[120.477868,23.893205],[120.477919,23.893175],[120.47801,23.893136],[120.478106,23.893102],[120.478498,23.892867],[120.478431,23.892765],[120.478401,23.892696],[120.478363,23.892582]]]}},{"type":"Feature","properties":{"id":"6710dfb24c00","name":"彰化縣埤頭鄉豐崙國民小學","level":"國小","basis":"both","data_ym":"202012"},"geometry":{"type":"Polygon","coordinates":[[[120.460379,23.918367],[120.460378,23.918293],[120.460385,23.918293],[120.46038,23.918026],[120.460362,23.917307],[120.460474,23.917308],[120.460465,23.916877],[120.460484,23.916876],[120.460478,23.916679],[120.460313,23.916682],[120.460224,23.916546],[120.459834,23.916757],[120.459685,23.916857],[120.45958,23.916918],[120.459534,23.916937],[120.459555,23.917485],[120.459581,23.918396],[120.460379,23.918367]]]}},{"type":"Feature","properties":{"id":"039188ad4e3f","name":"彰化縣鹿港鎮文開國民小學","level":"國小","basis":"both","data_ym":"202012"},"geometry":{"type":"Polygon","coordinates":[[[120.429665,24.056089],[120.429401,24.055914],[120.428604,24.056618],[120.428569,24.056657],[120.429366,24.057656],[120.429483,24.057783],[120.429719,24.058087],[120.430773,24.057509],[120.429665,24.056089]]]}},{"type":"Feature","properties":{"id":"e38ce26e215e","name":"彰化縣鹿港鎮東興國民小學","level":"國小","basis":"both","data_ym":"201901"},"geometry":{"type":"Polygon","coordinates":[[[120.475231,24.058405],[120.475245,24.058392],[120.475334,24.058394],[120.475334,24.05838],[120.476086,24.058387],[120.476104,24.057942],[120.476013,24.057724],[120.476014,24.05731],[120.475778,24.057369],[120.474986,24.057508],[120.474947,24.057551],[120.474936,24.058296],[120.475008,24.058397],[120.47516,24.058406],[120.475231,24.058405]]]}},{"type":"Feature","properties":{"id":"736478df7ae9","name":"彰化縣鹿港鎮洛津國民小學","level":"國小","basis":"both","data_ym":"201901"},"geometry":{"type":"Polygon","coordinates":[[[120.429832,24.055988],[120.430412,24.055573],[120.43125,24.054956],[120.430572,24.054094],[120.430114,24.054438],[120.429857,24.054653],[120.429716,24.054579],[120.429668,24.054681],[120.429598,24.054855],[120.429497,24.055172],[120.429344,24.05568],[120.429343,24.055706],[120.429365,24.055743],[120.429473,24.055813],[120.429696,24.055919],[120.429756,24.05591],[120.429832,24.055988]]]}},{"type":"Feature","properties":{"id":"97b519801c9d","name":"彰化縣鹿港鎮海埔國民小學","level":"國小","basis":"both","data_ym":"202407"},"geometry":{"type":"Polygon","coordinates":[[[120.44443,24.084185],[120.443816,24.082785],[120.443409,24.082936],[120.443483,24.083089],[120.443452,24.083099],[120.443455,24.083114],[120.443414,24.083125],[120.443409,24.083116],[120.443335,24.083139],[120.443263,24.082999],[120.443125,24.083056],[120.443356,24.083569],[120.443578,24.084085],[120.443648,24.084315],[120.443655,24.084481],[120.443677,24.08449],[120.44443,24.084185]]]}},{"type":"Feature","properties":{"id":"c9ee6322027e","name":"彰化縣鹿港鎮草港國民小學","level":"國小","basis":"both","data_ym":"201901"},"geometry":{"type":"Polygon","coordinates":[[[120.462128,24.106166],[120.462188,24.106002],[120.462171,24.105895],[120.462083,24.105929],[120.461496,24.106062],[120.461332,24.106091],[120.461245,24.106102],[120.461221,24.105919],[120.461179,24.105714],[120.461109,24.105704],[120.460924,24.10572],[120.460566,24.105769],[120.46053,24.105812],[120.460494,24.105798],[120.460548,24.105897],[120.460549,24.106032],[120.460685,24.106382],[120.460695,24.106448],[120.460794,24.106634],[120.460855,24.106773],[120.460913,24.106926],[120.461021,24.106999],[120.461166,24.106935],[120.461376,24.106856],[120.46147,24.106795],[120.461581,24.106707],[120.46186,24.10643],[120.462075,24.106228],[120.462128,24.106166]]]}},{"type":"Feature","properties":{"id":"eb54b1af0231","name":"彰化縣鹿港鎮頂番國民小學","level":"國小","basis":"both","data_ym":"202012"},"geometry":{"type":"Polygon","coordinates":[[[120.480474,24.087869],[120.480456,24.087853],[120.480087,24.087879],[120.479983,24.088112],[120.479878,24.088376],[120.479765,24.088618],[120.47965,24.088795],[120.479713,24.088835],[120.479748,24.088984],[120.47977,24.089035],[120.479765,24.089092],[120.479769,24.089158],[120.480534,24.089305],[120.48105,24.089412],[120.481127,24.089376],[120.481099,24.089169],[120.480738,24.089164],[120.480737,24.088631],[120.480609,24.088623],[120.480598,24.088525],[120.480559,24.088338],[120.480535,24.088182],[120.480512,24.088092],[120.480474,24.087869]]]}},{"type":"Feature","properties":{"id":"7f4b861ed08e","name":"彰化縣鹿港鎮鹿東國民小學","level":"國小","basis":"both","data_ym":"202407"},"geometry":{"type":"Polygon","coordinates":[[[120.442471,24.059021],[120.442471,24.059004],[120.443336,24.059018],[120.443351,24.057725],[120.443347,24.057667],[120.442475,24.057669],[120.442475,24.057675],[120.441892,24.057668],[120.441935,24.058561],[120.441953,24.059035],[120.442419,24.05903],[120.44242,24.059021],[120.442471,24.059021]]]}},{"type":"Feature","properties":{"id":"a3432b4f1865","name":"彰化縣鹿港鎮鹿東國民小學第二校區","level":"大專","basis":"branch","data_ym":"202510"},"geometry":{"type":"Polygon","coordinates":[[[120.444345,24.054817],[120.443572,24.054814],[120.443549,24.055817],[120.444318,24.055777],[120.444367,24.055744],[120.444365,24.055487],[120.444344,24.055488],[120.444345,24.054817]]]}},{"type":"Feature","properties":{"id":"84a2a2784893","name":"彰化縣鹿港鎮鹿港國民小學","level":"國小","basis":"both","data_ym":"202407"},"geometry":{"type":"Polygon","coordinates":[[[120.433318,24.053124],[120.433359,24.052997],[120.433739,24.053021],[120.433709,24.052672],[120.433969,24.05267],[120.433959,24.052537],[120.434014,24.052063],[120.434012,24.05193],[120.434098,24.051931],[120.434093,24.051755],[120.434028,24.051759],[120.434033,24.051346],[120.433988,24.05101],[120.433956,24.050885],[120.433436,24.050919],[120.433443,24.050983],[120.433361,24.05099],[120.433347,24.051832],[120.433334,24.052006],[120.433298,24.052005],[120.432676,24.05223],[120.432767,24.052552],[120.432889,24.05265],[120.432841,24.05271],[120.433084,24.052929],[120.433182,24.052985],[120.433109,24.053087],[120.433223,24.053194],[120.433318,24.053124]]]}},{"type":"Feature","properties":{"id":"5401b9f6b069","name":"彰化縣鹿港鎮新興國民小學","level":"國小","basis":"both","data_ym":"202407"},"geometry":{"type":"Polygon","coordinates":[[[120.45733,24.072136],[120.457281,24.071876],[120.457069,24.071906],[120.457002,24.071877],[120.456976,24.07185],[120.456931,24.071783],[120.456695,24.071578],[120.456569,24.071567],[120.456568,24.071642],[120.456578,24.071714],[120.456633,24.07196],[120.456669,24.072076],[120.456708,24.072251],[120.456748,24.072465],[120.456793,24.072657],[120.456813,24.072726],[120.456975,24.072695],[120.456983,24.072646],[120.457485,24.072559],[120.457502,24.072542],[120.457506,24.072526],[120.457502,24.072499],[120.457453,24.072269],[120.457421,24.072165],[120.457415,24.072157],[120.45733,24.072136]]]}},{"type":"Feature","properties":{"id":"014d6315d636","name":"彰化縣溪州鄉三條國民小學","level":"國小","basis":"both","data_ym":"201901"},"geometry":{"type":"Polygon","coordinates":[[[120.495092,23.827152],[120.495267,23.826792],[120.495318,23.82672],[120.495283,23.826695],[120.495313,23.826573],[120.495237,23.826507],[120.49518,23.826477],[120.494069,23.82609],[120.493917,23.826039],[120.493891,23.826035],[120.493703,23.826695],[120.493603,23.827082],[120.493605,23.827094],[120.493614,23.827099],[120.4945,23.827079],[120.494552,23.827081],[120.494747,23.827105],[120.495092,23.827152]]]}},{"type":"Feature","properties":{"id":"fd86c431b732","name":"彰化縣溪州鄉大莊國民小學","level":"國小","basis":"both","data_ym":"201901"},"geometry":{"type":"Polygon","coordinates":[[[120.566898,23.816517],[120.567695,23.8163],[120.567624,23.816096],[120.567533,23.815801],[120.566962,23.815915],[120.566717,23.81597],[120.56677,23.81612],[120.566898,23.816517]]]}},{"type":"Feature","properties":{"id":"7a924a1a3bbe","name":"彰化縣溪州鄉水尾國民小學","level":"國小","basis":"both","data_ym":"201901"},"geometry":{"type":"Polygon","coordinates":[[[120.472179,23.832151],[120.472498,23.831649],[120.472502,23.831624],[120.472497,23.83161],[120.472312,23.831515],[120.471906,23.831317],[120.4716,23.831177],[120.471146,23.831855],[120.471221,23.832105],[120.471258,23.832136],[120.471299,23.832149],[120.471348,23.832148],[120.471578,23.832109],[120.471706,23.832094],[120.471748,23.832093],[120.471784,23.832096],[120.472128,23.832165],[120.472149,23.832164],[120.47217,23.832158],[120.472179,23.832151]]]}},{"type":"Feature","properties":{"id":"0cb21950630b","name":"彰化縣溪州鄉圳寮國民小學","level":"國小","basis":"both","data_ym":"201901"},"geometry":{"type":"Polygon","coordinates":[[[120.522586,23.839193],[120.522912,23.839173],[120.523285,23.839177],[120.523303,23.838656],[120.523471,23.838657],[120.523471,23.838538],[120.523298,23.838535],[120.523303,23.838421],[120.5234,23.838422],[120.523378,23.838342],[120.522968,23.838565],[120.522604,23.838757],[120.522586,23.839193]]]}},{"type":"Feature","properties":{"id":"3e8a2f3f68a5","name":"彰化縣溪州鄉成功國民小學","level":"國小","basis":"both","data_ym":"202410"},"geometry":{"type":"Polygon","coordinates":[[[120.544992,23.825455],[120.544489,23.825275],[120.544435,23.825292],[120.54441,23.82529],[120.544394,23.825279],[120.544127,23.825428],[120.543831,23.825586],[120.543887,23.825698],[120.544002,23.825953],[120.544151,23.826342],[120.544318,23.826732],[120.545186,23.826007],[120.545416,23.825806],[120.5454,23.825764],[120.545395,23.825733],[120.545393,23.825667],[120.545367,23.825655],[120.545348,23.825636],[120.545335,23.82559],[120.544992,23.825455]]]}},{"type":"Feature","properties":{"id":"12a0409daef2","name":"彰化縣溪州鄉成功國民小學西畔分校","level":"大專","basis":"branch","data_ym":"201901"},"geometry":{"type":"Polygon","coordinates":[[[120.540204,23.848259],[120.540225,23.848258],[120.540258,23.84824],[120.54072,23.847773],[120.540772,23.847714],[120.540791,23.847659],[120.540836,23.84737],[120.540813,23.847361],[120.540699,23.847491],[120.540685,23.847495],[120.540676,23.847494],[120.54062,23.847464],[120.540424,23.847345],[120.540408,23.84735],[120.540372,23.847557],[120.539948,23.847493],[120.539853,23.848024],[120.539891,23.848043],[120.539943,23.848054],[120.540028,23.848086],[120.540068,23.848107],[120.540092,23.848125],[120.540195,23.848254],[120.540204,23.848259]]]}},{"type":"Feature","properties":{"id":"286ec6798cf4","name":"彰化縣溪州鄉南州國民小學","level":"國小","basis":"both","data_ym":"202012"},"geometry":{"type":"Polygon","coordinates":[[[120.492108,23.852536],[120.490235,23.852273],[120.490144,23.852763],[120.49062,23.853051],[120.490747,23.853132],[120.491076,23.853321],[120.491159,23.853336],[120.491204,23.853329],[120.491273,23.853326],[120.491971,23.853231],[120.491983,23.85322],[120.491997,23.853197],[120.492108,23.852536]]]}},{"type":"Feature","properties":{"id":"568b9e9377fd","name":"彰化縣溪州鄉溪州國民小學","level":"國小","basis":"both","data_ym":"202207"},"geometry":{"type":"Polygon","coordinates":[[[120.498128,23.854448],[120.498188,23.853848],[120.498296,23.852865],[120.498224,23.852837],[120.498196,23.852873],[120.498139,23.852865],[120.498135,23.852806],[120.497862,23.852755],[120.497674,23.852744],[120.497492,23.852748],[120.49677,23.852841],[120.496784,23.853352],[120.496801,23.853756],[120.496817,23.853992],[120.496844,23.854166],[120.496923,23.854162],[120.496967,23.854686],[120.498128,23.854448]]]}},{"type":"Feature","properties":{"id":"f1eb92d2c8c8","name":"彰化縣溪州鄉僑義國民小學","level":"國小","basis":"both","data_ym":"201901"},"geometry":{"type":"Polygon","coordinates":[[[120.47956,23.843171],[120.479568,23.843113],[120.478883,23.843141],[120.478852,23.843886],[120.478853,23.844037],[120.478834,23.844479],[120.479218,23.844937],[120.47924,23.844948],[120.479457,23.844931],[120.479472,23.844925],[120.479486,23.844909],[120.47949,23.844896],[120.47956,23.843171]]]}},{"type":"Feature","properties":{"id":"6244c0575347","name":"彰化縣溪州鄉潮洋國民小學","level":"國小","basis":"both","data_ym":"201901"},"geometry":{"type":"Polygon","coordinates":[[[120.520093,23.814085],[120.520078,23.813723],[120.519694,23.813745],[120.519331,23.813758],[120.51913,23.813769],[120.519137,23.814534],[120.51914,23.814544],[120.519603,23.814533],[120.519866,23.814273],[120.520093,23.814085]]]}},{"type":"Feature","properties":{"id":"82c5ae137817","name":"彰化縣溪湖鎮東溪國民小學","level":"國小","basis":"both","data_ym":"202209"},"geometry":{"type":"Polygon","coordinates":[[[120.498701,23.954288],[120.498692,23.954244],[120.498659,23.954195],[120.498594,23.954151],[120.498553,23.954106],[120.498531,23.954044],[120.498497,23.953886],[120.497363,23.953937],[120.497349,23.954279],[120.497182,23.954276],[120.497188,23.954728],[120.497364,23.954749],[120.497498,23.954753],[120.497513,23.954791],[120.49797,23.954796],[120.497964,23.954867],[120.49835,23.954853],[120.498492,23.954837],[120.498521,23.954745],[120.498561,23.954656],[120.49859,23.954608],[120.498694,23.954462],[120.498705,23.954422],[120.498701,23.954288]]]}},{"type":"Feature","properties":{"id":"9446956917c8","name":"彰化縣溪湖鎮東溪國民小學1","level":"國小","basis":"both","data_ym":"201706"},"geometry":{"type":"Polygon","coordinates":[[[120.499051,23.954262],[120.49903,23.95399],[120.498889,23.953991],[120.49872,23.954043],[120.498628,23.95411],[120.498682,23.954156],[120.498719,23.954205],[120.49874,23.954262],[120.498748,23.954373],[120.498741,23.954471],[120.498734,23.954489],[120.498682,23.954558],[120.498864,23.954495],[120.499099,23.95439],[120.499051,23.954262]]]}},{"type":"Feature","properties":{"id":"93cc6d38c99d","name":"彰化縣溪湖鎮湖北國民小學","level":"國小","basis":"both","data_ym":"202209"},"geometry":{"type":"Polygon","coordinates":[[[120.475381,23.965534],[120.475627,23.965751],[120.475645,23.965735],[120.475715,23.965787],[120.475836,23.965903],[120.475984,23.966077],[120.476067,23.966164],[120.476219,23.96627],[120.476742,23.966616],[120.476886,23.966717],[120.477549,23.96583],[120.47756,23.965801],[120.477556,23.965757],[120.477007,23.965354],[120.476985,23.965377],[120.476711,23.96516],[120.476741,23.965126],[120.476349,23.964801],[120.476254,23.9648],[120.475992,23.964998],[120.475969,23.96513],[120.475691,23.965352],[120.475647,23.965313],[120.475381,23.965534]]]}},{"type":"Feature","properties":{"id":"565adcd1957b","name":"彰化縣溪湖鎮湖西國民小學","level":"國小","basis":"both","data_ym":"202012"},"geometry":{"type":"Polygon","coordinates":[[[120.467005,23.961157],[120.468095,23.96116],[120.468094,23.961145],[120.46827,23.961145],[120.468268,23.961099],[120.468287,23.959673],[120.468282,23.959604],[120.467919,23.95959],[120.467334,23.959584],[120.467325,23.959594],[120.467278,23.959658],[120.46727,23.959918],[120.467281,23.959995],[120.467292,23.96002],[120.46729,23.960026],[120.466909,23.960263],[120.46689,23.960284],[120.466884,23.960296],[120.466885,23.960318],[120.466911,23.960473],[120.467005,23.961157]]]}},{"type":"Feature","properties":{"id":"997af0bb25b7","name":"彰化縣溪湖鎮湖東國民小學","level":"國小","basis":"both","data_ym":"201901"},"geometry":{"type":"Polygon","coordinates":[[[120.48436,23.963441],[120.484184,23.962892],[120.484067,23.962932],[120.484066,23.962927],[120.48379,23.963008],[120.483805,23.963056],[120.483628,23.963104],[120.483015,23.963244],[120.482481,23.963379],[120.482331,23.963409],[120.482132,23.963437],[120.482137,23.96357],[120.482144,23.963599],[120.482189,23.963684],[120.482401,23.963984],[120.48268,23.964282],[120.482787,23.964417],[120.48293,23.964618],[120.482951,23.964624],[120.483027,23.964606],[120.484289,23.964003],[120.484349,23.963973],[120.484387,23.963946],[120.484391,23.963924],[120.484351,23.963768],[120.484351,23.963584],[120.484348,23.963571],[120.484294,23.963459],[120.48436,23.963441]]]}},{"type":"Feature","properties":{"id":"8697973faaf7","name":"彰化縣溪湖鎮湖南國民小學","level":"國小","basis":"both","data_ym":"202209"},"geometry":{"type":"Polygon","coordinates":[[[120.48051,23.949604],[120.48044,23.949602],[120.480444,23.949398],[120.480364,23.949269],[120.480327,23.949231],[120.48027,23.949185],[120.480217,23.949158],[120.480182,23.949148],[120.480139,23.94914],[120.479625,23.949123],[120.479316,23.949104],[120.479321,23.94952],[120.479164,23.949705],[120.479124,23.949741],[120.478576,23.950405],[120.48032,23.950679],[120.480322,23.950638],[120.480334,23.950639],[120.480349,23.950408],[120.480475,23.950419],[120.48051,23.949604]]]}},{"type":"Feature","properties":{"id":"ae6772ddeb2e","name":"彰化縣溪湖鎮媽厝國民小學","level":"國小","basis":"both","data_ym":"201901"},"geometry":{"type":"Polygon","coordinates":[[[120.495983,23.941815],[120.496308,23.941678],[120.496564,23.941544],[120.496595,23.941526],[120.496597,23.941519],[120.496283,23.940719],[120.496229,23.940569],[120.494752,23.94098],[120.494689,23.941025],[120.494632,23.941043],[120.494583,23.941069],[120.494396,23.941115],[120.494377,23.94118],[120.494436,23.941382],[120.494589,23.941826],[120.494747,23.941793],[120.494861,23.942209],[120.494897,23.94231],[120.494964,23.942268],[120.495834,23.941888],[120.495983,23.941815]]]}},{"type":"Feature","properties":{"id":"2157645bd197","name":"彰化縣溪湖鎮溪湖國民小學","level":"國小","basis":"both","data_ym":"201901"},"geometry":{"type":"Polygon","coordinates":[[[120.479179,23.958347],[120.479185,23.957966],[120.479182,23.95756],[120.479178,23.957462],[120.479188,23.957079],[120.478714,23.957142],[120.478716,23.957165],[120.478033,23.957265],[120.477962,23.957305],[120.477988,23.957552],[120.477753,23.957529],[120.47765,23.957532],[120.477716,23.958064],[120.477742,23.958349],[120.477827,23.958334],[120.477925,23.958492],[120.478115,23.959045],[120.478153,23.959052],[120.478215,23.959247],[120.478233,23.959347],[120.479186,23.959207],[120.479192,23.959061],[120.479228,23.958841],[120.479252,23.958489],[120.479266,23.958353],[120.479179,23.958347]]]}},{"type":"Feature","properties":{"id":"94280663cabc","name":"彰化縣彰化市三民國民小學","level":"國小","basis":"name","data_ym":"201901"},"geometry":{"type":"Polygon","coordinates":[[[120.604711,24.086946],[120.604713,24.086807],[120.604858,24.086796],[120.604857,24.086589],[120.604847,24.086559],[120.604724,24.085786],[120.604706,24.08574],[120.604681,24.08571],[120.604623,24.085685],[120.60455,24.085672],[120.604389,24.085679],[120.604404,24.085834],[120.604005,24.085852],[120.604033,24.086255],[120.604055,24.086646],[120.604074,24.086827],[120.604226,24.086812],[120.604317,24.086814],[120.604339,24.08682],[120.604409,24.086856],[120.604539,24.086932],[120.60458,24.086886],[120.604675,24.086942],[120.604711,24.086946]]]}},{"type":"Feature","properties":{"id":"06645bcf2489","name":"彰化縣彰化市大成國民小學","level":"國小","basis":"name","data_ym":"201901"},"geometry":{"type":"Polygon","coordinates":[[[120.546134,24.092246],[120.547319,24.092619],[120.547558,24.091793],[120.547717,24.091307],[120.547739,24.091225],[120.547727,24.091207],[120.547353,24.091121],[120.547319,24.091116],[120.54719,24.091147],[120.547071,24.091124],[120.547086,24.091076],[120.547026,24.091066],[120.546635,24.090968],[120.546619,24.090986],[120.546587,24.090975],[120.546594,24.090961],[120.546535,24.090952],[120.546522,24.09096],[120.546371,24.09149],[120.546344,24.091508],[120.546355,24.09153],[120.546279,24.091777],[120.546256,24.09179],[120.546134,24.092246]]]}},{"type":"Feature","properties":{"id":"d1d5c6f75181","name":"彰化縣彰化市大竹國民小學","level":"國小","basis":"name","data_ym":"202410"},"geometry":{"type":"Polygon","coordinates":[[[120.580749,24.082935],[120.580758,24.08293],[120.580941,24.082933],[120.580896,24.082547],[120.580866,24.082431],[120.580236,24.082316],[120.580212,24.082308],[120.580203,24.082301],[120.580202,24.081969],[120.579955,24.082014],[120.579788,24.082049],[120.579784,24.082039],[120.579366,24.082135],[120.579232,24.082248],[120.579123,24.082368],[120.579136,24.082441],[120.579233,24.082419],[120.579354,24.082423],[120.579649,24.082634],[120.579633,24.082652],[120.579667,24.082964],[120.579664,24.083046],[120.579687,24.08322],[120.579702,24.083398],[120.579836,24.083846],[120.579892,24.084061],[120.580482,24.083913],[120.580452,24.083838],[120.580461,24.083823],[120.580593,24.083778],[120.580579,24.083729],[120.580551,24.083474],[120.580548,24.08338],[120.580517,24.083119],[120.580775,24.083088],[120.580749,24.082935]]]}},{"type":"Feature","properties":{"id":"d9c9ed2e1a08","name":"彰化縣彰化市中山國民小學","level":"國小","basis":"name","data_ym":"202007"},"geometry":{"type":"Polygon","coordinates":[[[120.547487,24.082625],[120.548014,24.082509],[120.548016,24.082517],[120.548032,24.082494],[120.547951,24.082174],[120.548361,24.082081],[120.548337,24.081607],[120.54829,24.081537],[120.547971,24.081165],[120.547742,24.080909],[120.547672,24.080933],[120.547663,24.080906],[120.547643,24.080906],[120.547629,24.080802],[120.547616,24.080779],[120.547584,24.080797],[120.547126,24.080993],[120.54697,24.081053],[120.545952,24.08105],[120.54594,24.081401],[120.545945,24.081632],[120.545971,24.081735],[120.546035,24.081891],[120.546093,24.08197],[120.546195,24.082067],[120.5466,24.082365],[120.546751,24.082495],[120.546888,24.082535],[120.547444,24.082414],[120.547487,24.082625]]]}},{"type":"Feature","properties":{"id":"9d0f1695a167","name":"彰化縣彰化市平和國民小學","level":"國小","basis":"name","data_ym":"202410"},"geometry":{"type":"Polygon","coordinates":[[[120.535719,24.070905],[120.534481,24.071136],[120.534478,24.071128],[120.533868,24.071241],[120.534197,24.072661],[120.534622,24.072626],[120.534783,24.072602],[120.535052,24.072592],[120.535157,24.072573],[120.535326,24.072579],[120.535352,24.072574],[120.535364,24.072577],[120.535396,24.072612],[120.53541,24.072638],[120.535754,24.072496],[120.535775,24.072566],[120.536081,24.07251],[120.53592,24.071822],[120.535719,24.070905]]]}},{"type":"Feature","properties":{"id":"70f2ba30a66f","name":"彰化縣彰化市平和國民小學建和分校","level":"大專","basis":"branch","data_ym":"202410"},"geometry":{"type":"Polygon","coordinates":[[[120.532063,24.070755],[120.531635,24.069843],[120.531619,24.069838],[120.531441,24.069842],[120.531455,24.070172],[120.53147,24.070172],[120.531483,24.07032],[120.531471,24.07032],[120.531479,24.070426],[120.530723,24.070462],[120.530534,24.070479],[120.530584,24.070588],[120.530981,24.071286],[120.531206,24.071151],[120.531713,24.070926],[120.532044,24.070803],[120.532063,24.070755]]]}},{"type":"Feature","properties":{"id":"e9708962c40c","name":"彰化縣彰化市民生國民小學","level":"國小","basis":"name","data_ym":"202007"},"geometry":{"type":"Polygon","coordinates":[[[120.543503,24.084914],[120.543529,24.08473],[120.543559,24.084599],[120.543618,24.084018],[120.543652,24.083735],[120.542647,24.083621],[120.542557,24.083617],[120.542442,24.083597],[120.542414,24.083619],[120.542357,24.084163],[120.542341,24.084163],[120.542296,24.08448],[120.542261,24.084672],[120.542208,24.084851],[120.542277,24.084866],[120.542346,24.084889],[120.542356,24.084889],[120.542467,24.084921],[120.542978,24.085029],[120.543064,24.085168],[120.543472,24.08521],[120.543503,24.084914]]]}},{"type":"Feature","properties":{"id":"1ee21f41e36f","name":"彰化縣彰化市石牌國民小學","level":"國小","basis":"name","data_ym":"201901"},"geometry":{"type":"Polygon","coordinates":[[[120.61473,24.058763],[120.614989,24.05856],[120.615525,24.058096],[120.615626,24.058027],[120.615562,24.057936],[120.615196,24.058148],[120.615045,24.058214],[120.614915,24.058165],[120.614791,24.058112],[120.614641,24.058173],[120.614605,24.058183],[120.614588,24.058196],[120.614521,24.058227],[120.614462,24.05826],[120.614435,24.058289],[120.614331,24.058358],[120.613928,24.058666],[120.613911,24.058652],[120.613708,24.058841],[120.613376,24.059121],[120.613332,24.059213],[120.613514,24.05922],[120.613644,24.059217],[120.613736,24.059211],[120.613827,24.059197],[120.613912,24.059176],[120.613987,24.059148],[120.614086,24.059103],[120.61419,24.059048],[120.614533,24.058887],[120.61473,24.058763]]]}},{"type":"Feature","properties":{"id":"b36271c52837","name":"彰化縣彰化市快官國民小學","level":"國小","basis":"name","data_ym":"201901"},"geometry":{"type":"Polygon","coordinates":[[[120.612158,24.069288],[120.612222,24.069275],[120.612539,24.069195],[120.61237,24.068994],[120.612314,24.068894],[120.612467,24.068751],[120.612633,24.068649],[120.612746,24.068566],[120.612734,24.068548],[120.612709,24.068486],[120.612542,24.06804],[120.612477,24.067911],[120.612442,24.06788],[120.612367,24.067833],[120.611912,24.067591],[120.611541,24.067937],[120.611486,24.067902],[120.61133,24.068041],[120.611293,24.068045],[120.611075,24.068279],[120.610943,24.068457],[120.610832,24.068683],[120.610965,24.068723],[120.61125,24.068766],[120.611524,24.068934],[120.611501,24.068969],[120.611583,24.069022],[120.611609,24.068987],[120.612104,24.069305],[120.612158,24.069291],[120.612158,24.069288]]]}},{"type":"Feature","properties":{"id":"a2d83b237ac1","name":"彰化縣彰化市忠孝國民小學","level":"國小","basis":"name","data_ym":"201901"},"geometry":{"type":"Polygon","coordinates":[[[120.532199,24.082964],[120.531863,24.082961],[120.531035,24.083177],[120.53071,24.083254],[120.530849,24.083653],[120.531293,24.084631],[120.531341,24.084633],[120.532616,24.084304],[120.532638,24.084288],[120.532643,24.084271],[120.532641,24.084241],[120.532547,24.08396],[120.532199,24.082964]]]}},{"type":"Feature","properties":{"id":"626f8c4300ea","name":"彰化縣彰化市東芳國民小學","level":"國小","basis":"name","data_ym":"202209"},"geometry":{"type":"Polygon","coordinates":[[[120.516068,24.062863],[120.516332,24.062584],[120.516812,24.062137],[120.516483,24.061855],[120.516122,24.061513],[120.515852,24.061282],[120.514839,24.062314],[120.514859,24.062369],[120.514935,24.062378],[120.515014,24.0624],[120.515039,24.062408],[120.515087,24.062437],[120.515152,24.062536],[120.515181,24.062643],[120.515223,24.062771],[120.51524,24.062797],[120.51527,24.062816],[120.515363,24.062816],[120.515546,24.062827],[120.51553,24.062916],[120.515804,24.062926],[120.516068,24.062863]]]}},{"type":"Feature","properties":{"id":"967ed9159d14","name":"彰化縣彰化市南郭國民小學","level":"國小","basis":"name","data_ym":"202209"},"geometry":{"type":"Polygon","coordinates":[[[120.545817,24.070839],[120.545846,24.070932],[120.545951,24.071073],[120.546082,24.071282],[120.54614,24.071457],[120.546428,24.071716],[120.546566,24.071818],[120.54657,24.071828],[120.546908,24.071784],[120.546908,24.071768],[120.546972,24.071769],[120.546972,24.07173],[120.54706,24.071727],[120.547095,24.071696],[120.547132,24.071671],[120.547157,24.071661],[120.547184,24.07166],[120.547234,24.071677],[120.547412,24.071703],[120.547686,24.071662],[120.548063,24.071596],[120.548126,24.071572],[120.548026,24.070001],[120.547857,24.069958],[120.547302,24.06995],[120.547302,24.069973],[120.547184,24.069969],[120.547065,24.069931],[120.547064,24.069908],[120.547031,24.069909],[120.547031,24.069933],[120.546933,24.06994],[120.546293,24.069952],[120.546274,24.070711],[120.545923,24.070706],[120.545915,24.070766],[120.545906,24.070789],[120.54589,24.070808],[120.545865,24.070827],[120.545817,24.070839]]]}},{"type":"Feature","properties":{"id":"79c60976c7b6","name":"彰化縣彰化市南興國民小學","level":"國小","basis":"name","data_ym":"201901"},"geometry":{"type":"Polygon","coordinates":[[[120.533501,24.05889],[120.533569,24.058875],[120.53358,24.058916],[120.533633,24.058905],[120.533635,24.058913],[120.534286,24.058765],[120.534301,24.058713],[120.534124,24.058148],[120.534041,24.057868],[120.534018,24.057874],[120.533964,24.057687],[120.533699,24.057731],[120.533235,24.057794],[120.53321,24.057818],[120.532953,24.05784],[120.532647,24.057901],[120.532629,24.057931],[120.532683,24.058291],[120.532787,24.059068],[120.532823,24.059087],[120.533437,24.058951],[120.533465,24.058923],[120.533507,24.058912],[120.533501,24.05889]]]}},{"type":"Feature","properties":{"id":"f39180b68f65","name":"彰化縣彰化市泰和國民小學","level":"國小","basis":"name","data_ym":"201901"},"geometry":{"type":"Polygon","coordinates":[[[120.550904,24.091906],[120.550987,24.093286],[120.551791,24.093467],[120.552416,24.093619],[120.552449,24.093615],[120.552492,24.093218],[120.552535,24.093216],[120.552514,24.093129],[120.552507,24.093011],[120.5525,24.092585],[120.552486,24.092243],[120.551931,24.092132],[120.551904,24.09212],[120.551876,24.091727],[120.551733,24.091725],[120.551684,24.091735],[120.551639,24.091236],[120.551614,24.090908],[120.551406,24.090918],[120.551402,24.091017],[120.551295,24.091031],[120.551303,24.091106],[120.550833,24.091145],[120.550904,24.091906]]]}},{"type":"Feature","properties":{"id":"43cdb87490a8","name":"彰化縣彰化市國聖國民小學","level":"國小","basis":"name","data_ym":"202410"},"geometry":{"type":"Polygon","coordinates":[[[120.570103,24.09268],[120.570024,24.091857],[120.56931,24.091911],[120.569293,24.09173],[120.568952,24.091739],[120.568898,24.091758],[120.568528,24.091794],[120.568204,24.091845],[120.568228,24.092023],[120.568079,24.092038],[120.56807,24.091984],[120.567908,24.092076],[120.568016,24.092235],[120.568191,24.092506],[120.568577,24.092455],[120.568624,24.092488],[120.568761,24.092565],[120.569035,24.092703],[120.570067,24.092686],[120.570103,24.09268]]]}},{"type":"Feature","properties":{"id":"cf86ffc26669","name":"彰化縣彰化市聯興國民小學","level":"國小","basis":"name","data_ym":"202410"},"geometry":{"type":"Polygon","coordinates":[[[120.597931,24.077304],[120.598332,24.077205],[120.598336,24.077219],[120.59883,24.077106],[120.59883,24.077022],[120.598793,24.076775],[120.598781,24.076733],[120.598739,24.076643],[120.598649,24.076536],[120.598618,24.076511],[120.598584,24.076494],[120.598368,24.076418],[120.598188,24.07634],[120.598134,24.076306],[120.598092,24.07624],[120.598047,24.076134],[120.598047,24.076122],[120.597903,24.076126],[120.597926,24.076634],[120.59781,24.076673],[120.597792,24.076856],[120.597931,24.077304]]]}},{"type":"Feature","properties":{"id":"df5211daa2cb","name":"彰化縣福興鄉大興國民小學","level":"國小","basis":"both","data_ym":"202209"},"geometry":{"type":"Polygon","coordinates":[[[120.473893,24.026315],[120.47278,24.026382],[120.47283,24.0266],[120.473022,24.027557],[120.473206,24.028386],[120.473328,24.02885],[120.473407,24.029246],[120.473453,24.029255],[120.474023,24.029146],[120.473911,24.028553],[120.474586,24.028476],[120.474565,24.028275],[120.474496,24.027722],[120.474315,24.026374],[120.473955,24.02632],[120.473893,24.026315]]]}},{"type":"Feature","properties":{"id":"5504567d51b1","name":"彰化縣福興鄉文昌國民小學","level":"國小","basis":"both","data_ym":"202208"},"geometry":{"type":"Polygon","coordinates":[[[120.419151,24.008229],[120.419203,24.008223],[120.419271,24.008227],[120.419322,24.008246],[120.419425,24.008253],[120.41993,24.007781],[120.41985,24.007706],[120.419894,24.007663],[120.419923,24.007624],[120.419696,24.00751],[120.418899,24.007166],[120.418713,24.007505],[120.418695,24.007569],[120.418613,24.00765],[120.418627,24.007703],[120.419047,24.008073],[120.41903,24.008091],[120.419089,24.008254],[120.419151,24.008229]]]}},{"type":"Feature","properties":{"id":"14811f0f420b","name":"彰化縣福興鄉日新國民小學","level":"國小","basis":"both","data_ym":"202012"},"geometry":{"type":"Polygon","coordinates":[[[120.459713,24.046582],[120.45954,24.045908],[120.459529,24.045929],[120.459437,24.045863],[120.458848,24.045983],[120.458815,24.045996],[120.458824,24.046193],[120.458875,24.046816],[120.459263,24.046817],[120.459709,24.046673],[120.459713,24.046582]]]}},{"type":"Feature","properties":{"id":"bc60773a7f2c","name":"彰化縣福興鄉永豐國民小學","level":"國小","basis":"both","data_ym":"201901"},"geometry":{"type":"Polygon","coordinates":[[[120.455543,24.026062],[120.455441,24.02515],[120.454499,24.025245],[120.454488,24.025254],[120.454595,24.026174],[120.455543,24.026062]]]}},{"type":"Feature","properties":{"id":"fec083729413","name":"彰化縣福興鄉西勢國民小學","level":"國小","basis":"both","data_ym":"202407"},"geometry":{"type":"Polygon","coordinates":[[[120.437336,24.04459],[120.437889,24.044446],[120.437911,24.044535],[120.438215,24.044498],[120.438373,24.044263],[120.438229,24.043539],[120.438214,24.043482],[120.437651,24.043601],[120.437629,24.043535],[120.437026,24.043662],[120.437028,24.043683],[120.437016,24.043685],[120.437048,24.043821],[120.437072,24.043963],[120.437076,24.044058],[120.437073,24.04411],[120.437052,24.044247],[120.437021,24.044376],[120.437088,24.044372],[120.437235,24.044351],[120.437269,24.044448],[120.437336,24.04459]]]}},{"type":"Feature","properties":{"id":"21cc951b47fd","name":"彰化縣福興鄉育新國民小學","level":"國小","basis":"both","data_ym":"202207"},"geometry":{"type":"Polygon","coordinates":[[[120.413414,24.041574],[120.413056,24.041075],[120.412329,24.041324],[120.41223,24.041429],[120.412502,24.041645],[120.412978,24.042048],[120.412997,24.042045],[120.41304,24.042009],[120.413414,24.041574]]]}},{"type":"Feature","properties":{"id":"0b0eaff9b525","name":"彰化縣福興鄉管嶼國民小學","level":"國小","basis":"both","data_ym":"202207"},"geometry":{"type":"Polygon","coordinates":[[[120.413121,24.028688],[120.413342,24.028596],[120.41332,24.028551],[120.413339,24.028531],[120.414306,24.028182],[120.41431,24.028096],[120.414169,24.027872],[120.414111,24.027772],[120.414048,24.027746],[120.413932,24.027348],[120.413855,24.027389],[120.413799,24.027336],[120.41379,24.027249],[120.413762,24.027073],[120.413517,24.02713],[120.412755,24.027324],[120.412756,24.027327],[120.412011,24.027523],[120.412739,24.028342],[120.41302,24.028664],[120.413097,24.028635],[120.413121,24.028688]]]}},{"type":"Feature","properties":{"id":"c1bb2bde4c86","name":"彰化縣線西鄉線西國民小學","level":"國小","basis":"both","data_ym":"201810"},"geometry":{"type":"Polygon","coordinates":[[[120.468676,24.130534],[120.468439,24.130674],[120.468425,24.130694],[120.468426,24.130732],[120.468447,24.130763],[120.468823,24.131246],[120.469161,24.131713],[120.469193,24.131693],[120.469396,24.131956],[120.469565,24.131806],[120.469581,24.131769],[120.469592,24.131764],[120.469629,24.131759],[120.469783,24.131622],[120.469916,24.131533],[120.470251,24.131283],[120.470269,24.13127],[120.470286,24.131266],[120.470327,24.131267],[120.470373,24.131248],[120.470225,24.131088],[120.470373,24.130969],[120.470241,24.130779],[120.470154,24.130413],[120.470105,24.130352],[120.469392,24.130492],[120.469133,24.130534],[120.468991,24.130542],[120.468676,24.130534]]]}},{"type":"Feature","properties":{"id":"9be4c022e223","name":"彰化縣線西鄉曉陽國民小學","level":"國小","basis":"both","data_ym":"201901"},"geometry":{"type":"Polygon","coordinates":[[[120.479441,24.12177],[120.479399,24.120831],[120.479377,24.120808],[120.479347,24.120805],[120.479078,24.120879],[120.478839,24.120959],[120.478838,24.120957],[120.478319,24.121151],[120.478333,24.121185],[120.478173,24.121254],[120.478064,24.121247],[120.477997,24.121272],[120.478006,24.121331],[120.477972,24.121335],[120.477973,24.121622],[120.477988,24.121622],[120.477989,24.121685],[120.478897,24.121708],[120.479305,24.121725],[120.479368,24.121745],[120.479395,24.121763],[120.479441,24.12177]]]}}]}