{"type":"FeatureCollection","county":"新北市","features":[{"type":"Feature","properties":{"id":"dc7b7af75735","name":"元智大學新北分部(預定地)","level":"其他","basis":"none","data_ym":"202507"},"geometry":{"type":"Polygon","coordinates":[[[121.382994,25.085573],[121.382967,25.085572],[121.382914,25.085591],[121.38254,25.085761],[121.382314,25.085876],[121.382238,25.085927],[121.381715,25.086409],[121.381608,25.086495],[121.381574,25.086535],[121.381569,25.086551],[121.381575,25.086586],[121.381626,25.086674],[121.381864,25.087036],[121.382106,25.087435],[121.382136,25.087477],[121.38217,25.0875],[121.382203,25.087515],[121.382247,25.08752],[121.382282,25.087516],[121.382315,25.087504],[121.382437,25.087447],[121.383059,25.087128],[121.383568,25.086863],[121.383674,25.086801],[121.383697,25.086775],[121.383704,25.086738],[121.383674,25.086665],[121.383485,25.086373],[121.3833,25.086057],[121.38315,25.085821],[121.383014,25.085586],[121.382994,25.085573]]]}},{"type":"Feature","properties":{"id":"3ff6f3b1475b","name":"天主教輔仁大學1","level":"大專","basis":"name","data_ym":"201803"},"geometry":{"type":"Polygon","coordinates":[[[121.430352,25.034301],[121.429884,25.033842],[121.429465,25.034184],[121.428972,25.034519],[121.428609,25.034773],[121.427907,25.035297],[121.428139,25.035554],[121.428421,25.035817],[121.428542,25.035921],[121.428555,25.035922],[121.428583,25.035914],[121.429645,25.035255],[121.430163,25.034942],[121.430646,25.03463],[121.430391,25.034352],[121.430352,25.034301]]]}},{"type":"Feature","properties":{"id":"e4abdc6b4b57","name":"天主教輔仁大學3","level":"大專","basis":"name","data_ym":"201710"},"geometry":{"type":"Polygon","coordinates":[[[121.431762,25.039993],[121.432299,25.040634],[121.432668,25.040421],[121.432574,25.04029],[121.432893,25.040103],[121.433059,25.040013],[121.43339,25.039814],[121.433908,25.039522],[121.434188,25.039369],[121.434014,25.039126],[121.434173,25.039027],[121.433999,25.038762],[121.433811,25.038504],[121.433447,25.037965],[121.433064,25.03819],[121.432455,25.03857],[121.432047,25.038804],[121.431714,25.039002],[121.431936,25.039333],[121.432021,25.039466],[121.432136,25.039402],[121.432239,25.039575],[121.432223,25.039589],[121.432282,25.039691],[121.431848,25.039957],[121.431813,25.039954],[121.431768,25.039981],[121.431762,25.039993]]]}},{"type":"Feature","properties":{"id":"3b3c50f73f5b","name":"臺北海洋科技大學淡水校區","level":"大專","basis":"branch","data_ym":"201311"},"geometry":{"type":"Polygon","coordinates":[[[121.427338,25.191265],[121.427298,25.191244],[121.426371,25.191393],[121.425715,25.19146],[121.425334,25.19149],[121.425265,25.191546],[121.425092,25.192059],[121.424995,25.19238],[121.424983,25.19247],[121.424989,25.192538],[121.425021,25.192643],[121.425089,25.192756],[121.425448,25.193274],[121.42548,25.193252],[121.426055,25.193027],[121.426268,25.192948],[121.426839,25.192723],[121.427684,25.192403],[121.427706,25.192364],[121.427422,25.191535],[121.427338,25.191265]]]}},{"type":"Feature","properties":{"id":"3240273890c4","name":"宏國德霖科技大學","level":"大專","basis":"both","data_ym":"202510"},"geometry":{"type":"Polygon","coordinates":[[[121.456528,24.973706],[121.456662,24.973653],[121.456708,24.973672],[121.45676,24.973685],[121.456821,24.973687],[121.456888,24.973683],[121.457016,24.973663],[121.457145,24.973631],[121.457212,24.973609],[121.45754,24.973465],[121.457794,24.973333],[121.458059,24.973205],[121.458154,24.973164],[121.45822,24.973148],[121.458228,24.973055],[121.458238,24.973036],[121.458257,24.972487],[121.458281,24.972428],[121.458362,24.972308],[121.458388,24.972242],[121.458268,24.972178],[121.45823,24.97218],[121.458134,24.972201],[121.458059,24.972207],[121.457982,24.97222],[121.457981,24.972231],[121.457862,24.972234],[121.457861,24.972231],[121.457766,24.972238],[121.457664,24.972264],[121.457543,24.972313],[121.457347,24.972384],[121.457211,24.97241],[121.457047,24.972399],[121.456724,24.972297],[121.456482,24.972238],[121.456456,24.972204],[121.456447,24.972069],[121.456455,24.972018],[121.456504,24.971907],[121.456651,24.97183],[121.456825,24.971787],[121.456955,24.971728],[121.457091,24.97162],[121.457169,24.971469],[121.457192,24.971309],[121.45721,24.971243],[121.45724,24.971162],[121.457247,24.971131],[121.457284,24.971085],[121.457181,24.970977],[121.457122,24.970904],[121.457009,24.97078],[121.456987,24.970762],[121.456799,24.970703],[121.456711,24.970665],[121.456638,24.970626],[121.456566,24.970574],[121.456501,24.970512],[121.456724,24.970094],[121.456546,24.970032],[121.456827,24.969747],[121.457005,24.969642],[121.456915,24.969137],[121.456846,24.968802],[121.45648,24.968879],[121.455897,24.968441],[121.455828,24.968454],[121.455792,24.968655],[121.455435,24.968659],[121.455428,24.968624],[121.455422,24.968558],[121.455408,24.968532],[121.455381,24.968503],[121.455362,24.9685],[121.455309,24.968568],[121.455235,24.968676],[121.45518,24.969215],[121.455125,24.969694],[121.455018,24.971014],[121.455225,24.971042],[121.455187,24.971415],[121.455169,24.971412],[121.45516,24.971448],[121.455183,24.971454],[121.455283,24.971737],[121.455361,24.971976],[121.455439,24.972397],[121.455483,24.972584],[121.455547,24.973049],[121.455586,24.973376],[121.455543,24.973551],[121.455708,24.973612],[121.456231,24.973741],[121.456528,24.973706]]]}},{"type":"Feature","properties":{"id":"130c3478119e","name":"亞東科技大學","level":"大專","basis":"both","data_ym":"202510"},"geometry":{"type":"Polygon","coordinates":[[[121.452585,24.996499],[121.453145,24.996136],[121.453568,24.996805],[121.454374,24.995675],[121.453932,24.995494],[121.453834,24.99559],[121.453655,24.995786],[121.453306,24.996032],[121.453272,24.995985],[121.453556,24.995785],[121.453618,24.995736],[121.45336,24.995421],[121.453448,24.995285],[121.453447,24.995273],[121.452806,24.995011],[121.452577,24.995159],[121.452567,24.995168],[121.452312,24.995309],[121.452179,24.995393],[121.451988,24.995045],[121.451552,24.995262],[121.451878,24.995945],[121.451985,24.996205],[121.452084,24.996483],[121.452097,24.99651],[121.452109,24.996516],[121.452131,24.996513],[121.45223,24.99662],[121.452552,24.99645],[121.452585,24.996499]]]}},{"type":"Feature","properties":{"id":"4b2004348e52","name":"亞東科技大學淡水校區","level":"大專","basis":"branch","data_ym":"202309"},"geometry":{"type":"Polygon","coordinates":[[[121.429364,25.190146],[121.429404,25.190042],[121.428228,25.190184],[121.427923,25.190428],[121.427967,25.19069],[121.429365,25.190523],[121.429346,25.190376],[121.429342,25.190289],[121.429351,25.190239],[121.42937,25.190188],[121.429363,25.190171],[121.429364,25.190146]]]}},{"type":"Feature","properties":{"id":"fa6f9c92fe98","name":"明志科技大學","level":"大專","basis":"both","data_ym":"202309"},"geometry":{"type":"Polygon","coordinates":[[[121.421735,25.045016],[121.42175,25.044919],[121.421871,25.044903],[121.422015,25.044844],[121.422216,25.044772],[121.422459,25.044718],[121.422689,25.044592],[121.422971,25.044278],[121.423112,25.044054],[121.42315,25.043894],[121.423115,25.043757],[121.423125,25.043597],[121.423285,25.043426],[121.423289,25.043416],[121.423448,25.043285],[121.42339,25.043185],[121.423382,25.04315],[121.423382,25.043074],[121.423368,25.04303],[121.423281,25.042881],[121.423255,25.042814],[121.423006,25.042868],[121.422874,25.042807],[121.422876,25.042774],[121.422909,25.04272],[121.422947,25.042694],[121.422953,25.042639],[121.422953,25.042514],[121.422925,25.042484],[121.422922,25.042459],[121.423223,25.04243],[121.42321,25.042345],[121.423211,25.042295],[121.423125,25.042284],[121.423102,25.042226],[121.423086,25.042168],[121.422818,25.042227],[121.422748,25.0422],[121.42262,25.042175],[121.422561,25.04208],[121.42255,25.042043],[121.422537,25.042047],[121.422541,25.042059],[121.422518,25.042064],[121.422508,25.042034],[121.422551,25.042023],[121.422552,25.041944],[121.422572,25.041938],[121.422492,25.041721],[121.422718,25.041632],[121.422712,25.041587],[121.422731,25.04153],[121.422742,25.041444],[121.422733,25.041291],[121.422782,25.041176],[121.422782,25.04113],[121.422776,25.04111],[121.422861,25.041041],[121.422852,25.041022],[121.422656,25.040798],[121.422545,25.040743],[121.422431,25.04062],[121.422164,25.04047],[121.422038,25.040459],[121.42196,25.040449],[121.421909,25.040437],[121.421785,25.040388],[121.421721,25.04035],[121.421624,25.040271],[121.421438,25.040043],[121.421315,25.039904],[121.421192,25.039798],[121.421083,25.039739],[121.421011,25.039708],[121.42097,25.039707],[121.420933,25.039713],[121.420501,25.03991],[121.420355,25.039964],[121.420273,25.039988],[121.420136,25.039996],[121.419704,25.040004],[121.419656,25.039992],[121.41962,25.039974],[121.419595,25.039967],[121.419536,25.039963],[121.419533,25.039949],[121.419511,25.039907],[121.419481,25.039874],[121.419476,25.039861],[121.419282,25.039614],[121.4188,25.039012],[121.418123,25.038192],[121.417852,25.037919],[121.417721,25.038005],[121.41793,25.038284],[121.417772,25.03839],[121.418278,25.039034],[121.418136,25.039281],[121.418196,25.039309],[121.41811,25.039438],[121.418062,25.039488],[121.418008,25.039527],[121.417921,25.039565],[121.417827,25.039599],[121.417473,25.039673],[121.417416,25.039728],[121.417193,25.039987],[121.417266,25.040077],[121.41747,25.039921],[121.41754,25.039895],[121.417633,25.039874],[121.417971,25.039832],[121.418112,25.039829],[121.418196,25.03985],[121.418322,25.039901],[121.418429,25.039964],[121.418516,25.040066],[121.418589,25.040175],[121.418525,25.040213],[121.418511,25.040315],[121.418551,25.040505],[121.418519,25.040581],[121.418453,25.040613],[121.418434,25.040697],[121.418704,25.041103],[121.419035,25.041516],[121.41906,25.041594],[121.419022,25.041693],[121.418897,25.041805],[121.418857,25.041857],[121.418701,25.042115],[121.418673,25.042188],[121.418648,25.042496],[121.41868,25.042877],[121.418733,25.042908],[121.419086,25.042983],[121.419112,25.043137],[121.419052,25.043269],[121.418972,25.043412],[121.418968,25.043449],[121.418598,25.043268],[121.418074,25.044072],[121.418184,25.044336],[121.41829,25.044334],[121.41837,25.04431],[121.418435,25.044312],[121.418494,25.044344],[121.418716,25.045057],[121.419886,25.044781],[121.419987,25.04462],[121.420021,25.044595],[121.420111,25.044475],[121.420146,25.044446],[121.420397,25.044408],[121.420467,25.044422],[121.420505,25.044445],[121.420574,25.044517],[121.420606,25.044581],[121.420692,25.044843],[121.420718,25.044895],[121.420745,25.044924],[121.42078,25.044949],[121.420808,25.044963],[121.421038,25.045016],[121.421149,25.045027],[121.421203,25.045027],[121.421266,25.045019],[121.421386,25.044953],[121.421455,25.044955],[121.421494,25.045021],[121.421512,25.045097],[121.421638,25.04515],[121.421699,25.045123],[121.421735,25.045016]]]}},{"type":"Feature","properties":{"id":"665f7b26d34d","name":"明志科技大學1","level":"大專","basis":"both","data_ym":"202309"},"geometry":{"type":"Polygon","coordinates":[[[121.421504,25.03983],[121.421901,25.03965],[121.42196,25.039772],[121.422437,25.039556],[121.422482,25.039561],[121.42244,25.039423],[121.422628,25.03935],[121.422593,25.039291],[121.422668,25.039264],[121.422686,25.039219],[121.422706,25.039077],[121.42273,25.038992],[121.422641,25.038985],[121.422396,25.038934],[121.422116,25.038846],[121.421916,25.038522],[121.421862,25.038533],[121.421848,25.038488],[121.4218,25.038425],[121.421611,25.038518],[121.421269,25.038696],[121.421076,25.038816],[121.421295,25.039074],[121.42139,25.039198],[121.421411,25.039186],[121.42154,25.039344],[121.42124,25.039537],[121.421456,25.039819],[121.42148,25.039801],[121.421504,25.03983]]]}},{"type":"Feature","properties":{"id":"5be60122d291","name":"東南科技大學","level":"大專","basis":"both","data_ym":"202509"},"geometry":{"type":"Polygon","coordinates":[[[121.607256,25.005418],[121.607122,25.004904],[121.607207,25.004649],[121.6072,25.004644],[121.607024,25.004624],[121.606936,25.004583],[121.60678,25.004551],[121.606015,25.004509],[121.605796,25.00448],[121.60576,25.004454],[121.605727,25.004383],[121.605756,25.003625],[121.605739,25.003563],[121.605598,25.003454],[121.605523,25.003373],[121.605476,25.003277],[121.605473,25.003178],[121.605408,25.002317],[121.605374,25.00221],[121.60526,25.001978],[121.605194,25.002004],[121.604808,25.002201],[121.603789,25.002732],[121.603487,25.00291],[121.603453,25.002941],[121.603461,25.002943],[121.603532,25.002908],[121.60384,25.002749],[121.60395,25.00268],[121.604325,25.002486],[121.60487,25.002301],[121.605108,25.002212],[121.605204,25.002182],[121.60526,25.002184],[121.605284,25.00219],[121.605311,25.002206],[121.605332,25.002232],[121.605345,25.002255],[121.605359,25.002294],[121.605364,25.002339],[121.605361,25.002378],[121.605331,25.00247],[121.605308,25.002512],[121.60522,25.002617],[121.604995,25.002807],[121.604325,25.00322],[121.604263,25.003271],[121.604222,25.003311],[121.604189,25.003373],[121.60418,25.003416],[121.604177,25.003458],[121.60418,25.003501],[121.604278,25.003651],[121.604379,25.003821],[121.604445,25.003911],[121.604459,25.003928],[121.604471,25.003933],[121.604496,25.003931],[121.604582,25.003903],[121.604965,25.003702],[121.605114,25.003637],[121.605187,25.003611],[121.605265,25.003608],[121.60534,25.003615],[121.605414,25.003636],[121.605453,25.003667],[121.605473,25.0037],[121.605484,25.003749],[121.605468,25.004171],[121.605461,25.00422],[121.605465,25.004271],[121.605499,25.004469],[121.605554,25.004644],[121.605513,25.004656],[121.605427,25.004307],[121.605423,25.004302],[121.605409,25.004301],[121.605371,25.004352],[121.605307,25.004321],[121.605379,25.004199],[121.605388,25.004143],[121.605414,25.003862],[121.605408,25.003746],[121.605402,25.00373],[121.605371,25.003693],[121.605344,25.003681],[121.605226,25.003659],[121.605083,25.003709],[121.604769,25.00387],[121.604639,25.003945],[121.60434,25.004098],[121.603467,25.0046],[121.603352,25.004659],[121.603288,25.004697],[121.60328,25.00471],[121.603275,25.004732],[121.603276,25.004759],[121.603294,25.004803],[121.603469,25.00505],[121.603512,25.005101],[121.603556,25.00513],[121.603591,25.005143],[121.603575,25.005186],[121.603441,25.005128],[121.603328,25.005047],[121.603307,25.005023],[121.60329,25.004994],[121.603191,25.004742],[121.603161,25.004678],[121.603572,25.004429],[121.604274,25.004054],[121.604323,25.004014],[121.604344,25.003979],[121.604347,25.003961],[121.604341,25.003939],[121.604264,25.003831],[121.604079,25.003512],[121.604074,25.00346],[121.60408,25.003401],[121.604111,25.003318],[121.60414,25.003271],[121.604181,25.003217],[121.604225,25.003174],[121.604295,25.003122],[121.604383,25.003065],[121.604698,25.00288],[121.604958,25.002712],[121.605073,25.002612],[121.605134,25.002551],[121.605208,25.002466],[121.605237,25.002416],[121.60526,25.002347],[121.605257,25.002325],[121.60522,25.002279],[121.605203,25.002272],[121.60518,25.002272],[121.604918,25.002372],[121.604881,25.002393],[121.60486,25.002467],[121.60483,25.0025],[121.60458,25.00265],[121.604061,25.002975],[121.603999,25.002927],[121.604131,25.002851],[121.603898,25.002966],[121.603873,25.002914],[121.60474,25.00247],[121.604747,25.002454],[121.604746,25.002446],[121.60471,25.002453],[121.604518,25.002532],[121.603577,25.002995],[121.603452,25.003065],[121.603416,25.003063],[121.603352,25.003039],[121.603297,25.003036],[121.603202,25.003083],[121.603137,25.003125],[121.603467,25.003497],[121.603632,25.00371],[121.602904,25.004159],[121.602993,25.00429],[121.60294,25.004537],[121.602929,25.004717],[121.602969,25.004826],[121.603041,25.004927],[121.603264,25.005075],[121.603606,25.005244],[121.603594,25.005869],[121.604176,25.00586],[121.60434,25.005844],[121.604373,25.005819],[121.604403,25.005768],[121.604465,25.005321],[121.604507,25.00527],[121.605169,25.00512],[121.60533,25.005115],[121.605565,25.005232],[121.605956,25.005863],[121.606024,25.005922],[121.60623,25.005956],[121.606633,25.005925],[121.606913,25.005835],[121.607133,25.005683],[121.607231,25.005573],[121.607256,25.005418]]]}},{"type":"Feature","properties":{"id":"4d01b14f3090","name":"法鼓文理學院","level":"大專","basis":"both","data_ym":"202509"},"geometry":{"type":"Polygon","coordinates":[[[121.616795,25.247295],[121.617127,25.246937],[121.61779,25.246815],[121.618081,25.246746],[121.618548,25.246748],[121.618682,25.246807],[121.61916,25.246361],[121.619214,25.246301],[121.619277,25.246208],[121.619315,25.246129],[121.619356,25.246014],[121.619378,25.245929],[121.619382,25.245865],[121.619381,25.245808],[121.61936,25.245695],[121.619344,25.245523],[121.619347,25.245482],[121.619365,25.245373],[121.619402,25.245324],[121.619438,25.245288],[121.619521,25.245243],[121.619485,25.245206],[121.6194,25.245204],[121.619214,25.245255],[121.618497,25.245466],[121.618224,25.245468],[121.617792,25.245401],[121.617688,25.245369],[121.617698,25.245288],[121.617698,25.245198],[121.617677,25.245057],[121.617652,25.244926],[121.617606,25.244789],[121.617553,25.244686],[121.617434,25.244494],[121.61741,25.244433],[121.617385,25.244248],[121.617341,25.244168],[121.617265,25.244108],[121.617233,25.244028],[121.617189,25.24396],[121.617141,25.243921],[121.616731,25.243684],[121.61684,25.243559],[121.616988,25.243443],[121.617048,25.243388],[121.617068,25.243354],[121.61708,25.243314],[121.61708,25.243282],[121.617071,25.243242],[121.617056,25.2432],[121.617032,25.243152],[121.616882,25.242807],[121.616811,25.242594],[121.616799,25.242525],[121.6168,25.242471],[121.616808,25.242415],[121.616883,25.2422],[121.616928,25.242121],[121.617015,25.242034],[121.617066,25.241949],[121.617172,25.241691],[121.617302,25.241552],[121.617312,25.241532],[121.61732,25.241477],[121.617318,25.241428],[121.617296,25.241374],[121.617246,25.241299],[121.61715,25.241208],[121.616821,25.241001],[121.616676,25.240904],[121.616524,25.240762],[121.616453,25.240718],[121.616373,25.240679],[121.616345,25.240644],[121.616337,25.240601],[121.616339,25.240544],[121.616367,25.240409],[121.616374,25.240354],[121.616361,25.240294],[121.616345,25.240249],[121.616553,25.240335],[121.616661,25.240334],[121.616749,25.240327],[121.616805,25.240261],[121.616828,25.240141],[121.617165,25.239361],[121.61755,25.238522],[121.617628,25.238404],[121.617628,25.238384],[121.617439,25.238082],[121.617395,25.238049],[121.616556,25.23817],[121.616526,25.238149],[121.616472,25.238144],[121.61636,25.23817],[121.616257,25.238207],[121.616135,25.238245],[121.616105,25.238251],[121.616018,25.238246],[121.615915,25.238227],[121.615874,25.238223],[121.615846,25.238232],[121.615808,25.238259],[121.61579,25.238289],[121.615784,25.238332],[121.615768,25.238369],[121.615757,25.238448],[121.615754,25.238542],[121.615731,25.238618],[121.615709,25.238659],[121.615677,25.238698],[121.615521,25.23886],[121.615392,25.239019],[121.615363,25.239047],[121.615327,25.239063],[121.615254,25.239079],[121.615171,25.239078],[121.614995,25.239046],[121.614874,25.239035],[121.614799,25.239042],[121.614708,25.239074],[121.614527,25.23915],[121.614476,25.239161],[121.614435,25.239161],[121.614376,25.239152],[121.614096,25.239059],[121.613993,25.239046],[121.613838,25.239057],[121.613778,25.239078],[121.613733,25.2391],[121.613639,25.23919],[121.613613,25.239232],[121.613594,25.239281],[121.613584,25.23933],[121.61358,25.239404],[121.613581,25.23945],[121.6136,25.23958],[121.613602,25.239617],[121.613597,25.239643],[121.613565,25.239703],[121.613465,25.239833],[121.613368,25.239942],[121.613324,25.240031],[121.61331,25.240086],[121.613309,25.240133],[121.613391,25.240415],[121.613395,25.240455],[121.613382,25.240532],[121.613356,25.240594],[121.61331,25.240657],[121.613241,25.240722],[121.613125,25.240794],[121.613107,25.240825],[121.613101,25.240864],[121.61317,25.240915],[121.613214,25.241137],[121.613124,25.241316],[121.613274,25.241566],[121.613471,25.241774],[121.613648,25.241753],[121.613944,25.241682],[121.614217,25.241945],[121.614732,25.242078],[121.614527,25.242777],[121.614707,25.242827],[121.61469,25.242935],[121.61474,25.242974],[121.614347,25.243283],[121.614171,25.243374],[121.614102,25.243399],[121.614026,25.24341],[121.61385,25.243379],[121.613795,25.243378],[121.613764,25.243388],[121.613609,25.243476],[121.613547,25.243538],[121.613536,25.243567],[121.613523,25.243628],[121.613515,25.243745],[121.613499,25.24384],[121.613475,25.243883],[121.613454,25.243906],[121.613419,25.243929],[121.613396,25.243937],[121.613369,25.244081],[121.613322,25.244195],[121.613267,25.244355],[121.613125,25.244851],[121.613102,25.244918],[121.612898,25.245264],[121.613639,25.245552],[121.613713,25.245666],[121.61386,25.245744],[121.614084,25.245945],[121.614165,25.24595],[121.614314,25.245779],[121.614764,25.245762],[121.614926,25.245547],[121.615097,25.245453],[121.6153,25.245402],[121.615436,25.245394],[121.615552,25.245394],[121.615708,25.245458],[121.615997,25.245698],[121.615869,25.245912],[121.616078,25.245961],[121.615956,25.246289],[121.615929,25.246393],[121.615897,25.246456],[121.615879,25.24647],[121.615861,25.246475],[121.615777,25.246476],[121.615679,25.246497],[121.615621,25.246551],[121.615613,25.246584],[121.615613,25.246624],[121.615694,25.246911],[121.615723,25.246959],[121.616185,25.247177],[121.61636,25.247168],[121.61643,25.247153],[121.616457,25.247134],[121.616608,25.247134],[121.61671,25.247302],[121.616795,25.247295]]]}},{"type":"Feature","properties":{"id":"5f05c84747da","name":"法鼓文理學院1","level":"大專","basis":"both","data_ym":"202509"},"geometry":{"type":"Polygon","coordinates":[[[121.618784,25.248055],[121.619215,25.247973],[121.619397,25.247984],[121.619555,25.247983],[121.619614,25.247965],[121.619683,25.247905],[121.619852,25.247676],[121.619943,25.247518],[121.619992,25.247235],[121.620024,25.247149],[121.620086,25.247031],[121.620167,25.246906],[121.620223,25.246786],[121.620246,25.24667],[121.620283,25.246555],[121.620331,25.24644],[121.620321,25.246391],[121.620274,25.246323],[121.620182,25.246269],[121.620097,25.246226],[121.620039,25.24622],[121.619946,25.246218],[121.619915,25.24623],[121.619145,25.246603],[121.619092,25.246661],[121.619241,25.246812],[121.619345,25.246964],[121.619375,25.247068],[121.619388,25.247147],[121.619388,25.247237],[121.619371,25.247329],[121.619335,25.247412],[121.618949,25.247126],[121.618851,25.247251],[121.618505,25.24709],[121.618335,25.247272],[121.618145,25.247497],[121.618385,25.247599],[121.61862,25.247449],[121.61868,25.247452],[121.618731,25.24746],[121.61875,25.247471],[121.618814,25.247706],[121.618678,25.247729],[121.618784,25.248055]]]}},{"type":"Feature","properties":{"id":"b3086f53c773","name":"致理科技大學","level":"大專","basis":"both","data_ym":"202310"},"geometry":{"type":"Polygon","coordinates":[[[121.46522,25.020871],[121.465139,25.020931],[121.465014,25.02101],[121.464942,25.020945],[121.464662,25.020603],[121.464539,25.020441],[121.464376,25.020085],[121.464213,25.01977],[121.464031,25.01993],[121.463943,25.020013],[121.463549,25.020276],[121.463432,25.020078],[121.463339,25.02014],[121.463238,25.020193],[121.463221,25.020221],[121.463157,25.020258],[121.463054,25.020171],[121.462954,25.020051],[121.462822,25.020111],[121.462741,25.020143],[121.462745,25.020263],[121.462731,25.020498],[121.462781,25.02094],[121.462778,25.020968],[121.462773,25.020979],[121.46271,25.021036],[121.462686,25.021067],[121.462674,25.021103],[121.462675,25.02116],[121.462697,25.021245],[121.46284,25.021647],[121.463036,25.022127],[121.463044,25.022241],[121.463075,25.022526],[121.463089,25.022524],[121.463947,25.022168],[121.464025,25.022131],[121.464025,25.022093],[121.463879,25.021812],[121.464136,25.02164],[121.464212,25.02161],[121.464227,25.021636],[121.464288,25.021628],[121.464341,25.021599],[121.464396,25.021559],[121.464557,25.02151],[121.464555,25.021424],[121.464535,25.021348],[121.464518,25.021308],[121.464681,25.021281],[121.465265,25.021203],[121.46522,25.020871]]]}},{"type":"Feature","properties":{"id":"49b5fbe3a2bf","name":"真理大學1","level":"大專","basis":"both","data_ym":"202111"},"geometry":{"type":"Polygon","coordinates":[[[121.435957,25.17482],[121.436164,25.174716],[121.436161,25.174704],[121.435903,25.174166],[121.435892,25.174159],[121.435868,25.174163],[121.43555,25.1743],[121.435204,25.174471],[121.434915,25.174608],[121.434721,25.174717],[121.43467,25.174728],[121.434517,25.174733],[121.434287,25.174823],[121.434154,25.174907],[121.434354,25.175344],[121.43438,25.175376],[121.434396,25.175382],[121.434431,25.17539],[121.434485,25.175394],[121.434534,25.175387],[121.434632,25.175364],[121.434746,25.175329],[121.43474,25.175312],[121.435217,25.175172],[121.435957,25.17482]]]}},{"type":"Feature","properties":{"id":"3aeb19a5354c","name":"真理大學臺北校區","level":"大專","basis":"branch","data_ym":"202508"},"geometry":{"type":"Polygon","coordinates":[[[121.437364,25.177971],[121.436632,25.177544],[121.436131,25.176927],[121.436139,25.176922],[121.435856,25.176576],[121.435676,25.176318],[121.435084,25.176287],[121.435057,25.176226],[121.434937,25.175889],[121.434822,25.175589],[121.43479,25.175484],[121.434784,25.175437],[121.434763,25.175379],[121.434505,25.175458],[121.434439,25.17547],[121.434374,25.175463],[121.434341,25.175454],[121.43433,25.175443],[121.434141,25.175014],[121.43411,25.174994],[121.434072,25.174983],[121.433928,25.174996],[121.433682,25.175081],[121.43388,25.175574],[121.433634,25.175666],[121.433683,25.175774],[121.433783,25.175907],[121.43399,25.176137],[121.434145,25.176333],[121.434271,25.176429],[121.434269,25.177003],[121.43418,25.177113],[121.43405,25.177123],[121.433905,25.17712],[121.433887,25.177169],[121.433833,25.177175],[121.433844,25.177314],[121.433913,25.177314],[121.433913,25.177364],[121.433935,25.177505],[121.433935,25.177724],[121.433921,25.177814],[121.433894,25.177899],[121.433889,25.177969],[121.433892,25.178024],[121.433911,25.17808],[121.433992,25.178134],[121.434091,25.17818],[121.434114,25.178143],[121.434219,25.178201],[121.434556,25.178493],[121.434665,25.178563],[121.434774,25.178623],[121.434834,25.178648],[121.434902,25.178672],[121.435211,25.178732],[121.435271,25.178753],[121.4354,25.178813],[121.435481,25.178842],[121.435525,25.178845],[121.435808,25.17884],[121.435952,25.178843],[121.435995,25.178849],[121.436265,25.178982],[121.436438,25.179105],[121.43646,25.179108],[121.436481,25.179101],[121.436532,25.179026],[121.436556,25.179003],[121.43658,25.179],[121.436615,25.179017],[121.43675,25.178785],[121.436955,25.178458],[121.43706,25.178314],[121.437364,25.177971]]]}},{"type":"Feature","properties":{"id":"78ff1e3128dc","name":"耕莘健康管理專科學校","level":"大專","basis":"both","data_ym":"201311"},"geometry":{"type":"Polygon","coordinates":[[[121.537166,24.977155],[121.537067,24.97704],[121.537043,24.977005],[121.536862,24.976778],[121.535361,24.97735],[121.535388,24.977415],[121.535516,24.977673],[121.53592,24.978469],[121.53616,24.978352],[121.536499,24.978147],[121.536567,24.978097],[121.536612,24.978033],[121.536719,24.977844],[121.537091,24.977265],[121.537166,24.977155]]]}},{"type":"Feature","properties":{"id":"ce9929404787","name":"馬偕醫學大學","level":"大專","basis":"both","data_ym":"202508"},"geometry":{"type":"Polygon","coordinates":[[[121.497399,25.253465],[121.497363,25.253465],[121.49735,25.253461],[121.497333,25.253446],[121.497315,25.253418],[121.497219,25.253187],[121.497195,25.253092],[121.497193,25.253047],[121.4972,25.252868],[121.497197,25.25284],[121.497184,25.252804],[121.497163,25.252772],[121.497126,25.252734],[121.497095,25.252716],[121.496961,25.252678],[121.496922,25.252662],[121.496885,25.252621],[121.496861,25.25257],[121.496817,25.252178],[121.496812,25.25209],[121.496813,25.251979],[121.496823,25.251884],[121.496849,25.251757],[121.496867,25.251695],[121.496933,25.251527],[121.49695,25.251467],[121.496968,25.251347],[121.496969,25.251292],[121.496961,25.251239],[121.496944,25.251195],[121.496887,25.251065],[121.496833,25.250969],[121.49678,25.250904],[121.49668,25.250821],[121.496669,25.250802],[121.496579,25.250777],[121.496593,25.250766],[121.49669,25.250631],[121.496146,25.250876],[121.496022,25.250966],[121.496005,25.250946],[121.495903,25.25102],[121.495823,25.251091],[121.495797,25.251121],[121.495733,25.251301],[121.495633,25.251519],[121.495587,25.251603],[121.495481,25.251777],[121.495441,25.251859],[121.495389,25.252033],[121.495383,25.252088],[121.495379,25.252243],[121.495411,25.252608],[121.495412,25.252648],[121.495406,25.252723],[121.4954,25.252749],[121.495182,25.25311],[121.495017,25.253344],[121.49494,25.253445],[121.494853,25.25359],[121.494755,25.253774],[121.4939,25.253383],[121.493707,25.253414],[121.49356,25.253483],[121.49345,25.25359],[121.493316,25.253775],[121.493166,25.254052],[121.492988,25.254277],[121.492782,25.254618],[121.49259,25.254577],[121.492477,25.254571],[121.492375,25.254579],[121.492276,25.254624],[121.492188,25.254689],[121.492095,25.25483],[121.491903,25.25521],[121.491848,25.255307],[121.491597,25.25571],[121.491557,25.255791],[121.493186,25.256574],[121.493604,25.255966],[121.493778,25.255744],[121.493929,25.255596],[121.494188,25.255384],[121.494431,25.255227],[121.494633,25.255123],[121.49481,25.255043],[121.495194,25.254922],[121.495915,25.254726],[121.495925,25.254707],[121.495922,25.254679],[121.495894,25.254641],[121.495849,25.254598],[121.495817,25.25456],[121.495802,25.254526],[121.495785,25.254441],[121.495804,25.254408],[121.495895,25.254278],[121.495933,25.254272],[121.495992,25.254254],[121.49607,25.254248],[121.496141,25.254268],[121.496236,25.254356],[121.496269,25.25438],[121.496317,25.254382],[121.49635,25.254368],[121.496372,25.254344],[121.496418,25.254244],[121.496473,25.254105],[121.496539,25.253986],[121.496512,25.253975],[121.496608,25.253841],[121.496734,25.25372],[121.496846,25.253632],[121.496985,25.253548],[121.497139,25.253485],[121.497153,25.253517],[121.497261,25.253477],[121.497257,25.25349],[121.497249,25.253499],[121.497399,25.253465]]]}},{"type":"Feature","properties":{"id":"aacb444e791e","name":"馬偕醫護管理專科學校三芝校區","level":"大專","basis":"branch","data_ym":"201708"},"geometry":{"type":"Polygon","coordinates":[[[121.497399,25.253465],[121.497608,25.253436],[121.49767,25.253419],[121.497817,25.25336],[121.498306,25.253069],[121.498431,25.25296],[121.498509,25.252915],[121.498739,25.252768],[121.499032,25.252522],[121.499024,25.252511],[121.499155,25.25239],[121.499284,25.252256],[121.499377,25.252144],[121.499419,25.252078],[121.499497,25.251916],[121.499498,25.251909],[121.499311,25.251844],[121.499274,25.251819],[121.499257,25.251792],[121.499243,25.251721],[121.499225,25.251568],[121.49921,25.251352],[121.499209,25.251239],[121.499233,25.25121],[121.499229,25.251165],[121.499049,25.250866],[121.498937,25.25085],[121.498805,25.25085],[121.498735,25.250867],[121.498603,25.250933],[121.498622,25.250906],[121.498685,25.250841],[121.498705,25.250812],[121.498745,25.25072],[121.498774,25.250676],[121.498833,25.250605],[121.4989,25.25054],[121.498921,25.250514],[121.498986,25.25041],[121.499064,25.250258],[121.49908,25.250169],[121.499095,25.249867],[121.499115,25.249709],[121.499148,25.249579],[121.499166,25.249533],[121.499187,25.249497],[121.499207,25.249474],[121.499182,25.249449],[121.499135,25.249521],[121.499115,25.24957],[121.499081,25.249703],[121.499061,25.249864],[121.499046,25.250166],[121.499031,25.250248],[121.498956,25.250396],[121.498892,25.250497],[121.498874,25.250521],[121.498807,25.250585],[121.498745,25.250658],[121.498714,25.250707],[121.498674,25.250797],[121.498657,25.250822],[121.498596,25.250879],[121.498599,25.250584],[121.498596,25.250425],[121.498606,25.250313],[121.498619,25.25029],[121.498656,25.250271],[121.498704,25.25024],[121.498722,25.250221],[121.498742,25.250185],[121.498759,25.250112],[121.49889,25.249405],[121.498944,25.249151],[121.498894,25.249142],[121.498808,25.249137],[121.498807,25.249103],[121.498545,25.249141],[121.49793,25.249156],[121.497338,25.249595],[121.497206,25.249812],[121.497162,25.250076],[121.496996,25.250205],[121.496861,25.250382],[121.496809,25.250465],[121.496655,25.250682],[121.496593,25.250766],[121.496579,25.250777],[121.496669,25.250802],[121.49668,25.250821],[121.49678,25.250904],[121.496833,25.250969],[121.496887,25.251065],[121.496944,25.251195],[121.496961,25.251239],[121.496969,25.251292],[121.496968,25.251347],[121.49695,25.251467],[121.496933,25.251527],[121.496867,25.251695],[121.496849,25.251757],[121.496823,25.251884],[121.496813,25.251979],[121.496812,25.25209],[121.496817,25.252178],[121.496857,25.252553],[121.496865,25.252585],[121.496885,25.252621],[121.496922,25.252662],[121.496961,25.252678],[121.497095,25.252716],[121.497126,25.252734],[121.497163,25.252772],[121.497184,25.252804],[121.497197,25.25284],[121.4972,25.252868],[121.497193,25.253047],[121.497195,25.253092],[121.497219,25.253187],[121.497315,25.253418],[121.497333,25.253446],[121.49735,25.253461],[121.497363,25.253465],[121.497399,25.253465]]]}},{"type":"Feature","properties":{"id":"59c8fc57dcb7","name":"國立空中大學","level":"大專","basis":"name","data_ym":"201803"},"geometry":{"type":"Polygon","coordinates":[[[121.469626,25.088289],[121.469675,25.088251],[121.469677,25.088324],[121.4698,25.088227],[121.469727,25.088221],[121.469661,25.088175],[121.469829,25.087631],[121.47004,25.087009],[121.469361,25.08682],[121.469579,25.086258],[121.469345,25.086187],[121.468699,25.085975],[121.468604,25.085952],[121.468541,25.085991],[121.467994,25.086781],[121.467615,25.087258],[121.467178,25.087764],[121.467827,25.087958],[121.468414,25.088053],[121.469136,25.088207],[121.469421,25.088286],[121.469575,25.088343],[121.469626,25.088289]]]}},{"type":"Feature","properties":{"id":"850e6958755c","name":"國立華僑高級中學","level":"高中職","basis":"both","data_ym":"201811"},"geometry":{"type":"Polygon","coordinates":[[[121.448181,25.010156],[121.447804,25.008567],[121.448201,25.008043],[121.448103,25.007953],[121.447955,25.007794],[121.447817,25.007611],[121.4477,25.007404],[121.447674,25.007335],[121.447591,25.0071],[121.447278,25.005755],[121.447091,25.005018],[121.447068,25.005007],[121.446829,25.005056],[121.446777,25.004798],[121.446199,25.00491],[121.445389,25.005082],[121.445444,25.005184],[121.445482,25.00528],[121.445836,25.006904],[121.445987,25.007747],[121.446032,25.00791],[121.446199,25.008341],[121.446246,25.008479],[121.446223,25.008479],[121.446198,25.008467],[121.446243,25.008586],[121.446271,25.008551],[121.446447,25.009035],[121.446536,25.009323],[121.446659,25.009805],[121.446711,25.00999],[121.446851,25.010429],[121.448181,25.010156]]]}},{"type":"Feature","properties":{"id":"09423d5d38b7","name":"國立瑞芳高級工業職業學校1","level":"高中職","basis":"name","data_ym":"202508"},"geometry":{"type":"Polygon","coordinates":[[[121.805937,25.110227],[121.806157,25.110189],[121.806134,25.110069],[121.806084,25.110044],[121.806115,25.10999],[121.805957,25.109947],[121.805875,25.109962],[121.805872,25.109947],[121.805867,25.109948],[121.805844,25.109833],[121.805751,25.10985],[121.805732,25.109778],[121.805563,25.109801],[121.805397,25.109842],[121.805152,25.109908],[121.80506,25.109954],[121.80485,25.10997],[121.804697,25.109991],[121.804675,25.109998],[121.804654,25.110014],[121.804646,25.110036],[121.804647,25.110082],[121.804739,25.110332],[121.804861,25.110312],[121.805007,25.110296],[121.805134,25.110293],[121.805225,25.110301],[121.805286,25.110278],[121.805276,25.110225],[121.805349,25.110207],[121.805383,25.110203],[121.805532,25.110328],[121.805723,25.11027],[121.805937,25.110227]]]}},{"type":"Feature","properties":{"id":"db73a71340f6","name":"國立臺北大學三峽校區","level":"大專","basis":"branch","data_ym":"202508"},"geometry":{"type":"Polygon","coordinates":[[[121.370275,24.942055],[121.369269,24.941455],[121.368922,24.941275],[121.368737,24.941163],[121.368585,24.94103],[121.368488,24.940915],[121.368554,24.940882],[121.368568,24.94088],[121.368582,24.940884],[121.36852,24.94074],[121.368515,24.940769],[121.368503,24.940788],[121.368451,24.940818],[121.368419,24.940763],[121.36839,24.940685],[121.368355,24.940551],[121.368205,24.939539],[121.368102,24.939548],[121.368028,24.939112],[121.366966,24.939152],[121.36683,24.939161],[121.366695,24.93918],[121.366452,24.939256],[121.36634,24.939282],[121.366213,24.939294],[121.366075,24.939294],[121.36595,24.939284],[121.36582,24.939266],[121.36573,24.939234],[121.36562,24.939175],[121.365419,24.939092],[121.365298,24.939077],[121.364728,24.939027],[121.364733,24.93893],[121.364525,24.938902],[121.364524,24.939013],[121.364076,24.938986],[121.364011,24.939015],[121.363941,24.939027],[121.363881,24.93903],[121.363869,24.938956],[121.3636,24.93894],[121.363387,24.938937],[121.363175,24.938912],[121.363131,24.938989],[121.362925,24.938987],[121.362929,24.938899],[121.362861,24.938827],[121.362574,24.938778],[121.362392,24.938752],[121.361955,24.938714],[121.361804,24.938721],[121.361696,24.938752],[121.361629,24.938787],[121.361562,24.938875],[121.361526,24.93896],[121.361522,24.939045],[121.361551,24.93912],[121.361652,24.939331],[121.36205,24.939889],[121.362371,24.940311],[121.362781,24.940775],[121.363321,24.941361],[121.363397,24.941426],[121.363481,24.941488],[121.363623,24.941616],[121.363814,24.941836],[121.364235,24.942257],[121.364392,24.942448],[121.36443,24.942513],[121.364465,24.942562],[121.364518,24.942619],[121.364602,24.942706],[121.364888,24.942968],[121.365067,24.943063],[121.365071,24.943075],[121.365382,24.943326],[121.36645,24.944256],[121.366699,24.944465],[121.367023,24.944773],[121.367052,24.944819],[121.367542,24.94521],[121.367902,24.945483],[121.368438,24.945877],[121.368664,24.946035],[121.369161,24.946371],[121.36982,24.94679],[121.370437,24.947162],[121.371302,24.947649],[121.371357,24.947671],[121.371432,24.94766],[121.371551,24.947631],[121.371594,24.947616],[121.371608,24.947605],[121.37162,24.94758],[121.371751,24.947421],[121.374156,24.9443],[121.374161,24.944289],[121.374159,24.94426],[121.374155,24.94425],[121.374128,24.944226],[121.374049,24.94418],[121.374017,24.944228],[121.373127,24.94371],[121.371466,24.942755],[121.370955,24.942445],[121.370275,24.942055]]]}},{"type":"Feature","properties":{"id":"0c12b10bd7ec","name":"國立臺灣師範大學林口校區","level":"大專","basis":"branch","data_ym":"201710"},"geometry":{"type":"Polygon","coordinates":[[[121.40296,25.070605],[121.403126,25.070395],[121.403267,25.070442],[121.403709,25.069828],[121.404469,25.069793],[121.404728,25.069943],[121.404941,25.07003],[121.405113,25.070094],[121.405299,25.070105],[121.405311,25.070035],[121.405315,25.069964],[121.405416,25.069967],[121.405521,25.069951],[121.405624,25.069919],[121.405709,25.069886],[121.405741,25.069869],[121.405768,25.069847],[121.405818,25.069793],[121.4059,25.069676],[121.406054,25.069536],[121.406181,25.069355],[121.406323,25.069133],[121.4064,25.068965],[121.406406,25.068918],[121.406396,25.068852],[121.406314,25.068676],[121.406292,25.068653],[121.406,25.068465],[121.405876,25.06836],[121.40582,25.068297],[121.405311,25.067991],[121.405261,25.067963],[121.405223,25.067949],[121.40457,25.067835],[121.404048,25.067827],[121.403818,25.067948],[121.40368,25.068103],[121.403327,25.068091],[121.40331,25.068044],[121.403249,25.067965],[121.402799,25.067962],[121.40273,25.067065],[121.402618,25.066399],[121.402367,25.066429],[121.40231,25.066399],[121.402093,25.066422],[121.401868,25.066451],[121.401631,25.066513],[121.401492,25.066558],[121.401242,25.066703],[121.400984,25.066865],[121.400786,25.066971],[121.399788,25.067031],[121.399534,25.066599],[121.399447,25.066462],[121.398971,25.066823],[121.398828,25.066894],[121.398552,25.066998],[121.398081,25.067139],[121.397946,25.067185],[121.397901,25.067206],[121.397851,25.067238],[121.397795,25.067282],[121.397728,25.067349],[121.397682,25.067405],[121.397653,25.067489],[121.397506,25.067819],[121.397423,25.067982],[121.397404,25.068047],[121.397402,25.068072],[121.397419,25.068089],[121.39744,25.068092],[121.398149,25.068084],[121.398131,25.067979],[121.398134,25.067941],[121.39814,25.067931],[121.398233,25.067844],[121.39828,25.06781],[121.398322,25.067792],[121.398541,25.06776],[121.39871,25.067827],[121.398857,25.067893],[121.398943,25.067962],[121.399755,25.068381],[121.399929,25.068332],[121.400309,25.068846],[121.40046,25.069109],[121.400527,25.0691],[121.400557,25.069107],[121.400576,25.069123],[121.400588,25.069161],[121.400615,25.069432],[121.400859,25.069592],[121.400842,25.069678],[121.400935,25.069761],[121.401019,25.070209],[121.401635,25.070175],[121.401991,25.070284],[121.401869,25.071028],[121.402515,25.071034],[121.40296,25.070605]]]}},{"type":"Feature","properties":{"id":"4856ec42cefd","name":"國立臺灣藝術大學","level":"大專","basis":"both","data_ym":"201803"},"geometry":{"type":"Polygon","coordinates":[[[121.450494,25.006131],[121.450514,25.005725],[121.450539,25.005434],[121.450536,25.005425],[121.450503,25.005389],[121.449819,25.005517],[121.449547,25.005562],[121.449516,25.005557],[121.449495,25.005551],[121.449411,25.005503],[121.448977,25.005276],[121.448577,25.005051],[121.448314,25.00491],[121.448194,25.00487],[121.448009,25.004818],[121.448003,25.004835],[121.447975,25.004831],[121.447711,25.004741],[121.447544,25.004692],[121.447523,25.004691],[121.447316,25.004737],[121.447293,25.004762],[121.447289,25.0048],[121.44754,25.00582],[121.447502,25.00583],[121.447535,25.005963],[121.447554,25.005951],[121.447571,25.005947],[121.447811,25.006927],[121.447835,25.006975],[121.447841,25.006998],[121.447829,25.007037],[121.447857,25.007194],[121.447891,25.007292],[121.44792,25.007357],[121.450098,25.006946],[121.450364,25.006901],[121.450454,25.006396],[121.450472,25.006272],[121.450485,25.006218],[121.450494,25.006131]]]}},{"type":"Feature","properties":{"id":"58981bab84ea","name":"國立臺灣藝術大學1","level":"大專","basis":"both","data_ym":"201710"},"geometry":{"type":"Polygon","coordinates":[[[121.450175,25.007759],[121.449668,25.007687],[121.449528,25.008372],[121.449803,25.008385],[121.450047,25.008387],[121.450175,25.007759]]]}},{"type":"Feature","properties":{"id":"65bfb42edd5b","name":"淡江大學淡水校園","level":"其他","basis":"none","data_ym":"202510"},"geometry":{"type":"Polygon","coordinates":[[[121.451256,25.176563],[121.45155,25.17638],[121.451565,25.176366],[121.451616,25.176282],[121.451637,25.176262],[121.451713,25.176232],[121.451806,25.176207],[121.452023,25.176132],[121.452346,25.175994],[121.452467,25.175932],[121.452492,25.175924],[121.452699,25.175927],[121.45322,25.175882],[121.453618,25.17576],[121.454184,25.17567],[121.454213,25.175671],[121.454345,25.175712],[121.454361,25.175812],[121.453729,25.175969],[121.453786,25.176186],[121.454392,25.176029],[121.454606,25.175888],[121.454704,25.175697],[121.454751,25.175532],[121.454511,25.17543],[121.453824,25.175275],[121.453549,25.175267],[121.453539,25.175295],[121.453318,25.175284],[121.453288,25.175278],[121.453276,25.175273],[121.453114,25.175121],[121.453089,25.174726],[121.453095,25.174713],[121.453101,25.174713],[121.452655,25.17464],[121.452053,25.174532],[121.451909,25.174485],[121.450932,25.174066],[121.45066,25.173961],[121.450482,25.173899],[121.450009,25.173763],[121.44936,25.173601],[121.449037,25.173511],[121.448727,25.173476],[121.448652,25.173463],[121.448616,25.173463],[121.448567,25.17348],[121.44845,25.173499],[121.448412,25.173496],[121.448331,25.173469],[121.448162,25.173486],[121.447507,25.173585],[121.447421,25.173592],[121.447378,25.173588],[121.447335,25.173579],[121.44728,25.173556],[121.447149,25.173442],[121.44703,25.17339],[121.446965,25.173379],[121.446877,25.173375],[121.446751,25.173361],[121.446646,25.173331],[121.445635,25.172967],[121.445553,25.172952],[121.445411,25.172934],[121.445297,25.17293],[121.44525,25.172937],[121.445203,25.172952],[121.445181,25.172964],[121.445109,25.173031],[121.445073,25.173076],[121.445024,25.173168],[121.445002,25.173261],[121.444993,25.173339],[121.445001,25.173404],[121.445062,25.173615],[121.445096,25.173704],[121.445173,25.173856],[121.445245,25.173981],[121.445286,25.174043],[121.445338,25.174093],[121.445401,25.174129],[121.445556,25.17415],[121.446295,25.174172],[121.446589,25.174153],[121.446759,25.174124],[121.446811,25.174358],[121.44678,25.174443],[121.446807,25.174547],[121.446811,25.174626],[121.446877,25.174724],[121.446869,25.174861],[121.446969,25.174899],[121.447032,25.174767],[121.44735,25.17489],[121.447845,25.17507],[121.447717,25.175367],[121.447513,25.175367],[121.447499,25.175398],[121.447533,25.175567],[121.447379,25.175586],[121.447364,25.175304],[121.447286,25.175157],[121.447066,25.175178],[121.447028,25.17525],[121.447007,25.175366],[121.447013,25.175525],[121.447153,25.175517],[121.447248,25.175712],[121.44705,25.175787],[121.447137,25.175964],[121.447481,25.175818],[121.447527,25.175803],[121.447809,25.175808],[121.447902,25.175968],[121.447944,25.176053],[121.447802,25.176105],[121.447611,25.176187],[121.447612,25.176335],[121.447803,25.176336],[121.448103,25.176316],[121.448262,25.176518],[121.448275,25.176554],[121.448353,25.176554],[121.448397,25.176561],[121.448423,25.176571],[121.448492,25.1766],[121.448613,25.176659],[121.448867,25.176791],[121.44969,25.177133],[121.449801,25.17717],[121.449896,25.17718],[121.450015,25.177175],[121.450235,25.17715],[121.450344,25.177123],[121.45054,25.177038],[121.450881,25.176819],[121.450943,25.176771],[121.451256,25.176563]]]}},{"type":"Feature","properties":{"id":"528ce76d4fcd","name":"景文科技大學","level":"大專","basis":"both","data_ym":"201912"},"geometry":{"type":"Polygon","coordinates":[[[121.509893,24.953143],[121.510158,24.95294],[121.510503,24.95276],[121.510581,24.952656],[121.510691,24.952449],[121.510786,24.951974],[121.511084,24.950727],[121.511254,24.950477],[121.51132,24.950135],[121.510763,24.950062],[121.509563,24.949889],[121.50954,24.949983],[121.50946,24.950242],[121.509407,24.950381],[121.509254,24.950649],[121.5092,24.950758],[121.509089,24.950997],[121.508934,24.951378],[121.508882,24.951587],[121.508848,24.951767],[121.50882,24.952],[121.508822,24.952473],[121.508836,24.952544],[121.50889,24.952679],[121.508996,24.952907],[121.509075,24.953054],[121.509106,24.953087],[121.509128,24.953103],[121.509167,24.953117],[121.509216,24.95312],[121.50925,24.953105],[121.509358,24.953023],[121.509538,24.953191],[121.509366,24.953346],[121.50954,24.95345],[121.509589,24.953496],[121.50977,24.953502],[121.509893,24.953143]]]}},{"type":"Feature","properties":{"id":"8865c46a6e07","name":"景文科技大學1","level":"大專","basis":"both","data_ym":"202310"},"geometry":{"type":"Polygon","coordinates":[[[121.509134,24.950595],[121.509292,24.950342],[121.509346,24.950208],[121.509365,24.950144],[121.509219,24.950111],[121.508943,24.950411],[121.508891,24.950493],[121.508766,24.950432],[121.508684,24.9504],[121.508599,24.950576],[121.508677,24.950609],[121.508801,24.950675],[121.508768,24.950755],[121.508712,24.950991],[121.508739,24.95106],[121.508727,24.951156],[121.508636,24.951618],[121.508636,24.951667],[121.508569,24.95221],[121.508569,24.952515],[121.508643,24.9529],[121.508684,24.953016],[121.508767,24.953031],[121.508865,24.953105],[121.508908,24.953196],[121.508975,24.953174],[121.508815,24.952839],[121.50872,24.95262],[121.508704,24.952569],[121.508689,24.952445],[121.508687,24.952107],[121.508691,24.951956],[121.50872,24.951758],[121.508746,24.951621],[121.508806,24.951382],[121.508835,24.951298],[121.508954,24.951004],[121.509073,24.950725],[121.509134,24.950595]]]}},{"type":"Feature","properties":{"id":"9d8e40ed90d1","name":"華夏科技大學","level":"大專","basis":"both","data_ym":"201804"},"geometry":{"type":"Polygon","coordinates":[[[121.508064,24.982085],[121.508235,24.981781],[121.508245,24.981792],[121.508556,24.981997],[121.508573,24.982034],[121.508854,24.98221],[121.508847,24.982222],[121.508979,24.982311],[121.508988,24.982315],[121.509013,24.982273],[121.509032,24.982183],[121.509052,24.982032],[121.509056,24.981953],[121.509047,24.981908],[121.509029,24.98188],[121.508421,24.981482],[121.508467,24.981432],[121.508673,24.981139],[121.508699,24.981085],[121.508704,24.981047],[121.508698,24.981026],[121.508681,24.981008],[121.508332,24.980827],[121.50829,24.9808],[121.508272,24.980773],[121.508269,24.980751],[121.508279,24.980706],[121.508339,24.980581],[121.508448,24.98037],[121.508881,24.979792],[121.508891,24.979767],[121.508889,24.979744],[121.508871,24.979713],[121.508829,24.979683],[121.508783,24.979666],[121.508717,24.979673],[121.508426,24.979729],[121.508376,24.979721],[121.508331,24.97969],[121.508277,24.979641],[121.508222,24.979701],[121.508064,24.979796],[121.507677,24.980666],[121.507594,24.980843],[121.50756,24.980901],[121.507522,24.980956],[121.507467,24.981012],[121.5073,24.981155],[121.507035,24.981362],[121.507072,24.981389],[121.507551,24.981647],[121.50741,24.981911],[121.507275,24.982123],[121.507889,24.98244],[121.508064,24.982085]]]}},{"type":"Feature","properties":{"id":"478684233d2e","name":"華梵大學","level":"大專","basis":"both","data_ym":"201711"},"geometry":{"type":"Polygon","coordinates":[[[121.692397,24.982996],[121.692728,24.982843],[121.692833,24.982776],[121.69306,24.982653],[121.693333,24.982537],[121.693406,24.982493],[121.693463,24.98242],[121.693487,24.982351],[121.69349,24.982236],[121.693404,24.981734],[121.693306,24.981582],[121.693503,24.98151],[121.693525,24.981494],[121.693577,24.981438],[121.693618,24.981383],[121.693633,24.981341],[121.69365,24.981193],[121.693686,24.980978],[121.6937,24.980866],[121.693703,24.980726],[121.693593,24.98078],[121.693553,24.980785],[121.693541,24.98078],[121.693526,24.98076],[121.69348,24.980629],[121.693474,24.980588],[121.693482,24.980554],[121.693521,24.980444],[121.693559,24.980399],[121.693627,24.980364],[121.693647,24.980348],[121.693669,24.980315],[121.693732,24.980155],[121.693778,24.980089],[121.693785,24.98007],[121.69379,24.98003],[121.693789,24.979982],[121.693794,24.979973],[121.693839,24.979956],[121.694015,24.979935],[121.694055,24.979922],[121.694106,24.979886],[121.694203,24.979768],[121.694398,24.979543],[121.694494,24.979406],[121.694485,24.979366],[121.694467,24.979344],[121.694422,24.979332],[121.69436,24.979332],[121.694287,24.979336],[121.694179,24.979353],[121.69407,24.979376],[121.693858,24.979405],[121.693743,24.979391],[121.693642,24.979341],[121.693433,24.979085],[121.693334,24.979022],[121.692994,24.978857],[121.692907,24.978844],[121.692325,24.978839],[121.692136,24.978808],[121.692012,24.978728],[121.692044,24.978728],[121.692067,24.978722],[121.6921,24.978705],[121.692113,24.978689],[121.692117,24.978639],[121.692113,24.978612],[121.692088,24.978545],[121.692068,24.978528],[121.692036,24.978504],[121.691849,24.978588],[121.691807,24.978613],[121.691792,24.978579],[121.691729,24.978488],[121.691529,24.978297],[121.691353,24.978185],[121.691317,24.978152],[121.69137,24.978528],[121.691296,24.978535],[121.691221,24.978621],[121.69083,24.978994],[121.690786,24.979045],[121.690765,24.979098],[121.690768,24.979143],[121.690842,24.979391],[121.690831,24.979415],[121.690806,24.979429],[121.690755,24.979442],[121.690694,24.979445],[121.690641,24.979442],[121.690505,24.979443],[121.690406,24.979471],[121.690352,24.979512],[121.690323,24.979568],[121.69031,24.979661],[121.69031,24.97974],[121.690319,24.979848],[121.690308,24.979931],[121.69026,24.980007],[121.690186,24.980083],[121.689826,24.9804],[121.689704,24.980513],[121.689361,24.980847],[121.689039,24.981176],[121.688989,24.981268],[121.688971,24.981352],[121.688974,24.981473],[121.689051,24.981725],[121.689074,24.981784],[121.689108,24.981835],[121.689398,24.982164],[121.689621,24.982464],[121.689795,24.982678],[121.689875,24.98275],[121.690226,24.982911],[121.690295,24.982935],[121.690375,24.982956],[121.690557,24.982956],[121.690782,24.982912],[121.690922,24.982907],[121.691096,24.982945],[121.691389,24.98304],[121.691554,24.983054],[121.691776,24.983048],[121.6923,24.983022],[121.692397,24.982996]]]}},{"type":"Feature","properties":{"id":"23a39da2dd17","name":"新北市八里區八里國民小學","level":"國小","basis":"both","data_ym":"201901"},"geometry":{"type":"Polygon","coordinates":[[[121.404222,25.149898],[121.403115,25.149222],[121.403119,25.149216],[121.403021,25.149158],[121.403016,25.149165],[121.402852,25.149071],[121.402822,25.149059],[121.402771,25.14905],[121.402395,25.149017],[121.402089,25.14972],[121.402474,25.150003],[121.4027,25.150165],[121.402556,25.150352],[121.402799,25.150562],[121.403211,25.150747],[121.403385,25.150765],[121.403802,25.150373],[121.404247,25.149918],[121.404222,25.149898]]]}},{"type":"Feature","properties":{"id":"30e622222952","name":"新北市八里區大崁國民小學","level":"國小","basis":"both","data_ym":"201901"},"geometry":{"type":"Polygon","coordinates":[[[121.421136,25.160626],[121.420964,25.159465],[121.420357,25.159684],[121.420282,25.159705],[121.419996,25.159763],[121.419749,25.159782],[121.419293,25.159804],[121.419425,25.160856],[121.421136,25.160626]]]}},{"type":"Feature","properties":{"id":"ce813ecd821d","name":"新北市八里區米倉國民小學","level":"國小","basis":"both","data_ym":"202112"},"geometry":{"type":"Polygon","coordinates":[[[121.445361,25.147436],[121.445423,25.147378],[121.445355,25.147384],[121.445302,25.14737],[121.445288,25.147359],[121.44528,25.147337],[121.445283,25.147317],[121.445298,25.147292],[121.445356,25.147251],[121.445516,25.147188],[121.445555,25.147162],[121.44557,25.147145],[121.445626,25.147063],[121.445695,25.146927],[121.445771,25.146747],[121.445826,25.146497],[121.445991,25.145879],[121.445841,25.145847],[121.445277,25.145821],[121.445303,25.145559],[121.444964,25.145517],[121.444932,25.145529],[121.44491,25.145548],[121.444868,25.145616],[121.444845,25.145671],[121.444793,25.14618],[121.444881,25.146322],[121.444757,25.146844],[121.444914,25.146954],[121.445052,25.147036],[121.445119,25.147067],[121.44512,25.147075],[121.445105,25.147086],[121.445084,25.147092],[121.44496,25.147095],[121.444936,25.147099],[121.44489,25.147112],[121.44489,25.147128],[121.444979,25.147204],[121.44517,25.147307],[121.44529,25.147406],[121.445311,25.147413],[121.445357,25.147416],[121.445363,25.147421],[121.445361,25.147436]]]}},{"type":"Feature","properties":{"id":"d03aacef06c8","name":"新北市八里區長坑國民小學","level":"國小","basis":"both","data_ym":"201901"},"geometry":{"type":"Polygon","coordinates":[[[121.389856,25.126317],[121.390175,25.125843],[121.390367,25.125921],[121.390416,25.125855],[121.390485,25.12588],[121.390733,25.125614],[121.390793,25.125773],[121.390811,25.125399],[121.390814,25.125244],[121.390675,25.125163],[121.390611,25.125254],[121.390385,25.12513],[121.389949,25.124865],[121.389601,25.125383],[121.389407,25.125654],[121.389507,25.125733],[121.389578,25.125803],[121.389605,25.125845],[121.38965,25.125952],[121.389705,25.126145],[121.389856,25.126317]]]}},{"type":"Feature","properties":{"id":"0aef7caa2349","name":"新北市三芝區三芝國民小學","level":"國小","basis":"both","data_ym":"201901"},"geometry":{"type":"Polygon","coordinates":[[[121.503269,25.257514],[121.503228,25.256992],[121.502957,25.257052],[121.501956,25.257305],[121.501926,25.257309],[121.501764,25.257269],[121.501704,25.257323],[121.501657,25.257348],[121.501581,25.257369],[121.501438,25.257385],[121.501392,25.257508],[121.501394,25.257837],[121.501406,25.257901],[121.501417,25.257923],[121.501644,25.258201],[121.501855,25.258428],[121.501875,25.258415],[121.502127,25.258358],[121.502148,25.258292],[121.502357,25.258118],[121.502946,25.257936],[121.503061,25.257794],[121.503269,25.257514]]]}},{"type":"Feature","properties":{"id":"7e6af092b041","name":"新北市三芝區橫山國民小學","level":"國小","basis":"both","data_ym":"201901"},"geometry":{"type":"Polygon","coordinates":[[[121.530181,25.258564],[121.529753,25.258209],[121.529633,25.258308],[121.529425,25.258689],[121.529486,25.258761],[121.529684,25.258929],[121.529822,25.259011],[121.529859,25.259036],[121.529919,25.259062],[121.530075,25.259111],[121.530288,25.259167],[121.530476,25.259223],[121.530604,25.258878],[121.530181,25.258564]]]}},{"type":"Feature","properties":{"id":"647842006030","name":"新北市三芝區興華國民小學","level":"國小","basis":"both","data_ym":"201901"},"geometry":{"type":"Polygon","coordinates":[[[121.501538,25.203356],[121.501333,25.203449],[121.501023,25.203972],[121.500715,25.20422],[121.501014,25.204625],[121.501052,25.204697],[121.50127,25.204594],[121.501326,25.204577],[121.5014,25.204565],[121.501399,25.204331],[121.501648,25.204259],[121.501758,25.204081],[121.501815,25.204076],[121.501858,25.20403],[121.50185,25.203676],[121.501651,25.203446],[121.501538,25.203356]]]}},{"type":"Feature","properties":{"id":"0a8b49a01eba","name":"新北市三重區二重國民小學","level":"國小","basis":"both","data_ym":"201901"},"geometry":{"type":"Polygon","coordinates":[[[121.478965,25.066386],[121.478995,25.066237],[121.478977,25.066232],[121.479133,25.06543],[121.479095,25.065424],[121.479084,25.065414],[121.47908,25.065393],[121.479099,25.065324],[121.479304,25.065191],[121.479352,25.064941],[121.479358,25.064898],[121.479358,25.064862],[121.479081,25.064924],[121.478712,25.064993],[121.478105,25.065086],[121.478036,25.065089],[121.477949,25.065145],[121.477828,25.065142],[121.477792,25.065145],[121.477777,25.065153],[121.47769,25.065657],[121.477597,25.066334],[121.478521,25.066483],[121.478529,25.066451],[121.478731,25.066475],[121.478893,25.06641],[121.478965,25.066386]]]}},{"type":"Feature","properties":{"id":"91afcd920301","name":"新北市三重區三光國民小學","level":"國小","basis":"both","data_ym":"201901"},"geometry":{"type":"Polygon","coordinates":[[[121.496656,25.056402],[121.496809,25.055726],[121.496524,25.05568],[121.496189,25.055616],[121.495887,25.055531],[121.495553,25.055449],[121.495216,25.055335],[121.494907,25.055219],[121.49479,25.055327],[121.49479,25.055339],[121.494971,25.055352],[121.495069,25.055374],[121.495048,25.055469],[121.495028,25.055615],[121.494985,25.055849],[121.494836,25.055823],[121.494817,25.055823],[121.494825,25.055929],[121.495009,25.055961],[121.494976,25.056142],[121.496146,25.056379],[121.496261,25.056411],[121.496273,25.056376],[121.496308,25.056384],[121.496297,25.05642],[121.49667,25.056522],[121.496698,25.056409],[121.496656,25.056402]]]}},{"type":"Feature","properties":{"id":"48c6cf267ece","name":"新北市三重區三重國民小學","level":"國小","basis":"both","data_ym":"201901"},"geometry":{"type":"Polygon","coordinates":[[[121.498845,25.070127],[121.497758,25.069882],[121.49742,25.070107],[121.497221,25.070473],[121.4971,25.070719],[121.497422,25.070849],[121.497376,25.070941],[121.49745,25.070958],[121.497903,25.07108],[121.498179,25.071162],[121.498167,25.071198],[121.498118,25.071184],[121.498094,25.071244],[121.498028,25.071489],[121.498408,25.071582],[121.498651,25.070757],[121.498845,25.070127]]]}},{"type":"Feature","properties":{"id":"9d838e35a307","name":"新北市三重區五華國民小學","level":"國小","basis":"both","data_ym":"202510"},"geometry":{"type":"Polygon","coordinates":[[[121.493327,25.087546],[121.493326,25.087526],[121.493311,25.08749],[121.493145,25.087341],[121.493557,25.086945],[121.493528,25.086923],[121.493604,25.086844],[121.49348,25.086737],[121.493461,25.08674],[121.493273,25.086589],[121.493277,25.086568],[121.493195,25.0865],[121.492815,25.086212],[121.492045,25.087082],[121.491542,25.087607],[121.490837,25.088388],[121.490933,25.088453],[121.491084,25.088529],[121.491164,25.088556],[121.491284,25.088586],[121.491354,25.088596],[121.491537,25.088609],[121.49154,25.088584],[121.491663,25.088579],[121.491676,25.088596],[121.491706,25.0886],[121.49183,25.088586],[121.491894,25.088572],[121.492037,25.088527],[121.492114,25.088492],[121.492414,25.088303],[121.492788,25.088055],[121.493412,25.087631],[121.493327,25.087546]]]}},{"type":"Feature","properties":{"id":"c963c369fdfd","name":"新北市三重區正義國民小學","level":"國小","basis":"both","data_ym":"201901"},"geometry":{"type":"Polygon","coordinates":[[[121.49642,25.065945],[121.496593,25.065327],[121.496855,25.065393],[121.496874,25.065328],[121.496609,25.06527],[121.496823,25.064528],[121.495638,25.064347],[121.49561,25.064357],[121.495207,25.064662],[121.494847,25.064962],[121.495102,25.065409],[121.495201,25.065608],[121.495468,25.065689],[121.49642,25.065945]]]}},{"type":"Feature","properties":{"id":"69b52bbe8d9c","name":"新北市三重區永福國民小學","level":"國小","basis":"both","data_ym":"201901"},"geometry":{"type":"Polygon","coordinates":[[[121.480483,25.077718],[121.480536,25.077457],[121.480506,25.077451],[121.480546,25.077282],[121.480561,25.077284],[121.480564,25.07727],[121.480587,25.077273],[121.480602,25.07726],[121.480609,25.077245],[121.480608,25.077211],[121.480602,25.077205],[121.480611,25.077152],[121.4808,25.076391],[121.480255,25.076354],[121.479837,25.076615],[121.479216,25.077038],[121.479589,25.07742],[121.479666,25.07748],[121.47966,25.077484],[121.479625,25.077488],[121.47973,25.077572],[121.479754,25.077549],[121.479832,25.07761],[121.480483,25.077718]]]}},{"type":"Feature","properties":{"id":"956192a5652b","name":"新北市三重區光榮國民小學","level":"國小","basis":"both","data_ym":"201901"},"geometry":{"type":"Polygon","coordinates":[[[121.50079,25.070602],[121.500289,25.072249],[121.50105,25.072483],[121.501252,25.071943],[121.501333,25.071714],[121.501332,25.07166],[121.501349,25.071584],[121.501407,25.071449],[121.501448,25.071381],[121.501642,25.070829],[121.50079,25.070602]]]}},{"type":"Feature","properties":{"id":"0a7e4e5be344","name":"新北市三重區光興國民小學","level":"國小","basis":"both","data_ym":"201901"},"geometry":{"type":"Polygon","coordinates":[[[121.500259,25.060315],[121.500483,25.058601],[121.499469,25.058504],[121.499322,25.058494],[121.499264,25.058715],[121.498856,25.058649],[121.498786,25.059002],[121.498785,25.059026],[121.498801,25.05904],[121.498826,25.05905],[121.498828,25.059072],[121.498806,25.059164],[121.498765,25.059228],[121.498731,25.059262],[121.498747,25.05937],[121.498746,25.059386],[121.498727,25.059435],[121.498719,25.059492],[121.498718,25.059579],[121.498649,25.059564],[121.498547,25.060015],[121.498577,25.060063],[121.50025,25.060326],[121.500259,25.060315]]]}},{"type":"Feature","properties":{"id":"8fd7889949e7","name":"新北市三重區厚德國民小學","level":"國小","basis":"both","data_ym":"201901"},"geometry":{"type":"Polygon","coordinates":[[[121.488955,25.070646],[121.488875,25.071046],[121.487846,25.070866],[121.48767,25.071105],[121.487458,25.07145],[121.487454,25.071469],[121.487455,25.071493],[121.48749,25.07152],[121.487908,25.071679],[121.48815,25.071755],[121.488456,25.071839],[121.488616,25.071865],[121.488826,25.071887],[121.489282,25.071954],[121.489373,25.07196],[121.489642,25.07196],[121.489937,25.071956],[121.489972,25.071952],[121.490088,25.071753],[121.490093,25.071704],[121.490183,25.071559],[121.489969,25.071491],[121.490243,25.071054],[121.488955,25.070646]]]}},{"type":"Feature","properties":{"id":"2d6e01492f0d","name":"新北市三重區重陽國民小學","level":"國小","basis":"both","data_ym":"202311"},"geometry":{"type":"Polygon","coordinates":[[[121.485398,25.066946],[121.484716,25.066076],[121.48351,25.066928],[121.484228,25.067766],[121.485398,25.066946]]]}},{"type":"Feature","properties":{"id":"e27e4b606f5e","name":"新北市三重區修德國民小學","level":"國小","basis":"both","data_ym":"202310"},"geometry":{"type":"Polygon","coordinates":[[[121.490105,25.064644],[121.488379,25.065089],[121.488592,25.065459],[121.488637,25.065433],[121.488897,25.06586],[121.48887,25.065872],[121.488909,25.065941],[121.48886,25.065961],[121.488987,25.066188],[121.490549,25.065486],[121.490554,25.065472],[121.490105,25.064644]]]}},{"type":"Feature","properties":{"id":"0bd60959d7df","name":"新北市三重區集美國民小學","level":"國小","basis":"both","data_ym":"202310"},"geometry":{"type":"Polygon","coordinates":[[[121.490388,25.057317],[121.489455,25.057029],[121.489609,25.056755],[121.489768,25.056361],[121.48986,25.056109],[121.489814,25.056086],[121.489721,25.056351],[121.489678,25.056342],[121.489777,25.05606],[121.488198,25.055667],[121.488124,25.055919],[121.488194,25.055939],[121.488171,25.056016],[121.488113,25.056008],[121.487997,25.056357],[121.487853,25.056571],[121.487727,25.056716],[121.48854,25.057281],[121.488639,25.057161],[121.48896,25.057384],[121.48894,25.057411],[121.48913,25.057537],[121.489063,25.057641],[121.489676,25.058052],[121.490093,25.057832],[121.490188,25.057777],[121.490254,25.057732],[121.490284,25.057692],[121.490293,25.057665],[121.490388,25.057317]]]}},{"type":"Feature","properties":{"id":"9527d7701a09","name":"新北市三重區碧華國民小學","level":"國小","basis":"both","data_ym":"201901"},"geometry":{"type":"Polygon","coordinates":[[[121.490829,25.08441],[121.490547,25.084199],[121.490538,25.084208],[121.490268,25.084023],[121.489575,25.083523],[121.489452,25.083718],[121.489195,25.084111],[121.489007,25.084418],[121.489035,25.084432],[121.488867,25.084646],[121.488742,25.084741],[121.488436,25.084938],[121.488445,25.084954],[121.488446,25.084969],[121.488444,25.084984],[121.488434,25.085003],[121.488683,25.08526],[121.489255,25.0858],[121.489267,25.085806],[121.489295,25.085805],[121.489318,25.085795],[121.490829,25.08441]]]}},{"type":"Feature","properties":{"id":"a909da9c3327","name":"新北市三重區興穀國民小學","level":"國小","basis":"both","data_ym":"202510"},"geometry":{"type":"Polygon","coordinates":[[[121.47475,25.050756],[121.474804,25.049916],[121.475678,25.049922],[121.475686,25.049859],[121.475711,25.049719],[121.475701,25.04954],[121.475654,25.049373],[121.474264,25.049367],[121.474252,25.050673],[121.474277,25.050674],[121.474286,25.05068],[121.474294,25.050687],[121.474302,25.050713],[121.47475,25.050756]]]}},{"type":"Feature","properties":{"id":"955d168e934e","name":"新北市三峽區三峽國民小學","level":"國小","basis":"both","data_ym":"201901"},"geometry":{"type":"Polygon","coordinates":[[[121.36984,24.934881],[121.369413,24.934797],[121.368856,24.934707],[121.368854,24.934732],[121.368637,24.934704],[121.368632,24.934722],[121.368404,24.934693],[121.368379,24.934781],[121.367987,24.934829],[121.367922,24.93467],[121.367325,24.934989],[121.36744,24.935155],[121.367432,24.935256],[121.367423,24.935312],[121.367406,24.935328],[121.367422,24.935374],[121.367361,24.935699],[121.367807,24.93574],[121.369513,24.935919],[121.369649,24.935874],[121.369739,24.935517],[121.369792,24.935263],[121.36978,24.935246],[121.36978,24.935239],[121.36984,24.934881]]]}},{"type":"Feature","properties":{"id":"f0f54b3dc9e8","name":"新北市三峽區大成國民小學","level":"國小","basis":"both","data_ym":"201901"},"geometry":{"type":"Polygon","coordinates":[[[121.427813,24.9249],[121.427875,24.924897],[121.428007,24.925043],[121.428087,24.925059],[121.428106,24.925047],[121.427959,24.92477],[121.427898,24.924697],[121.427922,24.924547],[121.42778,24.923994],[121.42765,24.924012],[121.427508,24.924043],[121.427448,24.92416],[121.427451,24.924199],[121.427459,24.92423],[121.427313,24.924302],[121.427382,24.924557],[121.427361,24.92456],[121.427429,24.924686],[121.427441,24.924721],[121.427424,24.924754],[121.427341,24.924845],[121.4274,24.924943],[121.427538,24.925137],[121.427576,24.92511],[121.427667,24.925011],[121.427723,24.924961],[121.427813,24.9249]]]}},{"type":"Feature","properties":{"id":"950dc0d5442b","name":"新北市三峽區大埔國民小學","level":"國小","basis":"both","data_ym":"202510"},"geometry":{"type":"Polygon","coordinates":[[[121.366105,24.90477],[121.366093,24.904791],[121.365748,24.904693],[121.365553,24.905342],[121.365561,24.905477],[121.365533,24.905578],[121.36568,24.90563],[121.365727,24.905655],[121.365779,24.90571],[121.366219,24.90583],[121.366537,24.905922],[121.36656,24.905714],[121.366577,24.905333],[121.366592,24.905246],[121.366612,24.905186],[121.36667,24.905073],[121.366765,24.904939],[121.366105,24.90477]]]}},{"type":"Feature","properties":{"id":"929bf06e2f69","name":"新北市三峽區中園國民小學","level":"國小","basis":"both","data_ym":"201901"},"geometry":{"type":"Polygon","coordinates":[[[121.367587,24.92881],[121.367608,24.928459],[121.367636,24.928271],[121.367694,24.928013],[121.367683,24.927978],[121.367652,24.927944],[121.367613,24.927918],[121.367305,24.92783],[121.366971,24.927689],[121.366761,24.927605],[121.366766,24.927583],[121.366641,24.927515],[121.366416,24.927358],[121.366223,24.927561],[121.365966,24.92775],[121.365858,24.927649],[121.365728,24.927497],[121.365707,24.92758],[121.365602,24.92774],[121.365457,24.927865],[121.365444,24.927885],[121.365442,24.927929],[121.365447,24.927952],[121.365552,24.928101],[121.365584,24.928215],[121.365605,24.928269],[121.365696,24.928457],[121.36586,24.928592],[121.365867,24.92859],[121.365888,24.928532],[121.365901,24.928518],[121.365909,24.928516],[121.366005,24.92854],[121.366297,24.928625],[121.366314,24.928639],[121.366323,24.928661],[121.366686,24.928756],[121.367367,24.928947],[121.367415,24.928938],[121.367467,24.928915],[121.367534,24.92886],[121.367587,24.92881]]]}},{"type":"Feature","properties":{"id":"c8f17fa233d7","name":"新北市三峽區五寮國民小學","level":"國小","basis":"both","data_ym":"201901"},"geometry":{"type":"Polygon","coordinates":[[[121.360538,24.858758],[121.360532,24.858183],[121.359851,24.858388],[121.359941,24.858763],[121.359677,24.858871],[121.35976,24.859026],[121.359865,24.859165],[121.359901,24.859202],[121.360089,24.859261],[121.360197,24.859267],[121.360292,24.859232],[121.360427,24.859167],[121.360466,24.859123],[121.360507,24.859024],[121.360528,24.858934],[121.360538,24.858758]]]}},{"type":"Feature","properties":{"id":"861f11500152","name":"新北市三峽區介壽國民小學","level":"國小","basis":"both","data_ym":"201901"},"geometry":{"type":"Polygon","coordinates":[[[121.378677,24.93026],[121.379382,24.930131],[121.379446,24.930124],[121.379444,24.930087],[121.379413,24.930013],[121.379446,24.929771],[121.379406,24.929674],[121.379509,24.929374],[121.379674,24.928958],[121.379767,24.928703],[121.378863,24.928521],[121.378513,24.928466],[121.378501,24.928468],[121.378134,24.928698],[121.378288,24.92889],[121.378011,24.929069],[121.378159,24.929257],[121.378324,24.92949],[121.378347,24.92948],[121.378473,24.929684],[121.378345,24.929755],[121.378407,24.929837],[121.378472,24.929823],[121.378524,24.929942],[121.378538,24.929986],[121.378544,24.930063],[121.378535,24.9301],[121.378525,24.930115],[121.37861,24.930239],[121.378627,24.93023],[121.378654,24.930227],[121.378664,24.930232],[121.378677,24.93026]]]}},{"type":"Feature","properties":{"id":"2b07e40939d5","name":"新北市三峽區北大國民小學","level":"國小","basis":"both","data_ym":"202311"},"geometry":{"type":"Polygon","coordinates":[[[121.374574,24.939641],[121.374247,24.939235],[121.373852,24.93873],[121.373449,24.93894],[121.373455,24.938892],[121.373238,24.939007],[121.373263,24.939009],[121.373295,24.939034],[121.373127,24.939116],[121.373126,24.9391],[121.373136,24.93906],[121.373014,24.939126],[121.373032,24.939139],[121.373034,24.939152],[121.372687,24.939335],[121.372743,24.939488],[121.372939,24.939935],[121.372901,24.939935],[121.372923,24.939986],[121.372942,24.939972],[121.373153,24.940458],[121.373282,24.940435],[121.373429,24.94038],[121.373836,24.940171],[121.37387,24.940115],[121.374376,24.939818],[121.374574,24.939641]]]}},{"type":"Feature","properties":{"id":"5f3a61f07558","name":"新北市三峽區民義國民小學","level":"國小","basis":"both","data_ym":"201706"},"geometry":{"type":"Polygon","coordinates":[[[121.375013,24.912174],[121.375238,24.912159],[121.37535,24.912158],[121.375425,24.912079],[121.375503,24.912074],[121.37556,24.912053],[121.375655,24.911966],[121.375735,24.911902],[121.37571,24.911834],[121.375705,24.911798],[121.375712,24.911732],[121.375751,24.911575],[121.375779,24.911495],[121.375794,24.911414],[121.375783,24.911359],[121.375849,24.911256],[121.375816,24.911075],[121.375704,24.911003],[121.375637,24.911005],[121.375635,24.91097],[121.375464,24.910963],[121.375296,24.91088],[121.375197,24.910758],[121.375113,24.910643],[121.374974,24.910624],[121.374881,24.910756],[121.374904,24.911262],[121.374415,24.911512],[121.374394,24.911569],[121.374379,24.91183],[121.374363,24.911919],[121.37433,24.912018],[121.374296,24.912082],[121.374332,24.912138],[121.374443,24.912128],[121.374585,24.912096],[121.37463,24.912104],[121.374706,24.912148],[121.374792,24.912169],[121.375013,24.912174]]]}},{"type":"Feature","properties":{"id":"5976168cd886","name":"新北市三峽區安溪國民小學","level":"國小","basis":"both","data_ym":"201901"},"geometry":{"type":"Polygon","coordinates":[[[121.372843,24.931402],[121.372198,24.930654],[121.372179,24.930655],[121.371675,24.931019],[121.371618,24.931056],[121.37152,24.93109],[121.371196,24.931158],[121.371182,24.931176],[121.371188,24.931253],[121.371246,24.931566],[121.371347,24.932008],[121.371426,24.932235],[121.371481,24.932353],[121.371508,24.932397],[121.371637,24.932546],[121.371741,24.932637],[121.372129,24.93222],[121.372114,24.932146],[121.372163,24.932129],[121.372843,24.931402]]]}},{"type":"Feature","properties":{"id":"f8d5356a5722","name":"新北市三峽區成福國民小學","level":"國小","basis":"both","data_ym":"202510"},"geometry":{"type":"Polygon","coordinates":[[[121.406204,24.933929],[121.406331,24.933778],[121.406397,24.933746],[121.406467,24.93366],[121.40636,24.933281],[121.406385,24.933263],[121.406487,24.933242],[121.406534,24.933201],[121.406454,24.933005],[121.406291,24.933032],[121.406221,24.932835],[121.40569,24.93298],[121.405454,24.933068],[121.405262,24.93316],[121.404821,24.933339],[121.404731,24.933381],[121.404719,24.933397],[121.404717,24.933409],[121.404761,24.933467],[121.404828,24.933511],[121.404987,24.933549],[121.405087,24.933589],[121.405263,24.933693],[121.405464,24.933858],[121.40559,24.933804],[121.405806,24.933695],[121.405874,24.933856],[121.405983,24.933833],[121.406204,24.933929]]]}},{"type":"Feature","properties":{"id":"c09e21f60bca","name":"新北市三峽區有木國民小學","level":"國小","basis":"both","data_ym":"202510"},"geometry":{"type":"Polygon","coordinates":[[[121.437685,24.85419],[121.437712,24.854185],[121.43776,24.854193],[121.437799,24.854216],[121.437814,24.853894],[121.437768,24.853635],[121.437769,24.85307],[121.437623,24.853119],[121.437531,24.853138],[121.437498,24.853143],[121.437465,24.853143],[121.437397,24.853122],[121.437353,24.853166],[121.437306,24.853169],[121.43724,24.853165],[121.437117,24.85338],[121.437003,24.853323],[121.436962,24.853402],[121.437137,24.853484],[121.437097,24.853555],[121.437065,24.853632],[121.436983,24.853897],[121.436943,24.854066],[121.436898,24.854218],[121.437323,24.854442],[121.437416,24.854457],[121.437432,24.854546],[121.437464,24.854485],[121.437512,24.854406],[121.437561,24.854346],[121.437643,24.854223],[121.437665,24.854198],[121.437685,24.85419]]]}},{"type":"Feature","properties":{"id":"a464e12f8898","name":"新北市三峽區建安國民小學","level":"國小","basis":"both","data_ym":"201901"},"geometry":{"type":"Polygon","coordinates":[[[121.446938,24.925481],[121.446856,24.925329],[121.44679,24.925354],[121.446777,24.925385],[121.446691,24.925535],[121.446655,24.925565],[121.446557,24.925618],[121.446572,24.925648],[121.446559,24.925658],[121.446517,24.925902],[121.446845,24.926583],[121.447061,24.926491],[121.447179,24.92643],[121.447372,24.926356],[121.446938,24.925481]]]}},{"type":"Feature","properties":{"id":"ce7e5d525188","name":"新北市三峽區插角國民小學金敏分校","level":"大專","basis":"branch","data_ym":"201901"},"geometry":{"type":"Polygon","coordinates":[[[121.384642,24.874468],[121.384948,24.874327],[121.384772,24.874064],[121.384383,24.874299],[121.384461,24.874414],[121.384481,24.874414],[121.38451,24.874406],[121.384529,24.874452],[121.384612,24.874415],[121.384642,24.874468]]]}},{"type":"Feature","properties":{"id":"bbf8ec116285","name":"新北市三峽區插角森林實驗國民小學","level":"國小","basis":"name","data_ym":"202510"},"geometry":{"type":"Polygon","coordinates":[[[121.405833,24.872835],[121.405646,24.872523],[121.405899,24.872406],[121.405874,24.872214],[121.405567,24.871586],[121.405275,24.871877],[121.405119,24.872024],[121.404904,24.87224],[121.404826,24.872328],[121.404648,24.872595],[121.404922,24.872729],[121.405066,24.872847],[121.405161,24.872761],[121.405276,24.872909],[121.405322,24.872976],[121.405372,24.873036],[121.405397,24.873058],[121.405435,24.873079],[121.405487,24.873078],[121.405833,24.872835]]]}},{"type":"Feature","properties":{"id":"0402452cd720","name":"新北市三峽區龍埔國民小學","level":"國小","basis":"both","data_ym":"202309"},"geometry":{"type":"Polygon","coordinates":[[[121.376803,24.942125],[121.377156,24.942408],[121.377521,24.941997],[121.377757,24.941696],[121.377899,24.941573],[121.378126,24.941433],[121.378168,24.941381],[121.378199,24.94136],[121.378321,24.941312],[121.378346,24.941328],[121.378485,24.941271],[121.378378,24.941008],[121.37833,24.94083],[121.378145,24.94001],[121.378137,24.940004],[121.378124,24.940001],[121.378086,24.940008],[121.377893,24.940074],[121.377663,24.940174],[121.377588,24.940212],[121.377462,24.940302],[121.377228,24.940514],[121.376827,24.941009],[121.37658,24.941328],[121.37664,24.941368],[121.376591,24.941434],[121.376528,24.941399],[121.376298,24.941709],[121.376393,24.941761],[121.376803,24.942125]]]}},{"type":"Feature","properties":{"id":"5ad575fbbc67","name":"新北市土城區土城國民小學","level":"國小","basis":"both","data_ym":"202510"},"geometry":{"type":"Polygon","coordinates":[[[121.442615,24.972525],[121.442915,24.972304],[121.443145,24.972024],[121.442967,24.971787],[121.442597,24.971308],[121.442454,24.971321],[121.442495,24.971167],[121.442114,24.970694],[121.441972,24.970821],[121.441955,24.970806],[121.441722,24.970998],[121.441125,24.971517],[121.441137,24.971557],[121.440937,24.971721],[121.441142,24.972041],[121.441538,24.972675],[121.441743,24.972757],[121.442305,24.97294],[121.442418,24.972973],[121.442615,24.972525]]]}},{"type":"Feature","properties":{"id":"1b03bf999d72","name":"新北市土城區安和國民小學","level":"國小","basis":"both","data_ym":"201901"},"geometry":{"type":"Polygon","coordinates":[[[121.465095,24.989783],[121.465528,24.989183],[121.465572,24.989111],[121.4655,24.989068],[121.465126,24.988824],[121.465081,24.988837],[121.464934,24.988752],[121.464917,24.988707],[121.464339,24.98835],[121.463646,24.989251],[121.463787,24.989357],[121.464113,24.989564],[121.464178,24.989576],[121.464415,24.989572],[121.464699,24.98959],[121.464738,24.989598],[121.464822,24.989634],[121.464902,24.98968],[121.464932,24.989704],[121.465095,24.989783]]]}},{"type":"Feature","properties":{"id":"fb4995581e20","name":"新北市土城區清水國民小學","level":"國小","basis":"both","data_ym":"202311"},"geometry":{"type":"Polygon","coordinates":[[[121.461999,24.98508],[121.462054,24.984954],[121.462492,24.984017],[121.462493,24.984001],[121.46243,24.98394],[121.46224,24.983771],[121.462061,24.983632],[121.461802,24.983454],[121.461463,24.983248],[121.461444,24.983249],[121.460792,24.98473],[121.46168,24.984997],[121.461687,24.984983],[121.461999,24.98508]]]}},{"type":"Feature","properties":{"id":"7f95886d344d","name":"新北市土城區頂埔國民小學","level":"國小","basis":"both","data_ym":"202510"},"geometry":{"type":"Polygon","coordinates":[[[121.414578,24.956398],[121.414676,24.956274],[121.414763,24.956336],[121.415302,24.955752],[121.41537,24.955762],[121.415427,24.955593],[121.415881,24.955193],[121.41518,24.954568],[121.41459,24.955137],[121.41456,24.955148],[121.414465,24.95515],[121.413737,24.954995],[121.413698,24.954991],[121.413666,24.954993],[121.41362,24.955007],[121.413509,24.95506],[121.413432,24.955108],[121.413518,24.95522],[121.413586,24.95532],[121.413693,24.955459],[121.413748,24.955421],[121.413808,24.955501],[121.41385,24.95548],[121.413898,24.955551],[121.41386,24.955571],[121.414077,24.955864],[121.413989,24.955919],[121.414007,24.955942],[121.414154,24.956083],[121.414244,24.956163],[121.414578,24.956398]]]}},{"type":"Feature","properties":{"id":"88b258bcb16e","name":"新北市土城區廣福國民小學","level":"國小","basis":"both","data_ym":"201901"},"geometry":{"type":"Polygon","coordinates":[[[121.456116,24.985912],[121.455151,24.985046],[121.454707,24.985606],[121.45408,24.986437],[121.454726,24.986828],[121.454714,24.986843],[121.454865,24.986925],[121.454881,24.986964],[121.454908,24.986984],[121.455201,24.987158],[121.456116,24.985912]]]}},{"type":"Feature","properties":{"id":"f4d8bbc81f0e","name":"新北市土城區樂利國民小學","level":"國小","basis":"both","data_ym":"202510"},"geometry":{"type":"Polygon","coordinates":[[[121.44869,24.985792],[121.448407,24.984836],[121.44845,24.984826],[121.448444,24.984726],[121.448474,24.984599],[121.448445,24.984315],[121.447185,24.984699],[121.447446,24.985425],[121.447548,24.985688],[121.447736,24.986145],[121.448261,24.985943],[121.44869,24.985792]]]}},{"type":"Feature","properties":{"id":"43268b359ffe","name":"新北市中和區中和國民小學","level":"國小","basis":"both","data_ym":"201901"},"geometry":{"type":"Polygon","coordinates":[[[121.500579,24.998777],[121.500579,24.998914],[121.500488,24.998912],[121.500472,24.999903],[121.500598,24.999906],[121.500595,25.00012],[121.50145,25.000151],[121.501449,25.000158],[121.501502,25.00016],[121.501841,24.999825],[121.501915,24.999771],[121.501943,24.999755],[121.502036,24.999725],[121.502069,24.999697],[121.502073,24.999677],[121.50207,24.999619],[121.502014,24.999097],[121.502007,24.99899],[121.50198,24.99882],[121.501963,24.998799],[121.501953,24.998796],[121.501881,24.998793],[121.501252,24.998794],[121.500579,24.998777]]]}},{"type":"Feature","properties":{"id":"c85fba6f3a74","name":"新北市中和區光復國民小學","level":"國小","basis":"both","data_ym":"201901"},"geometry":{"type":"Polygon","coordinates":[[[121.484193,25.015684],[121.484574,25.014676],[121.484558,25.014667],[121.48272,25.014585],[121.482699,25.014584],[121.482674,25.014591],[121.482652,25.014602],[121.482602,25.014648],[121.482411,25.014924],[121.482368,25.015005],[121.482311,25.015144],[121.48218,25.015569],[121.482179,25.015582],[121.482185,25.015599],[121.482199,25.015614],[121.482227,25.015627],[121.482288,25.015641],[121.482361,25.015624],[121.482937,25.015626],[121.484186,25.015689],[121.484193,25.015684]]]}},{"type":"Feature","properties":{"id":"19bc3f3b4d07","name":"新北市中和區自強國民小學","level":"國小","basis":"both","data_ym":"201901"},"geometry":{"type":"Polygon","coordinates":[[[121.472218,24.998789],[121.472204,24.998777],[121.47213,24.998679],[121.471982,24.998498],[121.471546,24.997983],[121.471337,24.998052],[121.470698,24.998241],[121.46956,24.998588],[121.469697,24.998807],[121.469724,24.9988],[121.469866,24.999044],[121.469909,24.999056],[121.470143,24.999462],[121.471829,24.99892],[121.472218,24.998789]]]}},{"type":"Feature","properties":{"id":"d02638381f69","name":"新北市中和區秀山國民小學","level":"國小","basis":"both","data_ym":"201901"},"geometry":{"type":"Polygon","coordinates":[[[121.521897,24.994473],[121.521834,24.994111],[121.520159,24.994338],[121.520454,24.996325],[121.521349,24.99621],[121.522117,24.996103],[121.521897,24.994473]]]}},{"type":"Feature","properties":{"id":"547d15b1fe71","name":"新北市中和區復興國民小學","level":"國小","basis":"both","data_ym":"201901"},"geometry":{"type":"Polygon","coordinates":[[[121.502653,24.987907],[121.502616,24.9878],[121.502178,24.987818],[121.50193,24.988174],[121.501691,24.988493],[121.501531,24.988653],[121.501482,24.988693],[121.501548,24.988991],[121.501558,24.989017],[121.501586,24.989674],[121.502936,24.989665],[121.502956,24.989289],[121.502924,24.98904],[121.502865,24.988907],[121.502849,24.988743],[121.502834,24.988227],[121.502803,24.988081],[121.502653,24.987907]]]}},{"type":"Feature","properties":{"id":"2a00a7f4043d","name":"新北市中和區景新國民小學","level":"國小","basis":"both","data_ym":"202310"},"geometry":{"type":"Polygon","coordinates":[[[121.516674,24.989492],[121.516392,24.989077],[121.516129,24.989099],[121.516114,24.989006],[121.515899,24.989029],[121.515819,24.989009],[121.515828,24.988919],[121.515782,24.988652],[121.515766,24.988583],[121.515668,24.988599],[121.515515,24.988597],[121.515367,24.988608],[121.515103,24.988665],[121.514929,24.988716],[121.51486,24.988788],[121.514853,24.988823],[121.514851,24.988865],[121.514858,24.988906],[121.514892,24.989024],[121.51493,24.98923],[121.514954,24.989244],[121.514961,24.989321],[121.514912,24.989326],[121.514919,24.989493],[121.514938,24.989492],[121.514932,24.989782],[121.515218,24.989827],[121.515356,24.98986],[121.515639,24.990009],[121.515702,24.990039],[121.515755,24.990052],[121.516184,24.990265],[121.516313,24.990564],[121.516369,24.990557],[121.516272,24.990252],[121.516499,24.990015],[121.516743,24.989772],[121.516709,24.989611],[121.516674,24.989492]]]}},{"type":"Feature","properties":{"id":"6b3ec6da6cfb","name":"新北市中和區積穗國民小學","level":"國小","basis":"both","data_ym":"201901"},"geometry":{"type":"Polygon","coordinates":[[[121.482862,24.998566],[121.482853,24.998557],[121.48266,24.998562],[121.481424,24.998556],[121.481378,24.998566],[121.481367,24.998582],[121.481363,24.998929],[121.481365,24.999561],[121.481376,24.999588],[121.481395,24.999595],[121.482368,24.99964],[121.482801,24.99965],[121.482845,24.99965],[121.48286,24.999642],[121.482871,24.999628],[121.482882,24.999595],[121.482862,24.998566]]]}},{"type":"Feature","properties":{"id":"1e9ade5beb41","name":"新北市中和區興南國民小學","level":"國小","basis":"both","data_ym":"201901"},"geometry":{"type":"Polygon","coordinates":[[[121.509472,24.985593],[121.509433,24.985702],[121.509342,24.985912],[121.509136,24.986426],[121.509031,24.986704],[121.509014,24.986729],[121.509121,24.986836],[121.509296,24.986998],[121.509362,24.987038],[121.509532,24.987115],[121.509623,24.987149],[121.509872,24.987232],[121.510398,24.985889],[121.509831,24.985703],[121.509472,24.985593]]]}},{"type":"Feature","properties":{"id":"41e7bd4cfeef","name":"新北市中和區錦和國民小學","level":"國小","basis":"both","data_ym":"202311"},"geometry":{"type":"Polygon","coordinates":[[[121.489609,24.991524],[121.490183,24.989596],[121.490249,24.989353],[121.489988,24.989281],[121.489821,24.989286],[121.489499,24.989222],[121.488957,24.989284],[121.488935,24.989372],[121.488679,24.99062],[121.488516,24.991535],[121.489269,24.991513],[121.489566,24.991509],[121.489609,24.991524]]]}},{"type":"Feature","properties":{"id":"54bc084bb12c","name":"新北市五股區五股國民小學","level":"國小","basis":"both","data_ym":"202311"},"geometry":{"type":"Polygon","coordinates":[[[121.43627,25.082466],[121.436095,25.082504],[121.436102,25.08256],[121.436295,25.083335],[121.436438,25.083299],[121.436512,25.083409],[121.436744,25.083393],[121.436951,25.083374],[121.436938,25.083331],[121.436991,25.083316],[121.436987,25.083293],[121.437363,25.083179],[121.437565,25.083067],[121.437588,25.083046],[121.437599,25.083024],[121.4376,25.083009],[121.437478,25.082699],[121.437332,25.08228],[121.43668,25.082469],[121.436539,25.082496],[121.436403,25.082504],[121.436327,25.082501],[121.436311,25.082495],[121.43627,25.082466]]]}},{"type":"Feature","properties":{"id":"43f009e6bf97","name":"新北市五股區成州國民小學","level":"國小","basis":"both","data_ym":"201901"},"geometry":{"type":"Polygon","coordinates":[[[121.450894,25.09963],[121.450602,25.09909],[121.450442,25.099133],[121.450238,25.099172],[121.450238,25.0992],[121.449827,25.099201],[121.449446,25.099208],[121.449416,25.099213],[121.449381,25.099239],[121.449319,25.099306],[121.449281,25.099356],[121.449256,25.099407],[121.449247,25.099432],[121.449232,25.099527],[121.449186,25.099678],[121.449101,25.099857],[121.449092,25.099889],[121.449092,25.100173],[121.449086,25.100198],[121.450418,25.100217],[121.451096,25.099987],[121.450894,25.09963]]]}},{"type":"Feature","properties":{"id":"dd40e3d2ed83","name":"新北市五股區更寮國民小學","level":"國小","basis":"both","data_ym":"201901"},"geometry":{"type":"Polygon","coordinates":[[[121.468341,25.07091],[121.468322,25.070254],[121.468689,25.070231],[121.468678,25.070039],[121.468734,25.069999],[121.468738,25.069231],[121.467617,25.069788],[121.467231,25.069997],[121.467226,25.070006],[121.467261,25.070541],[121.467339,25.070671],[121.467276,25.070725],[121.467279,25.070807],[121.467728,25.070779],[121.467741,25.070946],[121.468341,25.07091]]]}},{"type":"Feature","properties":{"id":"b7d3f9129779","name":"新北市五股區德音國民小學","level":"國小","basis":"both","data_ym":"201901"},"geometry":{"type":"Polygon","coordinates":[[[121.434632,25.071347],[121.4341,25.071343],[121.434085,25.071357],[121.434109,25.071633],[121.434121,25.071866],[121.434115,25.071985],[121.434097,25.07209],[121.434058,25.072203],[121.434208,25.072229],[121.435023,25.07235],[121.435283,25.072394],[121.435482,25.072421],[121.435652,25.071461],[121.435655,25.071411],[121.435649,25.071379],[121.435613,25.071369],[121.434632,25.071347]]]}},{"type":"Feature","properties":{"id":"d21cb616b37b","name":"新北市平溪區十分國民小學","level":"國小","basis":"both","data_ym":"201901"},"geometry":{"type":"Polygon","coordinates":[[[121.777776,25.044104],[121.777842,25.04394],[121.778168,25.044042],[121.778361,25.043852],[121.778439,25.043783],[121.778445,25.04377],[121.778304,25.043546],[121.778214,25.043463],[121.778168,25.043439],[121.778063,25.043404],[121.777922,25.043364],[121.77778,25.043363],[121.777717,25.043373],[121.777708,25.043409],[121.777631,25.043391],[121.777571,25.043547],[121.77756,25.043544],[121.777495,25.043728],[121.77756,25.043868],[121.777573,25.043884],[121.777557,25.043962],[121.777512,25.043975],[121.777462,25.04404],[121.777663,25.044193],[121.777776,25.044104]]]}},{"type":"Feature","properties":{"id":"1bfc15250d41","name":"新北市平溪區平溪國民小學","level":"國小","basis":"both","data_ym":"201901"},"geometry":{"type":"Polygon","coordinates":[[[121.737533,25.027723],[121.737536,25.027663],[121.737709,25.027669],[121.737709,25.027701],[121.737803,25.027703],[121.73782,25.027663],[121.737939,25.027483],[121.737915,25.027477],[121.737932,25.027407],[121.737979,25.027406],[121.73802,25.027276],[121.737925,25.027261],[121.737948,25.027155],[121.737915,25.027148],[121.737928,25.026969],[121.737647,25.027049],[121.73758,25.027055],[121.737156,25.027061],[121.737023,25.027079],[121.737004,25.027095],[121.736946,25.027211],[121.736801,25.027412],[121.736683,25.027523],[121.736504,25.027682],[121.736473,25.027718],[121.736653,25.027713],[121.736653,25.027698],[121.736748,25.0277],[121.736749,25.027663],[121.736835,25.027665],[121.736835,25.027679],[121.737434,25.027699],[121.737435,25.027723],[121.737533,25.027723]]]}},{"type":"Feature","properties":{"id":"cb8a922c7ee8","name":"新北市平溪區菁桐國民小學","level":"國小","basis":"both","data_ym":"201901"},"geometry":{"type":"Polygon","coordinates":[[[121.727172,25.023675],[121.727472,25.023416],[121.727497,25.023372],[121.72751,25.023341],[121.727509,25.023301],[121.727496,25.023191],[121.727464,25.023053],[121.727445,25.023017],[121.727415,25.022985],[121.727367,25.022964],[121.727332,25.022987],[121.727231,25.022922],[121.727122,25.023018],[121.727033,25.02294],[121.727028,25.022916],[121.727009,25.022917],[121.726996,25.022906],[121.726983,25.022908],[121.726775,25.022755],[121.726715,25.022784],[121.72653,25.022995],[121.726452,25.023076],[121.726457,25.023117],[121.72641,25.023121],[121.726396,25.023265],[121.726404,25.023296],[121.726627,25.023513],[121.726613,25.023529],[121.726704,25.023613],[121.726802,25.023533],[121.726859,25.023585],[121.726947,25.023591],[121.726976,25.023552],[121.727073,25.023621],[121.727125,25.023669],[121.727146,25.023651],[121.727172,25.023675]]]}},{"type":"Feature","properties":{"id":"440f35aeaeeb","name":"新北市永和區永平國民小學","level":"國小","basis":"both","data_ym":"201901"},"geometry":{"type":"Polygon","coordinates":[[[121.505105,25.008616],[121.505543,25.008164],[121.505912,25.007754],[121.506277,25.007426],[121.5063,25.007395],[121.506298,25.007385],[121.505088,25.006387],[121.5045,25.006776],[121.504261,25.006899],[121.504102,25.00701],[121.504096,25.007034],[121.504103,25.00705],[121.504133,25.00709],[121.504206,25.007161],[121.50426,25.00722],[121.504331,25.00731],[121.504382,25.007425],[121.504396,25.007469],[121.504402,25.007512],[121.504402,25.007578],[121.504389,25.007633],[121.50437,25.007672],[121.504348,25.007703],[121.503906,25.00817],[121.503901,25.008179],[121.504376,25.008572],[121.504486,25.008461],[121.50493,25.008806],[121.505105,25.008616]]]}},{"type":"Feature","properties":{"id":"847104e318a9","name":"新北市永和區永和國民小學","level":"國小","basis":"both","data_ym":"201901"},"geometry":{"type":"Polygon","coordinates":[[[121.516929,25.003666],[121.516954,25.003647],[121.516958,25.003653],[121.51705,25.003605],[121.517035,25.003592],[121.517254,25.003497],[121.517436,25.001703],[121.516897,25.001668],[121.516898,25.00166],[121.516858,25.001658],[121.516858,25.001665],[121.516834,25.001663],[121.516243,25.001821],[121.516194,25.001752],[121.516114,25.001808],[121.516233,25.001954],[121.515816,25.002275],[121.515697,25.002136],[121.515663,25.00216],[121.515645,25.002483],[121.515618,25.002677],[121.515487,25.002772],[121.515588,25.003026],[121.515612,25.003063],[121.515648,25.003105],[121.515824,25.003264],[121.515883,25.003331],[121.516217,25.003652],[121.516299,25.003675],[121.516338,25.00368],[121.516896,25.00367],[121.516929,25.003666]]]}},{"type":"Feature","properties":{"id":"e9191f9f46e2","name":"新北市永和區秀朗國民小學","level":"國小","basis":"both","data_ym":"201901"},"geometry":{"type":"Polygon","coordinates":[[[121.5227,24.998562],[121.522611,24.998116],[121.520647,24.998412],[121.520199,24.998472],[121.520459,24.999887],[121.520468,24.999892],[121.52048,24.999893],[121.522853,24.999556],[121.5227,24.998562]]]}},{"type":"Feature","properties":{"id":"b7c0b915432b","name":"新北市永和區頂溪國民小學","level":"國小","basis":"both","data_ym":"202403"},"geometry":{"type":"Polygon","coordinates":[[[121.511123,25.014355],[121.510714,25.014333],[121.510525,25.014554],[121.510507,25.014587],[121.510391,25.015059],[121.510451,25.01517],[121.510706,25.015562],[121.510763,25.015621],[121.510853,25.015696],[121.510992,25.015792],[121.511126,25.015873],[121.511685,25.015485],[121.512002,25.015347],[121.512168,25.015282],[121.512128,25.014962],[121.512104,25.014863],[121.512072,25.014575],[121.512074,25.014475],[121.512055,25.014447],[121.512039,25.014437],[121.511965,25.014427],[121.511962,25.014405],[121.511916,25.014403],[121.511918,25.014386],[121.511123,25.014355]]]}},{"type":"Feature","properties":{"id":"7d996f3e2636","name":"新北市永和區網溪國民小學","level":"國小","basis":"both","data_ym":"202311"},"geometry":{"type":"Polygon","coordinates":[[[121.520453,25.012874],[121.520532,25.012669],[121.520368,25.012617],[121.520335,25.012702],[121.520242,25.012674],[121.520239,25.012686],[121.519917,25.012593],[121.519928,25.012554],[121.519753,25.012524],[121.51963,25.012488],[121.519612,25.012507],[121.519391,25.012831],[121.519307,25.012926],[121.519162,25.013062],[121.519121,25.013096],[121.519125,25.013167],[121.519397,25.013383],[121.519981,25.01387],[121.520281,25.014127],[121.520493,25.014237],[121.520551,25.014218],[121.52059,25.014179],[121.521017,25.013388],[121.521118,25.013186],[121.521115,25.013165],[121.521098,25.013147],[121.520864,25.013049],[121.520722,25.012984],[121.520453,25.012874]]]}},{"type":"Feature","properties":{"id":"9376b76f44cb","name":"新北市石門區石門國民小學","level":"國小","basis":"both","data_ym":"202311"},"geometry":{"type":"Polygon","coordinates":[[[121.567572,25.293032],[121.567629,25.292915],[121.567508,25.292741],[121.567341,25.292602],[121.567465,25.292412],[121.567473,25.292415],[121.567482,25.292397],[121.567477,25.292394],[121.567587,25.29222],[121.567635,25.292171],[121.567706,25.292152],[121.567679,25.29208],[121.567661,25.292048],[121.567615,25.291989],[121.567535,25.291915],[121.5675,25.29189],[121.567432,25.291852],[121.567359,25.291825],[121.56711,25.291762],[121.566661,25.291659],[121.566594,25.291935],[121.56657,25.291959],[121.566445,25.291921],[121.566426,25.291961],[121.566131,25.291874],[121.566125,25.291932],[121.565884,25.29275],[121.566512,25.293012],[121.566772,25.293011],[121.567572,25.293032]]]}},{"type":"Feature","properties":{"id":"6f46db629ac0","name":"新北市石門區老梅實驗國民小學","level":"國小","basis":"name","data_ym":"202508"},"geometry":{"type":"Polygon","coordinates":[[[121.54521,25.288555],[121.544975,25.28839],[121.545235,25.288099],[121.545252,25.288075],[121.545271,25.288042],[121.545325,25.287874],[121.545375,25.287755],[121.54494,25.287946],[121.544793,25.288021],[121.544788,25.288049],[121.544794,25.288101],[121.544792,25.288125],[121.544681,25.288194],[121.544535,25.288294],[121.544351,25.288436],[121.544303,25.288483],[121.544263,25.288533],[121.544242,25.288566],[121.544219,25.288682],[121.544227,25.288746],[121.544294,25.288922],[121.544289,25.28898],[121.544293,25.289],[121.544301,25.289012],[121.544607,25.289213],[121.544753,25.289428],[121.545032,25.289281],[121.545078,25.289263],[121.545014,25.289195],[121.545061,25.289089],[121.545113,25.289049],[121.545149,25.288637],[121.54521,25.288555]]]}},{"type":"Feature","properties":{"id":"761f4aadccb7","name":"新北市石門區乾華國民小學","level":"國小","basis":"both","data_ym":"201901"},"geometry":{"type":"Polygon","coordinates":[[[121.593148,25.26827],[121.593013,25.268058],[121.592789,25.267919],[121.592712,25.267969],[121.592762,25.268067],[121.592637,25.268127],[121.592616,25.268079],[121.592527,25.268107],[121.592452,25.267957],[121.59238,25.26787],[121.592184,25.267731],[121.591544,25.267955],[121.591435,25.268237],[121.592004,25.269758],[121.592166,25.269699],[121.592653,25.269509],[121.592731,25.269472],[121.592762,25.269443],[121.592791,25.269404],[121.592814,25.269347],[121.592828,25.269287],[121.592834,25.269159],[121.592825,25.26911],[121.592744,25.268839],[121.592741,25.268805],[121.592746,25.268767],[121.592818,25.268556],[121.592833,25.268482],[121.593022,25.2684],[121.593148,25.26827]]]}},{"type":"Feature","properties":{"id":"6ddff477ed7b","name":"新北市石碇區永定國民小學","level":"國小","basis":"both","data_ym":"201901"},"geometry":{"type":"Polygon","coordinates":[[[121.688296,25.007185],[121.688261,25.007064],[121.688197,25.007199],[121.687958,25.007655],[121.687881,25.00784],[121.687859,25.007915],[121.687849,25.007978],[121.687848,25.008045],[121.687865,25.008119],[121.688046,25.008386],[121.688155,25.008555],[121.688167,25.008593],[121.688361,25.00822],[121.688538,25.007907],[121.688609,25.007801],[121.688545,25.007628],[121.688468,25.007496],[121.688438,25.007437],[121.688423,25.007291],[121.688296,25.007185]]]}},{"type":"Feature","properties":{"id":"a3bbda7e1265","name":"新北市石碇區石碇國民小學","level":"國小","basis":"both","data_ym":"201901"},"geometry":{"type":"Polygon","coordinates":[[[121.659182,24.990264],[121.659015,24.990102],[121.65853,24.990539],[121.65861,24.990611],[121.658629,24.990613],[121.658698,24.990692],[121.658732,24.990719],[121.658891,24.990734],[121.658931,24.990765],[121.659055,24.990677],[121.659304,24.990483],[121.659182,24.990264]]]}},{"type":"Feature","properties":{"id":"12a1de0da0c1","name":"新北市石碇區和平國民小學","level":"國小","basis":"both","data_ym":"201901"},"geometry":{"type":"Polygon","coordinates":[[[121.641973,25.011499],[121.642025,25.011425],[121.641987,25.011403],[121.641963,25.011438],[121.641955,25.011439],[121.641793,25.011378],[121.641689,25.011351],[121.641654,25.011348],[121.641595,25.011371],[121.641513,25.011419],[121.64148,25.011386],[121.641338,25.011611],[121.641239,25.011737],[121.641094,25.011767],[121.641021,25.01183],[121.641025,25.011946],[121.641906,25.011932],[121.64191,25.011662],[121.641919,25.011607],[121.641973,25.011499]]]}},{"type":"Feature","properties":{"id":"d97b05bfc4e8","name":"新北市石碇區雲海國民小學","level":"國小","basis":"both","data_ym":"202310"},"geometry":{"type":"Polygon","coordinates":[[[121.637243,24.95344],[121.637253,24.953395],[121.637286,24.953401],[121.637295,24.953366],[121.637261,24.953361],[121.637344,24.952972],[121.637369,24.952977],[121.637376,24.952941],[121.637351,24.952937],[121.637357,24.952909],[121.637008,24.952862],[121.636992,24.952932],[121.636492,24.952854],[121.636354,24.952783],[121.636191,24.952673],[121.636129,24.952539],[121.636018,24.952503],[121.635976,24.952496],[121.635799,24.952561],[121.635695,24.952606],[121.635689,24.952612],[121.635736,24.952732],[121.635761,24.952768],[121.635948,24.952727],[121.636007,24.952718],[121.636046,24.952716],[121.63616,24.952738],[121.636225,24.952766],[121.636299,24.952821],[121.636254,24.952894],[121.63635,24.953124],[121.636434,24.95321],[121.636709,24.953346],[121.636845,24.953362],[121.636974,24.953363],[121.637125,24.953401],[121.637116,24.953437],[121.637242,24.953481],[121.637258,24.953446],[121.637243,24.95344]]]}},{"type":"Feature","properties":{"id":"a6937d9ae1a5","name":"新北市立二重國民中學","level":"國中","basis":"both","data_ym":"201901"},"geometry":{"type":"Polygon","coordinates":[[[121.479358,25.064862],[121.479358,25.064898],[121.479352,25.064941],[121.479304,25.065191],[121.479099,25.065324],[121.47908,25.065393],[121.479084,25.065414],[121.479095,25.065424],[121.479133,25.06543],[121.478977,25.066232],[121.478995,25.066237],[121.478965,25.066386],[121.479943,25.066072],[121.480538,25.065887],[121.480555,25.065866],[121.480556,25.065846],[121.480532,25.065792],[121.480437,25.065611],[121.480273,25.065208],[121.480069,25.064655],[121.479577,25.064803],[121.479358,25.064862]]]}},{"type":"Feature","properties":{"id":"4bba8b991df4","name":"新北市立八里國民中學","level":"國中","basis":"both","data_ym":"201311"},"geometry":{"type":"Polygon","coordinates":[[[121.401358,25.138388],[121.401199,25.138295],[121.401029,25.13851],[121.400847,25.138697],[121.400707,25.138908],[121.400529,25.139122],[121.400467,25.139255],[121.400435,25.139366],[121.400388,25.139575],[121.400354,25.139765],[121.400368,25.139801],[121.40061,25.139978],[121.40098,25.140218],[121.40099,25.140217],[121.401212,25.140089],[121.401412,25.140024],[121.401495,25.139972],[121.401566,25.139916],[121.401644,25.139828],[121.401686,25.139759],[121.401685,25.139582],[121.401695,25.139536],[121.401766,25.139354],[121.401781,25.139267],[121.401862,25.139066],[121.401906,25.138983],[121.401912,25.138961],[121.401907,25.138912],[121.4019,25.138895],[121.401857,25.138844],[121.401766,25.138758],[121.401753,25.13874],[121.401745,25.138719],[121.401458,25.138464],[121.401358,25.138388]]]}},{"type":"Feature","properties":{"id":"36f3e9c19759","name":"新北市立三民高級中學","level":"高中職","basis":"both","data_ym":"201710"},"geometry":{"type":"Polygon","coordinates":[[[121.473705,25.086019],[121.473318,25.085819],[121.473235,25.085824],[121.473198,25.085843],[121.473117,25.085908],[121.47306,25.085853],[121.472984,25.085912],[121.473043,25.085968],[121.472107,25.086716],[121.473748,25.088122],[121.475294,25.086883],[121.475116,25.08678],[121.473705,25.086019]]]}},{"type":"Feature","properties":{"id":"3a7ad5bb1cd3","name":"新北市立三多國民中學","level":"國中","basis":"both","data_ym":"201710"},"geometry":{"type":"Polygon","coordinates":[[[121.414841,25.005114],[121.414795,25.005117],[121.413153,25.005361],[121.41289,25.006055],[121.412759,25.006417],[121.412728,25.00655],[121.41272,25.006622],[121.412757,25.006627],[121.412783,25.006642],[121.412816,25.006673],[121.412835,25.006716],[121.413668,25.00661],[121.414841,25.006452],[121.414784,25.005563],[121.4148,25.005385],[121.414841,25.005114]]]}},{"type":"Feature","properties":{"id":"c318bd8138f0","name":"新北市立三和國民中學","level":"國中","basis":"both","data_ym":"201510"},"geometry":{"type":"Polygon","coordinates":[[[121.486167,25.076626],[121.486386,25.076522],[121.486406,25.076565],[121.486447,25.076542],[121.486476,25.076592],[121.486773,25.076439],[121.48678,25.076418],[121.486764,25.07639],[121.487063,25.076239],[121.487078,25.07624],[121.487101,25.076266],[121.487825,25.075875],[121.487847,25.075857],[121.487874,25.075824],[121.48788,25.075803],[121.487879,25.075778],[121.48786,25.075745],[121.487635,25.075476],[121.487529,25.075347],[121.487447,25.075239],[121.487252,25.074954],[121.487166,25.074819],[121.487137,25.074787],[121.487103,25.074791],[121.486761,25.07491],[121.486313,25.075053],[121.486277,25.075061],[121.486141,25.075062],[121.486069,25.075057],[121.486042,25.075062],[121.485873,25.075506],[121.485796,25.07568],[121.485549,25.075866],[121.485541,25.075885],[121.485543,25.075905],[121.485575,25.075963],[121.485574,25.075984],[121.485564,25.076],[121.485928,25.07654],[121.485999,25.076562],[121.486069,25.076677],[121.486167,25.076626]]]}},{"type":"Feature","properties":{"id":"bb9f1c60289e","name":"新北市立三芝國民中學","level":"國中","basis":"both","data_ym":"201507"},"geometry":{"type":"Polygon","coordinates":[[[121.501648,25.260955],[121.501736,25.26054],[121.501771,25.260406],[121.501969,25.25987],[121.50207,25.259623],[121.502161,25.259371],[121.502139,25.259366],[121.502178,25.259236],[121.50218,25.259184],[121.502163,25.259156],[121.50211,25.259117],[121.502032,25.259079],[121.50206,25.259016],[121.502025,25.258994],[121.50197,25.258971],[121.501932,25.259046],[121.501748,25.258994],[121.501595,25.258996],[121.50132,25.25903],[121.50128,25.259091],[121.501211,25.259171],[121.501198,25.25922],[121.501328,25.259258],[121.501228,25.259569],[121.50093,25.259483],[121.500976,25.259343],[121.501257,25.259045],[121.501263,25.259034],[121.501261,25.25902],[121.500746,25.259154],[121.500737,25.259163],[121.50065,25.259431],[121.500497,25.259868],[121.500485,25.25989],[121.500459,25.259922],[121.500368,25.260019],[121.50031,25.260073],[121.500098,25.260848],[121.500169,25.2609],[121.500424,25.260756],[121.50045,25.260745],[121.500935,25.260822],[121.501648,25.260955]]]}},{"type":"Feature","properties":{"id":"56a57c2d9d15","name":"新北市立三重高級中學","level":"高中職","basis":"both","data_ym":"202310"},"geometry":{"type":"Polygon","coordinates":[[[121.490486,25.054394],[121.490184,25.055315],[121.490068,25.055705],[121.490003,25.055901],[121.489979,25.055956],[121.48986,25.056109],[121.489768,25.056361],[121.489609,25.056755],[121.489455,25.057029],[121.490388,25.057317],[121.490621,25.056664],[121.490987,25.055723],[121.491218,25.055789],[121.491428,25.055634],[121.491687,25.055478],[121.491919,25.055349],[121.491421,25.054593],[121.490486,25.054394]]]}},{"type":"Feature","properties":{"id":"dd3f6fcbc7a4","name":"新北市立三重高級商工職業學校","level":"高中職","basis":"name","data_ym":"202310"},"geometry":{"type":"Polygon","coordinates":[[[121.483059,25.070054],[121.483573,25.069623],[121.48357,25.069603],[121.482907,25.06897],[121.482372,25.068387],[121.482047,25.067979],[121.481831,25.068122],[121.480939,25.068655],[121.480401,25.068906],[121.48039,25.068911],[121.480364,25.068861],[121.480354,25.068823],[121.480131,25.068906],[121.480146,25.068941],[121.480161,25.06895],[121.47959,25.069125],[121.47894,25.069271],[121.478889,25.069297],[121.478862,25.069335],[121.47886,25.069348],[121.478996,25.069879],[121.479164,25.069977],[121.479198,25.069976],[121.47927,25.070035],[121.47956,25.070208],[121.479596,25.07022],[121.480085,25.070338],[121.482333,25.070832],[121.482779,25.070308],[121.483059,25.070054]]]}},{"type":"Feature","properties":{"id":"7292eee2ee8e","name":"新北市立三峽國民中學","level":"國中","basis":"both","data_ym":"201803"},"geometry":{"type":"Polygon","coordinates":[[[121.370068,24.938736],[121.369635,24.938845],[121.369364,24.938903],[121.368948,24.938978],[121.36868,24.939019],[121.368662,24.939028],[121.36863,24.939052],[121.368597,24.93909],[121.368721,24.939884],[121.368846,24.940722],[121.368861,24.940745],[121.368884,24.940769],[121.370902,24.940668],[121.370503,24.93989],[121.370425,24.939698],[121.370406,24.939583],[121.37034,24.939438],[121.37033,24.939436],[121.370251,24.939205],[121.370068,24.938736]]]}},{"type":"Feature","properties":{"id":"d58ff47d0167","name":"新北市立土城國民中學","level":"國中","basis":"both","data_ym":"201804"},"geometry":{"type":"Polygon","coordinates":[[[121.430381,24.962916],[121.430025,24.961991],[121.429923,24.961783],[121.429872,24.961692],[121.42968,24.96171],[121.429341,24.961222],[121.429139,24.961295],[121.429141,24.961399],[121.429097,24.961607],[121.429022,24.961789],[121.428828,24.96184],[121.428797,24.961882],[121.428454,24.96197],[121.428518,24.962151],[121.428632,24.962346],[121.428749,24.962637],[121.428759,24.962635],[121.42877,24.962688],[121.428784,24.962723],[121.429019,24.963233],[121.429125,24.963497],[121.429289,24.96385],[121.429853,24.96367],[121.430391,24.963572],[121.430393,24.962965],[121.430381,24.962916]]]}},{"type":"Feature","properties":{"id":"9dfc1f1c116b","name":"新北市立大觀國民中學","level":"國中","basis":"both","data_ym":"201811"},"geometry":{"type":"Polygon","coordinates":[[[121.449838,25.009629],[121.448017,25.009469],[121.448181,25.010156],[121.446851,25.010429],[121.446814,25.010417],[121.446775,25.010397],[121.446831,25.010559],[121.446861,25.010491],[121.446876,25.010481],[121.44706,25.010838],[121.447257,25.011095],[121.447402,25.011304],[121.447477,25.01137],[121.447555,25.011421],[121.44764,25.011437],[121.447752,25.011444],[121.448671,25.011239],[121.448662,25.011182],[121.448942,25.011125],[121.448956,25.011175],[121.449607,25.011044],[121.449598,25.011016],[121.449691,25.011011],[121.449838,25.009629]]]}},{"type":"Feature","properties":{"id":"da159b33e44a","name":"新北市立中山國民中學","level":"國中","basis":"both","data_ym":"201912"},"geometry":{"type":"Polygon","coordinates":[[[121.467253,25.01605],[121.46723,25.016047],[121.467141,25.016121],[121.467361,25.01634],[121.467677,25.016624],[121.468018,25.016907],[121.467746,25.017165],[121.467292,25.017559],[121.467258,25.017595],[121.467024,25.017807],[121.466795,25.017993],[121.46664,25.0181],[121.466954,25.0189],[121.467301,25.018688],[121.467608,25.018479],[121.468549,25.017687],[121.468946,25.017318],[121.469015,25.017225],[121.469012,25.017216],[121.467277,25.016078],[121.467253,25.01605]]]}},{"type":"Feature","properties":{"id":"c703d86c8092","name":"新北市立中平國民中學","level":"國中","basis":"both","data_ym":"202510"},"geometry":{"type":"Polygon","coordinates":[[[121.444496,25.054241],[121.444547,25.054195],[121.444557,25.053957],[121.44455,25.053902],[121.444548,25.053761],[121.444535,25.05376],[121.444589,25.052903],[121.444558,25.052867],[121.442601,25.052824],[121.442577,25.054228],[121.44312,25.054231],[121.443622,25.054228],[121.444016,25.054232],[121.444192,25.054241],[121.444496,25.054241]]]}},{"type":"Feature","properties":{"id":"abdaaf4610ef","name":"新北市立中正國民中學","level":"國中","basis":"both","data_ym":"201710"},"geometry":{"type":"Polygon","coordinates":[[[121.457551,24.983881],[121.456033,24.982851],[121.455989,24.982838],[121.455979,24.982893],[121.455826,24.982887],[121.455811,24.983178],[121.455767,24.98327],[121.455669,24.983398],[121.45548,24.983699],[121.455427,24.983796],[121.455468,24.983841],[121.455499,24.98389],[121.45574,24.984059],[121.456164,24.984307],[121.45724,24.985022],[121.457337,24.984912],[121.457319,24.984595],[121.457319,24.984545],[121.457329,24.984492],[121.457551,24.983881]]]}},{"type":"Feature","properties":{"id":"fc9bd77e6263","name":"新北市立中和高級中學","level":"高中職","basis":"both","data_ym":"201804"},"geometry":{"type":"Polygon","coordinates":[[[121.477017,24.995981],[121.477169,24.995886],[121.477332,24.995951],[121.477439,24.995973],[121.477567,24.995969],[121.477632,24.995957],[121.477679,24.99594],[121.477716,24.995921],[121.477771,24.995875],[121.477861,24.995776],[121.478008,24.995669],[121.478056,24.995543],[121.478067,24.995498],[121.478093,24.995425],[121.478147,24.995317],[121.478205,24.995138],[121.478793,24.994471],[121.478678,24.994334],[121.478065,24.993463],[121.47752,24.99375],[121.4775,24.993772],[121.47732,24.994075],[121.476675,24.994507],[121.476493,24.99481],[121.476386,24.994883],[121.476303,24.994898],[121.476196,24.994879],[121.476087,24.994851],[121.475958,24.994846],[121.475851,24.99487],[121.475779,24.994897],[121.47571,24.99493],[121.475689,24.994949],[121.475679,24.994967],[121.475672,24.994984],[121.47567,24.995006],[121.475682,24.995039],[121.475714,24.995077],[121.475764,24.995124],[121.47579,24.995155],[121.4758,24.995176],[121.475807,24.995197],[121.47581,24.995228],[121.475797,24.995344],[121.475809,24.995415],[121.475826,24.99545],[121.475853,24.995492],[121.475877,24.995515],[121.475909,24.995535],[121.47594,24.995548],[121.475977,24.995554],[121.476088,24.995557],[121.476147,24.995553],[121.476313,24.995528],[121.476347,24.995527],[121.476383,24.995533],[121.476436,24.995552],[121.476481,24.995581],[121.476618,24.995765],[121.476651,24.995801],[121.476683,24.995828],[121.47671,24.995842],[121.476748,24.995854],[121.476782,24.995858],[121.476823,24.995857],[121.476859,24.995849],[121.476886,24.995837],[121.477017,24.995981]]]}},{"type":"Feature","properties":{"id":"22de50048ea1","name":"新北市立中和國民中學","level":"國中","basis":"both","data_ym":"202310"},"geometry":{"type":"Polygon","coordinates":[[[121.509472,24.985593],[121.509176,24.985499],[121.509529,24.984512],[121.509609,24.984329],[121.509286,24.984219],[121.509411,24.983927],[121.509443,24.983939],[121.509488,24.983831],[121.509121,24.9837],[121.50912,24.983703],[121.509037,24.983676],[121.508872,24.983608],[121.508696,24.983999],[121.508639,24.984177],[121.508635,24.984175],[121.508608,24.984253],[121.508614,24.984255],[121.508576,24.984366],[121.508552,24.984358],[121.508488,24.984547],[121.508514,24.984557],[121.508398,24.984844],[121.508405,24.984847],[121.508334,24.985039],[121.508073,24.985636],[121.508098,24.985646],[121.50807,24.985716],[121.508053,24.98571],[121.507991,24.985846],[121.508059,24.985929],[121.508163,24.985969],[121.508254,24.986115],[121.508298,24.986135],[121.508593,24.986316],[121.508704,24.986402],[121.508806,24.986496],[121.508871,24.986566],[121.508965,24.98668],[121.509014,24.986729],[121.509031,24.986704],[121.509136,24.986426],[121.509342,24.985912],[121.509433,24.985702],[121.509472,24.985593]]]}},{"type":"Feature","properties":{"id":"ae5269511bf0","name":"新北市立丹鳳高級中學","level":"高中職","basis":"both","data_ym":"201508"},"geometry":{"type":"Polygon","coordinates":[[[121.416159,25.019608],[121.415707,25.019596],[121.415267,25.019706],[121.414721,25.019932],[121.415046,25.020763],[121.415337,25.021456],[121.415651,25.021366],[121.416882,25.020935],[121.416899,25.020912],[121.41691,25.020873],[121.416907,25.020828],[121.416703,25.020164],[121.416522,25.019627],[121.416159,25.019608]]]}},{"type":"Feature","properties":{"id":"8cefcb8be446","name":"新北市立五股國民中學","level":"國中","basis":"both","data_ym":"201901"},"geometry":{"type":"Polygon","coordinates":[[[121.43612,25.082718],[121.436095,25.082504],[121.43627,25.082466],[121.436207,25.08242],[121.43615,25.082392],[121.436128,25.082388],[121.43611,25.082392],[121.436098,25.082402],[121.436089,25.082419],[121.436031,25.082428],[121.436023,25.082369],[121.436024,25.082332],[121.43604,25.082303],[121.436074,25.082279],[121.436086,25.082261],[121.436151,25.082262],[121.436117,25.081915],[121.4361,25.08185],[121.436258,25.081802],[121.436177,25.081577],[121.436007,25.081619],[121.435878,25.081591],[121.435312,25.08162],[121.435137,25.081551],[121.434942,25.081487],[121.434855,25.08147],[121.434762,25.081537],[121.434756,25.081562],[121.434801,25.081767],[121.434956,25.082304],[121.434971,25.08245],[121.434933,25.08254],[121.43487,25.082609],[121.434798,25.082674],[121.434755,25.082617],[121.434713,25.082583],[121.434626,25.082558],[121.434308,25.082581],[121.434166,25.082702],[121.434086,25.08347],[121.434202,25.083531],[121.434758,25.083545],[121.434939,25.083555],[121.435078,25.083649],[121.435192,25.083604],[121.435391,25.083966],[121.435833,25.083734],[121.435921,25.083545],[121.435943,25.08355],[121.435973,25.083348],[121.436038,25.083112],[121.436097,25.082942],[121.436122,25.082802],[121.43612,25.082718]]]}},{"type":"Feature","properties":{"id":"629db093c834","name":"新北市立五峰國民中學","level":"國中","basis":"both","data_ym":"201311"},"geometry":{"type":"Polygon","coordinates":[[[121.543782,24.965908],[121.543598,24.965686],[121.543573,24.965693],[121.543219,24.965844],[121.543195,24.965858],[121.543186,24.965878],[121.543182,24.965899],[121.543185,24.965919],[121.543242,24.966054],[121.543243,24.966068],[121.543194,24.966167],[121.543151,24.966462],[121.543178,24.966547],[121.543152,24.966857],[121.54314,24.966929],[121.543118,24.967057],[121.543073,24.96709],[121.543145,24.967136],[121.543153,24.96716],[121.543209,24.967234],[121.543356,24.967402],[121.543433,24.967502],[121.543435,24.967536],[121.543395,24.967656],[121.543493,24.967725],[121.543661,24.967562],[121.543765,24.967473],[121.543759,24.967468],[121.543992,24.967254],[121.544229,24.967008],[121.544345,24.966907],[121.54437,24.96689],[121.544081,24.966363],[121.543782,24.965908]]]}},{"type":"Feature","properties":{"id":"9b458b958f0e","name":"新北市立文山國民中學","level":"國中","basis":"both","data_ym":"202310"},"geometry":{"type":"Polygon","coordinates":[[[121.53874,24.956964],[121.538761,24.956697],[121.539035,24.956715],[121.539018,24.956895],[121.539581,24.95659],[121.539582,24.956485],[121.539636,24.956486],[121.539656,24.956152],[121.539843,24.956165],[121.539857,24.956005],[121.539901,24.956009],[121.540145,24.956003],[121.540131,24.955827],[121.540115,24.955798],[121.540095,24.955783],[121.539404,24.955423],[121.539317,24.955363],[121.539272,24.95532],[121.539042,24.955515],[121.538788,24.955814],[121.538701,24.955978],[121.538664,24.956085],[121.538773,24.956104],[121.538769,24.95624],[121.53875,24.956394],[121.53866,24.956388],[121.538643,24.956475],[121.538589,24.956472],[121.538572,24.956554],[121.538617,24.956561],[121.538576,24.956958],[121.53874,24.956964]]]}},{"type":"Feature","properties":{"id":"8af93e2d9b16","name":"新北市立北大高級中學","level":"高中職","basis":"both","data_ym":"201803"},"geometry":{"type":"Polygon","coordinates":[[[121.376683,24.947825],[121.375502,24.94733],[121.375038,24.948333],[121.374727,24.948991],[121.375959,24.949452],[121.37654,24.948167],[121.376683,24.947825]]]}},{"type":"Feature","properties":{"id":"92c303abd94b","name":"新北市立平溪國民中學","level":"國中","basis":"both","data_ym":"201912"},"geometry":{"type":"Polygon","coordinates":[[[121.734094,25.023454],[121.733829,25.023385],[121.733743,25.023378],[121.733743,25.023398],[121.733722,25.023397],[121.733716,25.023451],[121.733408,25.023401],[121.73341,25.023326],[121.73319,25.02331],[121.733031,25.02327],[121.732912,25.023273],[121.732789,25.023259],[121.732644,25.023693],[121.732608,25.023833],[121.732555,25.024122],[121.732356,25.024845],[121.733113,25.024728],[121.734316,25.024522],[121.734527,25.024445],[121.734521,25.024297],[121.734263,25.024106],[121.734233,25.024012],[121.73427,25.023936],[121.734455,25.023667],[121.734233,25.023524],[121.734094,25.023454]]]}},{"type":"Feature","properties":{"id":"4e2b42f26227","name":"新北市立正德國民中學","level":"國中","basis":"both","data_ym":"201510"},"geometry":{"type":"Polygon","coordinates":[[[121.448267,25.179499],[121.448123,25.178465],[121.446801,25.178462],[121.446288,25.178439],[121.446274,25.178451],[121.446246,25.178952],[121.446239,25.179307],[121.446262,25.179342],[121.446268,25.179345],[121.446593,25.179291],[121.446661,25.179281],[121.446722,25.179278],[121.44692,25.179311],[121.447151,25.179386],[121.447272,25.179439],[121.447416,25.179548],[121.44749,25.179623],[121.447635,25.179805],[121.448055,25.179581],[121.448128,25.179547],[121.448267,25.179499]]]}},{"type":"Feature","properties":{"id":"94ec8c37bcee","name":"新北市立正德國民中學賢孝校區","level":"大專","basis":"branch","data_ym":"201710"},"geometry":{"type":"Polygon","coordinates":[[[121.447823,25.225908],[121.447816,25.225694],[121.447788,25.225682],[121.447711,25.225421],[121.447718,25.225359],[121.447713,25.225335],[121.44767,25.225339],[121.44752,25.224938],[121.447344,25.225001],[121.447295,25.224958],[121.446427,25.2253],[121.445965,25.225462],[121.446031,25.225632],[121.445847,25.225698],[121.446067,25.226304],[121.44611,25.226317],[121.446152,25.226339],[121.446181,25.226362],[121.446202,25.226384],[121.446215,25.226414],[121.446235,25.22663],[121.446248,25.226658],[121.446524,25.226779],[121.446588,25.226789],[121.446637,25.226784],[121.446664,25.226771],[121.446704,25.226737],[121.44664,25.226618],[121.44691,25.226535],[121.446807,25.226302],[121.446904,25.22614],[121.446969,25.226103],[121.447242,25.22599],[121.447502,25.225936],[121.447823,25.225908]]]}},{"type":"Feature","properties":{"id":"c12fb25d4b32","name":"新北市立永平高級中學","level":"高中職","basis":"both","data_ym":"201710"},"geometry":{"type":"Polygon","coordinates":[[[121.508326,25.009086],[121.508059,25.00888],[121.506742,25.01021],[121.506739,25.010265],[121.508186,25.011331],[121.509494,25.010044],[121.509297,25.00989],[121.508854,25.00952],[121.508326,25.009086]]]}},{"type":"Feature","properties":{"id":"14b3b4d035e9","name":"新北市立永和國民中學","level":"國中","basis":"both","data_ym":"201710"},"geometry":{"type":"Polygon","coordinates":[[[121.523311,25.004884],[121.523239,25.004876],[121.522019,25.005633],[121.522836,25.00685],[121.52296,25.006924],[121.523257,25.006755],[121.523846,25.006433],[121.524217,25.006217],[121.523868,25.005687],[121.523311,25.004884]]]}},{"type":"Feature","properties":{"id":"46ee3422a4c5","name":"新北市立石門實驗國民中學","level":"國中","basis":"both","data_ym":"202311"},"geometry":{"type":"Polygon","coordinates":[[[121.564405,25.291728],[121.564403,25.291678],[121.565159,25.291678],[121.565242,25.291335],[121.5646,25.29119],[121.564578,25.291203],[121.564578,25.291198],[121.564495,25.2912],[121.564495,25.291207],[121.564377,25.291213],[121.564368,25.291204],[121.564319,25.291187],[121.564278,25.291113],[121.563969,25.29104],[121.563687,25.290983],[121.56362,25.290979],[121.563458,25.290984],[121.563312,25.291007],[121.562511,25.291186],[121.562404,25.291182],[121.562091,25.291136],[121.561842,25.291692],[121.562693,25.291707],[121.564405,25.291728]]]}},{"type":"Feature","properties":{"id":"c54b9563758e","name":"新北市立石碇高級中學","level":"高中職","basis":"both","data_ym":"202310"},"geometry":{"type":"Polygon","coordinates":[[[121.643921,25.013933],[121.643912,25.013752],[121.643601,25.013651],[121.643409,25.013566],[121.643447,25.013469],[121.643614,25.012911],[121.643585,25.01285],[121.643408,25.012788],[121.641789,25.012454],[121.641744,25.012463],[121.641697,25.012489],[121.641639,25.012526],[121.641609,25.012559],[121.641583,25.012613],[121.64162,25.012628],[121.64205,25.012726],[121.642031,25.012855],[121.642039,25.012928],[121.642034,25.012995],[121.642049,25.013022],[121.64212,25.013101],[121.642154,25.013161],[121.642186,25.013251],[121.64219,25.013282],[121.642167,25.013372],[121.642138,25.013542],[121.642152,25.013599],[121.642241,25.013718],[121.642361,25.013823],[121.642428,25.013854],[121.642568,25.013866],[121.642576,25.013917],[121.642814,25.013896],[121.643104,25.013878],[121.643228,25.013891],[121.643359,25.013966],[121.643379,25.013991],[121.64359,25.014531],[121.643503,25.014647],[121.643617,25.014812],[121.643886,25.014677],[121.644072,25.014598],[121.643944,25.014304],[121.643939,25.014238],[121.643898,25.014212],[121.643894,25.01416],[121.643921,25.013933]]]}},{"type":"Feature","properties":{"id":"bcde0950654a","name":"新北市立光復高級中學","level":"高中職","basis":"both","data_ym":"202510"},"geometry":{"type":"Polygon","coordinates":[[[121.483055,25.015789],[121.48216,25.015755],[121.482129,25.01581],[121.482065,25.015991],[121.482003,25.016269],[121.482001,25.016366],[121.482005,25.016416],[121.482022,25.016472],[121.482071,25.016583],[121.482274,25.016822],[121.482727,25.01726],[121.483165,25.017586],[121.48327,25.017652],[121.483308,25.017665],[121.483317,25.017663],[121.483332,25.017644],[121.484105,25.015866],[121.484102,25.015857],[121.484092,25.015847],[121.483055,25.015789]]]}},{"type":"Feature","properties":{"id":"76ab520d0ee2","name":"新北市立光榮國民中學","level":"國中","basis":"both","data_ym":"201901"},"geometry":{"type":"Polygon","coordinates":[[[121.50079,25.070602],[121.500484,25.07052],[121.499696,25.070328],[121.498845,25.070127],[121.498651,25.070757],[121.498408,25.071582],[121.499591,25.071927],[121.499557,25.072024],[121.500289,25.072249],[121.50079,25.070602]]]}},{"type":"Feature","properties":{"id":"51940bc81630","name":"新北市立安康高級中學","level":"高中職","basis":"both","data_ym":"201804"},"geometry":{"type":"Polygon","coordinates":[[[121.514591,24.970372],[121.514745,24.97032],[121.514788,24.970383],[121.514983,24.970256],[121.515102,24.970168],[121.51518,24.970119],[121.515212,24.970114],[121.515283,24.970111],[121.515351,24.970101],[121.515449,24.970067],[121.514946,24.968705],[121.514971,24.968655],[121.514942,24.968572],[121.514814,24.968602],[121.514547,24.968675],[121.513546,24.968958],[121.513739,24.969474],[121.514047,24.970242],[121.514352,24.970442],[121.514591,24.970372]]]}},{"type":"Feature","properties":{"id":"48850bee2ea8","name":"新北市立安溪國民中學","level":"國中","basis":"both","data_ym":"201803"},"geometry":{"type":"Polygon","coordinates":[[[121.373018,24.926584],[121.373049,24.92659],[121.373089,24.926611],[121.373087,24.926628],[121.373296,24.926623],[121.373529,24.926628],[121.373866,24.926668],[121.373931,24.926516],[121.374051,24.926266],[121.374101,24.926175],[121.374255,24.92599],[121.374399,24.925846],[121.374413,24.925841],[121.374379,24.925788],[121.374235,24.925667],[121.374037,24.925513],[121.373018,24.925587],[121.373016,24.925575],[121.371709,24.925681],[121.371884,24.926229],[121.372073,24.92679],[121.372376,24.926721],[121.372764,24.926657],[121.372763,24.92664],[121.372784,24.926621],[121.372825,24.926602],[121.373018,24.926584]]]}},{"type":"Feature","properties":{"id":"6c27e907e5f9","name":"新北市立尖山國民中學","level":"國中","basis":"both","data_ym":"201311"},"geometry":{"type":"Polygon","coordinates":[[[121.342757,24.943457],[121.342162,24.943347],[121.342142,24.943615],[121.34216,24.943635],[121.342151,24.943785],[121.342087,24.944518],[121.3422,24.94456],[121.342192,24.944619],[121.344248,24.94548],[121.344487,24.945556],[121.344515,24.945559],[121.344606,24.945323],[121.344206,24.944939],[121.343742,24.944224],[121.343561,24.943594],[121.343279,24.943481],[121.342757,24.943457]]]}},{"type":"Feature","properties":{"id":"7dd76962906b","name":"新北市立汐止國民中學","level":"國中","basis":"both","data_ym":"201803"},"geometry":{"type":"Polygon","coordinates":[[[121.658829,25.067044],[121.658833,25.066863],[121.658892,25.066863],[121.658884,25.066766],[121.658816,25.066715],[121.658826,25.066571],[121.658852,25.066529],[121.657748,25.066115],[121.657762,25.066064],[121.657336,25.06591],[121.657263,25.06617],[121.657234,25.066231],[121.657423,25.066237],[121.657422,25.066336],[121.657437,25.066474],[121.657733,25.066715],[121.657859,25.066767],[121.657961,25.066842],[121.658064,25.066887],[121.658124,25.066926],[121.658226,25.066935],[121.658229,25.067034],[121.658829,25.067044]]]}},{"type":"Feature","properties":{"id":"666747983751","name":"新北市立江翠國民中學","level":"國中","basis":"both","data_ym":"201710"},"geometry":{"type":"Polygon","coordinates":[[[121.468603,25.029556],[121.468557,25.029387],[121.46849,25.029087],[121.468469,25.028922],[121.468439,25.028558],[121.468446,25.028248],[121.468465,25.027988],[121.468497,25.027762],[121.468244,25.027686],[121.46811,25.027658],[121.468064,25.027641],[121.467834,25.027541],[121.466912,25.027097],[121.466478,25.02795],[121.466135,25.028636],[121.466226,25.028678],[121.466359,25.028779],[121.466737,25.029039],[121.466993,25.02922],[121.467171,25.029324],[121.467344,25.029438],[121.467509,25.02956],[121.467531,25.029533],[121.467549,25.029536],[121.467618,25.029569],[121.467656,25.029604],[121.467683,25.029638],[121.467888,25.029981],[121.468009,25.030165],[121.468029,25.030188],[121.468694,25.029833],[121.468697,25.029794],[121.468603,25.029556]]]}},{"type":"Feature","properties":{"id":"d4e04de981bb","name":"新北市立竹圍高級中學","level":"高中職","basis":"both","data_ym":"202310"},"geometry":{"type":"Polygon","coordinates":[[[121.463903,25.146555],[121.463922,25.146504],[121.463937,25.146183],[121.463942,25.14599],[121.463939,25.145668],[121.463911,25.145546],[121.46389,25.14551],[121.463825,25.145431],[121.463798,25.145351],[121.463754,25.145252],[121.463735,25.145221],[121.463719,25.145204],[121.463699,25.145193],[121.463346,25.145113],[121.463296,25.145071],[121.463252,25.145026],[121.463218,25.145],[121.463153,25.144974],[121.463083,25.144857],[121.463035,25.144829],[121.463002,25.144818],[121.462961,25.144812],[121.462566,25.144815],[121.462415,25.144801],[121.462114,25.145034],[121.462022,25.145112],[121.461946,25.145199],[121.46186,25.145312],[121.461738,25.145512],[121.461693,25.145496],[121.461596,25.145791],[121.461619,25.145797],[121.461634,25.145808],[121.46166,25.145834],[121.461678,25.145868],[121.461679,25.146023],[121.461548,25.146024],[121.461427,25.146491],[121.461453,25.146496],[121.461461,25.146512],[121.461461,25.146542],[121.461774,25.146559],[121.461911,25.14655],[121.462105,25.146522],[121.462209,25.146521],[121.462264,25.146527],[121.462399,25.146573],[121.462675,25.146609],[121.463777,25.146614],[121.463847,25.146598],[121.463903,25.146555]]]}},{"type":"Feature","properties":{"id":"2f38af5b7108","name":"新北市立自強國民中學","level":"國中","basis":"both","data_ym":"201710"},"geometry":{"type":"Polygon","coordinates":[[[121.474292,24.99837],[121.473784,24.997139],[121.473018,24.997379],[121.472283,24.997632],[121.471738,24.997812],[121.472154,24.998333],[121.47267,24.998933],[121.473217,24.998755],[121.4739,24.998501],[121.474292,24.99837]]]}},{"type":"Feature","properties":{"id":"96023651ce0b","name":"新北市立秀峰高級中學","level":"高中職","basis":"both","data_ym":"202310"},"geometry":{"type":"Polygon","coordinates":[[[121.660999,25.065749],[121.660892,25.065688],[121.660867,25.065713],[121.660762,25.065646],[121.659809,25.065245],[121.659684,25.065354],[121.659387,25.065835],[121.659349,25.065902],[121.659343,25.066312],[121.65954,25.066387],[121.660198,25.066764],[121.660741,25.067151],[121.661274,25.067539],[121.661597,25.067196],[121.662045,25.066745],[121.662017,25.066685],[121.661791,25.06646],[121.661558,25.066219],[121.661529,25.066193],[121.661121,25.065877],[121.660974,25.065782],[121.660999,25.065749]]]}},{"type":"Feature","properties":{"id":"18841ff8d905","name":"新北市立育林國民中學","level":"國中","basis":"both","data_ym":"201901"},"geometry":{"type":"Polygon","coordinates":[[[121.416724,24.985338],[121.416301,24.985116],[121.416281,24.985145],[121.416063,24.985039],[121.41553,24.984773],[121.415542,24.984752],[121.415142,24.984551],[121.41511,24.984555],[121.415085,24.984572],[121.414781,24.985066],[121.415213,24.98541],[121.415513,24.985683],[121.415736,24.985876],[121.416257,24.986357],[121.416931,24.985451],[121.416724,24.985338]]]}},{"type":"Feature","properties":{"id":"ddb82adb50da","name":"新北市立佳林國民中學","level":"國中","basis":"both","data_ym":"202510"},"geometry":{"type":"Polygon","coordinates":[[[121.38508,25.080772],[121.38474,25.080163],[121.384294,25.080352],[121.384277,25.080316],[121.384267,25.080321],[121.384256,25.080318],[121.384215,25.080328],[121.384192,25.080349],[121.38423,25.080425],[121.383967,25.08056],[121.383711,25.080602],[121.383685,25.080667],[121.383496,25.080787],[121.38337,25.08079],[121.383312,25.080854],[121.383288,25.080889],[121.383654,25.081561],[121.384138,25.082431],[121.385006,25.082038],[121.385566,25.081778],[121.38508,25.080772]]]}},{"type":"Feature","properties":{"id":"140e4d5d1981","name":"新北市立坪林實驗國民中學","level":"國中","basis":"both","data_ym":"202508"},"geometry":{"type":"Polygon","coordinates":[[[121.713302,24.938445],[121.71322,24.938191],[121.71299,24.937604],[121.712901,24.937427],[121.712843,24.937451],[121.712565,24.936845],[121.712474,24.936658],[121.71233,24.936927],[121.712266,24.937002],[121.712237,24.937058],[121.71225,24.937077],[121.71225,24.937106],[121.712236,24.937123],[121.712215,24.937133],[121.712198,24.937134],[121.712079,24.93728],[121.712078,24.937305],[121.712068,24.937316],[121.712054,24.937329],[121.71203,24.937334],[121.711919,24.93746],[121.711921,24.9375],[121.711916,24.937517],[121.711903,24.937534],[121.71189,24.937542],[121.711846,24.937547],[121.711817,24.937526],[121.711773,24.937573],[121.711721,24.937639],[121.711696,24.937685],[121.711683,24.937755],[121.711697,24.937852],[121.711717,24.937907],[121.711772,24.938021],[121.71187,24.938206],[121.711894,24.938266],[121.711905,24.938335],[121.712005,24.938343],[121.712251,24.938346],[121.712269,24.938352],[121.712302,24.938375],[121.712347,24.938424],[121.712663,24.938411],[121.7131,24.938768],[121.713254,24.938949],[121.713241,24.93898],[121.71328,24.939014],[121.713316,24.938944],[121.713341,24.938828],[121.713341,24.938651],[121.713328,24.938542],[121.713302,24.938445]]]}},{"type":"Feature","properties":{"id":"95092f0ee3f8","name":"新北市立忠孝國民中學","level":"國中","basis":"both","data_ym":"202510"},"geometry":{"type":"Polygon","coordinates":[[[121.4624,25.003492],[121.461157,25.003284],[121.461141,25.003285],[121.461124,25.003298],[121.461115,25.003314],[121.46088,25.004477],[121.461011,25.004499],[121.460952,25.004801],[121.461627,25.004897],[121.462079,25.004972],[121.462087,25.004967],[121.462089,25.004959],[121.462218,25.004279],[121.46224,25.004256],[121.462327,25.003877],[121.4624,25.003492]]]}},{"type":"Feature","properties":{"id":"a3714123d56d","name":"新北市立明志國民中學","level":"國中","basis":"both","data_ym":"202310"},"geometry":{"type":"Polygon","coordinates":[[[121.490105,25.064644],[121.489911,25.064304],[121.489615,25.06375],[121.489428,25.063444],[121.489407,25.063428],[121.489295,25.063391],[121.489259,25.063388],[121.489093,25.063425],[121.488808,25.063531],[121.488222,25.063801],[121.487863,25.063988],[121.487785,25.064035],[121.488145,25.064668],[121.488379,25.065089],[121.490105,25.064644]]]}},{"type":"Feature","properties":{"id":"02f2c0c0f8d6","name":"新北市立明德高級中學","level":"高中職","basis":"both","data_ym":"202510"},"geometry":{"type":"Polygon","coordinates":[[[121.365779,24.90571],[121.365727,24.905655],[121.36568,24.90563],[121.365533,24.905578],[121.365561,24.905477],[121.365553,24.905342],[121.365748,24.904693],[121.366093,24.904791],[121.366105,24.90477],[121.366169,24.904486],[121.366371,24.904537],[121.366458,24.904286],[121.36654,24.904309],[121.366467,24.904542],[121.366747,24.90462],[121.366842,24.904375],[121.366892,24.904384],[121.366891,24.904388],[121.367026,24.904434],[121.367132,24.90418],[121.366983,24.904043],[121.366847,24.904078],[121.366809,24.904044],[121.366662,24.903901],[121.366014,24.903117],[121.36552,24.902923],[121.36535,24.903355],[121.364797,24.903464],[121.36472,24.903726],[121.364669,24.903938],[121.364564,24.903901],[121.364465,24.904247],[121.364579,24.90428],[121.364575,24.904293],[121.364584,24.904295],[121.364432,24.904931],[121.364527,24.905107],[121.364252,24.906122],[121.364111,24.906182],[121.364018,24.906311],[121.363678,24.906238],[121.363445,24.906409],[121.363364,24.906519],[121.363439,24.90656],[121.363466,24.906588],[121.363476,24.906615],[121.363482,24.906669],[121.363457,24.90672],[121.363543,24.906908],[121.363822,24.907032],[121.363906,24.906975],[121.363968,24.906988],[121.36411,24.907031],[121.364119,24.907038],[121.364134,24.907131],[121.364635,24.907293],[121.364767,24.907415],[121.365015,24.907494],[121.365206,24.906936],[121.365216,24.906939],[121.365254,24.906828],[121.365238,24.906823],[121.365373,24.906412],[121.365433,24.906428],[121.365445,24.906387],[121.365513,24.906402],[121.365769,24.905745],[121.365779,24.90571]]]}},{"type":"Feature","properties":{"id":"156250e3f8ee","name":"新北市立板橋高級中學","level":"高中職","basis":"both","data_ym":"202510"},"geometry":{"type":"Polygon","coordinates":[[[121.458596,25.011124],[121.458154,25.011523],[121.457825,25.011855],[121.457765,25.011951],[121.457444,25.012265],[121.457428,25.012269],[121.457387,25.012305],[121.457381,25.012304],[121.457242,25.012453],[121.457218,25.01247],[121.457314,25.012516],[121.458064,25.012903],[121.458292,25.013011],[121.458595,25.013173],[121.458755,25.013243],[121.458769,25.01322],[121.458873,25.013274],[121.459145,25.013292],[121.459319,25.013299],[121.459356,25.013257],[121.45914,25.013103],[121.459295,25.012932],[121.459385,25.012791],[121.45955,25.012611],[121.459716,25.012737],[121.459846,25.012585],[121.459739,25.012444],[121.459634,25.012267],[121.459511,25.012111],[121.45952,25.012102],[121.459408,25.011962],[121.459133,25.011664],[121.45884,25.01136],[121.458596,25.011124]]]}},{"type":"Feature","properties":{"id":"1e8177e0b52d","name":"新北市立板橋國民中學","level":"國中","basis":"both","data_ym":"201710"},"geometry":{"type":"Polygon","coordinates":[[[121.452828,25.023971],[121.452865,25.024041],[121.452852,25.024256],[121.452911,25.0246],[121.451483,25.025437],[121.451653,25.02559],[121.452084,25.025962],[121.452402,25.026243],[121.452665,25.026463],[121.452731,25.026525],[121.452867,25.026411],[121.452926,25.026471],[121.453496,25.026063],[121.453295,25.025812],[121.453398,25.025744],[121.453804,25.025453],[121.453951,25.025363],[121.453992,25.025379],[121.454205,25.025368],[121.454336,25.025355],[121.454237,25.024079],[121.454225,25.024086],[121.454175,25.024017],[121.454203,25.024],[121.454157,25.023937],[121.454182,25.02374],[121.454236,25.023737],[121.454226,25.023333],[121.45421,25.023201],[121.454186,25.023184],[121.453904,25.023331],[121.453164,25.023775],[121.452828,25.023971]]]}},{"type":"Feature","properties":{"id":"401d4725957d","name":"新北市立林口高級中學","level":"高中職","basis":"both","data_ym":"201311"},"geometry":{"type":"Polygon","coordinates":[[[121.381529,25.073916],[121.381628,25.073472],[121.381762,25.072839],[121.381778,25.072539],[121.381704,25.071845],[121.381672,25.071498],[121.381617,25.071495],[121.380682,25.071746],[121.380672,25.071806],[121.380192,25.071819],[121.379439,25.0718],[121.37944,25.073609],[121.379615,25.073594],[121.379748,25.073591],[121.379891,25.073592],[121.380035,25.073599],[121.380151,25.073611],[121.380781,25.073765],[121.381479,25.073947],[121.381506,25.07394],[121.381529,25.073916]]]}},{"type":"Feature","properties":{"id":"4e3cec72ff71","name":"新北市立林口國民中學","level":"國中","basis":"both","data_ym":"201706"},"geometry":{"type":"Polygon","coordinates":[[[121.377565,25.077895],[121.378118,25.077499],[121.378149,25.077462],[121.378174,25.077409],[121.378184,25.077363],[121.378325,25.076184],[121.378322,25.076176],[121.377287,25.075891],[121.377188,25.075881],[121.377126,25.07671],[121.377112,25.076727],[121.376125,25.076447],[121.376009,25.077138],[121.375976,25.077446],[121.376642,25.077724],[121.376754,25.077738],[121.377565,25.077895]]]}},{"type":"Feature","properties":{"id":"d54ea045f54c","name":"新北市立金山高級中學","level":"高中職","basis":"both","data_ym":"202310"},"geometry":{"type":"Polygon","coordinates":[[[121.637739,25.223786],[121.637479,25.223967],[121.637322,25.224069],[121.637295,25.224063],[121.637301,25.22403],[121.637222,25.224007],[121.637221,25.22401],[121.637204,25.224005],[121.637099,25.22417],[121.637076,25.224226],[121.637045,25.224342],[121.637025,25.224383],[121.636859,25.224574],[121.636795,25.224636],[121.636877,25.224686],[121.636885,25.2247],[121.636909,25.224708],[121.636897,25.224725],[121.636908,25.224741],[121.636857,25.224923],[121.636628,25.224822],[121.636271,25.225338],[121.636072,25.225659],[121.636028,25.22575],[121.636883,25.226065],[121.637036,25.22609],[121.637408,25.226126],[121.637675,25.226126],[121.63786,25.226135],[121.637961,25.226111],[121.637923,25.226054],[121.6379,25.225945],[121.637868,25.225704],[121.637821,25.225216],[121.637826,25.225146],[121.637845,25.225061],[121.637854,25.224989],[121.637836,25.224829],[121.637837,25.224799],[121.63786,25.224714],[121.637908,25.224603],[121.637934,25.224529],[121.637947,25.224428],[121.637944,25.224382],[121.637928,25.224295],[121.637897,25.224189],[121.637739,25.223786]]]}},{"type":"Feature","properties":{"id":"5d5c0ab006e5","name":"新北市立青山國民中小學","level":"國中","basis":"moe","data_ym":"202508"},"geometry":{"type":"Polygon","coordinates":[[[121.65704,25.060432],[121.657114,25.060043],[121.656935,25.06001],[121.656766,25.059994],[121.656624,25.059991],[121.656517,25.059999],[121.656421,25.060012],[121.656299,25.060051],[121.656261,25.060078],[121.656211,25.060126],[121.656158,25.060185],[121.656117,25.060201],[121.656065,25.060211],[121.655829,25.060165],[121.655748,25.060175],[121.655653,25.060232],[121.655544,25.06029],[121.655349,25.060351],[121.655241,25.060923],[121.656419,25.06119],[121.65641,25.061221],[121.656796,25.061307],[121.65684,25.061227],[121.656977,25.060657],[121.657022,25.060482],[121.65704,25.060432]]]}},{"type":"Feature","properties":{"id":"54dc8b4c1c83","name":"新北市立柑園國民中學","level":"國中","basis":"both","data_ym":"201803"},"geometry":{"type":"Polygon","coordinates":[[[121.383932,24.954724],[121.384209,24.954713],[121.384629,24.954718],[121.384658,24.954523],[121.38471,24.95453],[121.384752,24.954339],[121.384788,24.954347],[121.384793,24.954322],[121.385159,24.9544],[121.385217,24.954175],[121.385071,24.954145],[121.385166,24.953906],[121.384963,24.953913],[121.384986,24.953746],[121.38505,24.953534],[121.385062,24.953403],[121.384901,24.95335],[121.384842,24.953427],[121.384594,24.953271],[121.384678,24.953103],[121.384301,24.952793],[121.38421,24.952805],[121.384013,24.95331],[121.383999,24.953306],[121.383601,24.954379],[121.383565,24.954508],[121.383487,24.954703],[121.383436,24.954792],[121.383801,24.954737],[121.383932,24.954724]]]}},{"type":"Feature","properties":{"id":"2d325c7d23f0","name":"新北市立重慶國民中學","level":"國中","basis":"both","data_ym":"201710"},"geometry":{"type":"Polygon","coordinates":[[[121.463445,24.997381],[121.461918,24.997072],[121.461798,24.997652],[121.46165,24.998333],[121.461601,24.998612],[121.461602,24.998645],[121.462796,24.998848],[121.463127,24.998897],[121.463241,24.99833],[121.463224,24.998313],[121.46326,24.998116],[121.463301,24.998094],[121.463445,24.997381]]]}},{"type":"Feature","properties":{"id":"0b5eb95a3329","name":"新北市立桃子腳國民中小學","level":"國中","basis":"moe","data_ym":"201803"},"geometry":{"type":"Polygon","coordinates":[[[121.382983,24.948777],[121.382994,24.948694],[121.382699,24.948662],[121.382688,24.94874],[121.381781,24.948626],[121.381299,24.950792],[121.382113,24.950916],[121.383059,24.951031],[121.383406,24.951079],[121.383418,24.951078],[121.383435,24.951068],[121.38345,24.95105],[121.383696,24.948846],[121.382983,24.948777]]]}},{"type":"Feature","properties":{"id":"286ce19ee360","name":"新北市立泰山高級中學","level":"高中職","basis":"both","data_ym":"202111"},"geometry":{"type":"Polygon","coordinates":[[[121.428809,25.056415],[121.428849,25.056666],[121.428875,25.056782],[121.42884,25.05686],[121.428809,25.056915],[121.428735,25.057019],[121.428594,25.057168],[121.42859,25.057602],[121.428608,25.057644],[121.428642,25.057681],[121.429043,25.058104],[121.429075,25.058101],[121.429351,25.058049],[121.429662,25.057956],[121.42973,25.057921],[121.429781,25.057888],[121.429878,25.057804],[121.429933,25.05775],[121.429972,25.05772],[121.43003,25.057693],[121.430084,25.057673],[121.430194,25.057655],[121.430321,25.057667],[121.430339,25.057249],[121.43033,25.05668],[121.430407,25.056656],[121.430695,25.056635],[121.430685,25.056301],[121.430473,25.056296],[121.430431,25.056274],[121.430344,25.056079],[121.430296,25.055948],[121.430189,25.05598],[121.430123,25.055771],[121.42945,25.055969],[121.429408,25.055806],[121.428692,25.055984],[121.428809,25.056415]]]}},{"type":"Feature","properties":{"id":"aa89a665cc7d","name":"新北市立泰山國民中學","level":"國中","basis":"both","data_ym":"202309"},"geometry":{"type":"Polygon","coordinates":[[[121.424552,25.064768],[121.424851,25.065412],[121.42489,25.065482],[121.424966,25.065581],[121.425015,25.065628],[121.425065,25.065669],[121.425189,25.065751],[121.425314,25.065819],[121.425598,25.065948],[121.425781,25.066004],[121.426338,25.066127],[121.426456,25.065708],[121.426696,25.065232],[121.426747,25.065142],[121.426759,25.065089],[121.426383,25.065017],[121.426384,25.065005],[121.425865,25.064901],[121.42583,25.064981],[121.425625,25.064955],[121.425639,25.064894],[121.425508,25.064869],[121.42546,25.064865],[121.425332,25.064891],[121.425098,25.064898],[121.424683,25.064817],[121.424644,25.064696],[121.424651,25.064637],[121.42477,25.063986],[121.42453,25.063949],[121.424486,25.06422],[121.424464,25.064468],[121.424552,25.064768]]]}},{"type":"Feature","properties":{"id":"37ac4242b10d","name":"新北市立海山高級中學","level":"高中職","basis":"both","data_ym":"201710"},"geometry":{"type":"Polygon","coordinates":[[[121.470848,25.012008],[121.47105,25.011654],[121.471533,25.011902],[121.471689,25.011647],[121.471978,25.011124],[121.472014,25.011142],[121.47264,25.010065],[121.472599,25.010047],[121.4728,25.009672],[121.47233,25.009468],[121.471923,25.009303],[121.471397,25.009103],[121.47122,25.009461],[121.471187,25.009447],[121.470847,25.010157],[121.470745,25.010351],[121.47068,25.010462],[121.470545,25.010657],[121.470151,25.011249],[121.47043,25.011386],[121.470208,25.011676],[121.470848,25.012008]]]}},{"type":"Feature","properties":{"id":"e418c8f3a70c","name":"新北市立烏來國民中小學","level":"國中","basis":"moe","data_ym":"202508"},"geometry":{"type":"Polygon","coordinates":[[[121.553549,24.863777],[121.553756,24.863764],[121.553895,24.863767],[121.553927,24.863757],[121.553978,24.863715],[121.554154,24.863527],[121.554327,24.863397],[121.554398,24.863333],[121.554455,24.863264],[121.554481,24.863222],[121.55451,24.863152],[121.554521,24.86302],[121.554338,24.86276],[121.554149,24.862724],[121.554078,24.862785],[121.553978,24.86292],[121.553661,24.863214],[121.553535,24.863305],[121.553392,24.863423],[121.553311,24.863524],[121.553462,24.863671],[121.553549,24.863777]]]}},{"type":"Feature","properties":{"id":"b81df9897707","name":"新北市立貢寮實驗國民中學","level":"國中","basis":"both","data_ym":"202306"},"geometry":{"type":"Polygon","coordinates":[[[121.908616,25.016386],[121.908814,25.01638],[121.908907,25.0164],[121.908996,25.016436],[121.909028,25.01636],[121.909002,25.016236],[121.908956,25.016099],[121.90887,25.016001],[121.908476,25.015826],[121.907901,25.015596],[121.907676,25.015653],[121.907253,25.015961],[121.907102,25.016015],[121.906955,25.015991],[121.9069,25.016005],[121.906506,25.01593],[121.906445,25.016182],[121.906552,25.01625],[121.90661,25.016281],[121.906763,25.01631],[121.906848,25.016341],[121.907153,25.016503],[121.907214,25.01652],[121.90756,25.016568],[121.907956,25.016594],[121.908117,25.016647],[121.908157,25.016645],[121.908197,25.016617],[121.908264,25.016545],[121.908322,25.016502],[121.908485,25.016407],[121.908517,25.016398],[121.908616,25.016386]]]}},{"type":"Feature","properties":{"id":"02b3b8d5c7f0","name":"新北市立崇林國民中學","level":"國中","basis":"both","data_ym":"201706"},"geometry":{"type":"Polygon","coordinates":[[[121.37155,25.06654],[121.370454,25.066427],[121.369821,25.066896],[121.369202,25.067316],[121.369369,25.067582],[121.369709,25.068028],[121.369856,25.068197],[121.370051,25.068393],[121.370072,25.068379],[121.370163,25.068342],[121.370371,25.068349],[121.370413,25.068353],[121.370455,25.068362],[121.371384,25.067577],[121.371414,25.067527],[121.371427,25.067463],[121.37155,25.06654]]]}},{"type":"Feature","properties":{"id":"c37fcfe076fa","name":"新北市立淡水高級商工職業學校","level":"高中職","basis":"name","data_ym":"201311"},"geometry":{"type":"Polygon","coordinates":[[[121.453613,25.188838],[121.454305,25.188343],[121.454675,25.188715],[121.455485,25.188321],[121.455573,25.188305],[121.455901,25.188199],[121.456171,25.188137],[121.456492,25.187957],[121.456834,25.187759],[121.456947,25.187713],[121.457082,25.187684],[121.457945,25.187527],[121.458407,25.187403],[121.458249,25.18726],[121.458175,25.187188],[121.458063,25.187059],[121.457992,25.186923],[121.457928,25.186788],[121.457901,25.18672],[121.457856,25.186582],[121.457792,25.186517],[121.457749,25.186495],[121.457712,25.186496],[121.457586,25.186525],[121.457447,25.186546],[121.45722,25.186549],[121.455132,25.186468],[121.454707,25.186453],[121.454633,25.186455],[121.454487,25.186475],[121.454405,25.186493],[121.454269,25.186536],[121.453635,25.186845],[121.453653,25.186867],[121.452676,25.187354],[121.452306,25.187523],[121.451354,25.187936],[121.45173,25.188481],[121.452205,25.188232],[121.452791,25.189284],[121.453613,25.188838]]]}},{"type":"Feature","properties":{"id":"46a8f59276c6","name":"新北市立淡水國民中學","level":"國中","basis":"both","data_ym":"201712"},"geometry":{"type":"Polygon","coordinates":[[[121.437368,25.175822],[121.437015,25.174942],[121.436764,25.174381],[121.436735,25.174351],[121.436721,25.174346],[121.436691,25.174351],[121.436231,25.17472],[121.436218,25.174736],[121.436229,25.174774],[121.436317,25.175002],[121.436351,25.174995],[121.436729,25.176008],[121.437016,25.175912],[121.43711,25.175873],[121.437144,25.175865],[121.437149,25.175879],[121.437368,25.175822]]]}},{"type":"Feature","properties":{"id":"b4b973c4a822","name":"新北市立深坑國民中學","level":"國中","basis":"both","data_ym":"202310"},"geometry":{"type":"Polygon","coordinates":[[[121.617789,25.000107],[121.617728,25.000958],[121.617712,25.001473],[121.617668,25.001912],[121.617976,25.001922],[121.618035,25.001908],[121.618409,25.001783],[121.618965,25.001621],[121.618988,25.001605],[121.618991,25.001598],[121.619003,25.001358],[121.619057,25.00014],[121.61907,24.999952],[121.617789,25.000107]]]}},{"type":"Feature","properties":{"id":"ada24eb73442","name":"新北市立清水高級中學","level":"高中職","basis":"both","data_ym":"201710"},"geometry":{"type":"Polygon","coordinates":[[[121.464502,24.98049],[121.46298,24.982073],[121.462967,24.982134],[121.462968,24.982159],[121.462977,24.982185],[121.462996,24.982209],[121.46412,24.983038],[121.464737,24.98308],[121.465452,24.983093],[121.465472,24.982894],[121.465483,24.98246],[121.465479,24.982369],[121.465431,24.982369],[121.465431,24.982289],[121.465468,24.98221],[121.465441,24.98191],[121.465406,24.981696],[121.465344,24.98136],[121.465232,24.98083],[121.465192,24.980679],[121.465143,24.980523],[121.465016,24.980255],[121.46489,24.980301],[121.464502,24.98049]]]}},{"type":"Feature","properties":{"id":"a1658cfc96cf","name":"新北市立欽賢國民中學","level":"國中","basis":"both","data_ym":"202305"},"geometry":{"type":"Polygon","coordinates":[[[121.845635,25.105609],[121.84569,25.105583],[121.845902,25.105585],[121.846049,25.10546],[121.8461,25.105281],[121.846122,25.105097],[121.846088,25.105031],[121.846144,25.104948],[121.84617,25.104833],[121.846109,25.104822],[121.846113,25.10481],[121.846078,25.104731],[121.846078,25.10472],[121.8461,25.104702],[121.84612,25.104667],[121.846257,25.104187],[121.844992,25.103947],[121.844928,25.103938],[121.844667,25.105362],[121.845036,25.105441],[121.845245,25.105528],[121.845248,25.105504],[121.845332,25.105524],[121.845326,25.105547],[121.845635,25.105609]]]}},{"type":"Feature","properties":{"id":"5a1e5b111f89","name":"新北市立欽賢國民中學鼻頭分校","level":"大專","basis":"branch","data_ym":"202508"},"geometry":{"type":"Polygon","coordinates":[[[121.887099,25.120193],[121.887005,25.120128],[121.886589,25.120243],[121.886627,25.120849],[121.886629,25.120853],[121.886645,25.120859],[121.886651,25.121025],[121.88689,25.121312],[121.887126,25.12111],[121.88698,25.120916],[121.887053,25.120822],[121.887249,25.120491],[121.887259,25.120332],[121.887282,25.120213],[121.887099,25.120193]]]}},{"type":"Feature","properties":{"id":"9bd76c85657e","name":"新北市立新北特殊教育學校","level":"特殊","basis":"both","data_ym":"202309"},"geometry":{"type":"Polygon","coordinates":[[[121.367685,25.079999],[121.367667,25.079876],[121.367622,25.079805],[121.36749,25.079687],[121.366598,25.078734],[121.365984,25.078092],[121.365036,25.077173],[121.364797,25.07695],[121.364761,25.076911],[121.364575,25.077051],[121.364667,25.077269],[121.36481,25.077427],[121.364831,25.078127],[121.364383,25.078681],[121.364379,25.078732],[121.364608,25.078994],[121.364661,25.079067],[121.364799,25.079333],[121.364925,25.079253],[121.365062,25.079296],[121.365052,25.079669],[121.365074,25.079728],[121.365087,25.079737],[121.365293,25.079576],[121.365544,25.079431],[121.365629,25.079401],[121.366172,25.079428],[121.366232,25.079417],[121.366251,25.079419],[121.36631,25.07943],[121.366342,25.079442],[121.366456,25.07958],[121.366496,25.07962],[121.366516,25.079627],[121.366579,25.079631],[121.366761,25.079661],[121.366789,25.079673],[121.366842,25.07975],[121.366855,25.079806],[121.366987,25.079942],[121.367141,25.080009],[121.367195,25.079963],[121.367273,25.07993],[121.367307,25.079926],[121.367389,25.079948],[121.367489,25.080028],[121.367478,25.080041],[121.367515,25.080059],[121.367542,25.080053],[121.367685,25.079999]]]}},{"type":"Feature","properties":{"id":"a19b7a767c19","name":"新北市立新北高級工業職業學校","level":"高中職","basis":"name","data_ym":"201710"},"geometry":{"type":"Polygon","coordinates":[[[121.452681,24.982202],[121.451567,24.981152],[121.451514,24.981162],[121.450895,24.981679],[121.450559,24.981929],[121.45031,24.982111],[121.449779,24.982445],[121.449822,24.982506],[121.449981,24.982766],[121.450291,24.983179],[121.451014,24.983858],[121.451312,24.983592],[121.451578,24.983362],[121.451975,24.983006],[121.452749,24.982332],[121.452681,24.982202]]]}},{"type":"Feature","properties":{"id":"adc8b403c22f","name":"新北市立新北高級工業職業學校1","level":"高中職","basis":"name","data_ym":"201710"},"geometry":{"type":"Polygon","coordinates":[[[121.449363,24.983445],[121.448991,24.983729],[121.44878,24.984074],[121.448756,24.984212],[121.448783,24.984379],[121.4489,24.984366],[121.44894,24.984629],[121.448863,24.984706],[121.448907,24.984745],[121.449141,24.984987],[121.449562,24.985407],[121.450244,24.984835],[121.450989,24.984199],[121.450223,24.983466],[121.450057,24.983289],[121.449889,24.983084],[121.449363,24.983445]]]}},{"type":"Feature","properties":{"id":"a46c0f196db1","name":"新北市立新北高級中學","level":"高中職","basis":"both","data_ym":"202510"},"geometry":{"type":"Polygon","coordinates":[[[121.492815,25.086212],[121.491105,25.08491],[121.490875,25.085126],[121.490337,25.085593],[121.489658,25.08621],[121.489422,25.086419],[121.489071,25.086742],[121.488933,25.086608],[121.488815,25.086485],[121.488765,25.086532],[121.488761,25.08655],[121.488779,25.086579],[121.489937,25.087596],[121.490775,25.088339],[121.490837,25.088388],[121.491542,25.087607],[121.492045,25.087082],[121.492815,25.086212]]]}},{"type":"Feature","properties":{"id":"7ea21919ab02","name":"新北市立新和國民小學1","level":"國小","basis":"both","data_ym":"202101"},"geometry":{"type":"Polygon","coordinates":[[[121.519073,24.984215],[121.518685,24.984147],[121.518512,24.98443],[121.518622,24.984444],[121.518719,24.984472],[121.518854,24.984524],[121.519059,24.984641],[121.519073,24.984215]]]}},{"type":"Feature","properties":{"id":"1a49c221ce46","name":"新北市立新店高級中學","level":"高中職","basis":"both","data_ym":"201710"},"geometry":{"type":"Polygon","coordinates":[[[121.533846,24.973778],[121.533832,24.973768],[121.533707,24.973787],[121.533514,24.973838],[121.533059,24.974099],[121.532407,24.974455],[121.531362,24.975017],[121.531889,24.975738],[121.531876,24.975745],[121.532199,24.976166],[121.533059,24.97562],[121.533457,24.975345],[121.534181,24.97487],[121.534436,24.974715],[121.534466,24.974693],[121.534477,24.974675],[121.53448,24.974663],[121.534471,24.974636],[121.533883,24.973851],[121.533846,24.973778]]]}},{"type":"Feature","properties":{"id":"1458f0f105fe","name":"新北市立新埔國民中學","level":"國中","basis":"both","data_ym":"201710"},"geometry":{"type":"Polygon","coordinates":[[[121.458977,25.026081],[121.460081,25.024344],[121.46006,25.024299],[121.459358,25.023927],[121.458966,25.023709],[121.458732,25.023589],[121.458688,25.023585],[121.458649,25.023606],[121.458059,25.02453],[121.457868,25.024849],[121.45758,25.025308],[121.457583,25.025351],[121.457608,25.025382],[121.458949,25.026083],[121.458977,25.026081]]]}},{"type":"Feature","properties":{"id":"bd112c96b72d","name":"新北市立新泰國民中學","level":"國中","basis":"both","data_ym":"202510"},"geometry":{"type":"Polygon","coordinates":[[[121.442497,25.041393],[121.442479,25.041996],[121.44249,25.04273],[121.442487,25.042967],[121.443491,25.042965],[121.444046,25.043237],[121.444347,25.042695],[121.44437,25.04271],[121.444449,25.042569],[121.444405,25.042547],[121.444505,25.042388],[121.443662,25.041765],[121.44362,25.041762],[121.443567,25.04173],[121.443392,25.041601],[121.443383,25.041516],[121.443065,25.041265],[121.443029,25.041251],[121.442998,25.041249],[121.442497,25.041393]]]}},{"type":"Feature","properties":{"id":"d06f204b34ec","name":"新北市立新莊高級中學","level":"高中職","basis":"both","data_ym":"201710"},"geometry":{"type":"Polygon","coordinates":[[[121.444702,25.047432],[121.444476,25.047436],[121.442545,25.047523],[121.442562,25.048179],[121.442564,25.048539],[121.442574,25.048606],[121.442582,25.048885],[121.444241,25.048926],[121.4447,25.048933],[121.444695,25.048361],[121.444764,25.048362],[121.444763,25.048098],[121.444745,25.048112],[121.444721,25.04812],[121.444704,25.048121],[121.444703,25.048022],[121.444706,25.048022],[121.444702,25.047432]]]}},{"type":"Feature","properties":{"id":"e43a4daee4ed","name":"新北市立新莊國民中學","level":"國中","basis":"both","data_ym":"201803"},"geometry":{"type":"Polygon","coordinates":[[[121.452781,25.036099],[121.452878,25.035441],[121.452873,25.035437],[121.452876,25.035369],[121.452866,25.035358],[121.452524,25.035307],[121.452451,25.03528],[121.45242,25.03524],[121.452401,25.035207],[121.452385,25.035162],[121.452381,25.035119],[121.452391,25.034951],[121.452386,25.034922],[121.452373,25.034909],[121.451911,25.034798],[121.451841,25.034757],[121.451781,25.034713],[121.451449,25.03431],[121.451382,25.034255],[121.451261,25.034206],[121.451026,25.034145],[121.450822,25.034131],[121.450817,25.034273],[121.450502,25.034273],[121.450498,25.034317],[121.450196,25.03431],[121.450129,25.035197],[121.450792,25.035208],[121.450794,25.035091],[121.450796,25.035081],[121.450814,25.03508],[121.450815,25.034941],[121.451419,25.03496],[121.451399,25.035567],[121.451385,25.035764],[121.451793,25.035853],[121.45179,25.035865],[121.451841,25.035875],[121.451843,25.035865],[121.452258,25.03596],[121.452286,25.03597],[121.452333,25.036005],[121.452376,25.03602],[121.452781,25.036099]]]}},{"type":"Feature","properties":{"id":"3d6a4dd9a4d2","name":"新北市立溪崑國民中學","level":"國中","basis":"both","data_ym":"201803"},"geometry":{"type":"Polygon","coordinates":[[[121.431802,24.99905],[121.432743,24.99837],[121.432789,24.998331],[121.432951,24.998215],[121.432958,24.998146],[121.43228,24.997073],[121.432176,24.996963],[121.431964,24.996564],[121.431834,24.996406],[121.431445,24.996751],[121.431409,24.996741],[121.431394,24.996756],[121.431358,24.996775],[121.431361,24.996796],[121.431383,24.996835],[121.431391,24.99684],[121.431279,24.996913],[121.431208,24.99691],[121.430862,24.997154],[121.430901,24.997736],[121.431025,24.998127],[121.4311,24.998297],[121.43118,24.998426],[121.431186,24.998428],[121.431159,24.998443],[121.431128,24.998444],[121.431174,24.998514],[121.43118,24.998504],[121.43122,24.998479],[121.431475,24.998793],[121.43159,24.998903],[121.43169,24.999009],[121.431737,24.99905],[121.431786,24.999056],[121.431802,24.99905]]]}},{"type":"Feature","properties":{"id":"1b49deb14512","name":"新北市立瑞芳高級工業職業學校","level":"高中職","basis":"name","data_ym":"202508"},"geometry":{"type":"Polygon","coordinates":[[[121.803129,25.111614],[121.803584,25.111445],[121.803617,25.111451],[121.803724,25.11141],[121.803711,25.111381],[121.80377,25.11136],[121.803775,25.111369],[121.804111,25.111246],[121.804187,25.111211],[121.804234,25.111183],[121.804429,25.111049],[121.804549,25.110971],[121.804747,25.11081],[121.804787,25.110753],[121.804776,25.110732],[121.804818,25.110675],[121.804663,25.110372],[121.804532,25.110091],[121.804558,25.110076],[121.804558,25.110064],[121.804541,25.11003],[121.80449,25.10997],[121.804483,25.109967],[121.804489,25.109923],[121.80423,25.109865],[121.804116,25.109851],[121.804025,25.109852],[121.803947,25.109862],[121.803857,25.109888],[121.803717,25.109942],[121.803556,25.110016],[121.803102,25.110256],[121.802832,25.110374],[121.802662,25.110441],[121.80246,25.110474],[121.802349,25.11056],[121.802315,25.110579],[121.802359,25.110672],[121.802169,25.11077],[121.802164,25.110788],[121.802165,25.110928],[121.802378,25.111328],[121.802409,25.111336],[121.802815,25.111229],[121.802827,25.111231],[121.80292,25.111362],[121.802889,25.111395],[121.803035,25.111662],[121.803134,25.111627],[121.803129,25.111614]]]}},{"type":"Feature","properties":{"id":"d0b01a5f8290","name":"新北市立瑞芳國民中學","level":"國中","basis":"both","data_ym":"202110"},"geometry":{"type":"Polygon","coordinates":[[[121.815344,25.108058],[121.815585,25.108051],[121.815749,25.108039],[121.815838,25.108025],[121.816297,25.107933],[121.816386,25.107909],[121.816287,25.107681],[121.81605,25.107025],[121.815993,25.10694],[121.815722,25.106602],[121.815703,25.106573],[121.815619,25.106571],[121.815501,25.106605],[121.815226,25.106675],[121.814421,25.106925],[121.814319,25.107229],[121.814212,25.107439],[121.814282,25.107471],[121.814239,25.107679],[121.814246,25.107683],[121.814573,25.107763],[121.814538,25.107884],[121.814548,25.107891],[121.814728,25.107951],[121.814948,25.108017],[121.815088,25.108039],[121.815344,25.108058]]]}},{"type":"Feature","properties":{"id":"6ac0702ac2bb","name":"新北市立義學國民中學","level":"國中","basis":"both","data_ym":"201710"},"geometry":{"type":"Polygon","coordinates":[[[121.431353,25.050326],[121.431365,25.050007],[121.429582,25.050843],[121.430364,25.052248],[121.430497,25.05218],[121.430484,25.052154],[121.431253,25.051755],[121.431762,25.051471],[121.431635,25.051267],[121.431524,25.051052],[121.431448,25.050848],[121.431405,25.050717],[121.431367,25.050538],[121.431358,25.050443],[121.431353,25.050326]]]}},{"type":"Feature","properties":{"id":"2dfc6f8d6a5a","name":"新北市立萬里國民中學","level":"國中","basis":"both","data_ym":"201508"},"geometry":{"type":"Polygon","coordinates":[[[121.695466,25.17843],[121.695617,25.178417],[121.695643,25.178434],[121.69615,25.178221],[121.69608,25.178059],[121.695797,25.177766],[121.695738,25.177683],[121.695717,25.177637],[121.695705,25.177583],[121.695711,25.177509],[121.695741,25.177403],[121.695575,25.177142],[121.695534,25.1771],[121.695222,25.176697],[121.695147,25.17663],[121.694824,25.176765],[121.694706,25.176617],[121.694401,25.176738],[121.694207,25.176754],[121.694086,25.176812],[121.693968,25.176778],[121.693885,25.176816],[121.693921,25.176846],[121.693981,25.176907],[121.693944,25.176958],[121.693962,25.177072],[121.694337,25.177674],[121.694382,25.17782],[121.694393,25.177842],[121.694527,25.177788],[121.694579,25.177884],[121.694632,25.177856],[121.694676,25.177933],[121.694697,25.177983],[121.694715,25.178105],[121.694714,25.178168],[121.694726,25.178194],[121.694826,25.178339],[121.694901,25.178543],[121.695207,25.178609],[121.695324,25.178611],[121.695407,25.178527],[121.695466,25.17843]]]}},{"type":"Feature","properties":{"id":"fa975bf7f78a","name":"新北市立達觀國民中小學","level":"國中","basis":"moe","data_ym":"202508"},"geometry":{"type":"Polygon","coordinates":[[[121.501355,24.953328],[121.501446,24.953085],[121.501659,24.953007],[121.501726,24.952906],[121.501629,24.952825],[121.501614,24.952801],[121.501598,24.952669],[121.501585,24.952638],[121.501492,24.95254],[121.50143,24.95262],[121.501347,24.952693],[121.501069,24.952832],[121.501036,24.952833],[121.500873,24.952788],[121.50084,24.952791],[121.500736,24.953042],[121.500701,24.953098],[121.50063,24.953281],[121.500538,24.953262],[121.50038,24.953217],[121.500364,24.953202],[121.500335,24.953099],[121.500327,24.953089],[121.499924,24.953113],[121.499911,24.953649],[121.501178,24.954027],[121.501277,24.953812],[121.501392,24.953544],[121.501432,24.953419],[121.501355,24.953328]]]}},{"type":"Feature","properties":{"id":"e13e72b7ce7e","name":"新北市立漳和國民中學","level":"國中","basis":"both","data_ym":"201311"},"geometry":{"type":"Polygon","coordinates":[[[121.505853,25.001364],[121.505099,25.001439],[121.504961,25.001462],[121.50494,25.001505],[121.50484,25.001807],[121.504726,25.002023],[121.504567,25.002268],[121.505838,25.002925],[121.50611,25.003101],[121.506226,25.003183],[121.506237,25.003185],[121.506252,25.003179],[121.506545,25.002857],[121.506752,25.002593],[121.506786,25.00251],[121.506787,25.002456],[121.506771,25.002417],[121.506747,25.002385],[121.506315,25.00194],[121.506045,25.001645],[121.505926,25.001489],[121.505853,25.001364]]]}},{"type":"Feature","properties":{"id":"a08340576fd4","name":"新北市立漳和國民中學1","level":"國中","basis":"both","data_ym":"201311"},"geometry":{"type":"Polygon","coordinates":[[[121.50519,25.000557],[121.504827,25.000568],[121.504769,25.000563],[121.504654,25.000541],[121.504128,25.000415],[121.503812,25.000421],[121.503305,25.000456],[121.5033,25.000678],[121.503281,25.000839],[121.503273,25.00086],[121.502968,25.001419],[121.502967,25.001432],[121.503228,25.001568],[121.503334,25.00126],[121.503318,25.001086],[121.50332,25.001052],[121.503353,25.00104],[121.503749,25.001002],[121.503974,25.000973],[121.504526,25.000925],[121.504611,25.000902],[121.504752,25.000882],[121.505279,25.000846],[121.50519,25.000557]]]}},{"type":"Feature","properties":{"id":"4656b2b6a354","name":"新北市立碧華國民中學","level":"國中","basis":"both","data_ym":"202104"},"geometry":{"type":"Polygon","coordinates":[[[121.488656,25.086811],[121.488572,25.086798],[121.487329,25.087925],[121.487334,25.087951],[121.487926,25.088476],[121.488423,25.088589],[121.48848,25.088565],[121.489504,25.087585],[121.489507,25.087548],[121.488656,25.086811]]]}},{"type":"Feature","properties":{"id":"a84f2c6b00b9","name":"新北市立福和國民中學","level":"國中","basis":"both","data_ym":"201912"},"geometry":{"type":"Polygon","coordinates":[[[121.52196,25.005433],[121.522368,25.005165],[121.522396,25.005182],[121.522403,25.00517],[121.52241,25.005174],[121.522436,25.005137],[121.522426,25.005131],[121.522478,25.005104],[121.522493,25.005124],[121.522516,25.005109],[121.522501,25.005088],[121.522944,25.00483],[121.522946,25.004746],[121.522451,25.004447],[121.522456,25.00444],[121.522442,25.004431],[121.522437,25.004438],[121.522382,25.004403],[121.522385,25.004399],[121.522338,25.004371],[121.522335,25.004376],[121.522177,25.004281],[121.52218,25.004277],[121.52202,25.00418],[121.522006,25.004173],[121.522002,25.004178],[121.521787,25.004048],[121.521567,25.003927],[121.521385,25.003815],[121.521161,25.003963],[121.521013,25.003816],[121.520886,25.003909],[121.519958,25.00465],[121.520038,25.004724],[121.5202,25.00489],[121.520671,25.005424],[121.520923,25.005784],[121.520998,25.005963],[121.521056,25.00599],[121.521245,25.005915],[121.521377,25.005843],[121.521988,25.005469],[121.52196,25.005433]]]}},{"type":"Feature","properties":{"id":"2f7baa949b05","name":"新北市立福營國民中學","level":"國中","basis":"both","data_ym":"201804"},"geometry":{"type":"Polygon","coordinates":[[[121.423214,25.025006],[121.423164,25.025004],[121.422718,25.025153],[121.421696,25.025478],[121.421835,25.025702],[121.421762,25.025735],[121.421929,25.025923],[121.422138,25.026118],[121.422251,25.026218],[121.422757,25.026498],[121.423062,25.026685],[121.423254,25.026793],[121.423411,25.02687],[121.423906,25.026044],[121.423912,25.026022],[121.423742,25.025907],[121.423625,25.025789],[121.42355,25.025689],[121.423391,25.025261],[121.423325,25.025051],[121.423313,25.025032],[121.423214,25.025006]]]}},{"type":"Feature","properties":{"id":"1735afeff872","name":"新北市立鳳鳴國民中學","level":"國中","basis":"both","data_ym":"202510"},"geometry":{"type":"Polygon","coordinates":[[[121.332158,24.967329],[121.331773,24.967044],[121.33177,24.967047],[121.331695,24.966994],[121.331658,24.96704],[121.331663,24.967044],[121.331605,24.967112],[121.331602,24.96711],[121.331225,24.96757],[121.330809,24.968087],[121.331964,24.968833],[121.332002,24.968828],[121.332519,24.968238],[121.332397,24.967943],[121.332158,24.967329]]]}},{"type":"Feature","properties":{"id":"14fbdaaa1880","name":"新北市立樟樹國際實創高級中學","level":"高中職","basis":"name","data_ym":"202310"},"geometry":{"type":"Polygon","coordinates":[[[121.639953,25.065806],[121.639744,25.065228],[121.639584,25.065373],[121.639539,25.065374],[121.639004,25.064461],[121.638899,25.064276],[121.638902,25.064273],[121.638888,25.064248],[121.638793,25.064089],[121.638139,25.064589],[121.638205,25.064648],[121.63841,25.064853],[121.63863,25.065173],[121.638872,25.065542],[121.639001,25.065774],[121.639137,25.066033],[121.639269,25.066303],[121.639355,25.066527],[121.639444,25.06673],[121.639521,25.066935],[121.639603,25.067225],[121.640328,25.067048],[121.640121,25.066387],[121.640059,25.066204],[121.640071,25.066168],[121.64001,25.066094],[121.639943,25.065894],[121.639953,25.065806]]]}},{"type":"Feature","properties":{"id":"2db2ab67e94e","name":"新北市立樹林高級中學","level":"高中職","basis":"both","data_ym":"202309"},"geometry":{"type":"Polygon","coordinates":[[[121.422472,24.98295],[121.421338,24.982395],[121.421057,24.982832],[121.42019,24.984211],[121.420198,24.984232],[121.422203,24.985299],[121.422222,24.9853],[121.422608,24.984668],[121.422915,24.984194],[121.423017,24.984048],[121.423408,24.983587],[121.423488,24.983466],[121.422472,24.98295]]]}},{"type":"Feature","properties":{"id":"9450440ee3d4","name":"新北市立積穗國民中學","level":"國中","basis":"both","data_ym":"202311"},"geometry":{"type":"Polygon","coordinates":[[[121.479406,25.00006],[121.478995,24.999827],[121.478924,24.999807],[121.478781,24.999794],[121.47853,24.999788],[121.478343,24.999789],[121.478346,24.999953],[121.47822,24.999942],[121.478173,24.999908],[121.478073,24.999906],[121.478053,24.999825],[121.477874,24.999916],[121.477872,24.999912],[121.477788,24.999953],[121.477784,24.999995],[121.477795,25.000328],[121.477802,25.000398],[121.477873,25.000744],[121.477904,25.000929],[121.477873,25.000975],[121.477897,25.001053],[121.477952,25.00139],[121.478797,25.001201],[121.479102,25.001076],[121.479395,25.000937],[121.479525,25.000863],[121.479611,25.000804],[121.48002,25.000455],[121.479719,25.00025],[121.479406,25.00006]]]}},{"type":"Feature","properties":{"id":"8507298b99d4","name":"新北市立錦和高級中學","level":"高中職","basis":"both","data_ym":"202311"},"geometry":{"type":"Polygon","coordinates":[[[121.492319,24.992722],[121.4923,24.992378],[121.492155,24.991631],[121.492133,24.991569],[121.492071,24.991512],[121.492024,24.991483],[121.491939,24.991462],[121.490866,24.991509],[121.49082,24.991516],[121.490802,24.991528],[121.490849,24.991828],[121.490875,24.992104],[121.490896,24.992613],[121.490919,24.992613],[121.49093,24.992809],[121.490926,24.992902],[121.490833,24.993431],[121.490843,24.993452],[121.490866,24.993475],[121.490891,24.993488],[121.49184,24.993594],[121.492008,24.993607],[121.492276,24.993619],[121.492313,24.9936],[121.492321,24.993576],[121.492379,24.993098],[121.492354,24.992997],[121.492319,24.992722]]]}},{"type":"Feature","properties":{"id":"945be20f85bf","name":"新北市立頭前國民中學","level":"國中","basis":"both","data_ym":"201710"},"geometry":{"type":"Polygon","coordinates":[[[121.458713,25.054539],[121.458698,25.054529],[121.458669,25.054533],[121.458664,25.054539],[121.458129,25.054537],[121.458125,25.054576],[121.458121,25.056126],[121.459511,25.056157],[121.459545,25.056143],[121.459566,25.056117],[121.459575,25.056091],[121.459586,25.054615],[121.459581,25.054587],[121.459566,25.05455],[121.459555,25.054543],[121.458713,25.054539]]]}},{"type":"Feature","properties":{"id":"32283a61d13f","name":"新北市立豐珠國民中學","level":"高中職","basis":"moe","data_ym":"202508"},"geometry":{"type":"Polygon","coordinates":[[[121.901584,25.066381],[121.901953,25.065887],[121.901972,25.065849],[121.901977,25.065814],[121.901958,25.065767],[121.901909,25.065711],[121.901885,25.065696],[121.901828,25.065783],[121.901494,25.065608],[121.901202,25.066054],[121.901188,25.066058],[121.901173,25.066056],[121.901115,25.066033],[121.901087,25.06603],[121.901057,25.066032],[121.900999,25.066048],[121.900867,25.066198],[121.900864,25.066213],[121.900868,25.066218],[121.90146,25.06655],[121.901471,25.066552],[121.901484,25.066545],[121.901584,25.066381]]]}},{"type":"Feature","properties":{"id":"f451a9becb66","name":"新北市立雙溪高級中學","level":"高中職","basis":"both","data_ym":"201711"},"geometry":{"type":"Polygon","coordinates":[[[121.863047,25.037719],[121.862965,25.037642],[121.862921,25.037687],[121.862861,25.03764],[121.862898,25.037601],[121.8628,25.037541],[121.862761,25.037387],[121.862688,25.036919],[121.862687,25.036864],[121.862706,25.036687],[121.862695,25.036597],[121.86274,25.036401],[121.862826,25.036234],[121.862892,25.036113],[121.863237,25.035567],[121.86329,25.035457],[121.863442,25.034989],[121.86326,25.034935],[121.863252,25.034957],[121.862997,25.03488],[121.862982,25.03488],[121.862969,25.034882],[121.862951,25.034893],[121.862854,25.034982],[121.862826,25.034962],[121.862333,25.035505],[121.861982,25.035898],[121.861924,25.035969],[121.861541,25.037277],[121.861406,25.037709],[121.861466,25.037731],[121.861682,25.037835],[121.861863,25.037931],[121.862391,25.038194],[121.862479,25.038213],[121.862775,25.038261],[121.862835,25.038256],[121.862926,25.038233],[121.862981,25.038202],[121.863033,25.038143],[121.863062,25.038099],[121.863085,25.038036],[121.8631,25.037968],[121.863099,25.037843],[121.863091,25.0378],[121.863047,25.037719]]]}},{"type":"Feature","properties":{"id":"c7ff9c4957f5","name":"新北市立蘆洲國民中學","level":"國中","basis":"both","data_ym":"202510"},"geometry":{"type":"Polygon","coordinates":[[[121.46586,25.087851],[121.466255,25.087403],[121.466374,25.087276],[121.466872,25.086689],[121.467134,25.086407],[121.46713,25.086398],[121.466527,25.086076],[121.46635,25.086022],[121.466159,25.085939],[121.466073,25.085848],[121.466047,25.085835],[121.465934,25.085812],[121.466037,25.085695],[121.465421,25.085288],[121.46538,25.085295],[121.464852,25.085959],[121.464215,25.086746],[121.464508,25.086949],[121.465723,25.087827],[121.465758,25.087785],[121.46586,25.087851]]]}},{"type":"Feature","properties":{"id":"103c80b0cc75","name":"新北市立鶯歌高級工商職業學校","level":"高中職","basis":"name","data_ym":"201311"},"geometry":{"type":"Polygon","coordinates":[[[121.335002,24.940901],[121.335118,24.940862],[121.335564,24.941033],[121.335856,24.940556],[121.335964,24.940404],[121.336104,24.940183],[121.336143,24.940138],[121.335779,24.939938],[121.335886,24.939755],[121.335515,24.939504],[121.335105,24.939301],[121.334325,24.938966],[121.333942,24.939273],[121.333642,24.939712],[121.333548,24.939872],[121.333517,24.939902],[121.333647,24.940149],[121.333619,24.940405],[121.33362,24.940423],[121.333655,24.940446],[121.333633,24.940507],[121.333629,24.94056],[121.333668,24.94067],[121.333717,24.940741],[121.333945,24.940939],[121.334319,24.941168],[121.33448,24.941262],[121.334745,24.941388],[121.335002,24.940901]]]}},{"type":"Feature","properties":{"id":"e52d0a1597a3","name":"新北市立鶯歌國民中學","level":"國中","basis":"both","data_ym":"202311"},"geometry":{"type":"Polygon","coordinates":[[[121.344413,24.951873],[121.344427,24.951853],[121.344492,24.951724],[121.344497,24.951722],[121.344715,24.951272],[121.344705,24.951266],[121.344749,24.951177],[121.344937,24.950835],[121.345097,24.950496],[121.344723,24.950331],[121.34458,24.950275],[121.344505,24.950255],[121.344434,24.950248],[121.34438,24.950249],[121.344324,24.950254],[121.34422,24.950287],[121.343921,24.950414],[121.343095,24.950747],[121.342836,24.950895],[121.342727,24.950967],[121.342763,24.950982],[121.342692,24.951037],[121.342589,24.951142],[121.342476,24.951337],[121.342441,24.95142],[121.342434,24.951416],[121.34242,24.95144],[121.342445,24.951451],[121.34245,24.951444],[121.342875,24.951619],[121.342854,24.95166],[121.343471,24.951917],[121.343689,24.952002],[121.343818,24.951936],[121.343875,24.951919],[121.344029,24.951885],[121.344157,24.951846],[121.344254,24.951845],[121.344413,24.951873]]]}},{"type":"Feature","properties":{"id":"308ccbb9c1e2","name":"新北市立鷺江國民中學","level":"國中","basis":"both","data_ym":"201803"},"geometry":{"type":"Polygon","coordinates":[[[121.461922,25.091634],[121.461877,25.09158],[121.461698,25.091162],[121.46159,25.091057],[121.461549,25.091036],[121.461531,25.091012],[121.461507,25.090921],[121.462201,25.090689],[121.462246,25.090687],[121.461932,25.089928],[121.461913,25.089899],[121.461894,25.089885],[121.461858,25.089875],[121.46068,25.090182],[121.46066,25.090195],[121.460649,25.090225],[121.460651,25.090248],[121.460968,25.091028],[121.460934,25.09104],[121.460989,25.091175],[121.461023,25.091163],[121.461258,25.091717],[121.46136,25.091926],[121.461412,25.091994],[121.46144,25.092001],[121.461466,25.092],[121.461498,25.091986],[121.461922,25.091634]]]}},{"type":"Feature","properties":{"id":"0df1e712b605","name":"新北市汐止區北峰國民小學","level":"國小","basis":"both","data_ym":"202310"},"geometry":{"type":"Polygon","coordinates":[[[121.632826,25.064097],[121.632882,25.064044],[121.632894,25.06405],[121.633023,25.063907],[121.633008,25.063894],[121.633117,25.063772],[121.633135,25.063783],[121.633331,25.063567],[121.633329,25.063561],[121.633174,25.063434],[121.633064,25.063337],[121.632917,25.063224],[121.632753,25.063106],[121.632652,25.06304],[121.632488,25.06292],[121.631911,25.062465],[121.631808,25.062371],[121.631666,25.062497],[121.631691,25.062549],[121.631703,25.062606],[121.63167,25.062658],[121.631449,25.062956],[121.631326,25.063135],[121.631326,25.063154],[121.632765,25.064102],[121.632826,25.064097]]]}},{"type":"Feature","properties":{"id":"4e1638fca764","name":"新北市汐止區北港國民小學","level":"國小","basis":"both","data_ym":"201901"},"geometry":{"type":"Polygon","coordinates":[[[121.645155,25.090006],[121.645785,25.089183],[121.645797,25.089098],[121.645915,25.088951],[121.645246,25.088822],[121.645172,25.088887],[121.645135,25.088855],[121.6452,25.088784],[121.645225,25.08872],[121.645122,25.088672],[121.645012,25.08863],[121.64497,25.088603],[121.644692,25.088467],[121.644681,25.088473],[121.644659,25.088501],[121.644625,25.088575],[121.644382,25.088982],[121.644478,25.089369],[121.64476,25.089546],[121.644699,25.089656],[121.644694,25.089716],[121.64483,25.0898],[121.644936,25.089859],[121.645088,25.089959],[121.645092,25.089953],[121.645128,25.089977],[121.645122,25.089984],[121.645155,25.090006]]]}},{"type":"Feature","properties":{"id":"63ae7ca493b0","name":"新北市汐止區白雲國民小學","level":"國小","basis":"both","data_ym":"202310"},"geometry":{"type":"Polygon","coordinates":[[[121.618092,25.047161],[121.617512,25.04733],[121.617421,25.047288],[121.617289,25.047358],[121.617248,25.047404],[121.617264,25.047416],[121.617316,25.047503],[121.617437,25.047558],[121.617458,25.047689],[121.617473,25.047739],[121.617502,25.047909],[121.617589,25.048148],[121.61764,25.048331],[121.617739,25.048598],[121.617848,25.048583],[121.618666,25.048371],[121.618886,25.048303],[121.619036,25.048249],[121.619065,25.04823],[121.619083,25.048205],[121.61909,25.048182],[121.619089,25.048142],[121.618949,25.047694],[121.618926,25.047701],[121.618917,25.047674],[121.618892,25.047681],[121.618867,25.04757],[121.618885,25.047526],[121.618884,25.047493],[121.618672,25.047],[121.618668,25.046997],[121.618329,25.047107],[121.618301,25.047068],[121.618255,25.047035],[121.618242,25.047051],[121.618214,25.047056],[121.618279,25.047125],[121.618134,25.047179],[121.618091,25.047187],[121.618092,25.047161]]]}},{"type":"Feature","properties":{"id":"e5810b35edd7","name":"新北市汐止區汐止國民小學","level":"國小","basis":"both","data_ym":"201901"},"geometry":{"type":"Polygon","coordinates":[[[121.655182,25.067863],[121.655651,25.067011],[121.65515,25.066782],[121.65507,25.066778],[121.655034,25.066766],[121.654997,25.066745],[121.654956,25.066711],[121.654912,25.066657],[121.65485,25.066621],[121.654868,25.066589],[121.654528,25.066362],[121.654143,25.066049],[121.65391,25.066415],[121.653599,25.066694],[121.653684,25.06679],[121.65348,25.066987],[121.653524,25.06704],[121.653363,25.067187],[121.653456,25.067282],[121.653453,25.067539],[121.653572,25.067572],[121.653714,25.067557],[121.653942,25.067557],[121.654009,25.067562],[121.654086,25.067577],[121.654555,25.067699],[121.655125,25.067863],[121.655182,25.067863]]]}},{"type":"Feature","properties":{"id":"a4dacd258651","name":"新北市汐止區秀峰國民小學","level":"國小","basis":"both","data_ym":"201901"},"geometry":{"type":"Polygon","coordinates":[[[121.662547,25.062063],[121.662416,25.061986],[121.661361,25.062032],[121.660917,25.062046],[121.660814,25.062553],[121.660772,25.062809],[121.661225,25.062889],[121.661623,25.062951],[121.661724,25.06298],[121.661785,25.063007],[121.661887,25.06306],[121.662367,25.063352],[121.662399,25.063356],[121.662415,25.063351],[121.662445,25.063331],[121.662896,25.062717],[121.66291,25.062703],[121.663144,25.06239],[121.662547,25.062063]]]}},{"type":"Feature","properties":{"id":"c0830188c121","name":"新北市汐止區東山國民小學","level":"國小","basis":"both","data_ym":"201901"},"geometry":{"type":"Polygon","coordinates":[[[121.69985,25.059594],[121.699529,25.059592],[121.699268,25.059884],[121.699252,25.059918],[121.699564,25.060125],[121.699699,25.060233],[121.699953,25.06034],[121.700003,25.060304],[121.700122,25.060194],[121.700157,25.060153],[121.700293,25.059923],[121.700317,25.059869],[121.700333,25.059822],[121.700343,25.059764],[121.700356,25.059648],[121.700374,25.059605],[121.69985,25.059594]]]}},{"type":"Feature","properties":{"id":"68497da6098e","name":"新北市汐止區金龍國民小學","level":"國小","basis":"both","data_ym":"202310"},"geometry":{"type":"Polygon","coordinates":[[[121.627097,25.068057],[121.627076,25.068056],[121.627052,25.068062],[121.627004,25.06809],[121.626695,25.068483],[121.626664,25.068545],[121.626668,25.068562],[121.627474,25.069117],[121.627663,25.069239],[121.628208,25.069574],[121.628223,25.069574],[121.628231,25.06957],[121.628516,25.069195],[121.628617,25.06905],[121.628949,25.068628],[121.629083,25.068465],[121.629082,25.068452],[121.629073,25.06844],[121.629062,25.068436],[121.627097,25.068057]]]}},{"type":"Feature","properties":{"id":"854154adb1b2","name":"新北市汐止區長安國民小學","level":"國小","basis":"both","data_ym":"202310"},"geometry":{"type":"Polygon","coordinates":[[[121.671977,25.07937],[121.67208,25.079258],[121.67137,25.078691],[121.671027,25.07887],[121.670855,25.079057],[121.670843,25.079049],[121.670751,25.079138],[121.670724,25.079183],[121.670753,25.07923],[121.670697,25.079352],[121.670677,25.079346],[121.670655,25.079399],[121.670667,25.079403],[121.670649,25.079451],[121.670643,25.079493],[121.670645,25.079516],[121.670647,25.079527],[121.670659,25.079544],[121.671272,25.079917],[121.671304,25.079935],[121.67135,25.079938],[121.671383,25.079928],[121.671616,25.079771],[121.671672,25.079716],[121.671983,25.079443],[121.672009,25.079414],[121.671988,25.079398],[121.671999,25.079386],[121.671977,25.07937]]]}},{"type":"Feature","properties":{"id":"d56a283d06b5","name":"新北市汐止區保長國民小學","level":"國小","basis":"both","data_ym":"201901"},"geometry":{"type":"Polygon","coordinates":[[[121.680872,25.071893],[121.681112,25.071799],[121.681337,25.071907],[121.681405,25.071805],[121.681462,25.071685],[121.68145,25.071674],[121.681404,25.071646],[121.681361,25.071762],[121.681293,25.071761],[121.680898,25.071603],[121.680818,25.071575],[121.680556,25.071542],[121.680386,25.071508],[121.679677,25.07148],[121.679628,25.072435],[121.67963,25.07252],[121.680114,25.072256],[121.680676,25.07198],[121.680872,25.071893]]]}},{"type":"Feature","properties":{"id":"4836e9c80309","name":"新北市汐止區崇德國民小學","level":"國小","basis":"both","data_ym":"202310"},"geometry":{"type":"Polygon","coordinates":[[[121.669784,25.069356],[121.670008,25.069219],[121.670185,25.069103],[121.669786,25.06858],[121.669664,25.068412],[121.669401,25.068527],[121.669154,25.068469],[121.669051,25.06843],[121.668953,25.068276],[121.668952,25.068242],[121.668945,25.068231],[121.668934,25.068222],[121.668909,25.068213],[121.668896,25.068215],[121.668865,25.068233],[121.668557,25.068239],[121.668509,25.068231],[121.66827,25.068284],[121.668124,25.06834],[121.667917,25.068534],[121.668038,25.068664],[121.668045,25.068665],[121.668063,25.068739],[121.66777,25.068924],[121.668254,25.069382],[121.668344,25.069296],[121.66842,25.069295],[121.668723,25.069479],[121.66915,25.069756],[121.669433,25.069592],[121.669784,25.069356]]]}},{"type":"Feature","properties":{"id":"ddea931abb51","name":"新北市汐止區森林小學","level":"其他","basis":"none","data_ym":"202310"},"geometry":{"type":"Polygon","coordinates":[[[121.641941,25.038136],[121.642102,25.037962],[121.642135,25.037988],[121.642183,25.038043],[121.642392,25.037873],[121.642299,25.037674],[121.642086,25.037577],[121.641643,25.036888],[121.641587,25.036955],[121.641554,25.037008],[121.641429,25.037253],[121.641381,25.03732],[121.641338,25.037363],[121.641199,25.037456],[121.641271,25.03789],[121.641483,25.037892],[121.641596,25.03793],[121.6417,25.038018],[121.641712,25.038084],[121.641775,25.03807],[121.641941,25.038136]]]}},{"type":"Feature","properties":{"id":"6a73bab97dbe","name":"新北市汐止區樟樹國民小學","level":"國小","basis":"both","data_ym":"202310"},"geometry":{"type":"Polygon","coordinates":[[[121.642352,25.067079],[121.642263,25.066419],[121.641742,25.066499],[121.641739,25.066485],[121.641673,25.066494],[121.641676,25.066504],[121.641656,25.066507],[121.641657,25.066512],[121.641325,25.06656],[121.640663,25.066642],[121.640686,25.066786],[121.640559,25.066827],[121.640528,25.066898],[121.640513,25.066976],[121.640614,25.067285],[121.640751,25.06775],[121.640841,25.067802],[121.640939,25.067848],[121.641721,25.067721],[121.642438,25.067612],[121.642352,25.067079]]]}},{"type":"Feature","properties":{"id":"1f5beecf54b6","name":"新北市私立中信高級中學","level":"高中職","basis":"both","data_ym":"202508"},"geometry":{"type":"Polygon","coordinates":[[[121.514412,24.967605],[121.514453,24.967603],[121.514614,24.967619],[121.514658,24.967619],[121.514686,24.967613],[121.514709,24.967602],[121.514971,24.967383],[121.515005,24.967348],[121.515025,24.967312],[121.515058,24.967181],[121.515163,24.96662],[121.515203,24.966628],[121.515241,24.966369],[121.5151,24.966168],[121.515004,24.966176],[121.514735,24.966296],[121.514702,24.966304],[121.514631,24.966339],[121.514561,24.966387],[121.514349,24.966601],[121.513833,24.9669],[121.513585,24.967058],[121.51356,24.967233],[121.513323,24.967359],[121.51336,24.967505],[121.513457,24.967671],[121.513534,24.967787],[121.514167,24.967658],[121.514412,24.967605]]]}},{"type":"Feature","properties":{"id":"549ea7f42472","name":"新北市私立中華高級商業海事職業學校","level":"高中職","basis":"name","data_ym":"202310"},"geometry":{"type":"Polygon","coordinates":[[[121.685961,25.177963],[121.686016,25.177943],[121.686118,25.17797],[121.68619,25.177998],[121.686295,25.178081],[121.68644,25.178228],[121.686687,25.178029],[121.686559,25.177886],[121.686383,25.177715],[121.686435,25.177664],[121.686653,25.177873],[121.686842,25.17802],[121.686915,25.17802],[121.686997,25.17801],[121.68704,25.177993],[121.687065,25.177974],[121.687327,25.177684],[121.687291,25.177472],[121.687194,25.177213],[121.687124,25.17713],[121.687067,25.177027],[121.687015,25.17695],[121.686962,25.176892],[121.68692,25.176855],[121.686894,25.176842],[121.686819,25.176816],[121.686774,25.176805],[121.686741,25.176802],[121.686689,25.176805],[121.686667,25.176812],[121.686628,25.176833],[121.686573,25.176872],[121.686455,25.176966],[121.686184,25.177199],[121.686141,25.177154],[121.686082,25.177108],[121.686043,25.177098],[121.685992,25.177104],[121.685846,25.177187],[121.685738,25.177278],[121.685668,25.177359],[121.685605,25.177323],[121.685553,25.177364],[121.685478,25.177331],[121.685409,25.177461],[121.685368,25.177449],[121.685196,25.177436],[121.685144,25.177421],[121.685053,25.177366],[121.684943,25.177291],[121.68494,25.17716],[121.684805,25.177356],[121.68437,25.177922],[121.684041,25.178333],[121.684032,25.178338],[121.684107,25.17847],[121.684215,25.17858],[121.684387,25.178716],[121.684928,25.178858],[121.685231,25.178918],[121.685564,25.178812],[121.685759,25.17866],[121.685877,25.178504],[121.685972,25.178366],[121.685991,25.178345],[121.686043,25.178241],[121.686049,25.17821],[121.68605,25.178166],[121.68604,25.178107],[121.686018,25.17806],[121.68595,25.177981],[121.685961,25.177963]]]}},{"type":"Feature","properties":{"id":"02ac19590699","name":"新北市私立中華高級商業海事職業學校1","level":"高中職","basis":"name","data_ym":"202310"},"geometry":{"type":"Polygon","coordinates":[[[121.687213,25.178262],[121.687609,25.178011],[121.687634,25.177977],[121.687644,25.177956],[121.687642,25.17793],[121.687629,25.177906],[121.687498,25.177744],[121.687545,25.177715],[121.687511,25.177664],[121.687447,25.177619],[121.687434,25.17768],[121.687191,25.177982],[121.687161,25.178011],[121.687131,25.178029],[121.687025,25.17806],[121.686895,25.178075],[121.686817,25.178071],[121.686859,25.178274],[121.68705,25.178285],[121.687213,25.178262]]]}},{"type":"Feature","properties":{"id":"b0e858090280","name":"新北市私立及人國民小學","level":"國小","basis":"both","data_ym":"202508"},"geometry":{"type":"Polygon","coordinates":[[[121.512313,25.015776],[121.512283,25.015547],[121.512054,25.015564],[121.512049,25.015551],[121.511904,25.015591],[121.511744,25.01569],[121.511734,25.01575],[121.511684,25.015933],[121.511526,25.015963],[121.511634,25.01612],[121.511762,25.016508],[121.512386,25.016362],[121.512352,25.01624],[121.512308,25.016034],[121.512313,25.015776]]]}},{"type":"Feature","properties":{"id":"70b9bb3f360b","name":"新北市私立光仁高級中學","level":"高中職","basis":"both","data_ym":"201901"},"geometry":{"type":"Polygon","coordinates":[[[121.47522,25.018179],[121.475069,25.018453],[121.474967,25.018677],[121.4747,25.019302],[121.474693,25.019301],[121.474689,25.019336],[121.474714,25.019332],[121.474739,25.019336],[121.474806,25.019373],[121.474823,25.019343],[121.475134,25.01939],[121.47527,25.019399],[121.475401,25.019473],[121.475709,25.01902],[121.475735,25.019005],[121.475749,25.019003],[121.475778,25.019004],[121.47581,25.019014],[121.476504,25.019422],[121.476511,25.019419],[121.476629,25.01925],[121.476827,25.018986],[121.476636,25.018832],[121.476771,25.018681],[121.476595,25.018464],[121.476635,25.018428],[121.476834,25.018339],[121.476877,25.018368],[121.477046,25.018279],[121.476922,25.018117],[121.476869,25.018073],[121.476071,25.017333],[121.475917,25.017229],[121.475782,25.01715],[121.475499,25.017],[121.475471,25.017049],[121.475645,25.01714],[121.475205,25.017858],[121.475151,25.017835],[121.475099,25.017919],[121.475234,25.018056],[121.475285,25.018083],[121.47522,25.018179]]]}},{"type":"Feature","properties":{"id":"8e4f08767559","name":"新北市私立光華高級商業職業學校進修學校","level":"其他","basis":"none","data_ym":"201710"},"geometry":{"type":"Polygon","coordinates":[[[121.454585,25.003157],[121.454864,25.003358],[121.455004,25.003122],[121.455054,25.003051],[121.454963,25.002986],[121.454966,25.002947],[121.454958,25.002925],[121.454714,25.002854],[121.454677,25.002965],[121.454585,25.003157]]]}},{"type":"Feature","properties":{"id":"fe3805810193","name":"新北市私立竹林高級中學","level":"高中職","basis":"both","data_ym":"201311"},"geometry":{"type":"Polygon","coordinates":[[[121.506019,24.979653],[121.506009,24.979441],[121.505883,24.979489],[121.505727,24.979165],[121.505707,24.979112],[121.505612,24.978954],[121.505515,24.979124],[121.505573,24.979149],[121.50548,24.97939],[121.505242,24.980322],[121.505194,24.98059],[121.505219,24.980652],[121.505599,24.980707],[121.505774,24.980774],[121.505981,24.98088],[121.506059,24.980952],[121.50609,24.981072],[121.506461,24.980842],[121.506416,24.980724],[121.506373,24.980577],[121.506343,24.980454],[121.506321,24.980411],[121.506272,24.980335],[121.506112,24.980027],[121.506087,24.979956],[121.506055,24.979829],[121.506019,24.979653]]]}},{"type":"Feature","properties":{"id":"1bb3444903b5","name":"新北市私立竹林國民小學","level":"國小","basis":"both","data_ym":"202508"},"geometry":{"type":"Polygon","coordinates":[[[121.517153,25.01465],[121.517387,25.01445],[121.517196,25.01435],[121.516975,25.014242],[121.516887,25.014392],[121.516944,25.014422],[121.516906,25.014495],[121.516896,25.014491],[121.516878,25.014526],[121.517153,25.01465]]]}},{"type":"Feature","properties":{"id":"6d1869f9f06c","name":"新北市私立育才國民小學","level":"國小","basis":"both","data_ym":"202508"},"geometry":{"type":"Polygon","coordinates":[[[121.52187,25.007114],[121.521884,25.006934],[121.521884,25.006825],[121.521906,25.006566],[121.521569,25.006512],[121.521495,25.006771],[121.521481,25.006899],[121.521521,25.006899],[121.521522,25.00698],[121.521448,25.006981],[121.521433,25.007111],[121.521636,25.007133],[121.521641,25.007094],[121.521802,25.007125],[121.521862,25.007166],[121.52187,25.007114]]]}},{"type":"Feature","properties":{"id":"0d7a426309b7","name":"新北市私立東海高級中學","level":"高中職","basis":"both","data_ym":"201710"},"geometry":{"type":"Polygon","coordinates":[[[121.478863,25.06483],[121.478918,25.064656],[121.47908,25.064704],[121.479161,25.064461],[121.478978,25.064404],[121.47882,25.064329],[121.47882,25.064299],[121.47876,25.064281],[121.47865,25.064232],[121.478598,25.0642],[121.478495,25.064117],[121.478411,25.064062],[121.478301,25.064],[121.478288,25.064014],[121.478275,25.064934],[121.478863,25.06483]]]}},{"type":"Feature","properties":{"id":"5921a5a725ab","name":"新北市私立林口康橋國際高級中學","level":"高中職","basis":"both","data_ym":"202309"},"geometry":{"type":"Polygon","coordinates":[[[121.390963,25.073203],[121.39096,25.073178],[121.390815,25.073331],[121.390721,25.073424],[121.390655,25.07348],[121.390574,25.073531],[121.390189,25.073753],[121.390142,25.073774],[121.390026,25.073814],[121.3895,25.073963],[121.389477,25.073976],[121.389462,25.073993],[121.389453,25.074019],[121.38965,25.074776],[121.389685,25.075],[121.389725,25.075386],[121.389742,25.075364],[121.389765,25.075359],[121.389851,25.075355],[121.389956,25.075345],[121.390617,25.075199],[121.39158,25.074944],[121.391752,25.074604],[121.39188,25.074502],[121.392059,25.07429],[121.392103,25.074021],[121.392103,25.073996],[121.392095,25.073976],[121.392073,25.073963],[121.39175,25.07394],[121.391529,25.073736],[121.391291,25.073498],[121.39108,25.073296],[121.390991,25.073233],[121.390963,25.073203]]]}},{"type":"Feature","properties":{"id":"b991a4466bab","name":"新北市私立金陵女子高級中學","level":"高中職","basis":"name","data_ym":"201710"},"geometry":{"type":"Polygon","coordinates":[[[121.467278,25.043291],[121.467402,25.042671],[121.468164,25.042859],[121.46825,25.042575],[121.469208,25.042884],[121.469218,25.04284],[121.469838,25.042999],[121.469858,25.042946],[121.468401,25.042339],[121.467862,25.04213],[121.46738,25.041931],[121.46645,25.041518],[121.466461,25.041483],[121.466343,25.04144],[121.466323,25.041452],[121.466252,25.04153],[121.466175,25.041629],[121.466069,25.04178],[121.466053,25.041834],[121.466052,25.041854],[121.466079,25.041942],[121.466062,25.042083],[121.466037,25.042208],[121.466036,25.042246],[121.466096,25.042294],[121.466164,25.042311],[121.466179,25.042357],[121.466516,25.042641],[121.467235,25.043325],[121.467278,25.043291]]]}},{"type":"Feature","properties":{"id":"c6715c0c0fdc","name":"新北市私立信賢種籽親子實驗國民小學","level":"國小","basis":"name","data_ym":"202508"},"geometry":{"type":"Polygon","coordinates":[[[121.529219,24.839009],[121.528461,24.838581],[121.528403,24.838538],[121.528192,24.838773],[121.528168,24.838826],[121.528097,24.838839],[121.528076,24.838903],[121.528102,24.839027],[121.528251,24.839005],[121.528416,24.839157],[121.528508,24.839179],[121.528673,24.839253],[121.528848,24.839378],[121.528922,24.839424],[121.529241,24.839026],[121.529219,24.839009]]]}},{"type":"Feature","properties":{"id":"d43d23b7996f","name":"新北市私立南山高級中學","level":"高中職","basis":"both","data_ym":"201311"},"geometry":{"type":"Polygon","coordinates":[[[121.505853,25.001364],[121.505761,25.001161],[121.505576,25.000693],[121.505502,25.000461],[121.505187,25.000544],[121.505279,25.000846],[121.504752,25.000882],[121.504611,25.000902],[121.504526,25.000925],[121.503974,25.000973],[121.503749,25.001002],[121.503353,25.00104],[121.50332,25.001052],[121.503318,25.001086],[121.503334,25.00126],[121.503228,25.001568],[121.504567,25.002268],[121.504726,25.002023],[121.50484,25.001807],[121.50494,25.001505],[121.504961,25.001462],[121.505099,25.001439],[121.505853,25.001364]]]}},{"type":"Feature","properties":{"id":"c0dcec00e9ba","name":"新北市私立南強高級工商職業學校","level":"高中職","basis":"name","data_ym":"201804"},"geometry":{"type":"Polygon","coordinates":[[[121.545707,24.981581],[121.54563,24.981462],[121.545462,24.981229],[121.545467,24.981151],[121.545913,24.9809],[121.545594,24.980669],[121.545254,24.980386],[121.545232,24.980405],[121.545209,24.980381],[121.544998,24.980219],[121.544913,24.980304],[121.545138,24.980482],[121.54482,24.980694],[121.544662,24.980785],[121.544755,24.980892],[121.544781,24.980915],[121.544795,24.980919],[121.54477,24.980982],[121.544754,24.981003],[121.544777,24.980997],[121.545057,24.981089],[121.545148,24.981166],[121.545176,24.981217],[121.545204,24.981258],[121.545244,24.981285],[121.545261,24.981321],[121.545301,24.98135],[121.545416,24.981402],[121.54557,24.98153],[121.54567,24.981597],[121.545707,24.981581]]]}},{"type":"Feature","properties":{"id":"7ad38c4c9e38","name":"新北市私立恆毅高級中學","level":"高中職","basis":"name","data_ym":"201909"},"geometry":{"type":"Polygon","coordinates":[[[121.453945,25.039672],[121.453946,25.039489],[121.453947,25.039479],[121.453962,25.03948],[121.453964,25.039462],[121.453961,25.039111],[121.453942,25.038597],[121.454531,25.038557],[121.454518,25.038393],[121.454509,25.038327],[121.454444,25.03833],[121.454399,25.038041],[121.454378,25.037851],[121.455054,25.037821],[121.45503,25.037749],[121.455029,25.037723],[121.455016,25.037704],[121.45485,25.037196],[121.454841,25.037152],[121.454837,25.037151],[121.454812,25.037074],[121.45476,25.037063],[121.454759,25.037059],[121.454295,25.03696],[121.454312,25.036827],[121.454337,25.036679],[121.453536,25.03652],[121.45346,25.036799],[121.453166,25.036735],[121.45292,25.03669],[121.45291,25.036738],[121.45289,25.036737],[121.452889,25.036906],[121.452597,25.036882],[121.452609,25.037117],[121.452609,25.03756],[121.452625,25.037824],[121.452637,25.037911],[121.452878,25.037915],[121.453217,25.037902],[121.453223,25.037968],[121.453236,25.038019],[121.453264,25.038423],[121.453255,25.038593],[121.453289,25.03901],[121.45331,25.039147],[121.453333,25.039175],[121.453349,25.039234],[121.453397,25.039643],[121.453643,25.039666],[121.453701,25.039651],[121.453725,25.039651],[121.453945,25.039672]]]}},{"type":"Feature","properties":{"id":"f6dbd8f754df","name":"新北市私立徐匯高級中學","level":"高中職","basis":"both","data_ym":"202510"},"geometry":{"type":"Polygon","coordinates":[[[121.479361,25.080288],[121.479577,25.080212],[121.479648,25.080341],[121.479854,25.08022],[121.479875,25.080251],[121.479979,25.080189],[121.480046,25.080293],[121.480549,25.080021],[121.480551,25.079973],[121.480196,25.07965],[121.480159,25.079601],[121.479963,25.079288],[121.479884,25.079202],[121.479392,25.078615],[121.479234,25.078451],[121.47917,25.078398],[121.47856,25.079],[121.478289,25.078807],[121.478137,25.07905],[121.47797,25.079342],[121.477811,25.079689],[121.477715,25.079953],[121.478388,25.080141],[121.479335,25.08037],[121.479361,25.080288]]]}},{"type":"Feature","properties":{"id":"7d8c95c9fcb3","name":"新北市私立時雨高級中學","level":"高中職","basis":"both","data_ym":"202110"},"geometry":{"type":"Polygon","coordinates":[[[121.857412,25.109378],[121.857473,25.109201],[121.857216,25.109117],[121.857176,25.109087],[121.857168,25.109062],[121.857194,25.108854],[121.857207,25.108661],[121.856927,25.108643],[121.856924,25.108665],[121.856744,25.10865],[121.856499,25.108573],[121.856346,25.108516],[121.856242,25.108494],[121.856082,25.108501],[121.855973,25.108554],[121.855914,25.108589],[121.855813,25.108685],[121.855685,25.108827],[121.855308,25.109306],[121.855278,25.109331],[121.85525,25.109341],[121.855215,25.109345],[121.855156,25.109338],[121.855106,25.10932],[121.855036,25.109281],[121.855007,25.109258],[121.854977,25.109217],[121.854962,25.109179],[121.854955,25.109144],[121.854954,25.109084],[121.854958,25.109009],[121.854951,25.108996],[121.854933,25.108986],[121.854893,25.109001],[121.854875,25.10903],[121.854868,25.10907],[121.854838,25.109457],[121.854847,25.109462],[121.854844,25.109481],[121.854847,25.109537],[121.854864,25.109576],[121.854885,25.109601],[121.855027,25.10973],[121.85505,25.109769],[121.855054,25.109797],[121.855041,25.109935],[121.855188,25.109979],[121.855423,25.109772],[121.855679,25.109534],[121.85565,25.109506],[121.855779,25.10939],[121.855806,25.109418],[121.855915,25.10932],[121.856009,25.109219],[121.856076,25.109136],[121.856134,25.109093],[121.856192,25.109068],[121.856272,25.10905],[121.856333,25.109043],[121.856591,25.109071],[121.856816,25.109125],[121.85696,25.109162],[121.857099,25.109274],[121.857205,25.109327],[121.857412,25.109378]]]}},{"type":"Feature","properties":{"id":"0574128f92f3","name":"新北市私立時雨高級中學1","level":"高中職","basis":"both","data_ym":"202305"},"geometry":{"type":"Polygon","coordinates":[[[121.856886,25.109344],[121.856388,25.109114],[121.85637,25.109257],[121.856379,25.109425],[121.856366,25.10957],[121.856401,25.109882],[121.856666,25.109921],[121.856784,25.109953],[121.856783,25.109959],[121.857144,25.110077],[121.857186,25.110128],[121.857189,25.11015],[121.857168,25.110194],[121.857304,25.110315],[121.857391,25.110345],[121.857716,25.109999],[121.857643,25.109951],[121.857787,25.109644],[121.857552,25.109533],[121.857348,25.109505],[121.857048,25.109494],[121.856887,25.10947],[121.856889,25.109351],[121.856886,25.109344]]]}},{"type":"Feature","properties":{"id":"4bc7ac01676f","name":"新北市私立格致高級中學","level":"高中職","basis":"both","data_ym":"201311"},"geometry":{"type":"Polygon","coordinates":[[[121.488092,25.073288],[121.487167,25.073015],[121.487158,25.073016],[121.487153,25.073239],[121.487181,25.073561],[121.487681,25.073728],[121.487991,25.073847],[121.488738,25.074096],[121.488829,25.073932],[121.489014,25.073577],[121.488092,25.073288]]]}},{"type":"Feature","properties":{"id":"ed2c7a48e4bc","name":"新北市私立能仁高級家事商業職業學校","level":"高中職","basis":"name","data_ym":"201311"},"geometry":{"type":"Polygon","coordinates":[[[121.541022,24.958902],[121.541247,24.958883],[121.541453,24.958898],[121.541615,24.958687],[121.541583,24.958611],[121.541561,24.958519],[121.541506,24.95845],[121.541344,24.958297],[121.540893,24.957984],[121.540741,24.957911],[121.540623,24.957876],[121.54048,24.957785],[121.540602,24.957347],[121.540616,24.957265],[121.540573,24.957257],[121.540566,24.957014],[121.540547,24.956862],[121.540458,24.956876],[121.540441,24.956867],[121.540322,24.957103],[121.540361,24.957273],[121.540421,24.957283],[121.540305,24.957704],[121.54028,24.957855],[121.540088,24.958065],[121.540003,24.958164],[121.539739,24.957992],[121.539642,24.958088],[121.539935,24.95829],[121.53988,24.958373],[121.540103,24.958512],[121.540406,24.958499],[121.540462,24.958504],[121.540815,24.958735],[121.540793,24.958763],[121.541022,24.958902]]]}},{"type":"Feature","properties":{"id":"1a4c0ee9a004","name":"新北市私立馬禮遜美國學校","level":"其他","basis":"none","data_ym":"202102"},"geometry":{"type":"Polygon","coordinates":[[[121.388809,25.072763],[121.388737,25.072486],[121.388619,25.07248],[121.388305,25.072537],[121.388103,25.072507],[121.387903,25.072585],[121.387481,25.07261],[121.387498,25.072844],[121.387527,25.073068],[121.387508,25.073334],[121.387499,25.073956],[121.387512,25.073983],[121.387547,25.074011],[121.388702,25.074027],[121.388714,25.073729],[121.389138,25.073585],[121.388892,25.073004],[121.388809,25.072763]]]}},{"type":"Feature","properties":{"id":"45a959cbdb38","name":"新北市私立崇光高級中學","level":"高中職","basis":"both","data_ym":"201912"},"geometry":{"type":"Polygon","coordinates":[[[121.539215,24.971815],[121.538816,24.971248],[121.538501,24.970822],[121.538455,24.970767],[121.538356,24.97068],[121.538287,24.970643],[121.538206,24.97061],[121.538058,24.970583],[121.537938,24.970584],[121.537809,24.97061],[121.537878,24.970729],[121.538177,24.97118],[121.538345,24.97142],[121.538353,24.971414],[121.538373,24.971449],[121.538369,24.971454],[121.538373,24.971462],[121.538777,24.972067],[121.53893,24.972305],[121.539045,24.972522],[121.539302,24.972405],[121.539463,24.972242],[121.539509,24.972215],[121.539215,24.971815]]]}},{"type":"Feature","properties":{"id":"5f74f020bcb8","name":"新北市私立崇光高級中學1","level":"高中職","basis":"both","data_ym":"201804"},"geometry":{"type":"Polygon","coordinates":[[[121.540245,24.971356],[121.539936,24.970925],[121.539176,24.971413],[121.539658,24.972082],[121.539907,24.971895],[121.539706,24.971663],[121.540245,24.971356]]]}},{"type":"Feature","properties":{"id":"b0ea9561dec2","name":"新北市私立崇義高級中學","level":"高中職","basis":"both","data_ym":"201912"},"geometry":{"type":"Polygon","coordinates":[[[121.669629,25.077457],[121.669615,25.077449],[121.669231,25.077457],[121.669232,25.077416],[121.669371,25.077404],[121.669478,25.077386],[121.669597,25.077341],[121.669738,25.077278],[121.669793,25.07722],[121.669764,25.077206],[121.669804,25.077156],[121.668696,25.076566],[121.668602,25.07658],[121.668498,25.076795],[121.66859,25.076923],[121.668583,25.077069],[121.668425,25.077363],[121.668563,25.077409],[121.668663,25.077434],[121.668922,25.07747],[121.669078,25.077483],[121.669433,25.077491],[121.669615,25.077479],[121.669629,25.077473],[121.669633,25.077464],[121.669629,25.077457]]]}},{"type":"Feature","properties":{"id":"66ad38d7a941","name":"新北市私立康橋高級中學","level":"高中職","basis":"both","data_ym":"201710"},"geometry":{"type":"Polygon","coordinates":[[[121.496478,24.912126],[121.496958,24.912121],[121.497229,24.912267],[121.497265,24.912227],[121.497246,24.912193],[121.497231,24.912132],[121.497226,24.912074],[121.497246,24.912004],[121.498025,24.91066],[121.497911,24.910557],[121.49765,24.910576],[121.497526,24.910714],[121.497491,24.910718],[121.497248,24.910726],[121.497012,24.91074],[121.496741,24.910734],[121.496506,24.910694],[121.496307,24.910639],[121.496173,24.910873],[121.495911,24.911355],[121.495871,24.911377],[121.495894,24.911436],[121.495901,24.911479],[121.495898,24.911508],[121.495883,24.911545],[121.495859,24.911582],[121.495825,24.911558],[121.495524,24.91203],[121.495491,24.912088],[121.495473,24.912161],[121.495464,24.912242],[121.495469,24.912286],[121.495482,24.912343],[121.495495,24.912382],[121.495526,24.91244],[121.495578,24.912504],[121.495907,24.912802],[121.495938,24.912828],[121.495985,24.912857],[121.496072,24.912895],[121.496146,24.912912],[121.496388,24.912938],[121.496439,24.912955],[121.496486,24.912992],[121.496502,24.913013],[121.496521,24.913049],[121.496529,24.913093],[121.496518,24.913127],[121.496668,24.913103],[121.496653,24.913026],[121.496669,24.913009],[121.497043,24.912972],[121.497052,24.912883],[121.497041,24.912779],[121.497026,24.912727],[121.496998,24.912682],[121.496907,24.912596],[121.496736,24.912448],[121.496561,24.91228],[121.496478,24.912126]]]}},{"type":"Feature","properties":{"id":"b5a741335d1d","name":"新北市私立康橋高級中學附設國小","level":"國小","basis":"name","data_ym":"202508"},"geometry":{"type":"Polygon","coordinates":[[[121.518374,24.954695],[121.518553,24.954413],[121.51853,24.954317],[121.518597,24.954325],[121.518625,24.95432],[121.518671,24.954297],[121.518764,24.954223],[121.518778,24.954206],[121.518803,24.954173],[121.518813,24.954128],[121.518813,24.954062],[121.518797,24.953958],[121.518762,24.953809],[121.518734,24.953717],[121.518724,24.9537],[121.51858,24.953575],[121.518568,24.953572],[121.518517,24.953584],[121.518448,24.953688],[121.518406,24.953732],[121.51835,24.953779],[121.518295,24.953816],[121.518244,24.95384],[121.51818,24.953866],[121.518087,24.953891],[121.51798,24.953903],[121.51786,24.953903],[121.517741,24.953885],[121.517685,24.953871],[121.51758,24.953829],[121.517541,24.953805],[121.517457,24.953753],[121.516905,24.953308],[121.516876,24.953288],[121.516837,24.95327],[121.516738,24.953245],[121.516688,24.953243],[121.516648,24.953246],[121.516602,24.953257],[121.516558,24.953275],[121.516521,24.953301],[121.516457,24.953363],[121.516431,24.953399],[121.516412,24.953439],[121.516401,24.95348],[121.516395,24.953524],[121.516388,24.953613],[121.51638,24.953813],[121.516369,24.953889],[121.51635,24.953957],[121.516319,24.954009],[121.516282,24.954057],[121.516257,24.954083],[121.516979,24.954728],[121.517631,24.954446],[121.517995,24.954748],[121.518374,24.954695]]]}},{"type":"Feature","properties":{"id":"e464951c0ceb","name":"新北市私立淡江高級中學","level":"高中職","basis":"both","data_ym":"201712"},"geometry":{"type":"Polygon","coordinates":[[[121.437368,25.175822],[121.437149,25.175879],[121.437144,25.175865],[121.43711,25.175873],[121.437016,25.175912],[121.436729,25.176008],[121.436351,25.174995],[121.436317,25.175002],[121.436229,25.174774],[121.436218,25.174736],[121.436148,25.174783],[121.435956,25.174885],[121.435733,25.174985],[121.435341,25.175191],[121.435215,25.175245],[121.434812,25.175366],[121.4348,25.175398],[121.434792,25.175438],[121.43479,25.175484],[121.434822,25.175589],[121.434937,25.175889],[121.435057,25.176226],[121.435084,25.176287],[121.435676,25.176318],[121.435856,25.176576],[121.436139,25.176922],[121.436131,25.176927],[121.436632,25.177544],[121.437364,25.177971],[121.437563,25.177722],[121.437818,25.177461],[121.437967,25.177297],[121.438035,25.1772],[121.437739,25.176929],[121.437983,25.176709],[121.437932,25.176676],[121.437854,25.176587],[121.437719,25.1764],[121.437413,25.17596],[121.437403,25.175938],[121.437368,25.175822]]]}},{"type":"Feature","properties":{"id":"c376e288668c","name":"新北市私立莊敬高級工業家事職業學校","level":"高中職","basis":"name","data_ym":"201912"},"geometry":{"type":"Polygon","coordinates":[[[121.533176,24.985042],[121.53318,24.985007],[121.533323,24.985025],[121.533367,24.985027],[121.533411,24.984528],[121.532906,24.984956],[121.532607,24.98467],[121.532292,24.984976],[121.53195,24.985299],[121.531767,24.985458],[121.532289,24.985964],[121.532493,24.986147],[121.532755,24.985921],[121.532756,24.9858],[121.532803,24.985792],[121.532817,24.985513],[121.532712,24.985334],[121.532908,24.985175],[121.533026,24.98507],[121.533084,24.985047],[121.533113,24.985042],[121.533176,24.985042]]]}},{"type":"Feature","properties":{"id":"4c8ac1c434d1","name":"新北市私立莊敬高級工業家事職業學校永和分部","level":"大專","basis":"branch","data_ym":"201711"},"geometry":{"type":"Polygon","coordinates":[[[121.519656,25.015947],[121.519984,25.015258],[121.519307,25.014976],[121.519101,25.01545],[121.519028,25.015431],[121.518899,25.015837],[121.519656,25.015947]]]}},{"type":"Feature","properties":{"id":"7e1cdb80b434","name":"新北市私立莊敬高級工業家事職業學校附設汽車駕駛人訓練班","level":"其他","basis":"none","data_ym":"202508"},"geometry":{"type":"Polygon","coordinates":[[[121.532428,24.986177],[121.532234,24.986003],[121.532047,24.98581],[121.531709,24.985476],[121.531658,24.98552],[121.531514,24.985687],[121.531259,24.985963],[121.530645,24.986508],[121.530714,24.986589],[121.530813,24.986735],[121.531003,24.986936],[121.531195,24.987119],[121.531861,24.986615],[121.532428,24.986177]]]}},{"type":"Feature","properties":{"id":"31f3581d92b5","name":"新北市私立復興高級商工職業學校","level":"高中職","basis":"name","data_ym":"201804"},"geometry":{"type":"Polygon","coordinates":[[[121.519132,25.003528],[121.519153,25.003261],[121.518002,25.003467],[121.517996,25.003476],[121.517824,25.003917],[121.517958,25.003955],[121.518597,25.004119],[121.51896,25.004192],[121.519273,25.004188],[121.519506,25.004129],[121.519538,25.004017],[121.518984,25.003763],[121.519114,25.003555],[121.519126,25.003529],[121.519132,25.003528]]]}},{"type":"Feature","properties":{"id":"733e11847359","name":"新北市私立智光高級商工職業學校","level":"高中職","basis":"name","data_ym":"202310"},"geometry":{"type":"Polygon","coordinates":[[[121.515244,24.994764],[121.51526,24.994694],[121.51509,24.994639],[121.515034,24.99461],[121.514948,24.994546],[121.514725,24.994342],[121.514637,24.994195],[121.514484,24.994051],[121.514402,24.993943],[121.514397,24.993829],[121.51435,24.99373],[121.514332,24.993704],[121.514276,24.993664],[121.51406,24.993534],[121.514019,24.993634],[121.513908,24.993856],[121.513792,24.994046],[121.513781,24.994108],[121.5138,24.994111],[121.513852,24.994209],[121.513806,24.994272],[121.513856,24.99433],[121.513886,24.99434],[121.513923,24.99439],[121.513946,24.994386],[121.513974,24.994394],[121.514037,24.994462],[121.514082,24.994431],[121.514096,24.99443],[121.514154,24.994459],[121.513918,24.994614],[121.514044,24.994773],[121.514149,24.99489],[121.514133,24.994902],[121.514248,24.995037],[121.514218,24.995065],[121.51425,24.995105],[121.514123,24.995196],[121.514162,24.995246],[121.514203,24.99529],[121.514272,24.99539],[121.514339,24.995497],[121.514176,24.99561],[121.514298,24.99575],[121.514542,24.995526],[121.514641,24.995443],[121.514805,24.995288],[121.514963,24.995152],[121.514882,24.99506],[121.514969,24.994992],[121.515024,24.99498],[121.515212,24.994839],[121.515253,24.99477],[121.515244,24.994764]]]}},{"type":"Feature","properties":{"id":"09bc5654475f","name":"新北市私立華美國際美國學校","level":"其他","basis":"none","data_ym":"202110"},"geometry":{"type":"Polygon","coordinates":[[[121.369499,25.079674],[121.369037,25.079302],[121.368871,25.079474],[121.368783,25.079406],[121.368638,25.07956],[121.369136,25.079977],[121.369173,25.079984],[121.369206,25.079973],[121.369504,25.079732],[121.36951,25.079703],[121.369499,25.079674]]]}},{"type":"Feature","properties":{"id":"32f6facc180a","name":"新北市私立聖心女子高級中學","level":"高中職","basis":"name","data_ym":"201710"},"geometry":{"type":"Polygon","coordinates":[[[121.450436,25.134501],[121.45042,25.134498],[121.45029,25.134437],[121.449935,25.134378],[121.44945,25.134282],[121.449382,25.134274],[121.449401,25.134226],[121.449397,25.134209],[121.449413,25.134134],[121.449546,25.133843],[121.449507,25.133829],[121.449383,25.134087],[121.449126,25.134],[121.448986,25.134009],[121.448921,25.134076],[121.448715,25.134012],[121.448307,25.133871],[121.44818,25.133989],[121.44825,25.134636],[121.4482,25.134694],[121.448124,25.134676],[121.447961,25.134703],[121.447776,25.134763],[121.447562,25.134877],[121.447315,25.135342],[121.447335,25.135507],[121.447826,25.135733],[121.447896,25.135812],[121.447735,25.136187],[121.447711,25.136233],[121.447714,25.136268],[121.447927,25.136546],[121.44802,25.136563],[121.448066,25.136582],[121.448114,25.136622],[121.448186,25.136704],[121.448206,25.136754],[121.448209,25.136775],[121.448199,25.136815],[121.448205,25.136864],[121.448219,25.136897],[121.448245,25.136924],[121.448286,25.136955],[121.448336,25.136972],[121.44845,25.136975],[121.448521,25.136965],[121.44859,25.136937],[121.448823,25.136794],[121.449086,25.136643],[121.449228,25.136542],[121.449295,25.136455],[121.449337,25.136366],[121.44937,25.136235],[121.449392,25.136064],[121.4494,25.135923],[121.449393,25.135621],[121.449409,25.135498],[121.449428,25.135439],[121.449602,25.135541],[121.449599,25.13603],[121.449696,25.136539],[121.449819,25.136051],[121.449883,25.135824],[121.449948,25.135627],[121.449943,25.135625],[121.449985,25.13551],[121.450068,25.13531],[121.450436,25.134501]]]}},{"type":"Feature","properties":{"id":"9c1c2f958b69","name":"新北市私立聖心國民小學","level":"國小","basis":"both","data_ym":"202508"},"geometry":{"type":"Polygon","coordinates":[[[121.448307,25.133871],[121.448715,25.134012],[121.448921,25.134076],[121.448986,25.134009],[121.449126,25.134],[121.449383,25.134087],[121.449507,25.133829],[121.449546,25.133843],[121.449413,25.134134],[121.449397,25.134209],[121.449401,25.134226],[121.449382,25.134274],[121.44945,25.134282],[121.449935,25.134378],[121.45029,25.134437],[121.45042,25.134498],[121.450436,25.134501],[121.450801,25.133725],[121.450521,25.133659],[121.450173,25.133559],[121.449954,25.133502],[121.449794,25.133424],[121.44971,25.133375],[121.449669,25.133343],[121.449523,25.133207],[121.449473,25.133168],[121.449452,25.133156],[121.449419,25.133155],[121.449389,25.133162],[121.449358,25.133183],[121.44932,25.133219],[121.449157,25.133435],[121.449124,25.133469],[121.449089,25.133495],[121.449007,25.133535],[121.448794,25.133622],[121.448651,25.133714],[121.448554,25.133815],[121.448526,25.13383],[121.448474,25.133843],[121.448307,25.133871]]]}},{"type":"Feature","properties":{"id":"d75222f0b9e1","name":"新北市私立裕德高級中學","level":"高中職","basis":"both","data_ym":"202111"},"geometry":{"type":"Polygon","coordinates":[[[121.439648,24.983413],[121.440786,24.983172],[121.440835,24.983156],[121.440772,24.98285],[121.440731,24.982807],[121.440687,24.982774],[121.440661,24.982727],[121.440418,24.982167],[121.440304,24.981814],[121.439208,24.982161],[121.439275,24.982341],[121.43945,24.982715],[121.439455,24.982736],[121.439473,24.982731],[121.439544,24.983001],[121.439526,24.983005],[121.439622,24.98337],[121.439636,24.983367],[121.439648,24.983413]]]}},{"type":"Feature","properties":{"id":"2bbebc589f1a","name":"新北市私立福瑞斯特高級中學","level":"國中","basis":"moe","data_ym":"202311"},"geometry":{"type":"Polygon","coordinates":[[[121.438319,24.975538],[121.437303,24.97553],[121.437139,24.975537],[121.437137,24.97554],[121.437123,24.975602],[121.437109,24.975727],[121.43721,24.976164],[121.437277,24.976263],[121.437353,24.976394],[121.437388,24.976473],[121.437446,24.976651],[121.437515,24.976791],[121.437595,24.976925],[121.437677,24.977042],[121.437738,24.977144],[121.437758,24.977191],[121.437793,24.977403],[121.437806,24.97744],[121.437817,24.977449],[121.438509,24.977156],[121.438421,24.976266],[121.438319,24.975538]]]}},{"type":"Feature","properties":{"id":"0d22bab2f965","name":"新北市私立穀保高級家事商業職業學校","level":"高中職","basis":"name","data_ym":"201311"},"geometry":{"type":"Polygon","coordinates":[[[121.471616,25.069269],[121.472181,25.069276],[121.472218,25.068305],[121.472077,25.068304],[121.471871,25.068309],[121.471472,25.068335],[121.470979,25.068355],[121.470957,25.068372],[121.470945,25.068388],[121.470937,25.06841],[121.470947,25.069016],[121.470948,25.069486],[121.470958,25.070036],[121.470956,25.070132],[121.47151,25.070144],[121.471642,25.070144],[121.471639,25.069956],[121.471628,25.069759],[121.471616,25.069269]]]}},{"type":"Feature","properties":{"id":"3467c0b4c60e","name":"新北市私立樹人高級家事商業職業學校","level":"高中職","basis":"name","data_ym":"201804"},"geometry":{"type":"Polygon","coordinates":[[[121.419491,24.995584],[121.419568,24.995457],[121.419677,24.99552],[121.419812,24.995291],[121.420172,24.995472],[121.420179,24.995457],[121.41956,24.994721],[121.419345,24.994453],[121.419149,24.99422],[121.418854,24.993858],[121.418693,24.993971],[121.418662,24.994258],[121.418643,24.994537],[121.418641,24.994632],[121.418653,24.99469],[121.418786,24.995069],[121.418812,24.995096],[121.419078,24.995247],[121.4192,24.995403],[121.419294,24.995466],[121.419415,24.995505],[121.419426,24.995513],[121.419466,24.995568],[121.41949,24.995591],[121.419491,24.995584]]]}},{"type":"Feature","properties":{"id":"ecbea147bf7e","name":"新北市私立豫章高級工商職業學校","level":"高中職","basis":"name","data_ym":"202310"},"geometry":{"type":"Polygon","coordinates":[[[121.459515,24.996873],[121.458622,24.996795],[121.458552,24.997032],[121.45851,24.997089],[121.458309,24.997212],[121.458264,24.997236],[121.458249,24.997262],[121.458231,24.997323],[121.458633,24.997405],[121.458653,24.997404],[121.45876,24.997423],[121.458772,24.997385],[121.459269,24.997508],[121.459411,24.997533],[121.459515,24.996873]]]}},{"type":"Feature","properties":{"id":"bb4b5d9cfa9d","name":"新北市私立醒吾高級中學","level":"高中職","basis":"both","data_ym":"202201"},"geometry":{"type":"Polygon","coordinates":[[[121.396798,25.080416],[121.396668,25.080285],[121.396397,25.079985],[121.396379,25.079993],[121.396296,25.079849],[121.396048,25.079454],[121.396057,25.07945],[121.396,25.079353],[121.395446,25.079661],[121.395526,25.080019],[121.395077,25.080101],[121.395036,25.080083],[121.395025,25.080064],[121.394967,25.0798],[121.394566,25.079875],[121.394584,25.080455],[121.394589,25.080499],[121.395534,25.080338],[121.395623,25.080706],[121.39655,25.080502],[121.396798,25.080416]]]}},{"type":"Feature","properties":{"id":"25f72f46670d","name":"新北市私立辭修高級中學","level":"高中職","basis":"name","data_ym":"202510"},"geometry":{"type":"Polygon","coordinates":[[[121.409136,24.933328],[121.409454,24.933115],[121.409564,24.933238],[121.409615,24.933184],[121.409857,24.933307],[121.409989,24.933093],[121.409729,24.932933],[121.409523,24.932735],[121.409801,24.932457],[121.410092,24.932528],[121.41037,24.932359],[121.410485,24.932412],[121.410701,24.932362],[121.410915,24.93219],[121.410815,24.931823],[121.410801,24.931593],[121.410537,24.931426],[121.410432,24.931391],[121.410414,24.931465],[121.410243,24.931589],[121.410182,24.93174],[121.41015,24.931781],[121.410058,24.931877],[121.409984,24.931944],[121.409846,24.932043],[121.409708,24.932152],[121.409674,24.932173],[121.409638,24.932182],[121.409611,24.932177],[121.409591,24.932163],[121.409562,24.932133],[121.409518,24.932075],[121.409508,24.932063],[121.409486,24.93201],[121.409467,24.931955],[121.40943,24.931911],[121.409392,24.931936],[121.409353,24.931977],[121.409092,24.93166],[121.408902,24.931761],[121.40877,24.931599],[121.408059,24.93195],[121.407624,24.932175],[121.407268,24.932377],[121.407189,24.932539],[121.407215,24.93255],[121.407331,24.932582],[121.40736,24.932604],[121.407398,24.932621],[121.40748,24.932646],[121.407545,24.93266],[121.407638,24.93267],[121.407687,24.932668],[121.407753,24.93266],[121.407822,24.932632],[121.407925,24.932748],[121.40795,24.932754],[121.40807,24.932708],[121.408137,24.932695],[121.408232,24.932792],[121.408208,24.933022],[121.408359,24.933192],[121.408276,24.933372],[121.408468,24.933449],[121.408452,24.933487],[121.408676,24.933586],[121.408792,24.933624],[121.408805,24.933588],[121.408838,24.933534],[121.409136,24.933328]]]}},{"type":"Feature","properties":{"id":"43219df6c796","name":"新北市坪林區坪林國民小學","level":"國小","basis":"both","data_ym":"201901"},"geometry":{"type":"Polygon","coordinates":[[[121.711402,24.935897],[121.711313,24.935832],[121.711243,24.935816],[121.711165,24.935747],[121.711033,24.935789],[121.710689,24.935863],[121.710649,24.935868],[121.710593,24.935864],[121.710483,24.935842],[121.710444,24.935961],[121.710313,24.936235],[121.710723,24.93639],[121.710756,24.936502],[121.710811,24.936575],[121.710915,24.936682],[121.710948,24.936762],[121.711051,24.936807],[121.711245,24.936914],[121.711257,24.936914],[121.711266,24.93691],[121.711419,24.936692],[121.711492,24.936599],[121.711559,24.936502],[121.711564,24.936489],[121.711478,24.936323],[121.711278,24.936002],[121.711402,24.935897]]]}},{"type":"Feature","properties":{"id":"3f318fb6c1a8","name":"新北市坪林區坪林國民小學漁光分班","level":"其他","basis":"none","data_ym":"202508"},"geometry":{"type":"Polygon","coordinates":[[[121.736509,24.96131],[121.736605,24.961151],[121.73663,24.961173],[121.736962,24.961213],[121.736995,24.961036],[121.737126,24.960986],[121.737219,24.960939],[121.737467,24.960751],[121.737444,24.960622],[121.737396,24.960538],[121.737291,24.960587],[121.737162,24.96064],[121.737075,24.959988],[121.73702,24.959765],[121.73684,24.959839],[121.736762,24.959881],[121.73673,24.959892],[121.736734,24.960081],[121.736732,24.960259],[121.73672,24.960346],[121.736687,24.960491],[121.736652,24.960576],[121.736616,24.960627],[121.736526,24.960735],[121.736479,24.96081],[121.736431,24.960956],[121.736419,24.961018],[121.736419,24.961108],[121.736436,24.961204],[121.736459,24.961267],[121.736485,24.961305],[121.736495,24.961313],[121.736509,24.96131]]]}},{"type":"Feature","properties":{"id":"5de5a4d3eb47","name":"新北市坪林區英速魔法學院闊瀨校區","level":"大專","basis":"branch","data_ym":"202508"},"geometry":{"type":"Polygon","coordinates":[[[121.770969,24.965633],[121.771028,24.965557],[121.771045,24.965567],[121.771181,24.965399],[121.771119,24.965356],[121.771052,24.965322],[121.770969,24.965304],[121.770865,24.965298],[121.77072,24.965255],[121.770315,24.965111],[121.770291,24.965099],[121.770144,24.965053],[121.770035,24.965073],[121.769918,24.965115],[121.769925,24.965137],[121.76976,24.965159],[121.769871,24.965232],[121.770035,24.965199],[121.770159,24.965189],[121.770247,24.9652],[121.770567,24.965365],[121.770558,24.965378],[121.770676,24.965449],[121.770639,24.965494],[121.770676,24.965518],[121.770713,24.965472],[121.770969,24.965633]]]}},{"type":"Feature","properties":{"id":"f80ef8b21c6a","name":"新北市板橋區大觀國民小學","level":"國小","basis":"both","data_ym":"201811"},"geometry":{"type":"Polygon","coordinates":[[[121.448201,25.008043],[121.447804,25.008567],[121.448017,25.009469],[121.449838,25.009629],[121.449939,25.008683],[121.449852,25.008644],[121.449823,25.00862],[121.449802,25.008581],[121.449496,25.008564],[121.449462,25.008573],[121.449439,25.008591],[121.449445,25.008531],[121.449283,25.008511],[121.449315,25.008551],[121.449319,25.008577],[121.449263,25.00857],[121.449216,25.008542],[121.449098,25.008504],[121.448875,25.008452],[121.448636,25.008356],[121.448513,25.008284],[121.448425,25.008223],[121.448201,25.008043]]]}},{"type":"Feature","properties":{"id":"7de955f3b14d","name":"新北市板橋區中山國民小學","level":"國小","basis":"both","data_ym":"202112"},"geometry":{"type":"Polygon","coordinates":[[[121.449167,25.002437],[121.448591,25.000867],[121.447454,25.001248],[121.447443,25.001267],[121.447339,25.001297],[121.447303,25.001357],[121.447442,25.001719],[121.44771,25.002443],[121.447818,25.002697],[121.447825,25.002702],[121.448035,25.002671],[121.448203,25.002638],[121.448247,25.002618],[121.44862,25.002535],[121.449167,25.002437]]]}},{"type":"Feature","properties":{"id":"fc2c91089aee","name":"新北市板橋區文聖國民小學","level":"國小","basis":"both","data_ym":"201901"},"geometry":{"type":"Polygon","coordinates":[[[121.477647,25.029309],[121.477668,25.029238],[121.477684,25.029245],[121.477744,25.029125],[121.477823,25.029086],[121.47802,25.028703],[121.478246,25.028296],[121.478041,25.028191],[121.477785,25.028094],[121.477674,25.028153],[121.477348,25.028248],[121.477236,25.028268],[121.477083,25.028282],[121.476899,25.028288],[121.476685,25.028267],[121.476593,25.028274],[121.476289,25.028221],[121.476208,25.028868],[121.476266,25.02889],[121.476256,25.028981],[121.47619,25.029285],[121.476164,25.029281],[121.476134,25.02936],[121.477039,25.029701],[121.477459,25.029877],[121.477691,25.029392],[121.477647,25.029309]]]}},{"type":"Feature","properties":{"id":"73dc71f8f1fe","name":"新北市板橋區文德國民小學","level":"國小","basis":"both","data_ym":"201901"},"geometry":{"type":"Polygon","coordinates":[[[121.459223,25.022592],[121.459679,25.021818],[121.459963,25.021459],[121.459972,25.02144],[121.459938,25.021417],[121.459905,25.021409],[121.45942,25.021404],[121.458468,25.022086],[121.458375,25.022239],[121.458355,25.022235],[121.458311,25.022302],[121.458447,25.022666],[121.458766,25.023401],[121.458814,25.023432],[121.459112,25.023598],[121.459472,25.023785],[121.459952,25.023019],[121.459957,25.022995],[121.459944,25.022977],[121.459252,25.02264],[121.459231,25.022625],[121.459222,25.022611],[121.459223,25.022592]]]}},{"type":"Feature","properties":{"id":"82fa5734d75f","name":"新北市板橋區江翠國民小學","level":"國小","basis":"both","data_ym":"202311"},"geometry":{"type":"Polygon","coordinates":[[[121.474123,25.032196],[121.474106,25.032187],[121.474092,25.032185],[121.474016,25.032196],[121.473897,25.032082],[121.473911,25.03207],[121.473912,25.03205],[121.473908,25.032039],[121.4739,25.032027],[121.473884,25.03202],[121.47387,25.032019],[121.473856,25.032023],[121.473833,25.031996],[121.473849,25.031984],[121.473851,25.031965],[121.473791,25.031898],[121.473797,25.031891],[121.47379,25.031845],[121.473446,25.031479],[121.473136,25.031705],[121.472972,25.031818],[121.472982,25.031835],[121.472689,25.03207],[121.472648,25.032075],[121.472349,25.032327],[121.472425,25.032374],[121.473181,25.032913],[121.473792,25.033356],[121.473814,25.033331],[121.473796,25.033317],[121.473915,25.033201],[121.473982,25.033166],[121.474078,25.033055],[121.474339,25.032825],[121.474517,25.032681],[121.474519,25.032642],[121.474232,25.032335],[121.474123,25.032196]]]}},{"type":"Feature","properties":{"id":"1bbb441ab272","name":"新北市板橋區沙崙國民小學","level":"國小","basis":"both","data_ym":"201901"},"geometry":{"type":"Polygon","coordinates":[[[121.430548,24.989665],[121.429906,24.988663],[121.429314,24.988993],[121.428967,24.989221],[121.428962,24.989235],[121.428958,24.989277],[121.429206,24.989626],[121.42936,24.98987],[121.429486,24.990098],[121.429667,24.990351],[121.429755,24.990462],[121.429937,24.990668],[121.4301,24.990924],[121.430141,24.990964],[121.43015,24.990966],[121.430168,24.990965],[121.431019,24.990577],[121.430512,24.98968],[121.430548,24.989665]]]}},{"type":"Feature","properties":{"id":"de3115bfab62","name":"新北市板橋區板橋國民小學","level":"國小","basis":"both","data_ym":"201803"},"geometry":{"type":"Polygon","coordinates":[[[121.458596,25.011124],[121.458133,25.010669],[121.457936,25.010835],[121.457802,25.010706],[121.457439,25.010976],[121.457219,25.011129],[121.456931,25.011372],[121.456552,25.011669],[121.456524,25.011647],[121.456236,25.011852],[121.456281,25.011854],[121.456354,25.011891],[121.456312,25.011959],[121.456282,25.011977],[121.456252,25.011987],[121.456387,25.012063],[121.456389,25.012001],[121.456435,25.011938],[121.456931,25.012222],[121.456885,25.012272],[121.456874,25.012279],[121.456846,25.01228],[121.456941,25.012331],[121.456938,25.012312],[121.456956,25.012286],[121.456993,25.012255],[121.457029,25.012276],[121.457068,25.012289],[121.457211,25.01228],[121.457238,25.012297],[121.457204,25.01233],[121.457287,25.012406],[121.457381,25.012304],[121.457387,25.012305],[121.457428,25.012269],[121.457444,25.012265],[121.457765,25.011951],[121.457825,25.011855],[121.458154,25.011523],[121.458596,25.011124]]]}},{"type":"Feature","properties":{"id":"c71124188901","name":"新北市板橋區信義國民小學","level":"國小","basis":"both","data_ym":"201901"},"geometry":{"type":"Polygon","coordinates":[[[121.452179,24.992216],[121.452658,24.991895],[121.452898,24.991744],[121.453266,24.991486],[121.45314,24.991329],[121.453136,24.991332],[121.453085,24.991261],[121.452806,24.990916],[121.452244,24.990203],[121.4511,24.99095],[121.451334,24.991243],[121.451805,24.991918],[121.451896,24.992025],[121.451937,24.991999],[121.452104,24.992216],[121.452157,24.992186],[121.452179,24.992216]]]}},{"type":"Feature","properties":{"id":"ebd7e2881bd0","name":"新北市板橋區後埔國民小學","level":"國小","basis":"both","data_ym":"201901"},"geometry":{"type":"Polygon","coordinates":[[[121.464285,25.003239],[121.463486,25.003101],[121.463461,25.003121],[121.463458,25.003139],[121.463277,25.003104],[121.463248,25.003067],[121.462667,25.002976],[121.462487,25.003884],[121.464106,25.004152],[121.464285,25.003239]]]}},{"type":"Feature","properties":{"id":"834f502131ea","name":"新北市板橋區重慶國民小學","level":"國小","basis":"both","data_ym":"201901"},"geometry":{"type":"Polygon","coordinates":[[[121.462563,24.993742],[121.462543,24.993737],[121.46253,24.993739],[121.46251,24.993759],[121.462481,24.993883],[121.462401,24.994472],[121.462344,24.994779],[121.462707,24.994944],[121.462894,24.995043],[121.462978,24.995104],[121.463062,24.995173],[121.463248,24.995349],[121.463353,24.995459],[121.464045,24.994391],[121.464046,24.994382],[121.464039,24.994373],[121.463534,24.99415],[121.462563,24.993742]]]}},{"type":"Feature","properties":{"id":"786c6cdf5f40","name":"新北市板橋區重慶國民小學1","level":"國小","basis":"both","data_ym":"201311"},"geometry":{"type":"Polygon","coordinates":[[[121.462331,24.994903],[121.462291,24.994914],[121.46228,24.994927],[121.462146,24.995513],[121.462153,24.995546],[121.462172,24.995566],[121.462224,24.995577],[121.462611,24.995641],[121.462771,24.995092],[121.462687,24.995047],[121.462597,24.995008],[121.462331,24.994903]]]}},{"type":"Feature","properties":{"id":"4d47b2e4db39","name":"新北市板橋區埔墘國民小學","level":"國小","basis":"both","data_ym":"201901"},"geometry":{"type":"Polygon","coordinates":[[[121.474693,25.019337],[121.474689,25.019336],[121.474693,25.019301],[121.4747,25.019302],[121.474967,25.018677],[121.475069,25.018453],[121.47522,25.018179],[121.474949,25.01806],[121.47469,25.017985],[121.474286,25.017737],[121.474197,25.0179],[121.474036,25.018267],[121.473688,25.019002],[121.473696,25.019018],[121.47412,25.019307],[121.474529,25.019572],[121.474681,25.019346],[121.474693,25.019337]]]}},{"type":"Feature","properties":{"id":"4a4f46ea0c91","name":"新北市板橋區海山國民小學","level":"國小","basis":"both","data_ym":"201901"},"geometry":{"type":"Polygon","coordinates":[[[121.470802,25.009565],[121.470826,25.009549],[121.470838,25.009549],[121.470978,25.009239],[121.471005,25.009222],[121.471014,25.009205],[121.471021,25.00918],[121.471015,25.009151],[121.471062,25.009054],[121.471077,25.009061],[121.471111,25.008997],[121.471094,25.008989],[121.471096,25.008986],[121.470166,25.008607],[121.470138,25.008607],[121.469666,25.009515],[121.469677,25.009536],[121.47064,25.009925],[121.470713,25.009791],[121.47071,25.009773],[121.470717,25.009751],[121.470745,25.009734],[121.470806,25.00962],[121.470798,25.009598],[121.470802,25.009565]]]}},{"type":"Feature","properties":{"id":"3ba384870603","name":"新北市板橋區國光國民小學","level":"國小","basis":"both","data_ym":"201901"},"geometry":{"type":"Polygon","coordinates":[[[121.453507,25.019471],[121.453398,25.0194],[121.453297,25.019311],[121.453138,25.019152],[121.453086,25.019075],[121.452946,25.019022],[121.452971,25.018848],[121.452895,25.018545],[121.452888,25.018484],[121.452883,25.018374],[121.452898,25.018268],[121.452964,25.018012],[121.452959,25.017997],[121.452411,25.018121],[121.452357,25.018122],[121.452325,25.01814],[121.45163,25.01829],[121.451594,25.018322],[121.451584,25.018338],[121.451578,25.018352],[121.451574,25.01838],[121.451603,25.018546],[121.451614,25.018546],[121.451644,25.018653],[121.451768,25.019027],[121.452172,25.020196],[121.452357,25.02011],[121.45335,25.0197],[121.453507,25.019471]]]}},{"type":"Feature","properties":{"id":"4f825b84c905","name":"新北市板橋區莒光國民小學","level":"國小","basis":"both","data_ym":"201901"},"geometry":{"type":"Polygon","coordinates":[[[121.474409,25.025091],[121.474381,25.025079],[121.474357,25.025082],[121.474346,25.02509],[121.474253,25.02496],[121.474107,25.024689],[121.474059,25.024567],[121.474018,25.024555],[121.47394,25.024547],[121.473814,25.024544],[121.473724,25.02455],[121.473628,25.024562],[121.473437,25.0246],[121.473293,25.024637],[121.473144,25.024686],[121.472983,25.024758],[121.472918,25.024795],[121.472889,25.024782],[121.472864,25.024788],[121.472478,25.024987],[121.472718,25.025319],[121.473497,25.026431],[121.473974,25.026141],[121.474058,25.026094],[121.474309,25.025934],[121.47441,25.025861],[121.474496,25.025786],[121.474745,25.025521],[121.474816,25.025422],[121.474815,25.02541],[121.474801,25.025388],[121.474507,25.025199],[121.474437,25.025128],[121.474409,25.025091]]]}},{"type":"Feature","properties":{"id":"65db4aa5b3de","name":"新北市板橋區新埔國民小學","level":"國小","basis":"both","data_ym":"201901"},"geometry":{"type":"Polygon","coordinates":[[[121.463625,25.026153],[121.462592,25.025602],[121.461794,25.026874],[121.46276,25.027412],[121.462802,25.027432],[121.462818,25.027429],[121.46283,25.027423],[121.462895,25.027313],[121.46325,25.026758],[121.463232,25.02675],[121.463625,25.026153]]]}},{"type":"Feature","properties":{"id":"4a9638cad41c","name":"新北市板橋區溪洲國民小學","level":"國小","basis":"both","data_ym":"201901"},"geometry":{"type":"Polygon","coordinates":[[[121.431891,24.98756],[121.43233,24.987339],[121.432694,24.987144],[121.432122,24.986427],[121.431636,24.985841],[121.43042,24.986787],[121.430893,24.98741],[121.430889,24.987412],[121.43092,24.987459],[121.430927,24.987455],[121.431242,24.987871],[121.431293,24.987871],[121.4315,24.987768],[121.431891,24.98756]]]}},{"type":"Feature","properties":{"id":"822a99156584","name":"新北市板橋區實踐國民小學","level":"國小","basis":"both","data_ym":"201901"},"geometry":{"type":"Polygon","coordinates":[[[121.467115,25.005226],[121.466969,25.004844],[121.46695,25.00482],[121.466922,25.004799],[121.466889,25.004789],[121.466442,25.004934],[121.466453,25.004961],[121.466279,25.005009],[121.466243,25.005],[121.465852,25.005132],[121.465845,25.005157],[121.465963,25.005463],[121.466161,25.005979],[121.466251,25.006172],[121.466281,25.006188],[121.467041,25.005957],[121.467323,25.005883],[121.467332,25.005874],[121.467344,25.005856],[121.467343,25.005842],[121.467266,25.005644],[121.467115,25.005226]]]}},{"type":"Feature","properties":{"id":"e5d1e54aec05","name":"新北市林口區東湖國民小學","level":"國小","basis":"both","data_ym":"202510"},"geometry":{"type":"Polygon","coordinates":[[[121.381383,25.075546],[121.381319,25.075532],[121.381283,25.075536],[121.381234,25.07556],[121.380551,25.076189],[121.380886,25.076492],[121.381073,25.076656],[121.381467,25.076774],[121.381408,25.076943],[121.381881,25.077086],[121.38225,25.077191],[121.382266,25.07718],[121.382814,25.076279],[121.382825,25.07625],[121.381485,25.075589],[121.381383,25.075546]]]}},{"type":"Feature","properties":{"id":"7c819b53c9bc","name":"新北市林口區林口國民小學","level":"國小","basis":"both","data_ym":"201901"},"geometry":{"type":"Polygon","coordinates":[[[121.390167,25.08068],[121.390371,25.080425],[121.390884,25.08079],[121.391118,25.080923],[121.391454,25.080392],[121.391563,25.080192],[121.391528,25.080172],[121.391323,25.080001],[121.390912,25.079715],[121.390595,25.079517],[121.390591,25.079522],[121.390525,25.079485],[121.390538,25.079467],[121.390445,25.079407],[121.390432,25.079404],[121.390229,25.079624],[121.39008,25.079521],[121.389734,25.079986],[121.389324,25.080517],[121.389344,25.080594],[121.389681,25.080833],[121.389621,25.080916],[121.389758,25.08109],[121.389963,25.080889],[121.390057,25.080805],[121.390167,25.08068]]]}},{"type":"Feature","properties":{"id":"b5c6f7a57bec","name":"新北市林口區南勢國民小學","level":"國小","basis":"both","data_ym":"201901"},"geometry":{"type":"Polygon","coordinates":[[[121.359328,25.075089],[121.358771,25.074303],[121.358732,25.074288],[121.358336,25.074496],[121.358311,25.074542],[121.358068,25.074673],[121.35805,25.074652],[121.357982,25.074689],[121.357995,25.074711],[121.357889,25.074768],[121.357859,25.074721],[121.357459,25.074936],[121.357455,25.074949],[121.357456,25.074969],[121.35806,25.075877],[121.358426,25.075663],[121.359328,25.075089]]]}},{"type":"Feature","properties":{"id":"c9745b731f49","name":"新北市林口區新林國民小學","level":"國小","basis":"both","data_ym":"201908"},"geometry":{"type":"Polygon","coordinates":[[[121.359033,25.068773],[121.359012,25.068759],[121.358994,25.068759],[121.358055,25.069124],[121.35777,25.069241],[121.358055,25.069767],[121.358126,25.069849],[121.358264,25.069989],[121.359211,25.070893],[121.359332,25.071],[121.359368,25.071011],[121.3594,25.071001],[121.359854,25.070275],[121.359966,25.070118],[121.359972,25.070093],[121.359965,25.070067],[121.359944,25.070032],[121.359416,25.069291],[121.359033,25.068773]]]}},{"type":"Feature","properties":{"id":"bda407694458","name":"新北市林口區瑞平國民小學","level":"國小","basis":"both","data_ym":"201901"},"geometry":{"type":"Polygon","coordinates":[[[121.350122,25.128694],[121.349808,25.128559],[121.349737,25.128524],[121.349329,25.128257],[121.34922,25.128197],[121.349117,25.128318],[121.349072,25.128378],[121.349044,25.128358],[121.348975,25.128476],[121.34895,25.128461],[121.348862,25.128628],[121.348977,25.128676],[121.34899,25.128645],[121.35,25.129008],[121.350126,25.12879],[121.350082,25.128769],[121.350122,25.128694]]]}},{"type":"Feature","properties":{"id":"1af0c6f707b6","name":"新北市林口區嘉寶國民小學","level":"國小","basis":"both","data_ym":"202109"},"geometry":{"type":"Polygon","coordinates":[[[121.33896,25.108801],[121.339178,25.108594],[121.339505,25.108637],[121.339571,25.108481],[121.339656,25.108233],[121.339669,25.108164],[121.339593,25.108138],[121.339638,25.107991],[121.339623,25.107977],[121.339623,25.107955],[121.339679,25.107838],[121.339532,25.107818],[121.339493,25.107799],[121.339476,25.107795],[121.339438,25.107801],[121.339176,25.107868],[121.339146,25.107912],[121.339087,25.108024],[121.339068,25.108051],[121.338996,25.10812],[121.338881,25.108168],[121.338759,25.108253],[121.338481,25.108513],[121.338399,25.108574],[121.33829,25.108637],[121.338188,25.108682],[121.338097,25.108729],[121.338353,25.108889],[121.338824,25.108818],[121.33896,25.108801]]]}},{"type":"Feature","properties":{"id":"e110129b8c87","name":"新北市林口區興福國民小學","level":"國小","basis":"both","data_ym":"201901"},"geometry":{"type":"Polygon","coordinates":[[[121.312347,25.113061],[121.312477,25.112869],[121.312542,25.112922],[121.312571,25.112933],[121.31261,25.112937],[121.312641,25.112936],[121.312701,25.112921],[121.312774,25.112882],[121.313633,25.111911],[121.313785,25.111705],[121.313636,25.111544],[121.313472,25.111344],[121.313364,25.111184],[121.313189,25.110877],[121.313027,25.110963],[121.312786,25.111297],[121.312559,25.11157],[121.31228,25.111806],[121.311683,25.112439],[121.311964,25.112722],[121.311988,25.112757],[121.312064,25.113021],[121.312072,25.113034],[121.312347,25.113061]]]}},{"type":"Feature","properties":{"id":"3d265110761c","name":"新北市林口區頭湖國民小學","level":"國小","basis":"both","data_ym":"201901"},"geometry":{"type":"Polygon","coordinates":[[[121.37328,25.082473],[121.372673,25.081711],[121.372303,25.081956],[121.371337,25.082616],[121.37109,25.082766],[121.370906,25.082887],[121.371523,25.083683],[121.372544,25.082998],[121.37308,25.082667],[121.373266,25.082542],[121.373284,25.082504],[121.37328,25.082473]]]}},{"type":"Feature","properties":{"id":"5bdabd4ed68b","name":"新北市林口區麗林國民小學","level":"國小","basis":"both","data_ym":"201901"},"geometry":{"type":"Polygon","coordinates":[[[121.368862,25.067844],[121.368477,25.06751],[121.36745,25.068259],[121.367439,25.068275],[121.367441,25.068285],[121.367555,25.06845],[121.368475,25.069392],[121.368517,25.06941],[121.368548,25.06941],[121.369592,25.068521],[121.369595,25.068503],[121.369585,25.068464],[121.369305,25.068218],[121.369282,25.068209],[121.369199,25.068149],[121.368862,25.067844]]]}},{"type":"Feature","properties":{"id":"4766888a9e86","name":"新北市林口區麗園國民小學","level":"國小","basis":"both","data_ym":"201901"},"geometry":{"type":"Polygon","coordinates":[[[121.377046,25.068468],[121.376579,25.068424],[121.376314,25.068407],[121.376299,25.068412],[121.376291,25.068426],[121.376295,25.06844],[121.376308,25.068448],[121.376146,25.068431],[121.376158,25.068423],[121.376162,25.06841],[121.376156,25.068398],[121.376143,25.068392],[121.375537,25.068338],[121.375393,25.069621],[121.37688,25.069813],[121.377061,25.068503],[121.377056,25.068481],[121.377046,25.068468]]]}},{"type":"Feature","properties":{"id":"dcb81f71961b","name":"新北市金山區三和國民小學","level":"國小","basis":"both","data_ym":"201901"},"geometry":{"type":"Polygon","coordinates":[[[121.602924,25.218623],[121.602883,25.218582],[121.602749,25.218606],[121.602712,25.218596],[121.602686,25.218568],[121.602646,25.218567],[121.602621,25.218556],[121.602593,25.218528],[121.602486,25.218349],[121.60242,25.218359],[121.602401,25.218388],[121.602327,25.218407],[121.602315,25.218399],[121.602246,25.218315],[121.602171,25.218217],[121.602105,25.218259],[121.60211,25.218328],[121.602128,25.218355],[121.602,25.21841],[121.601932,25.218448],[121.601919,25.218481],[121.60192,25.218526],[121.601842,25.218621],[121.601876,25.218746],[121.601983,25.218827],[121.60195,25.218871],[121.602086,25.218974],[121.602089,25.21898],[121.602013,25.219052],[121.602393,25.21935],[121.602448,25.219405],[121.602504,25.219361],[121.603031,25.218867],[121.603121,25.21879],[121.603013,25.218731],[121.602959,25.218633],[121.602924,25.218623]]]}},{"type":"Feature","properties":{"id":"f4d9447f3601","name":"新北市金山區中角國民小學","level":"國小","basis":"both","data_ym":"202310"},"geometry":{"type":"Polygon","coordinates":[[[121.631471,25.240073],[121.630976,25.239975],[121.630925,25.239893],[121.630877,25.239826],[121.630743,25.239714],[121.630473,25.239448],[121.630453,25.23944],[121.630383,25.239454],[121.630256,25.239511],[121.630177,25.239552],[121.63007,25.239648],[121.629918,25.23977],[121.629907,25.239759],[121.629657,25.239955],[121.629674,25.239976],[121.629953,25.240231],[121.629933,25.240252],[121.629984,25.240296],[121.630003,25.24028],[121.630172,25.240426],[121.630188,25.240411],[121.630217,25.240416],[121.630236,25.240408],[121.630243,25.240383],[121.630239,25.240357],[121.63065,25.240029],[121.630751,25.240049],[121.630835,25.240114],[121.630902,25.240196],[121.631302,25.240633],[121.631454,25.240509],[121.631518,25.240433],[121.631554,25.240369],[121.631586,25.240274],[121.631571,25.24024],[121.631471,25.240073]]]}},{"type":"Feature","properties":{"id":"d46dcd462948","name":"新北市金山區金山國民小學","level":"國小","basis":"both","data_ym":"201901"},"geometry":{"type":"Polygon","coordinates":[[[121.637045,25.224149],[121.637158,25.223983],[121.637216,25.223872],[121.637226,25.223822],[121.637227,25.223737],[121.637236,25.223713],[121.637287,25.223652],[121.637404,25.223539],[121.637454,25.223465],[121.637473,25.22342],[121.637502,25.223307],[121.637511,25.223257],[121.637695,25.22282],[121.6377,25.222792],[121.637685,25.222757],[121.637564,25.222633],[121.63755,25.222627],[121.637437,25.22261],[121.637426,25.222626],[121.637343,25.222617],[121.637319,25.222643],[121.637018,25.222573],[121.636811,25.222539],[121.63643,25.223002],[121.636276,25.223197],[121.636418,25.22329],[121.636487,25.223374],[121.636181,25.223564],[121.636062,25.223459],[121.635899,25.223659],[121.635899,25.223668],[121.635915,25.223719],[121.635947,25.223784],[121.63631,25.223992],[121.636408,25.224031],[121.636445,25.224064],[121.636499,25.224039],[121.63656,25.224047],[121.636612,25.224088],[121.63671,25.224145],[121.636885,25.224116],[121.637045,25.224149]]]}},{"type":"Feature","properties":{"id":"4c413f2d9bd4","name":"新北市金山區金美國民小學","level":"國小","basis":"both","data_ym":"201901"},"geometry":{"type":"Polygon","coordinates":[[[121.636154,25.221199],[121.636229,25.221122],[121.636487,25.221344],[121.636953,25.220883],[121.636928,25.220817],[121.635991,25.220199],[121.635897,25.220207],[121.63516,25.220989],[121.635179,25.221077],[121.635933,25.221438],[121.635909,25.221371],[121.63618,25.221227],[121.636154,25.221199]]]}},{"type":"Feature","properties":{"id":"06def6b74528","name":"新北市泰山區同榮國民小學","level":"國小","basis":"both","data_ym":"201901"},"geometry":{"type":"Polygon","coordinates":[[[121.42819,25.053387],[121.428034,25.053201],[121.427728,25.053315],[121.427692,25.053237],[121.427549,25.053294],[121.42732,25.053584],[121.427142,25.053769],[121.427156,25.053799],[121.426959,25.053878],[121.427019,25.054118],[121.427024,25.054122],[121.427021,25.054125],[121.427048,25.054234],[121.427258,25.054959],[121.427731,25.054883],[121.427843,25.054844],[121.428608,25.054443],[121.428333,25.053978],[121.428473,25.053774],[121.42819,25.053387]]]}},{"type":"Feature","properties":{"id":"7ca5ca462075","name":"新北市泰山區明志國民小學","level":"國小","basis":"both","data_ym":"202309"},"geometry":{"type":"Polygon","coordinates":[[[121.427648,25.045195],[121.427496,25.044936],[121.427624,25.044869],[121.427692,25.044773],[121.427815,25.04471],[121.427533,25.044223],[121.425892,25.045084],[121.42632,25.045831],[121.426346,25.045834],[121.426699,25.045654],[121.426777,25.045622],[121.427648,25.045195]]]}},{"type":"Feature","properties":{"id":"31c55941ad2d","name":"新北市泰山區泰山國民小學","level":"國小","basis":"both","data_ym":"201901"},"geometry":{"type":"Polygon","coordinates":[[[121.431981,25.060892],[121.431956,25.060816],[121.431863,25.060831],[121.431816,25.060677],[121.431075,25.060738],[121.431127,25.061747],[121.431098,25.061954],[121.431133,25.062061],[121.43097,25.062159],[121.431172,25.062508],[121.431779,25.062216],[121.431703,25.062069],[121.431883,25.061981],[121.431931,25.06195],[121.432031,25.061899],[121.432093,25.061882],[121.432119,25.061865],[121.432136,25.061845],[121.432151,25.061791],[121.432152,25.061757],[121.432115,25.061528],[121.432171,25.061515],[121.432091,25.061278],[121.431981,25.060892]]]}},{"type":"Feature","properties":{"id":"84653af6b329","name":"新北市泰山區義學國民小學","level":"國小","basis":"both","data_ym":"201901"},"geometry":{"type":"Polygon","coordinates":[[[121.432343,25.052249],[121.431909,25.051669],[121.4308,25.052198],[121.430435,25.052396],[121.430915,25.053173],[121.432392,25.052482],[121.432392,25.052437],[121.432287,25.052284],[121.432343,25.052249]]]}},{"type":"Feature","properties":{"id":"974ba779e78e","name":"新北市烏來區德拉楠民族實驗國民小學","level":"國小","basis":"name","data_ym":"202508"},"geometry":{"type":"Polygon","coordinates":[[[121.502252,24.776721],[121.502157,24.776684],[121.501964,24.776939],[121.501914,24.777299],[121.501898,24.777476],[121.501894,24.777603],[121.501901,24.777723],[121.502074,24.777685],[121.502317,24.777657],[121.502305,24.777577],[121.502446,24.777541],[121.502444,24.776893],[121.502145,24.776888],[121.502252,24.776721]]]}},{"type":"Feature","properties":{"id":"4350424ce694","name":"新北市貢寮區和美國民小學","level":"國小","basis":"both","data_ym":"201901"},"geometry":{"type":"Polygon","coordinates":[[[121.919781,25.112405],[121.919891,25.112198],[121.919718,25.112119],[121.919722,25.11211],[121.919519,25.112004],[121.919453,25.112139],[121.919382,25.112267],[121.91932,25.11224],[121.919268,25.112334],[121.919214,25.112403],[121.919405,25.112539],[121.919555,25.112636],[121.91958,25.112635],[121.919764,25.112445],[121.919781,25.112405]]]}},{"type":"Feature","properties":{"id":"d057e9c13939","name":"新北市貢寮區貢寮國民小學","level":"國小","basis":"both","data_ym":"201901"},"geometry":{"type":"Polygon","coordinates":[[[121.916223,25.022229],[121.915986,25.022022],[121.915781,25.021863],[121.915586,25.021728],[121.915472,25.021657],[121.915365,25.021602],[121.915309,25.021587],[121.915239,25.021579],[121.915115,25.021583],[121.91472,25.021616],[121.914335,25.021658],[121.914383,25.021847],[121.914498,25.021852],[121.914538,25.021917],[121.914574,25.021937],[121.914635,25.021942],[121.914688,25.02208],[121.914731,25.022121],[121.914872,25.022231],[121.914941,25.022294],[121.915041,25.022326],[121.915424,25.02219],[121.915464,25.022244],[121.915462,25.022265],[121.91542,25.022305],[121.91544,25.022318],[121.915423,25.022343],[121.915334,25.022438],[121.915296,25.022508],[121.915196,25.022664],[121.915183,25.022708],[121.915209,25.022753],[121.915299,25.022842],[121.915326,25.022894],[121.915322,25.022946],[121.915307,25.022977],[121.915593,25.022899],[121.916166,25.022768],[121.916376,25.022729],[121.916451,25.022721],[121.916476,25.022708],[121.916499,25.022684],[121.91653,25.022613],[121.91653,25.022526],[121.916508,25.022464],[121.916446,25.022405],[121.916223,25.022229]]]}},{"type":"Feature","properties":{"id":"584a4e9fe011","name":"新北市貢寮區福連國民小學","level":"國小","basis":"both","data_ym":"202508"},"geometry":{"type":"Polygon","coordinates":[[[121.989039,25.016112],[121.988683,25.016105],[121.988369,25.016117],[121.988354,25.016128],[121.988368,25.016318],[121.988369,25.016409],[121.988437,25.01641],[121.988438,25.016491],[121.988434,25.016557],[121.988368,25.016571],[121.988345,25.017148],[121.988955,25.017171],[121.988976,25.01715],[121.988983,25.017133],[121.988995,25.016843],[121.989009,25.016808],[121.989053,25.016768],[121.98907,25.016418],[121.989067,25.016401],[121.989034,25.016356],[121.989039,25.016112]]]}},{"type":"Feature","properties":{"id":"abc7f834bdb5","name":"新北市貢寮區福隆國民小學","level":"國小","basis":"both","data_ym":"202508"},"geometry":{"type":"Polygon","coordinates":[[[121.949694,25.016985],[121.948883,25.01663],[121.948946,25.016515],[121.948744,25.016415],[121.948752,25.0164],[121.948749,25.01637],[121.948731,25.016305],[121.948675,25.016283],[121.948341,25.016875],[121.948321,25.016866],[121.948181,25.017118],[121.948027,25.017411],[121.948821,25.017757],[121.94924,25.017897],[121.949297,25.017773],[121.949694,25.016985]]]}},{"type":"Feature","properties":{"id":"72cb4efe5b0d","name":"新北市貢寮區澳底國民小學","level":"國小","basis":"both","data_ym":"201901"},"geometry":{"type":"Polygon","coordinates":[[[121.925065,25.054271],[121.925006,25.054268],[121.924927,25.054273],[121.924856,25.054285],[121.924753,25.05431],[121.924663,25.05434],[121.924313,25.054478],[121.924435,25.054793],[121.924608,25.055132],[121.924805,25.055478],[121.924825,25.055474],[121.925333,25.055266],[121.92555,25.055147],[121.925832,25.055002],[121.925834,25.054996],[121.925648,25.054679],[121.925561,25.054541],[121.925517,25.054492],[121.925417,25.054406],[121.925348,25.054355],[121.925291,25.054325],[121.925218,25.0543],[121.925065,25.054271]]]}},{"type":"Feature","properties":{"id":"9ddc26179159","name":"新北市淡水區中泰國民小學","level":"國小","basis":"both","data_ym":"201901"},"geometry":{"type":"Polygon","coordinates":[[[121.484749,25.224465],[121.485032,25.224042],[121.485232,25.224077],[121.485195,25.223885],[121.484907,25.223956],[121.484877,25.223946],[121.484871,25.223929],[121.484769,25.22389],[121.48475,25.223899],[121.484735,25.223869],[121.484701,25.223887],[121.484618,25.223921],[121.484631,25.223959],[121.484464,25.224016],[121.484172,25.224495],[121.483963,25.224634],[121.483838,25.224793],[121.484038,25.224943],[121.484094,25.224974],[121.484283,25.225001],[121.484628,25.224871],[121.484704,25.224757],[121.48464,25.22472],[121.484795,25.224492],[121.484749,25.224465]]]}},{"type":"Feature","properties":{"id":"5b125aa309ed","name":"新北市淡水區天生國民小學","level":"國小","basis":"both","data_ym":"202510"},"geometry":{"type":"Polygon","coordinates":[[[121.425804,25.182228],[121.425843,25.182092],[121.425868,25.182077],[121.425931,25.180825],[121.425948,25.180448],[121.425943,25.180433],[121.425927,25.180427],[121.425907,25.18043],[121.425647,25.180558],[121.425588,25.180582],[121.424924,25.180802],[121.424864,25.180798],[121.424708,25.180827],[121.424415,25.180796],[121.424322,25.181441],[121.424326,25.181462],[121.424334,25.181463],[121.424263,25.181869],[121.424291,25.182059],[121.424318,25.182079],[121.42434,25.182128],[121.425275,25.182227],[121.425282,25.18221],[121.42534,25.18221],[121.425761,25.182225],[121.42576,25.182239],[121.425773,25.18224],[121.425798,25.182235],[121.425804,25.182228]]]}},{"type":"Feature","properties":{"id":"3f95383c7b0f","name":"新北市淡水區屯山國民小學","level":"國小","basis":"both","data_ym":"201901"},"geometry":{"type":"Polygon","coordinates":[[[121.455549,25.238042],[121.456164,25.237933],[121.456279,25.237938],[121.456304,25.237946],[121.456337,25.237973],[121.456364,25.238003],[121.456381,25.23804],[121.45642,25.237931],[121.456511,25.237924],[121.456346,25.237054],[121.456057,25.237096],[121.456019,25.236952],[121.455978,25.23691],[121.455937,25.236917],[121.455896,25.236776],[121.455581,25.236857],[121.455444,25.236672],[121.455289,25.236709],[121.455218,25.236791],[121.455242,25.236832],[121.455339,25.236832],[121.455342,25.236805],[121.455416,25.236806],[121.455431,25.236932],[121.455449,25.237143],[121.455361,25.237156],[121.455339,25.237246],[121.455245,25.237245],[121.455243,25.237664],[121.455201,25.237972],[121.45532,25.238028],[121.455376,25.23804],[121.455506,25.238045],[121.455549,25.238042]]]}},{"type":"Feature","properties":{"id":"5db3649bae4b","name":"新北市淡水區文化國民小學","level":"國小","basis":"both","data_ym":"201901"},"geometry":{"type":"Polygon","coordinates":[[[121.438451,25.175079],[121.438427,25.175005],[121.438339,25.174385],[121.438327,25.174205],[121.438167,25.174288],[121.437704,25.174498],[121.437683,25.17446],[121.438292,25.174155],[121.437923,25.173682],[121.437203,25.174027],[121.437029,25.174131],[121.436794,25.174281],[121.436827,25.174373],[121.437006,25.174772],[121.43713,25.175098],[121.437325,25.175026],[121.437609,25.175511],[121.438451,25.175079]]]}},{"type":"Feature","properties":{"id":"01e3345d12dc","name":"新北市淡水區水源國民小學","level":"國小","basis":"both","data_ym":"201901"},"geometry":{"type":"Polygon","coordinates":[[[121.477373,25.185798],[121.477199,25.185796],[121.476892,25.185778],[121.476722,25.185762],[121.476253,25.1857],[121.476064,25.185682],[121.475969,25.185668],[121.475872,25.185662],[121.475846,25.185705],[121.475765,25.18575],[121.475662,25.185819],[121.475543,25.185969],[121.475549,25.186075],[121.475628,25.186154],[121.47567,25.186181],[121.475995,25.186301],[121.47612,25.186339],[121.476181,25.186366],[121.476274,25.186383],[121.476489,25.186382],[121.476653,25.186377],[121.47676,25.186369],[121.476798,25.186333],[121.476909,25.186299],[121.477022,25.186272],[121.476982,25.18612],[121.477391,25.186072],[121.477397,25.185945],[121.477389,25.185822],[121.477383,25.185807],[121.477373,25.185798]]]}},{"type":"Feature","properties":{"id":"9d3b6ae583ad","name":"新北市淡水區竹圍國民小學","level":"國小","basis":"both","data_ym":"201901"},"geometry":{"type":"Polygon","coordinates":[[[121.461548,25.147783],[121.461285,25.147556],[121.461038,25.147394],[121.460962,25.147373],[121.460702,25.147374],[121.460552,25.147308],[121.460587,25.147212],[121.460689,25.147207],[121.46065,25.14682],[121.46052,25.146603],[121.459886,25.146577],[121.45983,25.146584],[121.459799,25.146596],[121.459778,25.146611],[121.459767,25.146634],[121.459765,25.146663],[121.459779,25.147076],[121.459774,25.147592],[121.460018,25.147599],[121.460158,25.14758],[121.460147,25.147987],[121.460166,25.148008],[121.460529,25.148054],[121.461014,25.148127],[121.461181,25.148177],[121.461456,25.148222],[121.461548,25.147783]]]}},{"type":"Feature","properties":{"id":"39a428bee03c","name":"新北市淡水區竹圍國民小學自強分校","level":"大專","basis":"branch","data_ym":"201901"},"geometry":{"type":"Polygon","coordinates":[[[121.463614,25.126039],[121.463684,25.125878],[121.463861,25.125937],[121.463872,25.125877],[121.46398,25.125906],[121.464002,25.125859],[121.464059,25.125762],[121.464096,25.125712],[121.464115,25.125534],[121.464075,25.12553],[121.464088,25.125448],[121.464027,25.12544],[121.464035,25.125381],[121.463649,25.125331],[121.46361,25.125643],[121.463545,25.125637],[121.463515,25.125833],[121.463548,25.125838],[121.463497,25.126019],[121.463549,25.126032],[121.463614,25.126039]]]}},{"type":"Feature","properties":{"id":"892c321ec376","name":"新北市淡水區育英國民小學","level":"國小","basis":"both","data_ym":"201901"},"geometry":{"type":"Polygon","coordinates":[[[121.445228,25.197151],[121.445048,25.196901],[121.444932,25.196938],[121.444823,25.19698],[121.444707,25.197011],[121.44461,25.197028],[121.44443,25.197052],[121.444902,25.197755],[121.444848,25.197789],[121.444976,25.19796],[121.445682,25.197532],[121.445628,25.19747],[121.44559,25.197436],[121.445333,25.197247],[121.445228,25.197151]]]}},{"type":"Feature","properties":{"id":"8b384af3c07a","name":"新北市淡水區坪頂國民小學","level":"國小","basis":"both","data_ym":"201901"},"geometry":{"type":"Polygon","coordinates":[[[121.484559,25.158028],[121.484133,25.157837],[121.483712,25.15763],[121.483574,25.157671],[121.483375,25.157745],[121.483327,25.157779],[121.483154,25.15796],[121.483054,25.158083],[121.483063,25.158093],[121.483115,25.158115],[121.483657,25.158335],[121.483907,25.158441],[121.484407,25.158639],[121.484442,25.158536],[121.484404,25.158419],[121.484424,25.158321],[121.484559,25.158028]]]}},{"type":"Feature","properties":{"id":"6b1440a171c5","name":"新北市淡水區忠山實驗小學","level":"國小","basis":"moe","data_ym":"202510"},"geometry":{"type":"Polygon","coordinates":[[[121.47982,25.200527],[121.479824,25.200502],[121.4804,25.20053],[121.480411,25.200356],[121.480145,25.200285],[121.479896,25.20023],[121.479544,25.200231],[121.4794,25.200223],[121.479137,25.200199],[121.478984,25.20018],[121.478955,25.20025],[121.479054,25.200339],[121.47913,25.200395],[121.479314,25.200551],[121.479404,25.2006],[121.479443,25.200519],[121.47978,25.200659],[121.47982,25.200527]]]}},{"type":"Feature","properties":{"id":"707eeb186b29","name":"新北市淡水區淡水國民小學","level":"國小","basis":"both","data_ym":"201311"},"geometry":{"type":"Polygon","coordinates":[[[121.440999,25.172041],[121.440878,25.172255],[121.440821,25.172233],[121.440759,25.17238],[121.441168,25.172345],[121.441333,25.172724],[121.441113,25.172791],[121.440776,25.172905],[121.440898,25.173184],[121.440972,25.173331],[121.441147,25.173711],[121.441212,25.173713],[121.441263,25.173758],[121.441353,25.173708],[121.441679,25.174261],[121.441697,25.174256],[121.441709,25.17428],[121.441807,25.174323],[121.442318,25.1741],[121.442301,25.17407],[121.442382,25.174034],[121.442344,25.173958],[121.442539,25.173898],[121.442492,25.173801],[121.442495,25.173746],[121.442353,25.173446],[121.442276,25.173333],[121.442152,25.173168],[121.442171,25.173152],[121.442184,25.173133],[121.442183,25.173105],[121.442128,25.173039],[121.442058,25.173004],[121.442027,25.172942],[121.441969,25.172804],[121.44196,25.17275],[121.441885,25.172571],[121.441927,25.172553],[121.441678,25.171945],[121.441379,25.171577],[121.441117,25.171778],[121.440999,25.172041]]]}},{"type":"Feature","properties":{"id":"16eebeeaa859","name":"新北市淡水區淡海國民小學","level":"國小","basis":"both","data_ym":"202507"},"geometry":{"type":"Polygon","coordinates":[[[121.429676,25.195071],[121.429587,25.195041],[121.428414,25.195436],[121.42896,25.196679],[121.429494,25.196472],[121.429353,25.19617],[121.430072,25.195926],[121.429676,25.195071]]]}},{"type":"Feature","properties":{"id":"13a3c03281b6","name":"新北市淡水區新市國民小學","level":"國小","basis":"both","data_ym":"201901"},"geometry":{"type":"Polygon","coordinates":[[[121.445427,25.185282],[121.445413,25.185267],[121.445253,25.185271],[121.444512,25.185292],[121.4444,25.185297],[121.444379,25.185307],[121.444371,25.185327],[121.444354,25.185606],[121.444345,25.185932],[121.444317,25.186463],[121.444306,25.187228],[121.444318,25.187312],[121.44433,25.187322],[121.444423,25.187334],[121.445282,25.187321],[121.445327,25.187282],[121.445384,25.185995],[121.445407,25.185548],[121.445427,25.185282]]]}},{"type":"Feature","properties":{"id":"3f14ca03d360","name":"新北市淡水區新興國民小學","level":"國小","basis":"both","data_ym":"202111"},"geometry":{"type":"Polygon","coordinates":[[[121.439779,25.180818],[121.439831,25.180817],[121.440098,25.180851],[121.440139,25.180844],[121.440157,25.180829],[121.440169,25.180812],[121.440486,25.180122],[121.440668,25.179744],[121.440657,25.179689],[121.440644,25.179686],[121.440429,25.179691],[121.440332,25.179684],[121.439949,25.179621],[121.439844,25.179592],[121.439778,25.179572],[121.43958,25.179485],[121.439331,25.179354],[121.439059,25.179195],[121.439017,25.179193],[121.439008,25.179198],[121.438881,25.179355],[121.438835,25.179479],[121.438823,25.179502],[121.438742,25.179601],[121.438677,25.179667],[121.438528,25.179801],[121.438463,25.179845],[121.43887,25.180619],[121.438955,25.18077],[121.43904,25.180742],[121.439162,25.180792],[121.439226,25.180932],[121.439436,25.180868],[121.439525,25.180848],[121.439779,25.180818]]]}},{"type":"Feature","properties":{"id":"fb62d9322a30","name":"新北市淡水區鄧公國民小學","level":"國小","basis":"both","data_ym":"201901"},"geometry":{"type":"Polygon","coordinates":[[[121.44946,25.172605],[121.450069,25.172388],[121.450121,25.172357],[121.449573,25.171598],[121.449354,25.171283],[121.449226,25.171106],[121.449207,25.171093],[121.449163,25.17108],[121.449134,25.171082],[121.448718,25.171315],[121.448474,25.171446],[121.448303,25.171544],[121.447995,25.171673],[121.448178,25.172054],[121.448379,25.172445],[121.448957,25.172434],[121.448964,25.172601],[121.44946,25.172605]]]}},{"type":"Feature","properties":{"id":"e05065dbe937","name":"新北市淡水區興仁國民小學","level":"國小","basis":"both","data_ym":"201901"},"geometry":{"type":"Polygon","coordinates":[[[121.450887,25.216719],[121.45044,25.216682],[121.450425,25.216864],[121.450476,25.217507],[121.450527,25.217628],[121.450525,25.217834],[121.450975,25.217835],[121.451418,25.21783],[121.45137,25.217654],[121.45134,25.217508],[121.451305,25.217397],[121.451245,25.217255],[121.451116,25.216981],[121.451038,25.21676],[121.451035,25.216734],[121.450887,25.216723],[121.450887,25.216719]]]}},{"type":"Feature","properties":{"id":"2e7d99593699","name":"新北市深坑區深坑國民小學","level":"國小","basis":"both","data_ym":"201901"},"geometry":{"type":"Polygon","coordinates":[[[121.617789,25.000107],[121.616308,25.000295],[121.616267,25.000831],[121.616222,25.001248],[121.616174,25.00179],[121.616217,25.001817],[121.617668,25.001912],[121.617712,25.001473],[121.617728,25.000958],[121.617789,25.000107]]]}},{"type":"Feature","properties":{"id":"f549190f0ff8","name":"新北市新店區大豐國民小學","level":"國小","basis":"both","data_ym":"201901"},"geometry":{"type":"Polygon","coordinates":[[[121.537816,24.977087],[121.537334,24.977435],[121.537383,24.977467],[121.537137,24.977745],[121.537216,24.977806],[121.536878,24.978189],[121.536723,24.978318],[121.537169,24.97867],[121.537181,24.97866],[121.53728,24.978737],[121.537235,24.978788],[121.53726,24.978806],[121.537176,24.978886],[121.537508,24.979142],[121.537529,24.979115],[121.537653,24.978994],[121.537705,24.979029],[121.537842,24.979146],[121.537848,24.979142],[121.537886,24.979172],[121.538059,24.979006],[121.538203,24.978825],[121.538323,24.97866],[121.538702,24.978263],[121.53856,24.978151],[121.538784,24.977896],[121.538404,24.977604],[121.538304,24.977521],[121.538277,24.977523],[121.538211,24.977467],[121.538215,24.977445],[121.538024,24.977282],[121.537816,24.977087]]]}},{"type":"Feature","properties":{"id":"9f03ad62b17f","name":"新北市新店區中正國民小學","level":"國小","basis":"both","data_ym":"201901"},"geometry":{"type":"Polygon","coordinates":[[[121.537387,24.971548],[121.537238,24.971341],[121.536355,24.971887],[121.536916,24.972682],[121.537177,24.973074],[121.538082,24.972589],[121.538016,24.972484],[121.538026,24.972478],[121.537387,24.971548]]]}},{"type":"Feature","properties":{"id":"254056b22c47","name":"新北市新店區北新國民小學","level":"國小","basis":"both","data_ym":"201901"},"geometry":{"type":"Polygon","coordinates":[[[121.545241,24.973474],[121.544121,24.972887],[121.543675,24.973108],[121.543744,24.973164],[121.543668,24.973325],[121.543455,24.973314],[121.543428,24.973408],[121.54339,24.97349],[121.543674,24.973673],[121.544637,24.974315],[121.545201,24.97468],[121.545221,24.974689],[121.545261,24.974693],[121.545286,24.974685],[121.545556,24.974318],[121.545858,24.97392],[121.545554,24.973688],[121.545241,24.973474]]]}},{"type":"Feature","properties":{"id":"2b52c143914c","name":"新北市新店區安坑國民小學","level":"國小","basis":"both","data_ym":"201901"},"geometry":{"type":"Polygon","coordinates":[[[121.513005,24.960015],[121.512869,24.960149],[121.512957,24.96048],[121.512973,24.960479],[121.512982,24.961112],[121.512946,24.961138],[121.512944,24.961292],[121.512975,24.961322],[121.512979,24.961566],[121.512989,24.961566],[121.512989,24.961748],[121.513158,24.96176],[121.5132,24.961773],[121.513276,24.961834],[121.513336,24.961854],[121.513413,24.961746],[121.513455,24.961736],[121.513771,24.96174],[121.513877,24.961756],[121.513936,24.961772],[121.513931,24.961716],[121.51403,24.961721],[121.514051,24.961704],[121.514082,24.961692],[121.514228,24.961686],[121.514258,24.961679],[121.514308,24.961651],[121.514343,24.961615],[121.514284,24.961389],[121.5142,24.961132],[121.514127,24.960927],[121.514047,24.960759],[121.51385,24.960495],[121.513561,24.960152],[121.513441,24.960023],[121.513396,24.959965],[121.513298,24.959983],[121.513005,24.960015]]]}},{"type":"Feature","properties":{"id":"453866314bcc","name":"新北市新店區屈尺國民小學","level":"國小","basis":"both","data_ym":"201901"},"geometry":{"type":"Polygon","coordinates":[[[121.547278,24.922639],[121.547298,24.922366],[121.547319,24.922239],[121.547495,24.921506],[121.547511,24.921409],[121.547384,24.921361],[121.547053,24.921297],[121.546901,24.921278],[121.546902,24.921259],[121.546672,24.921252],[121.546374,24.921225],[121.546291,24.921222],[121.546186,24.921455],[121.546104,24.921658],[121.546267,24.921674],[121.546249,24.922281],[121.546309,24.922299],[121.546287,24.922366],[121.546236,24.922351],[121.546201,24.922425],[121.546216,24.922432],[121.546204,24.922461],[121.546306,24.922457],[121.546311,24.922532],[121.546433,24.922527],[121.546542,24.922539],[121.546872,24.922615],[121.546981,24.922634],[121.547106,24.922642],[121.547278,24.922639]]]}},{"type":"Feature","properties":{"id":"b8ca3ddb13f5","name":"新北市新店區屈尺國民小學廣興分校","level":"大專","basis":"branch","data_ym":"201901"},"geometry":{"type":"Polygon","coordinates":[[[121.538867,24.911965],[121.538789,24.911927],[121.538784,24.912026],[121.538788,24.912101],[121.538772,24.912225],[121.538768,24.912288],[121.538766,24.912481],[121.538739,24.912613],[121.538733,24.912662],[121.538794,24.912688],[121.538902,24.912744],[121.539128,24.91288],[121.53928,24.912965],[121.53932,24.91298],[121.539349,24.912983],[121.53937,24.91298],[121.539386,24.912971],[121.539444,24.912895],[121.539743,24.912475],[121.53963,24.912403],[121.538967,24.912044],[121.538867,24.911965]]]}},{"type":"Feature","properties":{"id":"53bff197b239","name":"新北市新店區直潭國民小學","level":"國小","basis":"both","data_ym":"201901"},"geometry":{"type":"Polygon","coordinates":[[[121.53142,24.938522],[121.531506,24.938463],[121.531591,24.938374],[121.531665,24.938283],[121.531716,24.938204],[121.531729,24.938165],[121.531659,24.938025],[121.531592,24.937864],[121.531635,24.937818],[121.531699,24.937778],[121.53182,24.937736],[121.531817,24.937707],[121.531524,24.93779],[121.531482,24.937679],[121.53147,24.937622],[121.531316,24.937658],[121.531101,24.937682],[121.530895,24.937718],[121.530741,24.937737],[121.530672,24.937705],[121.530621,24.93767],[121.530601,24.937627],[121.530579,24.93753],[121.530333,24.937559],[121.530291,24.937597],[121.530326,24.937724],[121.530354,24.937765],[121.530379,24.93785],[121.530435,24.938154],[121.530735,24.938267],[121.530815,24.938526],[121.530902,24.938512],[121.531071,24.938656],[121.531209,24.938588],[121.531368,24.938526],[121.53142,24.938522]]]}},{"type":"Feature","properties":{"id":"faba270c5c20","name":"新北市新店區青潭國民小學","level":"國小","basis":"both","data_ym":"201901"},"geometry":{"type":"Polygon","coordinates":[[[121.553493,24.953209],[121.553624,24.952679],[121.553682,24.952422],[121.553714,24.952418],[121.553735,24.952357],[121.553785,24.952178],[121.553822,24.951974],[121.553822,24.951949],[121.553815,24.951916],[121.553765,24.951755],[121.553686,24.951555],[121.553616,24.951559],[121.553578,24.951568],[121.553531,24.951582],[121.553448,24.951619],[121.553127,24.951823],[121.553,24.951917],[121.552784,24.95209],[121.552727,24.952153],[121.552601,24.952261],[121.55248,24.952351],[121.552264,24.952472],[121.55161,24.952772],[121.551708,24.95291],[121.551693,24.952919],[121.551728,24.952967],[121.551699,24.952984],[121.551721,24.953032],[121.552237,24.953104],[121.552239,24.953091],[121.55342,24.95326],[121.553457,24.953253],[121.553482,24.953236],[121.553493,24.953209]]]}},{"type":"Feature","properties":{"id":"17352fe08fe2","name":"新北市新店區新和國民小學","level":"國小","basis":"both","data_ym":"201901"},"geometry":{"type":"Polygon","coordinates":[[[121.51805,24.985911],[121.51908,24.984888],[121.518841,24.984719],[121.518768,24.984684],[121.518612,24.984628],[121.51843,24.984597],[121.517876,24.984556],[121.517828,24.984804],[121.517743,24.984967],[121.51757,24.985166],[121.517194,24.985441],[121.517542,24.985758],[121.517612,24.985751],[121.51805,24.985911]]]}},{"type":"Feature","properties":{"id":"f45e11b864b2","name":"新北市新店區新店國民小學","level":"國小","basis":"both","data_ym":"201901"},"geometry":{"type":"Polygon","coordinates":[[[121.539096,24.954036],[121.53911,24.953952],[121.539301,24.953973],[121.539302,24.953964],[121.539567,24.953986],[121.539585,24.953965],[121.539768,24.953983],[121.539805,24.953916],[121.540066,24.953373],[121.540353,24.953044],[121.540256,24.952938],[121.540264,24.952881],[121.540128,24.952847],[121.539582,24.952735],[121.53952,24.952713],[121.539469,24.952682],[121.539415,24.952625],[121.539278,24.952499],[121.538965,24.952389],[121.538933,24.952548],[121.538887,24.952544],[121.538877,24.952817],[121.538661,24.95281],[121.538654,24.952993],[121.538615,24.953517],[121.538589,24.953664],[121.538555,24.953752],[121.538482,24.95388],[121.538679,24.953922],[121.538814,24.953943],[121.538763,24.954165],[121.538986,24.954264],[121.539064,24.95415],[121.539096,24.954036]]]}},{"type":"Feature","properties":{"id":"043beced4586","name":"新北市新店區龜山國民小學","level":"國小","basis":"both","data_ym":"201901"},"geometry":{"type":"Polygon","coordinates":[[[121.554305,24.901765],[121.554079,24.901529],[121.553987,24.901597],[121.553788,24.901529],[121.553684,24.901428],[121.553623,24.901451],[121.553432,24.901609],[121.553393,24.901647],[121.553349,24.901699],[121.553219,24.90188],[121.553182,24.901936],[121.553172,24.901972],[121.553189,24.902026],[121.55356,24.902397],[121.554305,24.901765]]]}},{"type":"Feature","properties":{"id":"375975697b8e","name":"新北市新店區雙城國民小學","level":"國小","basis":"both","data_ym":"201901"},"geometry":{"type":"Polygon","coordinates":[[[121.486045,24.952865],[121.486082,24.952763],[121.486187,24.952791],[121.486202,24.952757],[121.486289,24.952776],[121.486337,24.952698],[121.486721,24.952854],[121.486826,24.952665],[121.486696,24.952596],[121.486702,24.952426],[121.486745,24.952356],[121.486758,24.952325],[121.486833,24.95233],[121.486841,24.952269],[121.48689,24.952185],[121.486926,24.952136],[121.486967,24.952104],[121.487024,24.952089],[121.486922,24.952092],[121.486785,24.952046],[121.486717,24.952014],[121.48672,24.951985],[121.486548,24.951928],[121.486248,24.951837],[121.486227,24.951888],[121.486184,24.951879],[121.486129,24.951979],[121.485966,24.951935],[121.485835,24.952283],[121.485996,24.952345],[121.48595,24.952456],[121.486079,24.952508],[121.486034,24.952566],[121.485866,24.952509],[121.485851,24.952542],[121.485805,24.952522],[121.485779,24.952583],[121.485796,24.952666],[121.485865,24.952688],[121.485852,24.952737],[121.48589,24.952826],[121.486045,24.952865]]]}},{"type":"Feature","properties":{"id":"97495f4f69a5","name":"新北市新店區雙峰國民小學","level":"國小","basis":"both","data_ym":"202403"},"geometry":{"type":"Polygon","coordinates":[[[121.576104,24.951464],[121.576153,24.95129],[121.576013,24.951268],[121.576006,24.951153],[121.576081,24.951148],[121.576089,24.951072],[121.576028,24.951068],[121.575987,24.95039],[121.57594,24.950388],[121.575133,24.950146],[121.575031,24.950149],[121.574977,24.950171],[121.574956,24.950325],[121.575061,24.951294],[121.575332,24.951389],[121.575393,24.951415],[121.575347,24.951417],[121.575456,24.951463],[121.575456,24.951448],[121.575575,24.951436],[121.575683,24.951432],[121.575844,24.951438],[121.576018,24.951462],[121.576104,24.951464]]]}},{"type":"Feature","properties":{"id":"124ee7ab1924","name":"新北市新莊區中信國民小學","level":"國小","basis":"both","data_ym":"201901"},"geometry":{"type":"Polygon","coordinates":[[[121.449717,25.055775],[121.447955,25.055759],[121.447939,25.055773],[121.447956,25.056872],[121.447964,25.056894],[121.447977,25.0569],[121.448048,25.056911],[121.448096,25.056914],[121.449433,25.05691],[121.449682,25.056908],[121.449712,25.056898],[121.449724,25.056884],[121.449734,25.056865],[121.449735,25.056796],[121.449724,25.055781],[121.449717,25.055775]]]}},{"type":"Feature","properties":{"id":"17883373aa59","name":"新北市新莊區中港國民小學","level":"國小","basis":"both","data_ym":"201901"},"geometry":{"type":"Polygon","coordinates":[[[121.447048,25.045033],[121.446481,25.044963],[121.446453,25.044977],[121.446445,25.044995],[121.446436,25.045081],[121.446443,25.045082],[121.446266,25.046649],[121.446269,25.046653],[121.447492,25.046871],[121.447501,25.046865],[121.447693,25.04578],[121.447818,25.045169],[121.447276,25.045069],[121.447048,25.045033]]]}},{"type":"Feature","properties":{"id":"f774d21ca1f4","name":"新北市新莊區丹鳳國民小學","level":"國小","basis":"both","data_ym":"201901"},"geometry":{"type":"Polygon","coordinates":[[[121.414661,25.024219],[121.413924,25.023813],[121.413786,25.024036],[121.413201,25.024944],[121.413189,25.024966],[121.413187,25.025003],[121.413194,25.025019],[121.413215,25.025042],[121.413838,25.02536],[121.414295,25.025641],[121.414373,25.025669],[121.414401,25.025673],[121.414446,25.025671],[121.414456,25.025665],[121.415209,25.024585],[121.415192,25.024551],[121.415192,25.024503],[121.414661,25.024219]]]}},{"type":"Feature","properties":{"id":"dec7feed86ab","name":"新北市新莊區民安國民小學","level":"國小","basis":"both","data_ym":"202309"},"geometry":{"type":"Polygon","coordinates":[[[121.428739,25.022203],[121.428495,25.022112],[121.428447,25.022121],[121.427495,25.021411],[121.427424,25.021419],[121.427326,25.021479],[121.427063,25.021706],[121.426951,25.021797],[121.426946,25.021874],[121.426896,25.021923],[121.426808,25.022026],[121.426769,25.021998],[121.426676,25.022073],[121.426687,25.022115],[121.426641,25.022159],[121.426789,25.022334],[121.426914,25.022469],[121.426964,25.022515],[121.427013,25.022557],[121.427382,25.022826],[121.427538,25.022946],[121.427541,25.022958],[121.427527,25.022982],[121.427527,25.022995],[121.427532,25.023001],[121.427778,25.02317],[121.42815,25.023409],[121.428285,25.023224],[121.428547,25.022826],[121.428756,25.022495],[121.428775,25.022445],[121.428779,25.022422],[121.428779,25.022374],[121.428739,25.022203]]]}},{"type":"Feature","properties":{"id":"cf9f145b10cc","name":"新北市新莊區光華國民小學","level":"國小","basis":"both","data_ym":"201901"},"geometry":{"type":"Polygon","coordinates":[[[121.425237,25.018169],[121.425392,25.018124],[121.425398,25.018136],[121.426404,25.017813],[121.426131,25.016816],[121.425791,25.016878],[121.425015,25.017006],[121.425013,25.016999],[121.424322,25.017053],[121.424348,25.017195],[121.424271,25.017234],[121.424237,25.017235],[121.424245,25.0173],[121.424259,25.017283],[121.424286,25.017271],[121.424361,25.017265],[121.424408,25.017518],[121.424361,25.017916],[121.424363,25.01793],[121.424567,25.018395],[121.425237,25.018169]]]}},{"type":"Feature","properties":{"id":"4cfa7f5e32cf","name":"新北市新莊區昌平國民小學","level":"國小","basis":"both","data_ym":"202510"},"geometry":{"type":"Polygon","coordinates":[[[121.454958,25.057167],[121.456792,25.05716],[121.456852,25.057088],[121.456872,25.05578],[121.456824,25.055738],[121.455625,25.055752],[121.45474,25.055754],[121.454713,25.05576],[121.454694,25.055779],[121.454686,25.055797],[121.454711,25.056898],[121.454947,25.056898],[121.454958,25.057167]]]}},{"type":"Feature","properties":{"id":"b982d99c76ec","name":"新北市新莊區昌隆國民小學","level":"國小","basis":"both","data_ym":"201901"},"geometry":{"type":"Polygon","coordinates":[[[121.456656,25.050956],[121.454993,25.050938],[121.454979,25.050942],[121.454954,25.050964],[121.454911,25.052157],[121.456715,25.052221],[121.456725,25.050984],[121.456656,25.050956]]]}},{"type":"Feature","properties":{"id":"82873a3dacd0","name":"新北市新莊區思賢國民小學","level":"國小","basis":"both","data_ym":"201901"},"geometry":{"type":"Polygon","coordinates":[[[121.45661,25.045554],[121.455934,25.045523],[121.455913,25.045539],[121.455908,25.045563],[121.455899,25.04642],[121.455887,25.046438],[121.455884,25.046454],[121.455886,25.04647],[121.455898,25.046485],[121.4559,25.046801],[121.455921,25.046817],[121.457626,25.046849],[121.457714,25.04627],[121.457748,25.045804],[121.457755,25.045601],[121.457744,25.045591],[121.45661,25.045554]]]}},{"type":"Feature","properties":{"id":"cee1085ed4f9","name":"新北市新莊區國泰國民小學","level":"國小","basis":"both","data_ym":"201901"},"geometry":{"type":"Polygon","coordinates":[[[121.441909,25.035749],[121.441927,25.034788],[121.44191,25.034779],[121.44193,25.03405],[121.441531,25.033956],[121.441467,25.034235],[121.440982,25.03415],[121.440987,25.034227],[121.44101,25.034396],[121.441128,25.035138],[121.441281,25.035106],[121.441444,25.035686],[121.441489,25.035833],[121.441909,25.035749]]]}},{"type":"Feature","properties":{"id":"a634c2ae241c","name":"新北市新莊區新泰國民小學","level":"國小","basis":"both","data_ym":"202510"},"geometry":{"type":"Polygon","coordinates":[[[121.443676,25.037752],[121.443461,25.037608],[121.443083,25.037996],[121.443048,25.037997],[121.443046,25.038027],[121.442753,25.038047],[121.442646,25.038068],[121.442432,25.03809],[121.442435,25.039121],[121.443197,25.039208],[121.444059,25.039317],[121.444212,25.038002],[121.444127,25.037976],[121.443827,25.037834],[121.443676,25.037752]]]}},{"type":"Feature","properties":{"id":"c6cff713f54c","name":"新北市新莊區新莊國民小學","level":"國小","basis":"both","data_ym":"201901"},"geometry":{"type":"Polygon","coordinates":[[[121.455425,25.038362],[121.456381,25.038308],[121.45637,25.038209],[121.456388,25.038208],[121.456398,25.038081],[121.456394,25.03808],[121.456324,25.037782],[121.456329,25.037703],[121.456444,25.037709],[121.456453,25.037586],[121.456726,25.037599],[121.456731,25.037594],[121.456843,25.037599],[121.456996,25.037172],[121.457027,25.037052],[121.456799,25.036988],[121.456598,25.036956],[121.455822,25.036901],[121.455826,25.036865],[121.455449,25.036839],[121.455444,25.036932],[121.455446,25.036979],[121.455458,25.037011],[121.455439,25.037022],[121.455489,25.037203],[121.455517,25.037337],[121.455575,25.037346],[121.455566,25.037586],[121.455453,25.037595],[121.455225,25.037651],[121.45533,25.037989],[121.455425,25.038362]]]}},{"type":"Feature","properties":{"id":"da09739a093f","name":"新北市新莊區裕民國民小學","level":"國小","basis":"both","data_ym":"201901"},"geometry":{"type":"Polygon","coordinates":[[[121.418887,25.020505],[121.418881,25.020502],[121.418252,25.020685],[121.417701,25.020866],[121.417695,25.020878],[121.418198,25.022518],[121.418202,25.02252],[121.419343,25.022224],[121.419293,25.022008],[121.418991,25.020864],[121.418887,25.020505]]]}},{"type":"Feature","properties":{"id":"d773ff7995d6","name":"新北市新莊區榮富國民小學","level":"國小","basis":"both","data_ym":"202510"},"geometry":{"type":"Polygon","coordinates":[[[121.448425,25.051434],[121.448071,25.051125],[121.447948,25.051213],[121.447796,25.051341],[121.447664,25.051345],[121.447161,25.051338],[121.446664,25.05134],[121.44666,25.051486],[121.446661,25.052257],[121.446657,25.052688],[121.447357,25.052694],[121.447883,25.052691],[121.447997,25.052343],[121.4481,25.052054],[121.44816,25.051921],[121.448255,25.051744],[121.448353,25.051596],[121.448425,25.051434]]]}},{"type":"Feature","properties":{"id":"be4852085c80","name":"新北市新莊區興化國民小學","level":"國小","basis":"both","data_ym":"201901"},"geometry":{"type":"Polygon","coordinates":[[[121.462542,25.066581],[121.462611,25.066599],[121.46263,25.066509],[121.462653,25.06649],[121.46266,25.066396],[121.462583,25.066389],[121.462621,25.066005],[121.46267,25.065709],[121.462694,25.065711],[121.462701,25.065549],[121.462782,25.065084],[121.46272,25.065078],[121.462623,25.065047],[121.462584,25.06504],[121.462059,25.064993],[121.462025,25.064982],[121.462007,25.064968],[121.462001,25.064888],[121.46199,25.064868],[121.461796,25.064796],[121.461789,25.064806],[121.461289,25.06521],[121.461274,25.065191],[121.46119,25.065259],[121.461202,25.065261],[121.461213,25.065271],[121.461122,25.065345],[121.461115,25.065393],[121.462398,25.066698],[121.462542,25.066581]]]}},{"type":"Feature","properties":{"id":"bd3653beb5a9","name":"新北市新莊區頭前國民小學","level":"國小","basis":"both","data_ym":"201901"},"geometry":{"type":"Polygon","coordinates":[[[121.46617,25.053615],[121.466207,25.053235],[121.4662,25.053103],[121.46611,25.052584],[121.46609,25.052566],[121.465006,25.052589],[121.464516,25.052595],[121.46455,25.053482],[121.464564,25.053487],[121.464947,25.053512],[121.464979,25.053479],[121.465118,25.053495],[121.465246,25.053542],[121.46617,25.053615]]]}},{"type":"Feature","properties":{"id":"8a31b3b71197","name":"新北市新莊區豐年國民小學","level":"國小","basis":"both","data_ym":"201901"},"geometry":{"type":"Polygon","coordinates":[[[121.444178,25.030404],[121.443291,25.030355],[121.443266,25.031494],[121.444341,25.031511],[121.444856,25.031523],[121.444858,25.03149],[121.444921,25.031485],[121.444944,25.031058],[121.444954,25.030987],[121.444961,25.030444],[121.444955,25.030428],[121.444943,25.030423],[121.444178,25.030404]]]}},{"type":"Feature","properties":{"id":"1b77dd9b8063","name":"新北市瑞芳區九份國民小學","level":"國小","basis":"both","data_ym":"201901"},"geometry":{"type":"Polygon","coordinates":[[[121.84396,25.107406],[121.84401,25.107395],[121.844059,25.107396],[121.844074,25.107337],[121.843757,25.107116],[121.843563,25.106908],[121.84349,25.106815],[121.843719,25.106698],[121.843743,25.106694],[121.843788,25.106698],[121.843831,25.106713],[121.844035,25.106822],[121.844049,25.106821],[121.844065,25.106809],[121.844148,25.106697],[121.84411,25.106653],[121.843978,25.106521],[121.843909,25.106474],[121.843823,25.106442],[121.84377,25.106431],[121.843695,25.106438],[121.843675,25.106509],[121.843619,25.106497],[121.843539,25.10649],[121.843474,25.10649],[121.843407,25.106503],[121.843321,25.106539],[121.843263,25.106572],[121.843276,25.106609],[121.84344,25.106653],[121.843488,25.106662],[121.84364,25.106648],[121.843429,25.106767],[121.843383,25.106691],[121.842998,25.106861],[121.842944,25.106732],[121.842779,25.106783],[121.842844,25.10691],[121.842719,25.106972],[121.842764,25.107048],[121.842819,25.107107],[121.842879,25.107144],[121.842909,25.107158],[121.842962,25.107222],[121.843085,25.107326],[121.843139,25.107286],[121.843416,25.107643],[121.843382,25.107692],[121.843426,25.107745],[121.843545,25.10765],[121.843622,25.1076],[121.843706,25.107576],[121.843768,25.107567],[121.843802,25.107525],[121.84396,25.107406]]]}},{"type":"Feature","properties":{"id":"91ca4175c765","name":"新北市瑞芳區瓜山國民小學","level":"國小","basis":"both","data_ym":"202305"},"geometry":{"type":"Polygon","coordinates":[[[121.856881,25.110636],[121.857045,25.11035],[121.856668,25.110217],[121.856574,25.110438],[121.856653,25.11045],[121.856648,25.11049],[121.856439,25.11047],[121.856399,25.110474],[121.856392,25.11048],[121.856424,25.110661],[121.856591,25.111093],[121.856603,25.111111],[121.856724,25.111232],[121.856877,25.111397],[121.857122,25.111622],[121.85714,25.111634],[121.857176,25.111647],[121.857214,25.111648],[121.857245,25.111639],[121.85728,25.111621],[121.857335,25.111575],[121.857351,25.111568],[121.857317,25.111413],[121.857283,25.111308],[121.857269,25.111147],[121.857277,25.111088],[121.85729,25.111043],[121.85735,25.110935],[121.857365,25.110881],[121.857384,25.110762],[121.857147,25.110738],[121.857152,25.110665],[121.856881,25.110636]]]}},{"type":"Feature","properties":{"id":"2a6f51e9267d","name":"新北市瑞芳區瓜山國民小學1","level":"國小","basis":"both","data_ym":"202509"},"geometry":{"type":"Polygon","coordinates":[[[121.85697,25.111559],[121.85687,25.111465],[121.85683,25.111508],[121.856657,25.111384],[121.856543,25.111311],[121.856478,25.111374],[121.856339,25.111558],[121.856224,25.111721],[121.855931,25.112117],[121.856316,25.112493],[121.856513,25.112264],[121.856648,25.112017],[121.856745,25.111855],[121.856801,25.111776],[121.856844,25.111726],[121.856929,25.111654],[121.856966,25.111598],[121.856974,25.111572],[121.85697,25.111559]]]}},{"type":"Feature","properties":{"id":"9e7258e81881","name":"新北市瑞芳區吉慶國民小學","level":"國小","basis":"both","data_ym":"202508"},"geometry":{"type":"Polygon","coordinates":[[[121.763881,25.101281],[121.764013,25.101206],[121.76406,25.101285],[121.764182,25.101266],[121.764396,25.101203],[121.764313,25.101056],[121.764342,25.101038],[121.764549,25.100943],[121.764399,25.10066],[121.764518,25.10058],[121.764507,25.10057],[121.764465,25.100562],[121.76446,25.100565],[121.76444,25.100546],[121.764431,25.100551],[121.764351,25.100468],[121.764226,25.100498],[121.764214,25.100481],[121.764021,25.100561],[121.763886,25.100299],[121.7637,25.100016],[121.763601,25.099844],[121.763442,25.099611],[121.763171,25.099764],[121.762966,25.099873],[121.76303,25.099963],[121.763175,25.100229],[121.763343,25.1005],[121.763406,25.100588],[121.763412,25.10061],[121.763408,25.100614],[121.763398,25.10067],[121.763382,25.100678],[121.763525,25.100932],[121.763548,25.100981],[121.763562,25.100975],[121.763673,25.101251],[121.763727,25.101335],[121.76382,25.101307],[121.763881,25.101281]]]}},{"type":"Feature","properties":{"id":"fcb7282cc8dc","name":"新北市瑞芳區猴硐-蒙特梭利實驗國民小學","level":"國小","basis":"name","data_ym":"202508"},"geometry":{"type":"Polygon","coordinates":[[[121.8338,25.096004],[121.833672,25.095627],[121.833636,25.095509],[121.833573,25.095253],[121.833393,25.095293],[121.833372,25.095232],[121.833338,25.095242],[121.833275,25.095088],[121.833225,25.095104],[121.833129,25.094943],[121.833019,25.09471],[121.832747,25.094805],[121.832835,25.095076],[121.833087,25.095531],[121.833042,25.095539],[121.83314,25.095714],[121.833191,25.095693],[121.833444,25.096141],[121.83356,25.09642],[121.833842,25.096384],[121.8338,25.096004]]]}},{"type":"Feature","properties":{"id":"058652eb323d","name":"新北市瑞芳區瑞芳國民小學","level":"國小","basis":"both","data_ym":"202508"},"geometry":{"type":"Polygon","coordinates":[[[121.804888,25.108343],[121.804708,25.107672],[121.804649,25.107633],[121.804681,25.107524],[121.804645,25.107373],[121.804628,25.107362],[121.804595,25.107238],[121.80456,25.107235],[121.804145,25.107356],[121.80394,25.107431],[121.803693,25.107501],[121.803416,25.107569],[121.803048,25.107649],[121.802876,25.107693],[121.802551,25.107785],[121.802557,25.10781],[121.802543,25.107811],[121.802663,25.107975],[121.802611,25.108006],[121.802642,25.108033],[121.802672,25.108014],[121.802739,25.108106],[121.802881,25.10806],[121.802933,25.1082],[121.803039,25.10817],[121.803081,25.108167],[121.803567,25.108186],[121.803855,25.108212],[121.803856,25.108145],[121.803874,25.108131],[121.804226,25.108113],[121.804283,25.108251],[121.804345,25.108469],[121.804696,25.108392],[121.804888,25.108343]]]}},{"type":"Feature","properties":{"id":"77a33888595f","name":"新北市瑞芳區瑞亭國民小學","level":"國小","basis":"both","data_ym":"201901"},"geometry":{"type":"Polygon","coordinates":[[[121.777397,25.102962],[121.777424,25.10294],[121.777586,25.103048],[121.777613,25.102998],[121.777703,25.102943],[121.777959,25.103031],[121.777983,25.102776],[121.777975,25.102649],[121.77793,25.102361],[121.777923,25.102265],[121.777919,25.102251],[121.777868,25.102221],[121.777541,25.102115],[121.777208,25.102035],[121.777113,25.102007],[121.777009,25.102275],[121.776871,25.102262],[121.776681,25.10227],[121.776575,25.102957],[121.777095,25.103053],[121.777362,25.103084],[121.777378,25.102998],[121.777397,25.102962]]]}},{"type":"Feature","properties":{"id":"468bd7cfeb38","name":"新北市瑞芳區瑞柑國民小學","level":"國小","basis":"both","data_ym":"202508"},"geometry":{"type":"Polygon","coordinates":[[[121.82341,25.110602],[121.823461,25.110601],[121.823577,25.110617],[121.823629,25.110615],[121.823725,25.110585],[121.823859,25.110524],[121.823629,25.109973],[121.823569,25.109849],[121.823528,25.109777],[121.823473,25.109699],[121.823395,25.109597],[121.823333,25.109532],[121.823227,25.109512],[121.823193,25.109543],[121.822889,25.10932],[121.822772,25.109207],[121.822886,25.109085],[121.822799,25.109028],[121.822765,25.109039],[121.822657,25.108856],[121.822554,25.10881],[121.82253,25.10881],[121.822429,25.108874],[121.822408,25.108897],[121.822407,25.108909],[121.822413,25.108922],[121.822567,25.1091],[121.822567,25.109109],[121.822511,25.10915],[121.822552,25.109198],[121.822296,25.109301],[121.822289,25.109287],[121.822185,25.109327],[121.822192,25.109369],[121.822186,25.109393],[121.822168,25.109417],[121.82205,25.109465],[121.822035,25.109514],[121.82209,25.109583],[121.822113,25.109603],[121.822153,25.109618],[121.822354,25.109624],[121.82246,25.109583],[121.822729,25.109455],[121.822749,25.109448],[121.822758,25.109451],[121.82284,25.109545],[121.822968,25.109716],[121.822948,25.109735],[121.822947,25.109746],[121.823138,25.110258],[121.823178,25.110349],[121.823172,25.110374],[121.823159,25.110401],[121.823056,25.110539],[121.823037,25.110584],[121.823036,25.110607],[121.82304,25.110638],[121.823067,25.110665],[121.823086,25.110676],[121.823174,25.110681],[121.823366,25.110615],[121.82341,25.110602]]]}},{"type":"Feature","properties":{"id":"9b7fe4039f7f","name":"新北市瑞芳區瑞濱國民小學","level":"國小","basis":"both","data_ym":"202508"},"geometry":{"type":"Polygon","coordinates":[[[121.820105,25.120122],[121.819355,25.119695],[121.819312,25.119766],[121.819586,25.119931],[121.819625,25.120088],[121.819737,25.120356],[121.819826,25.120651],[121.819878,25.120657],[121.819944,25.120915],[121.820236,25.120855],[121.820482,25.12081],[121.820497,25.120802],[121.820514,25.120781],[121.820523,25.120753],[121.820496,25.120647],[121.820366,25.120424],[121.820276,25.120281],[121.820232,25.120224],[121.820195,25.120189],[121.820105,25.120122]]]}},{"type":"Feature","properties":{"id":"ed2ad99703df","name":"新北市瑞芳區義方國民小學","level":"國小","basis":"both","data_ym":"202508"},"geometry":{"type":"Polygon","coordinates":[[[121.803661,25.113342],[121.803607,25.112732],[121.80342,25.11276],[121.803396,25.112812],[121.803374,25.112834],[121.803349,25.11285],[121.803325,25.112858],[121.80329,25.112864],[121.8032,25.112878],[121.803043,25.112888],[121.802837,25.112896],[121.802687,25.112895],[121.802591,25.112883],[121.802275,25.112944],[121.802254,25.112868],[121.802503,25.112826],[121.80248,25.112797],[121.802452,25.112779],[121.802428,25.112771],[121.802403,25.11277],[121.80228,25.112776],[121.802039,25.112813],[121.802029,25.112756],[121.802374,25.112709],[121.802325,25.112593],[121.801888,25.112668],[121.801664,25.112587],[121.801572,25.112639],[121.801702,25.112688],[121.80175,25.112934],[121.801552,25.113001],[121.801427,25.113036],[121.801243,25.113096],[121.801122,25.113148],[121.801115,25.113165],[121.801186,25.113339],[121.801271,25.113511],[121.801365,25.113746],[121.8014,25.113762],[121.803178,25.113427],[121.803661,25.113342]]]}},{"type":"Feature","properties":{"id":"4672d577c9c8","name":"新北市瑞芳區鼻頭國民小學","level":"國小","basis":"both","data_ym":"202305"},"geometry":{"type":"Polygon","coordinates":[[[121.91933,25.120453],[121.919277,25.120406],[121.919144,25.120497],[121.919007,25.120623],[121.919091,25.120889],[121.919091,25.120994],[121.919038,25.121195],[121.919249,25.121634],[121.91936,25.121844],[121.919596,25.122094],[121.919627,25.122069],[121.919669,25.121906],[121.91969,25.121878],[121.919737,25.12185],[121.919794,25.121832],[121.919779,25.121797],[121.919742,25.121668],[121.919722,25.121529],[121.91983,25.121513],[121.919816,25.121423],[121.919718,25.121347],[121.919718,25.121314],[121.919703,25.121283],[121.919678,25.121281],[121.91966,25.121241],[121.919657,25.121204],[121.919568,25.12097],[121.91958,25.120965],[121.91946,25.120647],[121.919412,25.120573],[121.919383,25.120511],[121.91933,25.120453]]]}},{"type":"Feature","properties":{"id":"522b1a086809","name":"新北市瑞芳區濂洞國民小學","level":"國小","basis":"both","data_ym":"202305"},"geometry":{"type":"Polygon","coordinates":[[[121.860094,25.122565],[121.860234,25.122344],[121.860251,25.122353],[121.860309,25.122267],[121.860289,25.122256],[121.860435,25.121946],[121.860386,25.121865],[121.860303,25.121846],[121.860268,25.121819],[121.860213,25.121882],[121.860127,25.121868],[121.859925,25.122125],[121.859859,25.122096],[121.859658,25.122453],[121.859732,25.122491],[121.859695,25.12262],[121.859694,25.122769],[121.859713,25.122812],[121.859723,25.122826],[121.859753,25.122849],[121.859781,25.122879],[121.859783,25.122886],[121.85977,25.122938],[121.859774,25.122979],[121.85978,25.122986],[121.859798,25.122996],[121.859806,25.122989],[121.860094,25.122565]]]}},{"type":"Feature","properties":{"id":"062833a3540d","name":"新北市萬里區大坪國民小學","level":"國小","basis":"both","data_ym":"201901"},"geometry":{"type":"Polygon","coordinates":[[[121.638821,25.167069],[121.638537,25.167017],[121.638507,25.167104],[121.63842,25.167447],[121.638397,25.167496],[121.63837,25.167538],[121.638332,25.167579],[121.638207,25.16766],[121.638125,25.167721],[121.638005,25.167792],[121.638129,25.167988],[121.638476,25.16816],[121.638887,25.167903],[121.638919,25.167737],[121.638846,25.167725],[121.638962,25.167167],[121.638921,25.167159],[121.638886,25.167145],[121.63886,25.167129],[121.638824,25.167082],[121.638821,25.167069]]]}},{"type":"Feature","properties":{"id":"bacc39e5244f","name":"新北市萬里區大鵬國民小學","level":"國小","basis":"both","data_ym":"201901"},"geometry":{"type":"Polygon","coordinates":[[[121.651412,25.208685],[121.651556,25.208672],[121.651911,25.208677],[121.652226,25.208696],[121.652211,25.208672],[121.652089,25.208536],[121.652044,25.208493],[121.652047,25.208491],[121.651947,25.208382],[121.651938,25.208363],[121.651942,25.208276],[121.651987,25.207869],[121.651624,25.207418],[121.650584,25.207915],[121.650227,25.208098],[121.65041,25.208447],[121.650488,25.20863],[121.650507,25.208696],[121.650709,25.209001],[121.650835,25.208906],[121.650955,25.208831],[121.65104,25.208785],[121.651086,25.208768],[121.65131,25.208706],[121.651412,25.208685]]]}},{"type":"Feature","properties":{"id":"586c77cab4c8","name":"新北市萬里區崁腳國民小學","level":"國小","basis":"both","data_ym":"201901"},"geometry":{"type":"Polygon","coordinates":[[[121.649416,25.161023],[121.649568,25.16078],[121.649754,25.160853],[121.649816,25.160724],[121.649963,25.160778],[121.649971,25.16076],[121.650115,25.1608],[121.650239,25.160676],[121.650261,25.160625],[121.650158,25.160589],[121.65017,25.160558],[121.65046,25.160647],[121.650486,25.160643],[121.65003,25.160483],[121.649921,25.16045],[121.649862,25.160423],[121.649775,25.160373],[121.64974,25.16036],[121.649547,25.160315],[121.649215,25.160217],[121.649184,25.160201],[121.649141,25.160169],[121.648994,25.160047],[121.648948,25.160015],[121.648933,25.160014],[121.648932,25.160021],[121.648954,25.160054],[121.648982,25.160117],[121.649014,25.160164],[121.649079,25.160216],[121.649051,25.160246],[121.649098,25.160317],[121.649148,25.160569],[121.649171,25.160608],[121.649197,25.160639],[121.649221,25.160658],[121.649289,25.160685],[121.649202,25.160852],[121.649236,25.160977],[121.649344,25.161037],[121.649362,25.161039],[121.649416,25.161023]]]}},{"type":"Feature","properties":{"id":"aef6aec07c25","name":"新北市萬里區野柳國民小學","level":"國小","basis":"both","data_ym":"202310"},"geometry":{"type":"Polygon","coordinates":[[[121.689502,25.205874],[121.689998,25.205573],[121.689951,25.205513],[121.689888,25.205449],[121.689889,25.205412],[121.689748,25.205214],[121.689738,25.20522],[121.689731,25.205212],[121.689694,25.20524],[121.689663,25.205207],[121.689622,25.205175],[121.689555,25.205134],[121.689564,25.205117],[121.689511,25.205107],[121.689442,25.205099],[121.68933,25.205093],[121.689236,25.205095],[121.689189,25.205139],[121.689159,25.205214],[121.689157,25.205253],[121.689168,25.205262],[121.689201,25.205317],[121.689309,25.205524],[121.689376,25.205679],[121.689371,25.205681],[121.689414,25.205745],[121.689406,25.205749],[121.689491,25.205871],[121.689498,25.205868],[121.689502,25.205874]]]}},{"type":"Feature","properties":{"id":"d7b03cf89b5b","name":"新北市萬里區萬里國民小學","level":"國小","basis":"both","data_ym":"202310"},"geometry":{"type":"Polygon","coordinates":[[[121.690073,25.175847],[121.689186,25.175145],[121.688875,25.175414],[121.68808,25.176077],[121.68808,25.176085],[121.688088,25.176095],[121.688459,25.176507],[121.688519,25.176594],[121.688793,25.176911],[121.689038,25.17669],[121.689115,25.176606],[121.689213,25.176518],[121.689793,25.176069],[121.690073,25.175847]]]}},{"type":"Feature","properties":{"id":"e9c40271bcb4","name":"新北市樹林區三多國民小學","level":"國小","basis":"both","data_ym":"201901"},"geometry":{"type":"Polygon","coordinates":[[[121.407273,25.016398],[121.405453,25.016335],[121.405383,25.016383],[121.405374,25.016872],[121.40537,25.016888],[121.405346,25.016915],[121.405347,25.016919],[121.405521,25.016925],[121.40576,25.016968],[121.406762,25.017182],[121.407242,25.017265],[121.407281,25.017194],[121.407587,25.01646],[121.40742,25.016419],[121.407273,25.016398]]]}},{"type":"Feature","properties":{"id":"70388472b192","name":"新北市樹林區大同國民小學","level":"國小","basis":"both","data_ym":"201901"},"geometry":{"type":"Polygon","coordinates":[[[121.41796,24.981482],[121.417016,24.981026],[121.416756,24.981455],[121.416404,24.982052],[121.416422,24.982079],[121.417929,24.982849],[121.418233,24.982353],[121.418352,24.982147],[121.418577,24.981792],[121.41796,24.981482]]]}},{"type":"Feature","properties":{"id":"780f319c4b62","name":"新北市樹林區山佳國民小學","level":"國小","basis":"both","data_ym":"202109"},"geometry":{"type":"Polygon","coordinates":[[[121.402462,24.973993],[121.402033,24.973959],[121.40202,24.974012],[121.401949,24.974504],[121.401856,24.974739],[121.401833,24.974837],[121.401535,24.975384],[121.401537,24.975401],[121.401548,24.975414],[121.40172,24.975508],[121.401982,24.975667],[121.402028,24.975612],[121.402215,24.975501],[121.402529,24.975355],[121.402699,24.975233],[121.402703,24.974968],[121.402779,24.974954],[121.402764,24.974011],[121.402462,24.973993]]]}},{"type":"Feature","properties":{"id":"414db7319e97","name":"新北市樹林區文林國民小學","level":"國小","basis":"both","data_ym":"201710"},"geometry":{"type":"Polygon","coordinates":[[[121.426058,24.997372],[121.425903,24.997157],[121.425824,24.997041],[121.42574,24.996906],[121.425598,24.996988],[121.425107,24.997179],[121.425093,24.997155],[121.424949,24.997166],[121.42482,24.997166],[121.424692,24.997234],[121.424268,24.997528],[121.424346,24.997613],[121.424241,24.997691],[121.424268,24.997747],[121.424712,24.998331],[121.425097,24.998848],[121.425117,24.998861],[121.425125,24.998859],[121.425869,24.998331],[121.426388,24.997945],[121.426387,24.997897],[121.426154,24.997538],[121.426058,24.997372]]]}},{"type":"Feature","properties":{"id":"121965c6bd7e","name":"新北市樹林區育德國民小學","level":"國小","basis":"both","data_ym":"202103"},"geometry":{"type":"Polygon","coordinates":[[[121.392177,24.971652],[121.392479,24.970914],[121.39251,24.970921],[121.392608,24.970671],[121.392245,24.970552],[121.392252,24.970532],[121.3922,24.970515],[121.39217,24.970535],[121.392004,24.970484],[121.392001,24.970498],[121.391867,24.970453],[121.391901,24.970371],[121.391518,24.970236],[121.391235,24.970129],[121.391191,24.970119],[121.391162,24.970121],[121.391141,24.970132],[121.391113,24.970163],[121.391067,24.970255],[121.391003,24.970407],[121.390753,24.970402],[121.390673,24.970427],[121.390659,24.970427],[121.390593,24.970741],[121.391051,24.971058],[121.391368,24.971319],[121.392177,24.971652]]]}},{"type":"Feature","properties":{"id":"aade5018823f","name":"新北市樹林區武林國民小學","level":"國小","basis":"both","data_ym":"201311"},"geometry":{"type":"Polygon","coordinates":[[[121.415224,25.002589],[121.415267,25.002262],[121.415318,25.001927],[121.415351,25.001825],[121.41535,25.001818],[121.415327,25.001796],[121.415324,25.001778],[121.415361,25.001671],[121.415372,25.001675],[121.415394,25.001618],[121.415382,25.001614],[121.415387,25.001599],[121.415093,25.00151],[121.415094,25.001507],[121.415067,25.001498],[121.414986,25.001479],[121.414785,25.001418],[121.41467,25.001378],[121.414631,25.001366],[121.414629,25.001369],[121.414373,25.001285],[121.414374,25.001283],[121.41389,25.001136],[121.413854,25.001281],[121.413811,25.001603],[121.413731,25.00184],[121.413691,25.002276],[121.413895,25.002305],[121.414023,25.002376],[121.414084,25.002464],[121.414173,25.002505],[121.414242,25.002461],[121.414262,25.002472],[121.414309,25.002499],[121.414347,25.002533],[121.414451,25.002644],[121.414605,25.002795],[121.414627,25.00281],[121.41464,25.002814],[121.414787,25.002641],[121.415018,25.00262],[121.415017,25.002609],[121.415224,25.002589]]]}},{"type":"Feature","properties":{"id":"f971f8f2948d","name":"新北市樹林區柑園國民小學","level":"國小","basis":"both","data_ym":"201901"},"geometry":{"type":"Polygon","coordinates":[[[121.390309,24.956228],[121.390683,24.955319],[121.389493,24.95488],[121.389285,24.95533],[121.389011,24.955954],[121.389412,24.956063],[121.389726,24.956138],[121.390114,24.956266],[121.390166,24.956289],[121.390229,24.956296],[121.390295,24.956285],[121.390309,24.956228]]]}},{"type":"Feature","properties":{"id":"a4cfc4574882","name":"新北市樹林區彭福國民小學","level":"國小","basis":"both","data_ym":"201901"},"geometry":{"type":"Polygon","coordinates":[[[121.424291,24.980893],[121.423008,24.980269],[121.422963,24.980284],[121.422699,24.980709],[121.422315,24.981345],[121.422328,24.981389],[121.422589,24.981515],[121.4236,24.982026],[121.423628,24.982028],[121.423645,24.982021],[121.423894,24.981618],[121.424303,24.980934],[121.4243,24.980913],[121.424291,24.980893]]]}},{"type":"Feature","properties":{"id":"a27fedb16b2e","name":"新北市樹林區樹林國民小學","level":"國小","basis":"both","data_ym":"201901"},"geometry":{"type":"Polygon","coordinates":[[[121.417839,24.989414],[121.417571,24.989009],[121.417402,24.989136],[121.416898,24.989477],[121.416797,24.989554],[121.416651,24.989653],[121.416848,24.989905],[121.417023,24.990084],[121.417194,24.990204],[121.417551,24.990488],[121.417748,24.990636],[121.417963,24.990808],[121.418566,24.990442],[121.418741,24.990323],[121.418541,24.990096],[121.418332,24.989885],[121.418018,24.989599],[121.417905,24.989512],[121.417898,24.989482],[121.417839,24.989414]]]}},{"type":"Feature","properties":{"id":"6684e00f9448","name":"新北市雙溪區上林國民小學","level":"國小","basis":"both","data_ym":"202110"},"geometry":{"type":"Polygon","coordinates":[[[121.833501,25.029522],[121.833496,25.02915],[121.833268,25.029023],[121.833059,25.028879],[121.833029,25.028863],[121.83287,25.028747],[121.832643,25.028624],[121.831964,25.028363],[121.831644,25.028875],[121.831662,25.02891],[121.831613,25.028931],[121.831558,25.029032],[121.831507,25.029136],[121.832176,25.029433],[121.832259,25.029303],[121.832377,25.029348],[121.832351,25.029398],[121.833014,25.029666],[121.832983,25.029737],[121.833274,25.029708],[121.833393,25.029669],[121.833423,25.029647],[121.833501,25.029522]]]}},{"type":"Feature","properties":{"id":"94d9f7088dec","name":"新北市雙溪區牡丹國民小學","level":"國小","basis":"both","data_ym":"202110"},"geometry":{"type":"Polygon","coordinates":[[[121.852231,25.06187],[121.85222,25.061865],[121.851846,25.061975],[121.851647,25.062039],[121.851427,25.062125],[121.851363,25.062165],[121.85127,25.062242],[121.851137,25.062383],[121.850875,25.062706],[121.85102,25.062783],[121.851107,25.062956],[121.851272,25.063004],[121.851388,25.062998],[121.851449,25.062987],[121.851506,25.062953],[121.852213,25.062498],[121.852256,25.062466],[121.852289,25.062425],[121.852294,25.062385],[121.852292,25.062337],[121.852253,25.061944],[121.852242,25.061892],[121.852231,25.06187]]]}},{"type":"Feature","properties":{"id":"2ed09e36048e","name":"新北市雙溪區柑林國民小學","level":"國小","basis":"both","data_ym":"202110"},"geometry":{"type":"Polygon","coordinates":[[[121.804832,25.015024],[121.804716,25.014926],[121.804592,25.014999],[121.804532,25.014992],[121.804439,25.014965],[121.804272,25.014937],[121.804177,25.015077],[121.803983,25.015299],[121.804194,25.015576],[121.804385,25.016133],[121.804404,25.016209],[121.80458,25.016091],[121.804507,25.015824],[121.804559,25.015788],[121.804586,25.015775],[121.804508,25.015673],[121.804651,25.015394],[121.804836,25.015205],[121.804947,25.015153],[121.804902,25.015043],[121.804854,25.015036],[121.804832,25.015024]]]}},{"type":"Feature","properties":{"id":"57885ab82ff8","name":"新北市雙溪區雙溪國民小學","level":"國小","basis":"both","data_ym":"201901"},"geometry":{"type":"Polygon","coordinates":[[[121.867215,25.033811],[121.867298,25.033798],[121.86741,25.033803],[121.867481,25.033801],[121.867524,25.033791],[121.867765,25.033679],[121.867961,25.033597],[121.868143,25.033507],[121.8682,25.033495],[121.868232,25.033517],[121.868319,25.033503],[121.868512,25.03342],[121.868318,25.033044],[121.868265,25.032954],[121.868247,25.032963],[121.868214,25.032925],[121.868096,25.032727],[121.868053,25.032665],[121.867546,25.032849],[121.867482,25.032876],[121.867191,25.033051],[121.866671,25.033383],[121.866465,25.033495],[121.866717,25.033912],[121.866755,25.033915],[121.866844,25.033937],[121.866915,25.03394],[121.866949,25.033933],[121.86703,25.033875],[121.867098,25.033842],[121.867215,25.033811]]]}},{"type":"Feature","properties":{"id":"18ea7e825f88","name":"新北市雙溪區雙溪國民小學1","level":"國小","basis":"both","data_ym":"201805"},"geometry":{"type":"Polygon","coordinates":[[[121.868639,25.032818],[121.868568,25.03254],[121.868479,25.032566],[121.868145,25.032648],[121.8682,25.0328],[121.868246,25.032882],[121.868281,25.032919],[121.868339,25.032961],[121.868358,25.032968],[121.868409,25.032949],[121.868639,25.032818]]]}},{"type":"Feature","properties":{"id":"254091d65953","name":"新北市蘆洲區仁愛國民小學","level":"國小","basis":"both","data_ym":"201901"},"geometry":{"type":"Polygon","coordinates":[[[121.470709,25.091228],[121.470624,25.091174],[121.470599,25.091209],[121.470394,25.091085],[121.470408,25.091067],[121.469983,25.090831],[121.469971,25.090832],[121.469756,25.091303],[121.469673,25.09156],[121.46958,25.092071],[121.469574,25.092361],[121.469603,25.092865],[121.47036,25.092822],[121.470737,25.092347],[121.470812,25.092223],[121.470841,25.092135],[121.471023,25.091855],[121.471239,25.091535],[121.470709,25.091228]]]}},{"type":"Feature","properties":{"id":"8c8d50899775","name":"新北市蘆洲區成功國民小學","level":"國小","basis":"both","data_ym":"201901"},"geometry":{"type":"Polygon","coordinates":[[[121.457453,25.086072],[121.457749,25.085302],[121.45753,25.085259],[121.457134,25.085237],[121.455599,25.085262],[121.455527,25.085275],[121.455491,25.08529],[121.455436,25.085959],[121.455434,25.086031],[121.455464,25.086061],[121.455481,25.086066],[121.45695,25.086016],[121.45706,25.086018],[121.457453,25.086072]]]}},{"type":"Feature","properties":{"id":"b3f899276c30","name":"新北市蘆洲區忠義國民小學","level":"國小","basis":"both","data_ym":"201901"},"geometry":{"type":"Polygon","coordinates":[[[121.46446,25.0895],[121.464209,25.089381],[121.464152,25.089388],[121.463936,25.08926],[121.463947,25.089234],[121.463855,25.089191],[121.463872,25.089163],[121.463803,25.089132],[121.463242,25.088812],[121.463189,25.088775],[121.463135,25.088747],[121.463088,25.088727],[121.46284,25.088693],[121.462817,25.088695],[121.462798,25.088702],[121.462784,25.088716],[121.462771,25.088738],[121.46275,25.088819],[121.462747,25.088876],[121.462764,25.089421],[121.462776,25.089447],[121.462843,25.089496],[121.462863,25.08952],[121.462876,25.089545],[121.462881,25.089568],[121.46288,25.089591],[121.462865,25.08963],[121.4631,25.090176],[121.463286,25.090563],[121.463341,25.090581],[121.46336,25.090597],[121.463402,25.09058],[121.463453,25.09053],[121.463549,25.090471],[121.463801,25.090301],[121.463844,25.090265],[121.463998,25.090189],[121.46413,25.090043],[121.464495,25.089569],[121.464463,25.089548],[121.464456,25.089531],[121.46446,25.0895]]]}},{"type":"Feature","properties":{"id":"0d3bc64ab251","name":"新北市蘆洲區蘆洲國民小學","level":"國小","basis":"both","data_ym":"202510"},"geometry":{"type":"Polygon","coordinates":[[[121.471096,25.08555],[121.471225,25.085121],[121.471302,25.085034],[121.471309,25.085021],[121.47144,25.085057],[121.471413,25.084943],[121.471297,25.084714],[121.471274,25.084679],[121.47116,25.084543],[121.470936,25.084376],[121.470665,25.08422],[121.470383,25.084082],[121.470074,25.083978],[121.469894,25.084293],[121.469915,25.084304],[121.469801,25.084498],[121.469879,25.08454],[121.469738,25.084745],[121.470112,25.084917],[121.47011,25.084931],[121.469875,25.085558],[121.46976,25.085839],[121.470385,25.086043],[121.47078,25.086167],[121.470897,25.086199],[121.470993,25.085869],[121.471096,25.08555]]]}},{"type":"Feature","properties":{"id":"a6e82cfb9341","name":"新北市蘆洲區鷺江國民小學","level":"國小","basis":"both","data_ym":"202310"},"geometry":{"type":"Polygon","coordinates":[[[121.476774,25.085604],[121.476954,25.085326],[121.476971,25.085324],[121.476993,25.085336],[121.477022,25.085289],[121.476999,25.085277],[121.477092,25.085127],[121.477116,25.08514],[121.477142,25.085098],[121.477122,25.085089],[121.477135,25.08508],[121.477134,25.085069],[121.477296,25.084816],[121.47661,25.084458],[121.475952,25.084183],[121.47565,25.084045],[121.475484,25.084385],[121.475438,25.084383],[121.475084,25.084848],[121.475247,25.084973],[121.475444,25.085096],[121.4758,25.085309],[121.475854,25.085262],[121.476022,25.085365],[121.476615,25.085766],[121.476642,25.085736],[121.47668,25.085705],[121.476774,25.085604]]]}},{"type":"Feature","properties":{"id":"e42cb259184b","name":"新北市鶯歌區二橋國民小學","level":"國小","basis":"both","data_ym":"202510"},"geometry":{"type":"Polygon","coordinates":[[[121.337398,24.940593],[121.336799,24.940274],[121.33654,24.940657],[121.336388,24.940924],[121.336354,24.941005],[121.336321,24.94141],[121.336501,24.941507],[121.336429,24.94164],[121.336883,24.941822],[121.337375,24.94201],[121.338075,24.940982],[121.338077,24.940959],[121.338071,24.940941],[121.337398,24.940593]]]}},{"type":"Feature","properties":{"id":"090ef4a3d3f6","name":"新北市鶯歌區中湖國民小學","level":"國小","basis":"both","data_ym":"201901"},"geometry":{"type":"Polygon","coordinates":[[[121.348083,24.972839],[121.347771,24.972831],[121.347623,24.972839],[121.347421,24.972858],[121.34744,24.972986],[121.347471,24.972989],[121.347506,24.973255],[121.347352,24.973268],[121.347303,24.973332],[121.347354,24.973376],[121.347928,24.97383],[121.348386,24.973791],[121.348624,24.97341],[121.348636,24.973379],[121.348662,24.973262],[121.348725,24.972942],[121.348725,24.972929],[121.348718,24.972921],[121.348608,24.972904],[121.348267,24.972861],[121.348083,24.972839]]]}},{"type":"Feature","properties":{"id":"42e2e3302c03","name":"新北市鶯歌區永吉國民小學","level":"國小","basis":"both","data_ym":"201901"},"geometry":{"type":"Polygon","coordinates":[[[121.333081,24.959617],[121.333071,24.95953],[121.333071,24.959445],[121.333094,24.959269],[121.333266,24.958276],[121.333284,24.958121],[121.333257,24.958094],[121.332376,24.958275],[121.332358,24.95824],[121.332249,24.958266],[121.332126,24.958336],[121.332142,24.958376],[121.331909,24.958487],[121.331642,24.958626],[121.331797,24.958831],[121.332398,24.959586],[121.332402,24.959584],[121.332491,24.959702],[121.332714,24.959963],[121.333118,24.959758],[121.333125,24.959741],[121.333081,24.959617]]]}},{"type":"Feature","properties":{"id":"619d0a845b07","name":"新北市鶯歌區昌福國民小學","level":"國小","basis":"both","data_ym":"201901"},"geometry":{"type":"Polygon","coordinates":[[[121.340152,24.95491],[121.339623,24.954609],[121.339616,24.954627],[121.339579,24.954676],[121.339519,24.954732],[121.338644,24.95529],[121.338602,24.95532],[121.338596,24.95533],[121.338596,24.955342],[121.338672,24.955436],[121.338872,24.955663],[121.338954,24.955734],[121.339101,24.955831],[121.339194,24.955883],[121.339466,24.955996],[121.339586,24.956027],[121.339722,24.956051],[121.33984,24.956062],[121.33994,24.956067],[121.340058,24.956058],[121.340194,24.95501],[121.340152,24.95491]]]}},{"type":"Feature","properties":{"id":"549100b2d6bf","name":"新北市鶯歌區建國國民小學","level":"國小","basis":"both","data_ym":"201901"},"geometry":{"type":"Polygon","coordinates":[[[121.346827,24.954372],[121.345456,24.954333],[121.345423,24.955251],[121.345407,24.955449],[121.345399,24.955746],[121.346439,24.955768],[121.346763,24.955768],[121.346778,24.955766],[121.346789,24.955758],[121.346827,24.954372]]]}},{"type":"Feature","properties":{"id":"7527eb3eb394","name":"新北市鶯歌區鳳鳴國民小學","level":"國小","basis":"both","data_ym":"201901"},"geometry":{"type":"Polygon","coordinates":[[[121.335544,24.967821],[121.334968,24.967836],[121.334774,24.967831],[121.334788,24.967842],[121.334943,24.96789],[121.334932,24.968125],[121.334879,24.968187],[121.33491,24.968351],[121.334887,24.968433],[121.334863,24.968596],[121.334843,24.968918],[121.334828,24.968999],[121.334698,24.96915],[121.334694,24.969167],[121.334699,24.969181],[121.334798,24.969283],[121.334954,24.969149],[121.336587,24.969451],[121.337058,24.968888],[121.337019,24.968546],[121.33668,24.9683],[121.336459,24.96817],[121.336376,24.968169],[121.33637,24.968117],[121.336219,24.968029],[121.335544,24.967821]]]}},{"type":"Feature","properties":{"id":"c842c7cff488","name":"新北市鶯歌區鶯歌國民小學","level":"國小","basis":"both","data_ym":"201508"},"geometry":{"type":"Polygon","coordinates":[[[121.345097,24.950496],[121.344937,24.950835],[121.344749,24.951177],[121.344705,24.951266],[121.344715,24.951272],[121.344497,24.951722],[121.344492,24.951724],[121.344427,24.951853],[121.344413,24.951873],[121.344553,24.95189],[121.344629,24.95192],[121.344793,24.951999],[121.344892,24.952056],[121.345432,24.95224],[121.345688,24.952449],[121.345798,24.952518],[121.345994,24.952549],[121.346608,24.952635],[121.346951,24.952707],[121.346994,24.952567],[121.347033,24.952574],[121.347157,24.95229],[121.3472,24.952172],[121.347188,24.952169],[121.347222,24.952043],[121.34723,24.952043],[121.347266,24.951903],[121.347292,24.951759],[121.347127,24.951758],[121.347123,24.951223],[121.346854,24.95121],[121.346728,24.951181],[121.346399,24.951051],[121.345097,24.950496]]]}},{"type":"Feature","properties":{"id":"ae2b5879052e","name":"聖約翰科技大學","level":"大專","basis":"both","data_ym":"202311"},"geometry":{"type":"Polygon","coordinates":[[[121.44782,25.225836],[121.447823,25.225908],[121.447502,25.225936],[121.447242,25.22599],[121.446969,25.226103],[121.446904,25.22614],[121.446807,25.226302],[121.44691,25.226535],[121.44664,25.226618],[121.446704,25.226737],[121.446664,25.226771],[121.446637,25.226784],[121.446607,25.226789],[121.446555,25.226786],[121.446404,25.226751],[121.446274,25.226727],[121.446223,25.226874],[121.446311,25.226983],[121.446464,25.22694],[121.446543,25.227043],[121.446785,25.226974],[121.447083,25.226819],[121.447134,25.226659],[121.447338,25.226478],[121.448009,25.226099],[121.448095,25.226152],[121.448222,25.226215],[121.448272,25.226261],[121.448284,25.226289],[121.448283,25.226306],[121.448273,25.226322],[121.448252,25.226333],[121.448186,25.226338],[121.448102,25.226406],[121.448022,25.226432],[121.447973,25.226459],[121.447713,25.227002],[121.447704,25.227078],[121.447612,25.22731],[121.447623,25.227464],[121.448177,25.227728],[121.448408,25.227743],[121.448599,25.227783],[121.448638,25.227802],[121.448961,25.228168],[121.448984,25.228183],[121.449265,25.228224],[121.449449,25.228273],[121.449467,25.228271],[121.449581,25.228222],[121.449624,25.228207],[121.449669,25.228198],[121.449792,25.228189],[121.449914,25.228191],[121.450012,25.228217],[121.450071,25.228254],[121.450221,25.228408],[121.450246,25.228431],[121.450278,25.228446],[121.450627,25.228413],[121.450828,25.228381],[121.45095,25.228375],[121.45095,25.22831],[121.451407,25.22826],[121.451475,25.228211],[121.451485,25.228196],[121.451613,25.227346],[121.451615,25.227307],[121.451592,25.227305],[121.451634,25.226856],[121.451684,25.22686],[121.451706,25.226707],[121.451763,25.22671],[121.451774,25.226623],[121.451828,25.225847],[121.450912,25.225834],[121.450855,25.225653],[121.450698,25.22571],[121.450524,25.225789],[121.450476,25.225798],[121.450061,25.225776],[121.449126,25.225684],[121.449085,25.225907],[121.448653,25.225846],[121.448252,25.22575],[121.448212,25.225745],[121.448092,25.22575],[121.447935,25.225774],[121.447894,25.225789],[121.44782,25.225836]]]}},{"type":"Feature","properties":{"id":"17b40bc0f5ec","name":"臺北城市科技大學","level":"大專","basis":"both","data_ym":"202106"},"geometry":{"type":"Polygon","coordinates":[[[121.467936,25.134013],[121.467896,25.133957],[121.467861,25.13405],[121.468024,25.134187],[121.467936,25.134013]]]}},{"type":"Feature","properties":{"id":"66b4dc06ed65","name":"臺北城市科技大學","level":"大專","basis":"both","data_ym":"202106"},"geometry":{"type":"Polygon","coordinates":[[[121.468704,25.135324],[121.468422,25.134867],[121.46851,25.135035],[121.468704,25.135324]]]}},{"type":"Feature","properties":{"id":"3b4f8577e10f","name":"臺北城市科技大學","level":"大專","basis":"both","data_ym":"202106"},"geometry":{"type":"Polygon","coordinates":[[[121.468795,25.135443],[121.468722,25.135348],[121.468811,25.135466],[121.468856,25.135534],[121.468957,25.135626],[121.468864,25.135514],[121.468795,25.135443]]]}},{"type":"Feature","properties":{"id":"2286c68da386","name":"臺北基督學院","level":"大專","basis":"name","data_ym":"201710"},"geometry":{"type":"Polygon","coordinates":[[[121.460617,25.131777],[121.461347,25.131509],[121.461396,25.131551],[121.461479,25.131595],[121.461549,25.131626],[121.461677,25.130895],[121.461637,25.130886],[121.461749,25.130315],[121.461801,25.13017],[121.461909,25.129916],[121.461935,25.129873],[121.46197,25.129777],[121.461964,25.129766],[121.461967,25.129758],[121.461528,25.129625],[121.461433,25.129676],[121.461311,25.129786],[121.46105,25.129845],[121.460883,25.130019],[121.460505,25.13017],[121.460206,25.130444],[121.460152,25.130512],[121.460045,25.130565],[121.459926,25.130528],[121.459574,25.130502],[121.45926,25.130536],[121.45907,25.130633],[121.458971,25.130778],[121.458971,25.130889],[121.459035,25.130983],[121.459288,25.1311],[121.4595,25.131187],[121.459547,25.131253],[121.459575,25.13128],[121.459696,25.131352],[121.459766,25.131384],[121.459999,25.131475],[121.460176,25.131648],[121.460481,25.131769],[121.460617,25.131777]]]}},{"type":"Feature","properties":{"id":"f6ed552b3c09","name":"臺北醫學大學雙和校區","level":"大專","basis":"branch","data_ym":"202508"},"geometry":{"type":"Polygon","coordinates":[[[121.495219,24.991186],[121.495115,24.990631],[121.494896,24.990664],[121.49473,24.990643],[121.49424,24.99067],[121.493988,24.990631],[121.493865,24.990646],[121.493788,24.990676],[121.493674,24.990666],[121.493579,24.990936],[121.493785,24.991029],[121.493883,24.99108],[121.493951,24.991147],[121.494032,24.991244],[121.4941,24.991346],[121.494182,24.991451],[121.494433,24.99172],[121.494446,24.991721],[121.494553,24.991672],[121.494894,24.991502],[121.494894,24.991455],[121.495219,24.991186]]]}},{"type":"Feature","properties":{"id":"d93de1158627","name":"輔仁大學","level":"大專","basis":"both","data_ym":"202112"},"geometry":{"type":"Polygon","coordinates":[[[121.433948,25.032642],[121.433788,25.033018],[121.433207,25.032864],[121.4327,25.033251],[121.432132,25.033655],[121.430874,25.03456],[121.430589,25.034749],[121.428965,25.035748],[121.428619,25.035979],[121.4286,25.035996],[121.428594,25.036019],[121.428597,25.036038],[121.42867,25.036136],[121.428708,25.036178],[121.429124,25.036705],[121.429347,25.037009],[121.429491,25.037188],[121.429679,25.037397],[121.429772,25.037522],[121.430552,25.038818],[121.430875,25.039314],[121.431647,25.038887],[121.432228,25.038533],[121.43269,25.038265],[121.432976,25.038093],[121.433051,25.038041],[121.433741,25.037658],[121.436155,25.036201],[121.436077,25.036102],[121.43602,25.036042],[121.435142,25.034926],[121.4348,25.03452],[121.434631,25.034301],[121.434312,25.033921],[121.434426,25.033838],[121.435037,25.033449],[121.435569,25.033099],[121.435566,25.033095],[121.435622,25.033056],[121.435629,25.033052],[121.435633,25.033057],[121.435752,25.032979],[121.43569,25.032909],[121.435682,25.032915],[121.435628,25.032902],[121.435564,25.032895],[121.435531,25.032978],[121.434958,25.032884],[121.434877,25.032866],[121.434895,25.032782],[121.434356,25.032692],[121.433959,25.032607],[121.433948,25.032642]]]}},{"type":"Feature","properties":{"id":"6836367c78c7","name":"黎明技術學院","level":"大專","basis":"both","data_ym":"201803"},"geometry":{"type":"Polygon","coordinates":[[[121.422063,25.066209],[121.421932,25.066119],[121.421912,25.066139],[121.421006,25.06545],[121.420369,25.065058],[121.420319,25.065102],[121.42007,25.065229],[121.419719,25.06538],[121.419407,25.065502],[121.419392,25.065511],[121.419348,25.065449],[121.41947,25.065383],[121.419578,25.06533],[121.41951,25.065219],[121.419384,25.065274],[121.419215,25.065341],[121.419186,25.065368],[121.419198,25.065328],[121.419198,25.065267],[121.419044,25.065284],[121.419024,25.065293],[121.419008,25.065317],[121.419016,25.065642],[121.41905,25.065621],[121.41906,25.065713],[121.419094,25.065826],[121.419153,25.065951],[121.419178,25.065988],[121.419176,25.066003],[121.419148,25.066017],[121.418983,25.066056],[121.418987,25.066167],[121.419073,25.066305],[121.419162,25.066464],[121.419355,25.066631],[121.420606,25.06752],[121.420919,25.067761],[121.421242,25.067454],[121.421538,25.067054],[121.421727,25.066856],[121.42184,25.066594],[121.422063,25.066209]]]}},{"type":"Feature","properties":{"id":"c5d0ceb3c955","name":"醒吾科技大學","level":"大專","basis":"both","data_ym":"202201"},"geometry":{"type":"Polygon","coordinates":[[[121.396798,25.080416],[121.39655,25.080502],[121.395623,25.080706],[121.395534,25.080338],[121.394589,25.080499],[121.394584,25.080455],[121.39377,25.080602],[121.39375,25.080731],[121.393772,25.080856],[121.393817,25.080906],[121.393957,25.080958],[121.393972,25.080978],[121.394107,25.081256],[121.394238,25.081564],[121.394207,25.08159],[121.394162,25.081674],[121.39416,25.081727],[121.394258,25.081902],[121.394361,25.082003],[121.394401,25.082015],[121.394933,25.082002],[121.394973,25.082203],[121.395056,25.082984],[121.395301,25.08295],[121.395381,25.082997],[121.395358,25.083317],[121.395303,25.083433],[121.395286,25.083509],[121.395283,25.083766],[121.395864,25.083704],[121.395818,25.083115],[121.395754,25.082898],[121.395712,25.082788],[121.395839,25.082375],[121.395922,25.082234],[121.396065,25.082021],[121.396187,25.081817],[121.396271,25.081762],[121.396481,25.081685],[121.397115,25.081588],[121.397267,25.08156],[121.397239,25.081491],[121.397285,25.081477],[121.397243,25.081389],[121.397105,25.081015],[121.39738,25.080928],[121.397609,25.080837],[121.3974,25.080555],[121.397412,25.080533],[121.39785,25.080336],[121.397703,25.080236],[121.397622,25.080167],[121.397608,25.080199],[121.397485,25.080075],[121.397473,25.080084],[121.396798,25.080416]]]}}]}