{"type":"FeatureCollection","county":"新竹縣","features":[{"type":"Feature","properties":{"id":"4ae09826396c","name":"中國科技大學新竹校區","level":"大專","basis":"branch","data_ym":"202510"},"geometry":{"type":"Polygon","coordinates":[[[121.057695,24.91917],[121.057985,24.918989],[121.058623,24.918972],[121.058914,24.91897],[121.058909,24.918762],[121.05904,24.918756],[121.059117,24.91855],[121.059043,24.91839],[121.058947,24.918255],[121.058812,24.918164],[121.058569,24.91793],[121.058433,24.917776],[121.05833,24.917673],[121.058162,24.917686],[121.05738,24.917199],[121.057052,24.917216],[121.056973,24.917187],[121.056899,24.917102],[121.057019,24.916959],[121.057296,24.916702],[121.057518,24.916538],[121.057873,24.916508],[121.059007,24.915659],[121.058817,24.915233],[121.058681,24.914912],[121.058658,24.914868],[121.058431,24.914859],[121.058373,24.914871],[121.058301,24.914904],[121.058107,24.915047],[121.058063,24.915083],[121.057826,24.91528],[121.057511,24.915561],[121.057283,24.915724],[121.057017,24.915876],[121.056702,24.916029],[121.056616,24.916086],[121.056537,24.91612],[121.05639,24.916173],[121.056366,24.916177],[121.056371,24.916196],[121.056403,24.916233],[121.056438,24.916244],[121.056723,24.916273],[121.056852,24.916307],[121.057017,24.916396],[121.057016,24.916421],[121.057079,24.916414],[121.057131,24.916417],[121.057142,24.916564],[121.057104,24.916629],[121.056997,24.916714],[121.056895,24.916774],[121.056147,24.916971],[121.05614,24.917022],[121.056306,24.917562],[121.056558,24.917598],[121.056561,24.917656],[121.056549,24.917756],[121.05651,24.917775],[121.055644,24.917799],[121.055526,24.917635],[121.055434,24.917433],[121.05538,24.917246],[121.05538,24.917032],[121.055561,24.91667],[121.055508,24.916647],[121.055678,24.916181],[121.05562,24.916169],[121.055634,24.91604],[121.055631,24.915972],[121.055493,24.915936],[121.055498,24.916016],[121.055206,24.916054],[121.054833,24.916125],[121.054931,24.91651],[121.055065,24.916576],[121.055143,24.916637],[121.055182,24.916726],[121.054889,24.91714],[121.054777,24.917546],[121.054601,24.917638],[121.054725,24.917792],[121.054844,24.917888],[121.054871,24.918117],[121.054917,24.918296],[121.055193,24.919058],[121.055178,24.919077],[121.055115,24.919087],[121.054727,24.919043],[121.054398,24.918873],[121.054375,24.918892],[121.054573,24.919101],[121.05492,24.919494],[121.055031,24.919598],[121.055206,24.919787],[121.055517,24.920077],[121.055577,24.920114],[121.055743,24.9202],[121.056527,24.920181],[121.056681,24.920158],[121.0568,24.920115],[121.056949,24.919979],[121.056968,24.919971],[121.056968,24.919821],[121.057097,24.919789],[121.057238,24.919785],[121.057298,24.919772],[121.057376,24.919739],[121.057427,24.919701],[121.057561,24.919574],[121.057681,24.919435],[121.057732,24.919364],[121.057695,24.91917]]]}},{"type":"Feature","properties":{"id":"ffdb7b853176","name":"中華科技大學新竹校區","level":"大專","basis":"branch","data_ym":"201507"},"geometry":{"type":"Polygon","coordinates":[[[121.114671,24.712405],[121.114257,24.712278],[121.114185,24.712284],[121.11407,24.712649],[121.114058,24.712712],[121.11406,24.71276],[121.114078,24.71284],[121.114122,24.712912],[121.114145,24.712962],[121.114151,24.71301],[121.114148,24.713052],[121.114107,24.713125],[121.114058,24.713176],[121.113989,24.713231],[121.113824,24.713307],[121.113758,24.713349],[121.113672,24.713453],[121.113657,24.713488],[121.113651,24.713534],[121.113659,24.713565],[121.113684,24.713615],[121.113718,24.713674],[121.113785,24.713766],[121.113856,24.713883],[121.113917,24.714046],[121.113978,24.714278],[121.114143,24.714327],[121.114028,24.714634],[121.113979,24.714801],[121.113978,24.714865],[121.113988,24.714879],[121.113996,24.714883],[121.114358,24.714944],[121.114609,24.714016],[121.11465,24.713897],[121.114753,24.71376],[121.114898,24.713628],[121.114951,24.713181],[121.114911,24.713028],[121.114708,24.712776],[121.114671,24.712405]]]}},{"type":"Feature","properties":{"id":"8a9569f19731","name":"中華科技大學新竹校區1","level":"其他","basis":"none","data_ym":"201311"},"geometry":{"type":"Polygon","coordinates":[[[121.113871,24.714283],[121.113838,24.714275],[121.113823,24.714388],[121.113769,24.714562],[121.113638,24.714831],[121.113471,24.715114],[121.113356,24.715272],[121.113426,24.715303],[121.113568,24.715413],[121.1137,24.715462],[121.113732,24.715451],[121.113788,24.715339],[121.113847,24.715145],[121.11392,24.714701],[121.113926,24.714583],[121.113934,24.714508],[121.11393,24.714469],[121.113913,24.71438],[121.113894,24.71431],[121.113871,24.714283]]]}},{"type":"Feature","properties":{"id":"d4a2c066da0f","name":"私立康乃薾新竹縣美國學校","level":"其他","basis":"none","data_ym":"202108"},"geometry":{"type":"Polygon","coordinates":[[[121.038415,24.802918],[121.038339,24.802617],[121.038051,24.802622],[121.038052,24.802344],[121.037636,24.802411],[121.037613,24.802421],[121.037598,24.802435],[121.03757,24.802545],[121.037557,24.80263],[121.037538,24.802843],[121.037478,24.803025],[121.037328,24.803196],[121.037204,24.803267],[121.037197,24.803299],[121.0372,24.803317],[121.037228,24.803344],[121.037593,24.803421],[121.038063,24.803419],[121.038062,24.80292],[121.038415,24.802918]]]}},{"type":"Feature","properties":{"id":"433eb798ae3f","name":"亞太美國學校","level":"其他","basis":"none","data_ym":"202508"},"geometry":{"type":"Polygon","coordinates":[[[121.005465,24.823882],[121.005338,24.823707],[121.005087,24.823334],[121.004292,24.822179],[121.004146,24.822263],[121.004204,24.822343],[121.003888,24.822514],[121.003258,24.822874],[121.003344,24.823008],[121.00367,24.823492],[121.004058,24.824055],[121.004366,24.824495],[121.004513,24.824716],[121.004767,24.824425],[121.005465,24.823882]]]}},{"type":"Feature","properties":{"id":"ba3af9d2428a","name":"明新科技大學","level":"大專","basis":"both","data_ym":"202308"},"geometry":{"type":"Polygon","coordinates":[[[120.991491,24.864039],[120.991429,24.863812],[120.991421,24.863754],[120.99113,24.862954],[120.991034,24.862791],[120.990734,24.862417],[120.990589,24.862259],[120.990397,24.862095],[120.990164,24.861873],[120.99001,24.86171],[120.989966,24.861643],[120.989816,24.861439],[120.989792,24.861324],[120.989803,24.861205],[120.990005,24.86091],[120.990146,24.860636],[120.990226,24.860431],[120.990125,24.860399],[120.990034,24.86041],[120.989926,24.860434],[120.989845,24.860475],[120.989648,24.860607],[120.989618,24.860622],[120.989608,24.860622],[120.989547,24.860601],[120.989504,24.860572],[120.989463,24.860517],[120.989391,24.860465],[120.989344,24.860446],[120.989289,24.860446],[120.989261,24.860454],[120.989225,24.860473],[120.98868,24.860768],[120.988598,24.860802],[120.988551,24.860811],[120.988489,24.860806],[120.988428,24.860788],[120.9884,24.860773],[120.988292,24.860685],[120.987994,24.860285],[120.98851,24.859945],[120.987877,24.859168],[120.987112,24.859674],[120.987192,24.859778],[120.987093,24.859836],[120.986797,24.859471],[120.986735,24.859439],[120.986673,24.859424],[120.986547,24.859467],[120.986306,24.859601],[120.986107,24.859744],[120.986105,24.859797],[120.986122,24.859824],[120.986241,24.859896],[120.986397,24.860017],[120.986445,24.86011],[120.986438,24.86016],[120.986333,24.860353],[120.986329,24.860412],[120.986343,24.860502],[120.986414,24.860763],[120.986438,24.860872],[120.98651,24.861052],[120.986506,24.861086],[120.986429,24.861121],[120.98592,24.861137],[120.985938,24.861443],[120.9865,24.861464],[120.986518,24.861857],[120.986292,24.862148],[120.985998,24.862048],[120.985842,24.862128],[120.986042,24.862988],[120.986074,24.863247],[120.986178,24.863543],[120.986358,24.863839],[120.986527,24.863928],[120.986673,24.863844],[120.986724,24.863852],[120.986775,24.863867],[120.987207,24.864433],[120.987325,24.864356],[120.987321,24.864352],[120.987365,24.864323],[120.987368,24.864328],[120.987493,24.864246],[120.987776,24.864694],[120.98778,24.864704],[120.987779,24.864727],[120.988186,24.864515],[120.989069,24.864085],[120.989259,24.864009],[120.989321,24.864002],[120.989348,24.864007],[120.989386,24.864031],[120.989434,24.864079],[120.989521,24.864179],[120.989578,24.864221],[120.989653,24.864257],[120.989818,24.864313],[120.990055,24.864353],[120.990164,24.864385],[120.990244,24.864446],[120.990315,24.864522],[120.990443,24.864604],[120.99066,24.864713],[120.990869,24.864795],[120.99093,24.864815],[120.991014,24.864817],[120.991049,24.864804],[120.99118,24.864725],[120.991312,24.864679],[120.991358,24.864667],[120.991402,24.864645],[120.991456,24.864603],[120.991523,24.864534],[120.991609,24.864411],[120.991491,24.864039]]]}},{"type":"Feature","properties":{"id":"73c489f15491","name":"法務部矯正署誠正中學","level":"高中職","basis":"name","data_ym":"202308"},"geometry":{"type":"Polygon","coordinates":[[[120.981315,24.866097],[120.981295,24.866073],[120.981273,24.866087],[120.981209,24.86602],[120.981202,24.865904],[120.980611,24.86589],[120.980512,24.865733],[120.980461,24.865526],[120.980027,24.865555],[120.97998,24.865456],[120.979809,24.865134],[120.97948,24.865198],[120.979454,24.865517],[120.979392,24.866471],[120.979396,24.866483],[120.979406,24.866488],[120.979847,24.86651],[120.979844,24.866542],[120.980288,24.866557],[120.981026,24.866603],[120.98166,24.866632],[120.982414,24.866676],[120.982641,24.866685],[120.982641,24.866541],[120.982493,24.866343],[120.982028,24.866317],[120.98148,24.866258],[120.981366,24.866131],[120.981315,24.866097]]]}},{"type":"Feature","properties":{"id":"956fd9d4ec4d","name":"國立交通大學客家文化學院1","level":"大專","basis":"name","data_ym":"201311"},"geometry":{"type":"Polygon","coordinates":[[[121.024633,24.810311],[121.024718,24.810252],[121.024735,24.810278],[121.024664,24.810331],[121.024943,24.810507],[121.024618,24.81009],[121.024589,24.810076],[121.024551,24.810075],[121.024526,24.810086],[121.02266,24.811387],[121.022778,24.811547],[121.023115,24.811436],[121.023278,24.811366],[121.023523,24.811179],[121.023667,24.811056],[121.024033,24.810758],[121.024503,24.810418],[121.024633,24.810311]]]}},{"type":"Feature","properties":{"id":"d29fc452e03d","name":"國立竹北高級中學","level":"國中","basis":"moe","data_ym":"202508"},"geometry":{"type":"Polygon","coordinates":[[[121.002402,24.834193],[121.001352,24.834672],[121.001656,24.835209],[121.001665,24.835205],[121.002212,24.836164],[121.002235,24.836193],[121.002256,24.836207],[121.002298,24.836213],[121.003068,24.835911],[121.003168,24.835863],[121.003684,24.836693],[121.003747,24.836773],[121.003936,24.837074],[121.004621,24.836817],[121.004558,24.836705],[121.004413,24.836409],[121.004213,24.836127],[121.004027,24.835834],[121.004138,24.835766],[121.004247,24.83572],[121.004237,24.835698],[121.004408,24.835638],[121.00462,24.835589],[121.004631,24.835529],[121.004497,24.83559],[121.004451,24.8356],[121.004318,24.835592],[121.004144,24.835545],[121.003927,24.835452],[121.003843,24.835404],[121.003754,24.835339],[121.00358,24.835193],[121.003427,24.835043],[121.003215,24.834849],[121.002843,24.834518],[121.002715,24.834419],[121.002402,24.834193]]]}},{"type":"Feature","properties":{"id":"0e3ae2147bb7","name":"國立竹東高級中學","level":"高中職","basis":"both","data_ym":"201711"},"geometry":{"type":"Polygon","coordinates":[[[121.088152,24.733181],[121.088184,24.733081],[121.088203,24.733084],[121.088223,24.733075],[121.088242,24.733044],[121.088301,24.733045],[121.088303,24.732947],[121.088369,24.732842],[121.08865,24.732431],[121.088714,24.732358],[121.088861,24.732221],[121.088809,24.73219],[121.088726,24.732164],[121.088706,24.732098],[121.088639,24.731926],[121.088527,24.731668],[121.088468,24.731667],[121.088218,24.73107],[121.088272,24.731027],[121.088415,24.730965],[121.088568,24.730891],[121.088597,24.730897],[121.08861,24.730866],[121.088587,24.730854],[121.088605,24.730831],[121.088559,24.730766],[121.08851,24.730751],[121.08835,24.730768],[121.088012,24.730814],[121.08801,24.730809],[121.087987,24.730812],[121.087964,24.730705],[121.087589,24.730841],[121.087447,24.730882],[121.087442,24.730977],[121.08743,24.730984],[121.087299,24.73101],[121.086766,24.731371],[121.086779,24.732287],[121.08655,24.732286],[121.086561,24.732757],[121.086874,24.732805],[121.086865,24.733479],[121.087059,24.733506],[121.087518,24.733479],[121.087683,24.733463],[121.087825,24.733436],[121.087966,24.733375],[121.088166,24.73327],[121.088152,24.733181]]]}},{"type":"Feature","properties":{"id":"455c111d54af","name":"國立陽明交通大學新竹六家校區","level":"大專","basis":"branch","data_ym":"202103"},"geometry":{"type":"Polygon","coordinates":[[[121.025043,24.811462],[121.024756,24.811114],[121.025179,24.810809],[121.024999,24.810579],[121.024791,24.810442],[121.02464,24.810349],[121.024329,24.810607],[121.024033,24.810836],[121.023414,24.811344],[121.023317,24.811413],[121.023262,24.811441],[121.023187,24.811471],[121.022944,24.811542],[121.022826,24.811584],[121.02276,24.81163],[121.022688,24.811744],[121.022594,24.81182],[121.023127,24.812649],[121.023251,24.812646],[121.023501,24.812617],[121.023551,24.8126],[121.023797,24.812453],[121.024135,24.812221],[121.024345,24.812053],[121.024514,24.811889],[121.024602,24.811793],[121.024672,24.811731],[121.024759,24.811663],[121.025043,24.811462]]]}},{"type":"Feature","properties":{"id":"112ebb542e2f","name":"國立新竹特殊教育學校","level":"特殊","basis":"both","data_ym":"201311"},"geometry":{"type":"Polygon","coordinates":[[[121.0336,24.814366],[121.033556,24.814368],[121.033338,24.814567],[121.032694,24.815244],[121.032615,24.815341],[121.033059,24.815672],[121.033526,24.816046],[121.033807,24.815822],[121.034543,24.81522],[121.034543,24.815209],[121.03363,24.814373],[121.0336,24.814366]]]}},{"type":"Feature","properties":{"id":"2131abfbe9ea","name":"國立臺灣大學竹北分部","level":"大專","basis":"branch","data_ym":"201311"},"geometry":{"type":"Polygon","coordinates":[[[121.022796,24.82291],[121.022512,24.822284],[121.022473,24.82227],[121.020535,24.822917],[121.020826,24.823657],[121.02024,24.824778],[121.019082,24.825155],[121.019419,24.826003],[121.020574,24.8255],[121.020624,24.825472],[121.020649,24.825436],[121.02066,24.825411],[121.020666,24.825377],[121.020636,24.825265],[121.020593,24.825168],[121.020535,24.82508],[121.02048,24.825017],[121.020422,24.824974],[121.020388,24.824955],[121.020297,24.824926],[121.020471,24.824885],[121.02058,24.824855],[121.020713,24.824812],[121.020765,24.82479],[121.020815,24.824764],[121.020969,24.824662],[121.021088,24.824563],[121.021149,24.824518],[121.021199,24.824488],[121.02127,24.824455],[121.021342,24.824433],[121.021689,24.824261],[121.02179,24.824202],[121.021895,24.824099],[121.022046,24.823925],[121.022125,24.823807],[121.022156,24.823727],[121.022207,24.823367],[121.022246,24.823228],[121.022257,24.823211],[121.022276,24.823186],[121.022313,24.823152],[121.022409,24.823091],[121.022793,24.822916],[121.022796,24.82291]]]}},{"type":"Feature","properties":{"id":"85c3ef00747f","name":"國立臺灣科技大學新竹分部","level":"大專","basis":"branch","data_ym":"202508"},"geometry":{"type":"Polygon","coordinates":[[[121.004292,24.822179],[121.005087,24.823334],[121.005338,24.823707],[121.005465,24.823882],[121.005711,24.823708],[121.005791,24.823656],[121.006079,24.823922],[121.006585,24.824429],[121.006902,24.824678],[121.006951,24.824634],[121.007331,24.824999],[121.007378,24.825024],[121.007414,24.825031],[121.007603,24.824882],[121.008009,24.824499],[121.008006,24.824451],[121.007723,24.823957],[121.007013,24.822758],[121.006566,24.822087],[121.006001,24.821285],[121.005885,24.821271],[121.004292,24.822179]]]}},{"type":"Feature","properties":{"id":"debe4a2a48ab","name":"國立關西高級中學","level":"高中職","basis":"both","data_ym":"202509"},"geometry":{"type":"Polygon","coordinates":[[[121.187079,24.792448],[121.187108,24.79231],[121.187181,24.792331],[121.187369,24.792198],[121.187576,24.792073],[121.187553,24.791813],[121.187506,24.791517],[121.18732,24.790797],[121.187264,24.790656],[121.187144,24.79038],[121.186944,24.790023],[121.186881,24.789919],[121.186685,24.789637],[121.18581,24.788467],[121.185776,24.788442],[121.185691,24.788464],[121.185672,24.788473],[121.185648,24.788437],[121.185615,24.788409],[121.185188,24.788525],[121.184914,24.788604],[121.184764,24.788659],[121.184548,24.78877],[121.18442,24.788852],[121.184458,24.788923],[121.185796,24.79091],[121.185885,24.791086],[121.185907,24.791286],[121.185908,24.791344],[121.185894,24.791407],[121.185876,24.791475],[121.185845,24.791554],[121.185807,24.791625],[121.185734,24.791733],[121.185759,24.791751],[121.18607,24.791917],[121.186261,24.791814],[121.186535,24.792299],[121.186882,24.79215],[121.186931,24.792207],[121.187079,24.792448]]]}},{"type":"Feature","properties":{"id":"74fca17fd4bd","name":"敏實科技大學","level":"大專","basis":"both","data_ym":"201708"},"geometry":{"type":"Polygon","coordinates":[[[121.089337,24.779696],[121.089374,24.779694],[121.08939,24.779703],[121.08952,24.779962],[121.090405,24.779668],[121.090784,24.779528],[121.09083,24.779443],[121.090783,24.779348],[121.090904,24.779317],[121.091049,24.779247],[121.091395,24.77915],[121.091421,24.779136],[121.091437,24.779121],[121.091442,24.779101],[121.091437,24.779079],[121.091368,24.778931],[121.091253,24.778971],[121.09089,24.778547],[121.091271,24.778306],[121.091302,24.778302],[121.09132,24.778305],[121.091339,24.778319],[121.091427,24.77843],[121.091404,24.778451],[121.091517,24.7786],[121.091559,24.778603],[121.09164,24.778575],[121.091725,24.778539],[121.091852,24.778452],[121.091929,24.778356],[121.092462,24.778156],[121.092401,24.777915],[121.092341,24.777931],[121.092314,24.777852],[121.092282,24.777829],[121.092187,24.777808],[121.091964,24.777834],[121.091868,24.777822],[121.09181,24.777833],[121.091811,24.777868],[121.091807,24.77787],[121.091541,24.777901],[121.091506,24.777901],[121.091469,24.777894],[121.09126,24.778005],[121.091162,24.777791],[121.09117,24.777713],[121.0912,24.777536],[121.091228,24.777319],[121.091255,24.777197],[121.091275,24.777148],[121.091132,24.777165],[121.091107,24.777061],[121.09133,24.777029],[121.091345,24.776998],[121.091332,24.776979],[121.091303,24.77696],[121.09088,24.776775],[121.090863,24.776773],[121.090851,24.776896],[121.090829,24.777281],[121.090831,24.777358],[121.090835,24.777389],[121.09095,24.777444],[121.090921,24.777482],[121.090841,24.77743],[121.090855,24.777534],[121.09092,24.77784],[121.090972,24.778016],[121.091006,24.778162],[121.091107,24.778332],[121.09096,24.778428],[121.090869,24.77832],[121.09081,24.778207],[121.090769,24.778086],[121.090712,24.777683],[121.090654,24.777354],[121.090593,24.77719],[121.090486,24.777088],[121.090383,24.777001],[121.090204,24.776864],[121.090146,24.776826],[121.090067,24.776808],[121.089966,24.776807],[121.089806,24.776848],[121.089701,24.776858],[121.089599,24.776851],[121.089556,24.776838],[121.089492,24.77688],[121.089432,24.776929],[121.089425,24.776924],[121.089364,24.776964],[121.089392,24.777021],[121.088952,24.777086],[121.088596,24.77729],[121.08813,24.778195],[121.088168,24.778241],[121.088161,24.778246],[121.088223,24.778415],[121.088226,24.778495],[121.088196,24.778553],[121.088132,24.778655],[121.088119,24.778697],[121.088102,24.778928],[121.088085,24.779023],[121.088045,24.779081],[121.088002,24.77921],[121.087961,24.779508],[121.087952,24.77979],[121.087948,24.779898],[121.087977,24.779993],[121.088002,24.780044],[121.088055,24.780088],[121.088124,24.780118],[121.088211,24.780144],[121.088249,24.780146],[121.088304,24.780138],[121.088473,24.780045],[121.088644,24.779985],[121.088845,24.779945],[121.089045,24.779917],[121.089079,24.779902],[121.089141,24.779847],[121.089212,24.779769],[121.089259,24.779732],[121.089293,24.779709],[121.089337,24.779696]]]}},{"type":"Feature","properties":{"id":"897be5c89d60","name":"新竹縣五峰鄉五峰國民小學","level":"國小","basis":"both","data_ym":"202508"},"geometry":{"type":"Polygon","coordinates":[[[121.117952,24.629919],[121.117811,24.629743],[121.117732,24.629859],[121.117561,24.630348],[121.11731,24.631315],[121.117311,24.631357],[121.117331,24.631372],[121.11738,24.631393],[121.117399,24.631417],[121.11738,24.631527],[121.11738,24.631555],[121.117397,24.631587],[121.117458,24.631609],[121.117469,24.63162],[121.117501,24.631759],[121.117485,24.631786],[121.117443,24.631908],[121.117412,24.632016],[121.117399,24.632096],[121.117402,24.63215],[121.117439,24.632226],[121.117492,24.632293],[121.117548,24.632325],[121.117589,24.632337],[121.117627,24.632336],[121.11766,24.632325],[121.117724,24.632217],[121.117805,24.632124],[121.117847,24.632086],[121.117956,24.632],[121.118052,24.631934],[121.118152,24.631856],[121.118315,24.631714],[121.118412,24.631605],[121.118552,24.631381],[121.118643,24.631218],[121.118715,24.631135],[121.118682,24.6311],[121.118699,24.631047],[121.118706,24.630994],[121.118703,24.630896],[121.118735,24.630738],[121.118732,24.630629],[121.118711,24.630575],[121.118623,24.630477],[121.118034,24.630046],[121.117952,24.629919]]]}},{"type":"Feature","properties":{"id":"541b9591f6e0","name":"新竹縣五峰鄉花園國民小學","level":"國小","basis":"both","data_ym":"202508"},"geometry":{"type":"Polygon","coordinates":[[[121.151601,24.647838],[121.151544,24.647782],[121.151403,24.647789],[121.151351,24.647755],[121.151337,24.647769],[121.151305,24.647785],[121.151218,24.647819],[121.151182,24.647841],[121.151134,24.647883],[121.151099,24.647922],[121.151071,24.647968],[121.151062,24.647991],[121.151061,24.648013],[121.15108,24.648115],[121.151117,24.648288],[121.151156,24.64842],[121.151215,24.648427],[121.151355,24.648462],[121.151486,24.648573],[121.151799,24.64847],[121.151601,24.647838]]]}},{"type":"Feature","properties":{"id":"3a08244fdbc6","name":"新竹縣五峰鄉花園國民小學竹林分校","level":"大專","basis":"branch","data_ym":"201901"},"geometry":{"type":"Polygon","coordinates":[[[121.14814,24.624816],[121.148049,24.624775],[121.147734,24.624991],[121.147823,24.625094],[121.148473,24.625279],[121.148517,24.625132],[121.148352,24.624879],[121.148327,24.624861],[121.148306,24.624854],[121.14814,24.624816]]]}},{"type":"Feature","properties":{"id":"48f2befcb48f","name":"新竹縣五峰鄉桃山國民小學","level":"國小","basis":"both","data_ym":"201901"},"geometry":{"type":"Polygon","coordinates":[[[121.106199,24.576393],[121.106106,24.576081],[121.106064,24.575911],[121.105982,24.575725],[121.105812,24.575401],[121.10563,24.575279],[121.105556,24.575289],[121.105517,24.575108],[121.105504,24.574969],[121.105454,24.574782],[121.105248,24.574846],[121.105203,24.574874],[121.10518,24.574938],[121.105165,24.575112],[121.105143,24.575295],[121.10514,24.575413],[121.105184,24.575597],[121.105274,24.575832],[121.105342,24.575976],[121.105395,24.57605],[121.105543,24.576207],[121.105602,24.576185],[121.106199,24.576393]]]}},{"type":"Feature","properties":{"id":"31acdd6556a0","name":"新竹縣北埔鄉大坪實驗國民小學","level":"國小","basis":"name","data_ym":"202508"},"geometry":{"type":"Polygon","coordinates":[[[121.059783,24.675511],[121.05979,24.675436],[121.059823,24.675223],[121.059801,24.675191],[121.059732,24.675159],[121.059666,24.675118],[121.059601,24.675065],[121.059558,24.675013],[121.059507,24.674971],[121.059455,24.674938],[121.059253,24.674748],[121.059227,24.674715],[121.059215,24.67468],[121.059196,24.674581],[121.059189,24.674475],[121.05919,24.674428],[121.059176,24.67438],[121.059161,24.674359],[121.058947,24.674219],[121.058851,24.674137],[121.058755,24.674088],[121.058677,24.674059],[121.058364,24.67446],[121.058751,24.674855],[121.058858,24.675001],[121.058846,24.675016],[121.058777,24.675059],[121.058847,24.675197],[121.058794,24.675356],[121.058884,24.675515],[121.058909,24.675523],[121.059035,24.675521],[121.059118,24.675496],[121.059271,24.675459],[121.059312,24.675458],[121.059444,24.675485],[121.059743,24.67556],[121.059757,24.675556],[121.05977,24.675545],[121.059783,24.675511]]]}},{"type":"Feature","properties":{"id":"586618560c9a","name":"新竹縣北埔鄉北埔國民小學","level":"國小","basis":"both","data_ym":"201901"},"geometry":{"type":"Polygon","coordinates":[[[121.054472,24.700579],[121.054371,24.700392],[121.054441,24.700362],[121.054438,24.700356],[121.054498,24.700331],[121.054502,24.700339],[121.054635,24.70028],[121.054605,24.700218],[121.054438,24.700292],[121.054369,24.700317],[121.054297,24.70009],[121.054184,24.699886],[121.054104,24.699712],[121.053942,24.699717],[121.053641,24.699886],[121.053556,24.700004],[121.053458,24.700158],[121.053388,24.700221],[121.053291,24.70036],[121.053032,24.700423],[121.052474,24.700389],[121.052255,24.700516],[121.052133,24.700573],[121.05212,24.700648],[121.052172,24.700804],[121.052257,24.701116],[121.052494,24.701359],[121.052655,24.701453],[121.052779,24.701342],[121.052893,24.701254],[121.053331,24.701027],[121.05354,24.700934],[121.054472,24.700579]]]}},{"type":"Feature","properties":{"id":"f6ea26bf4c33","name":"新竹縣立二重國民中學","level":"國中","basis":"both","data_ym":"202508"},"geometry":{"type":"Polygon","coordinates":[[[121.054979,24.765166],[121.054982,24.765093],[121.055152,24.765068],[121.055115,24.765017],[121.054833,24.764569],[121.054696,24.764403],[121.054599,24.764304],[121.054589,24.764308],[121.054532,24.764308],[121.05442,24.764301],[121.054323,24.76431],[121.054322,24.764318],[121.054062,24.764345],[121.054046,24.764362],[121.053399,24.764405],[121.053438,24.764498],[121.053395,24.76453],[121.053383,24.764545],[121.05338,24.764564],[121.053386,24.764584],[121.053422,24.764636],[121.053534,24.764753],[121.053541,24.764773],[121.053553,24.764899],[121.05356,24.764926],[121.053571,24.764947],[121.053614,24.764987],[121.053872,24.765162],[121.054207,24.765096],[121.054238,24.765232],[121.054817,24.765194],[121.054813,24.765174],[121.054979,24.765166]]]}},{"type":"Feature","properties":{"id":"ca6cdc18f9bd","name":"新竹縣立中正國民中學","level":"國中","basis":"both","data_ym":"201901"},"geometry":{"type":"Polygon","coordinates":[[[121.018931,24.874154],[121.01936,24.873551],[121.018403,24.872996],[121.018288,24.872927],[121.018256,24.8729],[121.01806,24.872899],[121.018061,24.872867],[121.017933,24.872861],[121.017161,24.873332],[121.016563,24.873672],[121.016951,24.874215],[121.017242,24.874166],[121.017682,24.874078],[121.01778,24.874062],[121.018422,24.874123],[121.018931,24.874154]]]}},{"type":"Feature","properties":{"id":"f34a29afc932","name":"新竹縣立五峰國民中學","level":"國中","basis":"both","data_ym":"202508"},"geometry":{"type":"Polygon","coordinates":[[[121.119062,24.632918],[121.119107,24.632892],[121.119123,24.632913],[121.119237,24.632853],[121.11944,24.632678],[121.119225,24.632453],[121.119291,24.632334],[121.119333,24.632268],[121.119323,24.632278],[121.119296,24.632286],[121.119241,24.632283],[121.119088,24.632244],[121.118674,24.632105],[121.11831,24.631964],[121.118046,24.632147],[121.11783,24.632453],[121.118278,24.632805],[121.118605,24.632943],[121.118673,24.63295],[121.118916,24.632937],[121.119062,24.632918]]]}},{"type":"Feature","properties":{"id":"15e1c9fa940a","name":"新竹縣立仁愛國民中學","level":"國中","basis":"both","data_ym":"201311"},"geometry":{"type":"Polygon","coordinates":[[[121.015261,24.831752],[121.01524,24.831748],[121.013555,24.831868],[121.013491,24.831878],[121.013487,24.831885],[121.013598,24.832948],[121.013659,24.83299],[121.014183,24.832921],[121.014624,24.83287],[121.015089,24.832846],[121.0153,24.832843],[121.015325,24.832806],[121.015328,24.832774],[121.015277,24.8319],[121.015266,24.83179],[121.015267,24.831761],[121.015261,24.831752]]]}},{"type":"Feature","properties":{"id":"ed73f3e0e776","name":"新竹縣立六家高級中學","level":"高中職","basis":"both","data_ym":"201806"},"geometry":{"type":"Polygon","coordinates":[[[121.033028,24.820962],[121.033331,24.82093],[121.033477,24.820956],[121.033567,24.820946],[121.03365,24.820909],[121.033433,24.820657],[121.033651,24.820484],[121.032824,24.819639],[121.032807,24.819629],[121.032697,24.819713],[121.032703,24.819761],[121.032702,24.819856],[121.032545,24.81983],[121.031458,24.820665],[121.032259,24.821534],[121.033028,24.820962]]]}},{"type":"Feature","properties":{"id":"fba4a577ac2d","name":"新竹縣立文興國民中學","level":"國中","basis":"both","data_ym":"202406"},"geometry":{"type":"Polygon","coordinates":[[[121.044438,24.801823],[121.04439,24.801823],[121.043632,24.802443],[121.043864,24.802686],[121.043546,24.802892],[121.043919,24.803292],[121.04353,24.8036],[121.043923,24.804011],[121.043954,24.804014],[121.043995,24.803995],[121.045558,24.802642],[121.045578,24.802608],[121.045558,24.802496],[121.044479,24.801838],[121.044438,24.801823]]]}},{"type":"Feature","properties":{"id":"0fd378f3d856","name":"新竹縣立北平華德福實驗學校","level":"其他","basis":"none","data_ym":"202109"},"geometry":{"type":"Polygon","coordinates":[[[121.086643,24.852012],[121.086442,24.851974],[121.086268,24.852027],[121.08618,24.852061],[121.08614,24.852092],[121.086123,24.852114],[121.086115,24.852137],[121.086096,24.852253],[121.086064,24.852329],[121.085982,24.852446],[121.085901,24.852572],[121.085832,24.852691],[121.085822,24.852724],[121.085832,24.852755],[121.085852,24.852785],[121.085874,24.852809],[121.085896,24.852821],[121.085972,24.852842],[121.086144,24.852871],[121.086527,24.852913],[121.086643,24.852012]]]}},{"type":"Feature","properties":{"id":"0b23ab7bff8d","name":"新竹縣立北埔國民中學","level":"國中","basis":"both","data_ym":"202308"},"geometry":{"type":"Polygon","coordinates":[[[121.047786,24.705097],[121.04802,24.704716],[121.047861,24.704512],[121.047742,24.704449],[121.047826,24.704293],[121.047915,24.704169],[121.047865,24.70415],[121.047793,24.704113],[121.047714,24.704184],[121.047431,24.703964],[121.047044,24.703749],[121.046676,24.704426],[121.046374,24.704925],[121.045992,24.704797],[121.045805,24.705171],[121.046419,24.705392],[121.046795,24.705412],[121.046953,24.705481],[121.047062,24.7055],[121.047385,24.705635],[121.047565,24.705306],[121.047786,24.705097]]]}},{"type":"Feature","properties":{"id":"b3bea3b3dee6","name":"新竹縣立石光國民中學","level":"國中","basis":"both","data_ym":"201806"},"geometry":{"type":"Polygon","coordinates":[[[121.1298,24.813956],[121.128927,24.814596],[121.129321,24.815105],[121.129629,24.815373],[121.12967,24.81537],[121.130319,24.814779],[121.130255,24.81472],[121.130213,24.814672],[121.130052,24.814411],[121.1298,24.813956]]]}},{"type":"Feature","properties":{"id":"7d1a80f413fb","name":"新竹縣立尖石國民中學","level":"國中","basis":"both","data_ym":"202307"},"geometry":{"type":"Polygon","coordinates":[[[121.202873,24.707264],[121.202918,24.707127],[121.203011,24.707153],[121.203092,24.707102],[121.203146,24.707091],[121.203194,24.707063],[121.203236,24.70693],[121.202974,24.70684],[121.202737,24.706702],[121.202416,24.70643],[121.202111,24.70644],[121.201787,24.706575],[121.201292,24.706837],[121.201532,24.707256],[121.201613,24.70724],[121.201704,24.707249],[121.201933,24.707384],[121.202174,24.707541],[121.2023,24.707558],[121.202386,24.707579],[121.202465,24.707607],[121.20249,24.70761],[121.202523,24.707605],[121.202553,24.707593],[121.2026,24.707568],[121.202672,24.707515],[121.202735,24.70746],[121.202773,24.707414],[121.202873,24.707264]]]}},{"type":"Feature","properties":{"id":"4bda01d85955","name":"新竹縣立成功國民中學","level":"國中","basis":"both","data_ym":"201311"},"geometry":{"type":"Polygon","coordinates":[[[121.017149,24.819514],[121.017403,24.819409],[121.017508,24.819622],[121.018111,24.819435],[121.018455,24.819354],[121.018546,24.819217],[121.017954,24.817994],[121.01694,24.818418],[121.015961,24.818814],[121.016534,24.819995],[121.017177,24.819736],[121.017194,24.819624],[121.017149,24.819514]]]}},{"type":"Feature","properties":{"id":"e3cb814d8aac","name":"新竹縣立竹北國民中學","level":"國中","basis":"both","data_ym":"202308"},"geometry":{"type":"Polygon","coordinates":[[[121.001331,24.840603],[121.001301,24.840608],[121.000956,24.840769],[121.000586,24.840936],[121.000411,24.841021],[121.000102,24.841157],[121.000041,24.841512],[121.000076,24.841592],[121.000051,24.841605],[121.000126,24.841764],[121.000122,24.841793],[121.000222,24.842004],[120.999859,24.84218],[120.99987,24.8422],[121.000203,24.842586],[121.000427,24.842869],[121.000441,24.842877],[121.000477,24.842887],[121.000511,24.842867],[121.001107,24.842432],[121.001264,24.842333],[121.001711,24.842098],[121.002068,24.841929],[121.002081,24.841888],[121.001693,24.841188],[121.001584,24.841009],[121.001376,24.840628],[121.001359,24.840612],[121.001331,24.840603]]]}},{"type":"Feature","properties":{"id":"b62c305dc42b","name":"新竹縣立竹東國民中學","level":"國中","basis":"both","data_ym":"202508"},"geometry":{"type":"Polygon","coordinates":[[[121.087173,24.736253],[121.087275,24.73617],[121.087282,24.736176],[121.087324,24.736134],[121.087355,24.736156],[121.087479,24.736018],[121.087482,24.735987],[121.087416,24.735859],[121.087391,24.735833],[121.087333,24.735787],[121.087119,24.73565],[121.086834,24.735448],[121.086772,24.735379],[121.086706,24.735286],[121.086639,24.735204],[121.08632,24.734915],[121.086237,24.73485],[121.085977,24.734709],[121.085639,24.734603],[121.085548,24.73459],[121.084959,24.734612],[121.084818,24.734612],[121.084797,24.734617],[121.084529,24.734752],[121.084493,24.734782],[121.084455,24.734841],[121.084406,24.734891],[121.084067,24.734883],[121.08403,24.734886],[121.083918,24.735135],[121.083804,24.735183],[121.083815,24.735373],[121.0838,24.735388],[121.083686,24.735376],[121.083547,24.735354],[121.083547,24.735406],[121.083609,24.735661],[121.083672,24.735837],[121.084683,24.735871],[121.084663,24.73579],[121.084783,24.735792],[121.084791,24.735818],[121.084904,24.735817],[121.085174,24.735845],[121.085227,24.73586],[121.085313,24.735866],[121.085559,24.735897],[121.085559,24.735871],[121.085919,24.735878],[121.086066,24.735921],[121.086134,24.735999],[121.086194,24.736023],[121.08648,24.736165],[121.08652,24.73612],[121.086998,24.736454],[121.087019,24.736466],[121.087156,24.736287],[121.087173,24.736253]]]}},{"type":"Feature","properties":{"id":"0effa9a67116","name":"新竹縣立自強國民中學","level":"高中職","basis":"moe","data_ym":"201806"},"geometry":{"type":"Polygon","coordinates":[[[121.085956,24.745544],[121.085683,24.745013],[121.085497,24.745016],[121.08539,24.745012],[121.085269,24.744991],[121.085134,24.744953],[121.085107,24.744956],[121.085086,24.744967],[121.084864,24.745168],[121.08405,24.745962],[121.083451,24.74654],[121.083922,24.747017],[121.08393,24.747022],[121.083938,24.74702],[121.084302,24.746759],[121.08434,24.746742],[121.08436,24.746725],[121.084383,24.746695],[121.08442,24.746667],[121.085358,24.745985],[121.085956,24.745544]]]}},{"type":"Feature","properties":{"id":"2dd240ed5152","name":"新竹縣立芎林國民中學","level":"國中","basis":"both","data_ym":"201708"},"geometry":{"type":"Polygon","coordinates":[[[121.091794,24.76243],[121.092565,24.762326],[121.092578,24.762291],[121.092414,24.762193],[121.092266,24.762117],[121.092473,24.761813],[121.092543,24.761703],[121.092863,24.76119],[121.092865,24.76117],[121.092632,24.76103],[121.092401,24.760902],[121.092674,24.760472],[121.092507,24.760198],[121.092494,24.760195],[121.092408,24.760335],[121.092131,24.760747],[121.091898,24.760623],[121.091838,24.760716],[121.091687,24.760644],[121.091389,24.761061],[121.090907,24.761765],[121.090859,24.761847],[121.090812,24.761974],[121.090452,24.762501],[121.090598,24.762604],[121.09069,24.762447],[121.090738,24.762412],[121.090872,24.762483],[121.090895,24.762513],[121.090931,24.762636],[121.091311,24.762532],[121.091681,24.76245],[121.091794,24.76243]]]}},{"type":"Feature","properties":{"id":"75af98b0f7ab","name":"新竹縣立忠孝國民中學","level":"國中","basis":"both","data_ym":"201311"},"geometry":{"type":"Polygon","coordinates":[[[120.999706,24.880318],[120.999734,24.880305],[120.999818,24.880236],[121.000174,24.879925],[121.000843,24.879325],[121.000932,24.879163],[121.000166,24.878461],[120.998499,24.879994],[120.998644,24.880315],[120.99934,24.880315],[120.99934,24.880308],[120.999359,24.88031],[120.999359,24.880315],[120.999706,24.880318]]]}},{"type":"Feature","properties":{"id":"0b5efd59ca15","name":"新竹縣立東興國民中學","level":"國中","basis":"both","data_ym":"201806"},"geometry":{"type":"Polygon","coordinates":[[[121.031123,24.809799],[121.031085,24.809799],[121.029584,24.810692],[121.030466,24.811806],[121.030473,24.811808],[121.030509,24.811806],[121.031791,24.810989],[121.031816,24.810951],[121.031817,24.810927],[121.031807,24.810896],[121.03121,24.809983],[121.031124,24.809842],[121.031123,24.809799]]]}},{"type":"Feature","properties":{"id":"0ecfe7111992","name":"新竹縣立員東國民中學","level":"國中","basis":"both","data_ym":"201711"},"geometry":{"type":"Polygon","coordinates":[[[121.098377,24.707487],[121.098999,24.706191],[121.098587,24.706086],[121.098608,24.706042],[121.098489,24.705964],[121.098335,24.705951],[121.098341,24.705978],[121.098181,24.706005],[121.098175,24.706121],[121.098087,24.706119],[121.098068,24.706153],[121.098027,24.706262],[121.097925,24.70624],[121.097869,24.706221],[121.097785,24.706487],[121.097666,24.706462],[121.097475,24.707183],[121.097248,24.707169],[121.097209,24.707386],[121.098002,24.707572],[121.098054,24.707579],[121.098377,24.707487]]]}},{"type":"Feature","properties":{"id":"fcce0a05655a","name":"新竹縣立峨眉國民中學","level":"國中","basis":"both","data_ym":"201708"},"geometry":{"type":"Polygon","coordinates":[[[121.018179,24.691751],[121.018189,24.691656],[121.018479,24.691657],[121.018487,24.691452],[121.019308,24.691459],[121.019329,24.690883],[121.019234,24.690843],[121.018813,24.690622],[121.018014,24.690617],[121.01797,24.690528],[121.017836,24.690496],[121.017113,24.690423],[121.017181,24.690992],[121.01723,24.691597],[121.017614,24.691616],[121.017682,24.691662],[121.017778,24.691741],[121.018179,24.691751]]]}},{"type":"Feature","properties":{"id":"26fd8e06ffe5","name":"新竹縣立勝利國民中學","level":"國中","basis":"both","data_ym":"202210"},"geometry":{"type":"Polygon","coordinates":[[[121.025882,24.828941],[121.025394,24.827894],[121.025384,24.827879],[121.025369,24.827868],[121.025351,24.827862],[121.025332,24.827862],[121.025246,24.827897],[121.025242,24.82789],[121.02369,24.828579],[121.023693,24.828585],[121.023624,24.828616],[121.023601,24.828634],[121.023591,24.828659],[121.023595,24.828686],[121.024085,24.829731],[121.024102,24.829752],[121.024129,24.829763],[121.024149,24.829763],[121.024167,24.829757],[121.024313,24.829686],[121.02445,24.8296],[121.024695,24.829468],[121.024961,24.829342],[121.025856,24.829],[121.025876,24.828986],[121.025886,24.828964],[121.025882,24.828941]]]}},{"type":"Feature","properties":{"id":"ba8f49b1d512","name":"新竹縣立博愛國民中學","level":"國中","basis":"both","data_ym":"202308"},"geometry":{"type":"Polygon","coordinates":[[[121.00551,24.829835],[121.006407,24.831224],[121.007467,24.830639],[121.007164,24.830066],[121.007151,24.830071],[121.007056,24.82991],[121.007082,24.829899],[121.006616,24.829077],[121.00551,24.829835]]]}},{"type":"Feature","properties":{"id":"d6db128276ab","name":"新竹縣立富光國民中學","level":"國中","basis":"both","data_ym":"202108"},"geometry":{"type":"Polygon","coordinates":[[[121.181458,24.779689],[121.180894,24.779278],[121.180745,24.779311],[121.180514,24.779395],[121.180442,24.779353],[121.180301,24.779351],[121.180211,24.779369],[121.180112,24.779423],[121.180028,24.779488],[121.179948,24.779596],[121.179846,24.779722],[121.179805,24.779799],[121.179782,24.779926],[121.179776,24.780003],[121.179908,24.78004],[121.179987,24.780069],[121.180077,24.780113],[121.180159,24.780164],[121.180356,24.780309],[121.18048,24.780414],[121.180805,24.780632],[121.181043,24.780766],[121.181134,24.780831],[121.181215,24.780809],[121.181251,24.780661],[121.181274,24.780635],[121.181378,24.780562],[121.181414,24.780543],[121.181522,24.780513],[121.181542,24.780499],[121.181548,24.780489],[121.181554,24.780453],[121.181533,24.780279],[121.181493,24.779798],[121.181477,24.779733],[121.181458,24.779689]]]}},{"type":"Feature","properties":{"id":"3ae8e943a286","name":"新竹縣立湖口高級中學","level":"高中職","basis":"both","data_ym":"202510"},"geometry":{"type":"Polygon","coordinates":[[[121.045781,24.896547],[121.045274,24.896446],[121.044943,24.896465],[121.044588,24.896545],[121.04454,24.896608],[121.044788,24.897504],[121.0453,24.898375],[121.046579,24.898111],[121.047517,24.897314],[121.047505,24.897275],[121.046314,24.896764],[121.045781,24.896547]]]}},{"type":"Feature","properties":{"id":"0bbbeace6515","name":"新竹縣立湖口國民中學","level":"國中","basis":"both","data_ym":"202510"},"geometry":{"type":"Polygon","coordinates":[[[121.054317,24.891437],[121.054674,24.890157],[121.054516,24.889917],[121.054447,24.889911],[121.054273,24.889887],[121.05412,24.889855],[121.054096,24.889731],[121.054014,24.889456],[121.053797,24.889286],[121.053662,24.88929],[121.052857,24.889022],[121.052844,24.889066],[121.052864,24.889216],[121.053005,24.889616],[121.053104,24.889913],[121.05285,24.889876],[121.052243,24.890168],[121.052157,24.890377],[121.052117,24.890541],[121.052109,24.89058],[121.052113,24.89058],[121.052062,24.890696],[121.052059,24.890783],[121.052068,24.890855],[121.052087,24.890936],[121.052115,24.890989],[121.052166,24.891058],[121.052292,24.891106],[121.052304,24.891078],[121.052379,24.891101],[121.052975,24.891158],[121.053608,24.891286],[121.0536,24.891328],[121.05387,24.89141],[121.053885,24.891355],[121.054159,24.891411],[121.054317,24.891437]]]}},{"type":"Feature","properties":{"id":"8724060c2dc4","name":"新竹縣立華山國民中學","level":"國中","basis":"both","data_ym":"202509"},"geometry":{"type":"Polygon","coordinates":[[[121.108647,24.719723],[121.108897,24.71932],[121.109417,24.718603],[121.109486,24.718492],[121.109572,24.718256],[121.109757,24.718073],[121.109861,24.717944],[121.109322,24.717623],[121.109156,24.71753],[121.109118,24.717503],[121.108788,24.71791],[121.108784,24.717926],[121.108707,24.718038],[121.108787,24.71813],[121.108344,24.719003],[121.10824,24.719198],[121.108302,24.719298],[121.108101,24.719406],[121.108125,24.719463],[121.108281,24.719375],[121.108385,24.719582],[121.108415,24.719611],[121.108472,24.719646],[121.108647,24.719723]]]}},{"type":"Feature","properties":{"id":"338223c33ff1","name":"新竹縣立新埔國民中學","level":"國中","basis":"both","data_ym":"201311"},"geometry":{"type":"Polygon","coordinates":[[[121.071623,24.829653],[121.071745,24.829405],[121.07202,24.829183],[121.072515,24.828946],[121.072812,24.82878],[121.072849,24.828602],[121.072815,24.828546],[121.072787,24.828533],[121.072706,24.828293],[121.072502,24.828344],[121.072213,24.828386],[121.07205,24.828286],[121.07189,24.828205],[121.071877,24.828208],[121.071901,24.828331],[121.071759,24.828418],[121.071511,24.828545],[121.071474,24.828501],[121.071283,24.828316],[121.071304,24.828294],[121.071129,24.828138],[121.07111,24.82814],[121.071107,24.828101],[121.071065,24.828102],[121.071055,24.82791],[121.070901,24.827923],[121.07091,24.828058],[121.070852,24.828068],[121.070853,24.828073],[121.070838,24.828077],[121.070568,24.828143],[121.070212,24.828192],[121.070047,24.828209],[121.069868,24.8283],[121.069843,24.828318],[121.069846,24.828334],[121.070002,24.828538],[121.070326,24.828978],[121.070341,24.82906],[121.070366,24.829106],[121.070611,24.829366],[121.070684,24.829451],[121.070784,24.829609],[121.070881,24.829751],[121.071436,24.829739],[121.071623,24.829653]]]}},{"type":"Feature","properties":{"id":"33d744f40686","name":"新竹縣立新湖國民中學","level":"國中","basis":"both","data_ym":"202508"},"geometry":{"type":"Polygon","coordinates":[[[121.036889,24.903715],[121.036663,24.902658],[121.036611,24.90266],[121.036611,24.902682],[121.036328,24.902685],[121.036315,24.902699],[121.035824,24.902706],[121.035825,24.902698],[121.035731,24.9027],[121.035731,24.90268],[121.035662,24.902682],[121.035663,24.902727],[121.035641,24.902727],[121.035641,24.902734],[121.035069,24.902745],[121.034626,24.902688],[121.03461,24.90272],[121.034632,24.903149],[121.034594,24.903149],[121.034635,24.903665],[121.034618,24.903666],[121.034621,24.903694],[121.034555,24.903698],[121.034558,24.903776],[121.034383,24.90379],[121.034415,24.903823],[121.034521,24.904],[121.034628,24.904581],[121.036975,24.904508],[121.037036,24.904475],[121.036889,24.903715]]]}},{"type":"Feature","properties":{"id":"8c039b3522a6","name":"新竹縣立新豐國民中學","level":"國中","basis":"both","data_ym":"202308"},"geometry":{"type":"Polygon","coordinates":[[[120.992079,24.902602],[120.992439,24.901218],[120.992104,24.901345],[120.991922,24.901441],[120.991347,24.901582],[120.990983,24.901666],[120.990638,24.902287],[120.990603,24.902359],[120.990464,24.902587],[120.990702,24.902692],[120.991962,24.903278],[120.992079,24.902602]]]}},{"type":"Feature","properties":{"id":"2292a4231532","name":"新竹縣立照門國民中學","level":"國中","basis":"both","data_ym":"201311"},"geometry":{"type":"Polygon","coordinates":[[[121.113516,24.849231],[121.113341,24.849055],[121.113302,24.849028],[121.113254,24.849068],[121.113086,24.848915],[121.112843,24.848633],[121.112803,24.848561],[121.112779,24.848543],[121.112751,24.848543],[121.112623,24.848622],[121.112437,24.848709],[121.112381,24.848727],[121.11233,24.84875],[121.1123,24.848772],[121.111781,24.849305],[121.11178,24.849314],[121.11179,24.849328],[121.112239,24.849759],[121.112319,24.849782],[121.112394,24.849832],[121.112443,24.849875],[121.112499,24.849943],[121.112649,24.850091],[121.112665,24.850103],[121.11283,24.849979],[121.113565,24.849317],[121.113516,24.849231]]]}},{"type":"Feature","properties":{"id":"9596245f09c1","name":"新竹縣立精華國民中學","level":"國中","basis":"both","data_ym":"202508"},"geometry":{"type":"Polygon","coordinates":[[[121.018722,24.926969],[121.018945,24.926862],[121.01897,24.92687],[121.019715,24.926523],[121.019532,24.926194],[121.01883,24.924997],[121.018813,24.92499],[121.018522,24.92515],[121.018448,24.925194],[121.018045,24.9255],[121.017872,24.925607],[121.017588,24.925748],[121.017255,24.925906],[121.017235,24.925943],[121.017757,24.926851],[121.017871,24.927077],[121.018008,24.927321],[121.018717,24.926991],[121.018722,24.926969]]]}},{"type":"Feature","properties":{"id":"a0487075276d","name":"新竹縣立鳳岡國民中學","level":"國中","basis":"both","data_ym":"202308"},"geometry":{"type":"Polygon","coordinates":[[[120.966051,24.86381],[120.965618,24.863531],[120.965546,24.863554],[120.964758,24.864108],[120.964382,24.864362],[120.964974,24.86508],[120.965002,24.865079],[120.965234,24.864924],[120.966458,24.864075],[120.966207,24.863914],[120.966162,24.863899],[120.966059,24.863835],[120.966051,24.86381]]]}},{"type":"Feature","properties":{"id":"3c97707a4a37","name":"新竹縣立橫山國民中學","level":"國中","basis":"both","data_ym":"201801"},"geometry":{"type":"Polygon","coordinates":[[[121.146949,24.719288],[121.146993,24.718752],[121.147065,24.718015],[121.146812,24.717994],[121.146804,24.718042],[121.146706,24.718039],[121.146678,24.717956],[121.146561,24.717948],[121.146537,24.717984],[121.14645,24.717933],[121.146459,24.717915],[121.146407,24.717888],[121.146236,24.717779],[121.14608,24.717667],[121.145942,24.717582],[121.145874,24.717558],[121.145778,24.717534],[121.145383,24.717482],[121.145346,24.717652],[121.145163,24.71812],[121.145693,24.718562],[121.145644,24.71865],[121.14601,24.718863],[121.146158,24.718678],[121.146192,24.7187],[121.14623,24.718763],[121.14627,24.7189],[121.146278,24.719],[121.146244,24.719263],[121.146321,24.719237],[121.146949,24.719288]]]}},{"type":"Feature","properties":{"id":"9a71be00e28b","name":"新竹縣立關西國民中學","level":"國中","basis":"both","data_ym":"202508"},"geometry":{"type":"Polygon","coordinates":[[[121.173786,24.797624],[121.17346,24.797205],[121.173069,24.797477],[121.172964,24.797533],[121.17295,24.797508],[121.172539,24.797783],[121.172082,24.798101],[121.17198,24.798181],[121.171998,24.798209],[121.17205,24.798272],[121.172254,24.798651],[121.171887,24.798706],[121.171813,24.799059],[121.171879,24.799301],[121.172466,24.799537],[121.172756,24.799639],[121.172743,24.799716],[121.172867,24.799733],[121.172992,24.799669],[121.173532,24.799362],[121.173483,24.799286],[121.1737,24.799119],[121.173536,24.798844],[121.173975,24.798527],[121.174123,24.798405],[121.174064,24.798334],[121.173823,24.798075],[121.173725,24.79796],[121.173854,24.797931],[121.173842,24.797838],[121.173786,24.797624]]]}},{"type":"Feature","properties":{"id":"98af087270d9","name":"新竹縣立寶山國民中學","level":"國中","basis":"both","data_ym":"202108"},"geometry":{"type":"Polygon","coordinates":[[[120.993164,24.764135],[120.993062,24.764133],[120.992921,24.764168],[120.992921,24.764195],[120.992808,24.76424],[120.992637,24.764212],[120.992453,24.7642],[120.992196,24.7642],[120.991861,24.764188],[120.991666,24.764163],[120.991533,24.764153],[120.991444,24.764123],[120.991387,24.764096],[120.991273,24.764076],[120.991163,24.764074],[120.991081,24.764089],[120.991001,24.76411],[120.990961,24.764178],[120.990931,24.764259],[120.990901,24.764359],[120.990878,24.764479],[120.990865,24.764717],[120.990867,24.76489],[120.990884,24.76494],[120.990903,24.764957],[120.990975,24.764985],[120.991047,24.764986],[120.991095,24.764979],[120.991278,24.764943],[120.991584,24.764869],[120.991656,24.764859],[120.991684,24.764865],[120.991786,24.764911],[120.991781,24.764922],[120.991896,24.764992],[120.991947,24.76501],[120.992027,24.765021],[120.992597,24.765055],[120.992726,24.765053],[120.99323,24.765028],[120.993323,24.76503],[120.993417,24.765001],[120.993382,24.764965],[120.993312,24.764855],[120.993242,24.764667],[120.993199,24.764472],[120.993164,24.764135]]]}},{"type":"Feature","properties":{"id":"cf03ea79dd5b","name":"新竹縣立寶山國民中學莒光分部","level":"大專","basis":"branch","data_ym":"201311"},"geometry":{"type":"Polygon","coordinates":[[[121.026244,24.736216],[121.026229,24.735385],[121.02576,24.735397],[121.025312,24.736285],[121.025513,24.73697],[121.025815,24.737125],[121.02607,24.737392],[121.026304,24.7373],[121.026307,24.737285],[121.026325,24.737126],[121.02631,24.736793],[121.026244,24.736216]]]}},{"type":"Feature","properties":{"id":"66b9215c0cd4","name":"新竹縣尖石鄉玉峰國民小學","level":"國小","basis":"both","data_ym":"202508"},"geometry":{"type":"Polygon","coordinates":[[[121.302163,24.659624],[121.30213,24.659487],[121.301546,24.659666],[121.301287,24.659757],[121.301092,24.65981],[121.300951,24.659841],[121.300977,24.659934],[121.301021,24.660137],[121.301054,24.660318],[121.301428,24.660267],[121.301594,24.66012],[121.301574,24.659998],[121.30163,24.659924],[121.301712,24.659854],[121.302163,24.659624]]]}},{"type":"Feature","properties":{"id":"36048c31e82e","name":"新竹縣尖石鄉石磊國民小學","level":"國小","basis":"both","data_ym":"202309"},"geometry":{"type":"Polygon","coordinates":[[[121.32694,24.655629],[121.326872,24.65534],[121.326726,24.655376],[121.326663,24.655378],[121.326508,24.655372],[121.326227,24.655426],[121.32628,24.655639],[121.326189,24.655747],[121.326135,24.655777],[121.326203,24.655784],[121.32694,24.655629]]]}},{"type":"Feature","properties":{"id":"00a8f6b4ad9c","name":"新竹縣尖石鄉尖石國民小學","level":"國小","basis":"both","data_ym":"202108"},"geometry":{"type":"Polygon","coordinates":[[[121.225785,24.728811],[121.225985,24.728805],[121.226752,24.728815],[121.226811,24.728794],[121.226907,24.728742],[121.22691,24.728573],[121.226924,24.728349],[121.226758,24.728317],[121.226214,24.728295],[121.226182,24.728123],[121.226112,24.72814],[121.226147,24.728277],[121.225604,24.728467],[121.225741,24.72892],[121.225791,24.728918],[121.225785,24.728811]]]}},{"type":"Feature","properties":{"id":"a25d3f282f6b","name":"新竹縣尖石鄉秀巒國民小學","level":"國小","basis":"both","data_ym":"202508"},"geometry":{"type":"Polygon","coordinates":[[[121.285545,24.617089],[121.285542,24.61709],[121.285547,24.617099],[121.285595,24.617153],[121.285612,24.617183],[121.285618,24.617201],[121.285618,24.617223],[121.285616,24.617248],[121.285605,24.617293],[121.285614,24.617295],[121.285745,24.617584],[121.285872,24.617894],[121.285808,24.61799],[121.285406,24.618112],[121.285537,24.618447],[121.285635,24.61872],[121.285777,24.618698],[121.285749,24.618589],[121.285961,24.618505],[121.285897,24.618336],[121.285863,24.618262],[121.28596,24.618234],[121.286058,24.618234],[121.2862,24.618221],[121.286239,24.618214],[121.286446,24.618138],[121.286575,24.618083],[121.286868,24.617914],[121.286391,24.617514],[121.286331,24.617476],[121.286246,24.617432],[121.285904,24.617283],[121.285697,24.617186],[121.285637,24.617152],[121.285545,24.617089]]]}},{"type":"Feature","properties":{"id":"98190c514ab1","name":"新竹縣尖石鄉秀巒國民小學田埔分校","level":"大專","basis":"branch","data_ym":"202402"},"geometry":{"type":"Polygon","coordinates":[[[121.27875,24.64166],[121.278755,24.641629],[121.279041,24.641657],[121.27914,24.641621],[121.279257,24.641489],[121.279279,24.641406],[121.279407,24.641339],[121.279462,24.64132],[121.279538,24.641296],[121.279597,24.641293],[121.279369,24.641248],[121.279288,24.641222],[121.279178,24.641181],[121.278851,24.641045],[121.278683,24.641033],[121.278509,24.641039],[121.278478,24.64102],[121.278343,24.64116],[121.27841,24.6412],[121.278345,24.641294],[121.278342,24.641293],[121.278244,24.641449],[121.278672,24.641651],[121.27875,24.64166]]]}},{"type":"Feature","properties":{"id":"43cffff8a72b","name":"新竹縣尖石鄉梅花國民小學","level":"國小","basis":"both","data_ym":"202508"},"geometry":{"type":"Polygon","coordinates":[[[121.208793,24.678436],[121.208714,24.678203],[121.208738,24.678193],[121.209112,24.678101],[121.209136,24.67808],[121.209162,24.678047],[121.209195,24.677991],[121.209209,24.677953],[121.20921,24.677916],[121.209187,24.677818],[121.209142,24.677739],[121.209063,24.677622],[121.208971,24.677508],[121.208902,24.677433],[121.208721,24.677371],[121.208467,24.677488],[121.208481,24.677523],[121.208247,24.677612],[121.208215,24.677616],[121.208059,24.677794],[121.208007,24.677846],[121.207877,24.678048],[121.208059,24.678198],[121.208151,24.678264],[121.208283,24.678238],[121.208401,24.678275],[121.208485,24.678342],[121.208629,24.67842],[121.208696,24.678435],[121.208776,24.678439],[121.208793,24.678436]]]}},{"type":"Feature","properties":{"id":"2cfa0465e0df","name":"新竹縣尖石鄉新光國民小學","level":"國小","basis":"both","data_ym":"201901"},"geometry":{"type":"Polygon","coordinates":[[[121.303283,24.579591],[121.303228,24.579454],[121.303202,24.579354],[121.30321,24.579285],[121.303226,24.579234],[121.303066,24.579221],[121.302871,24.579227],[121.302589,24.579512],[121.302473,24.579452],[121.30227,24.579798],[121.302439,24.57991],[121.302355,24.580033],[121.3024,24.580037],[121.302462,24.580054],[121.302663,24.580087],[121.303053,24.580165],[121.303091,24.580162],[121.303142,24.580144],[121.303183,24.580111],[121.303323,24.579954],[121.303393,24.579846],[121.303399,24.579812],[121.303395,24.579769],[121.303283,24.579591]]]}},{"type":"Feature","properties":{"id":"4a10944d0c64","name":"新竹縣尖石鄉新光國民小學司馬庫斯分班","level":"其他","basis":"none","data_ym":"202508"},"geometry":{"type":"Polygon","coordinates":[[[121.333813,24.578933],[121.333777,24.578703],[121.333699,24.578711],[121.33363,24.57873],[121.33332,24.578837],[121.333314,24.578819],[121.332972,24.578907],[121.333035,24.579108],[121.333358,24.57902],[121.333388,24.579019],[121.333519,24.578994],[121.333522,24.578957],[121.333813,24.578933]]]}},{"type":"Feature","properties":{"id":"60a33470ee28","name":"新竹縣尖石鄉新樂國民小學","level":"國小","basis":"both","data_ym":"202109"},"geometry":{"type":"Polygon","coordinates":[[[121.250289,24.732301],[121.250353,24.732125],[121.250488,24.73217],[121.250483,24.732184],[121.250625,24.732229],[121.250698,24.732041],[121.2509,24.731828],[121.250953,24.731629],[121.251056,24.73159],[121.25105,24.731575],[121.251144,24.731545],[121.251141,24.731537],[121.251243,24.731504],[121.251247,24.731516],[121.251647,24.731382],[121.251466,24.731032],[121.251523,24.731015],[121.251418,24.730807],[121.25094,24.731016],[121.250822,24.731034],[121.250585,24.731047],[121.250529,24.731097],[121.250197,24.731317],[121.250109,24.73138],[121.249885,24.731571],[121.249795,24.731669],[121.249817,24.73168],[121.249898,24.73174],[121.249874,24.731762],[121.249951,24.73183],[121.249984,24.731872],[121.250026,24.731974],[121.250101,24.73224],[121.250289,24.732301]]]}},{"type":"Feature","properties":{"id":"62fd68b88810","name":"新竹縣尖石鄉嘉興國民小學","level":"國小","basis":"both","data_ym":"202308"},"geometry":{"type":"Polygon","coordinates":[[[121.211228,24.705025],[121.211073,24.704898],[121.211384,24.70492],[121.2111,24.70486],[121.210844,24.704829],[121.210776,24.704829],[121.210696,24.704838],[121.210656,24.704854],[121.210598,24.704889],[121.21055,24.704934],[121.210473,24.705017],[121.21037,24.70514],[121.210315,24.705196],[121.21025,24.705245],[121.210197,24.705272],[121.210112,24.705288],[121.209903,24.705342],[121.210077,24.705625],[121.210115,24.705707],[121.21028,24.705721],[121.21048,24.705813],[121.210526,24.705818],[121.210748,24.70572],[121.211283,24.705313],[121.211293,24.705177],[121.21126,24.705084],[121.211228,24.705025]]]}},{"type":"Feature","properties":{"id":"062924e1c1d2","name":"新竹縣尖石鄉嘉興國民小學義興分校","level":"大專","basis":"branch","data_ym":"201901"},"geometry":{"type":"Polygon","coordinates":[[[121.178101,24.689245],[121.178114,24.689215],[121.178113,24.68919],[121.178101,24.689144],[121.178081,24.689093],[121.178012,24.688995],[121.177842,24.689241],[121.177783,24.689216],[121.177647,24.689247],[121.177702,24.689482],[121.177776,24.6896],[121.177796,24.689653],[121.177814,24.689735],[121.177857,24.689661],[121.17794,24.689538],[121.178101,24.689245]]]}},{"type":"Feature","properties":{"id":"34f4a864e568","name":"新竹縣尖石鄉錦屏國民小學","level":"國小","basis":"both","data_ym":"202508"},"geometry":{"type":"Polygon","coordinates":[[[121.247422,24.680379],[121.247268,24.680252],[121.247219,24.680206],[121.247156,24.680135],[121.247203,24.680102],[121.247187,24.680068],[121.247167,24.680039],[121.247142,24.680013],[121.24711,24.679987],[121.247054,24.67995],[121.246922,24.679883],[121.246875,24.679868],[121.246844,24.679865],[121.246793,24.679877],[121.246728,24.679934],[121.246668,24.680025],[121.24664,24.680053],[121.246665,24.68007],[121.246394,24.680253],[121.246349,24.680314],[121.246285,24.68033],[121.246258,24.6803],[121.246198,24.680318],[121.2462,24.680485],[121.246312,24.680487],[121.246309,24.68063],[121.246343,24.680711],[121.246417,24.680759],[121.2472,24.680675],[121.247366,24.680667],[121.247474,24.680607],[121.247503,24.680585],[121.247517,24.680566],[121.247513,24.680532],[121.24749,24.68047],[121.247461,24.680423],[121.247422,24.680379]]]}},{"type":"Feature","properties":{"id":"2dca711d1ed0","name":"新竹縣竹北市十興國民小學","level":"國小","basis":"name","data_ym":"202307"},"geometry":{"type":"Polygon","coordinates":[[[121.025295,24.823151],[121.025241,24.82314],[121.023767,24.823602],[121.023739,24.823634],[121.023741,24.823663],[121.02389,24.824014],[121.023911,24.824073],[121.023944,24.824078],[121.024204,24.824663],[121.024227,24.824664],[121.025771,24.824164],[121.025295,24.823151]]]}},{"type":"Feature","properties":{"id":"3ab3f05e38cc","name":"新竹縣竹北市中正國民小學","level":"國小","basis":"name","data_ym":"201901"},"geometry":{"type":"Polygon","coordinates":[[[121.020239,24.835973],[121.020046,24.835912],[121.019012,24.836491],[121.019279,24.83688],[121.019998,24.837967],[121.020837,24.837359],[121.020865,24.837323],[121.020885,24.837284],[121.020501,24.836528],[121.020239,24.835973]]]}},{"type":"Feature","properties":{"id":"d2c043a61884","name":"新竹縣竹北市六家國民小學","level":"國小","basis":"name","data_ym":"202508"},"geometry":{"type":"Polygon","coordinates":[[[121.026949,24.813585],[121.026432,24.812683],[121.026271,24.812767],[121.026242,24.812747],[121.026188,24.812746],[121.026115,24.812771],[121.026011,24.812816],[121.025988,24.812789],[121.025843,24.81254],[121.025411,24.812738],[121.025167,24.813032],[121.025096,24.813224],[121.025056,24.813258],[121.025214,24.813532],[121.024648,24.81371],[121.024583,24.813725],[121.024569,24.813739],[121.024898,24.814261],[121.025153,24.814682],[121.02568,24.814406],[121.02563,24.814296],[121.025925,24.814151],[121.026195,24.814001],[121.026185,24.813985],[121.026351,24.813891],[121.026341,24.813881],[121.026338,24.813865],[121.026782,24.813667],[121.026949,24.813585]]]}},{"type":"Feature","properties":{"id":"2b43f628e56b","name":"新竹縣竹北市文興國民小學(興建中)","level":"國小","basis":"name","data_ym":"202407"},"geometry":{"type":"Polygon","coordinates":[[[121.041908,24.80203],[121.041882,24.802028],[121.041859,24.802035],[121.041391,24.802325],[121.040585,24.802711],[121.040569,24.802726],[121.040558,24.802746],[121.040556,24.802763],[121.040569,24.802792],[121.041146,24.803828],[121.041162,24.803848],[121.041183,24.803863],[121.041213,24.803864],[121.041233,24.803858],[121.041544,24.803716],[121.042019,24.803419],[121.04232,24.803236],[121.042667,24.80297],[121.042684,24.80295],[121.042692,24.802933],[121.042693,24.802916],[121.042679,24.802884],[121.042186,24.802334],[121.041928,24.802038],[121.041908,24.80203]]]}},{"type":"Feature","properties":{"id":"af31822d8971","name":"新竹縣竹北市光明國民小學","level":"國小","basis":"name","data_ym":"201901"},"geometry":{"type":"Polygon","coordinates":[[[121.010716,24.823254],[121.010683,24.823237],[121.010031,24.823651],[121.009886,24.82376],[121.009374,24.824218],[121.009292,24.824274],[121.009595,24.824797],[121.009692,24.824918],[121.009738,24.824971],[121.00975,24.824979],[121.009782,24.824975],[121.010454,24.82458],[121.011253,24.824176],[121.011012,24.823776],[121.010716,24.823254]]]}},{"type":"Feature","properties":{"id":"780584bed42d","name":"新竹縣竹北市安興國民小學","level":"國小","basis":"name","data_ym":"202108"},"geometry":{"type":"Polygon","coordinates":[[[121.033615,24.826874],[121.033608,24.826682],[121.033181,24.826171],[121.032882,24.826363],[121.032834,24.826414],[121.032762,24.826459],[121.032622,24.826572],[121.032516,24.826608],[121.032466,24.82663],[121.03229,24.826743],[121.032193,24.82683],[121.032174,24.826842],[121.032159,24.826832],[121.032123,24.826876],[121.032031,24.826964],[121.031938,24.827032],[121.031948,24.827047],[121.031921,24.827071],[121.031589,24.827255],[121.031576,24.827286],[121.032027,24.827852],[121.032564,24.827651],[121.032934,24.827441],[121.033148,24.827291],[121.033425,24.827049],[121.033615,24.826874]]]}},{"type":"Feature","properties":{"id":"5adb4e499561","name":"新竹縣竹北市竹仁國民小學","level":"國小","basis":"name","data_ym":"202109"},"geometry":{"type":"Polygon","coordinates":[[[121.014567,24.836343],[121.01426,24.835541],[121.014082,24.835534],[121.01353,24.835569],[121.013326,24.835628],[121.013058,24.835687],[121.01306,24.8357],[121.012616,24.835761],[121.012569,24.835764],[121.01256,24.835748],[121.012298,24.835837],[121.012183,24.835871],[121.012085,24.835889],[121.012078,24.83591],[121.012205,24.836187],[121.012512,24.836801],[121.012574,24.836907],[121.01278,24.837174],[121.013096,24.837088],[121.013409,24.836974],[121.013605,24.836886],[121.013873,24.836757],[121.014567,24.836343]]]}},{"type":"Feature","properties":{"id":"7dd9a08bf602","name":"新竹縣竹北市竹北國民小學","level":"國小","basis":"name","data_ym":"202508"},"geometry":{"type":"Polygon","coordinates":[[[121.003629,24.839356],[121.002757,24.837836],[121.002699,24.837747],[121.002697,24.837737],[121.001492,24.838226],[121.00171,24.838492],[121.001745,24.838565],[121.001796,24.838635],[121.001947,24.838786],[121.00203,24.838737],[121.002199,24.839032],[121.002211,24.839],[121.002259,24.839016],[121.002191,24.839209],[121.002225,24.839226],[121.002298,24.839334],[121.002442,24.839667],[121.002491,24.839655],[121.002514,24.839691],[121.002476,24.839706],[121.00251,24.839767],[121.002565,24.839839],[121.003629,24.839356]]]}},{"type":"Feature","properties":{"id":"93541b13037c","name":"新竹縣竹北市東海國民小學","level":"國小","basis":"name","data_ym":"201901"},"geometry":{"type":"Polygon","coordinates":[[[121.050863,24.805834],[121.05087,24.805334],[121.050699,24.805345],[121.050433,24.80527],[121.0502,24.805166],[121.050127,24.805335],[121.049813,24.8052],[121.04976,24.805497],[121.049559,24.805416],[121.049513,24.805501],[121.049743,24.805588],[121.04973,24.805664],[121.049652,24.805996],[121.049555,24.806177],[121.050021,24.806386],[121.050328,24.806575],[121.050502,24.806579],[121.050605,24.806348],[121.050863,24.805834]]]}},{"type":"Feature","properties":{"id":"eb26a00f7756","name":"新竹縣竹北市東興國民小學","level":"國小","basis":"name","data_ym":"201901"},"geometry":{"type":"Polygon","coordinates":[[[121.032428,24.803967],[121.032405,24.803962],[121.03239,24.803966],[121.031433,24.804556],[121.031418,24.804578],[121.031414,24.804605],[121.031421,24.80463],[121.032087,24.805691],[121.032105,24.805707],[121.032127,24.805712],[121.032148,24.805711],[121.03226,24.805658],[121.032857,24.805364],[121.033316,24.805137],[121.033356,24.805106],[121.033356,24.805097],[121.033334,24.805059],[121.033286,24.804999],[121.033059,24.804733],[121.032442,24.803979],[121.032428,24.803967]]]}},{"type":"Feature","properties":{"id":"69f4f697a07c","name":"新竹縣竹北市麻園國民小學","level":"國小","basis":"name","data_ym":"202308"},"geometry":{"type":"Polygon","coordinates":[[[120.977178,24.84687],[120.977654,24.846651],[120.977638,24.84662],[120.977691,24.846597],[120.977535,24.846257],[120.977273,24.845754],[120.977189,24.845747],[120.976858,24.846068],[120.976706,24.846199],[120.976695,24.846223],[120.976698,24.846239],[120.976728,24.84631],[120.976945,24.846708],[120.976996,24.846772],[120.977006,24.846769],[120.977047,24.846831],[120.977178,24.84687]]]}},{"type":"Feature","properties":{"id":"6b4fcf075cea","name":"新竹縣竹北市博愛國民小學","level":"國小","basis":"name","data_ym":"202308"},"geometry":{"type":"Polygon","coordinates":[[[121.006407,24.831224],[121.005531,24.829867],[121.004453,24.830602],[121.005317,24.83179],[121.006407,24.831224]]]}},{"type":"Feature","properties":{"id":"bfa5d167e06e","name":"新竹縣竹北市新社國民小學","level":"國小","basis":"name","data_ym":"202308"},"geometry":{"type":"Polygon","coordinates":[[[120.999259,24.843694],[120.999018,24.843519],[120.998872,24.84338],[120.998703,24.843177],[120.998264,24.842433],[120.99787,24.842694],[120.997378,24.84309],[120.997412,24.843163],[120.997412,24.843277],[120.997628,24.843511],[120.997815,24.843726],[120.997861,24.843693],[120.998441,24.844362],[120.999067,24.843878],[120.999152,24.843813],[120.99928,24.843727],[120.999284,24.843718],[120.999259,24.843694]]]}},{"type":"Feature","properties":{"id":"31928fdbf3e3","name":"新竹縣竹北市新港國民小學","level":"國小","basis":"name","data_ym":"201901"},"geometry":{"type":"Polygon","coordinates":[[[120.95434,24.849729],[120.954309,24.849722],[120.953826,24.850164],[120.954713,24.850951],[120.955373,24.850954],[120.955612,24.850948],[120.955625,24.850917],[120.955439,24.850737],[120.954411,24.849788],[120.95434,24.849729]]]}},{"type":"Feature","properties":{"id":"8afe2e05380c","name":"新竹縣竹北市嘉豐國民小學","level":"國小","basis":"name","data_ym":"202308"},"geometry":{"type":"Polygon","coordinates":[[[121.031813,24.813636],[121.031048,24.81275],[121.030996,24.812752],[121.03088,24.812832],[121.030338,24.813241],[121.030792,24.813733],[121.030217,24.814158],[121.030509,24.814498],[121.030991,24.814937],[121.031022,24.814956],[121.031042,24.814958],[121.031062,24.814955],[121.031082,24.814938],[121.031496,24.814518],[121.032077,24.813959],[121.032087,24.813941],[121.032084,24.81391],[121.031887,24.813717],[121.031813,24.813636]]]}},{"type":"Feature","properties":{"id":"4a377733e1f7","name":"新竹縣竹北市鳳岡國民小學","level":"國小","basis":"name","data_ym":"202308"},"geometry":{"type":"Polygon","coordinates":[[[120.963571,24.862285],[120.963627,24.862248],[120.963651,24.86227],[120.963987,24.86207],[120.964093,24.862148],[120.964132,24.862124],[120.964246,24.862007],[120.96434,24.861893],[120.9646,24.861614],[120.964618,24.861577],[120.964742,24.861455],[120.964687,24.861372],[120.964615,24.861338],[120.964474,24.861306],[120.964366,24.861294],[120.964313,24.861337],[120.964228,24.861257],[120.963918,24.861165],[120.96389,24.861195],[120.963724,24.861303],[120.963673,24.861319],[120.963436,24.861438],[120.963142,24.861646],[120.962981,24.861716],[120.962915,24.86177],[120.963416,24.862394],[120.963459,24.862371],[120.963571,24.862285]]]}},{"type":"Feature","properties":{"id":"efbf74b7bce4","name":"新竹縣竹北市興隆國民小學","level":"國小","basis":"name","data_ym":"202508"},"geometry":{"type":"Polygon","coordinates":[[[121.014059,24.816254],[121.014748,24.81753],[121.015173,24.817333],[121.015573,24.817055],[121.016066,24.816606],[121.016237,24.816459],[121.016251,24.816403],[121.016239,24.816366],[121.015523,24.814995],[121.015489,24.814967],[121.01495,24.815494],[121.01461,24.815817],[121.014316,24.816062],[121.014059,24.816254]]]}},{"type":"Feature","properties":{"id":"44210aee306b","name":"新竹縣竹北市豐田國民小學","level":"國小","basis":"name","data_ym":"202308"},"geometry":{"type":"Polygon","coordinates":[[[120.964861,24.842296],[120.963531,24.840786],[120.963393,24.840908],[120.963385,24.8409],[120.963036,24.841172],[120.964112,24.842373],[120.964632,24.842315],[120.964861,24.842296]]]}},{"type":"Feature","properties":{"id":"7c1b3e316b2e","name":"新竹縣竹東鎮二重國民小學","level":"國小","basis":"both","data_ym":"202508"},"geometry":{"type":"Polygon","coordinates":[[[121.058596,24.76796],[121.05859,24.767297],[121.058565,24.7673],[121.058455,24.767506],[121.05841,24.767562],[121.058368,24.767596],[121.058326,24.767622],[121.058194,24.767618],[121.058198,24.76704],[121.058031,24.767044],[121.057823,24.766838],[121.057696,24.766681],[121.057548,24.766685],[121.057518,24.766689],[121.057507,24.766686],[121.057451,24.766884],[121.057417,24.766885],[121.057422,24.76709],[121.057412,24.767123],[121.05728,24.767283],[121.057311,24.767304],[121.057273,24.767382],[121.057229,24.767447],[121.057167,24.767779],[121.057148,24.768106],[121.057149,24.768207],[121.05718,24.768209],[121.058048,24.768185],[121.058046,24.768162],[121.058276,24.768155],[121.058278,24.768131],[121.058497,24.768118],[121.058499,24.76804],[121.058596,24.76796]]]}},{"type":"Feature","properties":{"id":"9e8b9bd7fbcc","name":"新竹縣竹東鎮上舘國民小學","level":"國小","basis":"both","data_ym":"202308"},"geometry":{"type":"Polygon","coordinates":[[[121.088564,24.725843],[121.08818,24.725548],[121.0883,24.725448],[121.087717,24.724908],[121.087417,24.724972],[121.08742,24.725],[121.087234,24.725024],[121.087229,24.724968],[121.086943,24.724988],[121.086763,24.725006],[121.086659,24.725024],[121.086609,24.725058],[121.086614,24.725087],[121.086791,24.725561],[121.086944,24.725755],[121.087033,24.725828],[121.087193,24.725907],[121.087465,24.725989],[121.087834,24.726082],[121.087865,24.726097],[121.087884,24.726108],[121.0879,24.726129],[121.087914,24.726176],[121.087943,24.726317],[121.088098,24.726214],[121.088564,24.725843]]]}},{"type":"Feature","properties":{"id":"8ffb8507050d","name":"新竹縣竹東鎮大同國民小學","level":"國小","basis":"both","data_ym":"202509"},"geometry":{"type":"Polygon","coordinates":[[[121.090133,24.740349],[121.08971,24.740228],[121.08956,24.74018],[121.089389,24.740073],[121.088882,24.739722],[121.088865,24.739748],[121.088829,24.739729],[121.088562,24.740055],[121.088574,24.740064],[121.088432,24.740275],[121.088413,24.740263],[121.088016,24.740769],[121.088612,24.741129],[121.088593,24.741154],[121.088886,24.741343],[121.088901,24.74132],[121.089573,24.74173],[121.089691,24.741512],[121.089938,24.74154],[121.089991,24.740988],[121.09014,24.740559],[121.090133,24.740349]]]}},{"type":"Feature","properties":{"id":"cde7a5f336f2","name":"新竹縣竹東鎮中山國民小學","level":"國小","basis":"both","data_ym":"202509"},"geometry":{"type":"Polygon","coordinates":[[[121.095191,24.733755],[121.095189,24.733565],[121.095229,24.733564],[121.095201,24.732805],[121.095193,24.73278],[121.094678,24.732174],[121.094639,24.732141],[121.094598,24.732129],[121.094524,24.732132],[121.094443,24.732158],[121.094038,24.732352],[121.093997,24.732489],[121.093855,24.732552],[121.093788,24.732543],[121.093398,24.732693],[121.093351,24.732737],[121.093357,24.733081],[121.093994,24.733076],[121.094002,24.733743],[121.094036,24.733742],[121.094037,24.733778],[121.094435,24.733779],[121.095076,24.733769],[121.095152,24.733765],[121.095191,24.733755]]]}},{"type":"Feature","properties":{"id":"1af94896c6a6","name":"新竹縣竹東鎮竹中國民小學","level":"國小","basis":"both","data_ym":"201901"},"geometry":{"type":"Polygon","coordinates":[[[121.030242,24.78059],[121.030348,24.780493],[121.030363,24.780507],[121.030606,24.78046],[121.030617,24.780447],[121.030581,24.780344],[121.030666,24.780329],[121.030664,24.780198],[121.030638,24.779623],[121.03015,24.77962],[121.029612,24.779634],[121.029207,24.779987],[121.029102,24.780091],[121.028948,24.780231],[121.028868,24.780063],[121.028584,24.780203],[121.028587,24.780223],[121.02857,24.780386],[121.028739,24.780397],[121.028745,24.780432],[121.028823,24.78044],[121.028904,24.780504],[121.028945,24.780629],[121.028966,24.780642],[121.029173,24.780667],[121.029175,24.78069],[121.029642,24.780751],[121.029798,24.780736],[121.03007,24.780684],[121.030242,24.78059]]]}},{"type":"Feature","properties":{"id":"5d20a25f97c0","name":"新竹縣竹東鎮竹東國民小學","level":"國小","basis":"both","data_ym":"202005"},"geometry":{"type":"Polygon","coordinates":[[[121.087759,24.735864],[121.087966,24.735731],[121.088043,24.735776],[121.088059,24.73578],[121.088148,24.735726],[121.088161,24.735742],[121.08847,24.735411],[121.088464,24.734668],[121.088422,24.734627],[121.0883,24.734447],[121.088191,24.734266],[121.088174,24.734255],[121.088056,24.734266],[121.087906,24.734271],[121.087902,24.734017],[121.08761,24.733802],[121.087546,24.733766],[121.087512,24.733754],[121.087261,24.733728],[121.086648,24.733497],[121.086435,24.733987],[121.086705,24.734115],[121.086504,24.734514],[121.086497,24.734533],[121.086518,24.734639],[121.086881,24.734765],[121.087477,24.735005],[121.087512,24.735166],[121.087495,24.735195],[121.087645,24.735272],[121.087623,24.735336],[121.08762,24.73542],[121.087602,24.735459],[121.087587,24.735568],[121.087568,24.735665],[121.087635,24.735786],[121.087681,24.735844],[121.087729,24.735824],[121.087759,24.735864]]]}},{"type":"Feature","properties":{"id":"b8fb6367b66f","name":"新竹縣竹東鎮員崠國民小學","level":"國小","basis":"both","data_ym":"202306"},"geometry":{"type":"Polygon","coordinates":[[[121.09913,24.71227],[121.099067,24.712137],[121.099004,24.712034],[121.098973,24.711997],[121.098777,24.712131],[121.098703,24.71216],[121.098642,24.712052],[121.098528,24.712116],[121.098353,24.712233],[121.098294,24.712161],[121.09803,24.712721],[121.09799,24.712929],[121.09793,24.713583],[121.097925,24.713766],[121.097954,24.713989],[121.097976,24.71408],[121.098056,24.714222],[121.098279,24.714453],[121.098318,24.71452],[121.098318,24.714757],[121.098307,24.714771],[121.098147,24.714824],[121.098038,24.714907],[121.098028,24.714941],[121.098021,24.714985],[121.098032,24.715047],[121.098098,24.715289],[121.098111,24.715378],[121.098348,24.715293],[121.098522,24.715253],[121.09882,24.715049],[121.098908,24.71498],[121.098945,24.714943],[121.098982,24.7149],[121.099034,24.714774],[121.098871,24.714704],[121.099103,24.71436],[121.099087,24.714278],[121.099132,24.713691],[121.099156,24.713585],[121.099226,24.713411],[121.099253,24.713308],[121.099232,24.712919],[121.099194,24.712696],[121.09913,24.71227]]]}},{"type":"Feature","properties":{"id":"94604345fcca","name":"新竹縣竹東鎮陸豐國民小學","level":"國小","basis":"both","data_ym":"201901"},"geometry":{"type":"Polygon","coordinates":[[[121.07794,24.765787],[121.077196,24.765423],[121.077149,24.76557],[121.077037,24.765881],[121.077027,24.765924],[121.077675,24.766327],[121.07794,24.765787]]]}},{"type":"Feature","properties":{"id":"b1aeb4f4524c","name":"新竹縣竹東鎮瑞峰國民小學","level":"國小","basis":"both","data_ym":"201901"},"geometry":{"type":"Polygon","coordinates":[[[121.122189,24.661158],[121.121987,24.661075],[121.121402,24.661955],[121.122262,24.662422],[121.122269,24.662272],[121.122282,24.66214],[121.122477,24.661562],[121.122523,24.661406],[121.122536,24.661283],[121.122189,24.661158]]]}},{"type":"Feature","properties":{"id":"9717a962e32b","name":"新竹縣私立上智國民小學","level":"國小","basis":"both","data_ym":"202508"},"geometry":{"type":"Polygon","coordinates":[[[121.084251,24.741918],[121.084414,24.741653],[121.084556,24.741728],[121.084553,24.741732],[121.084863,24.741901],[121.084828,24.741756],[121.084839,24.741659],[121.084869,24.741598],[121.0849,24.741561],[121.084969,24.74152],[121.085078,24.741181],[121.084476,24.740936],[121.084433,24.741013],[121.084279,24.741185],[121.084209,24.741351],[121.084137,24.741454],[121.084096,24.74154],[121.084089,24.74156],[121.084067,24.741708],[121.084019,24.741776],[121.083999,24.741819],[121.084251,24.741918]]]}},{"type":"Feature","properties":{"id":"1818de039495","name":"新竹縣私立內思高級工業職業學校","level":"高中職","basis":"name","data_ym":"201806"},"geometry":{"type":"Polygon","coordinates":[[[121.08514,24.828984],[121.084982,24.828948],[121.084906,24.828937],[121.084754,24.828885],[121.084414,24.82869],[121.084414,24.828612],[121.084335,24.828596],[121.084311,24.828629],[121.084039,24.828515],[121.083837,24.828569],[121.083688,24.828328],[121.083439,24.828244],[121.082826,24.828132],[121.082754,24.827964],[121.082744,24.827891],[121.082631,24.827903],[121.082563,24.827917],[121.082374,24.827978],[121.081713,24.828231],[121.081684,24.828246],[121.081672,24.828267],[121.081683,24.828298],[121.08173,24.828362],[121.081798,24.828427],[121.082653,24.829099],[121.082895,24.829272],[121.083176,24.829014],[121.083384,24.829162],[121.083528,24.828985],[121.083954,24.829253],[121.083757,24.829575],[121.083741,24.829625],[121.083742,24.829676],[121.083763,24.829748],[121.083774,24.829768],[121.083863,24.829852],[121.083962,24.829905],[121.084189,24.829752],[121.084381,24.829313],[121.084462,24.829258],[121.08458,24.829229],[121.084763,24.829217],[121.084935,24.829181],[121.08514,24.828984]]]}},{"type":"Feature","properties":{"id":"32b37e086074","name":"新竹縣私立仰德高級中學","level":"高中職","basis":"both","data_ym":"202402"},"geometry":{"type":"Polygon","coordinates":[[[121.003851,24.880766],[121.004114,24.880772],[121.00412,24.880886],[121.004065,24.881047],[121.003833,24.881792],[121.003922,24.881868],[121.003877,24.882329],[121.004774,24.882853],[121.005014,24.882779],[121.005217,24.882528],[121.005573,24.882077],[121.005533,24.882052],[121.006053,24.881405],[121.006086,24.881357],[121.006077,24.881326],[121.005995,24.881218],[121.005636,24.880843],[121.005642,24.880817],[121.006521,24.880647],[121.006499,24.88049],[121.005666,24.880624],[121.00553,24.880621],[121.005382,24.880632],[121.005309,24.880667],[121.005223,24.88073],[121.00494,24.880569],[121.004531,24.880351],[121.004433,24.880192],[121.004305,24.88009],[121.003931,24.880647],[121.003849,24.880753],[121.003851,24.880766]]]}},{"type":"Feature","properties":{"id":"be1a8953cbcd","name":"新竹縣私立忠信高級中學","level":"高中職","basis":"both","data_ym":"202509"},"geometry":{"type":"Polygon","coordinates":[[[121.003865,24.882447],[121.003922,24.881868],[121.003833,24.881792],[121.004065,24.881047],[121.00412,24.880886],[121.004114,24.880772],[121.003782,24.880763],[121.003766,24.881146],[121.003702,24.881148],[121.003686,24.88132],[121.003466,24.881328],[121.003471,24.88143],[121.002754,24.881449],[121.002778,24.880727],[121.002734,24.880732],[121.002696,24.880755],[121.002439,24.88094],[121.002206,24.880997],[121.00204,24.88101],[121.002008,24.88104],[121.001906,24.881041],[121.00187,24.880919],[121.001891,24.880851],[121.001814,24.880903],[121.00172,24.880926],[121.001735,24.880943],[121.001712,24.881745],[121.001569,24.881748],[121.001417,24.883521],[121.0017,24.883529],[121.002034,24.883514],[121.002228,24.883471],[121.002627,24.883456],[121.002986,24.883455],[121.003103,24.883336],[121.003713,24.88328],[121.003792,24.883228],[121.003788,24.883145],[121.003847,24.882827],[121.003858,24.882677],[121.003865,24.882447]]]}},{"type":"Feature","properties":{"id":"897b2b81a562","name":"新竹縣私立東泰高級中學","level":"高中職","basis":"both","data_ym":"202402"},"geometry":{"type":"Polygon","coordinates":[[[121.099178,24.712181],[121.099404,24.712176],[121.099946,24.712106],[121.0995,24.710452],[121.099325,24.710469],[121.099064,24.709461],[121.098152,24.709725],[121.098132,24.709867],[121.098185,24.710242],[121.098192,24.710243],[121.098171,24.710316],[121.09821,24.710324],[121.098192,24.710472],[121.09818,24.710524],[121.098175,24.710523],[121.098172,24.710536],[121.098168,24.710597],[121.098192,24.710742],[121.098224,24.710864],[121.09833,24.711185],[121.098325,24.711209],[121.098317,24.711216],[121.098178,24.711272],[121.098174,24.711286],[121.098285,24.711619],[121.098321,24.711613],[121.098312,24.711723],[121.098344,24.711767],[121.098559,24.711827],[121.098837,24.711883],[121.098941,24.711919],[121.098976,24.711937],[121.098995,24.711953],[121.099045,24.712009],[121.099111,24.712117],[121.099146,24.71219],[121.099178,24.712181]]]}},{"type":"Feature","properties":{"id":"28323102cbce","name":"新竹縣私立康乃薾國民中小學","level":"國中","basis":"moe","data_ym":"202509"},"geometry":{"type":"Polygon","coordinates":[[[121.036666,24.805876],[121.036689,24.80563],[121.036698,24.80563],[121.036703,24.805573],[121.036689,24.805569],[121.036711,24.805345],[121.036727,24.805345],[121.036733,24.80527],[121.036718,24.805269],[121.036732,24.805115],[121.036724,24.805093],[121.036708,24.805074],[121.036675,24.805063],[121.036424,24.805044],[121.036157,24.804984],[121.035971,24.804941],[121.035775,24.804857],[121.035737,24.804887],[121.035695,24.805026],[121.035757,24.80509],[121.035694,24.80514],[121.035655,24.805108],[121.035643,24.80511],[121.03556,24.805235],[121.035505,24.805302],[121.035504,24.805317],[121.035518,24.805351],[121.035873,24.805703],[121.035948,24.805858],[121.036252,24.805767],[121.036409,24.80611],[121.036654,24.806032],[121.036709,24.806009],[121.036666,24.805876]]]}},{"type":"Feature","properties":{"id":"a0cbd7285c9e","name":"新竹縣私立康乃薾國民中小學1","level":"國中","basis":"moe","data_ym":"202508"},"geometry":{"type":"Polygon","coordinates":[[[121.034903,24.804333],[121.034877,24.804335],[121.034846,24.804355],[121.034634,24.804549],[121.034448,24.804703],[121.03473,24.804952],[121.034521,24.805135],[121.034945,24.805562],[121.034963,24.805572],[121.034985,24.805574],[121.035024,24.805562],[121.03518,24.8053],[121.035285,24.805174],[121.035395,24.805058],[121.035456,24.804963],[121.035475,24.80489],[121.035453,24.804675],[121.035446,24.804657],[121.035415,24.804635],[121.034918,24.804338],[121.034903,24.804333]]]}},{"type":"Feature","properties":{"id":"ef45830476f9","name":"新竹縣私立義民高級中學","level":"高中職","basis":"both","data_ym":"202108"},"geometry":{"type":"Polygon","coordinates":[[[121.002742,24.837812],[121.003629,24.839356],[121.004126,24.839129],[121.004858,24.838811],[121.004719,24.838534],[121.004853,24.838468],[121.00478,24.838323],[121.004892,24.838292],[121.004896,24.838308],[121.005058,24.838288],[121.004966,24.837226],[121.004646,24.837387],[121.004601,24.837348],[121.004014,24.837622],[121.003795,24.837247],[121.002892,24.837603],[121.002799,24.83779],[121.002742,24.837812]]]}},{"type":"Feature","properties":{"id":"7c81061f4506","name":"新竹縣芎林鄉五龍國民小學","level":"國小","basis":"both","data_ym":"201901"},"geometry":{"type":"Polygon","coordinates":[[[121.123892,24.737504],[121.123903,24.737374],[121.123893,24.7373],[121.123926,24.737088],[121.123866,24.737035],[121.123813,24.737001],[121.123736,24.736985],[121.12367,24.736955],[121.123662,24.736945],[121.123563,24.736754],[121.123505,24.736694],[121.123473,24.736809],[121.123332,24.736764],[121.123352,24.736678],[121.123323,24.736673],[121.123264,24.736928],[121.122342,24.736773],[121.122229,24.737252],[121.123166,24.7375],[121.123179,24.737398],[121.123892,24.737504]]]}},{"type":"Feature","properties":{"id":"933f6941229a","name":"新竹縣芎林鄉芎林國民小學","level":"國小","basis":"both","data_ym":"202307"},"geometry":{"type":"Polygon","coordinates":[[[121.084641,24.774679],[121.084369,24.774305],[121.084142,24.774037],[121.084092,24.77404],[121.084029,24.773773],[121.083997,24.773673],[121.083986,24.773656],[121.083973,24.773644],[121.083835,24.773564],[121.083754,24.773534],[121.083585,24.773498],[121.083558,24.773552],[121.08351,24.773561],[121.082947,24.773438],[121.083002,24.773656],[121.082719,24.773718],[121.082715,24.773701],[121.082627,24.773725],[121.082532,24.773838],[121.082427,24.773929],[121.082438,24.773954],[121.082288,24.774034],[121.082203,24.774019],[121.082151,24.774153],[121.082275,24.774154],[121.082277,24.774249],[121.082015,24.774247],[121.082011,24.774257],[121.082217,24.774668],[121.082473,24.774626],[121.082509,24.774761],[121.082611,24.774748],[121.083793,24.774638],[121.083835,24.774942],[121.084856,24.774911],[121.084784,24.774799],[121.084745,24.774787],[121.084641,24.774679]]]}},{"type":"Feature","properties":{"id":"7acf79b0608e","name":"新竹縣芎林鄉碧潭國民小學","level":"國小","basis":"both","data_ym":"201901"},"geometry":{"type":"Polygon","coordinates":[[[121.104012,24.74628],[121.10393,24.746213],[121.103864,24.746206],[121.103816,24.74624],[121.103806,24.746236],[121.103553,24.746051],[121.103509,24.746086],[121.10333,24.745965],[121.102903,24.746331],[121.102609,24.7466],[121.102757,24.746723],[121.102638,24.746854],[121.103052,24.747199],[121.103534,24.746711],[121.103574,24.746675],[121.103858,24.746377],[121.103922,24.746336],[121.103973,24.746312],[121.104012,24.74628]]]}},{"type":"Feature","properties":{"id":"55c55849d057","name":"新竹縣峨眉鄉峨眉國民小學","level":"國小","basis":"both","data_ym":"201901"},"geometry":{"type":"Polygon","coordinates":[[[121.021547,24.690124],[121.021386,24.689189],[121.021353,24.689189],[121.021209,24.688928],[121.021092,24.68892],[121.021098,24.688854],[121.021007,24.68885],[121.019784,24.68872],[121.019772,24.688884],[121.019726,24.689303],[121.020609,24.689301],[121.020785,24.689532],[121.020785,24.689766],[121.020799,24.689888],[121.021179,24.690105],[121.021425,24.690143],[121.021547,24.690124]]]}},{"type":"Feature","properties":{"id":"366fb637efc1","name":"新竹縣峨眉鄉富興國民小學","level":"國小","basis":"both","data_ym":"202308"},"geometry":{"type":"Polygon","coordinates":[[[120.988646,24.687041],[120.988672,24.687026],[120.988703,24.686996],[120.988799,24.686797],[120.988883,24.686607],[120.988981,24.686437],[120.989014,24.68635],[120.989026,24.68629],[120.989037,24.6862],[120.989038,24.68612],[120.989029,24.68604],[120.988973,24.685807],[120.988093,24.686122],[120.988149,24.686264],[120.987975,24.686334],[120.987982,24.686348],[120.987907,24.686382],[120.987925,24.686427],[120.987938,24.686423],[120.987974,24.686537],[120.987985,24.686589],[120.988043,24.686576],[120.988062,24.686584],[120.988058,24.686825],[120.988079,24.687041],[120.988389,24.68704],[120.988614,24.687051],[120.988646,24.687041]]]}},{"type":"Feature","properties":{"id":"3296d60f9ee7","name":"新竹縣湖口鄉中興國民小學","level":"國小","basis":"both","data_ym":"202510"},"geometry":{"type":"Polygon","coordinates":[[[121.027941,24.867313],[121.028042,24.86721],[121.028068,24.867235],[121.028256,24.867046],[121.028869,24.866466],[121.028927,24.866426],[121.02909,24.866329],[121.028957,24.866158],[121.028822,24.866004],[121.028805,24.866007],[121.028661,24.865848],[121.02856,24.865672],[121.028293,24.865823],[121.028214,24.865695],[121.027787,24.865871],[121.027945,24.866084],[121.027764,24.866225],[121.027786,24.866263],[121.027456,24.866446],[121.027329,24.866274],[121.027082,24.866447],[121.026901,24.866603],[121.026916,24.866647],[121.026924,24.866714],[121.026924,24.866782],[121.026831,24.867196],[121.026873,24.86723],[121.027784,24.867387],[121.02782,24.867383],[121.027889,24.867351],[121.027941,24.867313]]]}},{"type":"Feature","properties":{"id":"5e9cbb8c15be","name":"新竹縣湖口鄉和興國民小學","level":"國小","basis":"both","data_ym":"201901"},"geometry":{"type":"Polygon","coordinates":[[[121.038961,24.926625],[121.03876,24.926426],[121.038412,24.927288],[121.038414,24.9273],[121.038419,24.927309],[121.039211,24.927571],[121.039411,24.927175],[121.039434,24.927156],[121.039521,24.926964],[121.038961,24.926625]]]}},{"type":"Feature","properties":{"id":"f6cae53df75e","name":"新竹縣湖口鄉長安國民小學","level":"國小","basis":"both","data_ym":"201901"},"geometry":{"type":"Polygon","coordinates":[[[121.095796,24.887293],[121.094984,24.886694],[121.094949,24.886713],[121.094826,24.886822],[121.094831,24.886858],[121.094384,24.887459],[121.094488,24.88753],[121.095172,24.887953],[121.095354,24.887755],[121.095796,24.887293]]]}},{"type":"Feature","properties":{"id":"7bcb20ae3c37","name":"新竹縣湖口鄉信勢國民小學","level":"國小","basis":"both","data_ym":"201901"},"geometry":{"type":"Polygon","coordinates":[[[121.039408,24.899487],[121.039115,24.899223],[121.039058,24.899225],[121.038988,24.899158],[121.038984,24.899106],[121.038854,24.898989],[121.038797,24.898931],[121.038784,24.898941],[121.03874,24.898904],[121.03865,24.898906],[121.037209,24.899622],[121.037204,24.899645],[121.037341,24.900005],[121.037577,24.900568],[121.038241,24.900454],[121.038684,24.900299],[121.03896,24.900179],[121.039528,24.899916],[121.039676,24.899817],[121.039721,24.89977],[121.039395,24.899498],[121.039408,24.899487]]]}},{"type":"Feature","properties":{"id":"2dd79dbfc2c7","name":"新竹縣湖口鄉湖口國民小學","level":"國小","basis":"both","data_ym":"201901"},"geometry":{"type":"Polygon","coordinates":[[[121.061482,24.877908],[121.060597,24.877666],[121.060542,24.877783],[121.060529,24.877777],[121.060139,24.878541],[121.060126,24.878625],[121.060118,24.878734],[121.061332,24.879002],[121.061343,24.878998],[121.061351,24.878979],[121.06145,24.878446],[121.061482,24.877908]]]}},{"type":"Feature","properties":{"id":"605c95eb66c3","name":"新竹縣湖口鄉華興國民小學","level":"國小","basis":"both","data_ym":"201901"},"geometry":{"type":"Polygon","coordinates":[[[121.01936,24.873551],[121.018931,24.874154],[121.019142,24.874178],[121.019298,24.874222],[121.019384,24.874255],[121.019465,24.874301],[121.0196,24.874437],[121.019797,24.874753],[121.019903,24.874913],[121.02003,24.87517],[121.020098,24.875337],[121.020123,24.875379],[121.020149,24.875399],[121.020656,24.875493],[121.020712,24.87549],[121.020833,24.875426],[121.020878,24.875395],[121.021007,24.875288],[121.021272,24.87501],[121.021425,24.874819],[121.020563,24.874285],[121.02045,24.874218],[121.020442,24.874228],[121.020328,24.874161],[121.020322,24.87417],[121.01936,24.873551]]]}},{"type":"Feature","properties":{"id":"aa6d02d190a9","name":"新竹縣湖口鄉新湖國民小學","level":"國小","basis":"both","data_ym":"201901"},"geometry":{"type":"Polygon","coordinates":[[[121.047862,24.906169],[121.048927,24.906016],[121.04894,24.905967],[121.048913,24.905957],[121.049007,24.905707],[121.049211,24.905194],[121.048676,24.905025],[121.048625,24.90471],[121.048524,24.904673],[121.048476,24.90466],[121.048389,24.904614],[121.048298,24.904547],[121.047633,24.904686],[121.047607,24.904686],[121.047596,24.904681],[121.047585,24.904658],[121.047581,24.90464],[121.047139,24.904704],[121.047167,24.904871],[121.047195,24.905111],[121.04723,24.905105],[121.047266,24.905246],[121.047239,24.90525],[121.047267,24.905408],[121.047002,24.905448],[121.047275,24.905904],[121.047499,24.906264],[121.047717,24.906211],[121.047862,24.906169]]]}},{"type":"Feature","properties":{"id":"941b38ca6207","name":"新竹縣新埔鎮文山國民小學","level":"國小","basis":"both","data_ym":"202307"},"geometry":{"type":"Polygon","coordinates":[[[121.048198,24.825365],[121.04816,24.82519],[121.048099,24.825201],[121.048074,24.82511],[121.048072,24.825042],[121.048078,24.825005],[121.048095,24.824987],[121.048194,24.824952],[121.048171,24.824905],[121.048267,24.824823],[121.048049,24.824583],[121.047429,24.825078],[121.047482,24.825276],[121.047478,24.825384],[121.047471,24.825422],[121.047271,24.825663],[121.047109,24.826029],[121.047271,24.826246],[121.047333,24.826279],[121.047424,24.826243],[121.047743,24.826085],[121.048071,24.825935],[121.048471,24.825715],[121.048198,24.825365]]]}},{"type":"Feature","properties":{"id":"a27568e79594","name":"新竹縣新埔鎮枋寮國民小學","level":"國小","basis":"both","data_ym":"201901"},"geometry":{"type":"Polygon","coordinates":[[[121.052266,24.836943],[121.052077,24.836704],[121.051595,24.836773],[121.051311,24.836784],[121.05133,24.836966],[121.051179,24.836986],[121.051229,24.837228],[121.050923,24.83738],[121.050983,24.837467],[121.05104,24.837524],[121.051099,24.837621],[121.051115,24.837672],[121.051135,24.837816],[121.051222,24.838035],[121.051276,24.838105],[121.051289,24.838107],[121.051359,24.838085],[121.051535,24.837991],[121.05174,24.837898],[121.051789,24.837885],[121.052342,24.837516],[121.052371,24.837506],[121.052388,24.837486],[121.052409,24.837473],[121.052452,24.837456],[121.052591,24.837426],[121.052266,24.836943]]]}},{"type":"Feature","properties":{"id":"b6a6da021800","name":"新竹縣新埔鎮清水國民小學","level":"國小","basis":"both","data_ym":"201901"},"geometry":{"type":"Polygon","coordinates":[[[121.136746,24.867463],[121.136663,24.867354],[121.136603,24.867259],[121.136499,24.867113],[121.136494,24.867097],[121.1365,24.867066],[121.136524,24.867028],[121.136516,24.867009],[121.136451,24.866945],[121.136389,24.866895],[121.136297,24.866849],[121.136209,24.866797],[121.136098,24.866724],[121.136041,24.866696],[121.135987,24.866657],[121.13588,24.866546],[121.135811,24.866492],[121.135779,24.866509],[121.135791,24.866599],[121.135793,24.866652],[121.135789,24.867399],[121.136011,24.867355],[121.136307,24.867753],[121.136639,24.867738],[121.136766,24.867701],[121.136837,24.867671],[121.13686,24.867654],[121.136889,24.867608],[121.136746,24.867463]]]}},{"type":"Feature","properties":{"id":"f791cd19e45d","name":"新竹縣新埔鎮新星國民小學","level":"國小","basis":"both","data_ym":"201901"},"geometry":{"type":"Polygon","coordinates":[[[121.074516,24.83028],[121.074611,24.8301],[121.074632,24.830108],[121.074701,24.830017],[121.074744,24.830046],[121.075048,24.829688],[121.074799,24.829479],[121.074768,24.82947],[121.074772,24.829451],[121.074756,24.829434],[121.074692,24.829403],[121.074037,24.829223],[121.07404,24.829173],[121.073995,24.829159],[121.074014,24.829107],[121.073925,24.829075],[121.073753,24.828996],[121.073515,24.828842],[121.073522,24.828872],[121.073522,24.82903],[121.073517,24.829073],[121.073505,24.829112],[121.073265,24.829725],[121.073352,24.829748],[121.073309,24.82988],[121.073266,24.830029],[121.073411,24.830086],[121.073465,24.830015],[121.073477,24.830009],[121.073494,24.83001],[121.073752,24.830084],[121.074491,24.830284],[121.074503,24.830285],[121.074516,24.83028]]]}},{"type":"Feature","properties":{"id":"a053ef78c732","name":"新竹縣新埔鎮新埔國民小學","level":"國小","basis":"both","data_ym":"201901"},"geometry":{"type":"Polygon","coordinates":[[[121.080977,24.829058],[121.080925,24.828935],[121.081608,24.828698],[121.081589,24.828637],[121.081518,24.82865],[121.081499,24.828593],[121.081528,24.828586],[121.081481,24.828456],[121.081465,24.828461],[121.081444,24.828412],[121.081464,24.828407],[121.081459,24.828394],[121.08093,24.828542],[121.080924,24.828528],[121.080914,24.828531],[121.080394,24.828326],[121.080402,24.828435],[121.080348,24.82856],[121.079733,24.828441],[121.079615,24.827901],[121.079309,24.827981],[121.079296,24.828057],[121.079231,24.828234],[121.079143,24.828208],[121.079055,24.828172],[121.078952,24.828105],[121.078929,24.828161],[121.079069,24.828249],[121.079111,24.828267],[121.078939,24.828581],[121.079161,24.828705],[121.079465,24.828832],[121.080224,24.829078],[121.080977,24.829058]]]}},{"type":"Feature","properties":{"id":"c61ef39b7ce6","name":"新竹縣新埔鎮照東國民小學","level":"國小","basis":"both","data_ym":"201901"},"geometry":{"type":"Polygon","coordinates":[[[121.142092,24.844581],[121.14201,24.844547],[121.141953,24.844533],[121.141884,24.844528],[121.141116,24.844574],[121.141116,24.844567],[121.141036,24.844572],[121.141136,24.845108],[121.141149,24.845321],[121.142366,24.845146],[121.142568,24.84512],[121.142509,24.845034],[121.142341,24.844834],[121.142187,24.844659],[121.142144,24.844617],[121.142092,24.844581]]]}},{"type":"Feature","properties":{"id":"27dc909d2d8b","name":"新竹縣新埔鎮照門國民小學","level":"國小","basis":"both","data_ym":"201901"},"geometry":{"type":"Polygon","coordinates":[[[121.117934,24.846686],[121.117807,24.846662],[121.117638,24.846662],[121.117461,24.846627],[121.117138,24.846578],[121.116952,24.846579],[121.116812,24.847055],[121.116667,24.847659],[121.116692,24.847674],[121.116837,24.847718],[121.116888,24.847746],[121.117029,24.847839],[121.117168,24.847919],[121.117289,24.847972],[121.117386,24.84801],[121.117453,24.848049],[121.117556,24.848059],[121.117853,24.847112],[121.117909,24.846846],[121.117949,24.846709],[121.117945,24.846693],[121.117934,24.846686]]]}},{"type":"Feature","properties":{"id":"8608e55fba91","name":"新竹縣新埔鎮寶石國民小學","level":"國小","basis":"both","data_ym":"201901"},"geometry":{"type":"Polygon","coordinates":[[[121.079827,24.817544],[121.079259,24.816234],[121.079153,24.816015],[121.078684,24.816335],[121.078577,24.816423],[121.078382,24.816512],[121.078291,24.816542],[121.078228,24.816554],[121.078293,24.81675],[121.078414,24.817034],[121.078638,24.817522],[121.078653,24.817529],[121.078842,24.817493],[121.078874,24.817491],[121.079176,24.817525],[121.079221,24.817534],[121.079478,24.817633],[121.079533,24.817642],[121.079565,24.817641],[121.079827,24.817544]]]}},{"type":"Feature","properties":{"id":"eb80ea6be732","name":"新竹縣新豐鄉山崎國民小學","level":"國小","basis":"both","data_ym":"201909"},"geometry":{"type":"Polygon","coordinates":[[[120.998022,24.873074],[120.998189,24.872915],[120.998261,24.872972],[120.99833,24.873035],[120.998848,24.872562],[120.999095,24.872391],[120.999267,24.872254],[120.998317,24.871445],[120.998286,24.871444],[120.997258,24.872072],[120.997236,24.872095],[120.997233,24.872151],[120.997257,24.872203],[120.998022,24.873074]]]}},{"type":"Feature","properties":{"id":"31afa79f693a","name":"新竹縣新豐鄉松林國民小學","level":"國小","basis":"both","data_ym":"202508"},"geometry":{"type":"Polygon","coordinates":[[[120.991091,24.868558],[120.991021,24.868517],[120.990972,24.868529],[120.990872,24.868574],[120.990746,24.868684],[120.990423,24.869005],[120.990145,24.86919],[120.989909,24.869562],[120.989864,24.869733],[120.989798,24.869944],[120.990786,24.870214],[120.991329,24.86965],[120.991817,24.869135],[120.991091,24.868558]]]}},{"type":"Feature","properties":{"id":"66fb69493782","name":"新竹縣新豐鄉埔和國民小學","level":"國小","basis":"both","data_ym":"202108"},"geometry":{"type":"Polygon","coordinates":[[[120.982814,24.92156],[120.982423,24.921006],[120.982409,24.921015],[120.982377,24.920973],[120.982014,24.920457],[120.981954,24.920503],[120.981844,24.920334],[120.981728,24.920461],[120.981704,24.920499],[120.981618,24.920561],[120.981317,24.920735],[120.981314,24.920777],[120.9813,24.920784],[120.981705,24.921511],[120.982027,24.92194],[120.982118,24.921945],[120.982673,24.92163],[120.982814,24.92156]]]}},{"type":"Feature","properties":{"id":"a478aa724785","name":"新竹縣新豐鄉新豐國民小學","level":"國小","basis":"both","data_ym":"201901"},"geometry":{"type":"Polygon","coordinates":[[[120.989155,24.900884],[120.988663,24.900068],[120.988467,24.900011],[120.98766,24.900462],[120.987576,24.900492],[120.987402,24.900511],[120.987371,24.900657],[120.987613,24.901075],[120.987649,24.901171],[120.987975,24.901638],[120.988093,24.901549],[120.988114,24.901567],[120.988351,24.901413],[120.988843,24.901055],[120.989155,24.900884]]]}},{"type":"Feature","properties":{"id":"ff5df5456355","name":"新竹縣新豐鄉瑞興國民小學","level":"國小","basis":"both","data_ym":"201901"},"geometry":{"type":"Polygon","coordinates":[[[121.009361,24.912059],[121.009911,24.912053],[121.010406,24.912053],[121.010403,24.911813],[121.010282,24.911815],[121.010281,24.911056],[121.009521,24.911044],[121.008456,24.911051],[121.008456,24.911077],[121.008478,24.911077],[121.008477,24.911254],[121.008459,24.911253],[121.00846,24.911269],[121.008431,24.911429],[121.008832,24.911723],[121.009213,24.911974],[121.009361,24.912059]]]}},{"type":"Feature","properties":{"id":"ad614641b966","name":"新竹縣新豐鄉福興國民小學","level":"國小","basis":"both","data_ym":"201901"},"geometry":{"type":"Polygon","coordinates":[[[121.009913,24.93291],[121.009667,24.932153],[121.009328,24.932249],[121.009302,24.932153],[121.009038,24.932208],[121.009077,24.932321],[121.008583,24.932471],[121.008908,24.933573],[121.009058,24.933772],[121.010016,24.933261],[121.009913,24.93291]]]}},{"type":"Feature","properties":{"id":"ab3c7b624f03","name":"新竹縣新豐鄉福龍國民小學","level":"國小","basis":"both","data_ym":"202307"},"geometry":{"type":"Polygon","coordinates":[[[121.036332,24.929804],[121.036245,24.929782],[121.036117,24.929794],[121.03585,24.929829],[121.03556,24.929874],[121.035507,24.929895],[121.035172,24.930105],[121.034906,24.930279],[121.034901,24.930289],[121.034956,24.930322],[121.035293,24.930493],[121.035367,24.930624],[121.035446,24.930745],[121.035664,24.930753],[121.035998,24.930623],[121.036073,24.930585],[121.036233,24.930488],[121.036263,24.930328],[121.036338,24.930285],[121.036563,24.930203],[121.036332,24.929804]]]}},{"type":"Feature","properties":{"id":"196a05450571","name":"新竹縣橫山鄉大肚國民小學","level":"國小","basis":"both","data_ym":"201901"},"geometry":{"type":"Polygon","coordinates":[[[121.140435,24.718389],[121.140407,24.718382],[121.140269,24.718456],[121.140139,24.718629],[121.139999,24.718723],[121.139746,24.718724],[121.139718,24.718729],[121.139379,24.718901],[121.139143,24.719043],[121.139062,24.7191],[121.138992,24.719161],[121.139088,24.71923],[121.139624,24.719715],[121.139946,24.719984],[121.140276,24.720305],[121.140343,24.720357],[121.140306,24.720259],[121.140306,24.720235],[121.140347,24.720084],[121.140374,24.720027],[121.14063,24.719786],[121.140753,24.719648],[121.140964,24.71931],[121.141135,24.719051],[121.140911,24.718889],[121.140776,24.718731],[121.140813,24.718698],[121.140435,24.718389]]]}},{"type":"Feature","properties":{"id":"4a1519fffeb4","name":"新竹縣橫山鄉內灣國民小學","level":"國小","basis":"both","data_ym":"201901"},"geometry":{"type":"Polygon","coordinates":[[[121.183576,24.704226],[121.183341,24.704141],[121.183049,24.704762],[121.183189,24.704818],[121.183208,24.704841],[121.183231,24.704887],[121.183242,24.704921],[121.183255,24.705001],[121.183249,24.705023],[121.183199,24.705119],[121.183209,24.705142],[121.183469,24.705262],[121.183531,24.705287],[121.183562,24.705285],[121.183594,24.705265],[121.183624,24.70521],[121.183675,24.70511],[121.183891,24.704583],[121.183667,24.704525],[121.183685,24.704472],[121.183698,24.704395],[121.183697,24.704367],[121.18363,24.70426],[121.183576,24.704226]]]}},{"type":"Feature","properties":{"id":"a0d3c3759644","name":"新竹縣橫山鄉田寮國民小學","level":"國小","basis":"both","data_ym":"202307"},"geometry":{"type":"Polygon","coordinates":[[[121.105897,24.704707],[121.105881,24.704424],[121.104837,24.704949],[121.105197,24.705524],[121.105262,24.705603],[121.105461,24.705875],[121.105806,24.705721],[121.105803,24.705456],[121.105862,24.705331],[121.105847,24.705179],[121.105938,24.70507],[121.105897,24.704707]]]}},{"type":"Feature","properties":{"id":"0059e25d05fc","name":"新竹縣橫山鄉沙坑國民小學","level":"國小","basis":"both","data_ym":"202108"},"geometry":{"type":"Polygon","coordinates":[[[121.162231,24.739894],[121.162262,24.739771],[121.16227,24.739617],[121.161976,24.739616],[121.161948,24.739317],[121.161896,24.739318],[121.161883,24.73905],[121.16187,24.739007],[121.161845,24.738971],[121.16178,24.738915],[121.161744,24.738897],[121.161605,24.738851],[121.161539,24.738833],[121.161537,24.738697],[121.161275,24.738703],[121.16125,24.738707],[121.161046,24.738803],[121.161026,24.73882],[121.161036,24.738902],[121.161091,24.738964],[121.161103,24.739052],[121.161137,24.739656],[121.161178,24.739655],[121.161199,24.739769],[121.161256,24.739875],[121.161459,24.739867],[121.161894,24.739892],[121.162231,24.739894]]]}},{"type":"Feature","properties":{"id":"2e3c666d993b","name":"新竹縣橫山鄉橫山國民小學","level":"國小","basis":"both","data_ym":"202108"},"geometry":{"type":"Polygon","coordinates":[[[121.115358,24.719085],[121.11557,24.718895],[121.115554,24.718795],[121.115441,24.718329],[121.115309,24.718347],[121.115303,24.718332],[121.115196,24.718343],[121.115184,24.718246],[121.115124,24.717901],[121.1147,24.717977],[121.11419,24.718158],[121.114231,24.718483],[121.114308,24.718954],[121.114317,24.718978],[121.114422,24.719055],[121.114457,24.719064],[121.114544,24.71907],[121.114738,24.719094],[121.114853,24.719101],[121.115056,24.719087],[121.115057,24.719097],[121.115238,24.719072],[121.115245,24.719084],[121.115266,24.719104],[121.115342,24.719091],[121.115358,24.719085]]]}},{"type":"Feature","properties":{"id":"cec083bb5da7","name":"新竹縣關西鎮太平國民小學","level":"國小","basis":"both","data_ym":"201901"},"geometry":{"type":"Polygon","coordinates":[[[121.119352,24.826181],[121.11895,24.826036],[121.118759,24.826449],[121.118945,24.826527],[121.119614,24.826765],[121.119629,24.826765],[121.119805,24.826421],[121.119804,24.826401],[121.119796,24.826381],[121.119744,24.826344],[121.119352,24.826181]]]}},{"type":"Feature","properties":{"id":"7d006231a682","name":"新竹縣關西鎮玉山國民小學","level":"國小","basis":"both","data_ym":"201901"},"geometry":{"type":"Polygon","coordinates":[[[121.20908,24.757909],[121.209112,24.757864],[121.209118,24.757831],[121.209118,24.757776],[121.209072,24.757588],[121.209066,24.757514],[121.209069,24.757398],[121.209035,24.757321],[121.209002,24.757261],[121.208976,24.757235],[121.208498,24.757743],[121.208273,24.757964],[121.208329,24.758041],[121.208341,24.758066],[121.20847,24.757965],[121.208586,24.757896],[121.208691,24.758192],[121.208816,24.7581],[121.208935,24.758026],[121.209036,24.75795],[121.20908,24.757909]]]}},{"type":"Feature","properties":{"id":"134e3b3e440a","name":"新竹縣關西鎮石光國民小學","level":"國小","basis":"both","data_ym":"201806"},"geometry":{"type":"Polygon","coordinates":[[[121.128927,24.814596],[121.12971,24.814022],[121.129422,24.813532],[121.129349,24.813462],[121.129326,24.813433],[121.129291,24.813364],[121.129259,24.813324],[121.129064,24.813464],[121.128736,24.813687],[121.128638,24.813564],[121.128557,24.813623],[121.128654,24.813744],[121.128704,24.813799],[121.128658,24.813839],[121.128442,24.814004],[121.128464,24.814094],[121.128927,24.814596]]]}},{"type":"Feature","properties":{"id":"42c9658c26de","name":"新竹縣關西鎮坪林國民小學","level":"國小","basis":"both","data_ym":"201901"},"geometry":{"type":"Polygon","coordinates":[[[121.141154,24.800766],[121.140518,24.799983],[121.139685,24.800695],[121.139705,24.800791],[121.139714,24.800918],[121.139706,24.800964],[121.139686,24.801],[121.139685,24.801021],[121.139711,24.801085],[121.139765,24.80117],[121.139759,24.801219],[121.139756,24.801305],[121.139764,24.801369],[121.139797,24.801457],[121.139905,24.801667],[121.139948,24.801763],[121.140046,24.801718],[121.140176,24.801631],[121.140358,24.801498],[121.140643,24.801266],[121.140747,24.801178],[121.140915,24.801016],[121.141154,24.800766]]]}},{"type":"Feature","properties":{"id":"0ce891504cd5","name":"新竹縣關西鎮東光國民小學","level":"國小","basis":"both","data_ym":"202508"},"geometry":{"type":"Polygon","coordinates":[[[121.176225,24.777011],[121.176421,24.776962],[121.176364,24.776845],[121.176305,24.776706],[121.17623,24.776498],[121.176166,24.77628],[121.176128,24.776093],[121.176029,24.776058],[121.176022,24.776099],[121.175844,24.776055],[121.175835,24.776024],[121.175838,24.775981],[121.175239,24.77605],[121.175154,24.776068],[121.17514,24.776078],[121.175092,24.776157],[121.17507,24.776233],[121.175064,24.776309],[121.175033,24.776308],[121.175001,24.776884],[121.175511,24.777304],[121.175669,24.777231],[121.175835,24.777165],[121.176201,24.777055],[121.176225,24.777011]]]}},{"type":"Feature","properties":{"id":"752d1daba77a","name":"新竹縣關西鎮東安國民小學","level":"國小","basis":"both","data_ym":"202402"},"geometry":{"type":"Polygon","coordinates":[[[121.18461,24.789378],[121.184553,24.789288],[121.183078,24.790102],[121.183393,24.790492],[121.183568,24.790703],[121.183716,24.790871],[121.184541,24.790448],[121.18451,24.790397],[121.185095,24.790083],[121.185024,24.789988],[121.184809,24.789664],[121.18461,24.789378]]]}},{"type":"Feature","properties":{"id":"738e2963cb31","name":"新竹縣關西鎮南和國民小學","level":"國小","basis":"both","data_ym":"201901"},"geometry":{"type":"Polygon","coordinates":[[[121.120226,24.809553],[121.121326,24.809101],[121.121358,24.809064],[121.121357,24.809057],[121.121352,24.809051],[121.121196,24.808973],[121.121001,24.808866],[121.120961,24.808822],[121.12089,24.808703],[121.120941,24.808689],[121.120932,24.808674],[121.120905,24.808567],[121.120902,24.808481],[121.120921,24.808312],[121.120918,24.808272],[121.120892,24.808226],[121.120373,24.808438],[121.120356,24.808418],[121.120257,24.808458],[121.120278,24.808485],[121.119852,24.808643],[121.120046,24.809138],[121.120098,24.809126],[121.120156,24.809262],[121.120226,24.809553]]]}},{"type":"Feature","properties":{"id":"566a6cd3a037","name":"新竹縣關西鎮錦山國民小學","level":"國小","basis":"both","data_ym":"202204"},"geometry":{"type":"Polygon","coordinates":[[[121.225218,24.769238],[121.225529,24.768932],[121.22573,24.769037],[121.22589,24.768929],[121.225955,24.76897],[121.22608,24.768799],[121.226053,24.768741],[121.22581,24.768609],[121.225683,24.768728],[121.224941,24.7683],[121.224946,24.768269],[121.224787,24.768162],[121.224524,24.76807],[121.224428,24.768075],[121.224376,24.768085],[121.224374,24.768094],[121.224504,24.768243],[121.224587,24.768366],[121.224639,24.768463],[121.224701,24.768654],[121.224749,24.768895],[121.22478,24.768966],[121.224804,24.768993],[121.224862,24.76904],[121.225218,24.769238]]]}},{"type":"Feature","properties":{"id":"759db939272a","name":"新竹縣關西鎮關西國民小學","level":"國小","basis":"both","data_ym":"201901"},"geometry":{"type":"Polygon","coordinates":[[[121.17275,24.791974],[121.172713,24.792989],[121.173288,24.793035],[121.173695,24.793107],[121.173839,24.79303],[121.174056,24.792942],[121.174275,24.792874],[121.174707,24.792775],[121.174915,24.792749],[121.174973,24.792721],[121.174995,24.792701],[121.175006,24.792636],[121.175005,24.792486],[121.175027,24.791978],[121.175017,24.791885],[121.175019,24.791731],[121.174849,24.791685],[121.17453,24.791741],[121.174523,24.791965],[121.174121,24.791963],[121.174053,24.791905],[121.173958,24.791904],[121.173926,24.791964],[121.17378,24.791967],[121.173776,24.791904],[121.17367,24.791963],[121.173579,24.791996],[121.173385,24.792021],[121.173091,24.792011],[121.172939,24.791998],[121.17275,24.791974]]]}},{"type":"Feature","properties":{"id":"9235818f5030","name":"新竹縣寶山鄉新城國民小學","level":"國小","basis":"both","data_ym":"202506"},"geometry":{"type":"Polygon","coordinates":[[[120.967871,24.734278],[120.967888,24.734265],[120.967892,24.73427],[120.967969,24.734248],[120.968021,24.734188],[120.968008,24.734057],[120.96802,24.733989],[120.968098,24.734016],[120.968195,24.734101],[120.968198,24.733922],[120.968153,24.733881],[120.96813,24.73373],[120.968115,24.733544],[120.968065,24.733371],[120.968067,24.733224],[120.967898,24.732997],[120.967869,24.73298],[120.967738,24.73294],[120.967679,24.732916],[120.967567,24.732831],[120.967524,24.73281],[120.967445,24.732803],[120.967402,24.732808],[120.967314,24.732857],[120.967212,24.732928],[120.967196,24.732911],[120.967157,24.732937],[120.967179,24.732964],[120.967154,24.732992],[120.967092,24.733042],[120.966958,24.733136],[120.96699,24.733172],[120.966974,24.733187],[120.966991,24.733211],[120.966932,24.733258],[120.967011,24.73336],[120.967208,24.733584],[120.967337,24.733743],[120.967552,24.733987],[120.967692,24.734155],[120.967767,24.734219],[120.967871,24.734278]]]}},{"type":"Feature","properties":{"id":"700bb398c123","name":"新竹縣寶山鄉雙溪國民小學","level":"國小","basis":"both","data_ym":"202308"},"geometry":{"type":"Polygon","coordinates":[[[120.99062,24.765524],[120.990564,24.765485],[120.990287,24.765714],[120.990248,24.76575],[120.990134,24.765904],[120.989853,24.765934],[120.989487,24.766038],[120.989031,24.76606],[120.989045,24.767138],[120.989144,24.767147],[120.98962,24.767277],[120.990392,24.767513],[120.99054,24.767227],[120.990558,24.767127],[120.990559,24.767015],[120.990794,24.767008],[120.990794,24.766779],[120.990723,24.766717],[120.990638,24.766666],[120.990663,24.7666],[120.990709,24.766344],[120.990776,24.766291],[120.99076,24.765958],[120.990709,24.765954],[120.990726,24.765586],[120.99062,24.765524]]]}},{"type":"Feature","properties":{"id":"de60a975d427","name":"新竹縣寶山鄉寶山國民小學","level":"國小","basis":"both","data_ym":"202307"},"geometry":{"type":"Polygon","coordinates":[[[121.0222,24.741491],[121.022256,24.740961],[121.022517,24.740974],[121.022528,24.739791],[121.02185,24.739765],[121.02183,24.739672],[121.021805,24.739663],[121.021672,24.739757],[121.021637,24.739796],[121.021615,24.739833],[121.021595,24.73989],[121.021577,24.739997],[121.021567,24.740392],[121.021591,24.740648],[121.021554,24.741051],[121.021513,24.74138],[121.021505,24.741418],[121.021517,24.741425],[121.0222,24.741491]]]}},{"type":"Feature","properties":{"id":"bc109b25c044","name":"新竹縣寶山鄉寶山國民小學山湖分校","level":"大專","basis":"branch","data_ym":"201901"},"geometry":{"type":"Polygon","coordinates":[[[121.03966,24.745325],[121.039621,24.745089],[121.039686,24.744989],[121.039809,24.744915],[121.039845,24.744909],[121.040001,24.744986],[121.040056,24.744952],[121.039965,24.744893],[121.039967,24.744907],[121.039957,24.744912],[121.039855,24.744848],[121.039807,24.744836],[121.039708,24.74483],[121.039637,24.744869],[121.039548,24.744927],[121.03943,24.744972],[121.039218,24.745102],[121.039141,24.745002],[121.039015,24.745079],[121.038582,24.745374],[121.038674,24.745474],[121.038721,24.74556],[121.038739,24.745621],[121.038762,24.745672],[121.038953,24.745972],[121.039764,24.745494],[121.03966,24.745325]]]}}]}