{"type":"FeatureCollection","county":"桃園市","features":[{"type":"Feature","properties":{"id":"26cbb59b956d","name":"中原大學","level":"大專","basis":"both","data_ym":"202510"},"geometry":{"type":"Polygon","coordinates":[[[121.241627,24.957987],[121.24295,24.957722],[121.24297,24.957735],[121.242982,24.957723],[121.242981,24.957659],[121.242955,24.957442],[121.243091,24.957393],[121.24377,24.958128],[121.244145,24.957848],[121.244449,24.957645],[121.24447,24.957573],[121.244786,24.957367],[121.24476,24.957252],[121.244721,24.957169],[121.244645,24.957147],[121.244593,24.957019],[121.244563,24.956923],[121.244635,24.956919],[121.244727,24.956708],[121.244968,24.956695],[121.245064,24.956624],[121.245138,24.956544],[121.245246,24.9564],[121.245361,24.956231],[121.245379,24.956194],[121.245362,24.956116],[121.245361,24.956035],[121.245304,24.956033],[121.245314,24.955873],[121.245314,24.955745],[121.245301,24.955715],[121.245196,24.955372],[121.244972,24.955439],[121.244927,24.955446],[121.24491,24.955445],[121.244889,24.955427],[121.244807,24.95526],[121.244781,24.955248],[121.244435,24.95536],[121.244391,24.955351],[121.244144,24.95544],[121.244114,24.955457],[121.244063,24.955667],[121.243929,24.955666],[121.243819,24.955687],[121.243787,24.955707],[121.243755,24.955783],[121.243637,24.955831],[121.24343,24.955467],[121.243414,24.955429],[121.24336,24.955403],[121.243212,24.955355],[121.243196,24.955342],[121.242754,24.954917],[121.242709,24.954919],[121.241965,24.955475],[121.241592,24.955849],[121.241629,24.955877],[121.241605,24.955903],[121.241619,24.955915],[121.241588,24.955944],[121.241597,24.955954],[121.241463,24.956088],[121.241508,24.956151],[121.241534,24.9562],[121.241538,24.956217],[121.241548,24.956554],[121.240759,24.956948],[121.240705,24.956952],[121.240682,24.957002],[121.240399,24.957144],[121.240347,24.957269],[121.240293,24.957248],[121.240173,24.957475],[121.240121,24.957455],[121.240009,24.957708],[121.240061,24.957755],[121.240053,24.957829],[121.24007,24.957907],[121.24012,24.95805],[121.240184,24.958394],[121.240221,24.958822],[121.240203,24.959236],[121.241467,24.959249],[121.241704,24.959231],[121.24224,24.959126],[121.242615,24.959048],[121.242625,24.959042],[121.242648,24.959016],[121.242661,24.958987],[121.242664,24.958971],[121.242659,24.958889],[121.242655,24.958844],[121.242639,24.958787],[121.242606,24.958712],[121.242571,24.958679],[121.242499,24.958631],[121.242105,24.958435],[121.241627,24.958071],[121.241627,24.957987]]]}},{"type":"Feature","properties":{"id":"c413e39bf21c","name":"中原大學1","level":"大專","basis":"both","data_ym":"202510"},"geometry":{"type":"Polygon","coordinates":[[[121.244928,24.961412],[121.245635,24.960677],[121.245869,24.960867],[121.245924,24.960809],[121.245897,24.960801],[121.245646,24.960605],[121.246225,24.960004],[121.246194,24.959898],[121.246191,24.959672],[121.246193,24.9594],[121.246171,24.959231],[121.246166,24.959215],[121.24615,24.95898],[121.246247,24.958975],[121.246282,24.95898],[121.246807,24.958947],[121.246822,24.958937],[121.246846,24.958753],[121.246843,24.958709],[121.246545,24.957832],[121.24646,24.957573],[121.246415,24.957578],[121.246288,24.957231],[121.246221,24.957249],[121.246047,24.957309],[121.245184,24.957774],[121.245073,24.957861],[121.245072,24.958597],[121.245059,24.958668],[121.245403,24.958702],[121.245336,24.959124],[121.245255,24.959771],[121.245255,24.959826],[121.24551,24.959856],[121.245538,24.959877],[121.245513,24.960022],[121.245311,24.9604],[121.245086,24.960718],[121.245045,24.960821],[121.244781,24.960902],[121.244791,24.961164],[121.244812,24.961247],[121.244844,24.961316],[121.244901,24.961387],[121.244928,24.961412]]]}},{"type":"Feature","properties":{"id":"e03a8e9dfd1f","name":"中原大學2","level":"大專","basis":"both","data_ym":"202510"},"geometry":{"type":"Polygon","coordinates":[[[121.244007,24.960319],[121.243657,24.960322],[121.242899,24.960414],[121.242871,24.960407],[121.242832,24.960273],[121.242779,24.959931],[121.242679,24.959385],[121.242669,24.959131],[121.242611,24.959146],[121.241723,24.95932],[121.241628,24.959336],[121.241494,24.959343],[121.240304,24.959331],[121.240302,24.959407],[121.240233,24.959406],[121.240228,24.959723],[121.240236,24.959852],[121.240225,24.960059],[121.240487,24.960213],[121.240515,24.960173],[121.241682,24.960894],[121.241729,24.960846],[121.241763,24.960894],[121.242171,24.961197],[121.242759,24.961671],[121.242778,24.961709],[121.242773,24.961755],[121.243078,24.962014],[121.243527,24.962412],[121.243988,24.96279],[121.244981,24.961774],[121.244791,24.96161],[121.24488,24.961515],[121.244849,24.961492],[121.244789,24.961421],[121.244747,24.961361],[121.244702,24.961265],[121.244657,24.961113],[121.244651,24.961082],[121.244662,24.960928],[121.244683,24.960731],[121.24473,24.960349],[121.244575,24.960351],[121.244491,24.960834],[121.244378,24.960814],[121.244117,24.960687],[121.244266,24.960323],[121.244007,24.960319]]]}},{"type":"Feature","properties":{"id":"9b5431b4ffab","name":"中國科技大學新竹校區","level":"大專","basis":"branch","data_ym":"202510"},"geometry":{"type":"Polygon","coordinates":[[[121.058658,24.914868],[121.058681,24.914912],[121.058817,24.915233],[121.059007,24.915659],[121.059027,24.915643],[121.058997,24.915586],[121.058934,24.91544],[121.058694,24.91487],[121.058658,24.914868]]]}},{"type":"Feature","properties":{"id":"ebf784055635","name":"中華民國中央警察大學","level":"大專","basis":"name","data_ym":"202510"},"geometry":{"type":"Polygon","coordinates":[[[121.354131,25.048333],[121.354134,25.048129],[121.354176,25.047213],[121.35424,25.046274],[121.354263,25.045827],[121.35422,25.045781],[121.353206,25.04567],[121.352748,25.045613],[121.352682,25.045648],[121.35204,25.045554],[121.351916,25.045493],[121.351861,25.045472],[121.351562,25.045433],[121.350925,25.045298],[121.350848,25.045269],[121.350725,25.045211],[121.350445,25.045044],[121.350226,25.044905],[121.35019,25.044953],[121.350005,25.045158],[121.34985,25.045258],[121.349607,25.045489],[121.349511,25.045477],[121.349469,25.045668],[121.349474,25.045786],[121.349496,25.045855],[121.349529,25.045929],[121.349608,25.046037],[121.349901,25.046296],[121.349875,25.046428],[121.349914,25.04645],[121.349928,25.046469],[121.349936,25.046494],[121.349939,25.046527],[121.349931,25.046572],[121.349927,25.046567],[121.349882,25.046551],[121.349795,25.046544],[121.349771,25.046545],[121.349732,25.046569],[121.349689,25.046637],[121.349685,25.046659],[121.349686,25.04668],[121.349693,25.046701],[121.349706,25.046715],[121.349735,25.046736],[121.349759,25.04679],[121.349766,25.046845],[121.349776,25.046861],[121.349817,25.046895],[121.349866,25.046922],[121.350015,25.046963],[121.35007,25.046972],[121.350119,25.046974],[121.350125,25.04697],[121.350154,25.047389],[121.350183,25.047477],[121.350214,25.047527],[121.350311,25.047626],[121.350346,25.047649],[121.350559,25.047706],[121.350523,25.047948],[121.350973,25.048027],[121.350987,25.047955],[121.351267,25.047986],[121.351314,25.048015],[121.351337,25.048117],[121.351321,25.048328],[121.351593,25.048301],[121.351716,25.048296],[121.351846,25.048303],[121.35203,25.048333],[121.352217,25.04837],[121.352256,25.048381],[121.352296,25.048408],[121.353044,25.049113],[121.353139,25.049194],[121.353439,25.049233],[121.353707,25.049234],[121.354043,25.049271],[121.35408,25.049191],[121.354096,25.04914],[121.354107,25.049049],[121.354131,25.048333]]]}},{"type":"Feature","properties":{"id":"44ce75360fbb","name":"中華福音神學研究學院","level":"大專","basis":"name","data_ym":"202510"},"geometry":{"type":"Polygon","coordinates":[[[121.316229,24.954676],[121.316611,24.954666],[121.316748,24.954673],[121.316817,24.954671],[121.316927,24.95465],[121.31699,24.954626],[121.317027,24.954604],[121.31706,24.954575],[121.317174,24.954509],[121.317261,24.954441],[121.317362,24.95434],[121.317446,24.954222],[121.31759,24.954049],[121.317608,24.953942],[121.317669,24.953652],[121.31768,24.953514],[121.317673,24.95335],[121.317643,24.953322],[121.317542,24.953252],[121.317488,24.953243],[121.316979,24.953244],[121.316817,24.953249],[121.316739,24.953259],[121.316498,24.953344],[121.31581,24.95355],[121.315978,24.953975],[121.315952,24.95399],[121.316014,24.954157],[121.316036,24.954151],[121.316229,24.954676]]]}},{"type":"Feature","properties":{"id":"37f7da8f1448","name":"元智大學","level":"大專","basis":"both","data_ym":"202510"},"geometry":{"type":"Polygon","coordinates":[[[121.264467,24.971312],[121.264917,24.970512],[121.264891,24.970516],[121.264859,24.970504],[121.264848,24.970495],[121.264843,24.970488],[121.264838,24.970453],[121.264841,24.970426],[121.264858,24.970393],[121.264744,24.970325],[121.264734,24.970301],[121.264733,24.970265],[121.26483,24.970267],[121.264845,24.970279],[121.265111,24.970424],[121.266731,24.970845],[121.267971,24.971175],[121.268058,24.971189],[121.268424,24.97117],[121.268422,24.970991],[121.268633,24.970948],[121.268772,24.970887],[121.268929,24.970743],[121.269019,24.970627],[121.26913,24.970471],[121.268911,24.970229],[121.268802,24.970038],[121.268989,24.968207],[121.269,24.968171],[121.269302,24.968138],[121.269251,24.967317],[121.26954,24.967274],[121.269502,24.966923],[121.269812,24.966898],[121.269777,24.966778],[121.269741,24.966747],[121.269707,24.966683],[121.269663,24.966516],[121.26965,24.96642],[121.269548,24.966484],[121.26948,24.966516],[121.269436,24.966517],[121.26926,24.966483],[121.269026,24.966337],[121.268861,24.966227],[121.268701,24.966095],[121.268582,24.965961],[121.268531,24.965898],[121.268423,24.965837],[121.268325,24.965901],[121.268283,24.965822],[121.268002,24.96552],[121.267855,24.965321],[121.267763,24.965068],[121.267687,24.965078],[121.267539,24.965076],[121.267179,24.965057],[121.267137,24.965143],[121.267144,24.965244],[121.267286,24.965825],[121.266899,24.966092],[121.266967,24.966168],[121.267325,24.966661],[121.26732,24.966663],[121.267363,24.96674],[121.267716,24.966619],[121.267702,24.966587],[121.26777,24.966573],[121.267848,24.966572],[121.267887,24.966574],[121.267918,24.966583],[121.267938,24.966594],[121.267974,24.96664],[121.267995,24.96669],[121.268003,24.966771],[121.268066,24.966987],[121.268068,24.967162],[121.266385,24.967391],[121.266406,24.967599],[121.265628,24.967614],[121.265598,24.967641],[121.265518,24.967654],[121.265513,24.967797],[121.265518,24.967828],[121.2656,24.967866],[121.265714,24.968126],[121.265757,24.968108],[121.265816,24.968202],[121.265749,24.96835],[121.265798,24.968484],[121.266023,24.968599],[121.266164,24.968646],[121.266119,24.968974],[121.26608,24.969173],[121.265995,24.969433],[121.265782,24.969574],[121.265706,24.969672],[121.26558,24.969769],[121.265496,24.969817],[121.265406,24.969847],[121.26525,24.969867],[121.265121,24.969869],[121.264967,24.969856],[121.264934,24.969871],[121.264924,24.969889],[121.264893,24.970001],[121.264816,24.970001],[121.264844,24.969918],[121.265064,24.969095],[121.265209,24.968885],[121.265354,24.968636],[121.265391,24.968552],[121.265398,24.968486],[121.265208,24.968283],[121.265168,24.968163],[121.265107,24.967928],[121.265073,24.967769],[121.264869,24.967671],[121.264877,24.96766],[121.264807,24.967631],[121.264668,24.967884],[121.264628,24.967867],[121.264489,24.968114],[121.263993,24.96787],[121.263798,24.968187],[121.263747,24.968288],[121.263317,24.969039],[121.263361,24.969168],[121.263403,24.969329],[121.26341,24.969371],[121.263408,24.969423],[121.263311,24.969946],[121.263251,24.970322],[121.262997,24.971811],[121.26432,24.972011],[121.264349,24.971834],[121.264438,24.971401],[121.264467,24.971312]]]}},{"type":"Feature","properties":{"id":"27a7d2cce143","name":"行政院國軍退除役官兵輔導委員會訓練中心第一校區","level":"大專","basis":"branch","data_ym":"202510"},"geometry":{"type":"Polygon","coordinates":[[[121.327068,25.002013],[121.327066,25.001984],[121.327083,25.001899],[121.327074,25.001873],[121.327057,25.001851],[121.326967,25.001763],[121.326887,25.001707],[121.326559,25.001451],[121.326462,25.00136],[121.326434,25.001315],[121.326426,25.001296],[121.326434,25.001291],[121.326403,25.001139],[121.326277,25.000842],[121.326244,25.000713],[121.326153,25.000719],[121.325938,25.000811],[121.325577,25.000448],[121.325124,25.000275],[121.324928,25.000237],[121.324735,25.00047],[121.324646,25.000603],[121.324596,25.000698],[121.324549,25.000799],[121.324451,25.001055],[121.324222,25.001617],[121.324909,25.001882],[121.325614,25.002138],[121.325989,25.002192],[121.326055,25.002164],[121.326109,25.002032],[121.326468,25.002317],[121.327068,25.002013]]]}},{"type":"Feature","properties":{"id":"029a1097f7ee","name":"行政院國軍退除役官兵輔導委員會訓練中心第二校區","level":"大專","basis":"branch","data_ym":"202510"},"geometry":{"type":"Polygon","coordinates":[[[121.324452,25.000576],[121.324701,25.000227],[121.324513,25.000158],[121.324408,25.000106],[121.324264,25.000001],[121.324134,25.000229],[121.324088,25.000206],[121.323744,25.00058],[121.323637,25.000718],[121.32353,25.000844],[121.323397,25.00099],[121.323287,25.001101],[121.323162,25.001259],[121.323103,25.001311],[121.323057,25.001363],[121.322921,25.001582],[121.32283,25.001751],[121.322771,25.001883],[121.322621,25.002341],[121.322812,25.002413],[121.323722,25.002695],[121.323771,25.002677],[121.323778,25.002461],[121.323787,25.002373],[121.323804,25.002235],[121.323836,25.002106],[121.323928,25.001858],[121.324077,25.001495],[121.324274,25.000986],[121.324317,25.000862],[121.324385,25.00071],[121.324452,25.000576]]]}},{"type":"Feature","properties":{"id":"9c5dc5ee4867","name":"行政院國軍退除役官兵輔導委員會訓練中心第三校區(技能訓練檢定場)","level":"其他","basis":"none","data_ym":"202510"},"geometry":{"type":"Polygon","coordinates":[[[121.323782,25.002816],[121.323746,25.002806],[121.323653,25.002816],[121.322853,25.002562],[121.322753,25.002633],[121.32261,25.002665],[121.322544,25.003067],[121.322456,25.003523],[121.322341,25.004066],[121.322216,25.004332],[121.322408,25.004412],[121.322355,25.004516],[121.322443,25.004557],[121.322574,25.004448],[121.322967,25.004166],[121.323626,25.003726],[121.32383,25.003577],[121.323836,25.00346],[121.323869,25.003288],[121.323885,25.003284],[121.323782,25.002816]]]}},{"type":"Feature","properties":{"id":"7267cce28a36","name":"長庚大學","level":"大專","basis":"both","data_ym":"202109"},"geometry":{"type":"Polygon","coordinates":[[[121.39118,25.030302],[121.391127,25.030336],[121.391151,25.030377],[121.391234,25.030456],[121.391271,25.030483],[121.39153,25.030615],[121.391582,25.030649],[121.391681,25.030732],[121.391902,25.030989],[121.391889,25.030997],[121.391721,25.030827],[121.391613,25.030754],[121.391533,25.030715],[121.391344,25.030656],[121.391047,25.030595],[121.390537,25.030803],[121.390527,25.03097],[121.390534,25.030972],[121.390541,25.030986],[121.390541,25.03104],[121.390455,25.03119],[121.39035,25.031357],[121.39038,25.031372],[121.390375,25.031384],[121.390373,25.031427],[121.390391,25.031528],[121.390387,25.031559],[121.390361,25.031605],[121.390338,25.031632],[121.389781,25.032055],[121.389615,25.032158],[121.389537,25.032216],[121.389375,25.032325],[121.389357,25.032351],[121.389317,25.032388],[121.387809,25.033552],[121.387753,25.033565],[121.387712,25.033559],[121.387416,25.033434],[121.387373,25.033427],[121.387337,25.033416],[121.387159,25.033328],[121.387032,25.033487],[121.386825,25.033695],[121.386759,25.033744],[121.386626,25.033826],[121.386564,25.033859],[121.386407,25.033925],[121.386373,25.033949],[121.386354,25.033972],[121.386346,25.033992],[121.386378,25.034411],[121.386368,25.034603],[121.386334,25.034812],[121.386317,25.034884],[121.386273,25.035026],[121.386574,25.035487],[121.387012,25.035487],[121.387127,25.035652],[121.387327,25.035713],[121.387777,25.035782],[121.387818,25.035596],[121.388704,25.035676],[121.388652,25.035828],[121.388712,25.03596],[121.388699,25.036211],[121.389045,25.03674],[121.389258,25.03671],[121.389523,25.036645],[121.38989,25.036545],[121.389891,25.036536],[121.389685,25.036514],[121.389498,25.036561],[121.38941,25.036572],[121.38924,25.036583],[121.389209,25.036575],[121.389223,25.036551],[121.389242,25.036558],[121.389405,25.036547],[121.389665,25.036488],[121.389899,25.036498],[121.390187,25.036391],[121.390328,25.036329],[121.390404,25.036281],[121.390198,25.036048],[121.39226,25.03441],[121.393198,25.033072],[121.393265,25.032917],[121.393284,25.032735],[121.393287,25.032667],[121.393298,25.03261],[121.393322,25.032562],[121.393373,25.032494],[121.392756,25.031929],[121.392682,25.031681],[121.393561,25.031174],[121.393324,25.030858],[121.392922,25.031066],[121.392635,25.031008],[121.392462,25.031112],[121.392226,25.030814],[121.392242,25.030798],[121.392236,25.030758],[121.392222,25.030734],[121.392191,25.030704],[121.392167,25.030689],[121.392146,25.030683],[121.392031,25.030565],[121.391785,25.03077],[121.391809,25.030811],[121.39178,25.030775],[121.391652,25.030644],[121.391531,25.030562],[121.391283,25.030418],[121.391241,25.030387],[121.3912,25.030342],[121.39118,25.030302]]]}},{"type":"Feature","properties":{"id":"fbf7c2a00fc3","name":"長庚科技大學林口校區","level":"大專","basis":"branch","data_ym":"202510"},"geometry":{"type":"Polygon","coordinates":[[[121.39118,25.030302],[121.391219,25.030293],[121.39109,25.029767],[121.390883,25.029712],[121.390738,25.029684],[121.390433,25.029481],[121.390224,25.029244],[121.390124,25.029019],[121.390072,25.028917],[121.39002,25.028955],[121.389628,25.029089],[121.388928,25.029365],[121.388762,25.029418],[121.388562,25.029383],[121.388189,25.029821],[121.388184,25.029832],[121.388187,25.029855],[121.388308,25.030044],[121.388349,25.030116],[121.388404,25.030228],[121.388429,25.030289],[121.388449,25.030359],[121.38846,25.030419],[121.388465,25.030489],[121.388461,25.030529],[121.388451,25.030573],[121.388421,25.03066],[121.388393,25.030717],[121.388295,25.030867],[121.388279,25.0309],[121.388258,25.03095],[121.388242,25.031006],[121.388233,25.031068],[121.388234,25.031136],[121.388245,25.031211],[121.388257,25.031255],[121.388324,25.03143],[121.388348,25.031544],[121.388355,25.031649],[121.388353,25.031687],[121.388342,25.031821],[121.38833,25.031891],[121.388289,25.031976],[121.388201,25.032099],[121.387605,25.03279],[121.387159,25.033328],[121.387337,25.033416],[121.387373,25.033427],[121.387416,25.033434],[121.387712,25.033559],[121.387753,25.033565],[121.387809,25.033552],[121.389317,25.032388],[121.389357,25.032351],[121.389375,25.032325],[121.389537,25.032216],[121.389615,25.032158],[121.389781,25.032055],[121.390338,25.031632],[121.390361,25.031605],[121.390387,25.031559],[121.390391,25.031528],[121.390373,25.031427],[121.390375,25.031384],[121.39038,25.031372],[121.39035,25.031357],[121.390455,25.03119],[121.390541,25.03104],[121.390541,25.030986],[121.390534,25.030972],[121.390527,25.03097],[121.390537,25.030803],[121.391047,25.030595],[121.391344,25.030656],[121.391533,25.030715],[121.391613,25.030754],[121.391721,25.030827],[121.391889,25.030997],[121.391902,25.030989],[121.391681,25.030732],[121.391582,25.030649],[121.39153,25.030615],[121.391271,25.030483],[121.391234,25.030456],[121.391151,25.030377],[121.391127,25.030336],[121.39118,25.030302]]]}},{"type":"Feature","properties":{"id":"73448dc1f6a5","name":"南亞技術學院","level":"大專","basis":"both","data_ym":"202510"},"geometry":{"type":"Polygon","coordinates":[[[121.251975,24.936006],[121.251361,24.934961],[121.251315,24.934875],[121.249571,24.935035],[121.249557,24.935041],[121.249535,24.935059],[121.249513,24.935091],[121.249534,24.936181],[121.249583,24.936179],[121.249586,24.936214],[121.249929,24.936167],[121.250116,24.936149],[121.25033,24.936149],[121.250478,24.936144],[121.250789,24.936193],[121.250851,24.936228],[121.250853,24.936246],[121.250983,24.936324],[121.250993,24.936325],[121.251001,24.936317],[121.251094,24.936365],[121.251133,24.93648],[121.251165,24.936486],[121.251167,24.936572],[121.251282,24.936921],[121.251333,24.936997],[121.251369,24.937114],[121.251389,24.937282],[121.25138,24.937377],[121.25133,24.937687],[121.251642,24.937588],[121.252006,24.937495],[121.252642,24.937229],[121.253311,24.936965],[121.253368,24.936896],[121.253184,24.936195],[121.252505,24.936325],[121.252352,24.936388],[121.251975,24.936006]]]}},{"type":"Feature","properties":{"id":"96fb309dc94f","name":"桃園市八德區八德國民小學","level":"國小","basis":"both","data_ym":"201901"},"geometry":{"type":"Polygon","coordinates":[[[121.28438,24.92904],[121.284406,24.927736],[121.284392,24.927711],[121.283289,24.927551],[121.283278,24.927879],[121.282534,24.927872],[121.28256,24.928009],[121.282449,24.928039],[121.282794,24.928861],[121.283047,24.928949],[121.283046,24.928974],[121.284337,24.929066],[121.28438,24.92904]]]}},{"type":"Feature","properties":{"id":"b1b935b680ea","name":"桃園市八德區大安國民小學","level":"國小","basis":"both","data_ym":"202510"},"geometry":{"type":"Polygon","coordinates":[[[121.315939,24.956206],[121.31596,24.956162],[121.316068,24.956023],[121.316098,24.955961],[121.316175,24.95574],[121.316237,24.955522],[121.316093,24.955495],[121.315243,24.955576],[121.315103,24.955587],[121.314859,24.955598],[121.314826,24.95563],[121.314583,24.955907],[121.31454,24.955934],[121.314456,24.955973],[121.314568,24.95618],[121.314619,24.956176],[121.314623,24.956199],[121.314647,24.956197],[121.314653,24.956415],[121.314639,24.956653],[121.314644,24.956675],[121.314663,24.956694],[121.314698,24.956711],[121.314886,24.956627],[121.315007,24.956584],[121.315193,24.956543],[121.315669,24.956478],[121.315878,24.95635],[121.315891,24.956335],[121.315911,24.95629],[121.315939,24.956206]]]}},{"type":"Feature","properties":{"id":"b0b3cf8481fc","name":"桃園市八德區大成國民小學","level":"國小","basis":"both","data_ym":"202510"},"geometry":{"type":"Polygon","coordinates":[[[121.298373,24.958635],[121.298528,24.958608],[121.298532,24.958634],[121.299022,24.958549],[121.299008,24.958463],[121.299005,24.958463],[121.298985,24.958312],[121.298981,24.958313],[121.298959,24.958181],[121.298963,24.95818],[121.298959,24.958147],[121.298954,24.958142],[121.298914,24.957883],[121.2989,24.957884],[121.298898,24.957871],[121.298792,24.957882],[121.29878,24.957793],[121.298678,24.957804],[121.298682,24.957829],[121.29862,24.957834],[121.298602,24.957698],[121.298611,24.957697],[121.298608,24.957677],[121.298601,24.957677],[121.298627,24.957546],[121.298347,24.957462],[121.297557,24.957238],[121.296429,24.956907],[121.29638,24.95696],[121.296424,24.957031],[121.296614,24.957271],[121.296978,24.957748],[121.297243,24.958081],[121.297308,24.958186],[121.29742,24.958332],[121.297614,24.958508],[121.297695,24.958573],[121.297723,24.958588],[121.297789,24.958585],[121.297835,24.958614],[121.297886,24.958756],[121.298369,24.958672],[121.298363,24.95864],[121.298373,24.958635]]]}},{"type":"Feature","properties":{"id":"13dfb27c7b7f","name":"桃園市八德區大忠國民小學","level":"國小","basis":"both","data_ym":"202510"},"geometry":{"type":"Polygon","coordinates":[[[121.300927,24.960289],[121.301053,24.960244],[121.301055,24.960253],[121.301075,24.960249],[121.301078,24.960262],[121.301097,24.960257],[121.301105,24.960284],[121.30152,24.960099],[121.301063,24.958983],[121.300985,24.95879],[121.300988,24.958789],[121.300929,24.958639],[121.300924,24.958641],[121.300816,24.958373],[121.300778,24.958347],[121.300707,24.958349],[121.300186,24.958412],[121.300362,24.959528],[121.30051,24.960407],[121.30052,24.96041],[121.300904,24.960359],[121.300926,24.960335],[121.300931,24.960321],[121.300927,24.960289]]]}},{"type":"Feature","properties":{"id":"b042a44daac2","name":"桃園市八德區大勇國民小學","level":"國小","basis":"both","data_ym":"202510"},"geometry":{"type":"Polygon","coordinates":[[[121.304917,24.967964],[121.304484,24.967606],[121.304448,24.967572],[121.304313,24.967465],[121.303739,24.967462],[121.303734,24.96759],[121.303735,24.967885],[121.303475,24.96789],[121.303476,24.968078],[121.303491,24.968095],[121.303492,24.968248],[121.303471,24.968261],[121.303482,24.969069],[121.303486,24.969076],[121.305172,24.969158],[121.305278,24.968279],[121.304917,24.967964]]]}},{"type":"Feature","properties":{"id":"9303baf99de3","name":"桃園市八德區茄苳國民小學","level":"國小","basis":"both","data_ym":"202510"},"geometry":{"type":"Polygon","coordinates":[[[121.278507,24.96452],[121.278536,24.964261],[121.278299,24.964279],[121.278194,24.964267],[121.277794,24.964258],[121.277631,24.964299],[121.27764,24.964182],[121.277207,24.964112],[121.277136,24.96413],[121.276716,24.964319],[121.276696,24.964408],[121.276529,24.964369],[121.276504,24.964479],[121.276535,24.964484],[121.276471,24.96471],[121.277487,24.964928],[121.277481,24.964953],[121.278225,24.965091],[121.278296,24.965011],[121.278359,24.964929],[121.278448,24.964767],[121.278477,24.964668],[121.278507,24.96452]]]}},{"type":"Feature","properties":{"id":"1ecc3830b267","name":"桃園市八德區瑞豐國民小學","level":"國小","basis":"both","data_ym":"201901"},"geometry":{"type":"Polygon","coordinates":[[[121.300374,24.936639],[121.30062,24.936098],[121.300695,24.935883],[121.30077,24.935693],[121.300827,24.935588],[121.299823,24.935345],[121.299781,24.935315],[121.299095,24.935152],[121.29909,24.935251],[121.298607,24.935083],[121.29856,24.935105],[121.298514,24.935499],[121.298495,24.935737],[121.298474,24.936065],[121.298486,24.936089],[121.298527,24.936111],[121.298926,24.936261],[121.29893,24.936159],[121.299026,24.936184],[121.299215,24.936245],[121.299676,24.936405],[121.300357,24.936627],[121.300374,24.936639]]]}},{"type":"Feature","properties":{"id":"59fac584cd3d","name":"桃園市八德區廣興國民小學","level":"國小","basis":"both","data_ym":"202109"},"geometry":{"type":"Polygon","coordinates":[[[121.282691,24.944912],[121.282395,24.944791],[121.282158,24.944827],[121.282264,24.94537],[121.281945,24.945423],[121.281932,24.9455],[121.282259,24.945688],[121.282891,24.945353],[121.282823,24.945188],[121.282691,24.944912]]]}},{"type":"Feature","properties":{"id":"eae34b640001","name":"桃園市八德區霄裡國民小學","level":"國小","basis":"both","data_ym":"202510"},"geometry":{"type":"Polygon","coordinates":[[[121.264424,24.93611],[121.264353,24.936271],[121.264464,24.936311],[121.264453,24.936339],[121.263808,24.936122],[121.263654,24.93652],[121.263823,24.936584],[121.263812,24.936616],[121.263912,24.936866],[121.264037,24.936916],[121.264648,24.937128],[121.264735,24.937234],[121.265161,24.936952],[121.265254,24.93675],[121.265335,24.93677],[121.265379,24.93677],[121.265409,24.936764],[121.265849,24.936476],[121.265863,24.936453],[121.265858,24.936436],[121.265684,24.936202],[121.265647,24.936234],[121.265315,24.936331],[121.265198,24.936304],[121.26458,24.936127],[121.264567,24.936159],[121.264424,24.93611]]]}},{"type":"Feature","properties":{"id":"6a43e37b3af6","name":"桃園市大園區大園國民小學","level":"國小","basis":"both","data_ym":"201901"},"geometry":{"type":"Polygon","coordinates":[[[121.202999,25.061278],[121.203191,25.061087],[121.203152,25.060576],[121.20311,25.060423],[121.203106,25.060189],[121.203132,25.059857],[121.20315,25.059838],[121.203143,25.059715],[121.20317,25.059518],[121.203151,25.059495],[121.203143,25.059477],[121.203186,25.059399],[121.203389,25.0594],[121.203446,25.059304],[121.20354,25.059023],[121.203055,25.058598],[121.202154,25.059149],[121.201722,25.059323],[121.20171,25.059342],[121.201566,25.059393],[121.201543,25.059378],[121.201341,25.059457],[121.201179,25.059537],[121.201177,25.059562],[121.201378,25.06011],[121.20142,25.060292],[121.201608,25.061181],[121.201757,25.061163],[121.201765,25.061224],[121.202057,25.061244],[121.202449,25.061321],[121.202714,25.061296],[121.202749,25.061285],[121.202999,25.061278]]]}},{"type":"Feature","properties":{"id":"fac6ef2a07fa","name":"桃園市大園區五權國民小學","level":"國小","basis":"both","data_ym":"201901"},"geometry":{"type":"Polygon","coordinates":[[[121.231561,25.023489],[121.231573,25.023258],[121.231434,25.023259],[121.231417,25.023451],[121.231253,25.023427],[121.230853,25.023319],[121.230855,25.024274],[121.231069,25.024335],[121.231232,25.024373],[121.231439,25.024452],[121.231786,25.024559],[121.232138,25.023627],[121.231925,25.023563],[121.231561,25.023489]]]}},{"type":"Feature","properties":{"id":"cab76591d28e","name":"桃園市大園區內海國民小學","level":"國小","basis":"both","data_ym":"201901"},"geometry":{"type":"Polygon","coordinates":[[[121.191694,25.086279],[121.191682,25.086271],[121.191649,25.086272],[121.191517,25.086188],[121.191206,25.086002],[121.191089,25.085919],[121.19097,25.08582],[121.190733,25.086096],[121.190703,25.086171],[121.190671,25.086163],[121.190399,25.08655],[121.190426,25.086609],[121.19046,25.086658],[121.190579,25.086791],[121.190663,25.086875],[121.190709,25.086912],[121.190729,25.086926],[121.191012,25.087041],[121.191171,25.087125],[121.191244,25.087159],[121.191694,25.086279]]]}},{"type":"Feature","properties":{"id":"4e4f1d790d38","name":"桃園市大園區竹圍國民小學","level":"國小","basis":"both","data_ym":"202503"},"geometry":{"type":"Polygon","coordinates":[[[121.24471,25.10448],[121.244908,25.104135],[121.245195,25.103558],[121.244435,25.103289],[121.24406,25.104185],[121.244189,25.104225],[121.244195,25.104213],[121.244315,25.104249],[121.244277,25.104341],[121.24471,25.10448]]]}},{"type":"Feature","properties":{"id":"76d6f64c7345","name":"桃園市大園區埔心國民小學","level":"國小","basis":"both","data_ym":"202510"},"geometry":{"type":"Polygon","coordinates":[[[121.226183,25.049699],[121.226187,25.049693],[121.226195,25.049697],[121.226272,25.04969],[121.226532,25.049374],[121.226686,25.04895],[121.226517,25.048745],[121.226353,25.048534],[121.226296,25.04851],[121.226258,25.04848],[121.226167,25.048525],[121.226024,25.048334],[121.2258,25.048212],[121.225709,25.048128],[121.22459,25.048835],[121.224584,25.048848],[121.224585,25.048863],[121.224812,25.049162],[121.224868,25.049246],[121.224897,25.049301],[121.225027,25.04939],[121.225184,25.04948],[121.225416,25.049545],[121.225842,25.049626],[121.225855,25.049645],[121.225861,25.049639],[121.225886,25.049644],[121.226144,25.049706],[121.226183,25.049699]]]}},{"type":"Feature","properties":{"id":"3073f8e14b38","name":"桃園市大園區菓林國民小學","level":"國小","basis":"both","data_ym":"201901"},"geometry":{"type":"Polygon","coordinates":[[[121.256438,25.07774],[121.25648,25.077592],[121.256721,25.077643],[121.256811,25.077129],[121.256864,25.076907],[121.256933,25.076573],[121.256983,25.07628],[121.257017,25.076111],[121.255894,25.075966],[121.255699,25.077033],[121.255683,25.07703],[121.255682,25.077035],[121.255589,25.07753],[121.255981,25.077624],[121.256002,25.077611],[121.25612,25.077636],[121.25615,25.077674],[121.256438,25.07774]]]}},{"type":"Feature","properties":{"id":"89e581fcfd35","name":"桃園市大園區溪海國民小學","level":"國小","basis":"both","data_ym":"201901"},"geometry":{"type":"Polygon","coordinates":[[[121.186782,25.047587],[121.186842,25.047511],[121.186936,25.047569],[121.187142,25.047427],[121.187417,25.047164],[121.18692,25.046799],[121.186659,25.046615],[121.186363,25.046393],[121.186351,25.046389],[121.186341,25.046391],[121.186308,25.046431],[121.186205,25.046583],[121.186186,25.046621],[121.186182,25.046633],[121.186174,25.046824],[121.186164,25.046865],[121.186108,25.047029],[121.186106,25.04706],[121.186113,25.047075],[121.186261,25.047279],[121.186274,25.047293],[121.186488,25.047423],[121.186511,25.047441],[121.186737,25.04757],[121.186782,25.047587]]]}},{"type":"Feature","properties":{"id":"4b0aa2e120fb","name":"桃園市大園區潮音國民小學","level":"國小","basis":"both","data_ym":"202510"},"geometry":{"type":"Polygon","coordinates":[[[121.172879,25.064901],[121.172662,25.064854],[121.172643,25.06486],[121.17251,25.065318],[121.172487,25.065459],[121.172488,25.065579],[121.17368,25.06582],[121.174283,25.065962],[121.174224,25.065687],[121.174251,25.065313],[121.173562,25.065145],[121.173487,25.065119],[121.173454,25.065102],[121.173431,25.065087],[121.173387,25.065042],[121.173374,25.065034],[121.173282,25.065006],[121.172879,25.064901]]]}},{"type":"Feature","properties":{"id":"750f913f544a","name":"桃園市大溪區大溪國民小學","level":"國小","basis":"both","data_ym":"201901"},"geometry":{"type":"Polygon","coordinates":[[[121.285591,24.88322],[121.285654,24.88341],[121.285703,24.883397],[121.285715,24.883422],[121.285663,24.88344],[121.285562,24.883465],[121.285372,24.883527],[121.285385,24.883784],[121.285611,24.884378],[121.285809,24.88483],[121.285989,24.885262],[121.28717,24.884849],[121.287172,24.884845],[121.28654,24.883449],[121.286353,24.883514],[121.286229,24.88323],[121.286132,24.883258],[121.286111,24.883201],[121.285922,24.883253],[121.285888,24.88315],[121.285591,24.88322]]]}},{"type":"Feature","properties":{"id":"ce6be7693bd5","name":"桃園市大溪區中興國民小學","level":"國小","basis":"both","data_ym":"201901"},"geometry":{"type":"Polygon","coordinates":[[[121.309871,24.926154],[121.310768,24.925587],[121.310887,24.925481],[121.311179,24.925299],[121.311182,24.925286],[121.311179,24.925275],[121.311133,24.925224],[121.310747,24.925013],[121.310523,24.92487],[121.310089,24.924658],[121.309856,24.924876],[121.309773,24.924935],[121.309706,24.924879],[121.309637,24.924952],[121.309691,24.925077],[121.309871,24.925185],[121.309921,24.925208],[121.31001,24.925289],[121.309754,24.925549],[121.309475,24.925805],[121.309458,24.925818],[121.309369,24.925788],[121.309317,24.925869],[121.309871,24.926154]]]}},{"type":"Feature","properties":{"id":"41e0c2c1a934","name":"桃園市大溪區仁和國民小學","level":"國小","basis":"both","data_ym":"201901"},"geometry":{"type":"Polygon","coordinates":[[[121.27614,24.89963],[121.277286,24.898331],[121.277657,24.897934],[121.278042,24.897491],[121.278043,24.89746],[121.278116,24.897174],[121.278112,24.897149],[121.27783,24.896895],[121.277701,24.897019],[121.277653,24.89696],[121.277375,24.896959],[121.277284,24.89707],[121.277113,24.8973],[121.276609,24.897906],[121.276563,24.897995],[121.276213,24.898408],[121.276179,24.89843],[121.276122,24.898436],[121.276101,24.898459],[121.275495,24.899179],[121.275509,24.899241],[121.276096,24.899663],[121.27614,24.89963]]]}},{"type":"Feature","properties":{"id":"1413f85ee737","name":"桃園市大溪區仁善國民小學","level":"國小","basis":"both","data_ym":"202309"},"geometry":{"type":"Polygon","coordinates":[[[121.279252,24.909458],[121.278923,24.90835],[121.278058,24.908218],[121.278023,24.908479],[121.277973,24.908473],[121.277962,24.908553],[121.277954,24.908553],[121.277917,24.908828],[121.277975,24.908843],[121.27796,24.908926],[121.277928,24.909263],[121.278082,24.909281],[121.278789,24.909382],[121.278869,24.909406],[121.279252,24.909458]]]}},{"type":"Feature","properties":{"id":"161d0182e931","name":"桃園市大溪區內柵國民小學","level":"國小","basis":"both","data_ym":"201901"},"geometry":{"type":"Polygon","coordinates":[[[121.281871,24.856146],[121.282647,24.855934],[121.28268,24.855895],[121.282687,24.855855],[121.282586,24.855631],[121.282581,24.855633],[121.282342,24.855031],[121.281773,24.855199],[121.281198,24.855388],[121.281183,24.855435],[121.281307,24.855742],[121.281391,24.855718],[121.281446,24.855874],[121.281547,24.856137],[121.281665,24.856099],[121.281712,24.856218],[121.281748,24.856196],[121.281871,24.856146]]]}},{"type":"Feature","properties":{"id":"4066ca2538c7","name":"桃園市大溪區永福國民小學","level":"國小","basis":"both","data_ym":"201901"},"geometry":{"type":"Polygon","coordinates":[[[121.326304,24.893345],[121.326534,24.893204],[121.326007,24.892179],[121.325509,24.892367],[121.325294,24.892441],[121.325209,24.892492],[121.325151,24.892533],[121.325113,24.892571],[121.325009,24.892717],[121.324892,24.892946],[121.325165,24.893039],[121.325227,24.89309],[121.325238,24.893125],[121.325241,24.893212],[121.325282,24.893231],[121.325327,24.893269],[121.325381,24.8933],[121.32546,24.893335],[121.325592,24.893374],[121.325661,24.893376],[121.325767,24.893349],[121.325912,24.893293],[121.325937,24.893293],[121.325953,24.893297],[121.325972,24.89331],[121.325996,24.893345],[121.326003,24.893365],[121.326068,24.893462],[121.32631,24.89337],[121.326304,24.893345]]]}},{"type":"Feature","properties":{"id":"fbada184930d","name":"桃園市大溪區田心國民小學","level":"國小","basis":"both","data_ym":"201901"},"geometry":{"type":"Polygon","coordinates":[[[121.292111,24.880047],[121.292079,24.880045],[121.29205,24.880054],[121.291096,24.880675],[121.291997,24.881861],[121.29297,24.881218],[121.292985,24.881191],[121.292984,24.881173],[121.292762,24.880893],[121.292125,24.880055],[121.292111,24.880047]]]}},{"type":"Feature","properties":{"id":"9d8d0062dd22","name":"桃園市大溪區百吉國民小學","level":"國小","basis":"both","data_ym":"202308"},"geometry":{"type":"Polygon","coordinates":[[[121.310724,24.823274],[121.310358,24.823215],[121.310113,24.823243],[121.310139,24.82327],[121.310112,24.823295],[121.310075,24.823352],[121.310631,24.823942],[121.310662,24.823957],[121.310698,24.823965],[121.310737,24.823965],[121.311184,24.823935],[121.311239,24.823911],[121.311262,24.823888],[121.31138,24.823728],[121.311356,24.823708],[121.31123,24.823676],[121.311288,24.823436],[121.310727,24.823335],[121.310724,24.823274]]]}},{"type":"Feature","properties":{"id":"0423f02e5d06","name":"桃園市大溪區南興國民小學","level":"國小","basis":"both","data_ym":"201901"},"geometry":{"type":"Polygon","coordinates":[[[121.267242,24.902027],[121.266984,24.901838],[121.266457,24.901843],[121.266451,24.901919],[121.266439,24.902299],[121.266418,24.903227],[121.266655,24.903166],[121.266924,24.903091],[121.267094,24.903057],[121.267094,24.902907],[121.267256,24.902901],[121.267242,24.902027]]]}},{"type":"Feature","properties":{"id":"a2f8203f84ae","name":"桃園市大溪區美華國民小學","level":"國小","basis":"both","data_ym":"201901"},"geometry":{"type":"Polygon","coordinates":[[[121.304811,24.881738],[121.305561,24.881547],[121.305627,24.881516],[121.305664,24.88148],[121.305729,24.881403],[121.305703,24.881274],[121.305589,24.880885],[121.305169,24.880911],[121.30487,24.880961],[121.304304,24.881109],[121.304313,24.881138],[121.304138,24.881202],[121.304091,24.88121],[121.304084,24.881335],[121.304025,24.881396],[121.304083,24.88147],[121.304145,24.881594],[121.304168,24.881714],[121.304256,24.88169],[121.304268,24.881722],[121.304333,24.881703],[121.304386,24.88186],[121.304811,24.881738]]]}},{"type":"Feature","properties":{"id":"8149e58b10d0","name":"桃園市大溪區員樹林國民小學","level":"國小","basis":"both","data_ym":"201901"},"geometry":{"type":"Polygon","coordinates":[[[121.265896,24.883602],[121.266222,24.883269],[121.266249,24.883297],[121.266359,24.883225],[121.266535,24.883068],[121.265847,24.882513],[121.265692,24.882663],[121.265631,24.88261],[121.265495,24.882775],[121.265368,24.882895],[121.265198,24.882993],[121.265164,24.882972],[121.26508,24.883037],[121.264812,24.88316],[121.264769,24.883195],[121.264762,24.883216],[121.26473,24.883251],[121.264687,24.883276],[121.264689,24.883292],[121.265419,24.883959],[121.265484,24.884023],[121.265546,24.884052],[121.265576,24.884051],[121.265603,24.884038],[121.265949,24.883764],[121.265896,24.883602]]]}},{"type":"Feature","properties":{"id":"3b108edda6d2","name":"桃園市大溪區瑞祥國民小學","level":"國小","basis":"both","data_ym":"201901"},"geometry":{"type":"Polygon","coordinates":[[[121.253167,24.868687],[121.253245,24.868466],[121.253273,24.868329],[121.25324,24.867836],[121.253252,24.867788],[121.253251,24.86766],[121.253324,24.867345],[121.253019,24.867355],[121.252863,24.867339],[121.252838,24.867501],[121.252741,24.867507],[121.252742,24.867575],[121.25249,24.867596],[121.252506,24.867801],[121.252521,24.8678],[121.252527,24.867938],[121.252517,24.867938],[121.252517,24.868469],[121.252766,24.868475],[121.252762,24.86862],[121.252749,24.86862],[121.252749,24.86867],[121.252799,24.868681],[121.253167,24.868687]]]}},{"type":"Feature","properties":{"id":"d29d3413eca5","name":"桃園市大溪區僑愛國民小學","level":"國小","basis":"both","data_ym":"202109"},"geometry":{"type":"Polygon","coordinates":[[[121.29321,24.920696],[121.292513,24.919901],[121.29242,24.919996],[121.292213,24.919824],[121.291983,24.920075],[121.292004,24.920092],[121.291965,24.920132],[121.29194,24.920114],[121.291922,24.920136],[121.292025,24.920215],[121.292141,24.920322],[121.29211,24.92035],[121.292079,24.920323],[121.291913,24.920476],[121.291864,24.920431],[121.291879,24.920416],[121.291825,24.920371],[121.291811,24.920383],[121.291744,24.920326],[121.291216,24.920895],[121.291216,24.920923],[121.291223,24.920945],[121.291246,24.920989],[121.291317,24.921053],[121.291468,24.921139],[121.291955,24.921448],[121.292103,24.921615],[121.29234,24.92142],[121.292436,24.921335],[121.292835,24.921016],[121.29321,24.920696]]]}},{"type":"Feature","properties":{"id":"6ac2f1067f59","name":"桃園市大溪區福安國民小學","level":"國小","basis":"both","data_ym":"201901"},"geometry":{"type":"Polygon","coordinates":[[[121.289557,24.850442],[121.289216,24.849992],[121.289231,24.849867],[121.289217,24.849827],[121.288691,24.849449],[121.288395,24.849518],[121.288053,24.849579],[121.288134,24.849719],[121.287995,24.849795],[121.288223,24.85012],[121.28816,24.850157],[121.288247,24.850289],[121.288309,24.850249],[121.288834,24.851019],[121.28895,24.850908],[121.289192,24.850704],[121.289337,24.850591],[121.289557,24.850442]]]}},{"type":"Feature","properties":{"id":"9821ba39175c","name":"桃園市中壢區大崙國民小學","level":"國小","basis":"both","data_ym":"201901"},"geometry":{"type":"Polygon","coordinates":[[[121.179907,24.991373],[121.180759,24.991506],[121.180753,24.99124],[121.180771,24.990843],[121.180806,24.990726],[121.180863,24.990569],[121.180897,24.99051],[121.180798,24.990496],[121.180871,24.990269],[121.181084,24.989558],[121.180999,24.989529],[121.180882,24.989505],[121.180583,24.98947],[121.180105,24.989392],[121.17997,24.990126],[121.179783,24.991095],[121.179802,24.991166],[121.179819,24.991205],[121.179874,24.991202],[121.179929,24.991234],[121.179907,24.991373]]]}},{"type":"Feature","properties":{"id":"c1291be8f338","name":"桃園市中壢區山東國民小學","level":"國小","basis":"both","data_ym":"201901"},"geometry":{"type":"Polygon","coordinates":[[[121.173932,25.016068],[121.173818,25.015923],[121.173776,25.015861],[121.173751,25.015808],[121.173679,25.015683],[121.173564,25.015733],[121.173428,25.015531],[121.173413,25.015529],[121.173292,25.01559],[121.17327,25.01555],[121.172656,25.015829],[121.17269,25.015891],[121.17251,25.015986],[121.172501,25.015973],[121.172292,25.016088],[121.172452,25.016305],[121.172722,25.016714],[121.172943,25.016601],[121.173468,25.016353],[121.173641,25.016278],[121.173892,25.016176],[121.173932,25.016068]]]}},{"type":"Feature","properties":{"id":"3d48bb607de7","name":"桃園市中壢區中平國民小學","level":"國小","basis":"both","data_ym":"201901"},"geometry":{"type":"Polygon","coordinates":[[[121.178187,24.959934],[121.178235,24.959565],[121.178172,24.959557],[121.178188,24.95921],[121.178051,24.959031],[121.177414,24.959248],[121.177293,24.959275],[121.17724,24.959554],[121.177042,24.959579],[121.176998,24.959578],[121.176997,24.959792],[121.17705,24.960718],[121.178249,24.960655],[121.178155,24.959936],[121.178187,24.959934]]]}},{"type":"Feature","properties":{"id":"35b2be27bf65","name":"桃園市中壢區中正國民小學","level":"國小","basis":"both","data_ym":"201901"},"geometry":{"type":"Polygon","coordinates":[[[121.263755,24.962456],[121.263558,24.961871],[121.26355,24.961873],[121.263541,24.961838],[121.263545,24.961838],[121.263474,24.961655],[121.263358,24.961368],[121.263352,24.96137],[121.263333,24.961324],[121.262269,24.961827],[121.261999,24.961776],[121.262071,24.9619],[121.262109,24.961979],[121.262126,24.962018],[121.262132,24.962067],[121.261973,24.962647],[121.262562,24.962795],[121.262807,24.962838],[121.262992,24.962849],[121.263075,24.962843],[121.263346,24.962792],[121.26383,24.96268],[121.263779,24.962506],[121.263755,24.962456]]]}},{"type":"Feature","properties":{"id":"0af5bb533360","name":"桃園市中壢區中原國民小學","level":"國小","basis":"both","data_ym":"202510"},"geometry":{"type":"Polygon","coordinates":[[[121.239208,24.95661],[121.239437,24.956373],[121.239452,24.956384],[121.239467,24.956387],[121.239487,24.956379],[121.239498,24.956366],[121.239504,24.956371],[121.240178,24.955834],[121.239953,24.955662],[121.239693,24.955477],[121.239598,24.955404],[121.239117,24.955085],[121.238584,24.955663],[121.238113,24.956188],[121.238104,24.956215],[121.238096,24.956287],[121.238201,24.956285],[121.238213,24.956329],[121.238224,24.956346],[121.238245,24.95637],[121.238272,24.956389],[121.239026,24.956661],[121.239058,24.956662],[121.23918,24.956632],[121.239208,24.95661]]]}},{"type":"Feature","properties":{"id":"ba28f051c8c8","name":"桃園市中壢區中壢國民小學","level":"國小","basis":"both","data_ym":"202510"},"geometry":{"type":"Polygon","coordinates":[[[121.221571,24.954403],[121.221663,24.95431],[121.221868,24.954117],[121.221973,24.954064],[121.221918,24.953922],[121.221871,24.953815],[121.221867,24.953816],[121.221726,24.953474],[121.221653,24.953309],[121.221622,24.953269],[121.221583,24.953237],[121.221593,24.953227],[121.221555,24.953193],[121.221545,24.953203],[121.221489,24.953169],[121.221463,24.953162],[121.221439,24.953162],[121.221423,24.953165],[121.221409,24.953175],[121.220851,24.953807],[121.220636,24.954035],[121.220483,24.954207],[121.220302,24.954442],[121.220299,24.954464],[121.220305,24.954485],[121.22034,24.954529],[121.220947,24.954834],[121.221002,24.954817],[121.221085,24.95478],[121.221175,24.954764],[121.221283,24.954722],[121.221571,24.954403]]]}},{"type":"Feature","properties":{"id":"b24a465b6b3a","name":"桃園市中壢區元生國民小學","level":"國小","basis":"both","data_ym":"202510"},"geometry":{"type":"Polygon","coordinates":[[[121.250373,24.973808],[121.25039,24.973874],[121.250385,24.973944],[121.250569,24.974622],[121.251247,24.974929],[121.251966,24.973763],[121.250941,24.973243],[121.250873,24.973233],[121.250833,24.973234],[121.250803,24.973239],[121.250778,24.973252],[121.250677,24.973367],[121.250373,24.973808]]]}},{"type":"Feature","properties":{"id":"6d7f69070184","name":"桃園市中壢區內定國民小學","level":"國小","basis":"both","data_ym":"202510"},"geometry":{"type":"Polygon","coordinates":[[[121.249647,24.99335],[121.249648,24.993727],[121.248997,24.993726],[121.248992,24.994968],[121.250561,24.994965],[121.250579,24.994934],[121.250557,24.994826],[121.250542,24.994694],[121.25054,24.99456],[121.250563,24.994413],[121.250616,24.994143],[121.250643,24.994041],[121.250645,24.993946],[121.25064,24.993851],[121.250646,24.993638],[121.250672,24.993531],[121.250814,24.993314],[121.250672,24.993314],[121.250656,24.99333],[121.250625,24.993348],[121.250571,24.99336],[121.250149,24.993356],[121.250156,24.99332],[121.250165,24.993312],[121.250018,24.99331],[121.250039,24.993327],[121.25005,24.993355],[121.249647,24.99335]]]}},{"type":"Feature","properties":{"id":"e7e9d5e9ed3b","name":"桃園市中壢區內壢國民小學","level":"國小","basis":"both","data_ym":"202510"},"geometry":{"type":"Polygon","coordinates":[[[121.259353,24.973835],[121.258926,24.973721],[121.258856,24.973829],[121.259055,24.973969],[121.258941,24.974124],[121.258796,24.974375],[121.258775,24.974426],[121.258721,24.974507],[121.258601,24.974652],[121.258503,24.974731],[121.25863,24.97501],[121.258725,24.975195],[121.25971,24.975387],[121.259966,24.975442],[121.260008,24.975425],[121.260409,24.974101],[121.259353,24.973835]]]}},{"type":"Feature","properties":{"id":"175fdb43761b","name":"桃園市中壢區自立國民小學","level":"國小","basis":"both","data_ym":"201901"},"geometry":{"type":"Polygon","coordinates":[[[121.25263,24.967471],[121.252199,24.967286],[121.252184,24.967307],[121.252113,24.967379],[121.252006,24.967412],[121.25174,24.967511],[121.25137,24.967656],[121.251349,24.967668],[121.251294,24.967735],[121.251224,24.967841],[121.251087,24.968079],[121.25114,24.968133],[121.251119,24.968256],[121.251092,24.968257],[121.251096,24.968319],[121.251039,24.968321],[121.251002,24.968345],[121.250988,24.968435],[121.251159,24.968624],[121.252574,24.969724],[121.252571,24.969035],[121.252515,24.968786],[121.252519,24.968679],[121.252548,24.96842],[121.252536,24.967745],[121.252537,24.967708],[121.252545,24.967671],[121.25263,24.967471]]]}},{"type":"Feature","properties":{"id":"aa9835357446","name":"桃園市中壢區忠福國民小學","level":"國小","basis":"both","data_ym":"201901"},"geometry":{"type":"Polygon","coordinates":[[[121.235897,24.976084],[121.234613,24.976061],[121.234602,24.976069],[121.234594,24.976088],[121.234601,24.976689],[121.23591,24.976707],[121.235897,24.976084]]]}},{"type":"Feature","properties":{"id":"36ebc7cbc019","name":"桃園市中壢區林森國民小學","level":"國小","basis":"both","data_ym":"201901"},"geometry":{"type":"Polygon","coordinates":[[[121.226692,24.944786],[121.226678,24.944785],[121.22664,24.944793],[121.226075,24.94591],[121.22612,24.945933],[121.227514,24.94654],[121.227562,24.946548],[121.227637,24.946485],[121.227696,24.946412],[121.227738,24.946334],[121.227764,24.946249],[121.227811,24.946071],[121.227832,24.945955],[121.227833,24.945822],[121.227818,24.94572],[121.227799,24.945633],[121.227771,24.945541],[121.227732,24.945472],[121.227617,24.945332],[121.227519,24.945252],[121.227348,24.945149],[121.226934,24.944911],[121.226692,24.944786]]]}},{"type":"Feature","properties":{"id":"628fb45f1376","name":"桃園市中壢區芭里國民小學","level":"國小","basis":"both","data_ym":"202307"},"geometry":{"type":"Polygon","coordinates":[[[121.202269,24.994816],[121.202266,24.994734],[121.202298,24.994739],[121.202288,24.994658],[121.20224,24.994664],[121.20212,24.994147],[121.201495,24.994145],[121.201014,24.994155],[121.201018,24.994306],[121.20101,24.994997],[121.201017,24.995091],[121.201028,24.995162],[121.20103,24.995168],[121.201046,24.99518],[121.201764,24.99513],[121.201912,24.995107],[121.201993,24.995077],[121.202179,24.994965],[121.202277,24.994961],[121.202284,24.99494],[121.202283,24.994817],[121.202269,24.994816]]]}},{"type":"Feature","properties":{"id":"3489b00a6e1e","name":"桃園市中壢區青埔國民小學","level":"國小","basis":"both","data_ym":"201903"},"geometry":{"type":"Polygon","coordinates":[[[121.214953,25.007012],[121.214824,25.006883],[121.214806,25.006896],[121.214515,25.006592],[121.214464,25.006562],[121.213741,25.00649],[121.213707,25.006513],[121.213695,25.006551],[121.213696,25.006953],[121.213674,25.00728],[121.213653,25.007502],[121.213641,25.007876],[121.214226,25.007892],[121.21443,25.007906],[121.214454,25.00792],[121.214718,25.008172],[121.214799,25.008183],[121.215105,25.007939],[121.215112,25.00788],[121.215465,25.007633],[121.215458,25.007575],[121.215253,25.007373],[121.214898,25.007062],[121.214953,25.007012]]]}},{"type":"Feature","properties":{"id":"41cf4aaecfbb","name":"桃園市中壢區青園國民小學","level":"國小","basis":"both","data_ym":"202306"},"geometry":{"type":"Polygon","coordinates":[[[121.219534,25.018833],[121.218098,25.017385],[121.217587,25.017811],[121.217498,25.01789],[121.217489,25.017911],[121.217485,25.017937],[121.217496,25.01796],[121.217902,25.018374],[121.217934,25.018414],[121.217951,25.018452],[121.217956,25.018477],[121.217954,25.018788],[121.217961,25.01883],[121.217974,25.018854],[121.218122,25.019007],[121.218634,25.019516],[121.21866,25.019527],[121.218689,25.019526],[121.218727,25.019505],[121.219534,25.018833]]]}},{"type":"Feature","properties":{"id":"117e53c530f8","name":"桃園市中壢區信義國民小學","level":"國小","basis":"both","data_ym":"202510"},"geometry":{"type":"Polygon","coordinates":[[[121.233057,24.950418],[121.232057,24.949989],[121.23202,24.950006],[121.231516,24.950944],[121.231364,24.951195],[121.231388,24.951255],[121.232388,24.951754],[121.232429,24.951741],[121.232673,24.951255],[121.232851,24.950916],[121.233079,24.950466],[121.233057,24.950418]]]}},{"type":"Feature","properties":{"id":"d3724e704b9d","name":"桃園市中壢區富臺國民小學","level":"國小","basis":"both","data_ym":"201901"},"geometry":{"type":"Polygon","coordinates":[[[121.252654,24.939884],[121.252492,24.939747],[121.252312,24.939978],[121.251928,24.940396],[121.252102,24.940527],[121.252957,24.941123],[121.253128,24.9409],[121.25328,24.94063],[121.253357,24.940516],[121.253126,24.940309],[121.25313,24.940301],[121.252928,24.94014],[121.252878,24.940089],[121.252654,24.939884]]]}},{"type":"Feature","properties":{"id":"68fcc7f3f021","name":"桃園市中壢區普仁國民小學","level":"國小","basis":"both","data_ym":"202510"},"geometry":{"type":"Polygon","coordinates":[[[121.245338,24.948887],[121.244596,24.948205],[121.244458,24.948294],[121.244475,24.948326],[121.244323,24.94843],[121.244309,24.948411],[121.244116,24.948542],[121.244459,24.948937],[121.243804,24.949748],[121.243835,24.949898],[121.244995,24.950187],[121.245254,24.949732],[121.245255,24.949688],[121.245029,24.949532],[121.24509,24.949446],[121.2452,24.94922],[121.245267,24.949069],[121.245347,24.948904],[121.245338,24.948887]]]}},{"type":"Feature","properties":{"id":"8e80b2c5203f","name":"桃園市中壢區華勛國民小學","level":"國小","basis":"both","data_ym":"202510"},"geometry":{"type":"Polygon","coordinates":[[[121.257501,24.954219],[121.258507,24.953795],[121.25857,24.953765],[121.258592,24.953732],[121.258685,24.953256],[121.258678,24.95324],[121.258659,24.953226],[121.258468,24.953176],[121.2568,24.95284],[121.256791,24.952852],[121.256868,24.953099],[121.257218,24.953844],[121.257179,24.953859],[121.257173,24.953858],[121.257283,24.954035],[121.257314,24.954018],[121.25743,24.954219],[121.257463,24.95423],[121.257501,24.954219]]]}},{"type":"Feature","properties":{"id":"ee7284a7c0b2","name":"桃園市中壢區新明國民小學","level":"國小","basis":"both","data_ym":"202510"},"geometry":{"type":"Polygon","coordinates":[[[121.216644,24.961769],[121.216736,24.961594],[121.216769,24.961607],[121.216787,24.96157],[121.216823,24.961421],[121.216803,24.961413],[121.216835,24.961344],[121.216835,24.961327],[121.216823,24.961218],[121.2168,24.961082],[121.216843,24.961075],[121.216405,24.959056],[121.216386,24.959059],[121.216336,24.958812],[121.216111,24.958848],[121.215056,24.95904],[121.215081,24.959165],[121.215447,24.960838],[121.215516,24.961171],[121.215533,24.961242],[121.215549,24.961271],[121.215585,24.961314],[121.21563,24.961349],[121.215769,24.96142],[121.215887,24.961473],[121.216644,24.961769]]]}},{"type":"Feature","properties":{"id":"32fe3637718a","name":"桃園市中壢區新街國民小學","level":"國小","basis":"both","data_ym":"202510"},"geometry":{"type":"Polygon","coordinates":[[[121.228695,24.964346],[121.22869,24.964291],[121.228741,24.964285],[121.228748,24.964258],[121.228745,24.964175],[121.228709,24.963979],[121.228678,24.963954],[121.228689,24.963845],[121.228687,24.963435],[121.228701,24.963436],[121.228706,24.963334],[121.228683,24.963333],[121.22868,24.963051],[121.228686,24.963009],[121.228714,24.962901],[121.228687,24.96289],[121.228695,24.962875],[121.228635,24.962835],[121.228558,24.962748],[121.228553,24.962726],[121.228555,24.962708],[121.228565,24.962685],[121.228392,24.962587],[121.228209,24.962866],[121.228122,24.962847],[121.22804,24.962836],[121.227277,24.962764],[121.227075,24.963218],[121.227016,24.963362],[121.226887,24.96376],[121.22733,24.96389],[121.227313,24.964358],[121.228695,24.964346]]]}},{"type":"Feature","properties":{"id":"e6fa21fc685d","name":"桃園市中壢區興仁國民小學","level":"國小","basis":"both","data_ym":"202510"},"geometry":{"type":"Polygon","coordinates":[[[121.261509,24.966826],[121.261437,24.966812],[121.261299,24.967376],[121.261292,24.967443],[121.261323,24.967627],[121.261329,24.967711],[121.261363,24.967945],[121.261438,24.968324],[121.262297,24.968323],[121.262318,24.968305],[121.262321,24.968293],[121.262366,24.96799],[121.262305,24.967982],[121.262365,24.96762],[121.262434,24.967575],[121.262498,24.967156],[121.262545,24.967061],[121.262537,24.967034],[121.26208,24.966956],[121.261807,24.966903],[121.261509,24.966826]]]}},{"type":"Feature","properties":{"id":"920146123edd","name":"桃園市中壢區興國國民小學","level":"國小","basis":"both","data_ym":"202510"},"geometry":{"type":"Polygon","coordinates":[[[121.2223,24.963474],[121.222288,24.96335],[121.222249,24.963328],[121.221392,24.963408],[121.221393,24.963426],[121.221169,24.963444],[121.22113,24.963426],[121.220986,24.96344],[121.220942,24.963485],[121.221134,24.964576],[121.221173,24.964814],[121.221217,24.964849],[121.222381,24.964726],[121.222456,24.964642],[121.222445,24.964528],[121.222376,24.964013],[121.2223,24.963474]]]}},{"type":"Feature","properties":{"id":"27c504124285","name":"桃園市中壢區龍岡國民小學","level":"國小","basis":"both","data_ym":"202308"},"geometry":{"type":"Polygon","coordinates":[[[121.230011,24.942029],[121.230243,24.9413],[121.229914,24.941164],[121.229892,24.941228],[121.229849,24.941217],[121.229776,24.941364],[121.229752,24.94136],[121.229709,24.941453],[121.229673,24.941559],[121.229638,24.941709],[121.229489,24.94168],[121.229478,24.941698],[121.22934,24.941686],[121.229328,24.941708],[121.229203,24.941696],[121.229033,24.942242],[121.229013,24.94233],[121.22901,24.942404],[121.229251,24.942414],[121.229249,24.942429],[121.229513,24.942467],[121.229488,24.94268],[121.229423,24.94302],[121.229803,24.943059],[121.229879,24.94272],[121.229971,24.942176],[121.230011,24.942029]]]}},{"type":"Feature","properties":{"id":"9daf80f8080e","name":"桃園市世紀綠能工商高級中等學校","level":"高中職","basis":"both","data_ym":"202511"},"geometry":{"type":"Polygon","coordinates":[[[121.341852,24.988823],[121.341389,24.988118],[121.341308,24.98815],[121.341277,24.987792],[121.341265,24.987592],[121.340987,24.98758],[121.34086,24.987392],[121.340744,24.987398],[121.340673,24.987409],[121.340709,24.9876],[121.340737,24.987703],[121.340949,24.987689],[121.340956,24.987779],[121.340953,24.9878],[121.340848,24.987821],[121.340718,24.987888],[121.340555,24.987886],[121.340479,24.987917],[121.340263,24.988155],[121.340229,24.988167],[121.340058,24.988187],[121.340109,24.988533],[121.34056,24.988511],[121.340763,24.989228],[121.340852,24.989375],[121.340886,24.989448],[121.340637,24.989543],[121.340584,24.98959],[121.340566,24.989681],[121.340524,24.989768],[121.340496,24.989838],[121.340395,24.989982],[121.340135,24.990304],[121.340235,24.990332],[121.340272,24.990382],[121.340324,24.990473],[121.340352,24.99056],[121.340365,24.990616],[121.340465,24.990605],[121.340589,24.990753],[121.340674,24.990751],[121.340932,24.99076],[121.340954,24.990687],[121.341032,24.990506],[121.341085,24.990422],[121.341111,24.990365],[121.341159,24.990232],[121.341182,24.990136],[121.341198,24.99003],[121.341208,24.989926],[121.341212,24.989816],[121.341197,24.989524],[121.341182,24.989399],[121.341276,24.989369],[121.341284,24.98944],[121.341294,24.989668],[121.341292,24.989868],[121.341284,24.990066],[121.341268,24.990158],[121.341225,24.990306],[121.341154,24.99047],[121.341096,24.990573],[121.341051,24.990678],[121.341162,24.99056],[121.34127,24.990487],[121.341426,24.990328],[121.341496,24.990209],[121.341534,24.99009],[121.341573,24.989852],[121.341522,24.989402],[121.341348,24.989382],[121.341275,24.98936],[121.341238,24.989248],[121.341338,24.989137],[121.341474,24.989033],[121.341692,24.988903],[121.341852,24.988823]]]}},{"type":"Feature","properties":{"id":"23862d1c012a","name":"桃園市市立龍潭高級中學清德牧場","level":"其他","basis":"none","data_ym":"202108"},"geometry":{"type":"Polygon","coordinates":[[[121.230649,24.83458],[121.230571,24.834509],[121.230234,24.834843],[121.230013,24.835128],[121.229865,24.835345],[121.229819,24.835467],[121.229809,24.835593],[121.229804,24.835773],[121.229826,24.835885],[121.229883,24.835984],[121.229922,24.836098],[121.229955,24.836154],[121.230003,24.836201],[121.230132,24.836284],[121.230505,24.836397],[121.230802,24.836384],[121.231024,24.836272],[121.231059,24.836212],[121.23114,24.836098],[121.231198,24.836033],[121.231348,24.835894],[121.231377,24.835845],[121.231425,24.835678],[121.231464,24.835521],[121.231517,24.835183],[121.231516,24.835152],[121.23151,24.835133],[121.23108,24.834879],[121.230649,24.83458]]]}},{"type":"Feature","properties":{"id":"93e28a7541d2","name":"桃園市市立龍潭高級中學鴻福實習農場","level":"其他","basis":"none","data_ym":"201811"},"geometry":{"type":"Polygon","coordinates":[[[121.215315,24.857541],[121.215271,24.857533],[121.21522,24.857548],[121.215196,24.857567],[121.215119,24.85765],[121.214992,24.857813],[121.21468,24.858278],[121.216256,24.858981],[121.216604,24.859125],[121.217164,24.858489],[121.217266,24.858349],[121.217271,24.858323],[121.21726,24.858303],[121.217241,24.858291],[121.216923,24.858173],[121.216208,24.857887],[121.215454,24.857598],[121.215315,24.857541]]]}},{"type":"Feature","properties":{"id":"48903dbc68c5","name":"桃園市平鎮區山豐國民小學","level":"國小","basis":"both","data_ym":"202308"},"geometry":{"type":"Polygon","coordinates":[[[121.213494,24.897631],[121.213523,24.897607],[121.213929,24.897605],[121.214719,24.897594],[121.214728,24.896246],[121.214694,24.896217],[121.213811,24.896191],[121.213486,24.896194],[121.213413,24.896309],[121.21328,24.896364],[121.213269,24.896413],[121.212997,24.896372],[121.212887,24.896597],[121.212674,24.897072],[121.212405,24.897624],[121.213388,24.897652],[121.213389,24.89763],[121.213494,24.897631]]]}},{"type":"Feature","properties":{"id":"2ec512bb02d5","name":"桃園市平鎮區文化國民小學","level":"國小","basis":"both","data_ym":"202510"},"geometry":{"type":"Polygon","coordinates":[[[121.204454,24.952717],[121.203354,24.952678],[121.203321,24.952697],[121.20331,24.952726],[121.203258,24.953725],[121.204527,24.953813],[121.205052,24.953855],[121.205129,24.952749],[121.204454,24.952717]]]}},{"type":"Feature","properties":{"id":"e4f7f01c69ea","name":"桃園市平鎮區北勢國民小學","level":"國小","basis":"both","data_ym":"202308"},"geometry":{"type":"Polygon","coordinates":[[[121.22413,24.936204],[121.223972,24.935516],[121.223713,24.935562],[121.22363,24.935214],[121.223496,24.935236],[121.223307,24.934676],[121.222532,24.934712],[121.222451,24.934793],[121.222332,24.934921],[121.2223,24.934993],[121.222284,24.93508],[121.22249,24.935836],[121.222371,24.935857],[121.222406,24.936075],[121.22246,24.936331],[121.222487,24.936436],[121.222569,24.936583],[121.222633,24.936651],[121.222727,24.936698],[121.222843,24.936729],[121.223082,24.936715],[121.223344,24.93667],[121.223684,24.936523],[121.223886,24.936411],[121.223977,24.936351],[121.224082,24.936291],[121.224113,24.936254],[121.22413,24.936204]]]}},{"type":"Feature","properties":{"id":"ec90d6c7ea62","name":"桃園市平鎮區平興國民小學","level":"國小","basis":"both","data_ym":"201901"},"geometry":{"type":"Polygon","coordinates":[[[121.203633,24.944359],[121.203633,24.944325],[121.203679,24.944328],[121.203675,24.94424],[121.203626,24.944254],[121.203623,24.944095],[121.203446,24.944035],[121.202795,24.943498],[121.202529,24.943706],[121.202325,24.943911],[121.202126,24.944148],[121.202031,24.944328],[121.201969,24.944494],[121.20196,24.944545],[121.201975,24.944582],[121.202958,24.945311],[121.203165,24.945441],[121.203182,24.945444],[121.203803,24.94504],[121.203824,24.944986],[121.203776,24.944904],[121.203609,24.944547],[121.20358,24.944441],[121.203651,24.944421],[121.203633,24.944359]]]}},{"type":"Feature","properties":{"id":"0751d238317e","name":"桃園市平鎮區宋屋國民小學","level":"國小","basis":"both","data_ym":"201901"},"geometry":{"type":"Polygon","coordinates":[[[121.207824,24.941948],[121.207327,24.941343],[121.206923,24.940894],[121.206785,24.940732],[121.206354,24.941047],[121.206128,24.940943],[121.206109,24.94094],[121.206076,24.940945],[121.206052,24.940967],[121.206046,24.941086],[121.206034,24.941836],[121.206075,24.941879],[121.206103,24.941882],[121.206115,24.94187],[121.206877,24.942773],[121.207229,24.942511],[121.207824,24.942039],[121.20784,24.941997],[121.207824,24.941948]]]}},{"type":"Feature","properties":{"id":"32a0dd504e96","name":"桃園市平鎮區忠貞國民小學","level":"國小","basis":"both","data_ym":"201901"},"geometry":{"type":"Polygon","coordinates":[[[121.24992,24.924129],[121.250029,24.924052],[121.250075,24.924057],[121.25008,24.924046],[121.250128,24.924055],[121.250454,24.924082],[121.25059,24.923778],[121.250612,24.923707],[121.250686,24.923353],[121.250738,24.923183],[121.250787,24.923053],[121.250822,24.922942],[121.250891,24.922689],[121.250862,24.922656],[121.250604,24.922633],[121.250433,24.922594],[121.250421,24.922563],[121.25018,24.922693],[121.250132,24.922702],[121.250128,24.922753],[121.250014,24.922755],[121.2496,24.92289],[121.249441,24.92295],[121.249434,24.922987],[121.249389,24.923152],[121.249363,24.923229],[121.24934,24.923334],[121.249192,24.92385],[121.249391,24.923922],[121.2497,24.924042],[121.249911,24.924143],[121.24992,24.924129]]]}},{"type":"Feature","properties":{"id":"142a888218d9","name":"桃園市平鎮區東安國民小學","level":"國小","basis":"both","data_ym":"201901"},"geometry":{"type":"Polygon","coordinates":[[[121.249893,24.917267],[121.249025,24.918556],[121.249257,24.91868],[121.250111,24.919109],[121.250533,24.918371],[121.250861,24.91786],[121.250873,24.917817],[121.250871,24.917809],[121.250538,24.91763],[121.250553,24.917608],[121.250494,24.917575],[121.250491,24.917578],[121.250477,24.91757],[121.250456,24.917601],[121.250182,24.917453],[121.25019,24.917441],[121.249893,24.917267]]]}},{"type":"Feature","properties":{"id":"a81c4828e4c2","name":"桃園市平鎮區東勢國民小學","level":"國小","basis":"both","data_ym":"201901"},"geometry":{"type":"Polygon","coordinates":[[[121.232484,24.910872],[121.232502,24.910831],[121.232642,24.910878],[121.232731,24.910887],[121.232732,24.910655],[121.232873,24.910579],[121.232877,24.91056],[121.232894,24.910534],[121.232905,24.91044],[121.232908,24.910353],[121.232896,24.910196],[121.232872,24.910126],[121.232849,24.910074],[121.232827,24.910034],[121.232282,24.909961],[121.2319,24.909877],[121.231789,24.90998],[121.231773,24.910015],[121.231643,24.910018],[121.231464,24.910608],[121.231533,24.910629],[121.231522,24.910703],[121.231555,24.91096],[121.23157,24.91096],[121.231726,24.911075],[121.23175,24.911513],[121.232218,24.911513],[121.232215,24.91145],[121.232364,24.91133],[121.232361,24.911303],[121.232484,24.910872]]]}},{"type":"Feature","properties":{"id":"099c79f92e67","name":"桃園市平鎮區南勢國民小學","level":"國小","basis":"both","data_ym":"202308"},"geometry":{"type":"Polygon","coordinates":[[[121.212331,24.913484],[121.211252,24.912964],[121.211234,24.913032],[121.211021,24.912967],[121.210949,24.912901],[121.210793,24.912866],[121.21076,24.912972],[121.210708,24.913176],[121.210603,24.913553],[121.210563,24.913753],[121.210552,24.913852],[121.210558,24.913939],[121.210602,24.913946],[121.211043,24.914046],[121.211387,24.914132],[121.211399,24.914686],[121.211474,24.914727],[121.211651,24.914875],[121.211748,24.914985],[121.211755,24.914838],[121.21225,24.914835],[121.212281,24.914756],[121.212293,24.914209],[121.212331,24.913484]]]}},{"type":"Feature","properties":{"id":"2c81873adf81","name":"桃園市平鎮區祥安國民小學","level":"國小","basis":"both","data_ym":"201901"},"geometry":{"type":"Polygon","coordinates":[[[121.203095,24.892708],[121.202045,24.892704],[121.202002,24.894123],[121.202003,24.894127],[121.202012,24.894129],[121.202006,24.894218],[121.202327,24.894262],[121.203366,24.894334],[121.203401,24.894292],[121.203319,24.893495],[121.203248,24.892743],[121.203095,24.892708]]]}},{"type":"Feature","properties":{"id":"8af2630d8fb1","name":"桃園市平鎮區復旦國民小學","level":"國小","basis":"both","data_ym":"201901"},"geometry":{"type":"Polygon","coordinates":[[[121.207026,24.955792],[121.208624,24.955631],[121.208602,24.954628],[121.208581,24.954619],[121.207008,24.954656],[121.206982,24.954661],[121.206969,24.954672],[121.207026,24.955792]]]}},{"type":"Feature","properties":{"id":"53b0686e7b26","name":"桃園市平鎮區新勢國民小學","level":"國小","basis":"both","data_ym":"202510"},"geometry":{"type":"Polygon","coordinates":[[[121.217608,24.950551],[121.217599,24.950243],[121.21763,24.950142],[121.217634,24.950116],[121.217652,24.949869],[121.217646,24.949764],[121.217553,24.949047],[121.217522,24.949027],[121.217399,24.948741],[121.217303,24.948774],[121.217206,24.948789],[121.21718,24.948806],[121.216835,24.948853],[121.21659,24.948891],[121.216694,24.949101],[121.216536,24.949193],[121.216526,24.949217],[121.216236,24.94932],[121.21638,24.949815],[121.216391,24.950038],[121.216393,24.950262],[121.21638,24.95045],[121.216892,24.950486],[121.216892,24.950503],[121.216983,24.950509],[121.216984,24.950498],[121.217608,24.950551]]]}},{"type":"Feature","properties":{"id":"a4abf598c10d","name":"桃園市平鎮區新榮國民小學","level":"國小","basis":"both","data_ym":"202510"},"geometry":{"type":"Polygon","coordinates":[[[121.217771,24.95334],[121.217923,24.953294],[121.218067,24.953287],[121.218118,24.953293],[121.218292,24.953352],[121.21844,24.953366],[121.21839,24.95284],[121.218382,24.952841],[121.218369,24.952725],[121.218379,24.952708],[121.218295,24.952028],[121.21766,24.952087],[121.217073,24.952553],[121.216717,24.952853],[121.217138,24.953268],[121.217414,24.953458],[121.217771,24.95334]]]}},{"type":"Feature","properties":{"id":"166a98e5eac6","name":"桃園市平鎮區義興國民小學","level":"國小","basis":"both","data_ym":"201901"},"geometry":{"type":"Polygon","coordinates":[[[121.211102,24.949207],[121.210508,24.948465],[121.20958,24.948615],[121.209575,24.948622],[121.20966,24.949521],[121.209647,24.949851],[121.209625,24.950226],[121.210757,24.949951],[121.210616,24.949358],[121.211102,24.949207]]]}},{"type":"Feature","properties":{"id":"61c7a1392e58","name":"桃園市立八德國民中學","level":"國中","basis":"both","data_ym":"201803"},"geometry":{"type":"Polygon","coordinates":[[[121.287977,24.930368],[121.287988,24.930363],[121.288006,24.930365],[121.288235,24.930442],[121.288335,24.930481],[121.288359,24.930475],[121.288375,24.930453],[121.288483,24.929864],[121.288514,24.92968],[121.28851,24.929672],[121.287458,24.92946],[121.287155,24.929413],[121.286746,24.929382],[121.286688,24.92941],[121.286576,24.929402],[121.286558,24.929386],[121.286369,24.929377],[121.286388,24.929778],[121.286423,24.930305],[121.286442,24.930382],[121.28657,24.930606],[121.286586,24.930611],[121.286667,24.93061],[121.286945,24.930603],[121.287403,24.930584],[121.287924,24.930576],[121.287946,24.930567],[121.287958,24.930545],[121.287977,24.930368]]]}},{"type":"Feature","properties":{"id":"1431ed895d13","name":"桃園市立大成國民中學","level":"國中","basis":"both","data_ym":"202510"},"geometry":{"type":"Polygon","coordinates":[[[121.306572,24.958902],[121.306551,24.957851],[121.306056,24.957806],[121.305478,24.957745],[121.305337,24.957733],[121.305336,24.957736],[121.305188,24.957717],[121.305105,24.958028],[121.305059,24.958177],[121.304939,24.958631],[121.304862,24.958881],[121.304743,24.959302],[121.306079,24.959442],[121.306545,24.959484],[121.306568,24.959469],[121.306572,24.958902]]]}},{"type":"Feature","properties":{"id":"a2a7893658ec","name":"桃園市立大有國民中學","level":"國中","basis":"both","data_ym":"202510"},"geometry":{"type":"Polygon","coordinates":[[[121.319362,25.008474],[121.31856,25.008256],[121.318536,25.00834],[121.318486,25.008549],[121.318414,25.009143],[121.318337,25.010099],[121.31938,25.010441],[121.319629,25.009797],[121.319769,25.009452],[121.319743,25.009443],[121.320054,25.008715],[121.320031,25.008681],[121.319362,25.008474]]]}},{"type":"Feature","properties":{"id":"ea5ac3782d3e","name":"桃園市立大竹國民中學","level":"國中","basis":"both","data_ym":"202510"},"geometry":{"type":"Polygon","coordinates":[[[121.258943,25.022598],[121.258935,25.022577],[121.258929,25.022446],[121.258926,25.022179],[121.258734,25.021349],[121.258345,25.021319],[121.258274,25.021318],[121.258059,25.021296],[121.257655,25.021271],[121.257494,25.02138],[121.257463,25.021552],[121.257427,25.021707],[121.257375,25.02184],[121.257079,25.022548],[121.257096,25.022583],[121.257333,25.022785],[121.257622,25.023017],[121.257703,25.02293],[121.257808,25.023015],[121.257827,25.022994],[121.257927,25.023072],[121.257931,25.023068],[121.258054,25.023164],[121.258033,25.023189],[121.258184,25.023306],[121.258374,25.023111],[121.25835,25.023091],[121.258397,25.023041],[121.258422,25.023059],[121.258943,25.022598]]]}},{"type":"Feature","properties":{"id":"424617600d4b","name":"桃園市立大坡國民中學","level":"國中","basis":"both","data_ym":"201411"},"geometry":{"type":"Polygon","coordinates":[[[121.040062,24.961056],[121.040017,24.961003],[121.039741,24.961174],[121.038972,24.96167],[121.038497,24.961969],[121.038689,24.962085],[121.038852,24.962168],[121.038944,24.962227],[121.039056,24.962313],[121.039559,24.96285],[121.039651,24.962903],[121.039724,24.962926],[121.03989,24.962956],[121.039952,24.962971],[121.040005,24.963002],[121.040138,24.963142],[121.041153,24.962503],[121.04032,24.961408],[121.040062,24.961056]]]}},{"type":"Feature","properties":{"id":"4f9f9e534836","name":"桃園市立大崗國民中學","level":"國中","basis":"both","data_ym":"201706"},"geometry":{"type":"Polygon","coordinates":[[[121.370883,25.050459],[121.370861,25.050459],[121.370844,25.050466],[121.37045,25.050842],[121.369662,25.051641],[121.369658,25.051651],[121.369661,25.051676],[121.370864,25.05273],[121.370895,25.052742],[121.370917,25.052745],[121.37096,25.052742],[121.372151,25.051584],[121.372171,25.051561],[121.372173,25.051531],[121.37095,25.050473],[121.370883,25.050459]]]}},{"type":"Feature","properties":{"id":"3e9896b4b062","name":"桃園市立大崙國民中學","level":"國中","basis":"both","data_ym":"201901"},"geometry":{"type":"Polygon","coordinates":[[[121.180759,24.991506],[121.179907,24.991373],[121.179848,24.991385],[121.179809,24.991617],[121.179738,24.991967],[121.17956,24.992965],[121.179734,24.992997],[121.179735,24.992994],[121.179795,24.993003],[121.179795,24.993008],[121.179802,24.993009],[121.179785,24.993507],[121.179798,24.993754],[121.180083,24.993688],[121.180441,24.993587],[121.180472,24.993537],[121.180452,24.993413],[121.180445,24.993278],[121.180462,24.993125],[121.180496,24.992975],[121.180646,24.992601],[121.180679,24.992531],[121.180759,24.991506]]]}},{"type":"Feature","properties":{"id":"c01cbadaa73d","name":"桃園市立大園國民中學","level":"國中","basis":"both","data_ym":"201907"},"geometry":{"type":"Polygon","coordinates":[[[121.172359,25.054641],[121.172264,25.054368],[121.17217,25.054189],[121.172103,25.054084],[121.171852,25.05375],[121.171891,25.053731],[121.171918,25.053727],[121.171471,25.05315],[121.171355,25.053231],[121.171253,25.053101],[121.171281,25.052971],[121.170957,25.052556],[121.169815,25.052956],[121.169813,25.052976],[121.169914,25.053098],[121.169983,25.053217],[121.170037,25.053344],[121.170037,25.053367],[121.170012,25.053384],[121.170028,25.053428],[121.17001,25.053431],[121.17005,25.053573],[121.170074,25.05373],[121.170134,25.053727],[121.170138,25.053771],[121.170112,25.054046],[121.170059,25.054201],[121.170103,25.054294],[121.170773,25.05456],[121.170785,25.054537],[121.171026,25.054636],[121.171021,25.054648],[121.171035,25.054652],[121.171032,25.054663],[121.171038,25.054667],[121.171023,25.054697],[121.172206,25.055204],[121.172425,25.055022],[121.172398,25.054813],[121.172359,25.054641]]]}},{"type":"Feature","properties":{"id":"92603b6ea3a0","name":"桃園市立大園國際高級中學","level":"高中職","basis":"both","data_ym":"201706"},"geometry":{"type":"Polygon","coordinates":[[[121.221983,25.021245],[121.221415,25.02068],[121.221094,25.020373],[121.219949,25.021315],[121.219745,25.021496],[121.219727,25.021558],[121.22056,25.022389],[121.220595,25.022392],[121.220611,25.022387],[121.22064,25.022364],[121.221309,25.021799],[121.221983,25.021245]]]}},{"type":"Feature","properties":{"id":"acb320fca158","name":"桃園市立大溪高級中學","level":"高中職","basis":"both","data_ym":"202111"},"geometry":{"type":"Polygon","coordinates":[[[121.285678,24.86922],[121.285855,24.869151],[121.285858,24.869156],[121.286171,24.869053],[121.286232,24.869071],[121.286464,24.868964],[121.286601,24.869167],[121.286842,24.869025],[121.286929,24.868942],[121.286679,24.868456],[121.286649,24.86824],[121.28662,24.868162],[121.286595,24.868112],[121.286532,24.868026],[121.286463,24.868002],[121.286289,24.867608],[121.285579,24.867872],[121.284938,24.868125],[121.284605,24.86825],[121.284951,24.869001],[121.285244,24.869662],[121.285571,24.869517],[121.285476,24.869335],[121.285585,24.869286],[121.285678,24.86922]]]}},{"type":"Feature","properties":{"id":"eb1f5d7d7b76","name":"桃園市立大溪國民中學","level":"國中","basis":"both","data_ym":"202510"},"geometry":{"type":"Polygon","coordinates":[[[121.296728,24.880343],[121.296861,24.880321],[121.29705,24.880305],[121.297101,24.880284],[121.297207,24.88022],[121.297243,24.880191],[121.297272,24.880154],[121.297299,24.880098],[121.297316,24.880004],[121.297312,24.87993],[121.29728,24.879838],[121.296187,24.877829],[121.295856,24.877958],[121.295584,24.878054],[121.295552,24.878076],[121.295518,24.878114],[121.29547,24.878181],[121.295421,24.878222],[121.295301,24.878285],[121.295224,24.878352],[121.295125,24.878342],[121.295044,24.87845],[121.294922,24.878579],[121.294875,24.878643],[121.29485,24.878654],[121.294833,24.878653],[121.29478,24.878684],[121.294833,24.87876],[121.295033,24.87901],[121.295102,24.879133],[121.295123,24.879276],[121.295154,24.879394],[121.295307,24.879669],[121.295336,24.879653],[121.295365,24.8797],[121.295417,24.879677],[121.295453,24.879732],[121.295396,24.879763],[121.295396,24.879788],[121.295401,24.879803],[121.295568,24.87998],[121.295868,24.880348],[121.296233,24.880333],[121.296339,24.880346],[121.296441,24.880368],[121.296477,24.880368],[121.296549,24.880365],[121.296728,24.880343]]]}},{"type":"Feature","properties":{"id":"b28315f73938","name":"桃園市立山腳國民中學","level":"國中","basis":"both","data_ym":"201706"},"geometry":{"type":"Polygon","coordinates":[[[121.279241,25.087103],[121.278178,25.086056],[121.277499,25.086422],[121.277253,25.086529],[121.277343,25.086748],[121.277679,25.087143],[121.277773,25.087283],[121.277867,25.087405],[121.277981,25.087576],[121.278098,25.087767],[121.278156,25.087876],[121.278264,25.088152],[121.278375,25.088354],[121.278579,25.088244],[121.278802,25.08813],[121.279045,25.088034],[121.279327,25.087936],[121.279026,25.087634],[121.278997,25.087615],[121.278954,25.087568],[121.278916,25.087503],[121.278903,25.087475],[121.278899,25.087448],[121.2789,25.087405],[121.278922,25.087348],[121.279,25.087288],[121.279246,25.087122],[121.279234,25.087109],[121.279241,25.087103]]]}},{"type":"Feature","properties":{"id":"e8822ff07b8d","name":"桃園市立中興國民中學","level":"國中","basis":"both","data_ym":"202510"},"geometry":{"type":"Polygon","coordinates":[[[121.291427,24.997987],[121.29142,24.997036],[121.29142,24.996076],[121.289896,24.996069],[121.289885,24.997135],[121.289899,24.998002],[121.28996,24.998085],[121.290025,24.998137],[121.290069,24.998161],[121.290138,24.99818],[121.290222,24.998188],[121.290315,24.998187],[121.291427,24.997987]]]}},{"type":"Feature","properties":{"id":"5c86f8424e3d","name":"桃園市立中壢家事商業高級中學","level":"高中職","basis":"name","data_ym":"202510"},"geometry":{"type":"Polygon","coordinates":[[[121.219851,24.95371],[121.219901,24.953684],[121.219905,24.953703],[121.220008,24.953682],[121.220006,24.95367],[121.220133,24.953653],[121.220128,24.953598],[121.220154,24.953594],[121.220148,24.953411],[121.22013,24.953148],[121.220158,24.953143],[121.22014,24.953014],[121.220115,24.952871],[121.22013,24.952622],[121.220139,24.952366],[121.219966,24.952372],[121.219964,24.95238],[121.219741,24.952387],[121.21974,24.95236],[121.219488,24.952382],[121.219488,24.952404],[121.219152,24.95247],[121.219313,24.953188],[121.219341,24.953188],[121.219401,24.953177],[121.219423,24.953272],[121.219443,24.953268],[121.21948,24.953433],[121.219491,24.953541],[121.219574,24.953626],[121.21964,24.953661],[121.219683,24.953624],[121.219801,24.953608],[121.219851,24.95371]]]}},{"type":"Feature","properties":{"id":"34f4c69644ba","name":"桃園市立中壢商業高級中學","level":"高中職","basis":"name","data_ym":"202109"},"geometry":{"type":"Polygon","coordinates":[[[121.215077,24.96417],[121.215063,24.963556],[121.215169,24.963535],[121.215184,24.96261],[121.215207,24.962089],[121.214734,24.961891],[121.214567,24.96183],[121.214451,24.962164],[121.214056,24.962286],[121.2139,24.962391],[121.213571,24.962746],[121.213451,24.962887],[121.213344,24.963217],[121.213357,24.963301],[121.213435,24.963627],[121.213558,24.963736],[121.21363,24.963787],[121.215077,24.96417]]]}},{"type":"Feature","properties":{"id":"d8ef02e4b43b","name":"桃園市立中壢國民中學","level":"國中","basis":"both","data_ym":"202510"},"geometry":{"type":"Polygon","coordinates":[[[121.219795,24.950995],[121.219771,24.950875],[121.21964,24.950305],[121.219625,24.950302],[121.219615,24.950293],[121.21961,24.950283],[121.219596,24.950214],[121.219597,24.950201],[121.219605,24.950192],[121.219617,24.950189],[121.219405,24.949241],[121.219093,24.948846],[121.218934,24.948942],[121.218779,24.949348],[121.218747,24.949358],[121.218601,24.949811],[121.218574,24.949877],[121.218493,24.950026],[121.218439,24.950143],[121.218453,24.950186],[121.218435,24.950194],[121.218494,24.950749],[121.218773,24.950956],[121.218779,24.950981],[121.218859,24.950963],[121.218929,24.951015],[121.218923,24.951022],[121.218943,24.951039],[121.218932,24.951052],[121.219052,24.951132],[121.219022,24.951169],[121.219204,24.951125],[121.219204,24.951109],[121.219471,24.951052],[121.219795,24.950995]]]}},{"type":"Feature","properties":{"id":"431d2549a3e4","name":"桃園市立仁和國民中學","level":"國中","basis":"both","data_ym":"201411"},"geometry":{"type":"Polygon","coordinates":[[[121.274229,24.894407],[121.273519,24.893563],[121.273425,24.893613],[121.272767,24.89398],[121.272846,24.894109],[121.272845,24.894133],[121.272023,24.894568],[121.271801,24.89494],[121.271918,24.89499],[121.272197,24.895193],[121.272703,24.895728],[121.272921,24.895878],[121.273994,24.895173],[121.274028,24.895161],[121.274223,24.89503],[121.274267,24.8947],[121.274273,24.894605],[121.274273,24.894525],[121.274259,24.89447],[121.274229,24.894407]]]}},{"type":"Feature","properties":{"id":"b2add2043644","name":"桃園市立仁美國民中學","level":"國中","basis":"both","data_ym":"201801"},"geometry":{"type":"Polygon","coordinates":[[[121.184724,24.925117],[121.184734,24.925104],[121.184756,24.925114],[121.185325,24.924193],[121.185191,24.924148],[121.184323,24.923917],[121.184289,24.923927],[121.184246,24.923981],[121.184118,24.923937],[121.184115,24.923904],[121.184092,24.923874],[121.184031,24.923817],[121.183576,24.923613],[121.183459,24.923583],[121.183361,24.923571],[121.183299,24.923576],[121.183186,24.923637],[121.183105,24.923867],[121.183063,24.923954],[121.183018,24.924123],[121.182952,24.924265],[121.182546,24.92486],[121.183063,24.925121],[121.184394,24.925701],[121.184748,24.925128],[121.184724,24.925117]]]}},{"type":"Feature","properties":{"id":"25a1a2612bc8","name":"桃園市立內壢高級中學","level":"高中職","basis":"both","data_ym":"202510"},"geometry":{"type":"Polygon","coordinates":[[[121.257758,24.976747],[121.257753,24.976721],[121.257744,24.976716],[121.257506,24.976652],[121.257469,24.976747],[121.257292,24.976696],[121.25732,24.976602],[121.256426,24.976362],[121.256146,24.977001],[121.255466,24.97859],[121.255992,24.978781],[121.256818,24.979087],[121.256949,24.978685],[121.257211,24.978071],[121.257758,24.976747]]]}},{"type":"Feature","properties":{"id":"c2f463592292","name":"桃園市立內壢國民中學補校","level":"其他","basis":"none","data_ym":"202510"},"geometry":{"type":"Polygon","coordinates":[[[121.249051,24.972589],[121.249102,24.972555],[121.249402,24.972555],[121.250122,24.972585],[121.250176,24.972387],[121.250288,24.972004],[121.250453,24.971377],[121.25045,24.971366],[121.250444,24.971361],[121.25031,24.971324],[121.249741,24.97121],[121.249316,24.97112],[121.248585,24.970978],[121.24853,24.970965],[121.248405,24.970922],[121.248338,24.970895],[121.248195,24.970807],[121.247853,24.970508],[121.247777,24.970426],[121.247777,24.970519],[121.247787,24.970707],[121.247853,24.97168],[121.247893,24.97188],[121.248046,24.972481],[121.248095,24.972516],[121.248112,24.972497],[121.24825,24.972598],[121.248234,24.972616],[121.248279,24.972649],[121.248274,24.972725],[121.248369,24.97275],[121.248512,24.972738],[121.248646,24.972719],[121.248899,24.972662],[121.248968,24.972632],[121.249051,24.972589]]]}},{"type":"Feature","properties":{"id":"7416dc2b2fe5","name":"桃園市立文昌國民中學","level":"國中","basis":"both","data_ym":"202109"},"geometry":{"type":"Polygon","coordinates":[[[121.308025,25.010952],[121.308021,25.010756],[121.308017,25.010756],[121.307978,25.009181],[121.307966,25.009172],[121.307775,25.009125],[121.307697,25.009131],[121.307446,25.009048],[121.307432,25.009073],[121.30741,25.0091],[121.307395,25.009113],[121.307369,25.009122],[121.307192,25.00911],[121.307163,25.009125],[121.30715,25.009139],[121.306881,25.009715],[121.306909,25.009735],[121.306897,25.009784],[121.306852,25.009828],[121.307076,25.009912],[121.30711,25.009935],[121.307213,25.009977],[121.30725,25.009984],[121.307252,25.01013],[121.30724,25.010753],[121.307224,25.010942],[121.308011,25.011188],[121.308025,25.010952]]]}},{"type":"Feature","properties":{"id":"02afb9ab38de","name":"桃園市立文青國民中小學","level":"國中","basis":"moe","data_ym":"202510"},"geometry":{"type":"Polygon","coordinates":[[[121.391881,25.044343],[121.391048,25.044224],[121.390955,25.044224],[121.390808,25.044251],[121.390757,25.044256],[121.390639,25.044244],[121.390537,25.044208],[121.390348,25.044204],[121.390343,25.04436],[121.390234,25.044735],[121.39009,25.044952],[121.390118,25.04523],[121.390142,25.045967],[121.391858,25.045857],[121.391893,25.045853],[121.391941,25.04582],[121.391954,25.045791],[121.391956,25.045772],[121.391937,25.045498],[121.391933,25.045404],[121.391935,25.045332],[121.391881,25.044343]]]}},{"type":"Feature","properties":{"id":"c334e8b07202","name":"桃園市立平南國民中學","level":"國中","basis":"both","data_ym":"202308"},"geometry":{"type":"Polygon","coordinates":[[[121.211217,24.908776],[121.211033,24.908778],[121.210356,24.90882],[121.210216,24.908836],[121.20995,24.908882],[121.209709,24.908931],[121.209689,24.908942],[121.209679,24.908974],[121.209647,24.909169],[121.209634,24.909346],[121.209517,24.909865],[121.209514,24.909975],[121.209491,24.910043],[121.20949,24.910176],[121.209546,24.910395],[121.209916,24.910479],[121.210093,24.9105],[121.21021,24.910505],[121.210461,24.910505],[121.210873,24.910456],[121.210981,24.910438],[121.211186,24.910395],[121.211273,24.910205],[121.211301,24.910084],[121.211326,24.909855],[121.211328,24.909809],[121.2113,24.90946],[121.211261,24.909188],[121.211217,24.908776]]]}},{"type":"Feature","properties":{"id":"ef1cd43026fd","name":"桃園市立平興國民中學","level":"國中","basis":"both","data_ym":"202510"},"geometry":{"type":"Polygon","coordinates":[[[121.206444,24.947813],[121.206414,24.947825],[121.206263,24.947902],[121.20604,24.948051],[121.206053,24.948077],[121.20597,24.948139],[121.205899,24.948256],[121.205814,24.948333],[121.205427,24.949065],[121.205296,24.949341],[121.205234,24.949502],[121.205058,24.950044],[121.205249,24.950232],[121.205424,24.950393],[121.206412,24.951102],[121.206427,24.951103],[121.206439,24.951103],[121.206451,24.951078],[121.206428,24.950677],[121.206415,24.95033],[121.206382,24.949661],[121.206343,24.948585],[121.206352,24.948374],[121.206364,24.948243],[121.206382,24.94815],[121.206424,24.948031],[121.206515,24.947846],[121.206444,24.947813]]]}},{"type":"Feature","properties":{"id":"f682a6d5ca72","name":"桃園市立平鎮高級中學1","level":"高中職","basis":"both","data_ym":"201803"},"geometry":{"type":"Polygon","coordinates":[[[121.217035,24.938312],[121.217036,24.938372],[121.216912,24.938449],[121.21683,24.938525],[121.216797,24.938581],[121.216775,24.93863],[121.216777,24.93874],[121.216813,24.938895],[121.216885,24.939093],[121.217196,24.939096],[121.217199,24.939163],[121.217265,24.939157],[121.217267,24.939183],[121.217409,24.939179],[121.218106,24.93914],[121.218122,24.939406],[121.218253,24.939401],[121.218416,24.939382],[121.218332,24.939121],[121.218316,24.939048],[121.218074,24.938239],[121.21779,24.938251],[121.217788,24.938289],[121.217035,24.938312]]]}},{"type":"Feature","properties":{"id":"5adbf882b81a","name":"桃園市立平鎮高級中學1","level":"高中職","basis":"both","data_ym":"202511"},"geometry":{"type":"Polygon","coordinates":[[[121.219881,24.939921],[121.219857,24.939383],[121.219847,24.93932],[121.219885,24.939319],[121.219851,24.938599],[121.219167,24.93813],[121.218236,24.938227],[121.218536,24.939047],[121.2188,24.939862],[121.218814,24.939869],[121.218826,24.939867],[121.218979,24.939961],[121.219881,24.939921]]]}},{"type":"Feature","properties":{"id":"47677af0faba","name":"桃園市立平鎮國民中學","level":"國中","basis":"both","data_ym":"202510"},"geometry":{"type":"Polygon","coordinates":[[[121.218817,24.94416],[121.218792,24.943752],[121.218154,24.94376],[121.217559,24.943778],[121.21756,24.943854],[121.217497,24.943888],[121.217526,24.944687],[121.217181,24.944736],[121.217299,24.945315],[121.217326,24.945386],[121.218831,24.945394],[121.218859,24.94539],[121.218879,24.945382],[121.21889,24.945366],[121.218899,24.945339],[121.218865,24.944717],[121.218829,24.944483],[121.218809,24.944314],[121.218803,24.944209],[121.218806,24.944186],[121.218817,24.94416]]]}},{"type":"Feature","properties":{"id":"659f69059cdf","name":"桃園市立永安國民中學","level":"國小","basis":"moe","data_ym":"201411"},"geometry":{"type":"Polygon","coordinates":[[[121.044832,24.988123],[121.044678,24.987749],[121.044573,24.987766],[121.043792,24.987858],[121.043189,24.987919],[121.042817,24.988701],[121.043368,24.989325],[121.043488,24.989249],[121.043734,24.989133],[121.04463,24.98882],[121.044671,24.988216],[121.044832,24.988123]]]}},{"type":"Feature","properties":{"id":"43b627f5ab79","name":"桃園市立永豐高級中學","level":"高中職","basis":"both","data_ym":"202510"},"geometry":{"type":"Polygon","coordinates":[[[121.270058,24.976594],[121.270113,24.976397],[121.270145,24.976405],[121.270209,24.976148],[121.270231,24.976097],[121.270259,24.976045],[121.270279,24.976013],[121.270327,24.975956],[121.270273,24.97587],[121.270522,24.975779],[121.2702,24.97501],[121.269915,24.974355],[121.269644,24.973708],[121.269396,24.973949],[121.269172,24.974154],[121.268874,24.974485],[121.268726,24.974632],[121.268255,24.975224],[121.268118,24.975423],[121.26903,24.975927],[121.269433,24.976185],[121.270058,24.976594]]]}},{"type":"Feature","properties":{"id":"7e5d3133440a","name":"桃園市立石門國民中學","level":"國中","basis":"both","data_ym":"202510"},"geometry":{"type":"Polygon","coordinates":[[[121.240458,24.840583],[121.240394,24.840043],[121.240042,24.84008],[121.23979,24.839938],[121.239722,24.840029],[121.239582,24.840169],[121.239224,24.840482],[121.239081,24.840613],[121.239138,24.840659],[121.239221,24.841291],[121.239256,24.84161],[121.239144,24.841614],[121.239156,24.841718],[121.239183,24.841834],[121.239228,24.841951],[121.239265,24.84207],[121.23928,24.84215],[121.239296,24.842277],[121.239766,24.842008],[121.240032,24.841864],[121.240572,24.841558],[121.240567,24.841525],[121.240558,24.841509],[121.240506,24.84095],[121.240461,24.840915],[121.24045,24.840766],[121.240442,24.840706],[121.240465,24.840677],[121.240458,24.840583]]]}},{"type":"Feature","properties":{"id":"64e859a84333","name":"桃園市立光明國民中學","level":"國中","basis":"both","data_ym":"201803"},"geometry":{"type":"Polygon","coordinates":[[[121.289737,25.043354],[121.289717,25.043332],[121.288919,25.043384],[121.28856,25.04345],[121.28804,25.044043],[121.288246,25.044189],[121.288329,25.044271],[121.288412,25.044381],[121.288701,25.044937],[121.289419,25.04464],[121.289423,25.044621],[121.289421,25.044609],[121.289772,25.044471],[121.290193,25.044283],[121.289741,25.043413],[121.289755,25.043389],[121.289737,25.043354]]]}},{"type":"Feature","properties":{"id":"1513320c2562","name":"桃園市立同德國民中學","level":"國中","basis":"both","data_ym":"202510"},"geometry":{"type":"Polygon","coordinates":[[[121.294284,25.016254],[121.294865,25.015158],[121.293034,25.01433],[121.292968,25.01444],[121.293002,25.014446],[121.293003,25.014529],[121.293014,25.014588],[121.293014,25.014611],[121.292861,25.014611],[121.292696,25.014881],[121.292693,25.015068],[121.29272,25.015084],[121.292717,25.015156],[121.292693,25.015167],[121.292689,25.015498],[121.292865,25.015575],[121.292848,25.015607],[121.29326,25.015787],[121.293256,25.015799],[121.293387,25.015858],[121.293404,25.015826],[121.293696,25.015956],[121.293681,25.015983],[121.294284,25.016254]]]}},{"type":"Feature","properties":{"id":"52ec89ab2c2c","name":"桃園市立竹圍國民中學","level":"國中","basis":"both","data_ym":"201706"},"geometry":{"type":"Polygon","coordinates":[[[121.239152,25.109838],[121.238569,25.109388],[121.23852,25.109439],[121.238438,25.109381],[121.238476,25.10934],[121.23775,25.108779],[121.237682,25.108852],[121.237658,25.108994],[121.237573,25.109092],[121.237499,25.10906],[121.236939,25.109663],[121.236801,25.109822],[121.236821,25.109875],[121.236905,25.109941],[121.23835,25.111023],[121.239222,25.110072],[121.239231,25.110056],[121.239232,25.110044],[121.239202,25.10998],[121.239152,25.109838]]]}},{"type":"Feature","properties":{"id":"6dbf9182f067","name":"桃園市立自強國民中學","level":"國中","basis":"both","data_ym":"202510"},"geometry":{"type":"Polygon","coordinates":[[[121.25992,24.96804],[121.259926,24.968116],[121.259646,24.968128],[121.258972,24.968171],[121.258955,24.969367],[121.258969,24.969381],[121.260596,24.96936],[121.260538,24.967925],[121.260512,24.967926],[121.260286,24.967978],[121.260178,24.967991],[121.260182,24.968026],[121.25992,24.96804]]]}},{"type":"Feature","properties":{"id":"ab2b09894ef9","name":"桃園市立幸福國民中學","level":"國中","basis":"both","data_ym":"201803"},"geometry":{"type":"Polygon","coordinates":[[[121.333237,24.988071],[121.333059,24.98754],[121.332942,24.987029],[121.332887,24.986932],[121.332202,24.986373],[121.33196,24.986623],[121.331682,24.986929],[121.331668,24.986994],[121.331663,24.987479],[121.331655,24.987524],[121.331642,24.987515],[121.331487,24.987567],[121.331489,24.987635],[121.331581,24.987743],[121.331622,24.987734],[121.331752,24.987916],[121.33182,24.98791],[121.331847,24.987988],[121.332172,24.988373],[121.332258,24.988393],[121.332401,24.988367],[121.332483,24.988323],[121.332873,24.988183],[121.333098,24.988132],[121.333237,24.988071]]]}},{"type":"Feature","properties":{"id":"58e770bba49d","name":"桃園市立東安國民中學","level":"國中","basis":"both","data_ym":"201901"},"geometry":{"type":"Polygon","coordinates":[[[121.249893,24.917267],[121.249805,24.917215],[121.249782,24.917158],[121.249784,24.917134],[121.250036,24.916759],[121.249748,24.91658],[121.249695,24.916551],[121.24967,24.916549],[121.249626,24.916562],[121.249495,24.916496],[121.249486,24.916444],[121.249344,24.91638],[121.249338,24.916305],[121.249181,24.916203],[121.248818,24.91669],[121.248404,24.917204],[121.248147,24.917442],[121.247844,24.917691],[121.247859,24.917711],[121.24872,24.918376],[121.249025,24.918556],[121.249893,24.917267]]]}},{"type":"Feature","properties":{"id":"65dc49e136a7","name":"桃園市立東興國民中學","level":"國中","basis":"both","data_ym":"202510"},"geometry":{"type":"Polygon","coordinates":[[[121.229103,24.949347],[121.22906,24.949434],[121.228999,24.949411],[121.228564,24.949357],[121.228056,24.950541],[121.227989,24.950714],[121.228458,24.950929],[121.228806,24.950812],[121.229415,24.950583],[121.229653,24.95049],[121.229823,24.950433],[121.229849,24.95029],[121.229871,24.950228],[121.22994,24.95008],[121.230054,24.949877],[121.23002,24.949863],[121.229968,24.949722],[121.229409,24.949475],[121.229103,24.949347]]]}},{"type":"Feature","properties":{"id":"94c5494fa6db","name":"桃園市立武陵高級中學","level":"高中職","basis":"both","data_ym":"202510"},"geometry":{"type":"Polygon","coordinates":[[[121.286297,24.988526],[121.286351,24.988279],[121.286737,24.988399],[121.286767,24.988331],[121.286805,24.988191],[121.286797,24.988017],[121.286882,24.988029],[121.286887,24.988025],[121.286827,24.987487],[121.286817,24.987437],[121.286722,24.987295],[121.286672,24.987278],[121.286537,24.98728],[121.28649,24.986293],[121.286061,24.98629],[121.284992,24.986307],[121.284872,24.986338],[121.284765,24.986399],[121.284673,24.986477],[121.284559,24.986621],[121.284406,24.98689],[121.284479,24.986926],[121.284121,24.987549],[121.284137,24.987589],[121.286257,24.988596],[121.286297,24.988526]]]}},{"type":"Feature","properties":{"id":"dfc12c54954e","name":"桃園市立武漢國民中學","level":"國中","basis":"both","data_ym":"202510"},"geometry":{"type":"Polygon","coordinates":[[[121.231932,24.880325],[121.232137,24.880081],[121.232391,24.879685],[121.23247,24.879497],[121.232577,24.879336],[121.231979,24.878893],[121.23202,24.878847],[121.231964,24.878806],[121.231919,24.878852],[121.231837,24.878797],[121.231333,24.878411],[121.231077,24.878985],[121.231014,24.878985],[121.230368,24.879192],[121.230287,24.879493],[121.230226,24.879636],[121.230271,24.879745],[121.230256,24.879818],[121.230247,24.87982],[121.23025,24.879865],[121.230173,24.880121],[121.230044,24.880116],[121.229946,24.880264],[121.229844,24.880396],[121.229871,24.880403],[121.229856,24.880431],[121.229958,24.880471],[121.23073,24.880639],[121.230612,24.881108],[121.230801,24.881224],[121.230846,24.881241],[121.23119,24.881472],[121.231268,24.881502],[121.231525,24.881563],[121.231661,24.881545],[121.231804,24.881501],[121.231907,24.881422],[121.231965,24.881287],[121.231984,24.88089],[121.231972,24.880519],[121.23196,24.880432],[121.231932,24.880325]]]}},{"type":"Feature","properties":{"id":"9ac19f6e6662","name":"桃園市立青埔國民中學","level":"國中","basis":"both","data_ym":"202309"},"geometry":{"type":"Polygon","coordinates":[[[121.206495,25.011495],[121.20613,25.011118],[121.206089,25.011146],[121.205733,25.010785],[121.205751,25.010778],[121.205755,25.010763],[121.20575,25.010754],[121.205742,25.010751],[121.205735,25.010754],[121.205733,25.010745],[121.20572,25.010734],[121.205699,25.010728],[121.20569,25.010706],[121.205666,25.010697],[121.205668,25.010683],[121.205658,25.010671],[121.205647,25.010667],[121.20565,25.010659],[121.205647,25.01065],[121.205563,25.010566],[121.205549,25.01056],[121.205507,25.010566],[121.205302,25.010737],[121.20523,25.010823],[121.205185,25.010866],[121.205121,25.010904],[121.20471,25.011236],[121.204197,25.011692],[121.204197,25.011718],[121.205128,25.012631],[121.205146,25.01264],[121.205188,25.012632],[121.206506,25.01153],[121.206506,25.011509],[121.206495,25.011495]]]}},{"type":"Feature","properties":{"id":"14088c42144f","name":"桃園市立青溪國民中學補校","level":"其他","basis":"none","data_ym":"202510"},"geometry":{"type":"Polygon","coordinates":[[[121.321128,24.996422],[121.321335,24.996241],[121.321277,24.996172],[121.321265,24.996175],[121.32124,24.996146],[121.321265,24.996073],[121.320858,24.995945],[121.320752,24.996213],[121.320436,24.996125],[121.320378,24.996267],[121.32001,24.99616],[121.320018,24.99614],[121.319934,24.996114],[121.319928,24.99613],[121.319038,24.995859],[121.319028,24.995874],[121.318682,24.996826],[121.318993,24.99692],[121.31891,24.99714],[121.319843,24.997428],[121.320455,24.997605],[121.320527,24.997462],[121.320589,24.997372],[121.320683,24.997246],[121.321413,24.996588],[121.321044,24.996478],[121.321116,24.996419],[121.321128,24.996422]]]}},{"type":"Feature","properties":{"id":"b2e037a2132f","name":"桃園市立南崁高級中學","level":"高中職","basis":"both","data_ym":"201803"},"geometry":{"type":"Polygon","coordinates":[[[121.296673,25.052605],[121.296623,25.052844],[121.296629,25.052845],[121.296541,25.053337],[121.296738,25.053362],[121.296723,25.05344],[121.297408,25.053536],[121.297213,25.054524],[121.297255,25.05459],[121.298458,25.054779],[121.298475,25.054797],[121.298815,25.054849],[121.298864,25.054834],[121.299587,25.053729],[121.29958,25.053701],[121.298956,25.053595],[121.298794,25.053577],[121.298224,25.05348],[121.29823,25.052639],[121.298185,25.052608],[121.298144,25.052548],[121.29815,25.052513],[121.297225,25.052156],[121.297185,25.052156],[121.29716,25.052161],[121.296661,25.052574],[121.296657,25.052607],[121.296673,25.052605]]]}},{"type":"Feature","properties":{"id":"77c7675c3160","name":"桃園市立建國國民中學","level":"國中","basis":"both","data_ym":"202510"},"geometry":{"type":"Polygon","coordinates":[[[121.306357,24.97881],[121.306384,24.978791],[121.306825,24.978269],[121.3072,24.977834],[121.308205,24.976624],[121.308196,24.976585],[121.307761,24.976319],[121.306868,24.975763],[121.306675,24.97575],[121.305593,24.976228],[121.305745,24.976384],[121.305817,24.976479],[121.305826,24.976514],[121.305822,24.976557],[121.305779,24.976642],[121.305885,24.97775],[121.305949,24.978476],[121.305969,24.978606],[121.305965,24.978606],[121.306004,24.978713],[121.306,24.978715],[121.306005,24.97873],[121.306014,24.978727],[121.306051,24.978819],[121.306225,24.978805],[121.306226,24.978821],[121.306357,24.97881]]]}},{"type":"Feature","properties":{"id":"7cfa429efbed","name":"桃園市立凌雲國民中學","level":"國中","basis":"both","data_ym":"202108"},"geometry":{"type":"Polygon","coordinates":[[[121.201873,24.858085],[121.201708,24.85809],[121.201614,24.858127],[121.20159,24.858146],[121.201015,24.859534],[121.200989,24.859618],[121.200859,24.860101],[121.200855,24.860138],[121.202082,24.860504],[121.202235,24.860237],[121.202324,24.860204],[121.20263,24.8602],[121.202678,24.860178],[121.202664,24.860089],[121.202585,24.859927],[121.202522,24.859831],[121.202514,24.8598],[121.202513,24.859771],[121.202518,24.859736],[121.20278,24.859276],[121.202871,24.859128],[121.20236,24.85868],[121.202162,24.858465],[121.202076,24.858465],[121.201915,24.858298],[121.201786,24.858175],[121.201873,24.858085]]]}},{"type":"Feature","properties":{"id":"3e32b088d019","name":"桃園市立桃園特殊教育學校","level":"特殊","basis":"both","data_ym":"202510"},"geometry":{"type":"Polygon","coordinates":[[[121.302296,24.980236],[121.302742,24.979816],[121.302294,24.979406],[121.302327,24.979377],[121.302199,24.979256],[121.302164,24.979288],[121.301936,24.97907],[121.301975,24.979048],[121.300836,24.979696],[121.300715,24.979774],[121.3006,24.979883],[121.300545,24.979949],[121.300484,24.980066],[121.300243,24.980837],[121.300172,24.981079],[121.300168,24.981141],[121.300169,24.981332],[121.300505,24.981559],[121.30082,24.981649],[121.30181,24.980722],[121.302306,24.980246],[121.302296,24.980236]]]}},{"type":"Feature","properties":{"id":"268bef0edf51","name":"桃園市立桃園高級中學","level":"高中職","basis":"both","data_ym":"201802"},"geometry":{"type":"Polygon","coordinates":[[[121.328153,25.000435],[121.32815,24.999163],[121.328029,24.999051],[121.327902,24.998901],[121.327862,24.998815],[121.32766,24.998267],[121.327603,24.998094],[121.327509,24.997846],[121.3274,24.997702],[121.32734,24.997652],[121.327232,24.997592],[121.326994,24.997506],[121.326039,24.997229],[121.325993,24.997469],[121.325872,24.997904],[121.325747,24.998175],[121.325872,24.998331],[121.325961,24.998484],[121.326004,24.998599],[121.326041,24.998711],[121.326059,24.99884],[121.326052,24.999131],[121.326034,24.999311],[121.326025,24.999367],[121.326009,24.999607],[121.326254,25.000056],[121.326283,25.000103],[121.326301,25.000142],[121.326311,25.000181],[121.326319,25.000279],[121.326324,25.000513],[121.32679,25.000414],[121.326824,25.000747],[121.327287,25.00081],[121.327322,25.000599],[121.327581,25.000617],[121.327593,25.000566],[121.327835,25.000586],[121.327887,25.000392],[121.328153,25.000435]]]}},{"type":"Feature","properties":{"id":"f6e52006bfe3","name":"桃園市立桃園國民中學","level":"國中","basis":"both","data_ym":"202510"},"geometry":{"type":"Polygon","coordinates":[[[121.305757,24.996139],[121.305686,24.995555],[121.304989,24.995499],[121.304186,24.995469],[121.304172,24.995665],[121.304162,24.995664],[121.304105,24.99579],[121.304067,24.99579],[121.304017,24.995959],[121.304042,24.996592],[121.304104,24.996763],[121.304337,24.997043],[121.30447,24.997158],[121.305853,24.996399],[121.305797,24.996277],[121.305757,24.996139]]]}},{"type":"Feature","properties":{"id":"dd13fc236155","name":"桃園市立草漯國民中學","level":"國中","basis":"both","data_ym":"201802"},"geometry":{"type":"Polygon","coordinates":[[[121.139787,25.042099],[121.139699,25.042097],[121.139497,25.042377],[121.139424,25.04269],[121.139424,25.042911],[121.13942,25.042985],[121.139429,25.043005],[121.139761,25.043319],[121.140017,25.043571],[121.139842,25.043713],[121.139798,25.043715],[121.139729,25.043783],[121.13974,25.043942],[121.139779,25.044158],[121.140453,25.044709],[121.140655,25.044706],[121.141084,25.044112],[121.141408,25.043637],[121.141651,25.043307],[121.141581,25.043256],[121.141323,25.043045],[121.140757,25.042552],[121.140548,25.04239],[121.140438,25.042324],[121.140303,25.042258],[121.140155,25.042202],[121.14001,25.042157],[121.139864,25.042113],[121.139787,25.042099]]]}},{"type":"Feature","properties":{"id":"f5cd2f07fcc2","name":"桃園市立迴龍國民中小學","level":"國中","basis":"moe","data_ym":"202109"},"geometry":{"type":"Polygon","coordinates":[[[121.404195,25.019508],[121.404149,25.019705],[121.405782,25.020188],[121.405848,25.020025],[121.405993,25.019754],[121.40606,25.019615],[121.406062,25.019598],[121.406061,25.019468],[121.40513,25.019188],[121.405116,25.01916],[121.405039,25.01914],[121.405025,25.01915],[121.404864,25.019104],[121.404699,25.019015],[121.404339,25.018809],[121.404276,25.018787],[121.40413,25.018868],[121.404187,25.018929],[121.40452,25.019205],[121.404523,25.019214],[121.404319,25.019428],[121.404323,25.019485],[121.404317,25.019499],[121.404249,25.01956],[121.404195,25.019508]]]}},{"type":"Feature","properties":{"id":"9fa21ee96054","name":"桃園市立富岡國民中學","level":"國中","basis":"both","data_ym":"202510"},"geometry":{"type":"Polygon","coordinates":[[[121.075161,24.941391],[121.075094,24.940886],[121.074372,24.940913],[121.074371,24.940867],[121.07303,24.940815],[121.072614,24.940793],[121.07282,24.941535],[121.072836,24.941629],[121.072819,24.941911],[121.072836,24.942085],[121.072923,24.942097],[121.072926,24.942123],[121.073337,24.942187],[121.073825,24.942195],[121.074281,24.942196],[121.074637,24.942204],[121.074673,24.942202],[121.074731,24.94219],[121.075171,24.942034],[121.075251,24.942011],[121.075241,24.941954],[121.075245,24.941953],[121.075223,24.94184],[121.075188,24.941501],[121.075161,24.941391]]]}},{"type":"Feature","properties":{"id":"ff78312cfcc5","name":"桃園市立陽明高級中學","level":"高中職","basis":"both","data_ym":"202510"},"geometry":{"type":"Polygon","coordinates":[[[121.303721,24.982245],[121.303774,24.981261],[121.303789,24.980873],[121.303783,24.980848],[121.303753,24.980801],[121.303444,24.980514],[121.303497,24.980462],[121.303327,24.980303],[121.303275,24.98035],[121.302708,24.979849],[121.302296,24.980236],[121.302306,24.980246],[121.30181,24.980722],[121.30082,24.981649],[121.302259,24.982063],[121.302813,24.982231],[121.303241,24.982353],[121.303384,24.982352],[121.30353,24.982312],[121.303721,24.982245]]]}},{"type":"Feature","properties":{"id":"0a24b5f7dd8b","name":"桃園市立慈文國民中學","level":"國中","basis":"both","data_ym":"201411"},"geometry":{"type":"Polygon","coordinates":[[[121.30198,25.008623],[121.301064,25.008255],[121.30105,25.008221],[121.299954,25.008632],[121.299731,25.009032],[121.300272,25.009275],[121.300516,25.009459],[121.300842,25.009735],[121.300968,25.00986],[121.301116,25.009974],[121.301296,25.010083],[121.302057,25.008721],[121.30198,25.008623]]]}},{"type":"Feature","properties":{"id":"bdde310b48af","name":"桃園市立新明國民中學","level":"國中","basis":"both","data_ym":"202510"},"geometry":{"type":"Polygon","coordinates":[[[121.213144,24.956875],[121.213129,24.956806],[121.213096,24.956811],[121.213083,24.956702],[121.213091,24.956673],[121.213105,24.956659],[121.213028,24.956313],[121.212986,24.956316],[121.212969,24.956299],[121.212945,24.95629],[121.212926,24.956294],[121.212897,24.956311],[121.212866,24.956321],[121.212761,24.956306],[121.212667,24.956318],[121.212408,24.956335],[121.2122,24.956318],[121.21206,24.956293],[121.211821,24.956285],[121.21181,24.956252],[121.211606,24.956234],[121.211673,24.956645],[121.211875,24.95756],[121.212177,24.95785],[121.21249,24.957572],[121.212631,24.957461],[121.212628,24.957436],[121.213103,24.957361],[121.213215,24.957276],[121.213217,24.957264],[121.213195,24.957094],[121.213153,24.956898],[121.213144,24.956875]]]}},{"type":"Feature","properties":{"id":"c4673c91f67c","name":"桃園市立新屋高級中學","level":"高中職","basis":"both","data_ym":"202108"},"geometry":{"type":"Polygon","coordinates":[[[121.102306,24.97032],[121.102357,24.97027],[121.102399,24.97029],[121.102703,24.970158],[121.102844,24.970383],[121.102886,24.970352],[121.102984,24.970313],[121.103471,24.969711],[121.102826,24.968964],[121.102268,24.968843],[121.102243,24.968854],[121.102252,24.968865],[121.102217,24.968882],[121.102194,24.968853],[121.10121,24.969377],[121.100867,24.969564],[121.100845,24.969588],[121.100843,24.969604],[121.100862,24.969639],[121.100984,24.969771],[121.101278,24.970143],[121.101498,24.97039],[121.101668,24.970567],[121.101808,24.970698],[121.102306,24.97032]]]}},{"type":"Feature","properties":{"id":"a656810c48c3","name":"桃園市立會稽國民中學","level":"國中","basis":"both","data_ym":"201901"},"geometry":{"type":"Polygon","coordinates":[[[121.312326,25.017345],[121.312672,25.017414],[121.314268,25.017858],[121.31446,25.016891],[121.314484,25.016745],[121.314535,25.016268],[121.313902,25.016179],[121.313897,25.016207],[121.313392,25.016141],[121.313029,25.016454],[121.312809,25.016666],[121.312536,25.016995],[121.312337,25.017316],[121.312326,25.017345]]]}},{"type":"Feature","properties":{"id":"828f5b16af93","name":"桃園市立楊光國民中小學","level":"國中","basis":"moe","data_ym":"201905"},"geometry":{"type":"Polygon","coordinates":[[[121.169919,24.906996],[121.170139,24.906995],[121.170151,24.906988],[121.170173,24.906932],[121.170269,24.90658],[121.170335,24.906429],[121.170411,24.906291],[121.170505,24.906151],[121.170641,24.905975],[121.170435,24.905739],[121.17034,24.905658],[121.170148,24.905639],[121.169695,24.905641],[121.169687,24.905494],[121.169669,24.905461],[121.169648,24.905445],[121.169514,24.905441],[121.169512,24.905389],[121.169225,24.905394],[121.169186,24.905335],[121.169167,24.905313],[121.169092,24.905292],[121.169017,24.905257],[121.168073,24.905413],[121.167002,24.906051],[121.166977,24.906789],[121.167031,24.906989],[121.169215,24.906988],[121.169919,24.906996]]]}},{"type":"Feature","properties":{"id":"264dce1214a1","name":"桃園市立楊明國民中學","level":"國中","basis":"both","data_ym":"202510"},"geometry":{"type":"Polygon","coordinates":[[[121.155131,24.910621],[121.155079,24.910591],[121.155075,24.910599],[121.154658,24.910383],[121.154521,24.910598],[121.154087,24.910871],[121.154079,24.910871],[121.15408,24.910875],[121.154032,24.9109],[121.153701,24.911105],[121.153511,24.911146],[121.153722,24.912357],[121.154273,24.912215],[121.154672,24.912069],[121.154924,24.911933],[121.155213,24.911763],[121.155376,24.911651],[121.155661,24.911405],[121.155906,24.911146],[121.155913,24.911123],[121.155498,24.910857],[121.155161,24.910675],[121.155171,24.910657],[121.155125,24.910632],[121.155131,24.910621]]]}},{"type":"Feature","properties":{"id":"222b4ab43a29","name":"桃園市立楊梅高級中學","level":"高中職","basis":"both","data_ym":"202108"},"geometry":{"type":"Polygon","coordinates":[[[121.148925,24.923878],[121.149122,24.923761],[121.149749,24.923347],[121.149719,24.922989],[121.149677,24.922781],[121.149638,24.922655],[121.149531,24.922378],[121.149386,24.922032],[121.149231,24.921645],[121.148989,24.921066],[121.148894,24.920811],[121.148872,24.920768],[121.148757,24.920827],[121.14854,24.920953],[121.148448,24.92102],[121.14835,24.921121],[121.148112,24.921438],[121.148036,24.921528],[121.147901,24.921627],[121.147736,24.921719],[121.147667,24.921779],[121.147643,24.921807],[121.147608,24.921864],[121.147654,24.92253],[121.147619,24.922544],[121.147254,24.92257],[121.147251,24.922437],[121.147227,24.922434],[121.147068,24.922602],[121.147068,24.922638],[121.147077,24.922676],[121.147107,24.922745],[121.147118,24.922761],[121.147164,24.922806],[121.148114,24.923384],[121.148291,24.923476],[121.148421,24.923526],[121.148488,24.923565],[121.148661,24.923723],[121.148725,24.923829],[121.148811,24.923767],[121.148925,24.923878]]]}},{"type":"Feature","properties":{"id":"1c77f3f414d9","name":"桃園市立楊梅國民中學","level":"國中","basis":"both","data_ym":"201510"},"geometry":{"type":"Polygon","coordinates":[[[121.147904,24.904906],[121.148463,24.904497],[121.148628,24.904504],[121.149417,24.903971],[121.149389,24.903814],[121.149591,24.903691],[121.149747,24.903735],[121.149798,24.90352],[121.150023,24.903797],[121.150223,24.903866],[121.150634,24.90299],[121.150628,24.902942],[121.150613,24.902921],[121.149793,24.902583],[121.149652,24.902562],[121.149568,24.902585],[121.149364,24.902661],[121.149181,24.902734],[121.149035,24.902801],[121.148952,24.902843],[121.14889,24.90288],[121.148718,24.902987],[121.148459,24.903158],[121.148265,24.903294],[121.148261,24.903308],[121.148268,24.903316],[121.148128,24.903409],[121.148119,24.903407],[121.14778,24.90364],[121.147646,24.903736],[121.147442,24.903867],[121.147182,24.904045],[121.147204,24.904072],[121.14677,24.904365],[121.146589,24.904511],[121.146459,24.904635],[121.146119,24.905],[121.146093,24.905033],[121.146355,24.905263],[121.146508,24.90537],[121.146578,24.905358],[121.146913,24.904986],[121.146962,24.904958],[121.146992,24.90496],[121.147293,24.905167],[121.147382,24.905211],[121.147441,24.905234],[121.147806,24.904972],[121.147904,24.904906]]]}},{"type":"Feature","properties":{"id":"f100c528705f","name":"桃園市立楊梅國民中學1","level":"國中","basis":"both","data_ym":"202101"},"geometry":{"type":"Polygon","coordinates":[[[121.14727,24.905251],[121.146926,24.905033],[121.1465,24.905567],[121.146848,24.905787],[121.147198,24.905336],[121.14727,24.905251]]]}},{"type":"Feature","properties":{"id":"1db9c3532ba9","name":"桃園市立楊梅國民中學秀才分校","level":"大專","basis":"branch","data_ym":"202508"},"geometry":{"type":"Polygon","coordinates":[[[121.134571,24.883505],[121.134078,24.883428],[121.133791,24.883909],[121.133693,24.883964],[121.133629,24.883984],[121.133425,24.884001],[121.133352,24.884013],[121.133745,24.884109],[121.134165,24.884307],[121.134758,24.88393],[121.134885,24.883708],[121.134861,24.883619],[121.134571,24.883505]]]}},{"type":"Feature","properties":{"id":"4a16ea61e05a","name":"桃園市立瑞坪國民中學","level":"國中","basis":"both","data_ym":"202109"},"geometry":{"type":"Polygon","coordinates":[[[121.181195,24.907283],[121.181599,24.906548],[121.181653,24.906575],[121.182043,24.905895],[121.180478,24.905677],[121.180032,24.90561],[121.179822,24.905673],[121.179537,24.906385],[121.179582,24.906412],[121.179735,24.906468],[121.179612,24.906731],[121.179566,24.906848],[121.179661,24.906863],[121.181047,24.907348],[121.18108,24.907352],[121.181135,24.907325],[121.181195,24.907283]]]}},{"type":"Feature","properties":{"id":"a4ab9a824251","name":"桃園市立瑞原國民中學","level":"國中","basis":"both","data_ym":"201411"},"geometry":{"type":"Polygon","coordinates":[[[121.122519,24.931143],[121.122483,24.931122],[121.122451,24.931122],[121.122432,24.931132],[121.121874,24.93163],[121.121725,24.931947],[121.121694,24.932284],[121.121739,24.932569],[121.121809,24.932733],[121.121816,24.932943],[121.12144,24.933412],[121.121595,24.933527],[121.121651,24.933535],[121.121768,24.933617],[121.122082,24.93323],[121.122132,24.933196],[121.122168,24.933182],[121.122233,24.933167],[121.122777,24.932937],[121.123371,24.93261],[121.123709,24.932403],[121.122519,24.931143]]]}},{"type":"Feature","properties":{"id":"61308d2e4c71","name":"桃園市立經國國民中學","level":"國中","basis":"both","data_ym":"202109"},"geometry":{"type":"Polygon","coordinates":[[[121.304709,25.023062],[121.305091,25.022587],[121.305695,25.021695],[121.305664,25.02161],[121.305312,25.021489],[121.305293,25.021454],[121.304246,25.021099],[121.304233,25.021103],[121.304023,25.021571],[121.303995,25.021562],[121.30389,25.021778],[121.303502,25.022653],[121.304326,25.022951],[121.304342,25.022914],[121.304709,25.023062]]]}},{"type":"Feature","properties":{"id":"451fd3cedc5b","name":"桃園市立過嶺國民中學","level":"國中","basis":"both","data_ym":"201411"},"geometry":{"type":"Polygon","coordinates":[[[121.175155,24.960154],[121.17355,24.959979],[121.173417,24.961055],[121.175174,24.961256],[121.175653,24.960332],[121.175651,24.9603],[121.175632,24.960262],[121.175589,24.960224],[121.175155,24.960154]]]}},{"type":"Feature","properties":{"id":"1595423e5b3f","name":"桃園市立壽山高級中學","level":"高中職","basis":"both","data_ym":"201706"},"geometry":{"type":"Polygon","coordinates":[[[121.343076,24.995467],[121.342871,24.995284],[121.342857,24.995295],[121.342796,24.995305],[121.342778,24.995244],[121.342752,24.995219],[121.342731,24.995182],[121.342647,24.995059],[121.342189,24.994697],[121.341231,24.994173],[121.341071,24.994391],[121.341087,24.994404],[121.340989,24.994535],[121.340942,24.994567],[121.340768,24.994815],[121.341059,24.994969],[121.340748,24.995403],[121.342009,24.995909],[121.342638,24.996178],[121.343076,24.995467]]]}},{"type":"Feature","properties":{"id":"3260665f7587","name":"桃園市立福豐國民中學","level":"國中","basis":"both","data_ym":"202510"},"geometry":{"type":"Polygon","coordinates":[[[121.31446,24.977215],[121.3145,24.976404],[121.314554,24.975692],[121.313344,24.975588],[121.313341,24.975614],[121.312774,24.975563],[121.312739,24.975588],[121.312615,24.977032],[121.312616,24.97712],[121.312652,24.977131],[121.312983,24.977065],[121.314425,24.977315],[121.314441,24.977312],[121.314452,24.977302],[121.31446,24.977215]]]}},{"type":"Feature","properties":{"id":"ad0180450243","name":"桃園市立興南國民中學","level":"國中","basis":"both","data_ym":"201706"},"geometry":{"type":"Polygon","coordinates":[[[121.22757,24.974174],[121.227609,24.9741],[121.227618,24.974104],[121.227749,24.973897],[121.227569,24.973763],[121.22753,24.973745],[121.227482,24.973729],[121.227419,24.973721],[121.227267,24.973724],[121.227062,24.973713],[121.22619,24.973613],[121.225979,24.973592],[121.225893,24.973595],[121.225802,24.973608],[121.225778,24.97362],[121.225765,24.974082],[121.225758,24.974178],[121.225753,24.974191],[121.225758,24.974565],[121.225755,24.974792],[121.225993,24.974849],[121.226614,24.975008],[121.226691,24.975033],[121.226961,24.975155],[121.226988,24.975153],[121.227593,24.974187],[121.22757,24.974174]]]}},{"type":"Feature","properties":{"id":"b6c66b22b7ea","name":"桃園市立龍岡國民中學","level":"國中","basis":"both","data_ym":"201803"},"geometry":{"type":"Polygon","coordinates":[[[121.252533,24.930879],[121.252788,24.929884],[121.252811,24.929825],[121.2524,24.929624],[121.252267,24.929862],[121.252185,24.929827],[121.252101,24.929781],[121.252232,24.929544],[121.252146,24.929506],[121.251643,24.929262],[121.251623,24.929285],[121.251493,24.929487],[121.251257,24.9294],[121.251166,24.929456],[121.250643,24.929676],[121.250464,24.929798],[121.250497,24.929924],[121.250505,24.93005],[121.250511,24.930103],[121.250516,24.930103],[121.250518,24.930243],[121.250394,24.93035],[121.25036,24.930465],[121.250287,24.930508],[121.250222,24.930514],[121.250126,24.930511],[121.250256,24.931106],[121.25062,24.93106],[121.250974,24.931021],[121.251476,24.930984],[121.252533,24.930879]]]}},{"type":"Feature","properties":{"id":"b018a2131596","name":"桃園市立龍潭高級中學","level":"高中職","basis":"both","data_ym":"201803"},"geometry":{"type":"Polygon","coordinates":[[[121.213386,24.86237],[121.214327,24.862904],[121.214573,24.862416],[121.214714,24.862489],[121.214718,24.862487],[121.214834,24.862186],[121.215062,24.862267],[121.215192,24.861987],[121.21523,24.862006],[121.215361,24.861693],[121.215107,24.861596],[121.21441,24.861294],[121.213177,24.860747],[121.213133,24.860833],[121.213138,24.860855],[121.213057,24.861045],[121.212606,24.86188],[121.212821,24.861968],[121.21314,24.862122],[121.213428,24.862301],[121.213386,24.86237]]]}},{"type":"Feature","properties":{"id":"3bcd47d8bf43","name":"桃園市立龍潭國民中學","level":"國中","basis":"both","data_ym":"202308"},"geometry":{"type":"Polygon","coordinates":[[[121.215371,24.855842],[121.216788,24.856449],[121.216809,24.85641],[121.216977,24.856483],[121.217426,24.856693],[121.21749,24.856478],[121.217552,24.856493],[121.217591,24.856372],[121.217514,24.85635],[121.217611,24.856065],[121.217675,24.856093],[121.217702,24.856034],[121.217618,24.855998],[121.217618,24.855998],[121.217762,24.855567],[121.217523,24.85546],[121.217424,24.855394],[121.217355,24.855333],[121.216735,24.854821],[121.216534,24.854688],[121.216301,24.855014],[121.21622,24.855109],[121.216165,24.855151],[121.215983,24.855276],[121.215927,24.855303],[121.215328,24.855045],[121.214435,24.854646],[121.214052,24.855208],[121.215402,24.855819],[121.215371,24.855842]]]}},{"type":"Feature","properties":{"id":"757cebfc5d64","name":"桃園市立龍興國民中學","level":"國中","basis":"both","data_ym":"201803"},"geometry":{"type":"Polygon","coordinates":[[[121.237605,24.938006],[121.237619,24.937943],[121.237382,24.937887],[121.237073,24.937831],[121.236947,24.937813],[121.236834,24.93781],[121.236625,24.937821],[121.236498,24.937838],[121.236348,24.937875],[121.23613,24.937962],[121.236049,24.938003],[121.236028,24.93797],[121.235823,24.938065],[121.235845,24.938099],[121.23514,24.938431],[121.235124,24.938444],[121.235135,24.938474],[121.235462,24.93901],[121.235818,24.939613],[121.235861,24.939675],[121.236677,24.93924],[121.236793,24.939146],[121.236959,24.938966],[121.237424,24.938538],[121.237605,24.938006]]]}},{"type":"Feature","properties":{"id":"7aeff7e4478b","name":"桃園市立龜山國民中學","level":"國中","basis":"both","data_ym":"201706"},"geometry":{"type":"Polygon","coordinates":[[[121.338101,24.996896],[121.337875,24.996841],[121.337656,24.996797],[121.337463,24.996772],[121.337451,24.996874],[121.337269,24.996866],[121.336878,24.997885],[121.337438,24.998133],[121.337726,24.998278],[121.337981,24.998432],[121.338426,24.998712],[121.338691,24.998867],[121.339257,24.998315],[121.339601,24.997963],[121.339767,24.997803],[121.339763,24.997772],[121.33957,24.997619],[121.339372,24.997472],[121.33919,24.997353],[121.339076,24.997287],[121.338714,24.997113],[121.338466,24.997014],[121.338101,24.996896]]]}},{"type":"Feature","properties":{"id":"fa5c3c52240e","name":"桃園市立羅浮高級中學","level":"高中職","basis":"both","data_ym":"202309"},"geometry":{"type":"Polygon","coordinates":[[[121.365367,24.797631],[121.365378,24.797583],[121.365397,24.79756],[121.365436,24.797547],[121.365597,24.797544],[121.365906,24.797462],[121.365662,24.796844],[121.36547,24.796704],[121.36456,24.796154],[121.364343,24.796005],[121.364091,24.796258],[121.36397,24.79619],[121.363667,24.796538],[121.363668,24.796709],[121.36361,24.796709],[121.363605,24.796733],[121.363616,24.797146],[121.363629,24.797193],[121.363664,24.797254],[121.363741,24.797336],[121.363769,24.79733],[121.363971,24.797046],[121.364587,24.79745],[121.364574,24.797499],[121.364614,24.797485],[121.364692,24.797502],[121.3647,24.797521],[121.36474,24.797565],[121.36485,24.797605],[121.365087,24.797603],[121.365212,24.797623],[121.365326,24.79762],[121.365367,24.797631]]]}},{"type":"Feature","properties":{"id":"2893468262d7","name":"桃園市立觀音高級中學","level":"高中職","basis":"both","data_ym":"202307"},"geometry":{"type":"Polygon","coordinates":[[[121.132971,25.016569],[121.133513,25.016305],[121.133653,25.016365],[121.134117,25.015825],[121.134085,25.015804],[121.134153,25.015719],[121.134181,25.015694],[121.134209,25.015651],[121.134231,25.015591],[121.134233,25.015547],[121.133681,25.014667],[121.133515,25.014745],[121.133347,25.014456],[121.133055,25.014608],[121.132748,25.014756],[121.132739,25.01474],[121.132635,25.014792],[121.132064,25.015038],[121.132345,25.015522],[121.132971,25.016569]]]}},{"type":"Feature","properties":{"id":"8bfacc693e95","name":"桃園市立觀音國民中學","level":"國中","basis":"both","data_ym":"202108"},"geometry":{"type":"Polygon","coordinates":[[[121.080842,25.040535],[121.081358,25.039872],[121.081396,25.039918],[121.081832,25.04026],[121.081868,25.040259],[121.082117,25.039925],[121.082116,25.039892],[121.081547,25.03926],[121.081504,25.039205],[121.081502,25.039177],[121.081542,25.039133],[121.081463,25.039037],[121.081425,25.038984],[121.081097,25.038901],[121.081008,25.038871],[121.080929,25.038844],[121.080833,25.03878],[121.080809,25.038834],[121.08079,25.038854],[121.080601,25.038939],[121.080437,25.039061],[121.079817,25.039678],[121.079799,25.039696],[121.079549,25.040038],[121.079578,25.040057],[121.079354,25.04033],[121.079716,25.040589],[121.080489,25.041048],[121.080894,25.04058],[121.080842,25.040535]]]}},{"type":"Feature","properties":{"id":"c6459e1c4ed7","name":"桃園市私立大華高級中學","level":"高中職","basis":"both","data_ym":"202510"},"geometry":{"type":"Polygon","coordinates":[[[121.175445,24.882858],[121.175494,24.882848],[121.175529,24.882851],[121.17565,24.882879],[121.175783,24.882922],[121.17583,24.882822],[121.17575,24.882783],[121.175614,24.882732],[121.175313,24.882679],[121.175223,24.882643],[121.175162,24.882591],[121.175128,24.88253],[121.175114,24.88248],[121.175112,24.882406],[121.175172,24.882263],[121.175196,24.882184],[121.175177,24.882127],[121.175137,24.882069],[121.174761,24.881863],[121.174698,24.881837],[121.17461,24.881817],[121.174488,24.881825],[121.174437,24.881847],[121.174239,24.882034],[121.173458,24.882884],[121.173237,24.883432],[121.173175,24.883569],[121.173092,24.883725],[121.173109,24.883735],[121.173014,24.883936],[121.17278,24.884492],[121.173362,24.884637],[121.17364,24.88477],[121.17389,24.884927],[121.174371,24.883988],[121.174443,24.883856],[121.175364,24.882922],[121.175445,24.882858]]]}},{"type":"Feature","properties":{"id":"f65f6994fa9d","name":"桃園市私立大興高級中學","level":"高中職","basis":"both","data_ym":"201802"},"geometry":{"type":"Polygon","coordinates":[[[121.192631,25.06121],[121.192338,25.060843],[121.192123,25.060544],[121.192097,25.06053],[121.192084,25.06044],[121.192033,25.06044],[121.191965,25.060429],[121.191916,25.060402],[121.19165,25.060417],[121.19105,25.060502],[121.191014,25.06052],[121.19084,25.060673],[121.19053,25.060964],[121.190585,25.060998],[121.190664,25.060938],[121.191364,25.061011],[121.191196,25.062129],[121.192526,25.062278],[121.192529,25.062307],[121.192884,25.062349],[121.192894,25.061981],[121.192906,25.061773],[121.192794,25.061606],[121.192779,25.061574],[121.19277,25.061536],[121.192785,25.061433],[121.192666,25.061243],[121.192631,25.06121]]]}},{"type":"Feature","properties":{"id":"0817a9ea2edb","name":"桃園市私立六和高級中學","level":"高中職","basis":"both","data_ym":"201811"},"geometry":{"type":"Polygon","coordinates":[[[121.185485,24.947523],[121.185566,24.947439],[121.185544,24.947143],[121.186327,24.94713],[121.186183,24.945884],[121.186053,24.945889],[121.186014,24.945488],[121.185978,24.945454],[121.185972,24.945416],[121.185898,24.944322],[121.185954,24.944355],[121.185945,24.944209],[121.185937,24.944214],[121.185888,24.944223],[121.184344,24.944497],[121.184257,24.944509],[121.183762,24.944356],[121.183503,24.944527],[121.183258,24.944609],[121.182909,24.944853],[121.182201,24.945266],[121.18209,24.945314],[121.181892,24.945379],[121.181663,24.945461],[121.181192,24.945672],[121.181148,24.945704],[121.181099,24.945776],[121.181099,24.945812],[121.18111,24.945839],[121.181148,24.945889],[121.181434,24.946203],[121.181479,24.946284],[121.181544,24.946433],[121.181671,24.94658],[121.181763,24.946609],[121.182025,24.946679],[121.182085,24.946688],[121.18212,24.946139],[121.182167,24.945924],[121.182308,24.94574],[121.182498,24.945623],[121.182565,24.945608],[121.182767,24.945657],[121.183063,24.945585],[121.183452,24.945441],[121.183599,24.945446],[121.18367,24.945508],[121.183707,24.945621],[121.18372,24.94568],[121.183735,24.945926],[121.183759,24.946019],[121.183805,24.946128],[121.183889,24.946249],[121.183897,24.946252],[121.18428,24.946698],[121.184667,24.947118],[121.184725,24.947278],[121.184713,24.94748],[121.184758,24.947509],[121.185216,24.947497],[121.185485,24.947523]]]}},{"type":"Feature","properties":{"id":"fa158864c570","name":"桃園市私立方曙商工高級中學","level":"高中職","basis":"both","data_ym":"202109"},"geometry":{"type":"Polygon","coordinates":[[[121.200682,24.858415],[121.20085,24.858157],[121.200957,24.858226],[121.201619,24.857347],[121.201445,24.857261],[121.201544,24.857112],[121.20162,24.857047],[121.20172,24.856979],[121.201782,24.856949],[121.201801,24.856953],[121.201815,24.856972],[121.201815,24.856843],[121.20183,24.856708],[121.201727,24.856776],[121.201708,24.856645],[121.201498,24.856486],[121.20099,24.856999],[121.200199,24.856497],[121.200033,24.856697],[121.20002,24.856701],[121.199915,24.856874],[121.199774,24.857125],[121.19969,24.85736],[121.198878,24.858409],[121.199224,24.858608],[121.199358,24.858642],[121.200119,24.858776],[121.200227,24.858788],[121.200268,24.858788],[121.200317,24.858766],[121.200353,24.858742],[121.200399,24.8587],[121.200559,24.858494],[121.200625,24.858448],[121.200682,24.858415]]]}},{"type":"Feature","properties":{"id":"8e01188743a8","name":"桃園市私立永平工商高級中學","level":"高中職","basis":"both","data_ym":"202109"},"geometry":{"type":"Polygon","coordinates":[[[121.173027,24.920275],[121.173211,24.920261],[121.173343,24.920244],[121.173745,24.920206],[121.174438,24.920267],[121.174449,24.920245],[121.17446,24.920148],[121.174572,24.919799],[121.174926,24.919911],[121.175172,24.91997],[121.175787,24.920176],[121.175809,24.920081],[121.175798,24.920081],[121.17581,24.920035],[121.175933,24.919601],[121.17552,24.919484],[121.174824,24.919278],[121.174823,24.919282],[121.174665,24.91924],[121.173196,24.91882],[121.173174,24.918867],[121.172788,24.92015],[121.172736,24.920308],[121.173027,24.920275]]]}},{"type":"Feature","properties":{"id":"9654363810c1","name":"桃園市私立光啟高級中學","level":"高中職","basis":"both","data_ym":"202109"},"geometry":{"type":"Polygon","coordinates":[[[121.404149,25.019705],[121.404195,25.019508],[121.404174,25.019487],[121.404296,25.019351],[121.404157,25.019268],[121.404115,25.01931],[121.404106,25.019312],[121.403898,25.019219],[121.403883,25.019236],[121.40364,25.019135],[121.403653,25.019094],[121.403608,25.018981],[121.403534,25.018891],[121.40343,25.018829],[121.403383,25.018806],[121.403316,25.018761],[121.403327,25.018728],[121.403261,25.018698],[121.403189,25.018645],[121.402934,25.019014],[121.402877,25.019079],[121.402745,25.019202],[121.402693,25.019261],[121.40255,25.019458],[121.402214,25.019953],[121.401987,25.020437],[121.402202,25.020489],[121.402647,25.020587],[121.40329,25.020745],[121.403465,25.020601],[121.403558,25.020512],[121.403776,25.020278],[121.403865,25.020204],[121.403889,25.020172],[121.403906,25.020122],[121.403899,25.020121],[121.403911,25.020067],[121.403907,25.020016],[121.403915,25.019937],[121.403938,25.01988],[121.403964,25.019838],[121.403987,25.019761],[121.404071,25.019785],[121.404149,25.019705]]]}},{"type":"Feature","properties":{"id":"da74dcdcc16b","name":"桃園市私立有得雙語國民中小學","level":"國中","basis":"name","data_ym":"202510"},"geometry":{"type":"Polygon","coordinates":[[[121.252026,24.981056],[121.252027,24.980943],[121.251994,24.98081],[121.251971,24.98078],[121.251876,24.980711],[121.25185,24.980668],[121.251775,24.980452],[121.25154,24.980337],[121.251542,24.980324],[121.251287,24.980199],[121.251261,24.980217],[121.251234,24.980203],[121.251079,24.980093],[121.250924,24.980369],[121.251176,24.980457],[121.251036,24.980848],[121.251217,24.980997],[121.25126,24.981037],[121.251263,24.981035],[121.251354,24.981152],[121.251281,24.981191],[121.251122,24.981297],[121.251713,24.981567],[121.251975,24.981192],[121.252019,24.981094],[121.252026,24.981056]]]}},{"type":"Feature","properties":{"id":"01188e8a5daa","name":"桃園市私立至善高級中學","level":"高中職","basis":"both","data_ym":"202510"},"geometry":{"type":"Polygon","coordinates":[[[121.286163,24.867486],[121.286102,24.867251],[121.286426,24.86714],[121.286261,24.866703],[121.285951,24.865948],[121.28588,24.865835],[121.285839,24.865792],[121.285758,24.865732],[121.285727,24.865732],[121.285549,24.865982],[121.285041,24.866109],[121.284229,24.866367],[121.284244,24.866857],[121.284613,24.866785],[121.284704,24.867076],[121.284685,24.867105],[121.284669,24.867148],[121.284571,24.867162],[121.284561,24.867161],[121.284553,24.867152],[121.284548,24.867135],[121.284253,24.867156],[121.28426,24.867344],[121.284714,24.867311],[121.284722,24.867362],[121.284751,24.867357],[121.28478,24.867535],[121.284825,24.867879],[121.284826,24.867901],[121.284806,24.868008],[121.284852,24.868128],[121.285568,24.867847],[121.28617,24.867623],[121.28617,24.867545],[121.286163,24.867486]]]}},{"type":"Feature","properties":{"id":"94e243edd38b","name":"桃園市私立治平高級中學","level":"高中職","basis":"both","data_ym":"202307"},"geometry":{"type":"Polygon","coordinates":[[[121.188631,24.916461],[121.188927,24.915563],[121.188816,24.91531],[121.188794,24.915176],[121.188808,24.915031],[121.188848,24.91491],[121.188879,24.914729],[121.187867,24.914626],[121.187849,24.914747],[121.187583,24.914722],[121.187568,24.915071],[121.187165,24.915057],[121.187159,24.915315],[121.187049,24.915351],[121.186961,24.915342],[121.186815,24.915343],[121.186817,24.915519],[121.186898,24.915519],[121.186899,24.915594],[121.186934,24.916044],[121.187125,24.916084],[121.187112,24.916134],[121.187364,24.91622],[121.187333,24.916321],[121.187614,24.916405],[121.18765,24.916325],[121.188489,24.916615],[121.188522,24.91662],[121.188557,24.916615],[121.188569,24.916601],[121.188631,24.916461]]]}},{"type":"Feature","properties":{"id":"bc8fabca8459","name":"桃園市私立振聲高級中學","level":"高中職","basis":"both","data_ym":"202510"},"geometry":{"type":"Polygon","coordinates":[[[121.301352,24.991142],[121.302403,24.990539],[121.302258,24.990386],[121.30222,24.990349],[121.302177,24.990316],[121.301478,24.989798],[121.301417,24.989778],[121.301213,24.989652],[121.300976,24.989905],[121.300974,24.989944],[121.300861,24.989955],[121.300561,24.990014],[121.300429,24.990196],[121.300407,24.990221],[121.300607,24.990464],[121.30062,24.990461],[121.300686,24.990539],[121.300696,24.990533],[121.300719,24.990562],[121.300693,24.990581],[121.300579,24.990605],[121.300405,24.990648],[121.300401,24.990784],[121.300371,24.99094],[121.300348,24.991009],[121.300366,24.991031],[121.300488,24.991099],[121.300648,24.991108],[121.300693,24.99114],[121.300814,24.991079],[121.300963,24.991079],[121.301082,24.991066],[121.301115,24.991108],[121.301119,24.991106],[121.30114,24.991108],[121.301384,24.99141],[121.30149,24.99135],[121.301352,24.991142]]]}},{"type":"Feature","properties":{"id":"fa647dbabbfe","name":"桃園市私立啟英高級中學","level":"高中職","basis":"both","data_ym":"201803"},"geometry":{"type":"Polygon","coordinates":[[[121.235902,24.975949],[121.23589,24.975439],[121.235971,24.97544],[121.236079,24.975455],[121.236078,24.975348],[121.236045,24.975356],[121.235888,24.975356],[121.235868,24.974435],[121.234563,24.974423],[121.234589,24.975918],[121.2346,24.975933],[121.234633,24.975939],[121.235902,24.975949]]]}},{"type":"Feature","properties":{"id":"ca19d5e74161","name":"桃園市私立康萊爾雙語國民中小學","level":"國中","basis":"name","data_ym":"202508"},"geometry":{"type":"Polygon","coordinates":[[[121.297625,25.000797],[121.297643,25.000794],[121.297784,25.000828],[121.298011,25.000337],[121.298034,25.000279],[121.297794,25.000195],[121.297861,25.000045],[121.297739,24.999998],[121.297649,25.000158],[121.297447,25.000041],[121.297557,24.999925],[121.297625,24.999754],[121.297581,24.999733],[121.297515,24.999819],[121.297482,24.999812],[121.296714,24.999589],[121.296671,24.999609],[121.296388,25.000444],[121.296409,25.000485],[121.29758,25.000889],[121.297625,25.000797]]]}},{"type":"Feature","properties":{"id":"5d1b6bc58ef7","name":"桃園市私立清華高級中學","level":"高中職","basis":"both","data_ym":"202108"},"geometry":{"type":"Polygon","coordinates":[[[121.108353,24.982664],[121.108755,24.982498],[121.108913,24.982593],[121.109307,24.982222],[121.109509,24.982012],[121.109473,24.981983],[121.109734,24.981717],[121.109433,24.981525],[121.108534,24.980918],[121.10816,24.980679],[121.107913,24.980805],[121.107836,24.980852],[121.107779,24.980915],[121.107658,24.980981],[121.107591,24.981008],[121.107623,24.981127],[121.107715,24.981427],[121.107826,24.981823],[121.107831,24.981887],[121.10783,24.981994],[121.107821,24.982086],[121.1078,24.982168],[121.107785,24.982206],[121.10814,24.982581],[121.108353,24.982664]]]}},{"type":"Feature","properties":{"id":"925418c62cf4","name":"桃園市私立復旦高級中學","level":"高中職","basis":"both","data_ym":"202510"},"geometry":{"type":"Polygon","coordinates":[[[121.203762,24.948766],[121.203716,24.948719],[121.203713,24.948722],[121.20357,24.94861],[121.203346,24.948453],[121.203343,24.948458],[121.203168,24.948349],[121.203177,24.94834],[121.202828,24.948098],[121.201916,24.947444],[121.201517,24.948016],[121.201553,24.948263],[121.201499,24.94828],[121.201556,24.948482],[121.201536,24.948542],[121.201729,24.94862],[121.201812,24.948684],[121.202684,24.949314],[121.203111,24.94964],[121.203186,24.949707],[121.203334,24.949861],[121.203364,24.949728],[121.203431,24.949564],[121.203514,24.949413],[121.203642,24.949247],[121.203785,24.949102],[121.203879,24.948981],[121.203862,24.948911],[121.203839,24.948863],[121.203781,24.948791],[121.203757,24.948772],[121.203762,24.948766]]]}},{"type":"Feature","properties":{"id":"6ad181a5fdbb","name":"桃園市私立新興高級中學","level":"高中職","basis":"both","data_ym":"202510"},"geometry":{"type":"Polygon","coordinates":[[[121.271591,24.975297],[121.272075,24.975046],[121.272053,24.974982],[121.272022,24.974986],[121.272006,24.974885],[121.271973,24.974809],[121.271984,24.974694],[121.272033,24.974472],[121.272035,24.974447],[121.272082,24.974333],[121.272117,24.974301],[121.272217,24.974236],[121.27225,24.974118],[121.272332,24.974134],[121.27239,24.973913],[121.272407,24.973718],[121.272525,24.973641],[121.27239,24.973487],[121.272274,24.973583],[121.272034,24.97367],[121.271999,24.973334],[121.272005,24.973135],[121.272011,24.973134],[121.272024,24.973],[121.27201,24.972972],[121.27202,24.972942],[121.272011,24.97294],[121.272052,24.972808],[121.271923,24.972762],[121.271859,24.972717],[121.271732,24.972704],[121.271658,24.972667],[121.271631,24.97265],[121.271601,24.972614],[121.271605,24.972604],[121.271602,24.972566],[121.27155,24.972548],[121.271514,24.972632],[121.271536,24.972639],[121.271385,24.972757],[121.271246,24.972721],[121.271149,24.972805],[121.271407,24.973115],[121.271407,24.973148],[121.271207,24.973333],[121.270856,24.973744],[121.270848,24.974182],[121.270841,24.97425],[121.270856,24.974368],[121.270882,24.974362],[121.270998,24.974624],[121.270982,24.974637],[121.27096,24.974628],[121.27031,24.974793],[121.270461,24.975148],[121.270568,24.975151],[121.270791,24.975171],[121.270961,24.975165],[121.271002,24.975204],[121.271144,24.97518],[121.271146,24.975206],[121.271202,24.975217],[121.27138,24.975193],[121.271486,24.97519],[121.271559,24.975182],[121.271572,24.975257],[121.271595,24.97525],[121.271607,24.975281],[121.271589,24.975288],[121.271591,24.975297]]]}},{"type":"Feature","properties":{"id":"2e9f2051f2ca","name":"桃園市私立新興國際國民中小學","level":"國中","basis":"name","data_ym":"202510"},"geometry":{"type":"Polygon","coordinates":[[[121.283987,25.016785],[121.284011,25.016563],[121.283997,25.016255],[121.283995,25.016228],[121.283987,25.016203],[121.284004,25.016145],[121.284113,25.016182],[121.284095,25.01611],[121.284491,25.01624],[121.284658,25.015836],[121.284902,25.015913],[121.284969,25.015744],[121.284726,25.015669],[121.284873,25.015322],[121.283999,25.015122],[121.284126,25.014721],[121.283641,25.014617],[121.28343,25.015267],[121.283029,25.015175],[121.282913,25.01554],[121.282649,25.01547],[121.282577,25.015685],[121.282661,25.015824],[121.282889,25.015956],[121.282955,25.015943],[121.283202,25.016035],[121.28322,25.016074],[121.283059,25.016341],[121.282995,25.016427],[121.282958,25.016465],[121.282867,25.016535],[121.282992,25.016666],[121.283065,25.016619],[121.283291,25.016751],[121.283392,25.016673],[121.283498,25.016727],[121.283958,25.016796],[121.283987,25.016785]]]}},{"type":"Feature","properties":{"id":"5906f963d8ba","name":"桃園市私立路亞國際高級中學","level":"高中職","basis":"both","data_ym":"202508"},"geometry":{"type":"Polygon","coordinates":[[[121.245512,24.848036],[121.245708,24.847911],[121.245744,24.847879],[121.245793,24.847818],[121.245866,24.847697],[121.245892,24.847639],[121.245909,24.847508],[121.245906,24.847367],[121.245894,24.847288],[121.245876,24.847246],[121.245826,24.84716],[121.245725,24.847035],[121.245474,24.847175],[121.245429,24.847104],[121.245375,24.847135],[121.245152,24.846796],[121.244178,24.847336],[121.244534,24.847919],[121.244552,24.84791],[121.244633,24.848041],[121.244653,24.848031],[121.244865,24.848391],[121.245133,24.848247],[121.245512,24.848036]]]}},{"type":"Feature","properties":{"id":"76e617bc7864","name":"桃園市私立福祿貝爾國民小學","level":"國小","basis":"both","data_ym":"201706"},"geometry":{"type":"Polygon","coordinates":[[[121.214742,24.853704],[121.214479,24.853602],[121.214334,24.853806],[121.214909,24.854082],[121.215054,24.854143],[121.215207,24.853903],[121.214742,24.853704]]]}},{"type":"Feature","properties":{"id":"5db76c2d5116","name":"桃園市私立諾瓦國民小學","level":"國小","basis":"both","data_ym":"202508"},"geometry":{"type":"Polygon","coordinates":[[[121.175983,24.846387],[121.177023,24.845362],[121.177091,24.845429],[121.177489,24.845754],[121.178292,24.845016],[121.178053,24.844806],[121.177984,24.844871],[121.177556,24.844525],[121.177603,24.844479],[121.177404,24.844313],[121.177673,24.844057],[121.177483,24.843924],[121.175409,24.84596],[121.175983,24.846387]]]}},{"type":"Feature","properties":{"id":"7adc49fd7bcf","name":"桃園市育達高級中學","level":"高中職","basis":"both","data_ym":"202510"},"geometry":{"type":"Polygon","coordinates":[[[121.209693,24.951946],[121.209682,24.951823],[121.209375,24.951789],[121.208022,24.951607],[121.207993,24.951842],[121.207679,24.951803],[121.207661,24.951944],[121.207703,24.951948],[121.2077,24.952145],[121.207705,24.952542],[121.207812,24.95264],[121.207891,24.952756],[121.207959,24.952767],[121.208133,24.952785],[121.209095,24.952861],[121.209149,24.952861],[121.209197,24.952844],[121.209361,24.952709],[121.209449,24.952597],[121.209485,24.952538],[121.209516,24.952474],[121.209682,24.951989],[121.209693,24.951946]]]}},{"type":"Feature","properties":{"id":"7537f1b6832b","name":"桃園市原住民族部落大學","level":"大專","basis":"name","data_ym":"202110"},"geometry":{"type":"Polygon","coordinates":[[[121.282457,24.896163],[121.282434,24.896008],[121.2825,24.896002],[121.282492,24.895967],[121.282492,24.8959],[121.282409,24.895856],[121.281876,24.895919],[121.281472,24.895989],[121.281327,24.896032],[121.281274,24.896097],[121.281258,24.896111],[121.281213,24.896193],[121.281184,24.896279],[121.281181,24.896323],[121.282457,24.896163]]]}},{"type":"Feature","properties":{"id":"0a93c152af05","name":"桃園市桃園區大有國民小學","level":"國小","basis":"both","data_ym":"201901"},"geometry":{"type":"Polygon","coordinates":[[[121.321808,25.009154],[121.320355,25.00872],[121.319975,25.009676],[121.32145,25.010127],[121.321808,25.009154]]]}},{"type":"Feature","properties":{"id":"9c06e57a7880","name":"桃園市桃園區大業國民小學","level":"國小","basis":"both","data_ym":"201901"},"geometry":{"type":"Polygon","coordinates":[[[121.316017,25.007078],[121.316095,25.00688],[121.316106,25.006884],[121.31615,25.006788],[121.31614,25.006785],[121.316406,25.00626],[121.31622,25.006158],[121.31551,25.005822],[121.315169,25.005654],[121.3149,25.00617],[121.314773,25.00643],[121.314597,25.006825],[121.315933,25.007227],[121.315961,25.007206],[121.316017,25.007078]]]}},{"type":"Feature","properties":{"id":"576cea432eaf","name":"桃園市桃園區中山國民小學","level":"國小","basis":"both","data_ym":"202510"},"geometry":{"type":"Polygon","coordinates":[[[121.29104,24.985974],[121.289911,24.985883],[121.28991,24.985894],[121.289696,24.985878],[121.289681,24.986072],[121.289604,24.986767],[121.289611,24.986791],[121.28976,24.986806],[121.289759,24.986809],[121.290552,24.986872],[121.291515,24.986962],[121.291569,24.98636],[121.291632,24.986004],[121.29104,24.985974]]]}},{"type":"Feature","properties":{"id":"b715212b78c6","name":"桃園市桃園區中埔國民小學","level":"國小","basis":"both","data_ym":"202510"},"geometry":{"type":"Polygon","coordinates":[[[121.287843,25.010117],[121.287721,25.009396],[121.2877,25.009398],[121.287669,25.009196],[121.287238,25.009244],[121.287004,25.009278],[121.287007,25.009294],[121.286987,25.009297],[121.286982,25.009266],[121.286863,25.009282],[121.286868,25.009312],[121.286055,25.00942],[121.28614,25.009839],[121.286626,25.00977],[121.286713,25.010312],[121.287154,25.010228],[121.287843,25.010117]]]}},{"type":"Feature","properties":{"id":"db29c8528796","name":"桃園市桃園區文山國民小學","level":"國小","basis":"both","data_ym":"202510"},"geometry":{"type":"Polygon","coordinates":[[[121.291427,24.997987],[121.292455,24.997774],[121.29252,24.997748],[121.292598,24.997705],[121.292469,24.996543],[121.292431,24.996085],[121.29142,24.996076],[121.29142,24.997036],[121.291427,24.997987]]]}},{"type":"Feature","properties":{"id":"37335ebcf21e","name":"桃園市桃園區北門國民小學","level":"國小","basis":"both","data_ym":"201901"},"geometry":{"type":"Polygon","coordinates":[[[121.307469,25.006702],[121.30602,25.00611],[121.305932,25.006347],[121.305804,25.006869],[121.305835,25.007025],[121.305922,25.007183],[121.305952,25.007208],[121.307048,25.007671],[121.307081,25.007638],[121.307219,25.007289],[121.307469,25.006702]]]}},{"type":"Feature","properties":{"id":"a6321d6866d3","name":"桃園市桃園區永順國民小學","level":"國小","basis":"both","data_ym":"202510"},"geometry":{"type":"Polygon","coordinates":[[[121.297532,25.00939],[121.298121,25.008092],[121.297956,25.007561],[121.297733,25.00727],[121.29717,25.007659],[121.29654,25.008102],[121.296538,25.008125],[121.296988,25.008702],[121.297016,25.008684],[121.297131,25.008836],[121.297103,25.008858],[121.297502,25.00939],[121.297532,25.00939]]]}},{"type":"Feature","properties":{"id":"dca4a7c005ce","name":"桃園市桃園區同安國民小學","level":"國小","basis":"both","data_ym":"202510"},"geometry":{"type":"Polygon","coordinates":[[[121.298602,25.022599],[121.298932,25.022157],[121.299195,25.021795],[121.298386,25.021487],[121.297977,25.0215],[121.297977,25.021495],[121.297972,25.021495],[121.297965,25.021342],[121.2974,25.021137],[121.297114,25.021815],[121.297199,25.02205],[121.297894,25.022307],[121.297944,25.022307],[121.297948,25.022338],[121.297982,25.022337],[121.298101,25.022385],[121.29828,25.022394],[121.29828,25.022465],[121.298602,25.022599]]]}},{"type":"Feature","properties":{"id":"e7ce6295654a","name":"桃園市桃園區同德國民小學","level":"國小","basis":"both","data_ym":"201901"},"geometry":{"type":"Polygon","coordinates":[[[121.296612,25.01515],[121.296833,25.014628],[121.296743,25.014594],[121.297003,25.014055],[121.295895,25.01362],[121.295348,25.014652],[121.295776,25.014832],[121.295782,25.014822],[121.296004,25.014912],[121.295999,25.014923],[121.296407,25.015092],[121.296416,25.015075],[121.296612,25.01515]]]}},{"type":"Feature","properties":{"id":"d6dab10154bf","name":"桃園市桃園區成功國民小學","level":"國小","basis":"both","data_ym":"201901"},"geometry":{"type":"Polygon","coordinates":[[[121.306894,24.999721],[121.307292,24.999079],[121.307323,24.999094],[121.307658,24.998551],[121.307325,24.998377],[121.307226,24.998331],[121.307167,24.998297],[121.307084,24.998235],[121.307018,24.998172],[121.306956,24.9981],[121.306771,24.998244],[121.30675,24.998217],[121.306613,24.998281],[121.306337,24.997998],[121.306322,24.997919],[121.306255,24.997935],[121.306224,24.997964],[121.305987,24.998055],[121.305725,24.998166],[121.305622,24.998176],[121.305642,24.99829],[121.30565,24.99841],[121.305648,24.998513],[121.305638,24.998592],[121.305617,24.998664],[121.30559,24.998737],[121.305506,24.998892],[121.305502,24.998957],[121.305524,24.998993],[121.305514,24.999007],[121.30572,24.999125],[121.305731,24.99911],[121.30579,24.999147],[121.305844,24.999117],[121.305861,24.999112],[121.305941,24.999155],[121.305904,24.999209],[121.306836,24.999744],[121.306849,24.999748],[121.306869,24.999746],[121.306894,24.999721]]]}},{"type":"Feature","properties":{"id":"ade4807e0db2","name":"桃園市桃園區西門國民小學","level":"國小","basis":"both","data_ym":"201901"},"geometry":{"type":"Polygon","coordinates":[[[121.305097,24.994667],[121.304,24.994607],[121.303815,24.994593],[121.30376,24.995252],[121.303805,24.995288],[121.305018,24.995366],[121.305048,24.995343],[121.305097,24.994667]]]}},{"type":"Feature","properties":{"id":"fdec8ab70f01","name":"桃園市桃園區快樂國民小學","level":"國小","basis":"both","data_ym":"201901"},"geometry":{"type":"Polygon","coordinates":[[[121.314294,25.017865],[121.314099,25.017812],[121.313906,25.018476],[121.315127,25.018943],[121.315474,25.019063],[121.315583,25.018717],[121.315621,25.018727],[121.315664,25.018594],[121.315641,25.018587],[121.315775,25.018157],[121.315797,25.018162],[121.315833,25.018056],[121.314917,25.017794],[121.314365,25.017631],[121.314294,25.017865]]]}},{"type":"Feature","properties":{"id":"4c076bedd6c9","name":"桃園市桃園區東門國民小學","level":"國小","basis":"both","data_ym":"202510"},"geometry":{"type":"Polygon","coordinates":[[[121.316219,24.994698],[121.316308,24.994464],[121.316313,24.994462],[121.316318,24.994448],[121.316428,24.994481],[121.316462,24.994393],[121.315316,24.994039],[121.315253,24.994202],[121.315117,24.994165],[121.31494,24.994637],[121.314906,24.994626],[121.314594,24.995493],[121.315328,24.995719],[121.315708,24.99585],[121.315704,24.995863],[121.315877,24.995918],[121.316115,24.995276],[121.316244,24.99496],[121.316224,24.994952],[121.316307,24.994725],[121.316219,24.994698]]]}},{"type":"Feature","properties":{"id":"f9bc605bb88b","name":"桃園市桃園區青溪國民小學","level":"國小","basis":"both","data_ym":"201901"},"geometry":{"type":"Polygon","coordinates":[[[121.318738,24.999461],[121.318004,24.999226],[121.317771,24.999317],[121.31767,24.999594],[121.31733,25.000477],[121.31735,25.000503],[121.317707,25.000488],[121.318087,25.000412],[121.31816,25.000391],[121.318412,25.000303],[121.318808,25.000104],[121.319171,24.999867],[121.319317,24.999743],[121.319277,24.999705],[121.319344,24.999648],[121.31915,24.999584],[121.318738,24.999461]]]}},{"type":"Feature","properties":{"id":"0ff9738384c2","name":"桃園市桃園區南門國民小學","level":"國小","basis":"both","data_ym":"202510"},"geometry":{"type":"Polygon","coordinates":[[[121.305532,24.988989],[121.305531,24.98897],[121.305728,24.98895],[121.305716,24.988744],[121.305663,24.988158],[121.305558,24.988128],[121.305483,24.988114],[121.305429,24.988106],[121.305317,24.988102],[121.304224,24.988187],[121.304201,24.988212],[121.304205,24.988371],[121.304185,24.988394],[121.304184,24.988585],[121.30417,24.988729],[121.304143,24.988874],[121.304144,24.988904],[121.304122,24.989073],[121.304838,24.989026],[121.305361,24.988976],[121.305386,24.989035],[121.305394,24.989136],[121.305408,24.989174],[121.305532,24.989153],[121.305514,24.98899],[121.305532,24.988989]]]}},{"type":"Feature","properties":{"id":"b55fd9a5fd5c","name":"桃園市桃園區建國國民小學","level":"國小","basis":"both","data_ym":"202510"},"geometry":{"type":"Polygon","coordinates":[[[121.316407,24.981793],[121.314914,24.981629],[121.314901,24.981636],[121.314948,24.982152],[121.314765,24.983494],[121.31522,24.983544],[121.316144,24.983614],[121.31659,24.983657],[121.316595,24.983467],[121.316593,24.982871],[121.316627,24.981886],[121.316616,24.981878],[121.316407,24.981793]]]}},{"type":"Feature","properties":{"id":"b86298ab489c","name":"桃園市桃園區建德國民小學","level":"國小","basis":"both","data_ym":"202510"},"geometry":{"type":"Polygon","coordinates":[[[121.316078,24.97586],[121.314821,24.975739],[121.31478,24.976432],[121.314739,24.977337],[121.314767,24.977374],[121.31597,24.977556],[121.316078,24.97586]]]}},{"type":"Feature","properties":{"id":"2eb7fbfe9c88","name":"桃園市桃園區桃園國民小學","level":"國小","basis":"both","data_ym":"201901"},"geometry":{"type":"Polygon","coordinates":[[[121.309261,24.99199],[121.309373,24.992117],[121.309658,24.99229],[121.310753,24.992633],[121.311042,24.991869],[121.311126,24.991661],[121.310772,24.991553],[121.310701,24.991757],[121.310415,24.991666],[121.310369,24.991648],[121.310444,24.991446],[121.309591,24.991147],[121.309261,24.99199]]]}},{"type":"Feature","properties":{"id":"21b7a05b68a3","name":"桃園市桃園區莊敬國民小學","level":"國小","basis":"both","data_ym":"201901"},"geometry":{"type":"Polygon","coordinates":[[[121.292968,25.02142],[121.293279,25.020791],[121.293601,25.020065],[121.29281,25.019734],[121.292324,25.019704],[121.292355,25.020289],[121.292403,25.020964],[121.292281,25.02118],[121.292602,25.021305],[121.292623,25.021304],[121.292639,25.021291],[121.292968,25.02142]]]}},{"type":"Feature","properties":{"id":"aa88abfe95c9","name":"桃園市桃園區慈文國民小學","level":"國小","basis":"both","data_ym":"201901"},"geometry":{"type":"Polygon","coordinates":[[[121.303498,25.012615],[121.30474,25.013115],[121.305302,25.012001],[121.304106,25.011495],[121.303764,25.012153],[121.30373,25.012139],[121.303498,25.012615]]]}},{"type":"Feature","properties":{"id":"2111d215e978","name":"桃園市桃園區新埔國民小學","level":"國小","basis":"both","data_ym":"202510"},"geometry":{"type":"Polygon","coordinates":[[[121.307316,25.018707],[121.307485,25.018707],[121.307498,25.018503],[121.307677,25.018523],[121.307725,25.01768],[121.306483,25.01717],[121.30601,25.018122],[121.306569,25.018366],[121.306598,25.018326],[121.306918,25.018484],[121.307316,25.018707]]]}},{"type":"Feature","properties":{"id":"3637da2cb9dc","name":"桃園市桃園區會稽國民小學","level":"國小","basis":"both","data_ym":"202510"},"geometry":{"type":"Polygon","coordinates":[[[121.309918,25.020656],[121.309938,25.0206],[121.309944,25.020463],[121.309933,25.020234],[121.309933,25.020051],[121.30993,25.020025],[121.309921,25.020025],[121.309919,25.019992],[121.309821,25.019959],[121.309705,25.01991],[121.30929,25.019786],[121.308914,25.019683],[121.308672,25.019635],[121.30866,25.019694],[121.308624,25.019688],[121.308426,25.020405],[121.309067,25.020696],[121.30965,25.020913],[121.309663,25.020875],[121.309697,25.020842],[121.309889,25.020714],[121.309918,25.020656]]]}},{"type":"Feature","properties":{"id":"1da4150b4eb7","name":"桃園市桃園區龍山國民小學","level":"國小","basis":"both","data_ym":"202510"},"geometry":{"type":"Polygon","coordinates":[[[121.270993,24.982191],[121.271228,24.981011],[121.271221,24.981001],[121.270736,24.980831],[121.270688,24.980973],[121.270468,24.980913],[121.270514,24.980735],[121.269743,24.98045],[121.269756,24.98061],[121.269761,24.980627],[121.269726,24.980686],[121.269768,24.980798],[121.269773,24.980833],[121.269652,24.980944],[121.269705,24.98099],[121.269814,24.981099],[121.269848,24.981067],[121.269884,24.9811],[121.269978,24.981265],[121.269907,24.981704],[121.269855,24.981999],[121.270993,24.982191]]]}},{"type":"Feature","properties":{"id":"ae3119b14f3f","name":"桃園市復興區三民國民小學","level":"國小","basis":"both","data_ym":"202109"},"geometry":{"type":"Polygon","coordinates":[[[121.330769,24.833263],[121.330802,24.833258],[121.330907,24.833259],[121.331105,24.833321],[121.331172,24.833327],[121.331283,24.833328],[121.331332,24.833284],[121.331351,24.833258],[121.331365,24.833225],[121.331371,24.833049],[121.331327,24.832903],[121.331507,24.832796],[121.331479,24.832744],[121.331466,24.832696],[121.331466,24.83265],[121.331498,24.832526],[121.331508,24.832506],[121.331293,24.832369],[121.331316,24.832342],[121.331271,24.832312],[121.331249,24.832341],[121.331215,24.832317],[121.33114,24.83241],[121.330793,24.832194],[121.330721,24.832275],[121.330662,24.832378],[121.330583,24.832557],[121.330525,24.83272],[121.330467,24.832922],[121.330434,24.833104],[121.330413,24.833479],[121.330495,24.833476],[121.3306,24.833359],[121.330769,24.833263]]]}},{"type":"Feature","properties":{"id":"157e8641163a","name":"桃園市復興區三光國民小學","level":"國小","basis":"both","data_ym":"201509"},"geometry":{"type":"Polygon","coordinates":[[[121.367016,24.674086],[121.367134,24.67407],[121.36724,24.674081],[121.367363,24.674086],[121.367409,24.67408],[121.367597,24.674036],[121.367795,24.673968],[121.367863,24.673958],[121.367913,24.673958],[121.36792,24.673961],[121.36792,24.673773],[121.367864,24.673733],[121.367774,24.673678],[121.367739,24.673648],[121.367617,24.673435],[121.367569,24.673383],[121.367452,24.673317],[121.367379,24.673294],[121.367296,24.673276],[121.367185,24.673262],[121.366939,24.673258],[121.366846,24.673273],[121.366759,24.673309],[121.366669,24.673359],[121.366503,24.673476],[121.366353,24.673664],[121.366454,24.673806],[121.366491,24.673914],[121.366425,24.673936],[121.366456,24.67405],[121.366832,24.673976],[121.366864,24.674115],[121.367016,24.674086]]]}},{"type":"Feature","properties":{"id":"9966782a58d5","name":"桃園市復興區介壽國民小學","level":"國小","basis":"both","data_ym":"201901"},"geometry":{"type":"Polygon","coordinates":[[[121.350732,24.815261],[121.350604,24.815476],[121.350504,24.815626],[121.350362,24.816052],[121.350359,24.816118],[121.350338,24.81626],[121.350738,24.816575],[121.350842,24.816487],[121.351026,24.816697],[121.351091,24.816741],[121.351304,24.816726],[121.351207,24.815809],[121.351197,24.815677],[121.351142,24.815357],[121.351111,24.815206],[121.351097,24.815196],[121.351051,24.815201],[121.350847,24.815236],[121.350732,24.815261]]]}},{"type":"Feature","properties":{"id":"3d98e2483068","name":"桃園市復興區巴崚國民小學","level":"國小","basis":"both","data_ym":"201509"},"geometry":{"type":"Polygon","coordinates":[[[121.397142,24.685169],[121.397047,24.685158],[121.397009,24.685159],[121.396945,24.685126],[121.396844,24.685226],[121.396923,24.685315],[121.397026,24.685551],[121.397174,24.685658],[121.397201,24.68569],[121.397257,24.685782],[121.397302,24.685829],[121.397334,24.68583],[121.397372,24.685825],[121.397433,24.685808],[121.397509,24.685795],[121.397303,24.685338],[121.397327,24.685328],[121.397284,24.685224],[121.397239,24.685189],[121.397142,24.685169]]]}},{"type":"Feature","properties":{"id":"b579ae001653","name":"桃園市復興區光華國民小學","level":"國小","basis":"both","data_ym":"201308"},"geometry":{"type":"Polygon","coordinates":[[[121.399358,24.655005],[121.399316,24.655],[121.39928,24.655083],[121.399362,24.655191],[121.399373,24.655221],[121.399383,24.655278],[121.399371,24.655517],[121.399355,24.655547],[121.399345,24.655691],[121.399803,24.655694],[121.399807,24.655781],[121.399963,24.655801],[121.399981,24.655645],[121.399852,24.655539],[121.399855,24.655316],[121.399791,24.65529],[121.399784,24.655061],[121.399456,24.655045],[121.399358,24.655005]]]}},{"type":"Feature","properties":{"id":"96876ce08a7d","name":"桃園市復興區長興國民小學","level":"國小","basis":"both","data_ym":"202110"},"geometry":{"type":"Polygon","coordinates":[[[121.307975,24.799634],[121.307972,24.799341],[121.307843,24.799345],[121.307714,24.799329],[121.307712,24.799344],[121.307544,24.799346],[121.307545,24.799288],[121.30747,24.799288],[121.30747,24.799348],[121.307191,24.799355],[121.307194,24.799721],[121.306889,24.799726],[121.306842,24.799735],[121.306806,24.799809],[121.30676,24.800043],[121.307408,24.800051],[121.30745,24.800388],[121.307771,24.800352],[121.307854,24.80033],[121.307941,24.800286],[121.308081,24.800181],[121.308088,24.799999],[121.308087,24.799637],[121.307975,24.799634]]]}},{"type":"Feature","properties":{"id":"16ca232ae7a4","name":"桃園市復興區奎輝國民小學","level":"國小","basis":"both","data_ym":"202510"},"geometry":{"type":"Polygon","coordinates":[[[121.334877,24.797609],[121.334936,24.797578],[121.33498,24.79754],[121.335024,24.797444],[121.335075,24.797247],[121.335061,24.796974],[121.334936,24.796998],[121.334809,24.797062],[121.334453,24.797176],[121.334319,24.797162],[121.334119,24.797244],[121.333988,24.797317],[121.33391,24.797384],[121.333906,24.797424],[121.333924,24.797522],[121.333947,24.797585],[121.333996,24.797619],[121.334058,24.797608],[121.334232,24.797609],[121.334305,24.797618],[121.334305,24.797623],[121.334465,24.797647],[121.334553,24.79765],[121.334667,24.797645],[121.334877,24.797609]]]}},{"type":"Feature","properties":{"id":"35ad2a3bb06f","name":"桃園市復興區高義國民小學","level":"國小","basis":"both","data_ym":"202109"},"geometry":{"type":"Polygon","coordinates":[[[121.361016,24.711925],[121.361184,24.711921],[121.361193,24.711924],[121.361227,24.71188],[121.361219,24.711876],[121.361213,24.711866],[121.361159,24.711745],[121.361095,24.711624],[121.361019,24.711498],[121.360943,24.711401],[121.360852,24.711299],[121.360735,24.711179],[121.360687,24.711146],[121.360639,24.71112],[121.360581,24.711097],[121.360537,24.711086],[121.360475,24.711076],[121.36034,24.711063],[121.360282,24.711037],[121.360247,24.711029],[121.360211,24.711011],[121.360104,24.710935],[121.360077,24.710908],[121.360016,24.710819],[121.359998,24.710782],[121.359977,24.71076],[121.359956,24.71075],[121.359919,24.710749],[121.359836,24.710799],[121.359694,24.710844],[121.35964,24.710895],[121.359805,24.71116],[121.359846,24.711271],[121.359846,24.711289],[121.359962,24.711453],[121.360034,24.711573],[121.360056,24.711612],[121.360117,24.711788],[121.36013,24.711816],[121.360187,24.711918],[121.36031,24.712155],[121.360381,24.712271],[121.360426,24.712356],[121.360451,24.712414],[121.360471,24.712496],[121.360469,24.712564],[121.360456,24.712639],[121.360548,24.71253],[121.360785,24.712171],[121.36087,24.712014],[121.361016,24.711925]]]}},{"type":"Feature","properties":{"id":"422d64101160","name":"桃園市復興區義盛國民小學","level":"國小","basis":"both","data_ym":"201703"},"geometry":{"type":"Polygon","coordinates":[[[121.379379,24.791157],[121.379573,24.790897],[121.379618,24.790902],[121.379685,24.790827],[121.379407,24.790491],[121.378833,24.790496],[121.378703,24.790673],[121.378892,24.79121],[121.378828,24.791373],[121.378913,24.791383],[121.378906,24.791469],[121.37904,24.791492],[121.379032,24.791546],[121.379128,24.791599],[121.379227,24.791472],[121.37923,24.791455],[121.379379,24.791157]]]}},{"type":"Feature","properties":{"id":"ced3a35a4004","name":"桃園市復興區霞雲國民小學","level":"國小","basis":"both","data_ym":"202510"},"geometry":{"type":"Polygon","coordinates":[[[121.383763,24.816599],[121.383848,24.81646],[121.383758,24.81641],[121.383281,24.816205],[121.383247,24.816192],[121.383196,24.816182],[121.383115,24.816176],[121.383052,24.816067],[121.383029,24.816085],[121.382984,24.816171],[121.382972,24.81621],[121.382964,24.816258],[121.382963,24.816336],[121.382947,24.816473],[121.382915,24.816471],[121.382906,24.816502],[121.382897,24.816611],[121.382908,24.816665],[121.382922,24.816691],[121.383001,24.816794],[121.383033,24.816816],[121.383126,24.816857],[121.383174,24.816884],[121.383387,24.817051],[121.383335,24.817115],[121.383351,24.817131],[121.383382,24.817195],[121.383433,24.817211],[121.383707,24.817331],[121.383759,24.817287],[121.383771,24.81726],[121.383753,24.817238],[121.383741,24.817206],[121.383742,24.817195],[121.383755,24.817171],[121.383797,24.817129],[121.383824,24.817109],[121.38388,24.817032],[121.38397,24.816886],[121.383999,24.816831],[121.383998,24.816813],[121.383873,24.816753],[121.383707,24.81668],[121.383763,24.816599]]]}},{"type":"Feature","properties":{"id":"c356bb279745","name":"桃園市新屋區大坡國民小學","level":"國小","basis":"both","data_ym":"202307"},"geometry":{"type":"Polygon","coordinates":[[[121.040764,24.957619],[121.040875,24.957557],[121.040935,24.957516],[121.04109,24.95743],[121.041425,24.957251],[121.041398,24.957208],[121.041353,24.957159],[121.041125,24.957036],[121.040542,24.956858],[121.040521,24.956834],[121.040509,24.956796],[121.040532,24.956669],[121.040505,24.956661],[121.040594,24.956266],[121.040159,24.956172],[121.040015,24.956465],[121.039937,24.956584],[121.039756,24.95711],[121.039657,24.957421],[121.039703,24.957409],[121.039844,24.957448],[121.039801,24.957601],[121.039641,24.957561],[121.039638,24.957788],[121.040174,24.957955],[121.040226,24.957922],[121.040485,24.957772],[121.040575,24.957711],[121.040694,24.957647],[121.040764,24.957619]]]}},{"type":"Feature","properties":{"id":"8d074ed36190","name":"桃園市新屋區北湖國民小學","level":"國小","basis":"both","data_ym":"202307"},"geometry":{"type":"Polygon","coordinates":[[[121.050194,25.004622],[121.050226,25.004491],[121.05022,25.004477],[121.050167,25.004427],[121.050098,25.004351],[121.049923,25.004454],[121.04988,25.004488],[121.049829,25.004518],[121.049709,25.004365],[121.0488,25.004927],[121.048801,25.004932],[121.04881,25.004948],[121.048884,25.005],[121.04919,25.005134],[121.049232,25.00516],[121.049266,25.005189],[121.049364,25.005292],[121.04951,25.005463],[121.049643,25.005587],[121.049706,25.005544],[121.050101,25.005172],[121.050153,25.005058],[121.050216,25.00494],[121.050322,25.004795],[121.050201,25.00464],[121.050194,25.004622]]]}},{"type":"Feature","properties":{"id":"6fd003f57f9f","name":"桃園市新屋區永安國民小學","level":"國小","basis":"both","data_ym":"201901"},"geometry":{"type":"Polygon","coordinates":[[[121.047091,24.988235],[121.047959,24.987973],[121.047804,24.987702],[121.047369,24.986967],[121.046636,24.987163],[121.045805,24.987315],[121.045839,24.987684],[121.045879,24.98781],[121.045943,24.987977],[121.046115,24.98798],[121.046115,24.988123],[121.04701,24.988151],[121.047091,24.988235]]]}},{"type":"Feature","properties":{"id":"18ace00a3471","name":"桃園市新屋區東明國民小學","level":"國小","basis":"both","data_ym":"201901"},"geometry":{"type":"Polygon","coordinates":[[[121.085507,24.976984],[121.085287,24.976128],[121.08421,24.976352],[121.084032,24.976397],[121.084067,24.976528],[121.084083,24.976524],[121.084113,24.976617],[121.084138,24.97668],[121.084281,24.976834],[121.084344,24.976912],[121.084421,24.977185],[121.085507,24.976984]]]}},{"type":"Feature","properties":{"id":"6868986e9f8c","name":"桃園市新屋區社子國民小學","level":"國小","basis":"both","data_ym":"201901"},"geometry":{"type":"Polygon","coordinates":[[[121.082128,24.95576],[121.082108,24.955711],[121.082107,24.955693],[121.082045,24.955717],[121.081986,24.955637],[121.081633,24.955971],[121.081411,24.956231],[121.081261,24.956383],[121.081528,24.956656],[121.081658,24.956962],[121.08177,24.956913],[121.082114,24.956779],[121.082527,24.956637],[121.082602,24.95661],[121.082649,24.956587],[121.082128,24.95576]]]}},{"type":"Feature","properties":{"id":"3aac47ebf955","name":"桃園市新屋區埔頂國民小學","level":"國小","basis":"both","data_ym":"201901"},"geometry":{"type":"Polygon","coordinates":[[[121.115464,24.958254],[121.116,24.957314],[121.116353,24.95673],[121.116296,24.956695],[121.11611,24.956765],[121.116015,24.95682],[121.115541,24.957039],[121.115409,24.957196],[121.115051,24.957368],[121.11487,24.957464],[121.11489,24.957502],[121.114802,24.95754],[121.115034,24.958013],[121.115129,24.958193],[121.115324,24.958118],[121.115385,24.958217],[121.115464,24.958254]]]}},{"type":"Feature","properties":{"id":"0b0103b90f82","name":"桃園市新屋區啟文國民小學","level":"國小","basis":"both","data_ym":"201901"},"geometry":{"type":"Polygon","coordinates":[[[121.117066,24.97804],[121.11662,24.977921],[121.116096,24.977941],[121.116027,24.97869],[121.116594,24.978979],[121.1168,24.979099],[121.117189,24.978602],[121.117281,24.978471],[121.117291,24.978224],[121.117151,24.978143],[121.117066,24.97804]]]}},{"type":"Feature","properties":{"id":"51354c3a2792","name":"桃園市新屋區笨港國民小學","level":"國小","basis":"both","data_ym":"201901"},"geometry":{"type":"Polygon","coordinates":[[[121.026373,24.975249],[121.026424,24.975185],[121.026439,24.975192],[121.026664,24.974971],[121.026656,24.974961],[121.026824,24.974847],[121.026863,24.974813],[121.026802,24.974559],[121.026691,24.974131],[121.026678,24.97411],[121.026667,24.974106],[121.026637,24.974108],[121.026591,24.974121],[121.025908,24.974365],[121.025885,24.974306],[121.025506,24.974241],[121.025393,24.974342],[121.025207,24.974557],[121.0256,24.974802],[121.025561,24.974854],[121.025576,24.974867],[121.026144,24.975204],[121.026268,24.9752],[121.026332,24.975246],[121.026373,24.975249]]]}},{"type":"Feature","properties":{"id":"ce7f63b81a9b","name":"桃園市新屋區蚵間國民小學","level":"國小","basis":"both","data_ym":"201901"},"geometry":{"type":"Polygon","coordinates":[[[121.008773,24.948586],[121.009316,24.948338],[121.009322,24.948348],[121.009615,24.948213],[121.009126,24.947351],[121.008393,24.947367],[121.008336,24.947399],[121.008259,24.947451],[121.008059,24.947616],[121.008592,24.948332],[121.008773,24.948586]]]}},{"type":"Feature","properties":{"id":"18bddad0e4d3","name":"桃園市新屋區新屋國民小學","level":"國小","basis":"both","data_ym":"202510"},"geometry":{"type":"Polygon","coordinates":[[[121.103268,24.974099],[121.103127,24.97393],[121.102952,24.973748],[121.102836,24.973746],[121.102833,24.973601],[121.10267,24.973597],[121.102664,24.973462],[121.101403,24.973452],[121.101337,24.973457],[121.101318,24.973499],[121.101317,24.973641],[121.101243,24.973693],[121.101224,24.974632],[121.10108,24.974632],[121.101081,24.975255],[121.101654,24.975264],[121.102721,24.975267],[121.10294,24.974961],[121.103114,24.97441],[121.103268,24.974099]]]}},{"type":"Feature","properties":{"id":"47f33e872c95","name":"桃園市新屋區頭洲國民小學","level":"國小","basis":"both","data_ym":"201901"},"geometry":{"type":"Polygon","coordinates":[[[121.142374,24.963053],[121.142437,24.962866],[121.142544,24.962912],[121.142727,24.9625],[121.142308,24.962503],[121.141861,24.962495],[121.141583,24.962498],[121.141577,24.962579],[121.141559,24.962582],[121.141463,24.962756],[121.141203,24.963081],[121.14046,24.963723],[121.141826,24.964153],[121.141969,24.96403],[121.142001,24.963997],[121.142408,24.963073],[121.142374,24.963053]]]}},{"type":"Feature","properties":{"id":"41bae177f37d","name":"桃園市楊梅區上田國民小學","level":"國小","basis":"both","data_ym":"201901"},"geometry":{"type":"Polygon","coordinates":[[[121.126874,24.938104],[121.126059,24.937482],[121.126042,24.937484],[121.12603,24.937492],[121.125946,24.937658],[121.125803,24.937838],[121.125733,24.937961],[121.125613,24.938191],[121.125578,24.938282],[121.125591,24.938382],[121.125638,24.938466],[121.125766,24.938594],[121.126493,24.938639],[121.126506,24.938589],[121.126883,24.938155],[121.126884,24.938132],[121.126874,24.938104]]]}},{"type":"Feature","properties":{"id":"74c1fa2fffae","name":"桃園市楊梅區上湖國民小學","level":"國小","basis":"both","data_ym":"201901"},"geometry":{"type":"Polygon","coordinates":[[[121.08537,24.908858],[121.0853,24.908839],[121.084972,24.908883],[121.084475,24.909092],[121.083952,24.909296],[121.083971,24.90981],[121.08391,24.90983],[121.08401,24.910139],[121.084138,24.910125],[121.084586,24.9101],[121.084654,24.910069],[121.084775,24.910051],[121.085011,24.910024],[121.085029,24.910018],[121.085071,24.909776],[121.0851,24.909681],[121.085292,24.909233],[121.085355,24.909005],[121.08537,24.908858]]]}},{"type":"Feature","properties":{"id":"9e4f5b4e68b9","name":"桃園市楊梅區大同國民小學","level":"國小","basis":"both","data_ym":"201901"},"geometry":{"type":"Polygon","coordinates":[[[121.14977,24.91099],[121.149796,24.910744],[121.149822,24.910333],[121.149818,24.910123],[121.149799,24.909887],[121.149776,24.909712],[121.149754,24.909704],[121.149705,24.909698],[121.149216,24.909716],[121.149217,24.909756],[121.149128,24.909757],[121.149129,24.909726],[121.14894,24.909726],[121.148863,24.909741],[121.148829,24.909754],[121.148766,24.909787],[121.148747,24.909791],[121.148641,24.909791],[121.148326,24.909812],[121.148309,24.909911],[121.148292,24.910516],[121.148294,24.91063],[121.148353,24.910628],[121.148333,24.910958],[121.148532,24.910959],[121.148534,24.910935],[121.148644,24.910949],[121.148644,24.910942],[121.148989,24.910978],[121.149,24.910871],[121.149236,24.910875],[121.149235,24.910999],[121.149667,24.911049],[121.149709,24.91105],[121.14972,24.911049],[121.14977,24.91099]]]}},{"type":"Feature","properties":{"id":"189367b47aba","name":"桃園市楊梅區水美國民小學","level":"國小","basis":"both","data_ym":"201901"},"geometry":{"type":"Polygon","coordinates":[[[121.138226,24.919158],[121.138224,24.919141],[121.138228,24.919096],[121.138249,24.919011],[121.138269,24.918997],[121.138404,24.918938],[121.138455,24.918888],[121.138476,24.918859],[121.138481,24.918682],[121.138469,24.918627],[121.138225,24.918226],[121.138219,24.91823],[121.138116,24.918067],[121.138111,24.918067],[121.137916,24.918201],[121.137417,24.918529],[121.137197,24.918711],[121.137059,24.918845],[121.137027,24.918869],[121.137147,24.919017],[121.136951,24.919156],[121.136876,24.919069],[121.136828,24.919126],[121.136847,24.919156],[121.136826,24.919204],[121.136685,24.919469],[121.136629,24.919565],[121.136578,24.919641],[121.136555,24.919664],[121.136821,24.919879],[121.136939,24.919896],[121.137118,24.919938],[121.13744,24.920004],[121.137555,24.919894],[121.137712,24.919684],[121.137608,24.919552],[121.138226,24.919158]]]}},{"type":"Feature","properties":{"id":"e497cca0d959","name":"桃園市楊梅區四維國民小學","level":"國小","basis":"both","data_ym":"202510"},"geometry":{"type":"Polygon","coordinates":[[[121.185635,24.911553],[121.185685,24.911452],[121.185612,24.911424],[121.185674,24.911218],[121.185601,24.911208],[121.185562,24.911187],[121.185493,24.91113],[121.18541,24.91105],[121.185356,24.911005],[121.185321,24.910983],[121.184738,24.911656],[121.18442,24.912038],[121.184435,24.912049],[121.184156,24.912369],[121.184173,24.912429],[121.184224,24.912558],[121.184262,24.912598],[121.184614,24.912865],[121.184637,24.912759],[121.184776,24.912589],[121.18487,24.912459],[121.184988,24.912319],[121.185023,24.912341],[121.185071,24.912278],[121.185052,24.912267],[121.185635,24.911553]]]}},{"type":"Feature","properties":{"id":"837a280e7412","name":"桃園市楊梅區高榮國民小學","level":"國小","basis":"both","data_ym":"201901"},"geometry":{"type":"Polygon","coordinates":[[[121.164029,24.936363],[121.163665,24.93626],[121.163442,24.936483],[121.16314,24.936796],[121.162978,24.936983],[121.163356,24.937233],[121.1634,24.937258],[121.163485,24.937276],[121.164047,24.937261],[121.164916,24.93722],[121.165185,24.937213],[121.165222,24.937133],[121.165212,24.937119],[121.165005,24.936974],[121.164793,24.936813],[121.164534,24.936644],[121.164236,24.936462],[121.164112,24.936399],[121.164029,24.936363]]]}},{"type":"Feature","properties":{"id":"997f8471a542","name":"桃園市楊梅區富岡國民小學","level":"國小","basis":"both","data_ym":"201901"},"geometry":{"type":"Polygon","coordinates":[[[121.081579,24.938079],[121.081701,24.937708],[121.081536,24.937567],[121.081478,24.937436],[121.081408,24.93706],[121.081222,24.937101],[121.081111,24.937102],[121.081108,24.937165],[121.080885,24.937162],[121.08083,24.937153],[121.080769,24.937134],[121.080607,24.936998],[121.080291,24.937184],[121.080287,24.937414],[121.080166,24.937431],[121.080134,24.937525],[121.080092,24.937538],[121.080093,24.937548],[121.080075,24.937564],[121.080076,24.937744],[121.07998,24.937775],[121.080017,24.937924],[121.080113,24.937907],[121.080115,24.937977],[121.080227,24.937983],[121.080267,24.938186],[121.080435,24.938201],[121.08044,24.938491],[121.080477,24.938556],[121.080852,24.938553],[121.080858,24.938493],[121.081383,24.938417],[121.081487,24.938251],[121.081579,24.938079]]]}},{"type":"Feature","properties":{"id":"19b4624ae9fa","name":"桃園市楊梅區楊心國民小學","level":"國小","basis":"both","data_ym":"201901"},"geometry":{"type":"Polygon","coordinates":[[[121.143766,24.913108],[121.14393,24.912982],[121.143931,24.912827],[121.143955,24.912687],[121.143907,24.912655],[121.14392,24.91248],[121.143945,24.912484],[121.143974,24.912321],[121.144007,24.912326],[121.14409,24.912104],[121.144142,24.911829],[121.143965,24.911765],[121.143923,24.911697],[121.143911,24.911663],[121.143918,24.911584],[121.143822,24.911576],[121.143302,24.911511],[121.143092,24.911459],[121.142962,24.911432],[121.142798,24.911661],[121.142759,24.911757],[121.142728,24.911885],[121.142721,24.911949],[121.142705,24.912011],[121.142695,24.912155],[121.142754,24.912253],[121.142864,24.912455],[121.142941,24.912575],[121.143139,24.912954],[121.143243,24.913176],[121.143301,24.913352],[121.14367,24.913175],[121.143766,24.913108]]]}},{"type":"Feature","properties":{"id":"ca9969162659","name":"桃園市楊梅區楊明國民小學","level":"國小","basis":"both","data_ym":"201901"},"geometry":{"type":"Polygon","coordinates":[[[121.160191,24.911314],[121.158569,24.911009],[121.158339,24.91228],[121.158365,24.912312],[121.159767,24.912499],[121.159795,24.912493],[121.159923,24.911884],[121.159977,24.911691],[121.160178,24.91138],[121.160191,24.911314]]]}},{"type":"Feature","properties":{"id":"8397313988d6","name":"桃園市楊梅區楊梅國民小學","level":"國小","basis":"both","data_ym":"201901"},"geometry":{"type":"Polygon","coordinates":[[[121.145413,24.906505],[121.145425,24.906468],[121.145434,24.90647],[121.145454,24.906414],[121.14537,24.906213],[121.145613,24.906119],[121.145562,24.906032],[121.145516,24.905913],[121.145412,24.905532],[121.145263,24.905506],[121.144844,24.905396],[121.144776,24.905354],[121.144754,24.905331],[121.144737,24.905384],[121.144693,24.905433],[121.144681,24.905477],[121.144607,24.905556],[121.144539,24.905547],[121.144378,24.905678],[121.144091,24.905878],[121.143893,24.90604],[121.143813,24.906166],[121.143801,24.906204],[121.143795,24.906247],[121.143799,24.906288],[121.143811,24.906313],[121.14383,24.90633],[121.143994,24.906403],[121.144184,24.90648],[121.144368,24.906537],[121.144515,24.906567],[121.144757,24.906606],[121.145335,24.90672],[121.145419,24.906514],[121.145421,24.906507],[121.145413,24.906505]]]}},{"type":"Feature","properties":{"id":"7543df149186","name":"桃園市楊梅區瑞原國民小學","level":"國小","basis":"both","data_ym":"201901"},"geometry":{"type":"Polygon","coordinates":[[[121.103855,24.925445],[121.10349,24.925323],[121.103615,24.926165],[121.103714,24.926882],[121.103746,24.927059],[121.103782,24.927165],[121.103818,24.927235],[121.103879,24.927318],[121.103951,24.927375],[121.104072,24.927451],[121.104195,24.927518],[121.104395,24.927614],[121.104798,24.927419],[121.104903,24.926811],[121.104933,24.925636],[121.10493,24.925598],[121.104025,24.925509],[121.103855,24.925445]]]}},{"type":"Feature","properties":{"id":"12656e1a1510","name":"桃園市楊梅區瑞埔國民小學","level":"國小","basis":"both","data_ym":"201901"},"geometry":{"type":"Polygon","coordinates":[[[121.186351,24.915679],[121.186054,24.915619],[121.186027,24.915635],[121.185317,24.916829],[121.185712,24.917018],[121.186141,24.917233],[121.186419,24.91736],[121.186482,24.91707],[121.186517,24.916934],[121.186603,24.916712],[121.186712,24.91648],[121.18672,24.916447],[121.186717,24.916425],[121.186705,24.916405],[121.186685,24.916386],[121.186532,24.916313],[121.186466,24.916267],[121.186415,24.916212],[121.186407,24.916186],[121.186392,24.916032],[121.186382,24.915875],[121.186382,24.91573],[121.18638,24.915708],[121.186372,24.915694],[121.186351,24.915679]]]}},{"type":"Feature","properties":{"id":"6698ba23283d","name":"桃園市楊梅區瑞梅國民小學","level":"國小","basis":"both","data_ym":"202511"},"geometry":{"type":"Polygon","coordinates":[[[121.171712,24.909859],[121.171431,24.909616],[121.171406,24.909535],[121.171278,24.909479],[121.171212,24.909539],[121.171095,24.909575],[121.17079,24.909825],[121.17071,24.909804],[121.170579,24.910217],[121.170889,24.910477],[121.170899,24.910491],[121.171013,24.910545],[121.171297,24.910693],[121.171521,24.910836],[121.171881,24.911083],[121.172189,24.911307],[121.17257,24.910636],[121.171712,24.909859]]]}},{"type":"Feature","properties":{"id":"f70c3b5083ac","name":"桃園市楊梅區瑞塘國民小學","level":"國小","basis":"both","data_ym":"201901"},"geometry":{"type":"Polygon","coordinates":[[[121.179545,24.906985],[121.179408,24.906973],[121.179366,24.906977],[121.179331,24.90699],[121.179303,24.90701],[121.178919,24.907908],[121.179232,24.908012],[121.180538,24.908461],[121.180988,24.907688],[121.181009,24.90766],[121.180996,24.907587],[121.180975,24.907526],[121.180928,24.907467],[121.180891,24.907436],[121.179598,24.906995],[121.179545,24.906985]]]}},{"type":"Feature","properties":{"id":"faef9013070e","name":"桃園市龍潭區三坑國民小學","level":"國小","basis":"both","data_ym":"201901"},"geometry":{"type":"Polygon","coordinates":[[[121.248679,24.837435],[121.248753,24.83739],[121.248787,24.83739],[121.248811,24.837383],[121.249432,24.837064],[121.249743,24.836692],[121.249083,24.835907],[121.249041,24.835903],[121.249027,24.835907],[121.248609,24.836168],[121.248509,24.836225],[121.248393,24.836299],[121.24841,24.836321],[121.248329,24.836374],[121.248311,24.836354],[121.24802,24.836541],[121.247997,24.836559],[121.247992,24.836582],[121.248047,24.836675],[121.248329,24.837086],[121.248501,24.837355],[121.248518,24.837369],[121.248561,24.837379],[121.248641,24.837451],[121.248654,24.837449],[121.248679,24.837435]]]}},{"type":"Feature","properties":{"id":"7d5b31109ba9","name":"桃園市龍潭區三和國民小學","level":"國小","basis":"both","data_ym":"201901"},"geometry":{"type":"Polygon","coordinates":[[[121.167818,24.847676],[121.166992,24.847366],[121.166743,24.847926],[121.166737,24.847955],[121.166741,24.848],[121.166756,24.84804],[121.166781,24.848077],[121.166849,24.84815],[121.166938,24.848262],[121.167113,24.848489],[121.167151,24.848545],[121.167343,24.848432],[121.167808,24.848336],[121.168055,24.84776],[121.167818,24.847676]]]}},{"type":"Feature","properties":{"id":"6006db4cfc4b","name":"桃園市龍潭區石門國民小學","level":"國小","basis":"both","data_ym":"202110"},"geometry":{"type":"Polygon","coordinates":[[[121.240977,24.84245],[121.241308,24.84229],[121.241394,24.842437],[121.24158,24.84233],[121.241824,24.842207],[121.242168,24.842018],[121.242613,24.841908],[121.242591,24.841838],[121.242829,24.841764],[121.242815,24.841389],[121.242813,24.841041],[121.242774,24.840803],[121.242832,24.840794],[121.242837,24.840708],[121.242868,24.840628],[121.242774,24.840595],[121.242722,24.840585],[121.24251,24.840623],[121.242422,24.840607],[121.241043,24.841321],[121.240766,24.841469],[121.240848,24.841982],[121.240931,24.842314],[121.240977,24.84245]]]}},{"type":"Feature","properties":{"id":"36d367a45a25","name":"桃園市龍潭區石門國民小學第二校區","level":"大專","basis":"branch","data_ym":"201811"},"geometry":{"type":"Polygon","coordinates":[[[121.236167,24.821756],[121.235356,24.821314],[121.234571,24.821678],[121.234549,24.821693],[121.234538,24.821714],[121.234537,24.821737],[121.234581,24.821843],[121.234611,24.82195],[121.234628,24.822045],[121.234632,24.822693],[121.234641,24.822714],[121.234655,24.822729],[121.234686,24.822742],[121.235742,24.822821],[121.235945,24.822834],[121.235965,24.822832],[121.235987,24.822684],[121.23599,24.822545],[121.236009,24.822336],[121.236047,24.822131],[121.236103,24.821929],[121.236167,24.821756]]]}},{"type":"Feature","properties":{"id":"3e59211a398f","name":"桃園市龍潭區武漢國民小學","level":"國小","basis":"both","data_ym":"201901"},"geometry":{"type":"Polygon","coordinates":[[[121.234105,24.869617],[121.233861,24.869474],[121.233847,24.869536],[121.233774,24.869761],[121.233743,24.86983],[121.23349,24.870504],[121.233428,24.870697],[121.233352,24.870913],[121.233708,24.871038],[121.233941,24.871115],[121.233932,24.871142],[121.234517,24.871376],[121.234596,24.871088],[121.234843,24.870074],[121.234105,24.869617]]]}},{"type":"Feature","properties":{"id":"080e8e583873","name":"桃園市龍潭區高原國民小學","level":"國小","basis":"both","data_ym":"202510"},"geometry":{"type":"Polygon","coordinates":[[[121.195059,24.83026],[121.195031,24.830113],[121.194877,24.830092],[121.19487,24.830143],[121.194563,24.830112],[121.194569,24.830066],[121.193823,24.829948],[121.193566,24.829916],[121.193549,24.829931],[121.193515,24.829929],[121.193495,24.829906],[121.193405,24.829896],[121.193403,24.829905],[121.193321,24.829897],[121.193375,24.830086],[121.193451,24.830289],[121.193575,24.830678],[121.193931,24.831208],[121.194532,24.830962],[121.195161,24.830691],[121.195059,24.83026]]]}},{"type":"Feature","properties":{"id":"33e5a45fba57","name":"桃園市龍潭區德龍國民小學","level":"國小","basis":"both","data_ym":"201901"},"geometry":{"type":"Polygon","coordinates":[[[121.195283,24.88221],[121.195285,24.882113],[121.195257,24.882113],[121.195257,24.882073],[121.195017,24.882022],[121.194996,24.882028],[121.194781,24.882142],[121.194538,24.882246],[121.194367,24.882333],[121.194414,24.882664],[121.194448,24.882754],[121.194543,24.88291],[121.194659,24.883075],[121.194674,24.883126],[121.194674,24.883158],[121.195688,24.883541],[121.195868,24.883578],[121.195979,24.883474],[121.196214,24.883363],[121.195937,24.88317],[121.195355,24.882868],[121.195354,24.88251],[121.195244,24.882481],[121.195271,24.882355],[121.195283,24.88221]]]}},{"type":"Feature","properties":{"id":"08f249fade3c","name":"桃園市龍潭區潛龍國民小學","level":"國小","basis":"both","data_ym":"201901"},"geometry":{"type":"Polygon","coordinates":[[[121.21158,24.881209],[121.211575,24.880375],[121.211566,24.880369],[121.211521,24.880359],[121.209994,24.880344],[121.209994,24.88031],[121.209731,24.880308],[121.209715,24.880782],[121.209312,24.880774],[121.209461,24.881069],[121.209526,24.881172],[121.209543,24.88119],[121.209579,24.881204],[121.209626,24.881208],[121.210162,24.881181],[121.210707,24.881167],[121.211036,24.881179],[121.21158,24.881209]]]}},{"type":"Feature","properties":{"id":"2b53227977ce","name":"桃園市龍潭區龍星國民小學","level":"國小","basis":"both","data_ym":"201901"},"geometry":{"type":"Polygon","coordinates":[[[121.218535,24.86235],[121.217813,24.862115],[121.217537,24.862904],[121.217441,24.863231],[121.217796,24.863345],[121.218309,24.863517],[121.218902,24.863707],[121.219292,24.86272],[121.219254,24.862619],[121.218528,24.862365],[121.218535,24.86235]]]}},{"type":"Feature","properties":{"id":"f336c45b17b1","name":"桃園市龍潭區龍源國民小學","level":"國小","basis":"both","data_ym":"201901"},"geometry":{"type":"Polygon","coordinates":[[[121.213111,24.826386],[121.212955,24.826213],[121.212626,24.825816],[121.212468,24.825642],[121.212264,24.825192],[121.21224,24.825197],[121.211284,24.825912],[121.211675,24.826244],[121.211726,24.826219],[121.212517,24.826893],[121.213111,24.826386]]]}},{"type":"Feature","properties":{"id":"c2de3140a3cc","name":"桃園市龍潭區龍潭國民小學","level":"國小","basis":"both","data_ym":"202308"},"geometry":{"type":"Polygon","coordinates":[[[121.214327,24.862904],[121.213386,24.86237],[121.213307,24.862526],[121.212997,24.862507],[121.21296,24.862551],[121.212798,24.862772],[121.212668,24.862981],[121.212492,24.863317],[121.212459,24.863385],[121.212455,24.863405],[121.212925,24.863638],[121.212881,24.863763],[121.213095,24.863836],[121.213038,24.864017],[121.213705,24.864209],[121.213727,24.864145],[121.21373,24.864146],[121.213761,24.864067],[121.213771,24.864071],[121.213774,24.864063],[121.214051,24.864161],[121.214199,24.86421],[121.214309,24.863933],[121.214364,24.863952],[121.214367,24.863945],[121.214437,24.863971],[121.214597,24.863576],[121.214266,24.86346],[121.214443,24.862947],[121.214407,24.862938],[121.214327,24.862904]]]}},{"type":"Feature","properties":{"id":"1f97a8d50e45","name":"桃園市龍潭區雙龍國民小學","level":"國小","basis":"both","data_ym":"201411"},"geometry":{"type":"Polygon","coordinates":[[[121.216788,24.856449],[121.215371,24.855842],[121.213726,24.857032],[121.213844,24.857089],[121.214388,24.857315],[121.214446,24.857345],[121.214986,24.857578],[121.215119,24.857442],[121.215258,24.857327],[121.215386,24.857248],[121.215598,24.857148],[121.215777,24.857076],[121.215913,24.857046],[121.216159,24.857017],[121.216329,24.85702],[121.216506,24.857035],[121.216651,24.857056],[121.216829,24.856646],[121.216711,24.85659],[121.216788,24.856449]]]}},{"type":"Feature","properties":{"id":"7166f25d5875","name":"桃園市龜山區大坑國民小學","level":"國小","basis":"both","data_ym":"201901"},"geometry":{"type":"Polygon","coordinates":[[[121.31494,25.044801],[121.315128,25.044843],[121.315215,25.044871],[121.315411,25.04427],[121.315223,25.04423],[121.315211,25.044258],[121.314868,25.044181],[121.314764,25.044192],[121.314683,25.044219],[121.314413,25.044159],[121.314394,25.04416],[121.314304,25.044519],[121.314307,25.044557],[121.314327,25.044575],[121.31464,25.044662],[121.314511,25.045036],[121.314714,25.045077],[121.314789,25.045119],[121.314839,25.045128],[121.31494,25.044801]]]}},{"type":"Feature","properties":{"id":"e261216a7515","name":"桃園市龜山區大埔國民小學","level":"國小","basis":"both","data_ym":"201901"},"geometry":{"type":"Polygon","coordinates":[[[121.375523,25.030563],[121.375812,25.030396],[121.375781,25.030305],[121.374886,25.029587],[121.374565,25.029908],[121.374546,25.029934],[121.374387,25.030094],[121.374635,25.030317],[121.374845,25.030498],[121.374928,25.030473],[121.374979,25.030462],[121.375033,25.030459],[121.375139,25.030464],[121.37523,25.030482],[121.375259,25.030497],[121.375343,25.030563],[121.375378,25.03063],[121.375523,25.030563]]]}},{"type":"Feature","properties":{"id":"53aea888e0a1","name":"桃園市龜山區大崗國民小學","level":"國小","basis":"both","data_ym":"201901"},"geometry":{"type":"Polygon","coordinates":[[[121.358812,25.051678],[121.357894,25.051595],[121.357842,25.051685],[121.357808,25.051706],[121.357558,25.051969],[121.357495,25.052007],[121.357472,25.052141],[121.357426,25.05227],[121.357332,25.052445],[121.357307,25.052453],[121.357265,25.052573],[121.357239,25.052675],[121.357242,25.052722],[121.357253,25.052769],[121.35727,25.052805],[121.357295,25.05284],[121.357332,25.052877],[121.357414,25.052933],[121.357484,25.052974],[121.3578,25.053057],[121.357963,25.053079],[121.358063,25.053081],[121.35828,25.053106],[121.358583,25.053177],[121.358604,25.053174],[121.358617,25.05316],[121.358678,25.052906],[121.358757,25.05252],[121.358825,25.052113],[121.358861,25.051853],[121.358875,25.051714],[121.358863,25.051702],[121.358812,25.051678]]]}},{"type":"Feature","properties":{"id":"56e88ef9329d","name":"桃園市龜山區大湖國民小學","level":"國小","basis":"both","data_ym":"201901"},"geometry":{"type":"Polygon","coordinates":[[[121.359928,25.058053],[121.360024,25.057906],[121.360084,25.057932],[121.360307,25.057602],[121.359053,25.056945],[121.358988,25.057045],[121.358882,25.057153],[121.35853,25.05746],[121.358105,25.057814],[121.358117,25.057848],[121.35985,25.05833],[121.359957,25.058145],[121.359952,25.058084],[121.359928,25.058053]]]}},{"type":"Feature","properties":{"id":"d2eb64f86845","name":"桃園市龜山區山頂國民小學","level":"國小","basis":"both","data_ym":"201901"},"geometry":{"type":"Polygon","coordinates":[[[121.327888,24.991551],[121.327062,24.991161],[121.327011,24.991258],[121.326843,24.991196],[121.326822,24.991229],[121.326567,24.991457],[121.326561,24.991471],[121.326561,24.991496],[121.326619,24.991655],[121.326658,24.991782],[121.326701,24.991971],[121.326733,24.992306],[121.326743,24.992326],[121.326775,24.992335],[121.32759,24.992378],[121.327633,24.992359],[121.327888,24.991551]]]}},{"type":"Feature","properties":{"id":"8e5a30521abd","name":"桃園市龜山區文欣國民小學","level":"國小","basis":"both","data_ym":"201901"},"geometry":{"type":"Polygon","coordinates":[[[121.371969,25.058886],[121.372857,25.057946],[121.372161,25.057387],[121.372172,25.057378],[121.372096,25.057316],[121.372079,25.057333],[121.371641,25.056965],[121.370749,25.057892],[121.371477,25.058485],[121.371543,25.058533],[121.37154,25.058536],[121.371969,25.058886]]]}},{"type":"Feature","properties":{"id":"9e1b8418db21","name":"桃園市龜山區文華國民小學","level":"國小","basis":"both","data_ym":"202311"},"geometry":{"type":"Polygon","coordinates":[[[121.365836,25.050088],[121.364563,25.049949],[121.36443,25.051459],[121.364965,25.0515],[121.365025,25.051453],[121.365108,25.051458],[121.365111,25.051423],[121.365297,25.051436],[121.365295,25.051489],[121.365783,25.051522],[121.365898,25.050434],[121.36592,25.050168],[121.365832,25.05016],[121.365836,25.050088]]]}},{"type":"Feature","properties":{"id":"a86160c70dfd","name":"桃園市龜山區自強國民小學","level":"國小","basis":"both","data_ym":"201901"},"geometry":{"type":"Polygon","coordinates":[[[121.346413,24.997624],[121.345396,24.996487],[121.345136,24.996703],[121.345342,24.996919],[121.345166,24.997053],[121.34524,24.997174],[121.345302,24.9973],[121.34535,24.997468],[121.345368,24.997464],[121.345444,24.997565],[121.345398,24.997763],[121.345772,24.997838],[121.346139,24.99792],[121.346413,24.997624]]]}},{"type":"Feature","properties":{"id":"fdfb4a4e68f1","name":"桃園市龜山區幸福國民小學","level":"國小","basis":"both","data_ym":"202510"},"geometry":{"type":"Polygon","coordinates":[[[121.331265,24.989829],[121.331555,24.98969],[121.331814,24.989579],[121.331602,24.989399],[121.33113,24.988916],[121.330796,24.988562],[121.330299,24.988937],[121.329891,24.989233],[121.329893,24.989248],[121.329948,24.989308],[121.329969,24.989351],[121.330044,24.989405],[121.330498,24.989806],[121.330509,24.989797],[121.330612,24.989881],[121.330627,24.989899],[121.330633,24.989917],[121.33064,24.989977],[121.330871,24.990107],[121.330943,24.990139],[121.331066,24.989919],[121.331265,24.989829]]]}},{"type":"Feature","properties":{"id":"acc46485af7d","name":"桃園市龜山區長庚國民小學","level":"國小","basis":"both","data_ym":"202109"},"geometry":{"type":"Polygon","coordinates":[[[121.386954,25.060585],[121.386913,25.060579],[121.386765,25.06069],[121.386666,25.06075],[121.386564,25.0608],[121.38646,25.060842],[121.386416,25.060875],[121.386411,25.060895],[121.38642,25.061015],[121.386416,25.061134],[121.386398,25.061338],[121.386367,25.061489],[121.386246,25.061971],[121.386132,25.062484],[121.386151,25.062495],[121.386212,25.062497],[121.386322,25.062462],[121.386387,25.062438],[121.386561,25.062354],[121.386781,25.062216],[121.387716,25.061607],[121.387769,25.06157],[121.387785,25.061551],[121.387794,25.061531],[121.387802,25.061505],[121.387804,25.061483],[121.387795,25.06146],[121.387502,25.061058],[121.387409,25.060925],[121.387339,25.060858],[121.387257,25.06079],[121.387073,25.060661],[121.386954,25.060585]]]}},{"type":"Feature","properties":{"id":"4e7f5080b34e","name":"桃園市龜山區南美國民小學","level":"國小","basis":"both","data_ym":"201901"},"geometry":{"type":"Polygon","coordinates":[[[121.298124,25.048598],[121.297914,25.048011],[121.29781,25.047702],[121.29779,25.047633],[121.297831,25.047621],[121.297805,25.047544],[121.296805,25.047828],[121.296545,25.04791],[121.296262,25.048646],[121.296116,25.04907],[121.296209,25.049146],[121.296439,25.0491],[121.296857,25.048987],[121.297229,25.048914],[121.297908,25.048831],[121.298127,25.048808],[121.298124,25.048598]]]}},{"type":"Feature","properties":{"id":"05bf353e23e3","name":"桃園市龜山區新路國民小學","level":"國小","basis":"both","data_ym":"201901"},"geometry":{"type":"Polygon","coordinates":[[[121.33633,24.995845],[121.336559,24.995236],[121.335788,24.995038],[121.335748,24.995162],[121.335565,24.995104],[121.335466,24.995372],[121.335346,24.995332],[121.335095,24.995221],[121.334961,24.995487],[121.335023,24.99551],[121.335073,24.995556],[121.33508,24.995586],[121.335076,24.995603],[121.334998,24.995648],[121.334946,24.995661],[121.334884,24.99564],[121.334859,24.995703],[121.334777,24.995878],[121.334833,24.996194],[121.335494,24.996045],[121.33582,24.995976],[121.33633,24.995845]]]}},{"type":"Feature","properties":{"id":"4f091578af2e","name":"桃園市龜山區楓樹國民小學","level":"國小","basis":"both","data_ym":"201901"},"geometry":{"type":"Polygon","coordinates":[[[121.341544,25.006378],[121.341799,25.006356],[121.342287,25.006379],[121.342289,25.00635],[121.343201,25.006238],[121.343222,25.006192],[121.343181,25.006],[121.343154,25.005898],[121.343137,25.005901],[121.343126,25.005891],[121.343093,25.005888],[121.343068,25.005753],[121.343094,25.005753],[121.343107,25.005746],[121.34311,25.005739],[121.342995,25.005401],[121.342403,25.0055],[121.342208,25.005521],[121.342153,25.005533],[121.342073,25.005559],[121.342049,25.005561],[121.342017,25.005552],[121.341992,25.005535],[121.341964,25.005492],[121.341475,25.005537],[121.3414,25.005553],[121.341371,25.005575],[121.341357,25.005599],[121.341346,25.00579],[121.34135,25.006233],[121.34136,25.006391],[121.341544,25.006378]]]}},{"type":"Feature","properties":{"id":"5588d9187c0d","name":"桃園市龜山區壽山國民小學","level":"國小","basis":"both","data_ym":"202309"},"geometry":{"type":"Polygon","coordinates":[[[121.364745,25.003404],[121.364857,25.003252],[121.364873,25.003257],[121.364876,25.003253],[121.365045,25.003309],[121.365169,25.003144],[121.365145,25.003131],[121.365035,25.00304],[121.364984,25.00293],[121.364797,25.002803],[121.364727,25.002776],[121.364672,25.002781],[121.364674,25.002738],[121.364658,25.002719],[121.364322,25.002617],[121.364363,25.002496],[121.364232,25.002484],[121.36413,25.002532],[121.364035,25.002605],[121.363767,25.002668],[121.363741,25.002847],[121.363698,25.002842],[121.36368,25.002958],[121.363731,25.002968],[121.363813,25.003009],[121.364367,25.003217],[121.364688,25.003358],[121.364677,25.003378],[121.364745,25.003404]]]}},{"type":"Feature","properties":{"id":"181a5ab1da35","name":"桃園市龜山區福源國民小學","level":"國小","basis":"both","data_ym":"201901"},"geometry":{"type":"Polygon","coordinates":[[[121.357407,24.989689],[121.357455,24.989424],[121.357478,24.989427],[121.357804,24.988528],[121.357888,24.988206],[121.357948,24.988032],[121.358094,24.98767],[121.357901,24.987651],[121.357776,24.987759],[121.357508,24.98797],[121.357279,24.988118],[121.357113,24.988208],[121.357014,24.988249],[121.357074,24.988732],[121.357099,24.989058],[121.357108,24.989263],[121.357105,24.989693],[121.357407,24.989689]]]}},{"type":"Feature","properties":{"id":"43ed6850d8bc","name":"桃園市龜山區樂善國民小學","level":"國小","basis":"both","data_ym":"201901"},"geometry":{"type":"Polygon","coordinates":[[[121.383443,25.052505],[121.383366,25.052418],[121.383306,25.052367],[121.383314,25.05236],[121.383173,25.052201],[121.383059,25.052134],[121.382785,25.051985],[121.382705,25.051996],[121.38243,25.052081],[121.382136,25.052186],[121.381748,25.052342],[121.381843,25.052363],[121.381801,25.052501],[121.381746,25.052489],[121.381696,25.052716],[121.381951,25.052925],[121.382592,25.053469],[121.383443,25.052505]]]}},{"type":"Feature","properties":{"id":"b62f2aec45b2","name":"桃園市龜山區龍壽國民小學","level":"國小","basis":"both","data_ym":"201901"},"geometry":{"type":"Polygon","coordinates":[[[121.38773,25.010406],[121.387597,25.010287],[121.387455,25.010131],[121.387206,25.010354],[121.387183,25.010358],[121.386972,25.010293],[121.386941,25.010301],[121.386794,25.010469],[121.386801,25.010488],[121.38682,25.010512],[121.386922,25.010615],[121.387037,25.010717],[121.387126,25.010817],[121.387251,25.010946],[121.3873,25.01097],[121.387362,25.010995],[121.387555,25.011038],[121.387879,25.01118],[121.387918,25.011177],[121.387939,25.011171],[121.387976,25.011149],[121.388029,25.011081],[121.388044,25.010976],[121.388017,25.010743],[121.387944,25.010597],[121.387921,25.010569],[121.387887,25.010535],[121.38773,25.010406]]]}},{"type":"Feature","properties":{"id":"1a03a6f58d02","name":"桃園市龜山區龜山國民小學","level":"國小","basis":"both","data_ym":"201901"},"geometry":{"type":"Polygon","coordinates":[[[121.339712,24.993376],[121.339394,24.993123],[121.33935,24.993141],[121.33924,24.99315],[121.338739,24.994012],[121.338933,24.994101],[121.338912,24.994146],[121.338994,24.994215],[121.339002,24.994281],[121.339192,24.994343],[121.340502,24.994805],[121.341039,24.99406],[121.340417,24.993755],[121.339876,24.993474],[121.339712,24.993376]]]}},{"type":"Feature","properties":{"id":"5077fd3b175a","name":"桃園市蘆竹區大竹國民小學","level":"國小","basis":"both","data_ym":"201901"},"geometry":{"type":"Polygon","coordinates":[[[121.258904,25.024431],[121.258836,25.024431],[121.258322,25.024782],[121.258033,25.025031],[121.258146,25.025164],[121.258282,25.025301],[121.258364,25.025376],[121.258571,25.025584],[121.258829,25.025822],[121.259748,25.025207],[121.259421,25.024845],[121.258904,25.024431]]]}},{"type":"Feature","properties":{"id":"20171eb7c9c6","name":"桃園市蘆竹區大華國民小學","level":"國小","basis":"both","data_ym":"202109"},"geometry":{"type":"Polygon","coordinates":[[[121.254466,25.039153],[121.254348,25.039073],[121.254389,25.039027],[121.254297,25.038854],[121.254205,25.039103],[121.254036,25.039026],[121.253889,25.039258],[121.253705,25.039572],[121.253524,25.039781],[121.25353,25.040071],[121.253596,25.040123],[121.253818,25.040264],[121.254177,25.040478],[121.254396,25.040069],[121.254443,25.039958],[121.254274,25.039866],[121.25438,25.039732],[121.254692,25.03938],[121.254653,25.039351],[121.254579,25.039273],[121.254503,25.039209],[121.254505,25.039206],[121.254457,25.039171],[121.254466,25.039153]]]}},{"type":"Feature","properties":{"id":"0685a37613b8","name":"桃園市蘆竹區山腳國民小學","level":"國小","basis":"both","data_ym":"201901"},"geometry":{"type":"Polygon","coordinates":[[[121.28817,25.088394],[121.287779,25.088264],[121.287773,25.088276],[121.287603,25.088218],[121.287507,25.088447],[121.28742,25.08857],[121.287374,25.088606],[121.287591,25.088722],[121.287586,25.0888],[121.287632,25.088864],[121.287647,25.088876],[121.28797,25.089024],[121.288354,25.089327],[121.288557,25.089068],[121.288728,25.088866],[121.288815,25.088636],[121.288411,25.088493],[121.28817,25.088394]]]}},{"type":"Feature","properties":{"id":"6a52d481c1af","name":"桃園市蘆竹區公埔國民小學","level":"國小","basis":"both","data_ym":"201901"},"geometry":{"type":"Polygon","coordinates":[[[121.286363,25.072419],[121.286612,25.072054],[121.286667,25.071986],[121.286917,25.071776],[121.286909,25.071769],[121.287097,25.071589],[121.287131,25.07155],[121.28626,25.071055],[121.286111,25.071383],[121.286027,25.071538],[121.28593,25.07168],[121.285785,25.07183],[121.285688,25.071789],[121.285619,25.071944],[121.285598,25.072014],[121.285593,25.072186],[121.28566,25.072221],[121.285685,25.072171],[121.28616,25.072444],[121.286137,25.072471],[121.286268,25.072569],[121.286363,25.072419]]]}},{"type":"Feature","properties":{"id":"6b4828b18796","name":"桃園市蘆竹區外社國民小學","level":"國小","basis":"both","data_ym":"201901"},"geometry":{"type":"Polygon","coordinates":[[[121.307016,25.082398],[121.306958,25.082165],[121.305663,25.082508],[121.305768,25.082947],[121.305852,25.083195],[121.306089,25.083134],[121.306068,25.083071],[121.306323,25.082993],[121.306875,25.082794],[121.307086,25.082725],[121.307016,25.082398]]]}},{"type":"Feature","properties":{"id":"0146465966a4","name":"桃園市蘆竹區光明國民小學","level":"國小","basis":"both","data_ym":"201901"},"geometry":{"type":"Polygon","coordinates":[[[121.29205,25.041158],[121.291497,25.040326],[121.290109,25.041045],[121.290108,25.041067],[121.290652,25.041899],[121.290685,25.041909],[121.292045,25.041181],[121.29205,25.041158]]]}},{"type":"Feature","properties":{"id":"c06e671cbf55","name":"桃園市蘆竹區南崁國民小學","level":"國小","basis":"both","data_ym":"201706"},"geometry":{"type":"Polygon","coordinates":[[[121.30036,25.049624],[121.300256,25.049828],[121.300227,25.049865],[121.300118,25.049962],[121.30008,25.04993],[121.299872,25.050111],[121.29941,25.050552],[121.300053,25.050845],[121.300473,25.051045],[121.300989,25.051271],[121.301021,25.051269],[121.301035,25.05126],[121.301515,25.050445],[121.301609,25.050265],[121.301608,25.050239],[121.301579,25.050196],[121.301425,25.050129],[121.300816,25.049834],[121.30036,25.049624]]]}},{"type":"Feature","properties":{"id":"1ca9cf06693c","name":"桃園市蘆竹區海湖國民小學","level":"國小","basis":"both","data_ym":"201901"},"geometry":{"type":"Polygon","coordinates":[[[121.268426,25.103082],[121.268101,25.102799],[121.268357,25.102514],[121.26753,25.101891],[121.267469,25.101858],[121.267369,25.101826],[121.267035,25.102198],[121.266968,25.102148],[121.266463,25.102738],[121.267381,25.103379],[121.267834,25.103684],[121.268112,25.103406],[121.268426,25.103082]]]}},{"type":"Feature","properties":{"id":"9f1a219ecce0","name":"桃園市蘆竹區頂社國民小學","level":"國小","basis":"both","data_ym":"201901"},"geometry":{"type":"Polygon","coordinates":[[[121.319621,25.077179],[121.319607,25.077184],[121.319592,25.077197],[121.319556,25.07725],[121.319541,25.077263],[121.319496,25.077289],[121.319417,25.077315],[121.319379,25.077479],[121.319298,25.077955],[121.320453,25.07802],[121.320544,25.077525],[121.320368,25.077362],[121.319846,25.077312],[121.319621,25.077179]]]}},{"type":"Feature","properties":{"id":"55b3b279be32","name":"桃園市蘆竹區新莊國民小學","level":"國小","basis":"both","data_ym":"201901"},"geometry":{"type":"Polygon","coordinates":[[[121.247459,25.027856],[121.24666,25.027305],[121.246406,25.027594],[121.246137,25.027923],[121.246926,25.028486],[121.247246,25.028096],[121.247459,25.027856]]]}},{"type":"Feature","properties":{"id":"f2b451433e0f","name":"桃園市蘆竹區新興國民小學","level":"國小","basis":"both","data_ym":"201901"},"geometry":{"type":"Polygon","coordinates":[[[121.265253,25.008478],[121.265357,25.008219],[121.2655,25.007684],[121.26533,25.007666],[121.265351,25.007489],[121.26482,25.007426],[121.264623,25.00741],[121.264537,25.007743],[121.26436,25.008369],[121.265253,25.008478]]]}},{"type":"Feature","properties":{"id":"613f144a0364","name":"桃園市蘆竹區錦興國民小學","level":"國小","basis":"both","data_ym":"201901"},"geometry":{"type":"Polygon","coordinates":[[[121.289441,25.046345],[121.289313,25.046257],[121.289272,25.046221],[121.28885,25.046561],[121.288826,25.046588],[121.288802,25.046624],[121.288793,25.046668],[121.288791,25.04677],[121.288806,25.047676],[121.289536,25.048008],[121.289585,25.047993],[121.290285,25.046726],[121.289624,25.046458],[121.289441,25.046345]]]}},{"type":"Feature","properties":{"id":"63b97f88605f","name":"桃園市蘆竹區龍安國民小學","level":"國小","basis":"both","data_ym":"201901"},"geometry":{"type":"Polygon","coordinates":[[[121.273686,24.990715],[121.271737,24.990256],[121.27173,24.990275],[121.271708,24.990269],[121.271471,24.9911],[121.272157,24.991265],[121.272762,24.991449],[121.272837,24.991496],[121.272816,24.991559],[121.272686,24.99187],[121.272632,24.99203],[121.272546,24.992335],[121.273083,24.992456],[121.273065,24.992479],[121.273177,24.992506],[121.273172,24.992487],[121.273219,24.992279],[121.273686,24.990715]]]}},{"type":"Feature","properties":{"id":"e61b532affe0","name":"桃園市蘆竹區蘆竹國民小學","level":"國小","basis":"both","data_ym":"201706"},"geometry":{"type":"Polygon","coordinates":[[[121.267095,25.050421],[121.267035,25.050393],[121.266951,25.050523],[121.266937,25.050557],[121.266992,25.050577],[121.266944,25.050689],[121.266992,25.050807],[121.267058,25.050926],[121.267112,25.051005],[121.267233,25.051154],[121.267892,25.051912],[121.267932,25.05187],[121.267935,25.051837],[121.267947,25.051817],[121.26864,25.051048],[121.268655,25.051024],[121.268655,25.050993],[121.267954,25.050759],[121.267956,25.050741],[121.26716,25.05046],[121.267095,25.050421]]]}},{"type":"Feature","properties":{"id":"b06f6bedd579","name":"桃園市觀音區上大國民小學","level":"國小","basis":"both","data_ym":"201901"},"geometry":{"type":"Polygon","coordinates":[[[121.147307,24.978538],[121.146978,24.978295],[121.14694,24.97834],[121.147056,24.978412],[121.146968,24.978521],[121.146848,24.978451],[121.146553,24.978803],[121.146368,24.979017],[121.146288,24.979127],[121.146944,24.979576],[121.147157,24.979588],[121.14777,24.978824],[121.147307,24.978538]]]}},{"type":"Feature","properties":{"id":"1ab152a0e8c7","name":"桃園市觀音區大潭國民小學","level":"國小","basis":"both","data_ym":"201901"},"geometry":{"type":"Polygon","coordinates":[[[121.059036,25.020494],[121.059003,25.020494],[121.058678,25.020837],[121.05835,25.021167],[121.05819,25.021303],[121.058592,25.021718],[121.058962,25.022092],[121.059734,25.021379],[121.059533,25.021127],[121.059578,25.021094],[121.059458,25.020924],[121.059356,25.020814],[121.059036,25.020494]]]}},{"type":"Feature","properties":{"id":"318536a1fccb","name":"桃園市觀音區育仁國民小學","level":"國小","basis":"both","data_ym":"201901"},"geometry":{"type":"Polygon","coordinates":[[[121.103731,25.013002],[121.103282,25.012451],[121.10307,25.012525],[121.102185,25.012856],[121.102117,25.012916],[121.102045,25.012987],[121.102574,25.01349],[121.102686,25.013615],[121.10372,25.01302],[121.103728,25.013013],[121.103731,25.013002]]]}},{"type":"Feature","properties":{"id":"ecf9f2f8a16e","name":"桃園市觀音區保生國民小學","level":"國小","basis":"both","data_ym":"201901"},"geometry":{"type":"Polygon","coordinates":[[[121.072305,25.005966],[121.072242,25.005928],[121.071495,25.006411],[121.071936,25.006575],[121.071851,25.006737],[121.072493,25.00708],[121.072821,25.006416],[121.072889,25.006315],[121.072964,25.006237],[121.072981,25.006203],[121.0728,25.006152],[121.072718,25.006124],[121.072391,25.005993],[121.072305,25.005966]]]}},{"type":"Feature","properties":{"id":"3f7e40857026","name":"桃園市觀音區草漯國民小學","level":"國小","basis":"both","data_ym":"201901"},"geometry":{"type":"Polygon","coordinates":[[[121.143106,25.045268],[121.143083,25.045267],[121.143063,25.045277],[121.143046,25.045301],[121.142823,25.046195],[121.143204,25.046271],[121.144302,25.046462],[121.144397,25.046485],[121.144443,25.046454],[121.144615,25.045555],[121.143106,25.045268]]]}},{"type":"Feature","properties":{"id":"9e2a84c4e0a8","name":"桃園市觀音區崙坪國民小學","level":"國小","basis":"both","data_ym":"201905"},"geometry":{"type":"Polygon","coordinates":[[[121.161498,24.999218],[121.161728,25.00057],[121.161788,25.000867],[121.161795,25.000988],[121.161924,25.001039],[121.161963,25.001058],[121.162351,25.001374],[121.162421,25.001422],[121.162465,25.001429],[121.162512,25.001422],[121.162549,25.001403],[121.162626,25.001317],[121.162656,25.001208],[121.162928,25.00007],[121.162927,25.000002],[121.162909,24.999895],[121.162722,24.999624],[121.162612,24.999446],[121.162576,24.999378],[121.162476,24.999149],[121.162454,24.999108],[121.162405,24.999039],[121.161669,24.999239],[121.161653,24.999179],[121.161498,24.999218]]]}},{"type":"Feature","properties":{"id":"db1b4ba2f767","name":"桃園市觀音區富林國民小學","level":"國小","basis":"both","data_ym":"202108"},"geometry":{"type":"Polygon","coordinates":[[[121.120844,25.03773],[121.120904,25.037136],[121.120984,25.037138],[121.121042,25.036829],[121.121068,25.036643],[121.120362,25.03657],[121.120219,25.036732],[121.119857,25.037078],[121.12055,25.037611],[121.120143,25.037964],[121.12051,25.038251],[121.120809,25.03789],[121.120844,25.03773]]]}},{"type":"Feature","properties":{"id":"1fe0adfae84a","name":"桃園市觀音區新坡國民小學","level":"國小","basis":"both","data_ym":"201911"},"geometry":{"type":"Polygon","coordinates":[[[121.139087,25.014168],[121.139136,25.014082],[121.139292,25.013984],[121.13827,25.01287],[121.137864,25.01244],[121.137857,25.012436],[121.137812,25.012473],[121.137816,25.012478],[121.1377,25.012565],[121.13761,25.012472],[121.137077,25.012809],[121.1372,25.012948],[121.137014,25.013095],[121.136948,25.013018],[121.136825,25.013094],[121.136701,25.013179],[121.136557,25.013216],[121.136988,25.013694],[121.13697,25.013708],[121.137402,25.014176],[121.137295,25.01421],[121.1373,25.014343],[121.137316,25.01442],[121.137224,25.014513],[121.137575,25.01452],[121.137897,25.014539],[121.137967,25.014512],[121.138136,25.014487],[121.138313,25.014497],[121.138419,25.014497],[121.138485,25.014529],[121.138553,25.014541],[121.138614,25.014565],[121.138645,25.014568],[121.139087,25.014168]]]}},{"type":"Feature","properties":{"id":"2267c9840070","name":"桃園市觀音區樹林國民小學","level":"國小","basis":"both","data_ym":"201901"},"geometry":{"type":"Polygon","coordinates":[[[121.128224,25.061636],[121.128056,25.061485],[121.127017,25.062398],[121.126999,25.062458],[121.127832,25.063205],[121.127845,25.063211],[121.12789,25.063211],[121.127941,25.063194],[121.128433,25.062745],[121.128924,25.062304],[121.128931,25.062273],[121.128924,25.062259],[121.128366,25.061772],[121.128224,25.061636]]]}},{"type":"Feature","properties":{"id":"8e09d187c5de","name":"桃園市觀音區觀音國民小學","level":"國小","basis":"both","data_ym":"202510"},"geometry":{"type":"Polygon","coordinates":[[[121.082531,25.036351],[121.082875,25.035887],[121.083041,25.035695],[121.083327,25.035063],[121.082927,25.035052],[121.082935,25.034752],[121.083059,25.034748],[121.083387,25.034755],[121.083455,25.034773],[121.08349,25.034694],[121.083504,25.034643],[121.083514,25.034574],[121.083517,25.034447],[121.08351,25.034366],[121.083489,25.034279],[121.08346,25.034195],[121.083419,25.034109],[121.082596,25.034093],[121.082186,25.034858],[121.082138,25.034934],[121.082125,25.03498],[121.08187,25.03543],[121.081934,25.035495],[121.082103,25.035555],[121.082257,25.035644],[121.082289,25.035645],[121.082294,25.035725],[121.08226,25.035799],[121.082232,25.035847],[121.08219,25.036048],[121.082184,25.036059],[121.08222,25.036059],[121.082272,25.036083],[121.082238,25.036145],[121.082376,25.036237],[121.082531,25.036351]]]}},{"type":"Feature","properties":{"id":"2c6ff961f696","name":"財團法人桃園市基督聖經教會聖德基督學院","level":"大專","basis":"name","data_ym":"202510"},"geometry":{"type":"Polygon","coordinates":[[[121.22188,24.985336],[121.221962,24.985236],[121.222251,24.985262],[121.222266,24.985122],[121.2222,24.985114],[121.2222,24.985101],[121.222002,24.985082],[121.222101,24.984876],[121.221255,24.984717],[121.219961,24.984495],[121.21994,24.984597],[121.219974,24.984688],[121.220688,24.985433],[121.221586,24.985608],[121.221598,24.985576],[121.221679,24.985509],[121.221782,24.985397],[121.22188,24.985336]]]}},{"type":"Feature","properties":{"id":"7621170f89e2","name":"健行科技大學","level":"大專","basis":"both","data_ym":"201803"},"geometry":{"type":"Polygon","coordinates":[[[121.229764,24.948161],[121.23,24.948155],[121.230267,24.948156],[121.230546,24.948084],[121.230763,24.948039],[121.231088,24.947986],[121.231322,24.947893],[121.231581,24.947879],[121.231653,24.947798],[121.231668,24.947775],[121.231728,24.946986],[121.231702,24.946984],[121.231497,24.947136],[121.231049,24.947233],[121.230831,24.947229],[121.230677,24.947181],[121.23052,24.947091],[121.230324,24.94697],[121.230089,24.946802],[121.229988,24.946675],[121.229984,24.946626],[121.229976,24.946588],[121.22997,24.946432],[121.22995,24.946343],[121.229734,24.946288],[121.229589,24.946726],[121.229115,24.946548],[121.229068,24.946723],[121.229006,24.947082],[121.229107,24.947106],[121.229039,24.947325],[121.229009,24.947322],[121.228963,24.947477],[121.228919,24.948129],[121.229544,24.948148],[121.229764,24.948161]]]}},{"type":"Feature","properties":{"id":"cde4a264fe01","name":"健行科技大學1","level":"大專","basis":"both","data_ym":"202510"},"geometry":{"type":"Polygon","coordinates":[[[121.231957,24.945084],[121.231873,24.945579],[121.232087,24.945642],[121.232164,24.945685],[121.232303,24.945745],[121.232391,24.945794],[121.232552,24.945863],[121.232767,24.945621],[121.232907,24.94544],[121.232996,24.945235],[121.233025,24.94516],[121.23232,24.944938],[121.23218,24.944969],[121.232171,24.944982],[121.232175,24.945012],[121.232152,24.945015],[121.232156,24.945061],[121.232089,24.945081],[121.232056,24.945061],[121.231957,24.945084]]]}},{"type":"Feature","properties":{"id":"931ba98a47b0","name":"健行科技大學2","level":"大專","basis":"both","data_ym":"201803"},"geometry":{"type":"Polygon","coordinates":[[[121.229582,24.949036],[121.229339,24.948932],[121.229078,24.948904],[121.228896,24.948897],[121.22876,24.948829],[121.228718,24.948925],[121.228689,24.949],[121.228687,24.949014],[121.228697,24.949038],[121.228725,24.949053],[121.229417,24.94936],[121.22957,24.949065],[121.229582,24.949036]]]}},{"type":"Feature","properties":{"id":"428a443f6bcb","name":"國立中央大學","level":"大專","basis":"both","data_ym":"202510"},"geometry":{"type":"Polygon","coordinates":[[[121.193005,24.971595],[121.192931,24.9712],[121.194221,24.971151],[121.19424,24.971414],[121.194625,24.971444],[121.19477,24.971452],[121.195251,24.971416],[121.195561,24.971253],[121.195989,24.97088],[121.196457,24.970441],[121.196601,24.969926],[121.196589,24.969721],[121.196559,24.968921],[121.19664,24.968318],[121.196582,24.968319],[121.196579,24.968195],[121.196653,24.968194],[121.196661,24.968117],[121.196653,24.96777],[121.196744,24.967263],[121.196752,24.96725],[121.196756,24.967125],[121.196723,24.967106],[121.196715,24.966908],[121.196746,24.966908],[121.196756,24.966591],[121.196778,24.966335],[121.196762,24.966313],[121.196622,24.9663],[121.196434,24.966215],[121.196279,24.966122],[121.196173,24.966029],[121.196096,24.965933],[121.196071,24.96589],[121.195766,24.965626],[121.195752,24.965503],[121.195588,24.965504],[121.195541,24.965464],[121.194717,24.96548],[121.194619,24.96543],[121.194375,24.965362],[121.194272,24.965288],[121.194211,24.965209],[121.194131,24.965163],[121.194105,24.965333],[121.194049,24.96545],[121.193983,24.965498],[121.193982,24.965522],[121.192821,24.96553],[121.192841,24.965064],[121.191866,24.96506],[121.191007,24.965103],[121.191139,24.965517],[121.191151,24.965578],[121.191034,24.965605],[121.190841,24.96566],[121.190807,24.965679],[121.190793,24.9657],[121.19069,24.966004],[121.190504,24.966103],[121.190341,24.966157],[121.190114,24.966242],[121.189825,24.966364],[121.189783,24.966386],[121.189752,24.966407],[121.189718,24.966455],[121.189709,24.96648],[121.189708,24.966542],[121.189722,24.96659],[121.189696,24.966607],[121.189567,24.966574],[121.189482,24.966571],[121.189327,24.966551],[121.189094,24.966477],[121.188877,24.967072],[121.188858,24.967071],[121.188587,24.966907],[121.188038,24.966477],[121.18795,24.966279],[121.18791,24.966275],[121.187388,24.9663],[121.187323,24.966331],[121.186883,24.966573],[121.186578,24.966727],[121.186234,24.966916],[121.186032,24.967012],[121.185774,24.967106],[121.185452,24.967259],[121.185263,24.967398],[121.184968,24.967603],[121.184947,24.967636],[121.184877,24.967909],[121.184875,24.967931],[121.184891,24.967955],[121.184935,24.967974],[121.185217,24.968027],[121.185404,24.968069],[121.185551,24.968112],[121.185778,24.968194],[121.185992,24.968246],[121.186222,24.968322],[121.18658,24.968485],[121.186727,24.968542],[121.186905,24.96862],[121.187117,24.968749],[121.187342,24.968916],[121.187767,24.969164],[121.188066,24.969395],[121.188614,24.969774],[121.189914,24.971068],[121.190021,24.97116],[121.190115,24.971264],[121.190128,24.971272],[121.190172,24.971291],[121.190192,24.97128],[121.190456,24.971393],[121.190738,24.971481],[121.191153,24.971534],[121.191519,24.971618],[121.191516,24.971631],[121.191987,24.9717],[121.192057,24.971703],[121.192173,24.971717],[121.192244,24.971745],[121.193005,24.971595]]]}},{"type":"Feature","properties":{"id":"b25daab47059","name":"國立中央大學附屬中壢高級中學","level":"高中職","basis":"both","data_ym":"202510"},"geometry":{"type":"Polygon","coordinates":[[[121.211,24.961566],[121.210357,24.960807],[121.210325,24.960825],[121.209392,24.961486],[121.209378,24.961477],[121.209335,24.961508],[121.209223,24.96149],[121.208954,24.961647],[121.208871,24.961745],[121.208888,24.961769],[121.208893,24.961796],[121.208889,24.96181],[121.208848,24.961848],[121.208824,24.961857],[121.208768,24.961867],[121.208768,24.961886],[121.208475,24.962088],[121.209551,24.963779],[121.20972,24.963966],[121.209828,24.964033],[121.210001,24.964095],[121.211194,24.964358],[121.211365,24.964059],[121.211302,24.96395],[121.211194,24.963727],[121.211194,24.963688],[121.211089,24.963482],[121.211031,24.96341],[121.211005,24.963342],[121.210998,24.96329],[121.21125,24.963079],[121.211901,24.962618],[121.211,24.961566]]]}},{"type":"Feature","properties":{"id":"841444cd6f07","name":"國立臺北科技大學附屬桃園農工高級中學","level":"高中職","basis":"name","data_ym":"202510"},"geometry":{"type":"Polygon","coordinates":[[[121.322051,24.995648],[121.322386,24.994759],[121.322774,24.993768],[121.323076,24.99295],[121.323226,24.992557],[121.323296,24.992365],[121.323287,24.992337],[121.321666,24.99181],[121.321689,24.991787],[121.321713,24.991775],[121.321628,24.991747],[121.321636,24.991769],[121.321631,24.991799],[121.321299,24.991692],[121.320689,24.991481],[121.319717,24.991172],[121.319428,24.991091],[121.319306,24.991064],[121.318925,24.991005],[121.31867,24.990987],[121.318658,24.991075],[121.318641,24.991123],[121.318582,24.991192],[121.318547,24.991223],[121.318523,24.991253],[121.318509,24.991282],[121.3185,24.991315],[121.318489,24.991432],[121.318467,24.991565],[121.318427,24.991667],[121.318358,24.991755],[121.318298,24.991806],[121.318239,24.991834],[121.317923,24.991841],[121.31789,24.991917],[121.317889,24.991953],[121.317926,24.992217],[121.317889,24.99236],[121.317671,24.992534],[121.317646,24.992564],[121.317555,24.992725],[121.317282,24.993019],[121.317239,24.993006],[121.316866,24.994019],[121.320547,24.995175],[121.320507,24.995206],[121.320706,24.995269],[121.320697,24.995222],[121.322051,24.995648]]]}},{"type":"Feature","properties":{"id":"28311a790570","name":"國立臺北商業大學桃園校區","level":"大專","basis":"branch","data_ym":"202510"},"geometry":{"type":"Polygon","coordinates":[[[121.23042,24.903335],[121.23055,24.903178],[121.23064,24.903218],[121.230595,24.902596],[121.230485,24.90158],[121.230454,24.901409],[121.230437,24.901379],[121.230424,24.90136],[121.230407,24.901352],[121.229984,24.901141],[121.229978,24.901148],[121.229925,24.901115],[121.229847,24.901228],[121.229754,24.9013],[121.229728,24.901314],[121.229685,24.901299],[121.229278,24.901223],[121.229033,24.90117],[121.22899,24.901173],[121.228954,24.901353],[121.228955,24.901441],[121.228948,24.901503],[121.228954,24.901605],[121.228978,24.901837],[121.228974,24.901891],[121.228844,24.902676],[121.228826,24.902815],[121.228807,24.903072],[121.228803,24.903215],[121.228804,24.903534],[121.228825,24.903701],[121.228836,24.90375],[121.228853,24.903789],[121.228872,24.903814],[121.228906,24.903838],[121.228954,24.903863],[121.228975,24.903868],[121.229237,24.903901],[121.229444,24.90395],[121.229793,24.904026],[121.229916,24.904032],[121.229955,24.904029],[121.229986,24.904022],[121.230009,24.904004],[121.230031,24.903981],[121.23007,24.903921],[121.230164,24.903765],[121.23025,24.903604],[121.230306,24.90352],[121.230376,24.903398],[121.23042,24.903335]]]}},{"type":"Feature","properties":{"id":"1a1f38740406","name":"國立體育大學","level":"大專","basis":"both","data_ym":"202510"},"geometry":{"type":"Polygon","coordinates":[[[121.386273,25.035026],[121.386317,25.034884],[121.386334,25.034812],[121.386368,25.034603],[121.386374,25.034527],[121.386378,25.034411],[121.386346,25.033992],[121.386354,25.033972],[121.386373,25.033949],[121.386407,25.033925],[121.386564,25.033859],[121.386626,25.033826],[121.386759,25.033744],[121.386825,25.033695],[121.387032,25.033487],[121.387205,25.033269],[121.387605,25.03279],[121.388201,25.032099],[121.388289,25.031976],[121.38833,25.031891],[121.388342,25.031821],[121.388353,25.031687],[121.388355,25.031649],[121.388348,25.031544],[121.388324,25.03143],[121.388257,25.031255],[121.388245,25.031211],[121.388234,25.031136],[121.388233,25.031068],[121.388242,25.031006],[121.388258,25.03095],[121.388279,25.0309],[121.388295,25.030867],[121.388393,25.030717],[121.388421,25.03066],[121.388451,25.030573],[121.388461,25.030529],[121.388465,25.030489],[121.38846,25.030419],[121.388449,25.030359],[121.388429,25.030289],[121.388404,25.030228],[121.388349,25.030116],[121.388308,25.030044],[121.388187,25.029855],[121.388184,25.029832],[121.388189,25.029821],[121.388562,25.029383],[121.388762,25.029418],[121.388928,25.029365],[121.389628,25.029089],[121.39002,25.028955],[121.390072,25.028917],[121.390002,25.028778],[121.390025,25.028731],[121.390047,25.02872],[121.390071,25.028476],[121.390052,25.028329],[121.390012,25.028223],[121.389834,25.02768],[121.389797,25.027651],[121.389612,25.027639],[121.38946,25.027638],[121.38922,25.027694],[121.389102,25.027731],[121.389045,25.027573],[121.389021,25.027593],[121.388989,25.027609],[121.388806,25.027677],[121.388738,25.02771],[121.388693,25.027629],[121.388712,25.02762],[121.38846,25.027287],[121.388234,25.027096],[121.387926,25.026904],[121.387594,25.026745],[121.387421,25.026695],[121.38718,25.02668],[121.386933,25.026725],[121.386719,25.02682],[121.38659,25.026918],[121.386454,25.027036],[121.38636,25.027133],[121.386106,25.027413],[121.38547,25.026925],[121.385124,25.027081],[121.384992,25.027153],[121.384927,25.027202],[121.384848,25.027273],[121.384426,25.027711],[121.384877,25.028094],[121.385075,25.028215],[121.385145,25.028237],[121.385186,25.028261],[121.38549,25.028541],[121.385549,25.02859],[121.385551,25.028649],[121.38559,25.028764],[121.385465,25.028897],[121.385381,25.028958],[121.385328,25.028916],[121.38518,25.028783],[121.384436,25.029549],[121.384258,25.029663],[121.384066,25.029778],[121.384006,25.029802],[121.383994,25.029795],[121.383904,25.029854],[121.383421,25.03004],[121.383063,25.030083],[121.382454,25.030462],[121.382367,25.030558],[121.381858,25.030738],[121.381575,25.03093],[121.381164,25.031446],[121.381093,25.031463],[121.380264,25.031848],[121.379344,25.032592],[121.379502,25.032742],[121.37956,25.032719],[121.379583,25.032745],[121.3796,25.032752],[121.37966,25.032753],[121.379738,25.032722],[121.379848,25.032687],[121.379901,25.032676],[121.37995,25.032681],[121.380293,25.032753],[121.380326,25.032754],[121.380304,25.032819],[121.380552,25.032918],[121.380638,25.032931],[121.380633,25.032983],[121.380608,25.033054],[121.380608,25.033083],[121.38059,25.033082],[121.380585,25.033312],[121.380588,25.033424],[121.380596,25.033456],[121.381151,25.033465],[121.381123,25.033249],[121.381947,25.033054],[121.382019,25.033275],[121.381578,25.033616],[121.381477,25.033828],[121.38138,25.033914],[121.380688,25.034293],[121.381209,25.034719],[121.381961,25.035346],[121.382259,25.035588],[121.382438,25.035702],[121.382593,25.035771],[121.382761,25.035835],[121.382911,25.035873],[121.383063,25.035905],[121.383615,25.035998],[121.384992,25.036161],[121.385021,25.03616],[121.38504,25.036151],[121.385054,25.036131],[121.385343,25.036244],[121.385359,25.036181],[121.3854,25.03611],[121.385535,25.035981],[121.385804,25.035749],[121.385911,25.035636],[121.386031,25.035487],[121.386117,25.035356],[121.386185,25.035233],[121.386228,25.035141],[121.386273,25.035026]]]}},{"type":"Feature","properties":{"id":"944a0fa9785c","name":"開南大學","level":"大專","basis":"both","data_ym":"202510"},"geometry":{"type":"Polygon","coordinates":[[[121.269528,25.012969],[121.27019,25.012738],[121.270266,25.012683],[121.270326,25.012609],[121.270356,25.012553],[121.270384,25.01222],[121.270414,25.012173],[121.270453,25.012145],[121.270535,25.012121],[121.270613,25.012112],[121.2707,25.01211],[121.270761,25.012115],[121.270831,25.012127],[121.271066,25.012185],[121.271139,25.012195],[121.271239,25.012194],[121.271321,25.012178],[121.271441,25.012132],[121.271555,25.012075],[121.271642,25.01202],[121.271754,25.011908],[121.271775,25.011873],[121.27182,25.011769],[121.271914,25.011456],[121.272058,25.010909],[121.271996,25.010887],[121.272,25.010872],[121.271799,25.010791],[121.271512,25.010681],[121.27151,25.010684],[121.271145,25.010548],[121.271981,25.009682],[121.271752,25.009497],[121.270855,25.010443],[121.270702,25.010408],[121.269494,25.010353],[121.269442,25.010366],[121.268987,25.010892],[121.268955,25.01092],[121.268917,25.010931],[121.268893,25.010928],[121.268871,25.01092],[121.268503,25.010712],[121.268422,25.010671],[121.268373,25.010656],[121.268358,25.010657],[121.268339,25.010665],[121.268119,25.010864],[121.267831,25.011059],[121.267397,25.01134],[121.267138,25.011523],[121.267035,25.011558],[121.266782,25.011626],[121.266467,25.011719],[121.266387,25.011731],[121.266319,25.011723],[121.266287,25.011711],[121.266063,25.011491],[121.266017,25.011554],[121.265838,25.011492],[121.265816,25.011502],[121.265737,25.011521],[121.265634,25.011557],[121.265508,25.011626],[121.265433,25.011698],[121.265349,25.011634],[121.265221,25.011751],[121.265517,25.011971],[121.266325,25.012594],[121.267419,25.013448],[121.267909,25.012865],[121.267927,25.012861],[121.267939,25.012846],[121.268745,25.013464],[121.268754,25.013484],[121.26876,25.013669],[121.26878,25.013727],[121.268817,25.013771],[121.268946,25.013884],[121.26914,25.01379],[121.269137,25.013615],[121.269152,25.013517],[121.269191,25.013411],[121.269269,25.013255],[121.269467,25.013002],[121.269487,25.012985],[121.269528,25.012969]]]}},{"type":"Feature","properties":{"id":"28d556ab8668","name":"新生醫護管理專科學校","level":"大專","basis":"both","data_ym":"202510"},"geometry":{"type":"Polygon","coordinates":[[[121.208526,24.833016],[121.209762,24.832383],[121.209982,24.832706],[121.211619,24.831573],[121.211551,24.831489],[121.211792,24.831272],[121.211993,24.83099],[121.212362,24.830734],[121.212343,24.830665],[121.21234,24.8306],[121.212353,24.830544],[121.212378,24.830498],[121.212409,24.830463],[121.212466,24.830433],[121.212509,24.830403],[121.212537,24.830374],[121.212562,24.830334],[121.212582,24.830282],[121.212597,24.83022],[121.212578,24.830052],[121.212583,24.830029],[121.212607,24.829991],[121.212398,24.829769],[121.212439,24.829733],[121.212308,24.829616],[121.212342,24.829587],[121.21222,24.82948],[121.21215,24.829543],[121.2121,24.829602],[121.211979,24.8298],[121.211932,24.829856],[121.211879,24.829902],[121.21168,24.830046],[121.211251,24.830274],[121.210623,24.830419],[121.210467,24.830492],[121.210391,24.830598],[121.210355,24.830812],[121.210332,24.831391],[121.210192,24.83148],[121.209872,24.831521],[121.209367,24.831341],[121.209278,24.831325],[121.209208,24.831338],[121.208387,24.831861],[121.208288,24.831733],[121.208278,24.831728],[121.208257,24.831733],[121.208093,24.831806],[121.207389,24.83214],[121.207268,24.831991],[121.207176,24.83206],[121.206508,24.832522],[121.206487,24.832519],[121.206464,24.832526],[121.206547,24.832791],[121.207011,24.832466],[121.207164,24.832412],[121.20722,24.832414],[121.208088,24.832011],[121.208176,24.831994],[121.208278,24.831993],[121.208526,24.833016]]]}},{"type":"Feature","properties":{"id":"422860c0257c","name":"萬能科技大學","level":"大專","basis":"both","data_ym":"202510"},"geometry":{"type":"Polygon","coordinates":[[[121.229387,24.993894],[121.229608,24.993666],[121.229846,24.993398],[121.230073,24.993197],[121.230343,24.99299],[121.230603,24.992816],[121.231152,24.992507],[121.231313,24.99241],[121.231475,24.992294],[121.231562,24.992218],[121.231652,24.99213],[121.231744,24.992023],[121.231819,24.991916],[121.232047,24.991615],[121.232123,24.991533],[121.232231,24.991439],[121.232323,24.991341],[121.232362,24.991286],[121.232514,24.990958],[121.232582,24.990802],[121.232608,24.990718],[121.232938,24.990789],[121.232958,24.990827],[121.233249,24.990881],[121.23343,24.990919],[121.233472,24.990763],[121.233257,24.990712],[121.233806,24.990487],[121.233935,24.990422],[121.234346,24.990196],[121.234299,24.990115],[121.234256,24.990018],[121.234129,24.99001],[121.234151,24.989859],[121.234263,24.989849],[121.234266,24.989829],[121.234259,24.989828],[121.234272,24.989726],[121.234282,24.989727],[121.234285,24.989709],[121.234358,24.989698],[121.23437,24.989617],[121.234382,24.989567],[121.234447,24.989513],[121.234524,24.989492],[121.234655,24.989377],[121.234573,24.989288],[121.234372,24.989477],[121.234127,24.989676],[121.233988,24.989862],[121.233777,24.990003],[121.233512,24.99013],[121.23334,24.990166],[121.233568,24.989636],[121.233349,24.989578],[121.233307,24.989628],[121.233245,24.989723],[121.233181,24.989846],[121.233115,24.990005],[121.233054,24.990224],[121.233029,24.990267],[121.232956,24.990529],[121.232948,24.990616],[121.232976,24.990682],[121.232642,24.990608],[121.232714,24.990385],[121.232743,24.990262],[121.232795,24.989884],[121.232822,24.989767],[121.232143,24.98947],[121.232076,24.989555],[121.231967,24.989747],[121.231587,24.989701],[121.231517,24.989689],[121.231439,24.990036],[121.231366,24.9903],[121.231346,24.990355],[121.231107,24.990598],[121.230961,24.990755],[121.230914,24.990798],[121.23081,24.990872],[121.2308,24.990888],[121.230716,24.99108],[121.230561,24.991412],[121.230449,24.991607],[121.230395,24.991683],[121.230379,24.991694],[121.230371,24.99169],[121.230283,24.991846],[121.23019,24.991973],[121.229922,24.992367],[121.229727,24.992642],[121.229716,24.992635],[121.229667,24.992649],[121.229374,24.992879],[121.229338,24.992838],[121.229284,24.992794],[121.228625,24.993509],[121.228359,24.993831],[121.228001,24.993728],[121.227277,24.993499],[121.227182,24.993583],[121.22706,24.993672],[121.22712,24.993746],[121.227501,24.993874],[121.228081,24.99403],[121.227639,24.994497],[121.227524,24.994657],[121.227897,24.99493],[121.227967,24.994844],[121.22809,24.994726],[121.228211,24.994624],[121.228667,24.994263],[121.228802,24.994196],[121.229064,24.994106],[121.229155,24.994081],[121.229202,24.994064],[121.229254,24.994022],[121.229387,24.993894]]]}},{"type":"Feature","properties":{"id":"ae0b7a65a98c","name":"嘎色鬧獵人學校","level":"其他","basis":"none","data_ym":"201811"},"geometry":{"type":"Polygon","coordinates":[[[121.324863,24.775216],[121.324817,24.775208],[121.324795,24.775212],[121.324746,24.775238],[121.324718,24.775261],[121.324649,24.775342],[121.32457,24.775466],[121.3245,24.775544],[121.324451,24.775671],[121.324449,24.775683],[121.324471,24.775786],[121.324463,24.77581],[121.32465,24.775984],[121.325251,24.775514],[121.325164,24.775427],[121.325091,24.775422],[121.325037,24.7754],[121.325015,24.775381],[121.324901,24.775241],[121.324863,24.775216]]]}},{"type":"Feature","properties":{"id":"0028eea5f90d","name":"銘傳大學桃園校區","level":"大專","basis":"branch","data_ym":"202201"},"geometry":{"type":"Polygon","coordinates":[[[121.341277,24.987792],[121.341308,24.98815],[121.341389,24.988118],[121.341872,24.988853],[121.342008,24.988786],[121.342148,24.988472],[121.342117,24.988259],[121.342027,24.988117],[121.341726,24.987709],[121.341798,24.987732],[121.341921,24.987761],[121.341998,24.987759],[121.342096,24.987721],[121.342289,24.987561],[121.342521,24.9873],[121.342866,24.986964],[121.342947,24.986878],[121.343009,24.98678],[121.343029,24.986669],[121.34304,24.986457],[121.343191,24.986456],[121.343185,24.986497],[121.343243,24.986511],[121.343249,24.986471],[121.343317,24.986406],[121.343404,24.986299],[121.343506,24.986424],[121.34355,24.986449],[121.343548,24.986433],[121.343559,24.986371],[121.343643,24.98617],[121.34367,24.986125],[121.343729,24.986102],[121.343761,24.986079],[121.344019,24.985726],[121.344159,24.985514],[121.344434,24.985041],[121.344486,24.984979],[121.344623,24.984788],[121.3442,24.984439],[121.344221,24.984303],[121.344189,24.98424],[121.342448,24.982948],[121.342152,24.982868],[121.341195,24.982756],[121.34071,24.982752],[121.34039,24.982588],[121.340301,24.982681],[121.34028,24.982716],[121.340251,24.982792],[121.340219,24.98293],[121.340206,24.983022],[121.340236,24.983433],[121.34046,24.983674],[121.340587,24.983578],[121.340767,24.983684],[121.340839,24.983763],[121.341306,24.984242],[121.341221,24.984569],[121.341112,24.984856],[121.341137,24.984934],[121.341195,24.985005],[121.341943,24.985566],[121.342312,24.985957],[121.342324,24.986048],[121.342351,24.986093],[121.342393,24.986141],[121.342415,24.986157],[121.342505,24.986166],[121.342578,24.98616],[121.342708,24.986138],[121.342803,24.986213],[121.342878,24.986278],[121.342918,24.986341],[121.34293,24.98638],[121.342936,24.98654],[121.34293,24.986657],[121.342919,24.986728],[121.342895,24.986778],[121.342842,24.986831],[121.342697,24.986934],[121.342568,24.987074],[121.342024,24.987625],[121.341984,24.987655],[121.34195,24.987664],[121.34192,24.987665],[121.341885,24.987662],[121.341753,24.987608],[121.341996,24.987187],[121.341698,24.98705],[121.341357,24.987406],[121.341349,24.987435],[121.34137,24.987501],[121.341502,24.987741],[121.341473,24.987763],[121.34133,24.98781],[121.341297,24.98781],[121.341277,24.987792]]]}},{"type":"Feature","properties":{"id":"340d8e452bdd","name":"龍華科技大學","level":"大專","basis":"both","data_ym":"202109"},"geometry":{"type":"Polygon","coordinates":[[[121.402877,25.019079],[121.402934,25.019014],[121.403189,25.018645],[121.402882,25.018435],[121.402877,25.018427],[121.402877,25.018419],[121.402843,25.018322],[121.402837,25.018315],[121.402669,25.018317],[121.402665,25.018296],[121.402651,25.018297],[121.402625,25.018322],[121.402559,25.018416],[121.40252,25.018458],[121.402508,25.01846],[121.402241,25.018438],[121.401918,25.018459],[121.401375,25.018299],[121.401071,25.018215],[121.401016,25.018171],[121.400965,25.018092],[121.400959,25.01806],[121.400846,25.01814],[121.400637,25.018696],[121.400489,25.018789],[121.400427,25.01881],[121.400353,25.019006],[121.400487,25.019132],[121.400367,25.019663],[121.400363,25.019698],[121.400379,25.019847],[121.400426,25.019979],[121.400491,25.0201],[121.400606,25.020247],[121.400742,25.020404],[121.400938,25.020482],[121.401368,25.020693],[121.401517,25.020732],[121.401451,25.020872],[121.401446,25.020944],[121.401518,25.021018],[121.401696,25.020897],[121.401718,25.020875],[121.401925,25.020423],[121.402128,25.019956],[121.402114,25.019951],[121.402139,25.019876],[121.402249,25.019839],[121.402416,25.019597],[121.402453,25.019535],[121.402665,25.019235],[121.402877,25.019079]]]}}]}