{"type":"FeatureCollection","county":"臺中市","features":[{"type":"Feature","properties":{"id":"3f3d4f45a957","name":"國立中興大學農業試驗場","level":"其他","basis":"none","data_ym":"202601"},"geometry":{"type":"Polygon","coordinates":[[[120.711921,24.079738],[120.71203,24.079637],[120.712138,24.079507],[120.712196,24.079445],[120.712198,24.078839],[120.712202,24.078643],[120.712196,24.078244],[120.71167,24.078221],[120.711665,24.078225],[120.711506,24.078223],[120.711494,24.078214],[120.71092,24.078178],[120.710927,24.079317],[120.711045,24.079315],[120.711146,24.079418],[120.711353,24.079519],[120.711378,24.079543],[120.71148,24.079604],[120.7117,24.079704],[120.711794,24.079735],[120.711914,24.07974],[120.711921,24.079738]],[[120.712123,24.078336],[120.712107,24.078493],[120.712072,24.078566],[120.712015,24.078581],[120.711826,24.078574],[120.711708,24.078564],[120.711673,24.078536],[120.711627,24.078437],[120.711636,24.078311],[120.712123,24.078336]]]}},{"type":"Feature","properties":{"id":"057e575114e9","name":"國家漫畫博物館","level":"大專","basis":"branch","data_ym":"202512"},"geometry":{"type":"Polygon","coordinates":[[[120.67355,24.133882],[120.673549,24.133941],[120.673672,24.134059],[120.673671,24.134397],[120.673589,24.134477],[120.673485,24.134483],[120.673807,24.134788],[120.674078,24.134569],[120.674055,24.134545],[120.675197,24.133562],[120.675202,24.133533],[120.675197,24.133505],[120.674641,24.132968],[120.674618,24.13297],[120.67355,24.133882]]]}},{"type":"Feature","properties":{"id":"4a1aaa09cfde","name":"逢甲大學","level":"大專","basis":"both","data_ym":"202601"},"geometry":{"type":"Polygon","coordinates":[[[120.650089,24.181944],[120.6502,24.178198],[120.647045,24.178067],[120.646575,24.178055],[120.646561,24.178065],[120.646544,24.178807],[120.646502,24.178802],[120.646475,24.17993],[120.646448,24.180772],[120.646385,24.180772],[120.646375,24.1812],[120.646352,24.181882],[120.647242,24.181897],[120.648278,24.181924],[120.650089,24.181944]]]}},{"type":"Feature","properties":{"id":"f0ea6ce8b7b4","name":"臺中市立中港高級中學","level":"高中職","basis":"both","data_ym":"202510"},"geometry":{"type":"Polygon","coordinates":[[[120.54459,24.245058],[120.544415,24.244691],[120.544191,24.244771],[120.54391,24.2441],[120.543821,24.244129],[120.543588,24.243686],[120.543027,24.243854],[120.543018,24.24388],[120.542981,24.243938],[120.54296,24.243956],[120.542949,24.243957],[120.542936,24.24395],[120.542659,24.244025],[120.542611,24.243989],[120.54212,24.244129],[120.542139,24.244183],[120.542008,24.244224],[120.541996,24.244189],[120.541891,24.244221],[120.541855,24.2442],[120.541289,24.244365],[120.541782,24.245522],[120.542019,24.246052],[120.543265,24.245586],[120.543258,24.245569],[120.544258,24.245199],[120.544251,24.245184],[120.54459,24.245058]]]}},{"type":"Feature","properties":{"id":"84d804bb5325","name":"臺中市豐原區瑞穗國民小學","level":"國小","basis":"both","data_ym":"202601"},"geometry":{"type":"Polygon","coordinates":[[[120.711439,24.249072],[120.711395,24.249369],[120.71133,24.249745],[120.7109,24.249689],[120.71081,24.250258],[120.712684,24.250528],[120.712716,24.250333],[120.712781,24.249984],[120.712876,24.249414],[120.71288,24.249411],[120.712877,24.249408],[120.712879,24.249375],[120.712803,24.249283],[120.712793,24.249274],[120.712472,24.249234],[120.711439,24.249072]]]}},{"type":"Feature","properties":{"id":"17397aaca76b","name":"臺中市霧峰區萬豐國民小學","level":"國小","basis":"both","data_ym":"202601"},"geometry":{"type":"Polygon","coordinates":[[[120.698076,24.028454],[120.698406,24.028402],[120.698562,24.028373],[120.698652,24.028366],[120.698652,24.028362],[120.698699,24.028341],[120.698666,24.028307],[120.698656,24.028308],[120.698617,24.028269],[120.698582,24.02822],[120.698542,24.028202],[120.698457,24.028177],[120.698408,24.028151],[120.698376,24.028117],[120.698351,24.028076],[120.698338,24.028039],[120.698335,24.027968],[120.698353,24.027911],[120.698413,24.027829],[120.698441,24.027764],[120.698437,24.027723],[120.698414,24.027674],[120.698372,24.027631],[120.698335,24.027605],[120.698304,24.027599],[120.698259,24.027599],[120.698222,24.027606],[120.698172,24.0276],[120.698109,24.027569],[120.698086,24.027551],[120.698075,24.027523],[120.698045,24.027412],[120.698005,24.027306],[120.697984,24.027271],[120.697917,24.027196],[120.697321,24.027246],[120.697,24.027279],[120.697028,24.027348],[120.697033,24.027373],[120.697032,24.027421],[120.697014,24.027493],[120.697022,24.027546],[120.697041,24.027592],[120.697044,24.027644],[120.697043,24.027664],[120.697035,24.027695],[120.697005,24.02774],[120.697013,24.027909],[120.697078,24.027973],[120.697086,24.027995],[120.697089,24.028019],[120.697083,24.028107],[120.697051,24.028315],[120.697056,24.028417],[120.697069,24.028457],[120.697366,24.028426],[120.697375,24.028502],[120.697827,24.02848],[120.698076,24.028454]]]}},{"type":"Feature","properties":{"id":"b7bce5f742ea","name":"臺中市大里區美群國民小學","level":"國小","basis":"both","data_ym":"202601"},"geometry":{"type":"Polygon","coordinates":[[[120.710659,24.084454],[120.710762,24.084314],[120.710817,24.084297],[120.710809,24.084276],[120.710877,24.084251],[120.710887,24.084274],[120.711026,24.084229],[120.711174,24.084214],[120.711348,24.08415],[120.711472,24.084102],[120.711605,24.084014],[120.711788,24.083865],[120.711843,24.083813],[120.711897,24.083787],[120.711921,24.083784],[120.712023,24.083805],[120.712118,24.083766],[120.712168,24.083709],[120.712157,24.083668],[120.712351,24.083634],[120.712416,24.083649],[120.71247,24.083495],[120.712426,24.083399],[120.712096,24.083293],[120.711631,24.083153],[120.71151,24.083211],[120.711206,24.083311],[120.710967,24.083306],[120.710727,24.083313],[120.710699,24.083322],[120.710685,24.083348],[120.710662,24.083364],[120.710564,24.083376],[120.7103,24.083384],[120.710243,24.083396],[120.710245,24.083402],[120.709938,24.083488],[120.709933,24.083474],[120.709898,24.083485],[120.709895,24.083472],[120.709802,24.083493],[120.709808,24.083513],[120.709702,24.083538],[120.709412,24.08366],[120.709351,24.08368],[120.709289,24.083701],[120.709123,24.083725],[120.709056,24.083741],[120.708917,24.083833],[120.708882,24.083844],[120.708834,24.084055],[120.708751,24.08445],[120.708872,24.084486],[120.709048,24.084439],[120.709242,24.084382],[120.709265,24.084457],[120.709358,24.084471],[120.709622,24.084405],[120.709624,24.084413],[120.709627,24.084412],[120.70965,24.084488],[120.709669,24.084534],[120.709714,24.084627],[120.709988,24.084626],[120.710241,24.084575],[120.710659,24.084454]]]}},{"type":"Feature","properties":{"id":"e2aa130caa1a","name":"臺中市立大里高級中學","level":"高中職","basis":"both","data_ym":"202601"},"geometry":{"type":"Polygon","coordinates":[[[120.67995,24.094121],[120.679954,24.093976],[120.679902,24.093976],[120.679899,24.093876],[120.67997,24.093874],[120.680055,24.092963],[120.680033,24.092548],[120.679807,24.092552],[120.679807,24.092521],[120.679606,24.092525],[120.679611,24.092402],[120.679471,24.092413],[120.679472,24.092076],[120.678377,24.092084],[120.678311,24.092207],[120.678245,24.092521],[120.678245,24.092606],[120.678178,24.092846],[120.678382,24.092952],[120.678384,24.093038],[120.678218,24.093201],[120.678071,24.093186],[120.678019,24.093454],[120.678015,24.093451],[120.677986,24.09348],[120.677994,24.093486],[120.67776,24.0937],[120.677781,24.093934],[120.677807,24.09406],[120.677835,24.094125],[120.67798,24.094348],[120.678051,24.094424],[120.678538,24.094848],[120.678641,24.094928],[120.678839,24.095054],[120.678966,24.095088],[120.679195,24.095188],[120.679528,24.095313],[120.679651,24.095208],[120.679671,24.095186],[120.679883,24.094378],[120.679907,24.094359],[120.67995,24.094121]]]}},{"type":"Feature","properties":{"id":"751a6ba2f960","name":"臺中市大里區大里國民小學","level":"國小","basis":"both","data_ym":"202601"},"geometry":{"type":"Polygon","coordinates":[[[120.678793,24.100319],[120.678649,24.100282],[120.67857,24.100244],[120.678544,24.100176],[120.678509,24.100185],[120.678484,24.100218],[120.678437,24.100176],[120.678412,24.100144],[120.678398,24.100102],[120.67836,24.099943],[120.678333,24.099881],[120.678301,24.099834],[120.678274,24.099807],[120.678181,24.09979],[120.678179,24.099798],[120.678075,24.099785],[120.678076,24.09978],[120.677639,24.099768],[120.677278,24.099687],[120.67717,24.099656],[120.677128,24.099991],[120.67711,24.100073],[120.677026,24.100397],[120.676947,24.100634],[120.676838,24.10101],[120.676841,24.101019],[120.676935,24.101044],[120.677177,24.101122],[120.677229,24.101112],[120.677263,24.101119],[120.677262,24.101129],[120.677353,24.101162],[120.677383,24.101184],[120.677408,24.101222],[120.677454,24.101238],[120.677513,24.101234],[120.677537,24.101237],[120.677572,24.101252],[120.677607,24.101281],[120.677632,24.101326],[120.678263,24.101583],[120.678349,24.101373],[120.678429,24.101139],[120.678455,24.100871],[120.678464,24.100693],[120.678477,24.100691],[120.678482,24.100679],[120.678572,24.100669],[120.678709,24.100676],[120.678825,24.100749],[120.678855,24.100721],[120.678818,24.100681],[120.678816,24.100625],[120.678824,24.100506],[120.67882,24.100458],[120.678815,24.100439],[120.678802,24.100422],[120.678775,24.100403],[120.67879,24.100344],[120.678793,24.100319]]]}},{"type":"Feature","properties":{"id":"948e87564027","name":"臺中市私立明道高級中學1","level":"高中職","basis":"both","data_ym":"202601"},"geometry":{"type":"Polygon","coordinates":[[[120.635025,24.104731],[120.63517,24.104543],[120.63529,24.104422],[120.635387,24.104351],[120.635416,24.104339],[120.635398,24.104298],[120.635347,24.104147],[120.635294,24.104163],[120.635024,24.10422],[120.635077,24.104283],[120.634909,24.10442],[120.634892,24.104439],[120.634861,24.104459],[120.634674,24.104623],[120.634546,24.104499],[120.634559,24.104497],[120.634504,24.104441],[120.634494,24.104445],[120.634495,24.104448],[120.634474,24.104452],[120.634385,24.104485],[120.634325,24.104301],[120.633866,24.10441],[120.633938,24.104662],[120.6341,24.104672],[120.634554,24.104828],[120.634789,24.104913],[120.634841,24.104936],[120.635025,24.104731]]]}},{"type":"Feature","properties":{"id":"af259d207520","name":"臺中市立烏日國民中學","level":"國中","basis":"both","data_ym":"202512"},"geometry":{"type":"Polygon","coordinates":[[[120.618154,24.105077],[120.618328,24.104193],[120.618416,24.103839],[120.618529,24.103287],[120.618441,24.103254],[120.618421,24.103239],[120.618405,24.103208],[120.618398,24.103148],[120.617284,24.103197],[120.617285,24.10314],[120.617261,24.103134],[120.617261,24.103128],[120.617167,24.10313],[120.617167,24.103117],[120.617125,24.103118],[120.617124,24.103213],[120.61705,24.103217],[120.617069,24.103659],[120.616866,24.103658],[120.616867,24.103665],[120.616832,24.103664],[120.616821,24.103942],[120.616765,24.10467],[120.616739,24.105109],[120.616902,24.105114],[120.616905,24.105073],[120.617166,24.105088],[120.617528,24.105096],[120.618103,24.105122],[120.618128,24.105109],[120.618154,24.105077]]]}},{"type":"Feature","properties":{"id":"63cc9a82a0b9","name":"慈明學校財團法人臺中市慈明高級中學","level":"高中職","basis":"both","data_ym":"202511"},"geometry":{"type":"Polygon","coordinates":[[[120.726605,24.107027],[120.727007,24.106896],[120.727185,24.106845],[120.727393,24.106773],[120.727905,24.106615],[120.728915,24.10637],[120.728871,24.106103],[120.728833,24.105777],[120.728826,24.105778],[120.72882,24.105713],[120.728789,24.105588],[120.728746,24.105359],[120.728713,24.105028],[120.728606,24.104713],[120.728166,24.104876],[120.727407,24.105092],[120.726623,24.105289],[120.726311,24.105379],[120.726179,24.105393],[120.726063,24.105394],[120.725492,24.105335],[120.725353,24.105328],[120.725275,24.105333],[120.725067,24.105373],[120.723959,24.105608],[120.723928,24.105692],[120.724118,24.105994],[120.724477,24.106636],[120.724533,24.106637],[120.724579,24.106622],[120.724613,24.106599],[120.724872,24.106495],[120.725115,24.106323],[120.725159,24.106277],[120.725221,24.106151],[120.725353,24.106085],[120.725407,24.106067],[120.72545,24.106068],[120.725476,24.106101],[120.725469,24.106146],[120.725458,24.106371],[120.725364,24.106377],[120.725419,24.106624],[120.725138,24.106696],[120.725109,24.106597],[120.725012,24.106631],[120.725069,24.10685],[120.725197,24.106907],[120.725222,24.1069],[120.725428,24.106998],[120.725436,24.106984],[120.72548,24.107004],[120.725492,24.107055],[120.725796,24.107197],[120.72581,24.10716],[120.725825,24.107142],[120.725861,24.107122],[120.726062,24.107112],[120.726274,24.107061],[120.726316,24.107055],[120.726465,24.10705],[120.726605,24.107027]]]}},{"type":"Feature","properties":{"id":"5e01bfa429a8","name":"中山醫學大學大慶校區","level":"大專","basis":"branch","data_ym":"202601"},"geometry":{"type":"Polygon","coordinates":[[[120.651152,24.119317],[120.651841,24.118594],[120.65184,24.118471],[120.651845,24.118458],[120.651848,24.118207],[120.651858,24.118126],[120.651858,24.118072],[120.651831,24.117949],[120.651832,24.117723],[120.651817,24.117698],[120.651775,24.117585],[120.651765,24.117546],[120.651784,24.117538],[120.651783,24.117535],[120.651529,24.117443],[120.65147,24.117418],[120.651283,24.117406],[120.651173,24.117378],[120.651133,24.117375],[120.650942,24.117373],[120.650936,24.117464],[120.650943,24.118239],[120.650941,24.118306],[120.650944,24.118306],[120.650946,24.11853],[120.650945,24.118647],[120.650934,24.11865],[120.650934,24.118727],[120.650942,24.118727],[120.650941,24.11879],[120.65115,24.118795],[120.651107,24.119061],[120.651118,24.119159],[120.651121,24.119275],[120.651152,24.119317]]]}},{"type":"Feature","properties":{"id":"6081e6039f89","name":"國立中興大學","level":"大專","basis":"both","data_ym":"202601"},"geometry":{"type":"Polygon","coordinates":[[[120.67518,24.123732],[120.679155,24.123705],[120.679152,24.123488],[120.679179,24.123489],[120.679174,24.123333],[120.679183,24.123026],[120.679186,24.122141],[120.679177,24.121592],[120.679195,24.120752],[120.679205,24.119862],[120.679198,24.119687],[120.679178,24.119594],[120.679149,24.119559],[120.678991,24.119448],[120.678946,24.119402],[120.678858,24.119281],[120.678828,24.119262],[120.678736,24.119256],[120.678732,24.119201],[120.67759,24.119202],[120.67759,24.118982],[120.677581,24.118971],[120.678048,24.11897],[120.678048,24.11891],[120.678639,24.118928],[120.678796,24.118921],[120.678879,24.118898],[120.678997,24.118842],[120.679115,24.118705],[120.679142,24.118664],[120.679159,24.11862],[120.679174,24.118523],[120.67919,24.118125],[120.67919,24.117751],[120.678988,24.117733],[120.678865,24.1177],[120.678822,24.117694],[120.678753,24.117687],[120.678625,24.117682],[120.677746,24.117662],[120.677537,24.117665],[120.677207,24.117686],[120.677089,24.117688],[120.676922,24.11768],[120.676567,24.117631],[120.67642,24.117599],[120.676189,24.117531],[120.675965,24.117536],[120.67538,24.11759],[120.675297,24.117589],[120.675049,24.117557],[120.674674,24.117408],[120.674413,24.117295],[120.674248,24.117212],[120.674195,24.117208],[120.674192,24.117234],[120.673983,24.117244],[120.673832,24.117236],[120.673702,24.11718],[120.673628,24.117167],[120.673546,24.117107],[120.673378,24.117067],[120.673386,24.117047],[120.673095,24.116945],[120.673019,24.117061],[120.672986,24.117132],[120.672959,24.117173],[120.672937,24.117199],[120.672923,24.11721],[120.672902,24.117218],[120.67284,24.117205],[120.672414,24.117094],[120.672355,24.11707],[120.671946,24.116835],[120.671852,24.116854],[120.671871,24.118867],[120.671924,24.118918],[120.672471,24.118917],[120.672655,24.118911],[120.672653,24.118984],[120.673506,24.118982],[120.673504,24.119207],[120.67307,24.119208],[120.673068,24.119248],[120.672411,24.119248],[120.672361,24.119252],[120.672308,24.119278],[120.672256,24.119318],[120.672246,24.119338],[120.672238,24.122949],[120.672245,24.123126],[120.672271,24.12327],[120.672329,24.123393],[120.672383,24.123472],[120.67245,24.123538],[120.672545,24.123619],[120.672586,24.123641],[120.672658,24.123667],[120.672749,24.123683],[120.672947,24.123693],[120.673115,24.123689],[120.673551,24.123691],[120.674734,24.123717],[120.674734,24.123721],[120.67518,24.123732]]]}},{"type":"Feature","properties":{"id":"d6d590132a15","name":"中山醫學大學","level":"大專","basis":"both","data_ym":"202512"},"geometry":{"type":"Polygon","coordinates":[[[120.650601,24.121444],[120.650614,24.121463],[120.650606,24.121516],[120.650543,24.121666],[120.650675,24.121751],[120.650666,24.1218],[120.65068,24.121811],[120.650822,24.122023],[120.650862,24.122207],[120.650172,24.122031],[120.650132,24.122151],[120.649939,24.122107],[120.649854,24.122391],[120.649831,24.122445],[120.649941,24.122607],[120.650164,24.122861],[120.650257,24.122798],[120.650361,24.122966],[120.650369,24.122993],[120.650291,24.123041],[120.650321,24.123125],[120.650351,24.123135],[120.650426,24.123267],[120.650338,24.123334],[120.650349,24.123415],[120.650521,24.123643],[120.650618,24.12372],[120.650747,24.123793],[120.65078,24.123771],[120.650801,24.123764],[120.65083,24.123769],[120.650961,24.123811],[120.651882,24.123626],[120.651898,24.123435],[120.651945,24.123417],[120.651952,24.123191],[120.651948,24.123059],[120.651932,24.122905],[120.651874,24.12287],[120.651873,24.122656],[120.651915,24.122681],[120.651943,24.122413],[120.651938,24.122319],[120.651886,24.12222],[120.651904,24.122104],[120.651898,24.122037],[120.651867,24.12194],[120.651869,24.121854],[120.650804,24.121212],[120.650784,24.121216],[120.650767,24.121228],[120.650655,24.121388],[120.650643,24.121382],[120.650601,24.121444]]]}},{"type":"Feature","properties":{"id":"29295b819be4","name":"臺中市立四育國民中學","level":"國中","basis":"both","data_ym":"202601"},"geometry":{"type":"Polygon","coordinates":[[[120.665535,24.125496],[120.665584,24.125417],[120.665689,24.125293],[120.666095,24.124878],[120.666091,24.124869],[120.666086,24.124818],[120.665298,24.124182],[120.665228,24.124187],[120.664779,24.124602],[120.664564,24.124747],[120.664578,24.124767],[120.664573,24.124849],[120.664573,24.125106],[120.664526,24.125131],[120.664524,24.125216],[120.664533,24.12542],[120.664581,24.125479],[120.664587,24.125476],[120.664648,24.125553],[120.664865,24.125866],[120.665128,24.12622],[120.665191,24.126286],[120.665246,24.126338],[120.665254,24.126336],[120.665617,24.126026],[120.665632,24.125994],[120.66558,24.125919],[120.665534,24.125842],[120.665507,24.125771],[120.665497,24.125679],[120.665505,24.12558],[120.665535,24.125496]]]}},{"type":"Feature","properties":{"id":"8030c2df99a3","name":"臺中市立崇倫國民中學","level":"國中","basis":"both","data_ym":"202601"},"geometry":{"type":"Polygon","coordinates":[[[120.657511,24.132468],[120.659118,24.132487],[120.6591,24.131952],[120.659109,24.130938],[120.659104,24.130504],[120.659116,24.130338],[120.659113,24.130283],[120.659075,24.130273],[120.65869,24.130245],[120.6579,24.130247],[120.657842,24.130266],[120.657759,24.13037],[120.657561,24.130545],[120.657538,24.1306],[120.657522,24.130705],[120.657512,24.131037],[120.657519,24.131037],[120.657519,24.131767],[120.657512,24.131996],[120.657528,24.132281],[120.657511,24.132468]]]}},{"type":"Feature","properties":{"id":"1b1f85ee360d","name":"臺中市大肚區大忠國民小學","level":"國小","basis":"both","data_ym":"202601"},"geometry":{"type":"Polygon","coordinates":[[[120.556096,24.134699],[120.556194,24.134692],[120.556194,24.134696],[120.556862,24.134643],[120.556875,24.134578],[120.556893,24.134544],[120.556935,24.134335],[120.556925,24.134186],[120.55697,24.134135],[120.556939,24.133915],[120.556913,24.133811],[120.556915,24.133688],[120.556949,24.133638],[120.556529,24.133639],[120.555966,24.133693],[120.556096,24.134699]]]}},{"type":"Feature","properties":{"id":"2e09061eb7a1","name":"臺中市南屯區春安國民小學","level":"國小","basis":"both","data_ym":"202601"},"geometry":{"type":"Polygon","coordinates":[[[120.607391,24.135568],[120.607394,24.134911],[120.608766,24.134914],[120.608775,24.134903],[120.608771,24.134589],[120.607958,24.134577],[120.607974,24.133986],[120.607669,24.134064],[120.607464,24.1341],[120.606428,24.134178],[120.606436,24.134237],[120.606408,24.13424],[120.606642,24.135401],[120.606683,24.135555],[120.606738,24.135586],[120.607351,24.135599],[120.607391,24.135568]]]}},{"type":"Feature","properties":{"id":"836ade871bb1","name":"嶺東科技大學寶文校區","level":"大專","basis":"branch","data_ym":"202601"},"geometry":{"type":"Polygon","coordinates":[[[120.600832,24.135817],[120.600875,24.135715],[120.600953,24.13573],[120.601033,24.13565],[120.601125,24.135654],[120.60129,24.135213],[120.601969,24.13539],[120.602058,24.135418],[120.602124,24.135456],[120.602323,24.135536],[120.602342,24.135551],[120.602348,24.135572],[120.60232,24.135682],[120.602315,24.135748],[120.602322,24.135802],[120.602341,24.13584],[120.602393,24.135801],[120.602569,24.13569],[120.602686,24.135623],[120.602691,24.135609],[120.602682,24.135548],[120.602664,24.135491],[120.60265,24.135474],[120.602727,24.135418],[120.602798,24.135441],[120.602847,24.135478],[120.603325,24.135135],[120.603831,24.134751],[120.604003,24.134608],[120.604135,24.134491],[120.60421,24.134419],[120.604446,24.134175],[120.604717,24.13388],[120.604715,24.13385],[120.604704,24.133813],[120.604664,24.133733],[120.604721,24.133709],[120.604815,24.13366],[120.604619,24.133345],[120.604558,24.133232],[120.604483,24.133213],[120.604383,24.133206],[120.60416,24.133202],[120.603788,24.133206],[120.603687,24.13319],[120.60359,24.133165],[120.603369,24.133081],[120.602951,24.132952],[120.602554,24.132936],[120.60203,24.132937],[120.601672,24.13295],[120.601464,24.132989],[120.600886,24.133238],[120.600817,24.133076],[120.599338,24.132923],[120.597769,24.133697],[120.597393,24.133852],[120.597715,24.133908],[120.597733,24.133892],[120.598005,24.134043],[120.598533,24.134395],[120.598842,24.134581],[120.598962,24.134749],[120.599255,24.135029],[120.599483,24.13527],[120.59956,24.135329],[120.599909,24.135645],[120.599956,24.135697],[120.60007,24.135833],[120.600018,24.135889],[120.600045,24.135899],[120.600193,24.135998],[120.600342,24.136107],[120.600559,24.135851],[120.600832,24.135817]]]}},{"type":"Feature","properties":{"id":"037a4dd60b3a","name":"臺中市立居仁國民中學運動場","level":"其他","basis":"none","data_ym":"202512"},"geometry":{"type":"Polygon","coordinates":[[[120.673882,24.135957],[120.674417,24.136458],[120.674129,24.13672],[120.67433,24.136913],[120.674628,24.136659],[120.674654,24.136682],[120.674824,24.136538],[120.674814,24.136528],[120.67505,24.136329],[120.675059,24.136338],[120.675149,24.136258],[120.675066,24.136179],[120.674966,24.136252],[120.67443,24.135722],[120.674339,24.135808],[120.674202,24.135685],[120.673882,24.135957]]]}},{"type":"Feature","properties":{"id":"b03924c9fed1","name":"嶺東科技大學","level":"大專","basis":"both","data_ym":"202601"},"geometry":{"type":"Polygon","coordinates":[[[120.609809,24.137829],[120.610324,24.136454],[120.610249,24.136416],[120.609304,24.136801],[120.609247,24.136816],[120.609143,24.136829],[120.608378,24.136844],[120.608323,24.136839],[120.608199,24.136816],[120.608116,24.136795],[120.607981,24.136748],[120.607594,24.136576],[120.607536,24.136555],[120.607484,24.136555],[120.607431,24.136563],[120.607348,24.136587],[120.607282,24.136613],[120.607226,24.136642],[120.607141,24.136694],[120.607087,24.136739],[120.607073,24.136758],[120.607066,24.136776],[120.607061,24.136825],[120.607189,24.138221],[120.607202,24.138415],[120.607207,24.138442],[120.607221,24.138458],[120.607234,24.138468],[120.608578,24.138432],[120.609533,24.138417],[120.609596,24.138379],[120.609809,24.137829]]]}},{"type":"Feature","properties":{"id":"949ea9fe699d","name":"國立勤益科技大學","level":"大專","basis":"both","data_ym":"202601"},"geometry":{"type":"Polygon","coordinates":[[[120.731926,24.147601],[120.732028,24.14757],[120.732828,24.147547],[120.732881,24.147528],[120.732894,24.147516],[120.732905,24.147492],[120.732909,24.147458],[120.732901,24.147202],[120.732865,24.146273],[120.732851,24.146088],[120.733099,24.146067],[120.733095,24.145646],[120.733082,24.145647],[120.733075,24.145552],[120.733092,24.145551],[120.733084,24.145462],[120.733089,24.145462],[120.733088,24.145428],[120.73307,24.145429],[120.733064,24.145313],[120.733084,24.145311],[120.733083,24.145283],[120.733041,24.144466],[120.732979,24.144445],[120.73274,24.144464],[120.732667,24.144452],[120.732664,24.144423],[120.732669,24.144422],[120.732656,24.144325],[120.732667,24.143285],[120.73265,24.143285],[120.732587,24.143244],[120.732533,24.143306],[120.732524,24.143297],[120.732431,24.143301],[120.73243,24.143294],[120.730904,24.143316],[120.730904,24.143327],[120.730811,24.143337],[120.730811,24.143326],[120.730779,24.143333],[120.730759,24.143343],[120.730726,24.143272],[120.73071,24.143257],[120.730694,24.143248],[120.73067,24.143247],[120.730581,24.143258],[120.730386,24.143305],[120.730249,24.143317],[120.730185,24.143317],[120.730103,24.143309],[120.729978,24.143289],[120.729885,24.143267],[120.729768,24.143229],[120.729702,24.14319],[120.729623,24.143112],[120.729521,24.142983],[120.729282,24.142636],[120.729156,24.142631],[120.728575,24.142575],[120.728208,24.142547],[120.728001,24.142549],[120.727994,24.142533],[120.72775,24.142539],[120.727749,24.142647],[120.727766,24.142648],[120.727769,24.142785],[120.727759,24.142797],[120.727746,24.142802],[120.727687,24.143761],[120.727689,24.143799],[120.727579,24.144466],[120.727148,24.144473],[120.727038,24.14448],[120.727076,24.144717],[120.72704,24.144725],[120.727052,24.145088],[120.727072,24.145342],[120.727081,24.145578],[120.72751,24.145577],[120.727559,24.147609],[120.730879,24.147592],[120.730996,24.147616],[120.731926,24.147601]]]}},{"type":"Feature","properties":{"id":"4c4de0951319","name":"中國醫藥大學1","level":"大專","basis":"both","data_ym":"202601"},"geometry":{"type":"Polygon","coordinates":[[[120.681193,24.155524],[120.680523,24.155132],[120.680475,24.155154],[120.68042,24.155597],[120.680458,24.155633],[120.681168,24.155638],[120.681193,24.155524]]]}},{"type":"Feature","properties":{"id":"11f69b4c699a","name":"中國醫藥大學","level":"大專","basis":"both","data_ym":"202601"},"geometry":{"type":"Polygon","coordinates":[[[120.681325,24.156174],[120.681401,24.155854],[120.681367,24.155817],[120.681132,24.155817],[120.681131,24.155838],[120.681009,24.155839],[120.681008,24.155859],[120.680364,24.155859],[120.679712,24.155867],[120.679323,24.155866],[120.679341,24.155915],[120.679398,24.155954],[120.679396,24.156141],[120.679442,24.156327],[120.67956,24.156489],[120.679623,24.156551],[120.679655,24.156606],[120.680106,24.156621],[120.680172,24.156663],[120.680184,24.156637],[120.680207,24.156609],[120.680246,24.156523],[120.680346,24.156154],[120.680372,24.156127],[120.680873,24.156132],[120.680874,24.156086],[120.681048,24.156086],[120.681091,24.156132],[120.681325,24.156174]]]}},{"type":"Feature","properties":{"id":"00c039800f06","name":"臺中市大肚區永順國民小學","level":"國小","basis":"both","data_ym":"202601"},"geometry":{"type":"Polygon","coordinates":[[[120.533527,24.157851],[120.533485,24.157703],[120.533098,24.157955],[120.533002,24.158027],[120.532333,24.158459],[120.532322,24.158492],[120.532371,24.158702],[120.53243,24.159063],[120.532428,24.159146],[120.532395,24.159323],[120.532393,24.159389],[120.532397,24.159401],[120.532407,24.159412],[120.532452,24.159426],[120.532482,24.159426],[120.532821,24.159401],[120.532835,24.159393],[120.532844,24.159361],[120.532843,24.159282],[120.533238,24.159222],[120.533236,24.159206],[120.533792,24.159096],[120.533686,24.158236],[120.533602,24.158154],[120.533549,24.157956],[120.533527,24.157851]]]}},{"type":"Feature","properties":{"id":"7bd87db7321f","name":"臺中市立啟聰學校","level":"特殊","basis":"name","data_ym":"202601"},"geometry":{"type":"Polygon","coordinates":[[[120.615228,24.162879],[120.615268,24.162856],[120.615469,24.162872],[120.615564,24.162871],[120.61569,24.16286],[120.615747,24.162848],[120.61585,24.162868],[120.615909,24.162869],[120.615989,24.162857],[120.616102,24.162817],[120.616221,24.162767],[120.616329,24.162752],[120.616496,24.162677],[120.616675,24.162606],[120.616748,24.162434],[120.617117,24.162363],[120.617253,24.162312],[120.617309,24.162302],[120.617553,24.162323],[120.617576,24.162333],[120.617712,24.162327],[120.617712,24.162314],[120.617848,24.162316],[120.617841,24.162152],[120.617803,24.162127],[120.617782,24.16213],[120.617737,24.162084],[120.617627,24.162079],[120.617619,24.161976],[120.617844,24.16198],[120.617844,24.161967],[120.617736,24.161539],[120.617751,24.161536],[120.617741,24.161495],[120.617726,24.161499],[120.617619,24.161075],[120.617622,24.160938],[120.617651,24.160877],[120.617525,24.160189],[120.617521,24.160189],[120.617524,24.160185],[120.617246,24.160206],[120.61703,24.160234],[120.616911,24.160308],[120.61687,24.160321],[120.61681,24.160332],[120.616541,24.160355],[120.616406,24.16036],[120.616276,24.160383],[120.616177,24.160367],[120.616106,24.160328],[120.615824,24.160352],[120.615723,24.160381],[120.615659,24.160406],[120.615477,24.16053],[120.615444,24.160889],[120.615431,24.160969],[120.615352,24.161264],[120.615352,24.161309],[120.615339,24.161454],[120.615342,24.161681],[120.615353,24.161681],[120.615353,24.161731],[120.615341,24.161731],[120.615341,24.16185],[120.61532,24.16195],[120.615235,24.162233],[120.615225,24.162315],[120.61518,24.162366],[120.615058,24.162409],[120.614916,24.162473],[120.614878,24.162501],[120.614854,24.162554],[120.614743,24.162903],[120.614741,24.162947],[120.614765,24.163045],[120.614841,24.163111],[120.614875,24.163161],[120.614911,24.16325],[120.614933,24.163363],[120.614984,24.163377],[120.615036,24.163346],[120.615036,24.163182],[120.615042,24.163124],[120.61516,24.162963],[120.615228,24.162879]]]}},{"type":"Feature","properties":{"id":"801fbffe5b84","name":"臺中市北屯區廍子國民小學","level":"國小","basis":"both","data_ym":"202601"},"geometry":{"type":"Polygon","coordinates":[[[120.722441,24.168596],[120.72245,24.16797],[120.722469,24.167229],[120.722454,24.167228],[120.722454,24.167119],[120.721988,24.167116],[120.721946,24.16711],[120.721882,24.167122],[120.721582,24.167106],[120.721461,24.167129],[120.721054,24.167153],[120.721059,24.168374],[120.722124,24.168358],[120.722123,24.168506],[120.722132,24.168724],[120.722414,24.168725],[120.722413,24.168596],[120.722441,24.168596]]]}},{"type":"Feature","properties":{"id":"94f45c168627","name":"中臺科技大學","level":"大專","basis":"both","data_ym":"202601"},"geometry":{"type":"Polygon","coordinates":[[[120.735896,24.175144],[120.735887,24.175117],[120.735961,24.175126],[120.735953,24.175096],[120.735895,24.174988],[120.735825,24.174823],[120.735807,24.174731],[120.736188,24.174637],[120.73599,24.17397],[120.736387,24.173894],[120.737086,24.173783],[120.737103,24.173846],[120.737229,24.173825],[120.737227,24.173802],[120.737595,24.173733],[120.737433,24.17324],[120.737373,24.173218],[120.737256,24.1728],[120.737291,24.172717],[120.737426,24.172706],[120.737425,24.17263],[120.737464,24.172603],[120.73733,24.172429],[120.73732,24.17241],[120.737164,24.172237],[120.737116,24.172174],[120.737123,24.172169],[120.737103,24.172143],[120.737096,24.172148],[120.736895,24.171856],[120.736873,24.171866],[120.736653,24.171543],[120.7365,24.171502],[120.736435,24.171369],[120.736102,24.170824],[120.735965,24.170421],[120.7356,24.17053],[120.735272,24.170952],[120.735239,24.171015],[120.735224,24.171093],[120.735204,24.171148],[120.73502,24.171365],[120.735011,24.171394],[120.735008,24.171434],[120.735043,24.171639],[120.734927,24.171712],[120.734783,24.171774],[120.734703,24.171852],[120.734683,24.171931],[120.734611,24.172337],[120.734429,24.172483],[120.734406,24.172588],[120.734324,24.17269],[120.734287,24.17271],[120.734395,24.173325],[120.734415,24.173411],[120.734458,24.17352],[120.734511,24.173629],[120.734553,24.173696],[120.734635,24.173811],[120.73506,24.174267],[120.735256,24.174505],[120.735508,24.174801],[120.735682,24.17499],[120.735819,24.175106],[120.735889,24.175156],[120.735896,24.175144]]]}},{"type":"Feature","properties":{"id":"51635db41e3c","name":"臺中市立四箴國民中學","level":"國中","basis":"both","data_ym":"202601"},"geometry":{"type":"Polygon","coordinates":[[[120.576692,24.18008],[120.576697,24.179988],[120.576733,24.179992],[120.576779,24.179604],[120.577175,24.179635],[120.577258,24.179615],[120.5773,24.179615],[120.57734,24.179605],[120.57734,24.179596],[120.577521,24.17955],[120.577524,24.179559],[120.577941,24.179453],[120.577874,24.179254],[120.577813,24.179028],[120.577681,24.178645],[120.577505,24.178321],[120.577111,24.177484],[120.576007,24.177701],[120.57599,24.178095],[120.57602,24.178086],[120.576123,24.178481],[120.576289,24.178958],[120.575719,24.179122],[120.575707,24.179526],[120.57568,24.180056],[120.576556,24.18006],[120.576604,24.180068],[120.576612,24.180077],[120.576692,24.18008]]]}},{"type":"Feature","properties":{"id":"eb4c81cbfbf0","name":"臺中市龍井區龍峰國民小學","level":"國小","basis":"both","data_ym":"202601"},"geometry":{"type":"Polygon","coordinates":[[[120.575758,24.181681],[120.57584,24.181677],[120.57596,24.181679],[120.576129,24.181664],[120.576325,24.181632],[120.57637,24.181565],[120.576389,24.181519],[120.5764,24.18138],[120.576411,24.18132],[120.576424,24.181288],[120.57644,24.181263],[120.576506,24.18122],[120.576722,24.181052],[120.576748,24.181021],[120.576757,24.180998],[120.576711,24.180772],[120.576633,24.180468],[120.576608,24.180347],[120.57658,24.18015],[120.576554,24.180119],[120.576529,24.180105],[120.575753,24.180119],[120.5757,24.180124],[120.575686,24.180139],[120.575675,24.180159],[120.575612,24.18163],[120.575762,24.181636],[120.575758,24.181681]]]}},{"type":"Feature","properties":{"id":"321f79799e59","name":"臺中市私立馬禮遜美國學校","level":"其他","basis":"none","data_ym":"202512"},"geometry":{"type":"Polygon","coordinates":[[[120.67902,24.18622],[120.679024,24.186412],[120.679047,24.186561],[120.678834,24.186815],[120.67887,24.186857],[120.679009,24.187067],[120.679124,24.187215],[120.679185,24.187345],[120.678884,24.187484],[120.678918,24.187556],[120.679086,24.187707],[120.679281,24.187863],[120.679755,24.188299],[120.679805,24.188277],[120.680896,24.187933],[120.68092,24.187935],[120.681154,24.187863],[120.681141,24.187617],[120.682136,24.187589],[120.682055,24.185832],[120.682045,24.185805],[120.682006,24.185756],[120.68197,24.185725],[120.681915,24.185692],[120.681206,24.185679],[120.681006,24.185727],[120.680951,24.185716],[120.680825,24.185757],[120.68064,24.185804],[120.680568,24.185753],[120.680525,24.185772],[120.680321,24.185586],[120.680251,24.185548],[120.680233,24.185545],[120.680069,24.185548],[120.67996,24.185502],[120.679886,24.185506],[120.679719,24.185561],[120.679651,24.185616],[120.679621,24.185615],[120.679431,24.185719],[120.67902,24.18622]]]}},{"type":"Feature","properties":{"id":"d66813769802","name":"臺中市立福科國民中學","level":"國中","basis":"both","data_ym":"202601"},"geometry":{"type":"Polygon","coordinates":[[[120.615282,24.189019],[120.614931,24.188062],[120.614721,24.188082],[120.614601,24.188075],[120.614559,24.188012],[120.614527,24.187873],[120.614425,24.187887],[120.61443,24.187892],[120.614377,24.18793],[120.614361,24.187915],[120.614293,24.187916],[120.614159,24.187866],[120.614112,24.187855],[120.614051,24.187856],[120.61377,24.187968],[120.613176,24.18819],[120.61305,24.188244],[120.613281,24.188823],[120.613298,24.188818],[120.613624,24.189683],[120.615279,24.18903],[120.615282,24.189019]]]}},{"type":"Feature","properties":{"id":"c3cf99477989","name":"臺中市私立常春藤高級中學","level":"高中職","basis":"name","data_ym":"202601"},"geometry":{"type":"Polygon","coordinates":[[[120.717228,24.19513],[120.71715,24.194994],[120.71696,24.194987],[120.716799,24.195046],[120.716885,24.194743],[120.716696,24.194727],[120.716672,24.194721],[120.716591,24.194719],[120.716468,24.194728],[120.716443,24.194744],[120.716437,24.194847],[120.716316,24.194876],[120.716272,24.194837],[120.716426,24.19468],[120.716913,24.194695],[120.716916,24.194666],[120.717278,24.194682],[120.717445,24.194746],[120.717451,24.194622],[120.71743,24.19462],[120.717437,24.194438],[120.717303,24.194405],[120.717298,24.194389],[120.717298,24.194265],[120.717192,24.194211],[120.716922,24.19421],[120.716893,24.194228],[120.716474,24.194219],[120.716472,24.194068],[120.71632,24.194025],[120.716238,24.194022],[120.716183,24.193986],[120.716119,24.193984],[120.716102,24.194213],[120.716086,24.194282],[120.71596,24.194279],[120.715949,24.194646],[120.715931,24.194673],[120.715883,24.194794],[120.715907,24.194963],[120.715928,24.195208],[120.715905,24.195273],[120.716111,24.195366],[120.716177,24.195425],[120.716197,24.195508],[120.716183,24.195528],[120.716175,24.195563],[120.716195,24.195715],[120.716205,24.195715],[120.716207,24.195802],[120.716176,24.195862],[120.716063,24.195867],[120.715995,24.196027],[120.715933,24.196133],[120.715927,24.196256],[120.716026,24.196371],[120.716074,24.196487],[120.716098,24.196588],[120.716213,24.19658],[120.71641,24.196485],[120.716634,24.19634],[120.716702,24.196317],[120.716925,24.196127],[120.717032,24.19596],[120.717113,24.195739],[120.717126,24.195673],[120.717146,24.195481],[120.717169,24.195428],[120.717207,24.195208],[120.717228,24.19513]]]}},{"type":"Feature","properties":{"id":"d2ea5c197afb","name":"臺中市私立宜寧高中","level":"高中職","basis":"both","data_ym":"202601"},"geometry":{"type":"Polygon","coordinates":[[[120.605486,24.195311],[120.606392,24.195257],[120.606501,24.195317],[120.606527,24.195195],[120.60656,24.195113],[120.606661,24.195017],[120.606758,24.194946],[120.606784,24.194917],[120.606784,24.194874],[120.606747,24.194772],[120.606535,24.194235],[120.606506,24.194207],[120.606463,24.194186],[120.606435,24.194184],[120.606333,24.193977],[120.60633,24.193948],[120.606394,24.193921],[120.606367,24.193861],[120.606374,24.193849],[120.606369,24.193804],[120.606243,24.193495],[120.606169,24.193518],[120.606152,24.193513],[120.606131,24.193466],[120.605862,24.193592],[120.605886,24.193645],[120.605238,24.193915],[120.60506,24.19352],[120.604847,24.193526],[120.604701,24.193578],[120.604474,24.193672],[120.604308,24.193727],[120.60407,24.193751],[120.603939,24.193701],[120.603743,24.193609],[120.603725,24.193609],[120.603706,24.193616],[120.60363,24.193663],[120.603469,24.193819],[120.603289,24.19401],[120.603179,24.194138],[120.603093,24.194271],[120.603042,24.194381],[120.60299,24.194512],[120.602946,24.194658],[120.602883,24.194795],[120.602744,24.195055],[120.602677,24.195207],[120.602643,24.195331],[120.602622,24.195427],[120.602606,24.195468],[120.602382,24.195823],[120.602324,24.195896],[120.602505,24.195964],[120.602673,24.196045],[120.602784,24.196153],[120.602877,24.196371],[120.603066,24.196767],[120.603124,24.196986],[120.60315,24.197167],[120.603216,24.197252],[120.603422,24.197149],[120.603814,24.196996],[120.604382,24.196679],[120.604473,24.19661],[120.604616,24.196491],[120.6049,24.196236],[120.605037,24.196124],[120.60512,24.196047],[120.60515,24.196013],[120.605226,24.195843],[120.605248,24.195774],[120.605286,24.195563],[120.605486,24.195311]]]}},{"type":"Feature","properties":{"id":"60e3132c3eed","name":"臺中市私立麗喆雙語國民中小學","level":"國中","basis":"name","data_ym":"202601"},"geometry":{"type":"Polygon","coordinates":[[[120.613821,24.197217],[120.614216,24.197072],[120.614585,24.197003],[120.614654,24.196551],[120.614715,24.196385],[120.614747,24.196113],[120.614749,24.196069],[120.614736,24.196042],[120.614454,24.195645],[120.614243,24.195325],[120.615339,24.19469],[120.615156,24.194414],[120.614895,24.19423],[120.614472,24.194035],[120.614372,24.194109],[120.614146,24.19431],[120.614084,24.194377],[120.61401,24.19447],[120.613784,24.194818],[120.613746,24.19483],[120.613719,24.194851],[120.613663,24.194931],[120.613431,24.195347],[120.613486,24.19537],[120.613646,24.195621],[120.613353,24.195774],[120.613286,24.195875],[120.613263,24.195919],[120.613259,24.195917],[120.613255,24.195923],[120.613157,24.195877],[120.612998,24.196137],[120.613098,24.1963],[120.613173,24.196408],[120.613264,24.196639],[120.612929,24.196796],[120.613183,24.197222],[120.613391,24.197193],[120.613755,24.197299],[120.613821,24.197217]]]}},{"type":"Feature","properties":{"id":"d040a953ca23","name":"臺中市西屯區泰安國民小學","level":"國小","basis":"both","data_ym":"202601"},"geometry":{"type":"Polygon","coordinates":[[[120.647977,24.197022],[120.647599,24.198147],[120.649457,24.198757],[120.649845,24.197686],[120.649446,24.19751],[120.648976,24.197318],[120.648156,24.197081],[120.648108,24.197062],[120.647977,24.197022]]]}},{"type":"Feature","properties":{"id":"3d2ffa572628","name":"臺中市龍井區龍津國民小學","level":"國小","basis":"both","data_ym":"202511"},"geometry":{"type":"Polygon","coordinates":[[[120.521854,24.201903],[120.522075,24.201885],[120.522075,24.201907],[120.522087,24.201907],[120.522489,24.201852],[120.52251,24.201919],[120.522687,24.201867],[120.522635,24.201614],[120.522638,24.201613],[120.522627,24.201558],[120.522578,24.201351],[120.522457,24.20095],[120.522346,24.200712],[120.521747,24.200842],[120.521107,24.200957],[120.521088,24.200992],[120.521258,24.20153],[120.521452,24.201501],[120.52155,24.201577],[120.521582,24.201606],[120.521578,24.201611],[120.521612,24.201636],[120.52164,24.201717],[120.521625,24.20172],[120.521634,24.20176],[120.521653,24.201756],[120.521716,24.20194],[120.521854,24.201903]]]}},{"type":"Feature","properties":{"id":"d6a7a597ba43","name":"臺中市立東華國民中學","level":"國中","basis":"both","data_ym":"202601"},"geometry":{"type":"Polygon","coordinates":[[[120.840513,24.205656],[120.840537,24.205657],[120.840725,24.205636],[120.840725,24.20563],[120.840759,24.205627],[120.840759,24.205632],[120.841097,24.205596],[120.841091,24.205326],[120.841107,24.205089],[120.841123,24.205037],[120.84113,24.20496],[120.84111,24.204653],[120.840143,24.204728],[120.839638,24.20478],[120.839579,24.205234],[120.839582,24.205307],[120.839561,24.205646],[120.839633,24.205652],[120.839637,24.205753],[120.83983,24.205735],[120.840512,24.20566],[120.840513,24.205656]]]}},{"type":"Feature","properties":{"id":"73cae7708fbc","name":"臺中市私立大明高級中學潭子應用藝術校區","level":"大專","basis":"branch","data_ym":"202601"},"geometry":{"type":"Polygon","coordinates":[[[120.720716,24.206438],[120.720815,24.206424],[120.720879,24.206442],[120.721036,24.206462],[120.72121,24.206463],[120.721234,24.206468],[120.721235,24.206463],[120.721409,24.206463],[120.721559,24.206413],[120.721602,24.206365],[120.721574,24.206059],[120.721681,24.206047],[120.721912,24.206053],[120.721915,24.206145],[120.722397,24.206169],[120.72248,24.205277],[120.722466,24.205274],[120.722453,24.205277],[120.722437,24.205295],[120.722423,24.205383],[120.722408,24.205409],[120.722393,24.205424],[120.72218,24.205596],[120.722148,24.205608],[120.722127,24.205611],[120.722098,24.205606],[120.72207,24.205589],[120.721956,24.205503],[120.721867,24.205426],[120.721897,24.205387],[120.721807,24.205328],[120.721918,24.205232],[120.721961,24.205182],[120.721999,24.205104],[120.722189,24.205091],[120.722292,24.205091],[120.722352,24.205109],[120.722401,24.205134],[120.722428,24.205179],[120.722441,24.205217],[120.722483,24.205218],[120.7225,24.204916],[120.7225,24.204617],[120.722518,24.204395],[120.722521,24.204163],[120.722516,24.204156],[120.722489,24.204153],[120.722152,24.204191],[120.721456,24.204255],[120.720996,24.204276],[120.720113,24.204242],[120.719099,24.204162],[120.719094,24.204208],[120.719103,24.20427],[120.719124,24.204352],[120.719157,24.20445],[120.719188,24.204511],[120.71927,24.204626],[120.7193,24.20468],[120.719502,24.205103],[120.719554,24.205196],[120.719607,24.205264],[120.71969,24.205346],[120.719622,24.205439],[120.71945,24.205653],[120.719502,24.205649],[120.719543,24.205636],[120.719606,24.205606],[120.719722,24.205572],[120.719738,24.20563],[120.719765,24.205669],[120.719786,24.205686],[120.719996,24.205764],[120.720057,24.205804],[120.720134,24.205868],[120.720189,24.205938],[120.720296,24.206106],[120.720584,24.206533],[120.72065,24.206503],[120.720716,24.206438]]]}},{"type":"Feature","properties":{"id":"7b4acd00c2e5","name":"臺中市立潭子國民中學","level":"國中","basis":"both","data_ym":"202601"},"geometry":{"type":"Polygon","coordinates":[[[120.70784,24.209984],[120.708229,24.209841],[120.708233,24.209851],[120.708297,24.209831],[120.708293,24.209821],[120.708533,24.209731],[120.708991,24.209571],[120.708972,24.209226],[120.708952,24.209226],[120.708925,24.20856],[120.70892,24.20856],[120.708921,24.208268],[120.708906,24.208267],[120.708903,24.208229],[120.708725,24.208239],[120.708373,24.208288],[120.708058,24.208345],[120.707386,24.20843],[120.707058,24.208478],[120.707061,24.208971],[120.707077,24.209112],[120.707197,24.209395],[120.70724,24.209512],[120.707281,24.20965],[120.707291,24.209744],[120.707316,24.209877],[120.707357,24.209965],[120.707371,24.210004],[120.707401,24.210056],[120.707485,24.210174],[120.707784,24.210009],[120.70784,24.209984]]]}},{"type":"Feature","properties":{"id":"28ad347a7809","name":"臺中市潭子區潭子國民小學","level":"國小","basis":"both","data_ym":"202601"},"geometry":{"type":"Polygon","coordinates":[[[120.704835,24.215009],[120.704835,24.21497],[120.704814,24.21497],[120.704822,24.214781],[120.704873,24.21478],[120.704878,24.214661],[120.704881,24.214652],[120.704894,24.214653],[120.7049,24.214566],[120.704914,24.214567],[120.704919,24.214454],[120.704926,24.214455],[120.704927,24.214445],[120.705005,24.21445],[120.705004,24.214459],[120.705017,24.21446],[120.705029,24.214029],[120.705068,24.213606],[120.70508,24.213352],[120.705058,24.213331],[120.70497,24.213298],[120.703746,24.212897],[120.703724,24.212909],[120.703718,24.212926],[120.703744,24.213277],[120.703743,24.213379],[120.703752,24.213379],[120.703757,24.213449],[120.703737,24.213451],[120.703745,24.213529],[120.70374,24.213597],[120.703728,24.213661],[120.703712,24.213708],[120.703677,24.213785],[120.703689,24.21379],[120.703663,24.21384],[120.703599,24.213919],[120.7035,24.213995],[120.703398,24.21404],[120.703266,24.214076],[120.703167,24.214093],[120.702989,24.214095],[120.703102,24.214483],[120.703171,24.214503],[120.703262,24.214511],[120.704448,24.214881],[120.704552,24.214918],[120.704596,24.214938],[120.704632,24.214962],[120.704687,24.215022],[120.704785,24.215047],[120.70485,24.215053],[120.704852,24.215009],[120.704835,24.215009]]]}},{"type":"Feature","properties":{"id":"0d15958ea8c5","name":"臺中市潭子區東寶國民小學","level":"國小","basis":"both","data_ym":"202601"},"geometry":{"type":"Polygon","coordinates":[[[120.684725,24.21642],[120.68469,24.216407],[120.684579,24.216404],[120.684417,24.216415],[120.684416,24.216403],[120.684342,24.216403],[120.684342,24.216419],[120.684248,24.216418],[120.683982,24.216403],[120.683673,24.216357],[120.683657,24.21636],[120.683644,24.216368],[120.68364,24.216412],[120.683702,24.216614],[120.683721,24.216695],[120.683733,24.2168],[120.683775,24.216936],[120.684091,24.217874],[120.684484,24.217874],[120.68526,24.217862],[120.685425,24.217856],[120.685303,24.217597],[120.685272,24.217581],[120.68511,24.217227],[120.685106,24.21719],[120.685056,24.217076],[120.684999,24.216923],[120.684859,24.216603],[120.684784,24.216477],[120.684725,24.21642]]]}},{"type":"Feature","properties":{"id":"81ed04a7d8e8","name":"臺中市梧棲區永寧國民小學","level":"國小","basis":"both","data_ym":"202601"},"geometry":{"type":"Polygon","coordinates":[[[120.534051,24.228479],[120.533992,24.228314],[120.533647,24.228416],[120.53306,24.22858],[120.532091,24.228858],[120.532316,24.229321],[120.53232,24.229322],[120.532495,24.229676],[120.532534,24.22977],[120.53306,24.229744],[120.533197,24.229742],[120.533195,24.229676],[120.53373,24.229628],[120.533726,24.229568],[120.533696,24.229342],[120.533831,24.229328],[120.533809,24.229156],[120.533812,24.229153],[120.53397,24.22914],[120.533983,24.229134],[120.533979,24.229127],[120.53396,24.228933],[120.534187,24.228902],[120.534125,24.228721],[120.534129,24.228719],[120.534051,24.228479]]]}},{"type":"Feature","properties":{"id":"6b7c2f522439","name":"國立中科實驗高級中學","level":"高中職","basis":"both","data_ym":"202601"},"geometry":{"type":"Polygon","coordinates":[[[120.626343,24.230416],[120.626293,24.230356],[120.626077,24.230117],[120.626067,24.230101],[120.626058,24.230071],[120.626062,24.230031],[120.626095,24.229998],[120.626286,24.229934],[120.626297,24.229925],[120.626303,24.22991],[120.626305,24.229878],[120.626184,24.229673],[120.626245,24.229649],[120.626054,24.229316],[120.625796,24.228922],[120.625733,24.228818],[120.625716,24.228774],[120.62567,24.228713],[120.625305,24.228435],[120.624982,24.228177],[120.62494,24.228129],[120.624928,24.228105],[120.624902,24.227974],[120.624187,24.227989],[120.624256,24.22812],[120.624271,24.228164],[120.624297,24.228269],[120.624312,24.228353],[120.624332,24.228421],[120.624354,24.228463],[120.624431,24.228558],[120.624467,24.228608],[120.62448,24.228637],[120.62449,24.228669],[120.624489,24.228707],[120.624475,24.228801],[120.624446,24.228879],[120.6244,24.228962],[120.62437,24.228993],[120.624345,24.229007],[120.624271,24.229034],[120.624207,24.22905],[120.624025,24.229079],[120.623946,24.229098],[120.62381,24.229159],[120.623856,24.229292],[120.624004,24.229682],[120.624101,24.229987],[120.624259,24.230075],[120.624356,24.23019],[120.624496,24.230334],[120.624552,24.230399],[120.624639,24.230369],[120.624745,24.230479],[120.62474,24.230504],[120.624697,24.230544],[120.625127,24.230985],[120.624925,24.231179],[120.624941,24.231186],[120.625159,24.231226],[120.625293,24.231241],[120.625329,24.231233],[120.625507,24.231126],[120.625608,24.231052],[120.625765,24.230895],[120.625825,24.230846],[120.626027,24.230734],[120.62612,24.230696],[120.626254,24.230633],[120.626313,24.230594],[120.626345,24.230548],[120.626359,24.230502],[120.626357,24.230464],[120.626343,24.230416]]]}},{"type":"Feature","properties":{"id":"1a04cc4ab7e6","name":"臺中市立善水國民中小學","level":"國中","basis":"moe","data_ym":"202601"},"geometry":{"type":"Polygon","coordinates":[[[120.523621,24.243036],[120.524161,24.242334],[120.524104,24.242281],[120.524053,24.242248],[120.523791,24.242046],[120.523223,24.242769],[120.523284,24.24281],[120.523293,24.242806],[120.523454,24.242914],[120.523448,24.24292],[120.523621,24.243036]]]}},{"type":"Feature","properties":{"id":"077827f13640","name":"臺中市東勢區東新國民小學","level":"國小","basis":"both","data_ym":"202601"},"geometry":{"type":"Polygon","coordinates":[[[120.827929,24.260261],[120.827305,24.260109],[120.827285,24.260125],[120.827141,24.260704],[120.827169,24.260734],[120.827148,24.260821],[120.827112,24.260838],[120.827083,24.260942],[120.827077,24.261146],[120.827299,24.261186],[120.827325,24.26108],[120.827347,24.261077],[120.827374,24.261006],[120.827435,24.260898],[120.827498,24.260809],[120.827605,24.260684],[120.827869,24.260348],[120.827929,24.260261]]]}},{"type":"Feature","properties":{"id":"fa8c4a79b1e5","name":"臺中市外埔區外埔國民小學","level":"國小","basis":"both","data_ym":"202601"},"geometry":{"type":"Polygon","coordinates":[[[120.652622,24.333922],[120.653946,24.333721],[120.654057,24.33364],[120.654344,24.333444],[120.654394,24.333391],[120.654417,24.33333],[120.654476,24.333095],[120.654522,24.332976],[120.654685,24.332636],[120.654674,24.33261],[120.654662,24.332594],[120.654179,24.332391],[120.65418,24.332388],[120.654052,24.332347],[120.654006,24.33234],[120.653684,24.332325],[120.653684,24.33234],[120.653599,24.332334],[120.653601,24.332318],[120.653403,24.332306],[120.653401,24.332323],[120.653372,24.332323],[120.653372,24.332312],[120.653136,24.332307],[120.652886,24.332296],[120.652433,24.332725],[120.652599,24.332889],[120.652625,24.332875],[120.652654,24.332868],[120.652702,24.33287],[120.652731,24.332879],[120.652766,24.332913],[120.652773,24.332937],[120.65277,24.333171],[120.652461,24.333173],[120.652335,24.333259],[120.651973,24.333324],[120.652224,24.333549],[120.652143,24.333704],[120.652183,24.333777],[120.652177,24.333788],[120.652196,24.333839],[120.652138,24.333854],[120.652114,24.333894],[120.652147,24.333976],[120.652247,24.333956],[120.652622,24.333922]]]}},{"type":"Feature","properties":{"id":"256c89881c2b","name":"臺中市大甲區東陽國民小學","level":"國小","basis":"both","data_ym":"202601"},"geometry":{"type":"Polygon","coordinates":[[[120.629723,24.340988],[120.629634,24.340487],[120.629554,24.340489],[120.629433,24.340506],[120.629165,24.340531],[120.628786,24.340632],[120.62882,24.340737],[120.628802,24.340847],[120.628684,24.340948],[120.62885,24.34117],[120.628847,24.341213],[120.628917,24.341364],[120.628961,24.341415],[120.629016,24.341588],[120.629194,24.342011],[120.629311,24.342062],[120.6296,24.341919],[120.629586,24.3419],[120.629794,24.3418],[120.629772,24.341766],[120.629941,24.341702],[120.629901,24.341627],[120.629835,24.341476],[120.629791,24.341332],[120.629723,24.340988]]]}},{"type":"Feature","properties":{"id":"4f1010ca9f6b","name":"臺中市大安區大安國民小學","level":"國小","basis":"both","data_ym":"202601"},"geometry":{"type":"Polygon","coordinates":[[[120.588289,24.346248],[120.588291,24.346244],[120.588299,24.346245],[120.58835,24.346229],[120.588435,24.346194],[120.588554,24.346121],[120.588602,24.346102],[120.58869,24.346055],[120.588787,24.346023],[120.588888,24.346016],[120.588917,24.345993],[120.588932,24.34597],[120.589009,24.345767],[120.589247,24.345538],[120.588459,24.344769],[120.588424,24.344781],[120.588402,24.344822],[120.588387,24.344841],[120.588373,24.344848],[120.588133,24.344855],[120.588101,24.344835],[120.588075,24.344778],[120.588046,24.344774],[120.587725,24.345068],[120.587202,24.345563],[120.587199,24.345585],[120.587202,24.345615],[120.587242,24.345724],[120.587301,24.345824],[120.587398,24.345967],[120.587529,24.346061],[120.587589,24.346083],[120.587649,24.346092],[120.58782,24.346109],[120.587836,24.346098],[120.587859,24.346097],[120.587888,24.346112],[120.587895,24.346129],[120.588289,24.346248]]]}},{"type":"Feature","properties":{"id":"afda8d6b3a5f","name":"臺中市大甲區文昌國民小學","level":"國小","basis":"both","data_ym":"202601"},"geometry":{"type":"Polygon","coordinates":[[[120.625025,24.348933],[120.624934,24.348714],[120.624839,24.348579],[120.624787,24.348466],[120.624782,24.348467],[120.624778,24.348457],[120.62475,24.348467],[120.624753,24.348475],[120.624748,24.348477],[120.624707,24.348386],[120.624482,24.348089],[120.6245,24.348076],[120.624466,24.348029],[120.624435,24.348047],[120.623958,24.347383],[120.623935,24.347397],[120.623758,24.34718],[120.623686,24.34723],[120.623576,24.34738],[120.623672,24.347493],[120.623549,24.347609],[120.623492,24.347651],[120.62351,24.347674],[120.623351,24.347783],[120.623333,24.347758],[120.623293,24.347783],[120.623316,24.347842],[120.623234,24.347866],[120.623616,24.348706],[120.6237,24.348911],[120.623819,24.348871],[120.623869,24.348995],[120.623751,24.349035],[120.623872,24.34933],[120.623922,24.349333],[120.625017,24.348939],[120.625025,24.348933]]]}},{"type":"Feature","properties":{"id":"90f6adcf825e","name":"臺中市外埔區鐵山國民小學","level":"國小","basis":"both","data_ym":"202601"},"geometry":{"type":"Polygon","coordinates":[[[120.656373,24.349827],[120.656496,24.349697],[120.656518,24.349712],[120.65666,24.349538],[120.656974,24.349219],[120.656091,24.348404],[120.655991,24.348503],[120.655995,24.348506],[120.655928,24.348581],[120.655919,24.348573],[120.655561,24.348936],[120.65545,24.349042],[120.655494,24.349085],[120.655517,24.349118],[120.655519,24.349131],[120.655484,24.349208],[120.655875,24.349394],[120.6562,24.349694],[120.656373,24.349827]]]}},{"type":"Feature","properties":{"id":"47abd681537b","name":"臺中市立順天國民中學","level":"國中","basis":"both","data_ym":"202601"},"geometry":{"type":"Polygon","coordinates":[[[120.615917,24.349954],[120.615263,24.349257],[120.615061,24.349035],[120.614945,24.348819],[120.614929,24.348805],[120.614909,24.348799],[120.613477,24.349171],[120.613558,24.349525],[120.613567,24.349586],[120.613572,24.349585],[120.613595,24.349624],[120.614007,24.350043],[120.614146,24.350178],[120.614805,24.350848],[120.61482,24.350859],[120.614838,24.350864],[120.614861,24.350862],[120.614872,24.350857],[120.615259,24.350522],[120.615914,24.349992],[120.615922,24.349975],[120.615917,24.349954]]]}},{"type":"Feature","properties":{"id":"b3110191ff1e","name":"臺中市和平區平等國民小學","level":"國小","basis":"both","data_ym":"202601"},"geometry":{"type":"Polygon","coordinates":[[[121.293225,24.31789],[121.293401,24.317755],[121.293666,24.317489],[121.293791,24.317371],[121.293314,24.31695],[121.292873,24.317442],[121.292805,24.317555],[121.292943,24.317672],[121.292925,24.317696],[121.293107,24.317827],[121.293128,24.317819],[121.293225,24.31789]]]}},{"type":"Feature","properties":{"id":"7f02aefaf75e","name":"國立臺灣體育運動大學","level":"大專","basis":"both","data_ym":"202601"},"geometry":{"type":"Polygon","coordinates":[[[120.689692,24.148583],[120.689442,24.148648],[120.689444,24.148655],[120.689429,24.148696],[120.689289,24.148985],[120.689222,24.148955],[120.689215,24.148968],[120.689232,24.148975],[120.689162,24.149117],[120.689187,24.149143],[120.688699,24.149231],[120.688709,24.149196],[120.688682,24.149201],[120.688655,24.149181],[120.688532,24.149077],[120.688534,24.149056],[120.688111,24.148715],[120.688139,24.148688],[120.68804,24.148594],[120.687997,24.14852],[120.687956,24.148434],[120.687949,24.148378],[120.687812,24.148383],[120.687812,24.148334],[120.687565,24.148415],[120.687415,24.148441],[120.687182,24.148491],[120.687295,24.148744],[120.68732,24.148755],[120.687372,24.148811],[120.68739,24.148918],[120.687378,24.148928],[120.687731,24.149715],[120.688198,24.149609],[120.688306,24.149669],[120.688647,24.14965],[120.68892,24.149499],[120.689231,24.149342],[120.689547,24.150017],[120.689604,24.150062],[120.689748,24.150434],[120.690227,24.150282],[120.690153,24.150053],[120.690567,24.149649],[120.690982,24.149544],[120.690944,24.149402],[120.690952,24.1494],[120.690967,24.149367],[120.69102,24.149379],[120.691082,24.149333],[120.691118,24.149324],[120.691083,24.149175],[120.69102,24.149003],[120.690927,24.149049],[120.690911,24.149061],[120.69084,24.148985],[120.690785,24.148935],[120.690776,24.148935],[120.690686,24.149291],[120.690328,24.149293],[120.690377,24.148966],[120.690054,24.148935],[120.690057,24.148888],[120.689971,24.148878],[120.689977,24.148701],[120.689716,24.148701],[120.689718,24.148599],[120.689698,24.148602],[120.689692,24.148583]]]}},{"type":"Feature","properties":{"id":"87453aadd4ea","name":"臺中市私立磊川華德福實驗教育學校","level":"高中職","basis":"moe","data_ym":"202601"},"geometry":{"type":"Polygon","coordinates":[[[120.71264,24.180675],[120.713265,24.180676],[120.713265,24.180248],[120.713224,24.180208],[120.712639,24.180206],[120.71264,24.180244],[120.712644,24.180244],[120.71264,24.180675]]]}},{"type":"Feature","properties":{"id":"7f62fcdfab1f","name":"臺中市私立洛克威爾藝術實驗教育學校","level":"高中職","basis":"moe","data_ym":"202601"},"geometry":{"type":"Polygon","coordinates":[[[120.72065,24.207501],[120.720733,24.207331],[120.720801,24.207265],[120.720809,24.207199],[120.720734,24.20692],[120.720717,24.206873],[120.720651,24.206743],[120.7206,24.206654],[120.720289,24.206166],[120.720141,24.205954],[120.720089,24.205886],[120.720011,24.205826],[120.719952,24.205793],[120.719885,24.20577],[120.719763,24.205731],[120.719752,24.205754],[120.719628,24.205708],[120.719538,24.205704],[120.719444,24.205714],[120.719409,24.205741],[120.718972,24.205944],[120.719021,24.206218],[120.719101,24.206442],[120.719147,24.206631],[120.719272,24.207466],[120.719372,24.207483],[120.719696,24.207483],[120.720073,24.207489],[120.720422,24.2075],[120.72065,24.207501]]]}},{"type":"Feature","properties":{"id":"1a0d3fc812e1","name":"逢甲大學中科校區","level":"大專","basis":"branch","data_ym":"202601"},"geometry":{"type":"Polygon","coordinates":[[[120.609375,24.20098],[120.60831,24.20133],[120.607792,24.201613],[120.60782,24.201657],[120.60791,24.201607],[120.607966,24.201694],[120.607976,24.201676],[120.608241,24.201529],[120.608342,24.201468],[120.608401,24.20142],[120.608436,24.201408],[120.608675,24.202001],[120.608642,24.202012],[120.608967,24.202716],[120.609299,24.202625],[120.609972,24.202449],[120.609889,24.202195],[120.609375,24.20098]]]}},{"type":"Feature","properties":{"id":"9fb1a434131b","name":"臺中市北屯區松強國民小學","level":"國小","basis":"both","data_ym":"202601"},"geometry":{"type":"Polygon","coordinates":[[[120.692562,24.188102],[120.69256,24.186957],[120.690547,24.186959],[120.690506,24.186997],[120.690515,24.188083],[120.690558,24.188119],[120.692562,24.188102]]]}},{"type":"Feature","properties":{"id":"719d4c453da0","name":"臺中市霧峰區峰谷國民小學","level":"國小","basis":"both","data_ym":"201708"},"geometry":{"type":"Polygon","coordinates":[[[120.725246,24.034538],[120.72524,24.034538],[120.72445,24.034875],[120.724253,24.034947],[120.724192,24.034988],[120.724154,24.035025],[120.724145,24.035057],[120.72415,24.035083],[120.724211,24.035257],[120.724336,24.035428],[120.724387,24.035488],[120.724407,24.035504],[120.724494,24.035534],[120.724522,24.035535],[120.724611,24.035514],[120.724838,24.035449],[120.725147,24.035322],[120.725243,24.035272],[120.725263,24.035253],[120.725281,24.035231],[120.725318,24.03517],[120.725389,24.035098],[120.725325,24.03491],[120.725289,24.034833],[120.725304,24.034781],[120.725337,24.034717],[120.725246,24.034538]]]}},{"type":"Feature","properties":{"id":"6b7a90cff66e","name":"臺中市霧峰區光正國民小學","level":"國小","basis":"both","data_ym":"202401"},"geometry":{"type":"Polygon","coordinates":[[[120.668093,24.037193],[120.668417,24.03708],[120.668613,24.037021],[120.668749,24.037035],[120.668802,24.036886],[120.669335,24.036689],[120.66911,24.036166],[120.669236,24.035831],[120.669192,24.035802],[120.668835,24.035976],[120.668561,24.036117],[120.668341,24.036179],[120.668341,24.036206],[120.668166,24.036269],[120.668127,24.036245],[120.667687,24.036371],[120.668013,24.037152],[120.668036,24.03717],[120.668065,24.037184],[120.668093,24.037193]]]}},{"type":"Feature","properties":{"id":"4111366b2f5f","name":"臺中市烏日區溪尾國民小學","level":"國小","basis":"both","data_ym":"202201"},"geometry":{"type":"Polygon","coordinates":[[[120.640141,24.041341],[120.640153,24.041313],[120.640181,24.04132],[120.64032,24.040716],[120.640262,24.040689],[120.640236,24.040701],[120.640223,24.040717],[120.640192,24.040695],[120.6402,24.040669],[120.639662,24.04063],[120.639641,24.040705],[120.639572,24.040771],[120.639462,24.040846],[120.639427,24.040875],[120.639341,24.040961],[120.639304,24.04101],[120.639307,24.041012],[120.639293,24.041037],[120.639324,24.041041],[120.639336,24.041023],[120.639732,24.041176],[120.639735,24.041169],[120.639997,24.041267],[120.640087,24.041296],[120.640079,24.041322],[120.640141,24.041341]]]}},{"type":"Feature","properties":{"id":"cbe1917205ef","name":"臺中市霧峰區復興國民小學","level":"國小","basis":"both","data_ym":"201308"},"geometry":{"type":"Polygon","coordinates":[[[120.69855,24.041646],[120.698315,24.041671],[120.698111,24.041682],[120.697952,24.041723],[120.696695,24.042151],[120.696738,24.042313],[120.696601,24.042341],[120.696694,24.042762],[120.696849,24.042729],[120.696866,24.042803],[120.697568,24.042646],[120.697993,24.042546],[120.69873,24.042353],[120.69855,24.041646]]]}},{"type":"Feature","properties":{"id":"0ce92be3169f","name":"臺中市立光復國民中小學1","level":"國中","basis":"moe","data_ym":"201308"},"geometry":{"type":"Polygon","coordinates":[[[120.690954,24.042832],[120.69094,24.042647],[120.690375,24.042683],[120.690368,24.042642],[120.690042,24.0426],[120.689926,24.042581],[120.689807,24.042619],[120.689751,24.042656],[120.689496,24.042681],[120.689428,24.042694],[120.689355,24.042716],[120.689211,24.042788],[120.689174,24.042749],[120.689105,24.042807],[120.689051,24.042844],[120.689025,24.042873],[120.689005,24.04291],[120.68899,24.042958],[120.688981,24.04302],[120.688978,24.043106],[120.689097,24.043066],[120.689153,24.043057],[120.69058,24.042895],[120.690839,24.042859],[120.690954,24.042832]]]}},{"type":"Feature","properties":{"id":"80c48762d281","name":"臺中市立光復國民中小學","level":"國中","basis":"moe","data_ym":"202401"},"geometry":{"type":"Polygon","coordinates":[[[120.69057,24.044145],[120.691154,24.043653],[120.691153,24.043627],[120.691137,24.043598],[120.6911,24.043578],[120.691096,24.043571],[120.691091,24.043512],[120.691098,24.043498],[120.691117,24.043477],[120.691207,24.043305],[120.691233,24.043245],[120.691255,24.043215],[120.691289,24.043184],[120.691389,24.043129],[120.691406,24.043114],[120.691409,24.043096],[120.691389,24.04297],[120.691373,24.04291],[120.691007,24.04299],[120.690807,24.043022],[120.690021,24.043122],[120.689186,24.043215],[120.689187,24.043221],[120.689124,24.04323],[120.689098,24.04324],[120.689154,24.043276],[120.689157,24.043293],[120.689044,24.043505],[120.689006,24.043613],[120.68896,24.043697],[120.688931,24.043721],[120.68892,24.043725],[120.688725,24.043652],[120.688643,24.043865],[120.688352,24.044652],[120.68825,24.045051],[120.688342,24.04527],[120.688347,24.04528],[120.689043,24.044921],[120.689165,24.044914],[120.68934,24.044805],[120.690357,24.04429],[120.690412,24.04427],[120.69057,24.044145]]]}},{"type":"Feature","properties":{"id":"0b13f71a90a7","name":"亞洲大學","level":"大專","basis":"both","data_ym":"202201"},"geometry":{"type":"Polygon","coordinates":[[[120.686752,24.048367],[120.687443,24.046722],[120.687816,24.045819],[120.687928,24.045563],[120.687873,24.045573],[120.687836,24.045586],[120.687787,24.045621],[120.687758,24.045635],[120.687626,24.045662],[120.687603,24.045596],[120.687636,24.045587],[120.687624,24.045558],[120.687989,24.045424],[120.688109,24.045145],[120.688141,24.045054],[120.687283,24.04443],[120.68707,24.044284],[120.687051,24.044277],[120.686864,24.044141],[120.686839,24.044117],[120.686781,24.044172],[120.686736,24.044206],[120.686591,24.04413],[120.686351,24.044272],[120.686272,24.044252],[120.686214,24.044227],[120.686141,24.044186],[120.686036,24.044077],[120.685861,24.044278],[120.685016,24.045313],[120.684777,24.045621],[120.684557,24.045894],[120.684462,24.046036],[120.684238,24.046435],[120.684085,24.046724],[120.684049,24.046804],[120.684003,24.046936],[120.683944,24.047174],[120.683937,24.047208],[120.683939,24.0473],[120.683945,24.047322],[120.684325,24.047578],[120.68431,24.047642],[120.684251,24.047837],[120.684212,24.04799],[120.684204,24.04804],[120.685633,24.048243],[120.686459,24.048529],[120.686412,24.048633],[120.686406,24.04866],[120.686393,24.048682],[120.686323,24.048761],[120.686217,24.04885],[120.686151,24.048881],[120.686112,24.048925],[120.686161,24.048938],[120.686187,24.048941],[120.686235,24.048942],[120.686401,24.048934],[120.686465,24.048923],[120.686538,24.048896],[120.686606,24.048887],[120.686657,24.04866],[120.686752,24.048367]]]}},{"type":"Feature","properties":{"id":"9fa728d01318","name":"亞洲大學1","level":"大專","basis":"both","data_ym":"201308"},"geometry":{"type":"Polygon","coordinates":[[[120.688761,24.048347],[120.688802,24.048347],[120.688803,24.048325],[120.688817,24.048319],[120.688854,24.04832],[120.68889,24.048331],[120.688931,24.04837],[120.688936,24.048362],[120.688953,24.048353],[120.68903,24.048362],[120.689129,24.048389],[120.689717,24.048093],[120.689664,24.047939],[120.689612,24.047722],[120.689593,24.047565],[120.689592,24.047486],[120.689082,24.047109],[120.689125,24.047013],[120.688973,24.046874],[120.688877,24.046829],[120.688847,24.046792],[120.688804,24.04671],[120.688759,24.046685],[120.688712,24.046645],[120.688634,24.046559],[120.688551,24.04632],[120.688377,24.045971],[120.688277,24.04579],[120.688123,24.045585],[120.688053,24.045559],[120.687885,24.045967],[120.687411,24.047088],[120.686933,24.048239],[120.686827,24.048506],[120.686739,24.048802],[120.686713,24.048961],[120.686659,24.04935],[120.68664,24.049419],[120.686557,24.049649],[120.686522,24.049713],[120.68647,24.049781],[120.686347,24.049876],[120.686337,24.049897],[120.686328,24.04994],[120.686333,24.050008],[120.686404,24.050138],[120.686751,24.050605],[120.686834,24.050734],[120.687055,24.050575],[120.687367,24.050322],[120.687447,24.050241],[120.687489,24.050182],[120.687597,24.049962],[120.687834,24.049449],[120.687855,24.049389],[120.687965,24.049313],[120.688014,24.049293],[120.688058,24.049279],[120.688178,24.049268],[120.688207,24.04926],[120.688252,24.049236],[120.688312,24.049189],[120.688638,24.049009],[120.688697,24.048956],[120.688766,24.048876],[120.688783,24.04885],[120.688788,24.048815],[120.688785,24.048745],[120.688802,24.048576],[120.688804,24.048506],[120.68879,24.048452],[120.688766,24.048407],[120.688761,24.048347]]]}},{"type":"Feature","properties":{"id":"df5e6e37fc7a","name":"臺中市霧峰區霧峰國民小學","level":"國小","basis":"both","data_ym":"202401"},"geometry":{"type":"Polygon","coordinates":[[[120.699955,24.056114],[120.699906,24.056114],[120.699587,24.056191],[120.699271,24.056251],[120.698903,24.056291],[120.698709,24.056349],[120.698053,24.056528],[120.697789,24.056594],[120.697968,24.057952],[120.69976,24.057789],[120.699703,24.057651],[120.699681,24.057578],[120.699657,24.057561],[120.699669,24.057546],[120.699613,24.057509],[120.699656,24.057433],[120.699654,24.056879],[120.699658,24.056824],[120.699717,24.0567],[120.699734,24.056547],[120.699761,24.056497],[120.699805,24.056462],[120.699839,24.056415],[120.699889,24.056303],[120.699955,24.056114]]]}},{"type":"Feature","properties":{"id":"6f8919acc7db","name":"臺中市私立明臺高級中學","level":"高中職","basis":"both","data_ym":"202401"},"geometry":{"type":"Polygon","coordinates":[[[120.704355,24.061007],[120.704411,24.060994],[120.704826,24.061077],[120.704956,24.061061],[120.705026,24.061042],[120.705061,24.061016],[120.705068,24.060993],[120.705066,24.060961],[120.705014,24.060776],[120.704984,24.06062],[120.704955,24.060393],[120.704958,24.06028],[120.70495,24.060112],[120.704839,24.060111],[120.704829,24.059983],[120.704814,24.059934],[120.704808,24.059926],[120.704746,24.059895],[120.704539,24.059825],[120.704464,24.059784],[120.704334,24.059831],[120.704365,24.059903],[120.703586,24.060224],[120.703667,24.060425],[120.703256,24.060574],[120.703226,24.060667],[120.70316,24.060727],[120.702502,24.060484],[120.702429,24.060504],[120.702278,24.060655],[120.702305,24.060676],[120.702322,24.060707],[120.702331,24.060905],[120.702355,24.060943],[120.702626,24.061121],[120.702601,24.061163],[120.702754,24.061258],[120.702771,24.06128],[120.70279,24.061319],[120.702795,24.06135],[120.702792,24.061457],[120.702801,24.061562],[120.702829,24.061666],[120.702956,24.06196],[120.702998,24.061958],[120.703047,24.061944],[120.703681,24.061509],[120.703783,24.061418],[120.704212,24.061106],[120.704355,24.061007]]]}},{"type":"Feature","properties":{"id":"15767517cb77","name":"臺中市霧峰區四德國民小學","level":"國小","basis":"both","data_ym":"201509"},"geometry":{"type":"Polygon","coordinates":[[[120.668281,24.060983],[120.667779,24.060787],[120.667774,24.060803],[120.667616,24.060755],[120.66762,24.060739],[120.667065,24.060586],[120.66683,24.06105],[120.666585,24.061519],[120.667308,24.061768],[120.667825,24.061967],[120.667892,24.061837],[120.667959,24.061679],[120.66817,24.061213],[120.668281,24.060983]]]}},{"type":"Feature","properties":{"id":"58362cf69e2d","name":"臺中市烏日區喀哩國民小學","level":"國小","basis":"both","data_ym":"201509"},"geometry":{"type":"Polygon","coordinates":[[[120.642782,24.062734],[120.643357,24.061421],[120.642885,24.061225],[120.642786,24.061425],[120.642691,24.06166],[120.642686,24.061681],[120.642628,24.061685],[120.642625,24.061694],[120.64258,24.061695],[120.642526,24.06168],[120.642442,24.061647],[120.642131,24.061539],[120.642119,24.061557],[120.642088,24.061578],[120.642057,24.061593],[120.642033,24.061619],[120.641847,24.062196],[120.641842,24.062241],[120.641836,24.062469],[120.641853,24.062512],[120.64276,24.062742],[120.642782,24.062734]]]}},{"type":"Feature","properties":{"id":"b35e8f621ee4","name":"臺中市霧峰區桐林國民小學","level":"國小","basis":"both","data_ym":"201509"},"geometry":{"type":"Polygon","coordinates":[[[120.736293,24.066568],[120.736429,24.065729],[120.735972,24.065685],[120.735609,24.065626],[120.73559,24.065663],[120.735573,24.065709],[120.735484,24.066039],[120.735405,24.066445],[120.736293,24.066568]]]}},{"type":"Feature","properties":{"id":"6d7a02e02e5c","name":"臺中市立霧峰國民中學","level":"國中","basis":"both","data_ym":"201509"},"geometry":{"type":"Polygon","coordinates":[[[120.68969,24.067383],[120.689587,24.067083],[120.688621,24.067388],[120.688075,24.06755],[120.688138,24.067744],[120.688128,24.067747],[120.688281,24.068117],[120.688257,24.068179],[120.688236,24.068577],[120.688249,24.06858],[120.688378,24.068569],[120.689549,24.068397],[120.689551,24.068393],[120.689902,24.068344],[120.689842,24.068134],[120.689908,24.068067],[120.68969,24.067383]]]}},{"type":"Feature","properties":{"id":"d203058d621d","name":"臺中市霧峰區僑榮國民小學","level":"國小","basis":"both","data_ym":"202401"},"geometry":{"type":"Polygon","coordinates":[[[120.704021,24.06942],[120.703878,24.06925],[120.70336,24.069254],[120.703354,24.069293],[120.703316,24.069306],[120.703357,24.069441],[120.703438,24.069419],[120.703431,24.06947],[120.703376,24.069485],[120.70339,24.069515],[120.70343,24.069702],[120.702644,24.069927],[120.702703,24.070105],[120.702762,24.070212],[120.70285,24.070318],[120.70311,24.070549],[120.70335,24.070344],[120.703418,24.070294],[120.703514,24.070257],[120.704172,24.070036],[120.703935,24.069859],[120.703979,24.069802],[120.704116,24.069666],[120.704151,24.069612],[120.704155,24.069592],[120.70415,24.069568],[120.704014,24.06943],[120.704021,24.06942]]]}},{"type":"Feature","properties":{"id":"cf6ba9578b2e","name":"朝陽科技大學1","level":"大專","basis":"both","data_ym":"202108"},"geometry":{"type":"Polygon","coordinates":[[[120.715693,24.069681],[120.715699,24.069628],[120.715811,24.06972],[120.715942,24.069773],[120.716031,24.06979],[120.716483,24.069737],[120.716496,24.069684],[120.716478,24.069372],[120.716364,24.069141],[120.716189,24.069048],[120.716405,24.068935],[120.716536,24.06886],[120.716663,24.068759],[120.716775,24.068635],[120.71682,24.068489],[120.716855,24.068328],[120.71689,24.068115],[120.717086,24.067992],[120.716917,24.067586],[120.716722,24.067136],[120.71664,24.066871],[120.716434,24.066576],[120.716321,24.066668],[120.716296,24.066706],[120.716273,24.066774],[120.716265,24.066839],[120.716263,24.066889],[120.716273,24.066937],[120.716385,24.067194],[120.716672,24.067781],[120.716807,24.068082],[120.716809,24.068188],[120.716805,24.068253],[120.716798,24.068293],[120.716772,24.068386],[120.716738,24.068498],[120.716722,24.068536],[120.716691,24.06859],[120.716623,24.06867],[120.716452,24.068801],[120.716246,24.068937],[120.715909,24.069145],[120.715799,24.069229],[120.715743,24.069278],[120.715712,24.069312],[120.715681,24.069362],[120.715626,24.069484],[120.715614,24.06955],[120.715608,24.069615],[120.715609,24.069694],[120.715687,24.069903],[120.715735,24.070092],[120.715766,24.070243],[120.715786,24.07093],[120.715795,24.071042],[120.715847,24.07128],[120.716091,24.071236],[120.716116,24.071051],[120.716246,24.071027],[120.716248,24.070991],[120.716171,24.070664],[120.716135,24.070585],[120.71613,24.070453],[120.716144,24.070366],[120.715775,24.070091],[120.715696,24.06977],[120.715693,24.069681]]]}},{"type":"Feature","properties":{"id":"8c36269c8455","name":"朝陽科技大學","level":"大專","basis":"both","data_ym":"202201"},"geometry":{"type":"Polygon","coordinates":[[[120.715443,24.070738],[120.715527,24.070332],[120.71557,24.070286],[120.715599,24.070233],[120.715609,24.070187],[120.715609,24.070168],[120.715562,24.069971],[120.715509,24.06982],[120.715489,24.069747],[120.715408,24.069602],[120.715475,24.069579],[120.71549,24.06946],[120.715505,24.069396],[120.715562,24.069295],[120.715634,24.069205],[120.715706,24.069141],[120.715821,24.069053],[120.716498,24.068626],[120.716538,24.068595],[120.716592,24.068531],[120.716613,24.068496],[120.716658,24.068358],[120.716687,24.068242],[120.716691,24.068158],[120.716683,24.068131],[120.716546,24.067831],[120.716258,24.067243],[120.716139,24.066969],[120.716125,24.066898],[120.716127,24.066843],[120.716138,24.066746],[120.716152,24.066702],[120.716211,24.06659],[120.716326,24.066487],[120.716093,24.066416],[120.71584,24.066386],[120.715733,24.0664],[120.715703,24.06645],[120.715739,24.066551],[120.71574,24.066597],[120.71573,24.066632],[120.715503,24.066689],[120.715328,24.066773],[120.715182,24.066872],[120.715133,24.066886],[120.714794,24.066941],[120.714541,24.067032],[120.714504,24.067079],[120.714423,24.067306],[120.714354,24.06731],[120.714276,24.067299],[120.714068,24.067219],[120.714017,24.067244],[120.713912,24.06727],[120.713412,24.067502],[120.713389,24.067528],[120.713312,24.067684],[120.713139,24.068102],[120.713096,24.068178],[120.71307,24.068209],[120.712694,24.06839],[120.712614,24.06844],[120.712914,24.069131],[120.712952,24.069173],[120.712993,24.069188],[120.713095,24.069343],[120.713154,24.069458],[120.713157,24.069604],[120.713151,24.069647],[120.713282,24.069683],[120.713304,24.0697],[120.713328,24.069731],[120.71334,24.069759],[120.713345,24.069786],[120.713343,24.06999],[120.713435,24.070147],[120.713432,24.070375],[120.713578,24.070486],[120.713652,24.070485],[120.713711,24.070511],[120.713732,24.07054],[120.713737,24.07062],[120.71383,24.070661],[120.713901,24.070658],[120.713981,24.070679],[120.714029,24.070706],[120.714092,24.07075],[120.714117,24.070774],[120.714169,24.070605],[120.714372,24.07053],[120.714468,24.070535],[120.715397,24.071095],[120.715499,24.071224],[120.715573,24.071423],[120.715671,24.071563],[120.715698,24.071585],[120.715625,24.071201],[120.715596,24.071086],[120.715545,24.070927],[120.715493,24.070806],[120.715443,24.070738]]]}},{"type":"Feature","properties":{"id":"ea82d7d3f9f4","name":"臺中市立溪南國民中學","level":"國中","basis":"both","data_ym":"201509"},"geometry":{"type":"Polygon","coordinates":[[[120.645108,24.072706],[120.645213,24.07244],[120.645355,24.072115],[120.645493,24.071691],[120.645556,24.071522],[120.644502,24.071305],[120.644456,24.071274],[120.644232,24.071211],[120.643974,24.071319],[120.643858,24.071751],[120.644019,24.071787],[120.643991,24.071894],[120.64397,24.071914],[120.643968,24.071936],[120.643973,24.071989],[120.644009,24.072082],[120.643994,24.072129],[120.643948,24.072068],[120.64389,24.071892],[120.643886,24.07187],[120.643823,24.071855],[120.643822,24.071859],[120.643742,24.071839],[120.643642,24.072102],[120.643573,24.072295],[120.645108,24.072706]]]}},{"type":"Feature","properties":{"id":"af3d4f072863","name":"臺中市霧峰區五福國民小學","level":"國小","basis":"both","data_ym":"202401"},"geometry":{"type":"Polygon","coordinates":[[[120.666738,24.073851],[120.666792,24.073847],[120.667822,24.073879],[120.667881,24.073788],[120.667959,24.073691],[120.667992,24.073667],[120.668079,24.073623],[120.668174,24.073564],[120.668204,24.073539],[120.6683,24.073342],[120.668088,24.073332],[120.668082,24.073284],[120.667983,24.07327],[120.667971,24.073263],[120.667929,24.073219],[120.667857,24.07318],[120.667786,24.073199],[120.667748,24.073096],[120.667622,24.073082],[120.6675,24.073075],[120.667482,24.073102],[120.667388,24.073131],[120.667348,24.07309],[120.667299,24.073076],[120.667264,24.07308],[120.667261,24.073064],[120.666779,24.073036],[120.666552,24.07387],[120.666615,24.073886],[120.666738,24.073851]]]}},{"type":"Feature","properties":{"id":"db46b8e52809","name":"臺中市立霧峰農業工業高級中等學校","level":"高中職","basis":"name","data_ym":"201712"},"geometry":{"type":"Polygon","coordinates":[[[120.702094,24.074463],[120.702377,24.074395],[120.702459,24.074406],[120.702466,24.07436],[120.702479,24.074358],[120.702514,24.074026],[120.702553,24.073737],[120.702791,24.073781],[120.702975,24.073768],[120.702914,24.073125],[120.702885,24.073111],[120.702849,24.072709],[120.702828,24.072681],[120.70276,24.072536],[120.702764,24.072534],[120.702733,24.072275],[120.702442,24.072324],[120.702401,24.072333],[120.702346,24.072357],[120.702284,24.072371],[120.702216,24.072375],[120.702123,24.072373],[120.700764,24.072558],[120.699833,24.072693],[120.699892,24.073114],[120.699929,24.073111],[120.699982,24.073497],[120.700018,24.073696],[120.700029,24.073809],[120.699977,24.073843],[120.700093,24.074212],[120.700201,24.074183],[120.700236,24.074162],[120.700269,24.074151],[120.700334,24.074137],[120.70084,24.074119],[120.701378,24.074092],[120.701684,24.074373],[120.701817,24.074458],[120.701898,24.074481],[120.702014,24.074484],[120.702045,24.074477],[120.702043,24.074467],[120.702094,24.074463]]]}},{"type":"Feature","properties":{"id":"14e9e856d865","name":"國立中興大學葡萄中心1","level":"其他","basis":"none","data_ym":"201509"},"geometry":{"type":"Polygon","coordinates":[[[120.72242,24.077421],[120.724204,24.076771],[120.72422,24.07676],[120.724221,24.076749],[120.724209,24.076735],[120.724194,24.07673],[120.723783,24.076679],[120.723754,24.076671],[120.723691,24.076645],[120.723399,24.076501],[120.72327,24.076742],[120.722966,24.077006],[120.722847,24.077002],[120.722796,24.07696],[120.722713,24.077046],[120.722631,24.076985],[120.722283,24.076752],[120.722153,24.076658],[120.722121,24.076618],[120.722075,24.076509],[120.722063,24.076493],[120.722033,24.076471],[120.721986,24.076452],[120.721941,24.076449],[120.721939,24.076487],[120.721722,24.076486],[120.721589,24.076477],[120.721322,24.076414],[120.721243,24.076392],[120.721124,24.076336],[120.721109,24.076335],[120.720963,24.076361],[120.720907,24.076375],[120.720791,24.076424],[120.720638,24.076465],[120.720448,24.076497],[120.720454,24.076563],[120.720579,24.077177],[120.720738,24.078016],[120.72081,24.078],[120.722063,24.077544],[120.72242,24.077421]]]}},{"type":"Feature","properties":{"id":"89bb6212576e","name":"國立中興大學葡萄中心","level":"其他","basis":"none","data_ym":"201509"},"geometry":{"type":"Polygon","coordinates":[[[120.722176,24.078622],[120.722938,24.078574],[120.723136,24.078555],[120.723616,24.077932],[120.723676,24.077833],[120.723705,24.077794],[120.723753,24.077748],[120.723802,24.077711],[120.723892,24.077656],[120.723995,24.077586],[120.72407,24.0775],[120.724255,24.077182],[120.72426,24.077164],[120.724255,24.077147],[120.724246,24.077137],[120.724008,24.077101],[120.723774,24.077045],[120.722463,24.077522],[120.722105,24.077646],[120.720846,24.078103],[120.720773,24.07812],[120.720831,24.078423],[120.720848,24.078539],[120.720874,24.078591],[120.720987,24.07859],[120.721129,24.078617],[120.721366,24.078683],[120.721486,24.078725],[120.721518,24.078725],[120.721702,24.078675],[120.722176,24.078622]]]}},{"type":"Feature","properties":{"id":"4b0062041497","name":"國立中興大學森林學系北溝實習園區","level":"其他","basis":"none","data_ym":"202201"},"geometry":{"type":"Polygon","coordinates":[[[120.718323,24.078559],[120.716119,24.076902],[120.715241,24.076864],[120.715162,24.077008],[120.715075,24.077143],[120.71498,24.077239],[120.714938,24.077269],[120.71488,24.077297],[120.714817,24.077313],[120.714708,24.077324],[120.714612,24.077326],[120.714628,24.077653],[120.714602,24.077789],[120.714597,24.077854],[120.714623,24.078001],[120.714571,24.078289],[120.714523,24.078461],[120.716702,24.078678],[120.717002,24.078709],[120.717269,24.078742],[120.717509,24.07876],[120.717754,24.078763],[120.717886,24.07874],[120.717977,24.078716],[120.718133,24.078662],[120.718285,24.078595],[120.718335,24.078577],[120.718323,24.078559]]]}},{"type":"Feature","properties":{"id":"ace2c21139c2","name":"國立中興大學農業試驗場第一試驗區","level":"其他","basis":"none","data_ym":"202401"},"geometry":{"type":"Polygon","coordinates":[[[120.707899,24.079424],[120.707968,24.079088],[120.707966,24.079083],[120.707969,24.079064],[120.708019,24.079074],[120.708058,24.078858],[120.708087,24.078681],[120.708082,24.078666],[120.708109,24.07848],[120.708143,24.078134],[120.70819,24.077742],[120.707789,24.077702],[120.707248,24.07766],[120.706851,24.077619],[120.705844,24.077498],[120.704392,24.077291],[120.703733,24.077234],[120.703583,24.077232],[120.703553,24.077251],[120.703448,24.0774],[120.703451,24.077398],[120.703447,24.077431],[120.703437,24.07744],[120.703373,24.07755],[120.703434,24.07824],[120.70369,24.07856],[120.704112,24.078701],[120.70451,24.078705],[120.704857,24.078761],[120.705177,24.078912],[120.705219,24.078912],[120.70531,24.07888],[120.705439,24.078868],[120.705627,24.078843],[120.7059,24.078837],[120.70625,24.078922],[120.706846,24.079291],[120.707468,24.079367],[120.707487,24.07936],[120.707489,24.07937],[120.707899,24.079424]]]}},{"type":"Feature","properties":{"id":"501bec7fb429","name":"臺中市大里區草湖國民小學","level":"國小","basis":"both","data_ym":"201509"},"geometry":{"type":"Polygon","coordinates":[[[120.690614,24.078182],[120.690136,24.078145],[120.690109,24.078171],[120.690022,24.078167],[120.689986,24.078134],[120.689366,24.078102],[120.689335,24.078114],[120.689317,24.078143],[120.689062,24.07956],[120.690092,24.079611],[120.690154,24.07961],[120.690188,24.07948],[120.6901,24.079455],[120.69011,24.079392],[120.690051,24.079249],[120.689934,24.079187],[120.689928,24.079164],[120.689849,24.07912],[120.69052,24.079039],[120.690604,24.079034],[120.690604,24.079028],[120.690764,24.079019],[120.690718,24.078608],[120.690608,24.07852],[120.690614,24.078182]]]}},{"type":"Feature","properties":{"id":"3fff1f77f017","name":"臺中市霧峰區吉峰國民小學","level":"國小","basis":"both","data_ym":"202201"},"geometry":{"type":"Polygon","coordinates":[[[120.721311,24.079643],[120.721229,24.078697],[120.721212,24.078677],[120.721145,24.078669],[120.720867,24.078665],[120.720606,24.078715],[120.7205,24.078663],[120.720414,24.078758],[120.72037,24.078818],[120.720367,24.078829],[120.720306,24.078896],[120.720289,24.078884],[120.72021,24.078988],[120.719988,24.079087],[120.719248,24.079057],[120.719237,24.078995],[120.719247,24.079001],[120.719232,24.078915],[120.719223,24.078918],[120.719221,24.078903],[120.718758,24.079091],[120.718761,24.079113],[120.718563,24.079136],[120.718576,24.07921],[120.718677,24.079649],[120.71869,24.07973],[120.718744,24.080299],[120.718788,24.080668],[120.718949,24.080652],[120.719199,24.08055],[120.719465,24.080531],[120.720077,24.080237],[120.720843,24.079859],[120.721311,24.079643]]]}},{"type":"Feature","properties":{"id":"961def03fad5","name":"臺中市太平區黃竹國民小學","level":"國小","basis":"both","data_ym":"201308"},"geometry":{"type":"Polygon","coordinates":[[[120.752957,24.08366],[120.75287,24.083439],[120.752836,24.083329],[120.752777,24.083322],[120.752728,24.083328],[120.752703,24.083336],[120.75254,24.083412],[120.752513,24.083428],[120.752445,24.083479],[120.752483,24.083545],[120.752528,24.08361],[120.752571,24.083663],[120.752438,24.083759],[120.752403,24.083792],[120.752363,24.083843],[120.752252,24.084069],[120.75228,24.084086],[120.752391,24.084244],[120.752422,24.084279],[120.752455,24.08429],[120.75263,24.084247],[120.752826,24.084033],[120.752909,24.083821],[120.752945,24.083665],[120.752957,24.08366]]]}},{"type":"Feature","properties":{"id":"aeb6d0090261","name":"臺中市烏日區東園國民小學","level":"國小","basis":"both","data_ym":"201910"},"geometry":{"type":"Polygon","coordinates":[[[120.639987,24.083505],[120.639815,24.083501],[120.639596,24.083506],[120.639522,24.083511],[120.639473,24.083527],[120.63943,24.08356],[120.639398,24.083612],[120.63931,24.083807],[120.639272,24.083923],[120.639256,24.083945],[120.639033,24.084122],[120.639028,24.084133],[120.639033,24.084151],[120.639043,24.084163],[120.639204,24.084289],[120.639201,24.084292],[120.639343,24.084413],[120.639546,24.084424],[120.639827,24.08443],[120.639835,24.084441],[120.640221,24.08445],[120.640223,24.084459],[120.640358,24.084472],[120.64051,24.084478],[120.640511,24.08421],[120.640502,24.083997],[120.640504,24.083555],[120.640102,24.083546],[120.640101,24.083534],[120.639988,24.083532],[120.639987,24.083505]]]}},{"type":"Feature","properties":{"id":"c9a0308c172f","name":"臺中市大里區瑞城國民小學","level":"國小","basis":"both","data_ym":"202401"},"geometry":{"type":"Polygon","coordinates":[[[120.702725,24.086704],[120.702703,24.086644],[120.703497,24.086263],[120.703475,24.08622],[120.703818,24.086053],[120.70372,24.085028],[120.703724,24.085028],[120.703654,24.08439],[120.703611,24.084361],[120.703255,24.084415],[120.702715,24.084519],[120.702671,24.084534],[120.702633,24.084558],[120.702625,24.08457],[120.702578,24.085617],[120.702574,24.085636],[120.702595,24.085677],[120.702572,24.085692],[120.702026,24.085963],[120.702005,24.085975],[120.701996,24.085997],[120.702371,24.086822],[120.702382,24.086821],[120.702725,24.086704]]]}},{"type":"Feature","properties":{"id":"aac8d8a085d9","name":"臺中市私立青年高級中學","level":"高中職","basis":"both","data_ym":"201710"},"geometry":{"type":"Polygon","coordinates":[[[120.693912,24.089136],[120.694117,24.088934],[120.694152,24.088958],[120.694296,24.088803],[120.694582,24.088479],[120.69468,24.088338],[120.694668,24.088329],[120.694774,24.088092],[120.694111,24.087817],[120.693956,24.087763],[120.693931,24.08773],[120.693918,24.087704],[120.693917,24.087659],[120.69393,24.087614],[120.694078,24.087333],[120.69336,24.086783],[120.692939,24.086446],[120.692907,24.086456],[120.692634,24.086753],[120.692632,24.086761],[120.692564,24.086836],[120.692547,24.086824],[120.692391,24.087047],[120.69217,24.08691],[120.69168,24.087593],[120.691824,24.087678],[120.691729,24.087805],[120.691995,24.08799],[120.69222,24.088091],[120.692239,24.088112],[120.692275,24.088137],[120.692707,24.088417],[120.692683,24.088449],[120.693003,24.088662],[120.693019,24.088641],[120.693071,24.08868],[120.693076,24.088675],[120.693727,24.089132],[120.693795,24.089054],[120.693912,24.089136]]]}},{"type":"Feature","properties":{"id":"213a460f75c8","name":"臺中市大里區竹仔坑國民小學","level":"國小","basis":"both","data_ym":"202305"},"geometry":{"type":"Polygon","coordinates":[[[120.729066,24.090016],[120.729241,24.089511],[120.729185,24.089344],[120.72915,24.089355],[120.729107,24.089236],[120.729041,24.08916],[120.728368,24.089151],[120.728365,24.089013],[120.728428,24.089011],[120.728416,24.088939],[120.72833,24.088644],[120.728303,24.088433],[120.728385,24.08842],[120.728376,24.088355],[120.728411,24.08835],[120.72835,24.08809],[120.728333,24.088051],[120.728312,24.088021],[120.728295,24.088008],[120.72827,24.087998],[120.727654,24.088074],[120.727779,24.08896],[120.727768,24.089041],[120.72782,24.089394],[120.727937,24.089992],[120.728187,24.089994],[120.728994,24.090017],[120.729066,24.090016]]]}},{"type":"Feature","properties":{"id":"9058b1847d08","name":"臺中市大里區塗城國民小學","level":"國小","basis":"both","data_ym":"201710"},"geometry":{"type":"Polygon","coordinates":[[[120.700468,24.093464],[120.701241,24.093277],[120.701404,24.093279],[120.70146,24.093299],[120.701766,24.093239],[120.701801,24.09322],[120.701628,24.092575],[120.701562,24.092364],[120.701429,24.09236],[120.701215,24.092339],[120.701183,24.092269],[120.701036,24.092171],[120.701007,24.092122],[120.700905,24.09214],[120.700901,24.09212],[120.700728,24.092149],[120.700731,24.092163],[120.700663,24.092175],[120.700526,24.09229],[120.700427,24.092334],[120.700445,24.09244],[120.700376,24.092453],[120.700364,24.092495],[120.700158,24.092531],[120.700222,24.092874],[120.700246,24.092954],[120.700262,24.092995],[120.700298,24.092991],[120.700307,24.093026],[120.700331,24.093021],[120.700468,24.093464]]]}},{"type":"Feature","properties":{"id":"0b399e8238d9","name":"臺中市立成功國民中學","level":"國中","basis":"both","data_ym":"202201"},"geometry":{"type":"Polygon","coordinates":[[[120.699556,24.093037],[120.699452,24.092746],[120.699089,24.092907],[120.699066,24.092867],[120.698786,24.09303],[120.698722,24.092941],[120.698588,24.092719],[120.698544,24.09263],[120.697867,24.092929],[120.698096,24.093756],[120.698277,24.094371],[120.698378,24.094388],[120.69984,24.093937],[120.699847,24.093932],[120.69985,24.093919],[120.699556,24.093037]]]}},{"type":"Feature","properties":{"id":"18c0316f5d0c","name":"臺中市烏日區五光國民小學","level":"國小","basis":"both","data_ym":"202201"},"geometry":{"type":"Polygon","coordinates":[[[120.646996,24.093898],[120.646833,24.093867],[120.646804,24.093983],[120.646815,24.094022],[120.646827,24.09416],[120.646602,24.094182],[120.646623,24.094388],[120.6469,24.094482],[120.64684,24.094726],[120.648113,24.094939],[120.648146,24.094693],[120.648148,24.094655],[120.648155,24.094625],[120.64822,24.094137],[120.648103,24.094121],[120.648103,24.094116],[120.647221,24.093955],[120.646996,24.093898]]]}},{"type":"Feature","properties":{"id":"b33eb1f607c3","name":"臺中市立光正國民中學","level":"國中","basis":"both","data_ym":"201710"},"geometry":{"type":"Polygon","coordinates":[[[120.719904,24.094231],[120.719534,24.094318],[120.719585,24.094504],[120.718474,24.095013],[120.717257,24.095584],[120.717865,24.096076],[120.718331,24.096445],[120.718692,24.096714],[120.718802,24.096673],[120.719496,24.096433],[120.71965,24.096438],[120.720913,24.096039],[120.720045,24.094497],[120.719904,24.094231]]]}},{"type":"Feature","properties":{"id":"ce7a45c92e1c","name":"修平學校財團法人修平科技大學","level":"大專","basis":"both","data_ym":"202201"},"geometry":{"type":"Polygon","coordinates":[[[120.713707,24.096395],[120.713494,24.095906],[120.713345,24.095966],[120.713327,24.095931],[120.713632,24.095758],[120.713663,24.095721],[120.713712,24.0957],[120.713847,24.09563],[120.713859,24.0956],[120.7139,24.095582],[120.713828,24.095476],[120.713791,24.095439],[120.713786,24.095342],[120.713809,24.095344],[120.713791,24.095126],[120.713821,24.095082],[120.713811,24.095059],[120.713683,24.09506],[120.713588,24.094996],[120.71352,24.094976],[120.713089,24.094943],[120.712675,24.09492],[120.712057,24.094903],[120.710982,24.094898],[120.710773,24.09497],[120.710861,24.095117],[120.711127,24.095528],[120.711169,24.095612],[120.711227,24.095746],[120.711211,24.095783],[120.710962,24.095833],[120.709704,24.096112],[120.709731,24.096229],[120.709528,24.09629],[120.709765,24.097032],[120.70965,24.097071],[120.709711,24.097292],[120.709442,24.097361],[120.708939,24.097516],[120.708812,24.097548],[120.708948,24.097958],[120.710331,24.09759],[120.710253,24.097355],[120.710267,24.097351],[120.710251,24.097297],[120.711735,24.096908],[120.712593,24.09669],[120.713707,24.096395]]]}},{"type":"Feature","properties":{"id":"ddd28ce5d4e9","name":"臺中市大里區大元國民小學","level":"國小","basis":"both","data_ym":"201509"},"geometry":{"type":"Polygon","coordinates":[[[120.690605,24.100603],[120.690765,24.100594],[120.690966,24.100595],[120.691087,24.100611],[120.691142,24.100597],[120.691256,24.100536],[120.691319,24.100486],[120.691362,24.100435],[120.691408,24.100341],[120.691427,24.100277],[120.691433,24.100222],[120.691427,24.100144],[120.691406,24.100076],[120.691079,24.099425],[120.69067,24.099635],[120.69038,24.099791],[120.690218,24.099871],[120.690184,24.099873],[120.689448,24.100344],[120.689758,24.10077],[120.689788,24.100777],[120.689813,24.100778],[120.689895,24.100741],[120.690021,24.100699],[120.690135,24.100668],[120.690279,24.100639],[120.690605,24.100603]]]}},{"type":"Feature","properties":{"id":"e720dc9f5145","name":"臺中市私立華德福大地實驗教育學校","level":"其他","basis":"none","data_ym":"202508"},"geometry":{"type":"Polygon","coordinates":[[[120.627815,24.102806],[120.627946,24.102607],[120.627951,24.10261],[120.628044,24.102478],[120.628032,24.102471],[120.62812,24.102341],[120.628169,24.10223],[120.62817,24.102223],[120.628067,24.102222],[120.628079,24.101972],[120.627567,24.101964],[120.627543,24.10197],[120.627506,24.102029],[120.627503,24.102703],[120.627512,24.102726],[120.627518,24.102735],[120.627556,24.102754],[120.627815,24.102806]]]}},{"type":"Feature","properties":{"id":"a7cbbc9d622c","name":"臺中市太平區光隆國民小學","level":"國小","basis":"both","data_ym":"202201"},"geometry":{"type":"Polygon","coordinates":[[[120.726515,24.102862],[120.726712,24.103649],[120.726885,24.104295],[120.727091,24.105009],[120.727821,24.104817],[120.72784,24.104759],[120.72803,24.104722],[120.728049,24.104755],[120.728071,24.104749],[120.728361,24.104643],[120.728487,24.104583],[120.728507,24.104558],[120.728477,24.104404],[120.728474,24.104227],[120.72845,24.104042],[120.728448,24.103933],[120.728429,24.103825],[120.728426,24.103774],[120.728404,24.103767],[120.728379,24.103701],[120.728414,24.103678],[120.728421,24.103614],[120.728308,24.103642],[120.728249,24.103629],[120.728205,24.103609],[120.728158,24.103563],[120.728129,24.103514],[120.728087,24.103405],[120.728032,24.103418],[120.72794,24.10313],[120.727378,24.103264],[120.72709,24.103341],[120.72701,24.103054],[120.726946,24.103024],[120.726835,24.102942],[120.726786,24.102844],[120.726515,24.102862]]]}},{"type":"Feature","properties":{"id":"cc6a154021e0","name":"臺中市立立新國民中學","level":"國中","basis":"both","data_ym":"201509"},"geometry":{"type":"Polygon","coordinates":[[[120.698416,24.104345],[120.695917,24.104337],[120.69589,24.104349],[120.69605,24.104807],[120.696472,24.104933],[120.697364,24.105177],[120.697712,24.105264],[120.697837,24.105308],[120.698384,24.105613],[120.698425,24.105628],[120.698423,24.105615],[120.698419,24.105615],[120.698415,24.105552],[120.698416,24.104345]]]}},{"type":"Feature","properties":{"id":"bf43f0a153a9","name":"臺中市大里區立新國民小學","level":"國小","basis":"both","data_ym":"201509"},"geometry":{"type":"Polygon","coordinates":[[[120.698416,24.104345],[120.698415,24.105552],[120.698419,24.105615],[120.698423,24.105615],[120.698425,24.105628],[120.698476,24.105646],[120.698692,24.105687],[120.699482,24.105825],[120.699518,24.105825],[120.699546,24.105811],[120.699673,24.105634],[120.699686,24.105543],[120.699689,24.105448],[120.699705,24.105448],[120.699705,24.105377],[120.699691,24.105377],[120.699699,24.105141],[120.699794,24.105142],[120.699811,24.105072],[120.699844,24.104774],[120.698457,24.104345],[120.698416,24.104345]]]}},{"type":"Feature","properties":{"id":"1b034c441e21","name":"臺中市私立立人高級中學","level":"高中職","basis":"both","data_ym":"202401"},"geometry":{"type":"Polygon","coordinates":[[[120.692201,24.106098],[120.692471,24.106011],[120.692123,24.105535],[120.691799,24.10505],[120.691318,24.104376],[120.691321,24.104374],[120.691306,24.104354],[120.690667,24.104739],[120.690651,24.104752],[120.690642,24.104776],[120.690649,24.104916],[120.69064,24.104959],[120.690602,24.105043],[120.690558,24.105078],[120.690487,24.105116],[120.690464,24.105142],[120.690449,24.105171],[120.690407,24.105284],[120.690225,24.105832],[120.690254,24.105933],[120.690288,24.106007],[120.690341,24.106],[120.690442,24.106036],[120.690489,24.106032],[120.690488,24.106001],[120.690522,24.105997],[120.69072,24.105988],[120.690969,24.105994],[120.690972,24.106029],[120.691598,24.106057],[120.691602,24.106027],[120.691969,24.106048],[120.692046,24.106072],[120.692177,24.106127],[120.692207,24.106118],[120.692201,24.106098]]]}},{"type":"Feature","properties":{"id":"a37b6fd40020","name":"臺中市立光德國民中學","level":"國中","basis":"both","data_ym":"201710"},"geometry":{"type":"Polygon","coordinates":[[[120.642016,24.104611],[120.641043,24.104172],[120.640538,24.104989],[120.640384,24.105256],[120.64136,24.105786],[120.641635,24.105955],[120.641972,24.106147],[120.642059,24.106179],[120.642085,24.10616],[120.642762,24.104994],[120.642075,24.104684],[120.642043,24.104659],[120.642016,24.104611]]]}},{"type":"Feature","properties":{"id":"1dfddfafb899","name":"臺中市私立明道高級中學","level":"高中職","basis":"both","data_ym":"202404"},"geometry":{"type":"Polygon","coordinates":[[[120.637576,24.106093],[120.637543,24.106037],[120.637528,24.105998],[120.637529,24.105939],[120.637538,24.105882],[120.63753,24.105851],[120.637499,24.105789],[120.63749,24.105788],[120.637482,24.105754],[120.637463,24.105594],[120.637437,24.105586],[120.637412,24.105374],[120.63738,24.105169],[120.637373,24.104989],[120.637303,24.104815],[120.63725,24.104719],[120.637259,24.104716],[120.637051,24.104378],[120.636943,24.104367],[120.636583,24.104296],[120.636381,24.104271],[120.636294,24.104271],[120.636197,24.104279],[120.636045,24.104304],[120.635876,24.104338],[120.635539,24.10443],[120.63549,24.104452],[120.635434,24.104488],[120.635361,24.104546],[120.635217,24.104711],[120.635212,24.104833],[120.635217,24.104954],[120.635134,24.104986],[120.63511,24.104941],[120.635077,24.104917],[120.634977,24.105028],[120.634814,24.105225],[120.634792,24.105207],[120.634728,24.105279],[120.634605,24.105461],[120.634539,24.105574],[120.63453,24.105714],[120.635302,24.105742],[120.635306,24.105921],[120.635283,24.105921],[120.635278,24.105777],[120.6351,24.105782],[120.635112,24.106142],[120.63529,24.106138],[120.6353,24.106083],[120.63531,24.106109],[120.63531,24.106155],[120.635103,24.106164],[120.635019,24.106378],[120.634919,24.10658],[120.635987,24.106987],[120.636344,24.107112],[120.636366,24.106508],[120.637314,24.106503],[120.637326,24.106502],[120.637325,24.106468],[120.637533,24.106465],[120.637546,24.106453],[120.637547,24.106339],[120.637563,24.106317],[120.637565,24.106264],[120.637584,24.106193],[120.637585,24.10616],[120.637576,24.106093]]]}},{"type":"Feature","properties":{"id":"16f61d285c9f","name":"臺中市立爽文國民中學","level":"國中","basis":"both","data_ym":"202401"},"geometry":{"type":"Polygon","coordinates":[[[120.677028,24.107794],[120.677896,24.107786],[120.678123,24.107794],[120.678986,24.107778],[120.679013,24.107746],[120.679194,24.107137],[120.679169,24.107119],[120.677578,24.106659],[120.677178,24.106546],[120.677133,24.106535],[120.677093,24.106536],[120.677073,24.106557],[120.676952,24.106917],[120.676925,24.107018],[120.676925,24.107082],[120.676873,24.107657],[120.676879,24.107766],[120.676893,24.107783],[120.677028,24.107794]]]}},{"type":"Feature","properties":{"id":"c152b793a385","name":"臺中市大里區益民國民小學","level":"國小","basis":"both","data_ym":"201509"},"geometry":{"type":"Polygon","coordinates":[[[120.688316,24.108019],[120.688204,24.107384],[120.688173,24.10739],[120.688007,24.106637],[120.686569,24.106816],[120.686729,24.107318],[120.687057,24.10827],[120.687883,24.108096],[120.688213,24.108032],[120.688316,24.108019]]]}},{"type":"Feature","properties":{"id":"ddf7bc022748","name":"臺中市烏日區烏日國民小學","level":"國小","basis":"both","data_ym":"202401"},"geometry":{"type":"Polygon","coordinates":[[[120.624132,24.106645],[120.624081,24.106426],[120.622886,24.106502],[120.622884,24.106471],[120.622527,24.106488],[120.623071,24.108323],[120.623593,24.108335],[120.624172,24.10834],[120.624376,24.108338],[120.62445,24.108333],[120.624494,24.108313],[120.624514,24.108295],[120.624529,24.108266],[120.624668,24.108257],[120.624716,24.108221],[120.624707,24.108198],[120.624639,24.108083],[120.624628,24.107992],[120.62469,24.107984],[120.624551,24.107387],[120.624506,24.1071],[120.624477,24.106975],[120.62436,24.106754],[120.624329,24.106733],[120.624155,24.106717],[120.624132,24.106645]]]}},{"type":"Feature","properties":{"id":"85a0d51229bc","name":"臺中市烏日區僑仁國民小學","level":"國小","basis":"both","data_ym":"202311"},"geometry":{"type":"Polygon","coordinates":[[[120.639965,24.106646],[120.639966,24.106672],[120.639831,24.107199],[120.639783,24.107208],[120.639786,24.107301],[120.639769,24.107358],[120.639787,24.10746],[120.639799,24.107588],[120.639824,24.107729],[120.639841,24.107769],[120.639874,24.108064],[120.639879,24.108153],[120.640225,24.108255],[120.640238,24.108267],[120.640308,24.108207],[120.640414,24.108325],[120.6411,24.108531],[120.6411,24.108513],[120.641097,24.108512],[120.641105,24.108426],[120.641097,24.108416],[120.641217,24.107754],[120.641259,24.10776],[120.641348,24.107246],[120.641349,24.107243],[120.641368,24.107243],[120.641395,24.107108],[120.641484,24.106569],[120.640785,24.106343],[120.640681,24.106308],[120.640659,24.106289],[120.640135,24.106121],[120.639965,24.106646]]]}},{"type":"Feature","properties":{"id":"69ed9dcaef65","name":"國立中興大學附屬高級中學","level":"高中職","basis":"name","data_ym":"202401"},"geometry":{"type":"Polygon","coordinates":[[[120.683732,24.109314],[120.683744,24.109123],[120.683749,24.109123],[120.683749,24.109088],[120.683746,24.109088],[120.683762,24.108877],[120.683769,24.108877],[120.683774,24.108837],[120.683765,24.108837],[120.68377,24.10878],[120.683796,24.108645],[120.683811,24.108544],[120.683861,24.108431],[120.683927,24.108212],[120.683978,24.108065],[120.683725,24.108046],[120.683182,24.107989],[120.682932,24.107981],[120.682632,24.107945],[120.682575,24.108199],[120.682541,24.108281],[120.682494,24.108535],[120.682442,24.108722],[120.682426,24.108821],[120.682432,24.108822],[120.682425,24.108854],[120.682421,24.108853],[120.682389,24.109047],[120.682335,24.109724],[120.682332,24.109869],[120.683059,24.110012],[120.683692,24.110142],[120.683708,24.109402],[120.683714,24.109315],[120.683732,24.109314]]]}},{"type":"Feature","properties":{"id":"458e4e27f8a0","name":"臺中市太平區車籠埔國民小學","level":"國小","basis":"both","data_ym":"201710"},"geometry":{"type":"Polygon","coordinates":[[[120.732121,24.109945],[120.732231,24.109945],[120.732382,24.10996],[120.73245,24.109962],[120.732505,24.109948],[120.732535,24.109936],[120.732571,24.109906],[120.732575,24.109876],[120.732598,24.109855],[120.732597,24.109831],[120.73243,24.109585],[120.732418,24.109569],[120.73229,24.109471],[120.732223,24.108973],[120.732178,24.108944],[120.73137,24.109115],[120.730972,24.109211],[120.730945,24.109215],[120.730869,24.109173],[120.730876,24.109233],[120.730937,24.109441],[120.73099,24.109552],[120.73109,24.109696],[120.73117,24.10972],[120.731227,24.109773],[120.731682,24.10968],[120.731752,24.109892],[120.731651,24.109925],[120.73165,24.109921],[120.731439,24.11],[120.73161,24.110301],[120.731699,24.110225],[120.73189,24.110085],[120.732077,24.109961],[120.732121,24.109945]]]}},{"type":"Feature","properties":{"id":"4d867fd52f9d","name":"臺中市烏日區旭光國民小學","level":"國小","basis":"both","data_ym":"201707"},"geometry":{"type":"Polygon","coordinates":[[[120.59551,24.110599],[120.595163,24.10953],[120.593732,24.109897],[120.593949,24.110892],[120.59401,24.110939],[120.594078,24.110946],[120.59551,24.110599]]]}},{"type":"Feature","properties":{"id":"c32f927e7cff","name":"臺中市烏日區九德國民小學","level":"國小","basis":"both","data_ym":"201710"},"geometry":{"type":"Polygon","coordinates":[[[120.639265,24.111085],[120.639503,24.110496],[120.639617,24.110232],[120.639784,24.109822],[120.63841,24.109349],[120.637777,24.10912],[120.637758,24.109132],[120.637676,24.109357],[120.637547,24.109641],[120.637429,24.109842],[120.637226,24.110148],[120.637231,24.11016],[120.638569,24.110764],[120.639265,24.111085]]]}},{"type":"Feature","properties":{"id":"9f8aa50ad568","name":"臺中市大里區永隆國民小學","level":"國小","basis":"both","data_ym":"201710"},"geometry":{"type":"Polygon","coordinates":[[[120.678323,24.110946],[120.678284,24.110929],[120.677863,24.11093],[120.676633,24.110921],[120.676619,24.110932],[120.67661,24.110956],[120.67655,24.111939],[120.676553,24.111962],[120.676568,24.111972],[120.67659,24.111976],[120.677928,24.11196],[120.67796,24.111948],[120.678002,24.111892],[120.678272,24.111156],[120.678322,24.110998],[120.678328,24.110964],[120.678323,24.110946]]]}},{"type":"Feature","properties":{"id":"d0a3dc79d90b","name":"臺中市立光榮國民中學","level":"國中","basis":"both","data_ym":"201509"},"geometry":{"type":"Polygon","coordinates":[[[120.688432,24.111245],[120.687762,24.110446],[120.68753,24.110596],[120.687344,24.110618],[120.687326,24.110418],[120.686834,24.11046],[120.6863,24.110513],[120.686262,24.111973],[120.686286,24.111988],[120.686515,24.111998],[120.686693,24.111984],[120.68677,24.111968],[120.68756,24.111635],[120.688417,24.111268],[120.688432,24.111245]]]}},{"type":"Feature","properties":{"id":"c4c6577def61","name":"臺中市南區樹義國民小學","level":"國小","basis":"both","data_ym":"201710"},"geometry":{"type":"Polygon","coordinates":[[[120.657679,24.111511],[120.657686,24.111048],[120.656315,24.111069],[120.656339,24.112359],[120.65636,24.112369],[120.656387,24.112369],[120.657583,24.112351],[120.657662,24.112282],[120.657682,24.112237],[120.657679,24.111511]]]}},{"type":"Feature","properties":{"id":"d817f2cdee72","name":"臺中市私立僑泰高級中學","level":"高中職","basis":"both","data_ym":"202401"},"geometry":{"type":"Polygon","coordinates":[[[120.668255,24.112552],[120.668426,24.112529],[120.668521,24.112536],[120.668523,24.11246],[120.668569,24.112442],[120.668622,24.112407],[120.668648,24.112373],[120.668663,24.112338],[120.668675,24.112273],[120.66867,24.112157],[120.668791,24.112079],[120.668803,24.112087],[120.668931,24.111926],[120.668867,24.111872],[120.668848,24.111861],[120.668807,24.111866],[120.668784,24.111611],[120.66876,24.111614],[120.668725,24.111314],[120.668621,24.111147],[120.668676,24.11114],[120.668684,24.111035],[120.668624,24.111008],[120.668646,24.110942],[120.668583,24.1109],[120.668658,24.110817],[120.668518,24.110644],[120.668242,24.110746],[120.668176,24.110764],[120.667795,24.110822],[120.667807,24.110618],[120.66754,24.11051],[120.667451,24.110614],[120.667368,24.110723],[120.667166,24.110665],[120.66722,24.110609],[120.667191,24.110543],[120.667296,24.110504],[120.667191,24.110407],[120.667156,24.110413],[120.667149,24.110498],[120.66707,24.110665],[120.667058,24.11075],[120.667004,24.110748],[120.666846,24.110768],[120.666741,24.11053],[120.666666,24.110529],[120.666487,24.110551],[120.666499,24.11074],[120.666471,24.110901],[120.666484,24.110976],[120.666591,24.111436],[120.666591,24.111772],[120.666597,24.111783],[120.666617,24.111867],[120.666593,24.111872],[120.666595,24.111895],[120.666644,24.111942],[120.666676,24.111939],[120.666719,24.112168],[120.666725,24.112223],[120.666809,24.112411],[120.667053,24.112468],[120.667054,24.112489],[120.667158,24.112499],[120.668058,24.112567],[120.668255,24.112552]]]}},{"type":"Feature","properties":{"id":"317ee17f15da","name":"臺中市大里區內新國民小學","level":"國小","basis":"both","data_ym":"202201"},"geometry":{"type":"Polygon","coordinates":[[[120.695834,24.112359],[120.696286,24.112396],[120.69635,24.112407],[120.69636,24.112242],[120.696375,24.112108],[120.696386,24.111783],[120.696397,24.111784],[120.696411,24.111597],[120.696402,24.111488],[120.696393,24.111487],[120.696412,24.111285],[120.695861,24.111343],[120.695653,24.11136],[120.695353,24.111413],[120.69515,24.111471],[120.695102,24.111509],[120.695055,24.111565],[120.695041,24.111613],[120.695068,24.111763],[120.695078,24.112331],[120.695041,24.112756],[120.69505,24.112794],[120.695368,24.113017],[120.695395,24.113015],[120.695413,24.113007],[120.69544,24.112981],[120.695486,24.112918],[120.695595,24.112745],[120.695808,24.112378],[120.695834,24.112359]]]}},{"type":"Feature","properties":{"id":"29aca5435694","name":"臺中市太平區長億國民小學","level":"國小","basis":"both","data_ym":"201710"},"geometry":{"type":"Polygon","coordinates":[[[120.717155,24.112246],[120.716221,24.111508],[120.715659,24.112111],[120.7149,24.112984],[120.71521,24.113236],[120.715451,24.113423],[120.715876,24.113738],[120.716273,24.113284],[120.717159,24.112285],[120.717155,24.112246]]]}},{"type":"Feature","properties":{"id":"5c2be418c9d2","name":"臺中市立長億高級中學","level":"高中職","basis":"both","data_ym":"201509"},"geometry":{"type":"Polygon","coordinates":[[[120.72096,24.111847],[120.72065,24.11169],[120.719914,24.112475],[120.719515,24.112889],[120.720837,24.114092],[120.721025,24.113912],[120.721199,24.113732],[120.722138,24.112811],[120.722107,24.112784],[120.721636,24.112304],[120.721313,24.11206],[120.72096,24.111847]]]}},{"type":"Feature","properties":{"id":"44946a5cb1ab","name":"臺中市大里區崇光國民小學","level":"國小","basis":"both","data_ym":"201509"},"geometry":{"type":"Polygon","coordinates":[[[120.684934,24.113348],[120.684236,24.113337],[120.683993,24.113337],[120.683993,24.113931],[120.68401,24.115081],[120.684019,24.115101],[120.684329,24.115122],[120.685278,24.115143],[120.685309,24.114733],[120.685306,24.114732],[120.685319,24.114641],[120.685326,24.114521],[120.685323,24.114492],[120.685331,24.114299],[120.685329,24.114291],[120.684966,24.113861],[120.684946,24.113829],[120.684939,24.113801],[120.684934,24.113348]]]}},{"type":"Feature","properties":{"id":"469c72be8e59","name":"臺中市南區樹德國民小學","level":"國小","basis":"both","data_ym":"202412"},"geometry":{"type":"Polygon","coordinates":[[[120.648845,24.114834],[120.648579,24.114612],[120.64848,24.114616],[120.648438,24.114667],[120.647982,24.115165],[120.647726,24.115463],[120.647736,24.115519],[120.648185,24.115846],[120.648411,24.115998],[120.648499,24.115995],[120.648517,24.115985],[120.648572,24.115944],[120.64859,24.115918],[120.648636,24.115818],[120.648694,24.115711],[120.648715,24.11568],[120.648783,24.115635],[120.64907,24.115353],[120.64867,24.115027],[120.648845,24.114834]]]}},{"type":"Feature","properties":{"id":"8917ac5af3c0","name":"臺中市立長億高級中學第二校區","level":"大專","basis":"branch","data_ym":"202401"},"geometry":{"type":"Polygon","coordinates":[[[120.72289,24.116188],[120.722696,24.115908],[120.722272,24.11538],[120.722232,24.115306],[120.722221,24.115254],[120.72223,24.115197],[120.722251,24.115157],[120.722269,24.115137],[120.722439,24.115004],[120.722478,24.114966],[120.722532,24.114889],[120.722537,24.11486],[120.722528,24.114792],[120.72247,24.114646],[120.722248,24.114197],[120.722118,24.113966],[120.722084,24.113897],[120.722085,24.113866],[120.722111,24.11381],[120.722246,24.113646],[120.722257,24.113591],[120.722275,24.113363],[120.722308,24.11318],[120.722297,24.113018],[120.722281,24.112899],[120.721576,24.11366],[120.721043,24.114177],[120.721208,24.114403],[120.721399,24.114709],[120.721477,24.114936],[120.721552,24.115103],[120.721914,24.115819],[120.722021,24.115775],[120.72244,24.11658],[120.72289,24.116188]]]}},{"type":"Feature","properties":{"id":"2a0341a58513","name":"臺中市立臺中工業高級中等學校","level":"高中職","basis":"name","data_ym":"201712"},"geometry":{"type":"Polygon","coordinates":[[[120.662128,24.116763],[120.662131,24.116735],[120.662377,24.116754],[120.66278,24.116759],[120.663479,24.116756],[120.663788,24.116764],[120.663815,24.116739],[120.663823,24.115188],[120.663816,24.115044],[120.663801,24.114927],[120.66378,24.114827],[120.663745,24.114708],[120.6637,24.114595],[120.663656,24.1145],[120.663577,24.114358],[120.663537,24.114263],[120.663487,24.114126],[120.663452,24.114],[120.663429,24.113886],[120.663417,24.113786],[120.66341,24.113684],[120.66341,24.11356],[120.663055,24.11348],[120.662794,24.113429],[120.662331,24.113355],[120.661921,24.113345],[120.661466,24.113342],[120.660572,24.113345],[120.660584,24.115733],[120.660598,24.116728],[120.660624,24.116757],[120.662128,24.116763]]]}},{"type":"Feature","properties":{"id":"149b9fcfd8b9","name":"臺中市私立大明高級中學","level":"高中職","basis":"both","data_ym":"202401"},"geometry":{"type":"Polygon","coordinates":[[[120.6867,24.117292],[120.686988,24.11689],[120.687157,24.116627],[120.687139,24.116612],[120.687124,24.116515],[120.687124,24.116464],[120.687022,24.116354],[120.686945,24.11628],[120.686883,24.116169],[120.686838,24.11605],[120.686807,24.115912],[120.686754,24.115934],[120.686624,24.115678],[120.6865,24.115783],[120.68653,24.115813],[120.686494,24.115844],[120.686498,24.11585],[120.686391,24.115939],[120.686282,24.115836],[120.686154,24.115885],[120.686139,24.115948],[120.685696,24.115862],[120.685516,24.115642],[120.685112,24.116024],[120.685338,24.116224],[120.685431,24.116316],[120.685282,24.11646],[120.685216,24.116404],[120.685015,24.116559],[120.684822,24.116609],[120.684411,24.116688],[120.684404,24.116695],[120.684591,24.116979],[120.684573,24.116991],[120.684597,24.117043],[120.684915,24.117051],[120.685161,24.11705],[120.68574,24.117092],[120.685946,24.117118],[120.686268,24.117197],[120.686521,24.117275],[120.686622,24.117312],[120.686667,24.117306],[120.6867,24.117292]]]}},{"type":"Feature","properties":{"id":"47f2540ca73f","name":"臺中市太平區東汴國民小學","level":"國小","basis":"both","data_ym":"202512"},"geometry":{"type":"Polygon","coordinates":[[[120.796225,24.117376],[120.795972,24.117251],[120.795923,24.117332],[120.7959,24.117319],[120.795901,24.117297],[120.79585,24.117268],[120.795825,24.117282],[120.795636,24.117183],[120.795537,24.117146],[120.795391,24.117187],[120.795276,24.117355],[120.795391,24.117424],[120.795235,24.117651],[120.795376,24.117733],[120.795374,24.117741],[120.79546,24.117818],[120.795628,24.117983],[120.795738,24.117855],[120.795785,24.117807],[120.795846,24.117759],[120.795937,24.117699],[120.795981,24.117676],[120.796164,24.117602],[120.796141,24.117571],[120.796174,24.117507],[120.796161,24.117477],[120.796196,24.11744],[120.796225,24.117376]]]}},{"type":"Feature","properties":{"id":"85006db805cf","name":"臺中市私立明德高級中學","level":"高中職","basis":"both","data_ym":"201910"},"geometry":{"type":"Polygon","coordinates":[[[120.684051,24.120981],[120.684041,24.120026],[120.683843,24.119866],[120.683775,24.119817],[120.68372,24.119789],[120.683335,24.119614],[120.683151,24.119544],[120.683059,24.119492],[120.682743,24.119292],[120.682675,24.11923],[120.682026,24.119226],[120.682021,24.119305],[120.682023,24.119857],[120.681944,24.119992],[120.681885,24.120053],[120.681887,24.12052],[120.681906,24.120538],[120.682613,24.120535],[120.682615,24.120819],[120.682728,24.120818],[120.682728,24.120841],[120.682922,24.120853],[120.682931,24.120822],[120.683135,24.120869],[120.683188,24.120878],[120.683187,24.120983],[120.684051,24.120981]]]}},{"type":"Feature","properties":{"id":"6512fedb4d2d","name":"臺中市南區和平國民小學","level":"國小","basis":"both","data_ym":"202401"},"geometry":{"type":"Polygon","coordinates":[[[120.660271,24.12024],[120.660228,24.120184],[120.660226,24.120185],[120.659967,24.119843],[120.659466,24.119837],[120.659139,24.119811],[120.659127,24.120089],[120.65909,24.120191],[120.659092,24.12028],[120.65914,24.120282],[120.65911,24.120903],[120.660096,24.121402],[120.660778,24.121736],[120.6608,24.121736],[120.660815,24.121729],[120.660836,24.12171],[120.66105,24.12131],[120.661052,24.121281],[120.660265,24.120244],[120.660271,24.12024]]]}},{"type":"Feature","properties":{"id":"832c24fa2f6a","name":"臺中市南區信義國民小學","level":"國小","basis":"both","data_ym":"201710"},"geometry":{"type":"Polygon","coordinates":[[[120.669885,24.121079],[120.666962,24.121077],[120.666957,24.121461],[120.666961,24.122181],[120.666982,24.12222],[120.667013,24.12223],[120.669862,24.122218],[120.669892,24.122186],[120.669885,24.121079]]]}},{"type":"Feature","properties":{"id":"d1a03de36962","name":"臺中市南屯區鎮平國民小學","level":"國小","basis":"name","data_ym":"201509"},"geometry":{"type":"Polygon","coordinates":[[[120.628907,24.121062],[120.628754,24.120815],[120.628557,24.120861],[120.628228,24.121015],[120.627825,24.121222],[120.628629,24.12243],[120.628786,24.122692],[120.628832,24.122706],[120.628845,24.122704],[120.629633,24.122331],[120.629644,24.122284],[120.628907,24.121062]]]}},{"type":"Feature","properties":{"id":"73f098d8da2e","name":"臺中市大肚區追分國民小學","level":"國小","basis":"both","data_ym":"201508"},"geometry":{"type":"Polygon","coordinates":[[[120.569613,24.122537],[120.569513,24.122014],[120.569203,24.122089],[120.569194,24.122085],[120.569124,24.121932],[120.568683,24.122111],[120.568639,24.121928],[120.567553,24.122337],[120.567537,24.122309],[120.567284,24.122402],[120.567397,24.122653],[120.567492,24.122884],[120.567504,24.122885],[120.567512,24.12289],[120.568128,24.122894],[120.568962,24.122687],[120.569613,24.122537]]]}},{"type":"Feature","properties":{"id":"f116c0f4be7d","name":"臺中市太平區頭汴國民小學","level":"國小","basis":"both","data_ym":"201509"},"geometry":{"type":"Polygon","coordinates":[[[120.752729,24.122512],[120.752665,24.122499],[120.752568,24.122494],[120.752475,24.1225],[120.752431,24.122509],[120.752367,24.122448],[120.752352,24.12245],[120.752309,24.122476],[120.752228,24.122352],[120.752138,24.122386],[120.752045,24.122438],[120.752005,24.12248],[120.751968,24.122529],[120.751994,24.122552],[120.751856,24.122703],[120.751862,24.122703],[120.751499,24.12299],[120.751405,24.123069],[120.751389,24.123092],[120.751348,24.123172],[120.751278,24.123199],[120.751536,24.123342],[120.752059,24.123516],[120.752134,24.123531],[120.752171,24.123533],[120.752303,24.123529],[120.752609,24.123508],[120.752625,24.1235],[120.752649,24.123476],[120.75273,24.122556],[120.752729,24.122512]]]}},{"type":"Feature","properties":{"id":"ef951f883c9d","name":"臺中市立中平國民中學","level":"國中","basis":"both","data_ym":"201710"},"geometry":{"type":"Polygon","coordinates":[[[120.718797,24.124224],[120.718883,24.124133],[120.718894,24.124142],[120.719088,24.123928],[120.71963,24.123256],[120.719193,24.122834],[120.719126,24.122898],[120.719098,24.122919],[120.71897,24.122825],[120.718894,24.122732],[120.718829,24.122638],[120.718622,24.122372],[120.718358,24.122636],[120.717988,24.122991],[120.717874,24.123173],[120.717845,24.123161],[120.71773,24.123344],[120.717848,24.123416],[120.718238,24.123744],[120.718797,24.124224]]]}},{"type":"Feature","properties":{"id":"f61da4d07acd","name":"臺中市太平區建平國民小學","level":"國小","basis":"both","data_ym":"201710"},"geometry":{"type":"Polygon","coordinates":[[[120.724488,24.124864],[120.724603,24.124757],[120.724714,24.124847],[120.724906,24.124654],[120.72512,24.12441],[120.724761,24.12411],[120.724763,24.124107],[120.724692,24.124046],[120.724689,24.12405],[120.724596,24.123972],[120.723891,24.123355],[120.723664,24.123187],[120.7234,24.123019],[120.723384,24.123019],[120.723364,24.123027],[120.723317,24.123071],[120.723291,24.123136],[120.723358,24.123173],[120.723719,24.123507],[120.7236,24.123649],[120.723491,24.123648],[120.723184,24.123608],[120.723095,24.123584],[120.722974,24.123717],[120.722814,24.123906],[120.722814,24.123932],[120.722821,24.123957],[120.723343,24.124326],[120.723417,24.124282],[120.723506,24.124326],[120.723521,24.124302],[120.723914,24.124497],[120.724061,24.12456],[120.724488,24.124864]]]}},{"type":"Feature","properties":{"id":"ae81c1af72b5","name":"臺中市南區國光國民小學","level":"國小","basis":"both","data_ym":"202401"},"geometry":{"type":"Polygon","coordinates":[[[120.681005,24.126192],[120.681009,24.124396],[120.680982,24.12435],[120.680313,24.124349],[120.680313,24.12433],[120.680266,24.124328],[120.680266,24.124346],[120.680254,24.124346],[120.68025,24.124354],[120.679962,24.124352],[120.679963,24.124343],[120.679903,24.124342],[120.679903,24.124329],[120.679854,24.124326],[120.679854,24.124347],[120.679583,24.124346],[120.679521,24.124387],[120.679526,24.125389],[120.679501,24.125389],[120.679503,24.125479],[120.67953,24.125479],[120.679552,24.126198],[120.679621,24.126243],[120.680951,24.126231],[120.681005,24.126192]]]}},{"type":"Feature","properties":{"id":"2d89beb10830","name":"臺中市立東峰國民中學","level":"國中","basis":"both","data_ym":"202401"},"geometry":{"type":"Polygon","coordinates":[[[120.68739,24.126256],[120.687387,24.125599],[120.687407,24.125599],[120.687412,24.124904],[120.68612,24.124711],[120.685215,24.124591],[120.68506,24.124758],[120.685079,24.125442],[120.685075,24.126038],[120.685085,24.126089],[120.685106,24.126128],[120.685144,24.126172],[120.685157,24.126225],[120.685172,24.126241],[120.685217,24.126246],[120.685244,24.126239],[120.685256,24.126231],[120.6853,24.126247],[120.685379,24.126238],[120.685532,24.126245],[120.685687,24.126259],[120.686082,24.126248],[120.686865,24.126257],[120.68739,24.126256]]]}},{"type":"Feature","properties":{"id":"a2262ca0847d","name":"臺中市太平區太平國民小學","level":"國小","basis":"both","data_ym":"201509"},"geometry":{"type":"Polygon","coordinates":[[[120.717618,24.128384],[120.717651,24.128316],[120.717723,24.128339],[120.717825,24.128378],[120.717918,24.128116],[120.718107,24.128185],[120.718275,24.127772],[120.718625,24.12696],[120.718669,24.126892],[120.718454,24.126812],[120.718172,24.126725],[120.71795,24.126663],[120.717984,24.126571],[120.717798,24.126513],[120.717546,24.126769],[120.717467,24.12694],[120.717441,24.12693],[120.717083,24.127417],[120.71692,24.127655],[120.717169,24.127794],[120.717231,24.127835],[120.717232,24.127849],[120.717207,24.127903],[120.717218,24.127932],[120.717176,24.128072],[120.717401,24.128234],[120.717528,24.12826],[120.717581,24.128285],[120.717597,24.1283],[120.717595,24.128329],[120.717589,24.128351],[120.717592,24.128361],[120.717601,24.128375],[120.717618,24.128384]]]}},{"type":"Feature","properties":{"id":"a038e418861e","name":"國立中興大學附屬臺中高級農業職業學校","level":"高中職","basis":"name","data_ym":"201710"},"geometry":{"type":"Polygon","coordinates":[[[120.685917,24.128852],[120.687229,24.128847],[120.68851,24.128853],[120.688518,24.128851],[120.688564,24.12881],[120.68857,24.128281],[120.688574,24.12694],[120.688587,24.126787],[120.688562,24.126752],[120.688531,24.12673],[120.68852,24.126713],[120.688517,24.126502],[120.684926,24.126506],[120.684448,24.126498],[120.684414,24.126542],[120.684436,24.126695],[120.684484,24.126917],[120.684573,24.127202],[120.684767,24.127964],[120.68484,24.128202],[120.684932,24.128586],[120.68497,24.128656],[120.685079,24.1287],[120.685149,24.128747],[120.685176,24.128779],[120.685195,24.128829],[120.685215,24.128844],[120.685917,24.128852]]]}},{"type":"Feature","properties":{"id":"69d9ab5e26dc","name":"臺中市東區大智國民小學","level":"國小","basis":"both","data_ym":"202201"},"geometry":{"type":"Polygon","coordinates":[[[120.691603,24.129466],[120.691595,24.128177],[120.691602,24.127787],[120.691598,24.127777],[120.691553,24.127736],[120.690531,24.12774],[120.690512,24.127748],[120.690458,24.127854],[120.690454,24.128114],[120.690462,24.128531],[120.690458,24.128571],[120.69047,24.128575],[120.69047,24.128642],[120.690452,24.1287],[120.690465,24.12873],[120.690456,24.128729],[120.690457,24.128761],[120.690471,24.128761],[120.690476,24.128789],[120.690451,24.129442],[120.69046,24.12948],[120.690523,24.12952],[120.690541,24.129523],[120.69155,24.129524],[120.691603,24.129466]]]}},{"type":"Feature","properties":{"id":"f556bd85a795","name":"臺中市東區臺中國民小學","level":"國小","basis":"both","data_ym":"201710"},"geometry":{"type":"Polygon","coordinates":[[[120.684952,24.130984],[120.684901,24.130969],[120.684847,24.130997],[120.684613,24.131438],[120.684512,24.131642],[120.684357,24.131979],[120.684363,24.131996],[120.684385,24.13203],[120.68575,24.132594],[120.686089,24.132729],[120.686101,24.132728],[120.686111,24.132722],[120.686305,24.132314],[120.686608,24.13174],[120.686618,24.131705],[120.686601,24.131672],[120.685917,24.131397],[120.684952,24.130984]]]}},{"type":"Feature","properties":{"id":"652d0e57517b","name":"臺中市太平區東平國民小學","level":"國小","basis":"both","data_ym":"201509"},"geometry":{"type":"Polygon","coordinates":[[[120.723628,24.133495],[120.723954,24.132726],[120.723959,24.132728],[120.723985,24.132682],[120.724007,24.132611],[120.724042,24.132563],[120.724053,24.132567],[120.724059,24.13256],[120.723189,24.132065],[120.723158,24.132048],[120.723121,24.132071],[120.722795,24.132521],[120.722724,24.132658],[120.722687,24.132791],[120.722656,24.132992],[120.722618,24.1337],[120.723657,24.133769],[120.723627,24.133541],[120.723628,24.133495]]]}},{"type":"Feature","properties":{"id":"5ec36039e889","name":"臺中市立光明國民中學","level":"國中","basis":"both","data_ym":"202401"},"geometry":{"type":"Polygon","coordinates":[[[120.674088,24.132563],[120.673397,24.132263],[120.673356,24.132266],[120.67321,24.132212],[120.67314,24.132182],[120.673146,24.132164],[120.672724,24.132006],[120.672573,24.132022],[120.67214,24.13243],[120.672083,24.132642],[120.672574,24.133103],[120.672896,24.133424],[120.673293,24.133809],[120.673359,24.133812],[120.674271,24.133038],[120.673992,24.132785],[120.674088,24.132563]]]}},{"type":"Feature","properties":{"id":"8e17c113eeda","name":"臺中市立臺中家事商業高級中等學校","level":"高中職","basis":"name","data_ym":"201712"},"geometry":{"type":"Polygon","coordinates":[[[120.686007,24.132879],[120.684683,24.132321],[120.68433,24.133032],[120.684154,24.133397],[120.685468,24.133952],[120.685514,24.133934],[120.685995,24.132976],[120.686018,24.132927],[120.686016,24.132891],[120.686007,24.132879]]]}},{"type":"Feature","properties":{"id":"b2c1e7e76438","name":"臺中市立萬和國民中學","level":"國中","basis":"both","data_ym":"201710"},"geometry":{"type":"Polygon","coordinates":[[[120.641226,24.134261],[120.64125,24.133624],[120.641236,24.133586],[120.64121,24.133544],[120.641156,24.133534],[120.640125,24.133557],[120.639599,24.133614],[120.639348,24.133658],[120.639229,24.133708],[120.639129,24.133734],[120.639157,24.133821],[120.639254,24.133797],[120.639412,24.134318],[120.639564,24.134785],[120.639571,24.134796],[120.639674,24.134778],[120.639919,24.134749],[120.640568,24.134719],[120.641175,24.134716],[120.641222,24.134686],[120.641225,24.134664],[120.641226,24.134261]]]}},{"type":"Feature","properties":{"id":"364cc5570f5d","name":"臺中市西區大勇國民小學","level":"國小","basis":"both","data_ym":"202201"},"geometry":{"type":"Polygon","coordinates":[[[120.660079,24.134397],[120.660056,24.134386],[120.659249,24.134389],[120.659259,24.133633],[120.659239,24.133616],[120.658914,24.13366],[120.658449,24.133753],[120.658058,24.133796],[120.657545,24.13388],[120.657518,24.133903],[120.657495,24.133941],[120.657489,24.133987],[120.657493,24.134445],[120.657486,24.134984],[120.657498,24.135017],[120.657542,24.135077],[120.659427,24.135073],[120.660076,24.135058],[120.660098,24.135049],[120.660101,24.134477],[120.660097,24.134417],[120.660079,24.134397]]]}},{"type":"Feature","properties":{"id":"b4bc86be4a74","name":"臺中市南屯區永春國民小學","level":"國小","basis":"both","data_ym":"201710"},"geometry":{"type":"Polygon","coordinates":[[[120.649144,24.134942],[120.649106,24.134933],[120.649015,24.134939],[120.647448,24.134859],[120.647402,24.134864],[120.647393,24.134876],[120.64738,24.134923],[120.647394,24.135691],[120.647407,24.135765],[120.647424,24.135781],[120.647462,24.135786],[120.648793,24.13579],[120.649166,24.135788],[120.649199,24.135781],[120.649208,24.135768],[120.649211,24.135749],[120.649211,24.135635],[120.649191,24.13498],[120.649179,24.134963],[120.649144,24.134942]]]}},{"type":"Feature","properties":{"id":"ab574c42cedb","name":"臺中市西區大同國民小學","level":"國小","basis":"both","data_ym":"202401"},"geometry":{"type":"Polygon","coordinates":[[[120.67879,24.134494],[120.67807,24.134202],[120.677977,24.134219],[120.677941,24.134242],[120.677164,24.134916],[120.677153,24.135007],[120.677171,24.135039],[120.677768,24.13561],[120.678022,24.135847],[120.678462,24.136273],[120.678489,24.136272],[120.678537,24.136248],[120.679066,24.135772],[120.679882,24.135062],[120.679766,24.134938],[120.679693,24.134872],[120.67879,24.134494]]]}},{"type":"Feature","properties":{"id":"21d8603cd863","name":"臺中市立育英國民中學","level":"國中","basis":"both","data_ym":"202401"},"geometry":{"type":"Polygon","coordinates":[[[120.699706,24.136618],[120.69963,24.136269],[120.699589,24.136143],[120.699549,24.136097],[120.699438,24.135561],[120.699347,24.135271],[120.699327,24.135254],[120.6993,24.13524],[120.698919,24.135228],[120.69887,24.135206],[120.698502,24.135211],[120.698166,24.135207],[120.698158,24.136552],[120.698196,24.136552],[120.698197,24.13651],[120.698216,24.13651],[120.698217,24.136497],[120.698288,24.136498],[120.698288,24.136466],[120.698478,24.13647],[120.698477,24.136498],[120.698621,24.136499],[120.698621,24.136554],[120.698942,24.136548],[120.698943,24.136622],[120.699706,24.136618]]]}},{"type":"Feature","properties":{"id":"8f2abff499f5","name":"臺中市立臺中女子高級中等學校","level":"高中職","basis":"name","data_ym":"202401"},"geometry":{"type":"Polygon","coordinates":[[[120.677424,24.13565],[120.676944,24.135177],[120.676851,24.135178],[120.676668,24.135348],[120.676644,24.135324],[120.676253,24.135669],[120.676254,24.135761],[120.676732,24.136225],[120.676767,24.136234],[120.676834,24.136267],[120.677585,24.137007],[120.677599,24.137017],[120.677626,24.137017],[120.678246,24.136476],[120.678249,24.136453],[120.677492,24.135727],[120.677426,24.135662],[120.677424,24.13565]]]}},{"type":"Feature","properties":{"id":"d3a72988b5ab","name":"臺中市立居仁國民中學","level":"國中","basis":"both","data_ym":"201509"},"geometry":{"type":"Polygon","coordinates":[[[120.678432,24.136555],[120.678359,24.136553],[120.677709,24.13712],[120.677709,24.137165],[120.678428,24.137867],[120.678509,24.137892],[120.678518,24.13789],[120.678859,24.137591],[120.678778,24.137499],[120.679109,24.137213],[120.678432,24.136555]]]}},{"type":"Feature","properties":{"id":"151fb3a6e2ac","name":"臺中市南屯區南屯國民小學","level":"國小","basis":"both","data_ym":"201710"},"geometry":{"type":"Polygon","coordinates":[[[120.638398,24.137781],[120.639095,24.137624],[120.639098,24.137632],[120.63918,24.137614],[120.639154,24.137515],[120.639078,24.137038],[120.638982,24.136738],[120.638829,24.136393],[120.638852,24.136385],[120.638791,24.136277],[120.638642,24.136041],[120.638619,24.136051],[120.638564,24.135952],[120.638593,24.135932],[120.638548,24.13586],[120.638395,24.135982],[120.638385,24.136135],[120.637643,24.136271],[120.637617,24.13628],[120.637105,24.136371],[120.637087,24.136379],[120.637193,24.13676],[120.637364,24.137404],[120.637938,24.137262],[120.638097,24.137882],[120.638233,24.137857],[120.638226,24.137828],[120.638401,24.137789],[120.638398,24.137781]]]}},{"type":"Feature","properties":{"id":"e4a53fcc1c25","name":"臺中市東區成功國民小學","level":"國小","basis":"both","data_ym":"202401"},"geometry":{"type":"Polygon","coordinates":[[[120.699142,24.138209],[120.699147,24.138166],[120.699457,24.138031],[120.699688,24.137881],[120.699848,24.137823],[120.699899,24.137818],[120.69987,24.137594],[120.699706,24.136618],[120.698943,24.136622],[120.698942,24.136548],[120.698621,24.136554],[120.698621,24.136499],[120.698477,24.136498],[120.698478,24.13647],[120.698288,24.136466],[120.698288,24.136498],[120.698217,24.136497],[120.698216,24.13651],[120.698197,24.13651],[120.698196,24.136552],[120.698158,24.136552],[120.698155,24.137127],[120.698163,24.138217],[120.699142,24.138209]]]}},{"type":"Feature","properties":{"id":"bb045bcef632","name":"臺中市私立嶺東高級中學","level":"高中職","basis":"both","data_ym":"201509"},"geometry":{"type":"Polygon","coordinates":[[[120.610701,24.138403],[120.610707,24.138246],[120.610734,24.138248],[120.61074,24.138159],[120.61071,24.138157],[120.610711,24.138129],[120.610759,24.138128],[120.610757,24.138061],[120.61086,24.138058],[120.61086,24.137645],[120.611147,24.137644],[120.611149,24.137275],[120.611162,24.137154],[120.611298,24.137132],[120.611375,24.136435],[120.611404,24.13603],[120.611148,24.135997],[120.611137,24.136043],[120.610947,24.136005],[120.610871,24.136049],[120.610694,24.136096],[120.610599,24.136112],[120.610537,24.136327],[120.610527,24.136334],[120.610396,24.13667],[120.609902,24.137973],[120.609939,24.138007],[120.61007,24.138095],[120.610159,24.138169],[120.610195,24.138235],[120.610275,24.138411],[120.610701,24.138403]]]}},{"type":"Feature","properties":{"id":"513bb4c6eb6c","name":"臺中市東區樂業國民小學","level":"國小","basis":"both","data_ym":"202401"},"geometry":{"type":"Polygon","coordinates":[[[120.693684,24.13869],[120.694128,24.138702],[120.694136,24.13849],[120.694139,24.138362],[120.694135,24.138362],[120.694139,24.138225],[120.694963,24.138227],[120.694963,24.137835],[120.694957,24.137536],[120.694959,24.137119],[120.694952,24.137076],[120.6937,24.137047],[120.69368,24.137065],[120.693696,24.137632],[120.693682,24.138606],[120.693684,24.13869]]]}},{"type":"Feature","properties":{"id":"f97db41e1fbe","name":"臺中市西區忠孝國民小學","level":"國小","basis":"both","data_ym":"201509"},"geometry":{"type":"Polygon","coordinates":[[[120.674647,24.137884],[120.674446,24.137689],[120.674387,24.137733],[120.674236,24.137529],[120.67426,24.137509],[120.67419,24.137441],[120.674172,24.137455],[120.674046,24.137315],[120.673527,24.13679],[120.673485,24.136789],[120.673421,24.136816],[120.673322,24.136901],[120.673312,24.136893],[120.672975,24.137186],[120.672981,24.137193],[120.672381,24.137708],[120.67238,24.137755],[120.673715,24.13903],[120.673746,24.139027],[120.674266,24.138552],[120.674056,24.13834],[120.674553,24.13791],[120.674647,24.137884]]]}},{"type":"Feature","properties":{"id":"fb266038cff2","name":"臺中市西區忠信國民小學","level":"國小","basis":"both","data_ym":"202401"},"geometry":{"type":"Polygon","coordinates":[[[120.668337,24.139497],[120.668887,24.139012],[120.6689,24.139023],[120.669142,24.138809],[120.669133,24.138799],[120.66916,24.138774],[120.669166,24.13876],[120.669165,24.138743],[120.668989,24.138573],[120.668766,24.138373],[120.668772,24.138368],[120.668744,24.13834],[120.668487,24.138101],[120.668426,24.138107],[120.668408,24.138093],[120.667624,24.138769],[120.667634,24.138786],[120.667541,24.138877],[120.668132,24.139448],[120.668201,24.139389],[120.668282,24.13947],[120.668317,24.139499],[120.668337,24.139497]]]}},{"type":"Feature","properties":{"id":"2768d04bb3aa","name":"光華學校財團法人臺中市光華高級工業職業學校","level":"高中職","basis":"name","data_ym":"202201"},"geometry":{"type":"Polygon","coordinates":[[[120.739237,24.139298],[120.739278,24.139296],[120.73947,24.139358],[120.739611,24.139369],[120.739769,24.139341],[120.739801,24.13946],[120.739898,24.139505],[120.740097,24.139459],[120.740148,24.139518],[120.740261,24.139718],[120.740356,24.139672],[120.7403,24.139532],[120.740175,24.139392],[120.740092,24.139314],[120.739944,24.13916],[120.739794,24.139092],[120.739725,24.13905],[120.739697,24.139048],[120.739676,24.139041],[120.739588,24.138982],[120.739528,24.138924],[120.739467,24.138837],[120.739371,24.138649],[120.73932,24.13857],[120.739255,24.138488],[120.739184,24.138416],[120.739064,24.138311],[120.738526,24.137905],[120.738472,24.137862],[120.73843,24.137821],[120.738395,24.137781],[120.738355,24.137719],[120.73832,24.137638],[120.738266,24.13749],[120.738227,24.137411],[120.738181,24.13736],[120.738108,24.137311],[120.738067,24.137288],[120.737465,24.137118],[120.737411,24.137091],[120.737383,24.13707],[120.737342,24.137021],[120.737331,24.136999],[120.737244,24.137036],[120.737227,24.137005],[120.737202,24.136939],[120.737181,24.136921],[120.737146,24.136909],[120.73711,24.136907],[120.73705,24.136916],[120.736946,24.136941],[120.736876,24.136972],[120.736787,24.137035],[120.736722,24.136988],[120.73668,24.137036],[120.736323,24.137504],[120.736055,24.137843],[120.735962,24.137781],[120.735954,24.137792],[120.735944,24.13778],[120.735896,24.137845],[120.736001,24.137913],[120.735973,24.137953],[120.735963,24.137978],[120.735948,24.138051],[120.735948,24.138114],[120.735952,24.138138],[120.735971,24.138186],[120.735983,24.138206],[120.736039,24.138266],[120.736107,24.138329],[120.736497,24.138657],[120.736603,24.138721],[120.73675,24.13878],[120.73676,24.138779],[120.736945,24.138818],[120.737475,24.138913],[120.737522,24.138923],[120.737629,24.138956],[120.73772,24.139012],[120.738144,24.139393],[120.73847,24.139697],[120.738684,24.139885],[120.738765,24.139826],[120.738988,24.139484],[120.739179,24.139317],[120.739237,24.139298]]]}},{"type":"Feature","properties":{"id":"6b5985052bea","name":"國立臺中科技大學民生校區","level":"大專","basis":"branch","data_ym":"202401"},"geometry":{"type":"Polygon","coordinates":[[[120.676427,24.139583],[120.67625,24.139417],[120.675796,24.138972],[120.675681,24.138966],[120.675637,24.138922],[120.675133,24.139363],[120.675167,24.139441],[120.675172,24.139473],[120.675158,24.139473],[120.675156,24.139594],[120.675189,24.139596],[120.675199,24.139699],[120.675179,24.139757],[120.6751,24.13981],[120.675082,24.13981],[120.675081,24.139841],[120.675108,24.139892],[120.675143,24.139879],[120.675145,24.140063],[120.675342,24.140064],[120.675344,24.140036],[120.675866,24.140051],[120.675876,24.13964],[120.676359,24.139641],[120.676427,24.139583]]]}},{"type":"Feature","properties":{"id":"ca3b7c28d300","name":"臺中市太平區宜欣國民小學","level":"國小","basis":"both","data_ym":"202401"},"geometry":{"type":"Polygon","coordinates":[[[120.716082,24.139982],[120.71604,24.139661],[120.716036,24.139661],[120.715941,24.139087],[120.715895,24.138725],[120.715907,24.138723],[120.715855,24.138414],[120.715835,24.138385],[120.715804,24.138368],[120.715164,24.138422],[120.715117,24.138775],[120.715132,24.138776],[120.715038,24.139545],[120.714968,24.14015],[120.714971,24.140161],[120.714985,24.140174],[120.715012,24.140185],[120.7152,24.140222],[120.71572,24.140308],[120.716078,24.140373],[120.716105,24.140372],[120.716112,24.140368],[120.716116,24.140355],[120.716106,24.140217],[120.716082,24.139982]]]}},{"type":"Feature","properties":{"id":"0ae9945338e3","name":"臺中市立向上國民中學","level":"國中","basis":"both","data_ym":"201710"},"geometry":{"type":"Polygon","coordinates":[[[120.664348,24.144239],[120.664362,24.142501],[120.664359,24.142396],[120.662898,24.14238],[120.661843,24.142378],[120.661839,24.143067],[120.661832,24.143475],[120.661834,24.144177],[120.661868,24.144241],[120.66189,24.144246],[120.662947,24.144254],[120.664348,24.144239]]]}},{"type":"Feature","properties":{"id":"4f45fd75711f","name":"國立臺中教育大學英才校區","level":"大專","basis":"branch","data_ym":"201712"},"geometry":{"type":"Polygon","coordinates":[[[120.666825,24.143347],[120.666043,24.143336],[120.666006,24.143375],[120.665998,24.144218],[120.666035,24.144261],[120.66673,24.144283],[120.667735,24.1443],[120.667785,24.144252],[120.667785,24.143388],[120.667759,24.143371],[120.666825,24.143347]]]}},{"type":"Feature","properties":{"id":"a33717090a97","name":"臺中市中區光復國民小學","level":"國小","basis":"both","data_ym":"201710"},"geometry":{"type":"Polygon","coordinates":[[[120.682119,24.143051],[120.682107,24.143045],[120.682025,24.143061],[120.681995,24.143077],[120.68123,24.143744],[120.681209,24.143766],[120.681204,24.143818],[120.681275,24.143915],[120.681646,24.144275],[120.681816,24.144419],[120.682704,24.143644],[120.682702,24.143558],[120.682565,24.143427],[120.68249,24.143416],[120.682119,24.143051]]]}},{"type":"Feature","properties":{"id":"4633c9056bc3","name":"臺中市太平區坪林國民小學1","level":"國小","basis":"both","data_ym":"202401"},"geometry":{"type":"Polygon","coordinates":[[[120.737065,24.145092],[120.737253,24.144995],[120.737268,24.144975],[120.737271,24.144878],[120.73718,24.144558],[120.737127,24.144391],[120.737127,24.144283],[120.737119,24.144252],[120.737112,24.14417],[120.737115,24.143979],[120.737123,24.14389],[120.737132,24.143857],[120.737154,24.14382],[120.736422,24.143781],[120.736403,24.14418],[120.736371,24.144564],[120.736222,24.144554],[120.736189,24.145045],[120.736343,24.145042],[120.736344,24.145052],[120.736942,24.145075],[120.737046,24.145055],[120.737065,24.145092]]]}},{"type":"Feature","properties":{"id":"e244b5e326e2","name":"國立臺中教育大學附設實驗國民小學","level":"國小","basis":"name","data_ym":"202508"},"geometry":{"type":"Polygon","coordinates":[[[120.673142,24.145124],[120.674398,24.144022],[120.673806,24.143449],[120.673791,24.143449],[120.673104,24.144059],[120.673055,24.144099],[120.673041,24.144085],[120.672514,24.144555],[120.67252,24.144582],[120.673034,24.145082],[120.673142,24.145124]]]}},{"type":"Feature","properties":{"id":"359c18b7b470","name":"國立臺中教育大學","level":"大專","basis":"both","data_ym":"201710"},"geometry":{"type":"Polygon","coordinates":[[[120.671379,24.145125],[120.671827,24.144703],[120.671878,24.144704],[120.671992,24.144612],[120.672297,24.144338],[120.673172,24.143595],[120.673342,24.143435],[120.673528,24.143267],[120.673527,24.143257],[120.672273,24.142104],[120.672063,24.142106],[120.670994,24.143035],[120.670097,24.143831],[120.670016,24.143908],[120.670015,24.143993],[120.671238,24.145181],[120.671261,24.145188],[120.67129,24.145186],[120.671379,24.145125]]]}},{"type":"Feature","properties":{"id":"7e2e4e5400c2","name":"臺中市中區光復國民小學1","level":"國小","basis":"both","data_ym":"202401"},"geometry":{"type":"Polygon","coordinates":[[[120.682178,24.144573],[120.68214,24.144661],[120.682072,24.144734],[120.682806,24.145441],[120.682856,24.145441],[120.682958,24.145459],[120.683005,24.145455],[120.683056,24.145436],[120.683164,24.145386],[120.683336,24.14526],[120.68321,24.145133],[120.683266,24.145081],[120.683056,24.14487],[120.682919,24.144739],[120.682777,24.144635],[120.682743,24.14462],[120.682665,24.144602],[120.682178,24.144573]]]}},{"type":"Feature","properties":{"id":"f972ae039a75","name":"臺中市太平區坪林國民小學","level":"國小","basis":"both","data_ym":"201509"},"geometry":{"type":"Polygon","coordinates":[[[120.737533,24.14606],[120.73756,24.146053],[120.737572,24.14608],[120.737784,24.146022],[120.737768,24.145882],[120.73771,24.14558],[120.737614,24.145268],[120.737566,24.145138],[120.737541,24.14509],[120.737503,24.145044],[120.737453,24.144998],[120.737259,24.145101],[120.737119,24.145188],[120.736887,24.145325],[120.736898,24.145558],[120.736899,24.145598],[120.73689,24.145599],[120.736889,24.145632],[120.736904,24.145633],[120.736892,24.145737],[120.736911,24.145738],[120.736912,24.145774],[120.736804,24.145793],[120.736827,24.145991],[120.736817,24.146048],[120.736973,24.146101],[120.737449,24.146215],[120.737483,24.146167],[120.737533,24.14606]]]}},{"type":"Feature","properties":{"id":"323ee0af4888","name":"臺中市立大墩國民中學","level":"國中","basis":"both","data_ym":"201710"},"geometry":{"type":"Polygon","coordinates":[[[120.640479,24.145858],[120.640479,24.145632],[120.640466,24.145386],[120.640422,24.145385],[120.640463,24.144784],[120.640469,24.144601],[120.640454,24.144565],[120.640426,24.144534],[120.640403,24.144517],[120.640377,24.144508],[120.639946,24.144536],[120.63949,24.144583],[120.63947,24.144594],[120.639443,24.144627],[120.639231,24.145173],[120.638891,24.146107],[120.639062,24.146084],[120.640479,24.145858]]]}},{"type":"Feature","properties":{"id":"5f6d3de1ee63","name":"臺中市東區進德國民小學","level":"國小","basis":"both","data_ym":"201509"},"geometry":{"type":"Polygon","coordinates":[[[120.69421,24.146196],[120.694217,24.144202],[120.692607,24.144191],[120.692584,24.144209],[120.692584,24.146175],[120.692623,24.146209],[120.694168,24.14623],[120.69421,24.146196]]]}},{"type":"Feature","properties":{"id":"a1c743f2cdf0","name":"臺中市南屯區大新國民小學","level":"國小","basis":"both","data_ym":"201509"},"geometry":{"type":"Polygon","coordinates":[[[120.647963,24.145053],[120.646963,24.145051],[120.646941,24.145076],[120.646947,24.146648],[120.646972,24.14668],[120.647967,24.146668],[120.647989,24.146637],[120.64799,24.145083],[120.647963,24.145053]]]}},{"type":"Feature","properties":{"id":"6ef61215941d","name":"臺中市南屯區大墩國民小學","level":"國小","basis":"both","data_ym":"201509"},"geometry":{"type":"Polygon","coordinates":[[[120.640479,24.145858],[120.639062,24.146084],[120.638891,24.146107],[120.638597,24.147003],[120.63861,24.147012],[120.639926,24.146843],[120.640453,24.146769],[120.640476,24.146758],[120.640494,24.146734],[120.640503,24.14671],[120.640479,24.145858]]]}},{"type":"Feature","properties":{"id":"e7f3744d56a3","name":"臺中市立大道國民中學","level":"國中","basis":"both","data_ym":"201707"},"geometry":{"type":"Polygon","coordinates":[[[120.551514,24.145669],[120.551594,24.145558],[120.551607,24.145505],[120.551608,24.145471],[120.551317,24.145501],[120.551003,24.145547],[120.550682,24.145584],[120.550594,24.145592],[120.550546,24.145589],[120.550254,24.145617],[120.550093,24.145654],[120.550018,24.145645],[120.550007,24.145653],[120.549117,24.145616],[120.549045,24.145921],[120.549021,24.146051],[120.549025,24.146165],[120.548973,24.146265],[120.54892,24.146476],[120.548941,24.146493],[120.548967,24.146578],[120.549015,24.146696],[120.549069,24.146791],[120.549139,24.146895],[120.549324,24.147004],[120.549387,24.147032],[120.549546,24.147055],[120.549561,24.1471],[120.549542,24.147159],[120.550048,24.147347],[120.550258,24.147411],[120.550594,24.147488],[120.550645,24.147485],[120.55116,24.146415],[120.551514,24.145669]]]}},{"type":"Feature","properties":{"id":"f275cc51c988","name":"臺中市立太平國民中學1","level":"國中","basis":"both","data_ym":"202401"},"geometry":{"type":"Polygon","coordinates":[[[120.738945,24.148728],[120.738945,24.148709],[120.738965,24.148717],[120.73901,24.148725],[120.73907,24.148713],[120.73912,24.148692],[120.739139,24.148642],[120.739138,24.148583],[120.73912,24.148537],[120.739094,24.148512],[120.739048,24.148496],[120.738989,24.148491],[120.739003,24.148121],[120.738782,24.147899],[120.738038,24.147877],[120.737935,24.147738],[120.737766,24.147736],[120.737765,24.14787],[120.737774,24.147927],[120.737794,24.147987],[120.738111,24.148618],[120.738161,24.148613],[120.738205,24.148702],[120.738945,24.148728]]]}},{"type":"Feature","properties":{"id":"f43504021b07","name":"臺中市太平區中華國民小學","level":"國小","basis":"both","data_ym":"202401"},"geometry":{"type":"Polygon","coordinates":[[[120.726608,24.148816],[120.726986,24.148526],[120.727133,24.148395],[120.727167,24.148382],[120.727197,24.148381],[120.727218,24.148283],[120.727117,24.148236],[120.72696,24.148237],[120.726892,24.147851],[120.72683,24.147683],[120.726785,24.147683],[120.726751,24.147535],[120.726684,24.147329],[120.726663,24.147042],[120.724973,24.147191],[120.724958,24.147222],[120.724467,24.147326],[120.724532,24.147589],[120.724553,24.147585],[120.724626,24.147645],[120.724637,24.147675],[120.724638,24.147867],[120.724481,24.147926],[120.724535,24.147999],[120.724595,24.147984],[120.724603,24.148012],[120.724737,24.147975],[120.724751,24.148024],[120.72485,24.147995],[120.72513,24.147944],[120.725504,24.147909],[120.725663,24.148143],[120.725739,24.148322],[120.725807,24.148522],[120.725866,24.148527],[120.725998,24.14851],[120.726033,24.148601],[120.726093,24.148593],[120.726183,24.148963],[120.726237,24.148954],[120.726526,24.14887],[120.726562,24.148864],[120.726608,24.148816]]]}},{"type":"Feature","properties":{"id":"472e9a06a789","name":"國立臺中科技大學南屯校區(預定地)","level":"其他","basis":"none","data_ym":"202508"},"geometry":{"type":"Polygon","coordinates":[[[120.609547,24.149261],[120.611417,24.148824],[120.611737,24.14874],[120.611258,24.146996],[120.610959,24.145922],[120.608626,24.146459],[120.609176,24.148135],[120.609316,24.148526],[120.609547,24.149261]]]}},{"type":"Feature","properties":{"id":"00d5493d127b","name":"臺中市立太平國民中學","level":"國中","basis":"both","data_ym":"202003"},"geometry":{"type":"Polygon","coordinates":[[[120.736757,24.149647],[120.737185,24.14962],[120.737185,24.149633],[120.737996,24.149566],[120.737996,24.149523],[120.737972,24.149384],[120.737736,24.149071],[120.737717,24.149071],[120.737683,24.148688],[120.737954,24.148618],[120.737829,24.1483],[120.73766,24.147836],[120.737523,24.147831],[120.737519,24.147958],[120.737224,24.147949],[120.736248,24.147904],[120.735355,24.147874],[120.734962,24.147855],[120.734972,24.147705],[120.734944,24.147715],[120.734354,24.147862],[120.734347,24.148111],[120.734426,24.148114],[120.734387,24.148258],[120.73436,24.148519],[120.734667,24.148512],[120.734665,24.148478],[120.734796,24.148474],[120.734797,24.148515],[120.734852,24.148515],[120.734853,24.14853],[120.734897,24.148529],[120.734898,24.148563],[120.735472,24.14858],[120.735472,24.148523],[120.736158,24.148534],[120.736383,24.148547],[120.736552,24.148574],[120.736654,24.148636],[120.736674,24.148655],[120.736687,24.148684],[120.736757,24.149647]]]}},{"type":"Feature","properties":{"id":"144b831cf18e","name":"臺中市南屯區文山國民小學","level":"國小","basis":"both","data_ym":"201509"},"geometry":{"type":"Polygon","coordinates":[[[120.615523,24.14966],[120.615414,24.149074],[120.615166,24.149115],[120.614982,24.149153],[120.614926,24.149006],[120.614835,24.148684],[120.614726,24.148411],[120.613974,24.149005],[120.613966,24.149041],[120.614371,24.150017],[120.614649,24.149926],[120.615112,24.149788],[120.615523,24.14966]]]}},{"type":"Feature","properties":{"id":"2d7573b35f39","name":"臺中市北區太平國民小學","level":"國小","basis":"both","data_ym":"201708"},"geometry":{"type":"Polygon","coordinates":[[[120.682737,24.149389],[120.68266,24.149192],[120.682635,24.149202],[120.682567,24.149041],[120.682528,24.149053],[120.682422,24.148809],[120.681799,24.149027],[120.681806,24.149042],[120.681709,24.149076],[120.681702,24.149062],[120.681102,24.149278],[120.681867,24.151115],[120.68258,24.150868],[120.682325,24.150221],[120.68218,24.149872],[120.682707,24.149681],[120.682703,24.149636],[120.682737,24.149389]]]}},{"type":"Feature","properties":{"id":"a8506b70de37","name":"臺中市東區力行國民小學","level":"國小","basis":"both","data_ym":"201509"},"geometry":{"type":"Polygon","coordinates":[[[120.694224,24.150038],[120.69418,24.150007],[120.692624,24.15002],[120.692598,24.150041],[120.69261,24.15151],[120.69265,24.151545],[120.694156,24.151473],[120.694213,24.151427],[120.694209,24.15082],[120.694194,24.150804],[120.694192,24.150668],[120.694215,24.150639],[120.694224,24.150038]]]}},{"type":"Feature","properties":{"id":"6e7332ac6754","name":"臺中市太平區新高國民小學","level":"國小","basis":"both","data_ym":"202401"},"geometry":{"type":"Polygon","coordinates":[[[120.713962,24.15181],[120.714871,24.151421],[120.714833,24.15134],[120.714898,24.151307],[120.714869,24.151227],[120.714884,24.1512],[120.714881,24.151179],[120.714855,24.151165],[120.714853,24.151109],[120.714845,24.151081],[120.714818,24.151066],[120.714816,24.151012],[120.714608,24.150431],[120.714573,24.150371],[120.714581,24.150336],[120.714537,24.150273],[120.714541,24.150261],[120.714538,24.150227],[120.714527,24.150218],[120.714501,24.150214],[120.714478,24.150143],[120.7145,24.150135],[120.714468,24.150039],[120.713271,24.150399],[120.713486,24.150853],[120.713541,24.150839],[120.71387,24.151544],[120.713854,24.15155],[120.713889,24.151626],[120.713898,24.151622],[120.713924,24.151691],[120.713897,24.151701],[120.713947,24.151813],[120.713962,24.15181]]]}},{"type":"Feature","properties":{"id":"5f2c35984e7a","name":"國立臺中科技大學","level":"大專","basis":"both","data_ym":"202508"},"geometry":{"type":"Polygon","coordinates":[[[120.682722,24.149345],[120.682737,24.149389],[120.682703,24.149636],[120.682707,24.149681],[120.68218,24.149872],[120.682325,24.150221],[120.68258,24.150868],[120.681867,24.151115],[120.682089,24.151648],[120.682611,24.151449],[120.682595,24.151403],[120.682779,24.151333],[120.68309,24.15207],[120.68428,24.151647],[120.684051,24.151019],[120.684061,24.15098],[120.684091,24.150932],[120.684183,24.150823],[120.684367,24.150761],[120.68365,24.149024],[120.682722,24.149345]]]}},{"type":"Feature","properties":{"id":"eba2cf600e74","name":"臺中市立臺中第一高級中等學校","level":"高中職","basis":"name","data_ym":"201712"},"geometry":{"type":"Polygon","coordinates":[[[120.687744,24.151005],[120.687972,24.150929],[120.687128,24.148967],[120.68704,24.148941],[120.685273,24.14953],[120.685234,24.149612],[120.685761,24.150884],[120.685798,24.150962],[120.685809,24.150999],[120.686355,24.152297],[120.686381,24.152307],[120.686272,24.152047],[120.686336,24.152023],[120.686317,24.151977],[120.68655,24.151899],[120.686661,24.151829],[120.686607,24.151764],[120.686589,24.151722],[120.686768,24.151665],[120.687202,24.151516],[120.68786,24.151302],[120.687803,24.15115],[120.687777,24.151121],[120.687744,24.151005]]]}},{"type":"Feature","properties":{"id":"aa70021c7b96","name":"臺中市西區中正國民小學","level":"國小","basis":"both","data_ym":"202401"},"geometry":{"type":"Polygon","coordinates":[[[120.667545,24.15099],[120.667513,24.150977],[120.666054,24.150983],[120.66605,24.150977],[120.665964,24.150976],[120.665948,24.150984],[120.665469,24.150989],[120.665459,24.150993],[120.665454,24.151003],[120.665456,24.151314],[120.665473,24.151462],[120.665495,24.151518],[120.665579,24.151678],[120.665812,24.151921],[120.666376,24.152453],[120.666387,24.152461],[120.666452,24.152467],[120.666987,24.152102],[120.667956,24.151456],[120.667989,24.151421],[120.667993,24.151389],[120.667945,24.151329],[120.667627,24.151038],[120.667545,24.15099]]]}},{"type":"Feature","properties":{"id":"115ceaf67fb0","name":"臺中市立臺中特殊教育學校","level":"特殊","basis":"both","data_ym":"201712"},"geometry":{"type":"Polygon","coordinates":[[[120.642547,24.153511],[120.64254,24.151318],[120.642504,24.151283],[120.641875,24.15133],[120.641861,24.151347],[120.641854,24.151368],[120.641856,24.151407],[120.641628,24.1514],[120.641604,24.15135],[120.640924,24.151401],[120.64086,24.151459],[120.640871,24.153537],[120.640899,24.153556],[120.642528,24.153535],[120.642541,24.15353],[120.642547,24.153511]]]}},{"type":"Feature","properties":{"id":"7c1673b8599a","name":"臺中市立惠文高級中學","level":"高中職","basis":"both","data_ym":"202401"},"geometry":{"type":"Polygon","coordinates":[[[120.639155,24.151529],[120.639109,24.152619],[120.639062,24.153548],[120.639692,24.153567],[120.64045,24.153564],[120.640467,24.153551],[120.640468,24.152817],[120.64049,24.151531],[120.640474,24.151518],[120.640416,24.151502],[120.640383,24.151474],[120.639966,24.151467],[120.639155,24.151529]]]}},{"type":"Feature","properties":{"id":"e06338f46924","name":"臺中市南屯區惠文國民小學","level":"國小","basis":"both","data_ym":"202401"},"geometry":{"type":"Polygon","coordinates":[[[120.639059,24.153591],[120.639109,24.152619],[120.639155,24.151529],[120.638617,24.151575],[120.637503,24.151646],[120.637458,24.151655],[120.637449,24.151662],[120.637171,24.15309],[120.637098,24.153508],[120.638175,24.153576],[120.638797,24.153593],[120.639059,24.153591]]]}},{"type":"Feature","properties":{"id":"faaa9cdc29a0","name":"臺中市立臺中第二高級中等學校1","level":"高中職","basis":"name","data_ym":"202201"},"geometry":{"type":"Polygon","coordinates":[[[120.676602,24.15338],[120.676615,24.152698],[120.675475,24.152693],[120.675475,24.152862],[120.675526,24.15286],[120.675522,24.153093],[120.675523,24.153807],[120.675531,24.153821],[120.675555,24.153834],[120.675593,24.15384],[120.676186,24.153827],[120.676189,24.153756],[120.676297,24.153742],[120.676606,24.153715],[120.676609,24.153423],[120.676598,24.153421],[120.676602,24.15338]]]}},{"type":"Feature","properties":{"id":"15b844c21595","name":"臺中市立臺中第二高級中等學校","level":"高中職","basis":"name","data_ym":"202401"},"geometry":{"type":"Polygon","coordinates":[[[120.675341,24.153836],[120.675332,24.152966],[120.675353,24.152965],[120.675352,24.152889],[120.675346,24.152867],[120.675312,24.152831],[120.675311,24.152658],[120.675345,24.152635],[120.675345,24.15243],[120.675023,24.152433],[120.67465,24.152443],[120.67381,24.152446],[120.673812,24.153115],[120.673728,24.153114],[120.67373,24.15356],[120.673695,24.153577],[120.673696,24.153617],[120.673728,24.153617],[120.673728,24.153669],[120.673695,24.153668],[120.673694,24.15371],[120.673733,24.15371],[120.673733,24.153824],[120.673781,24.153829],[120.674066,24.153827],[120.674086,24.153839],[120.675341,24.153836]]]}},{"type":"Feature","properties":{"id":"3338c50ea6e5","name":"臺中市立雙十國民中學","level":"國中","basis":"both","data_ym":"201509"},"geometry":{"type":"Polygon","coordinates":[[[120.69057,24.152596],[120.69098,24.15355],[120.691123,24.153496],[120.69138,24.154124],[120.691401,24.154117],[120.691417,24.154156],[120.691396,24.154163],[120.691622,24.154719],[120.691704,24.154896],[120.692103,24.154756],[120.692109,24.154782],[120.692569,24.154605],[120.692557,24.15454],[120.692788,24.154456],[120.692701,24.153871],[120.692542,24.15286],[120.692404,24.151891],[120.692318,24.151873],[120.692251,24.151913],[120.691157,24.1523],[120.691192,24.152378],[120.69057,24.152596]]]}},{"type":"Feature","properties":{"id":"08cf18de3cf9","name":"臺中市太平區新平國民小學","level":"國小","basis":"both","data_ym":"201509"},"geometry":{"type":"Polygon","coordinates":[[[120.721526,24.154774],[120.720896,24.153847],[120.719556,24.154474],[120.720065,24.15525],[120.721526,24.154774]]]}},{"type":"Feature","properties":{"id":"7622e888ba82","name":"臺中市立大業國民中學","level":"國中","basis":"both","data_ym":"202401"},"geometry":{"type":"Polygon","coordinates":[[[120.653072,24.15479],[120.652904,24.154513],[120.652901,24.15378],[120.652889,24.153757],[120.652855,24.15373],[120.65272,24.153731],[120.652155,24.153722],[120.651516,24.153722],[120.651486,24.153725],[120.65148,24.153734],[120.651474,24.153767],[120.651479,24.153863],[120.651475,24.154271],[120.651488,24.154772],[120.651513,24.154837],[120.651676,24.155081],[120.651775,24.155202],[120.652157,24.154994],[120.652155,24.15499],[120.65219,24.15497],[120.652193,24.154974],[120.652241,24.154948],[120.652372,24.155155],[120.653072,24.15479]]]}},{"type":"Feature","properties":{"id":"511632d6de20","name":"臺中市大肚區大肚國民小學","level":"國小","basis":"both","data_ym":"201508"},"geometry":{"type":"Polygon","coordinates":[[[120.54692,24.154822],[120.547362,24.154691],[120.547416,24.154667],[120.547458,24.154508],[120.547582,24.154101],[120.547644,24.153929],[120.546716,24.153774],[120.546706,24.153754],[120.546461,24.153712],[120.545911,24.153608],[120.545847,24.153851],[120.545592,24.154195],[120.545585,24.154214],[120.545579,24.154328],[120.545573,24.154349],[120.545558,24.154368],[120.545533,24.154382],[120.545347,24.154362],[120.545282,24.154537],[120.545634,24.154663],[120.546023,24.154796],[120.546104,24.154809],[120.546281,24.154806],[120.54636,24.154876],[120.546384,24.154881],[120.546381,24.154904],[120.546397,24.154921],[120.546501,24.154956],[120.54692,24.154822]]]}},{"type":"Feature","properties":{"id":"df98a1ca9996","name":"臺中市立五權國民中學","level":"國中","basis":"both","data_ym":"202201"},"geometry":{"type":"Polygon","coordinates":[[[120.679164,24.154224],[120.679114,24.154145],[120.678294,24.154188],[120.677911,24.154222],[120.677921,24.155145],[120.677918,24.155594],[120.680265,24.155604],[120.680293,24.155568],[120.680356,24.15504],[120.68035,24.155031],[120.679433,24.154492],[120.679333,24.154412],[120.679236,24.15431],[120.679164,24.154224]]]}},{"type":"Feature","properties":{"id":"96ffdb3a8bdd","name":"臺中市北區篤行國民小學","level":"國小","basis":"both","data_ym":"201710"},"geometry":{"type":"Polygon","coordinates":[[[120.671872,24.153879],[120.671877,24.155065],[120.671872,24.1556],[120.672596,24.1556],[120.673507,24.155588],[120.673539,24.155581],[120.673555,24.155567],[120.673551,24.154618],[120.673539,24.154313],[120.673533,24.154293],[120.673496,24.154269],[120.673412,24.154256],[120.673303,24.154231],[120.673224,24.154191],[120.673141,24.15414],[120.673068,24.154065],[120.673,24.153952],[120.672964,24.153905],[120.67292,24.153883],[120.67288,24.153873],[120.671872,24.153879]]]}},{"type":"Feature","properties":{"id":"c0183f60a3bb","name":"臺中市南屯區東興國民小學","level":"國小","basis":"both","data_ym":"201710"},"geometry":{"type":"Polygon","coordinates":[[[120.653097,24.154777],[120.652372,24.155155],[120.652241,24.154948],[120.652193,24.154974],[120.65219,24.15497],[120.652155,24.15499],[120.652157,24.154994],[120.651775,24.155202],[120.651957,24.15547],[120.65208,24.155678],[120.652451,24.15624],[120.652524,24.156334],[120.652552,24.156336],[120.652579,24.156327],[120.652994,24.156093],[120.653092,24.156035],[120.65314,24.156033],[120.653678,24.155739],[120.653679,24.155725],[120.65363,24.155624],[120.653519,24.155432],[120.65335,24.155159],[120.653097,24.154777]]]}},{"type":"Feature","properties":{"id":"a2fb7cdf44a4","name":"臺中市私立育仁國民小學","level":"國小","basis":"both","data_ym":"202508"},"geometry":{"type":"Polygon","coordinates":[[[120.691041,24.156925],[120.691319,24.156878],[120.691356,24.156969],[120.69186,24.1568],[120.691786,24.156595],[120.691629,24.156201],[120.690529,24.156571],[120.690511,24.156608],[120.690585,24.156795],[120.690568,24.156801],[120.690604,24.156879],[120.690616,24.156875],[120.690676,24.157026],[120.690825,24.156978],[120.691041,24.156925]]]}},{"type":"Feature","properties":{"id":"6e7ed32c56e1","name":"臺中市太平區坪林國民小學坪廍分校","level":"大專","basis":"branch","data_ym":"202204"},"geometry":{"type":"Polygon","coordinates":[[[120.757002,24.156671],[120.756349,24.15647],[120.756289,24.156651],[120.756361,24.156676],[120.756292,24.157086],[120.756421,24.157127],[120.756503,24.157135],[120.756774,24.157142],[120.75698,24.15716],[120.757077,24.156838],[120.756994,24.156762],[120.757002,24.156671]]]}},{"type":"Feature","properties":{"id":"9806ee6c9b97","name":"臺中市新社區中和國民小學","level":"國小","basis":"both","data_ym":"201509"},"geometry":{"type":"Polygon","coordinates":[[[120.828364,24.156483],[120.828317,24.156446],[120.828256,24.156535],[120.828218,24.156565],[120.828217,24.156573],[120.828141,24.156627],[120.82808,24.156658],[120.827772,24.156865],[120.827682,24.156942],[120.827572,24.157083],[120.827484,24.157262],[120.827274,24.157493],[120.8275,24.1577],[120.827998,24.15739],[120.828589,24.157114],[120.828524,24.157006],[120.828543,24.156995],[120.828472,24.156891],[120.828516,24.156865],[120.828392,24.156704],[120.828553,24.156614],[120.828484,24.156521],[120.828436,24.156497],[120.828364,24.156483]]]}},{"type":"Feature","properties":{"id":"941615fcc95b","name":"臺中市立黎明國民中學","level":"國中","basis":"both","data_ym":"201710"},"geometry":{"type":"Polygon","coordinates":[[[120.633923,24.157521],[120.634047,24.157506],[120.634062,24.157498],[120.634078,24.157482],[120.634104,24.157325],[120.634148,24.156799],[120.634162,24.156307],[120.634162,24.156062],[120.633922,24.156053],[120.633601,24.156048],[120.633593,24.155837],[120.633587,24.155766],[120.631323,24.155688],[120.631104,24.15692],[120.632598,24.156923],[120.633547,24.156917],[120.633667,24.157323],[120.633691,24.157391],[120.633688,24.157392],[120.633725,24.157522],[120.633923,24.157521]]]}},{"type":"Feature","properties":{"id":"d6d98f93fc42","name":"臺中市立新光國民中學","level":"國中","basis":"both","data_ym":"202201"},"geometry":{"type":"Polygon","coordinates":[[[120.709359,24.158071],[120.709431,24.158063],[120.70949,24.158092],[120.710171,24.158029],[120.710143,24.157549],[120.7101,24.15747],[120.710062,24.157449],[120.710062,24.157431],[120.709939,24.157398],[120.709949,24.157374],[120.709348,24.157209],[120.708827,24.157325],[120.708766,24.157087],[120.708613,24.157151],[120.708489,24.157098],[120.708482,24.157045],[120.707625,24.156992],[120.707557,24.157073],[120.7075,24.157185],[120.707487,24.15725],[120.70749,24.157351],[120.707501,24.157413],[120.707524,24.157475],[120.707577,24.157544],[120.707721,24.157706],[120.707784,24.157801],[120.707884,24.158039],[120.70792,24.158174],[120.707942,24.158229],[120.708058,24.158223],[120.70927,24.158123],[120.709321,24.158103],[120.709359,24.158071]]]}},{"type":"Feature","properties":{"id":"abfb313c46e3","name":"臺中市南屯區黎明國民小學","level":"國小","basis":"both","data_ym":"201509"},"geometry":{"type":"Polygon","coordinates":[[[120.633971,24.157521],[120.633725,24.157522],[120.633688,24.157392],[120.633691,24.157391],[120.633667,24.157323],[120.633547,24.156917],[120.632598,24.156923],[120.631104,24.15692],[120.631012,24.157412],[120.630986,24.157576],[120.631019,24.157585],[120.631378,24.157909],[120.631627,24.158116],[120.632206,24.15808],[120.632683,24.158078],[120.63268,24.158114],[120.633482,24.158086],[120.634046,24.158035],[120.6341,24.157675],[120.634086,24.157658],[120.633969,24.157629],[120.633971,24.157521]]]}},{"type":"Feature","properties":{"id":"e9b5cb40740a","name":"臺中市私立新民高級中學","level":"高中職","basis":"both","data_ym":"201509"},"geometry":{"type":"Polygon","coordinates":[[[120.687809,24.158882],[120.687726,24.15867],[120.687731,24.158669],[120.687726,24.158656],[120.687764,24.158645],[120.687012,24.15684],[120.686837,24.156902],[120.686766,24.156919],[120.686704,24.156945],[120.68668,24.156891],[120.686667,24.156896],[120.686588,24.15667],[120.685853,24.156724],[120.685853,24.156739],[120.68585,24.156741],[120.685432,24.156779],[120.685311,24.157045],[120.685331,24.157064],[120.685528,24.157167],[120.685606,24.157223],[120.685635,24.157262],[120.685659,24.157306],[120.685675,24.157377],[120.685683,24.158918],[120.686964,24.158901],[120.687809,24.158882]]]}},{"type":"Feature","properties":{"id":"f32e735701c6","name":"臺中市私立華盛頓高級中學","level":"高中職","basis":"both","data_ym":"201509"},"geometry":{"type":"Polygon","coordinates":[[[120.745693,24.157788],[120.745693,24.15775],[120.745593,24.157401],[120.745447,24.157158],[120.745244,24.156593],[120.745083,24.156608],[120.744935,24.156661],[120.744803,24.156661],[120.744557,24.156726],[120.744428,24.156877],[120.744472,24.157105],[120.744478,24.157202],[120.744469,24.157293],[120.744393,24.15746],[120.744481,24.157705],[120.744591,24.157853],[120.744683,24.157785],[120.744734,24.157892],[120.744772,24.158052],[120.744802,24.158206],[120.744805,24.158239],[120.744799,24.158331],[120.744875,24.158336],[120.744881,24.159067],[120.744889,24.159088],[120.745084,24.159121],[120.745429,24.15923],[120.745468,24.159228],[120.745494,24.159213],[120.745579,24.159114],[120.745537,24.158815],[120.745559,24.158762],[120.745561,24.158688],[120.745563,24.158484],[120.745546,24.158194],[120.745586,24.158048],[120.745693,24.157788]]]}},{"type":"Feature","properties":{"id":"bbfadc9eefd6","name":"臺中市新社區大林國民小學","level":"國小","basis":"both","data_ym":"201509"},"geometry":{"type":"Polygon","coordinates":[[[120.864284,24.160041],[120.864491,24.159835],[120.864435,24.159749],[120.864598,24.159578],[120.864425,24.159377],[120.86453,24.159306],[120.864414,24.159161],[120.864105,24.159342],[120.864057,24.159276],[120.864003,24.159306],[120.864004,24.159314],[120.863984,24.159318],[120.863701,24.159478],[120.86369,24.159457],[120.863602,24.159509],[120.86368,24.159646],[120.863787,24.159815],[120.863851,24.159879],[120.863907,24.159886],[120.863971,24.159945],[120.864024,24.160001],[120.864048,24.159983],[120.864058,24.15999],[120.864142,24.159925],[120.864284,24.160041]]]}},{"type":"Feature","properties":{"id":"c6dd1460468c","name":"臺中市西區忠明國民小學","level":"國小","basis":"both","data_ym":"201509"},"geometry":{"type":"Polygon","coordinates":[[[120.659627,24.159761],[120.660791,24.159157],[120.660508,24.158714],[120.660521,24.158707],[120.660502,24.158679],[120.660489,24.158686],[120.660415,24.158569],[120.660424,24.158564],[120.660406,24.158537],[120.660397,24.158542],[120.659932,24.157816],[120.659832,24.157819],[120.659708,24.157817],[120.659556,24.157808],[120.659401,24.157772],[120.659245,24.157715],[120.659208,24.157715],[120.658602,24.158054],[120.65869,24.158226],[120.658553,24.158306],[120.65857,24.158337],[120.658384,24.158443],[120.658583,24.158598],[120.658642,24.158655],[120.658676,24.158678],[120.658824,24.158898],[120.65896,24.158826],[120.65943,24.159512],[120.659449,24.159502],[120.659627,24.159761]]]}},{"type":"Feature","properties":{"id":"48479ad11cbb","name":"臺中市立忠明高級中學","level":"高中職","basis":"both","data_ym":"202401"},"geometry":{"type":"Polygon","coordinates":[[[120.664462,24.158617],[120.664331,24.158477],[120.664297,24.158496],[120.664231,24.158403],[120.664064,24.158192],[120.664087,24.158125],[120.663882,24.157825],[120.663879,24.157822],[120.663815,24.157836],[120.663773,24.157835],[120.663721,24.157812],[120.663695,24.157783],[120.663194,24.158051],[120.6624,24.158495],[120.662366,24.158522],[120.662665,24.159016],[120.663101,24.159656],[120.663381,24.16009],[120.663393,24.160093],[120.663415,24.160089],[120.663516,24.160048],[120.664091,24.159718],[120.665125,24.159162],[120.665131,24.159074],[120.66495,24.158981],[120.664824,24.1589],[120.664613,24.158748],[120.664462,24.158617]]]}},{"type":"Feature","properties":{"id":"61e4c4495a37","name":"臺中市北區省三國民小學","level":"國小","basis":"both","data_ym":"201710"},"geometry":{"type":"Polygon","coordinates":[[[120.684845,24.159293],[120.684757,24.159197],[120.684728,24.159189],[120.683244,24.159207],[120.683235,24.159168],[120.683204,24.159169],[120.683159,24.159207],[120.683308,24.159577],[120.683355,24.159626],[120.683378,24.159638],[120.683441,24.159642],[120.683765,24.159644],[120.68377,24.160154],[120.683767,24.16019],[120.683793,24.160204],[120.683844,24.160212],[120.684733,24.1602],[120.684766,24.16019],[120.684837,24.160137],[120.684874,24.160083],[120.684874,24.159759],[120.684852,24.159713],[120.684863,24.159335],[120.684845,24.159293]]]}},{"type":"Feature","properties":{"id":"755183c34baf","name":"臺中市大肚區瑞井國民小學","level":"國小","basis":"both","data_ym":"201710"},"geometry":{"type":"Polygon","coordinates":[[[120.565368,24.160028],[120.565596,24.160019],[120.565674,24.160026],[120.56568,24.159994],[120.565861,24.159881],[120.566158,24.159878],[120.56628,24.15986],[120.567588,24.159472],[120.567802,24.159404],[120.567857,24.159378],[120.568274,24.159052],[120.568216,24.15899],[120.568173,24.158938],[120.567851,24.159077],[120.567829,24.159043],[120.567685,24.158334],[120.567608,24.158333],[120.567439,24.158364],[120.567324,24.158372],[120.567227,24.158351],[120.567139,24.15829],[120.567096,24.15828],[120.56705,24.158277],[120.566973,24.1583],[120.566873,24.158345],[120.566795,24.158373],[120.566627,24.158396],[120.566566,24.158417],[120.566426,24.158482],[120.566057,24.158584],[120.565965,24.158617],[120.565894,24.158659],[120.565853,24.158698],[120.565836,24.158751],[120.565926,24.159603],[120.565881,24.159632],[120.565873,24.159661],[120.565779,24.159728],[120.56578,24.159807],[120.565582,24.159825],[120.565547,24.159837],[120.565496,24.159863],[120.565454,24.159902],[120.565397,24.159979],[120.565368,24.160028]]]}},{"type":"Feature","properties":{"id":"2d32ce6c6de9","name":"臺中市北區健行國民小學","level":"國小","basis":"both","data_ym":"202201"},"geometry":{"type":"Polygon","coordinates":[[[120.67382,24.159336],[120.673814,24.159331],[120.673757,24.159332],[120.673751,24.159336],[120.672636,24.159331],[120.672285,24.159333],[120.672223,24.159334],[120.672201,24.159339],[120.672163,24.159392],[120.672154,24.160287],[120.672194,24.160332],[120.672219,24.160346],[120.672248,24.160347],[120.674576,24.160352],[120.674573,24.159341],[120.67382,24.159336]]]}},{"type":"Feature","properties":{"id":"4b7b21707467","name":"臺中市太平區新光國民小學","level":"國小","basis":"both","data_ym":"202201"},"geometry":{"type":"Polygon","coordinates":[[[120.707028,24.161111],[120.707103,24.161105],[120.707161,24.161106],[120.70723,24.161047],[120.707308,24.161023],[120.707232,24.159761],[120.707329,24.15961],[120.707258,24.159497],[120.707064,24.159511],[120.707069,24.159482],[120.707065,24.159476],[120.707045,24.159474],[120.706926,24.159483],[120.706889,24.159503],[120.706855,24.159507],[120.706798,24.159531],[120.705996,24.15959],[120.706004,24.159618],[120.705936,24.15969],[120.705906,24.159688],[120.705919,24.160012],[120.705965,24.160012],[120.705975,24.160233],[120.705912,24.160278],[120.705941,24.161109],[120.705957,24.161121],[120.707028,24.161111]]]}},{"type":"Feature","properties":{"id":"757a69e04924","name":"臺中市立漢口國民中學","level":"國中","basis":"both","data_ym":"201308"},"geometry":{"type":"Polygon","coordinates":[[[120.658647,24.161819],[120.657754,24.160451],[120.65773,24.160454],[120.656744,24.161008],[120.657257,24.162536],[120.657307,24.16255],[120.658647,24.161819]]]}},{"type":"Feature","properties":{"id":"9ee16306d0a3","name":"臺中市新社區福民國民小學","level":"國小","basis":"both","data_ym":"201308"},"geometry":{"type":"Polygon","coordinates":[[[120.8813,24.163248],[120.88095,24.162975],[120.880716,24.163126],[120.880184,24.163696],[120.880347,24.163834],[120.880607,24.164013],[120.88083,24.164128],[120.881197,24.164021],[120.881749,24.163851],[120.881858,24.163792],[120.882048,24.163643],[120.881824,24.163541],[120.881639,24.163447],[120.8813,24.163248]]]}},{"type":"Feature","properties":{"id":"f24245f0dfff","name":"臺中市西屯區何厝國民小學","level":"國小","basis":"both","data_ym":"201509"},"geometry":{"type":"Polygon","coordinates":[[[120.654611,24.163691],[120.653896,24.162613],[120.653022,24.163119],[120.653706,24.164197],[120.6546,24.163735],[120.654611,24.163691]]]}},{"type":"Feature","properties":{"id":"7ec977b69e06","name":"臺中市北屯區北屯國民小學","level":"國小","basis":"both","data_ym":"202201"},"geometry":{"type":"Polygon","coordinates":[[[120.692496,24.163838],[120.693078,24.163837],[120.692567,24.163134],[120.692521,24.16305],[120.692417,24.162783],[120.69241,24.16277],[120.69234,24.162694],[120.692193,24.162767],[120.691871,24.162911],[120.691724,24.162967],[120.691542,24.163027],[120.69133,24.163071],[120.691143,24.163096],[120.690997,24.163106],[120.690803,24.163109],[120.690806,24.163407],[120.690815,24.16347],[120.690815,24.163767],[120.690826,24.164137],[120.690825,24.164353],[120.692503,24.164326],[120.692496,24.163838]]]}},{"type":"Feature","properties":{"id":"2bfbccc30216","name":"臺中市大肚區山陽國民小學","level":"國小","basis":"both","data_ym":"202404"},"geometry":{"type":"Polygon","coordinates":[[[120.545075,24.163206],[120.544269,24.163161],[120.544161,24.164124],[120.544192,24.164139],[120.54452,24.164156],[120.544943,24.16417],[120.545088,24.16418],[120.545411,24.164227],[120.545664,24.163242],[120.545074,24.163209],[120.545075,24.163206]]]}},{"type":"Feature","properties":{"id":"6efe7c5a9edd","name":"臺中市西屯區惠來國民小學","level":"國小","basis":"both","data_ym":"201308"},"geometry":{"type":"Polygon","coordinates":[[[120.649164,24.165683],[120.650157,24.165145],[120.650175,24.165098],[120.649631,24.164344],[120.64851,24.164974],[120.648697,24.165279],[120.648917,24.165654],[120.649076,24.165614],[120.649118,24.165613],[120.649164,24.165683]]]}},{"type":"Feature","properties":{"id":"e8bb81637d0f","name":"臺中市北區中華國民小學","level":"國小","basis":"both","data_ym":"202401"},"geometry":{"type":"Polygon","coordinates":[[[120.666513,24.166663],[120.666504,24.166631],[120.666453,24.166591],[120.666463,24.166506],[120.666482,24.166504],[120.666407,24.166215],[120.6664,24.166127],[120.666396,24.165917],[120.666356,24.165835],[120.666297,24.165579],[120.666247,24.165315],[120.666239,24.165315],[120.666238,24.165267],[120.666225,24.165269],[120.666217,24.16522],[120.665579,24.165224],[120.6654,24.165214],[120.665278,24.1652],[120.665132,24.16519],[120.665102,24.165209],[120.665097,24.165231],[120.665099,24.165263],[120.665175,24.165498],[120.665696,24.166564],[120.665753,24.166645],[120.665776,24.166648],[120.66579,24.166656],[120.666503,24.166675],[120.666513,24.166663]]]}},{"type":"Feature","properties":{"id":"8df463992ac9","name":"臺中市北區賴厝國民小學","level":"國小","basis":"both","data_ym":"201509"},"geometry":{"type":"Polygon","coordinates":[[[120.678646,24.166937],[120.678646,24.166904],[120.679248,24.166894],[120.679195,24.165498],[120.677576,24.165525],[120.677547,24.165534],[120.677519,24.165553],[120.677506,24.165579],[120.677508,24.165643],[120.677555,24.165784],[120.677658,24.165998],[120.677717,24.166086],[120.678355,24.166909],[120.678599,24.166905],[120.6786,24.166939],[120.678646,24.166937]]]}},{"type":"Feature","properties":{"id":"2799a248c7d1","name":"臺中市立東山高級中學","level":"高中職","basis":"both","data_ym":"201509"},"geometry":{"type":"Polygon","coordinates":[[[120.713315,24.167084],[120.713493,24.166456],[120.713502,24.166456],[120.713524,24.166379],[120.713515,24.166378],[120.713538,24.166297],[120.713661,24.165899],[120.713738,24.16563],[120.712987,24.165633],[120.712994,24.165343],[120.712989,24.164742],[120.712946,24.164706],[120.712771,24.164728],[120.712089,24.164792],[120.712065,24.164832],[120.712061,24.164878],[120.712067,24.165315],[120.712088,24.166139],[120.712102,24.166185],[120.712103,24.166309],[120.712133,24.166309],[120.712141,24.166335],[120.712153,24.166458],[120.712156,24.166538],[120.712088,24.166596],[120.712104,24.167065],[120.71211,24.167078],[120.712147,24.167086],[120.712792,24.167092],[120.713306,24.16709],[120.713315,24.167084]]]}},{"type":"Feature","properties":{"id":"94dddf784d06","name":"臺中市西屯區大仁國民小學","level":"國小","basis":"both","data_ym":"202401"},"geometry":{"type":"Polygon","coordinates":[[[120.659495,24.166939],[120.65945,24.166914],[120.659451,24.166912],[120.658792,24.166554],[120.658767,24.166566],[120.658575,24.166786],[120.658168,24.167273],[120.65816,24.167313],[120.658134,24.167319],[120.658035,24.167486],[120.657979,24.16749],[120.65776,24.167751],[120.657762,24.167783],[120.658661,24.168252],[120.658861,24.167931],[120.658824,24.167911],[120.658857,24.167857],[120.658841,24.167852],[120.659037,24.167539],[120.659097,24.167448],[120.659155,24.167476],[120.659495,24.166939]]]}},{"type":"Feature","properties":{"id":"38c2d2d4d2a7","name":"臺中市立三光國民中學","level":"國中","basis":"both","data_ym":"201509"},"geometry":{"type":"Polygon","coordinates":[[[120.698803,24.167821],[120.698129,24.166802],[120.69702,24.167398],[120.696988,24.167427],[120.696984,24.167458],[120.697378,24.168099],[120.697649,24.168521],[120.697668,24.168533],[120.697707,24.168534],[120.698794,24.167869],[120.698803,24.167821]]]}},{"type":"Feature","properties":{"id":"be4eedc3364b","name":"臺中市北屯區逢甲國民小學","level":"國小","basis":"both","data_ym":"202401"},"geometry":{"type":"Polygon","coordinates":[[[120.759163,24.168749],[120.759218,24.168739],[120.759308,24.168794],[120.759398,24.168607],[120.759525,24.168636],[120.759536,24.168634],[120.759665,24.168287],[120.759699,24.168269],[120.759781,24.168127],[120.759821,24.168107],[120.759834,24.168061],[120.759742,24.168038],[120.759028,24.167787],[120.758957,24.167913],[120.758622,24.167839],[120.758601,24.167907],[120.758632,24.168001],[120.758718,24.168048],[120.758735,24.168148],[120.758861,24.16844],[120.758892,24.168619],[120.758884,24.168675],[120.758887,24.168701],[120.758903,24.168736],[120.758938,24.168777],[120.75897,24.1688],[120.759037,24.168826],[120.759085,24.168833],[120.759163,24.168749]]]}},{"type":"Feature","properties":{"id":"22a7712d85c2","name":"臺中市北屯區文昌國民小學","level":"國小","basis":"both","data_ym":"201509"},"geometry":{"type":"Polygon","coordinates":[[[120.692066,24.167575],[120.691382,24.167036],[120.690861,24.167583],[120.690859,24.167614],[120.691431,24.168358],[120.692159,24.168872],[120.692703,24.168122],[120.692066,24.167575]]]}},{"type":"Feature","properties":{"id":"23eb57c64497","name":"臺中市私立曉明女子高級中學","level":"高中職","basis":"name","data_ym":"202401"},"geometry":{"type":"Polygon","coordinates":[[[120.675562,24.16826],[120.675116,24.167081],[120.675087,24.16705],[120.674095,24.167019],[120.674092,24.167128],[120.674098,24.167128],[120.674092,24.167149],[120.67409,24.167228],[120.673539,24.167225],[120.673523,24.167243],[120.673441,24.167498],[120.673384,24.16751],[120.673367,24.167507],[120.673277,24.167529],[120.673359,24.167844],[120.673355,24.167847],[120.673288,24.167828],[120.673284,24.16783],[120.673126,24.167789],[120.673035,24.168063],[120.673403,24.168137],[120.673692,24.168962],[120.67426,24.168787],[120.674722,24.168633],[120.67481,24.168622],[120.675043,24.168621],[120.67554,24.168609],[120.675578,24.168574],[120.67557,24.168316],[120.675562,24.16826]]]}},{"type":"Feature","properties":{"id":"a79572da4cb8","name":"臺中市立中山國民中學","level":"國中","basis":"both","data_ym":"202401"},"geometry":{"type":"Polygon","coordinates":[[[120.659495,24.166939],[120.659155,24.167476],[120.659097,24.167448],[120.659037,24.167539],[120.658841,24.167852],[120.658857,24.167857],[120.658824,24.167911],[120.658861,24.167931],[120.658661,24.168252],[120.658923,24.168383],[120.6596,24.168741],[120.659737,24.168805],[120.659996,24.168938],[120.660093,24.16878],[120.660087,24.168774],[120.660253,24.168482],[120.660239,24.168474],[120.660281,24.168399],[120.660329,24.16837],[120.660741,24.167601],[120.659495,24.166939]]]}},{"type":"Feature","properties":{"id":"ddbc296a3cfd","name":"臺中市大肚區瑞峰國民小學","level":"國小","basis":"both","data_ym":"202201"},"geometry":{"type":"Polygon","coordinates":[[[120.573986,24.168932],[120.574323,24.168898],[120.574294,24.168461],[120.574281,24.168344],[120.574254,24.168197],[120.573456,24.168298],[120.573419,24.168354],[120.573533,24.168762],[120.573593,24.168911],[120.573747,24.168904],[120.573984,24.168912],[120.573986,24.168932]]]}},{"type":"Feature","properties":{"id":"f0862a48e847","name":"臺中市西屯區長安國民小學","level":"國小","basis":"both","data_ym":"202201"},"geometry":{"type":"Polygon","coordinates":[[[120.654213,24.168987],[120.654188,24.168931],[120.654171,24.168938],[120.65412,24.168825],[120.653725,24.168501],[120.653706,24.168503],[120.653166,24.169037],[120.653029,24.169182],[120.652647,24.169548],[120.652656,24.169612],[120.65275,24.169685],[120.654155,24.169714],[120.654191,24.169675],[120.65424,24.169112],[120.654236,24.169075],[120.654195,24.168994],[120.654213,24.168987]]]}},{"type":"Feature","properties":{"id":"4bec74b135b9","name":"臺中美國學校","level":"其他","basis":"none","data_ym":"202201"},"geometry":{"type":"Polygon","coordinates":[[[120.745478,24.169844],[120.745522,24.169827],[120.745571,24.169828],[120.745704,24.169842],[120.745294,24.169234],[120.745217,24.169197],[120.745133,24.169163],[120.744907,24.169111],[120.744854,24.169092],[120.74481,24.169059],[120.74478,24.168988],[120.744739,24.168959],[120.744674,24.168897],[120.744513,24.168731],[120.744332,24.168629],[120.744236,24.168625],[120.744159,24.168657],[120.744033,24.168756],[120.743569,24.16838],[120.743496,24.168413],[120.743432,24.168494],[120.743411,24.168763],[120.743462,24.168911],[120.74355,24.169077],[120.743625,24.169155],[120.743619,24.16928],[120.743776,24.169336],[120.74363,24.169566],[120.743632,24.169762],[120.743668,24.169773],[120.743684,24.169789],[120.743774,24.169899],[120.744136,24.169845],[120.744331,24.169784],[120.744377,24.169757],[120.7444,24.169734],[120.744427,24.16967],[120.744571,24.169804],[120.744589,24.169798],[120.744651,24.169815],[120.744775,24.169883],[120.744891,24.169974],[120.744932,24.169958],[120.745011,24.169942],[120.745052,24.169927],[120.745107,24.169898],[120.745137,24.169856],[120.745149,24.169798],[120.745139,24.169747],[120.745023,24.169553],[120.744988,24.169529],[120.744951,24.169517],[120.744911,24.169523],[120.744677,24.16965],[120.744643,24.169595],[120.744879,24.169485],[120.744929,24.169478],[120.74499,24.169476],[120.745024,24.16949],[120.745083,24.169531],[120.745201,24.169727],[120.745217,24.169792],[120.745205,24.169861],[120.745157,24.169937],[120.745083,24.169989],[120.744963,24.170039],[120.745004,24.170092],[120.74519,24.170264],[120.745225,24.170301],[120.74533,24.170333],[120.745365,24.170323],[120.745391,24.170302],[120.745416,24.170267],[120.745434,24.170223],[120.745458,24.170112],[120.74546,24.169969],[120.74545,24.169887],[120.745462,24.169859],[120.745478,24.169844]]]}},{"type":"Feature","properties":{"id":"1694cfcaf43c","name":"臺中市北屯區四維國民小學","level":"國小","basis":"both","data_ym":"201509"},"geometry":{"type":"Polygon","coordinates":[[[120.696254,24.170078],[120.696223,24.170059],[120.694758,24.170228],[120.694727,24.170266],[120.69481,24.170861],[120.696255,24.170691],[120.696406,24.170664],[120.696502,24.17064],[120.696254,24.170078]]]}},{"type":"Feature","properties":{"id":"abe9f441dca2","name":"臺中市西屯區重慶國民小學","level":"國小","basis":"both","data_ym":"202201"},"geometry":{"type":"Polygon","coordinates":[[[120.664576,24.170847],[120.664871,24.169951],[120.664865,24.169918],[120.663604,24.169673],[120.663177,24.17048],[120.663179,24.17049],[120.663201,24.1705],[120.663911,24.170686],[120.66391,24.17069],[120.663979,24.170704],[120.664555,24.170855],[120.664576,24.170847]]]}},{"type":"Feature","properties":{"id":"55a57b95d24f","name":"臺中市私立葳格國際學校小學部西屯校區","level":"大專","basis":"branch","data_ym":"202401"},"geometry":{"type":"Polygon","coordinates":[[[120.65358,24.171207],[120.653814,24.171157],[120.653908,24.171169],[120.654114,24.171184],[120.654167,24.170409],[120.654199,24.170069],[120.654085,24.170061],[120.654086,24.170035],[120.654004,24.170031],[120.654007,24.169958],[120.653932,24.169928],[120.653828,24.169951],[120.653767,24.170014],[120.653759,24.170027],[120.65375,24.170027],[120.653749,24.170045],[120.6537,24.170054],[120.653636,24.17008],[120.653063,24.170066],[120.653075,24.169796],[120.652706,24.169792],[120.652686,24.170142],[120.652401,24.170158],[120.652403,24.170236],[120.652447,24.170307],[120.652544,24.170577],[120.652603,24.170554],[120.652609,24.170565],[120.652673,24.17054],[120.652667,24.170529],[120.652808,24.170474],[120.653182,24.171159],[120.653279,24.171156],[120.653287,24.171223],[120.65358,24.171207]]]}},{"type":"Feature","properties":{"id":"982880cefb3d","name":"臺中市立文華高級中等學校","level":"高中職","basis":"both","data_ym":"202201"},"geometry":{"type":"Polygon","coordinates":[[[120.660526,24.169469],[120.660526,24.169465],[120.660518,24.169465],[120.66045,24.169429],[120.66045,24.169424],[120.660443,24.169424],[120.660377,24.169389],[120.660376,24.169379],[120.66036,24.16938],[120.660197,24.169287],[120.660195,24.16929],[120.660156,24.169269],[120.659931,24.169641],[120.659288,24.170816],[120.659288,24.170829],[120.659946,24.171031],[120.660122,24.171092],[120.660942,24.171351],[120.661114,24.171399],[120.661343,24.17097],[120.661401,24.17087],[120.661596,24.170511],[120.661593,24.17051],[120.661791,24.170153],[120.661776,24.170145],[120.661777,24.170142],[120.660526,24.169469]]]}},{"type":"Feature","properties":{"id":"b895f3da747f","name":"臺中市和平區和平國民小學","level":"國小","basis":"both","data_ym":"201609"},"geometry":{"type":"Polygon","coordinates":[[[120.896054,24.17076],[120.895987,24.170576],[120.895975,24.170556],[120.89588,24.170473],[120.895859,24.170471],[120.895749,24.170503],[120.895704,24.170538],[120.89566,24.170582],[120.895625,24.170603],[120.895492,24.170614],[120.895312,24.170606],[120.895096,24.170585],[120.89506,24.170592],[120.894829,24.17075],[120.8945,24.170892],[120.894469,24.170913],[120.89445,24.170943],[120.894447,24.170983],[120.894461,24.171018],[120.894596,24.17117],[120.894927,24.171523],[120.895181,24.171786],[120.895195,24.171797],[120.895231,24.171793],[120.895279,24.171749],[120.895684,24.171238],[120.895678,24.171203],[120.895754,24.171108],[120.895791,24.171104],[120.895957,24.170897],[120.896034,24.170774],[120.896054,24.17076]]]}},{"type":"Feature","properties":{"id":"3a04a0d34eca","name":"臺中市立立人國民中學","level":"國中","basis":"both","data_ym":"201509"},"geometry":{"type":"Polygon","coordinates":[[[120.671086,24.170175],[120.669577,24.170145],[120.669531,24.170185],[120.6695,24.17153],[120.669521,24.171556],[120.670659,24.171555],[120.670729,24.171323],[120.670761,24.171199],[120.670903,24.170771],[120.670991,24.170467],[120.671086,24.170175]]]}},{"type":"Feature","properties":{"id":"f3917ae31f0b","name":"臺中市北區立人國民小學","level":"國小","basis":"both","data_ym":"202201"},"geometry":{"type":"Polygon","coordinates":[[[120.668923,24.171554],[120.669345,24.171556],[120.669362,24.171538],[120.669365,24.1714],[120.669362,24.170139],[120.668431,24.170133],[120.668383,24.170179],[120.668371,24.171526],[120.668403,24.171551],[120.668729,24.171558],[120.668923,24.171554]]]}},{"type":"Feature","properties":{"id":"bf229b8a370f","name":"臺中市西屯區協和國民小學","level":"國小","basis":"both","data_ym":"202401"},"geometry":{"type":"Polygon","coordinates":[[[120.620333,24.170916],[120.620025,24.170302],[120.620002,24.170309],[120.619902,24.170109],[120.619924,24.170096],[120.619592,24.169418],[120.61942,24.169498],[120.618499,24.169887],[120.618417,24.169996],[120.618416,24.170053],[120.618392,24.170088],[120.618379,24.17009],[120.618366,24.17011],[120.61903,24.171468],[120.619957,24.171072],[120.620202,24.170975],[120.620333,24.170916]]]}},{"type":"Feature","properties":{"id":"4643a54be96f","name":"臺中市北屯區東光國民小學","level":"國小","basis":"both","data_ym":"202201"},"geometry":{"type":"Polygon","coordinates":[[[120.702365,24.172653],[120.702349,24.171193],[120.701767,24.171241],[120.701429,24.17126],[120.701269,24.171264],[120.701227,24.171315],[120.70134,24.172117],[120.701433,24.172645],[120.701436,24.172647],[120.70175,24.172615],[120.701755,24.172647],[120.702365,24.172653]]]}},{"type":"Feature","properties":{"id":"d0db9f45ffbf","name":"臺中市西屯區上安國民小學","level":"國小","basis":"both","data_ym":"201509"},"geometry":{"type":"Polygon","coordinates":[[[120.639361,24.171845],[120.639341,24.171845],[120.638573,24.172422],[120.63857,24.172444],[120.63929,24.173362],[120.640161,24.17273],[120.640165,24.172698],[120.639361,24.171845]]]}},{"type":"Feature","properties":{"id":"f2980b3b8beb","name":"臺中市北屯區文心國民小學","level":"國小","basis":"both","data_ym":"202201"},"geometry":{"type":"Polygon","coordinates":[[[120.683386,24.172593],[120.68337,24.172584],[120.683056,24.172625],[120.681843,24.172797],[120.681925,24.173666],[120.683056,24.173542],[120.683444,24.173514],[120.683407,24.172916],[120.683414,24.172915],[120.683401,24.172835],[120.683386,24.172593]]]}},{"type":"Feature","properties":{"id":"50e2c46d6c0a","name":"臺中市西屯區上石國民小學","level":"國小","basis":"both","data_ym":"201308"},"geometry":{"type":"Polygon","coordinates":[[[120.64459,24.172382],[120.644168,24.171929],[120.64311,24.172652],[120.643101,24.172663],[120.642967,24.173622],[120.642998,24.173651],[120.643685,24.173798],[120.643704,24.173786],[120.643782,24.173477],[120.643841,24.173199],[120.643997,24.172966],[120.644077,24.172862],[120.64459,24.172382]]]}},{"type":"Feature","properties":{"id":"8a0b08b11448","name":"臺中市北屯區軍功國民小學","level":"國小","basis":"both","data_ym":"202201"},"geometry":{"type":"Polygon","coordinates":[[[120.720635,24.173944],[120.720638,24.172731],[120.719691,24.172756],[120.71969,24.172795],[120.719353,24.172792],[120.719353,24.172763],[120.719069,24.172765],[120.719027,24.172768],[120.719093,24.17394],[120.720598,24.17396],[120.720635,24.173944]]]}},{"type":"Feature","properties":{"id":"74d870153535","name":"臺中市立安和國民中學","level":"國中","basis":"both","data_ym":"202401"},"geometry":{"type":"Polygon","coordinates":[[[120.616445,24.171431],[120.61638,24.171407],[120.616275,24.171408],[120.616192,24.171414],[120.61605,24.171477],[120.615598,24.171805],[120.615241,24.172073],[120.615599,24.174365],[120.615634,24.174386],[120.615866,24.174353],[120.616186,24.174255],[120.616627,24.174111],[120.616613,24.174076],[120.616691,24.174055],[120.616814,24.174009],[120.617337,24.173851],[120.617533,24.173804],[120.617707,24.173751],[120.617148,24.172791],[120.61663,24.171743],[120.616496,24.171489],[120.616445,24.171431]]]}},{"type":"Feature","properties":{"id":"e433966861c5","name":"臺中市立至善國民中學","level":"國中","basis":"both","data_ym":"202401"},"geometry":{"type":"Polygon","coordinates":[[[120.641081,24.173721],[120.641059,24.173711],[120.641054,24.173712],[120.639719,24.174649],[120.639722,24.174673],[120.640546,24.175711],[120.641897,24.174751],[120.641904,24.174737],[120.641904,24.174725],[120.641893,24.17471],[120.641081,24.173721]]]}},{"type":"Feature","properties":{"id":"ad4f6708ec86","name":"臺中市立崇德國民中學","level":"國中","basis":"both","data_ym":"201710"},"geometry":{"type":"Polygon","coordinates":[[[120.685477,24.174645],[120.685463,24.17464],[120.684271,24.174774],[120.683758,24.174817],[120.683744,24.174825],[120.683717,24.174867],[120.683761,24.17537],[120.683802,24.175919],[120.683813,24.175939],[120.683837,24.175951],[120.683939,24.17593],[120.6849,24.175788],[120.685555,24.175679],[120.685589,24.175651],[120.685477,24.174645]]]}},{"type":"Feature","properties":{"id":"cc6207fcc43d","name":"臺中市私立慎齋小學","level":"國小","basis":"moe","data_ym":"201308"},"geometry":{"type":"Polygon","coordinates":[[[120.677501,24.175517],[120.677451,24.175487],[120.676683,24.175575],[120.676642,24.17562],[120.676736,24.17608],[120.676789,24.1761],[120.677568,24.176034],[120.677595,24.176004],[120.677501,24.175517]]]}},{"type":"Feature","properties":{"id":"e7082a28d470","name":"臺中市北屯區建功國民小學","level":"國小","basis":"both","data_ym":"201509"},"geometry":{"type":"Polygon","coordinates":[[[120.71623,24.176954],[120.716732,24.176064],[120.716289,24.175855],[120.715862,24.175663],[120.71561,24.175543],[120.715623,24.175516],[120.715555,24.175476],[120.715481,24.175422],[120.715338,24.175268],[120.715287,24.175285],[120.715146,24.176381],[120.715143,24.176425],[120.715156,24.176601],[120.715181,24.176609],[120.715431,24.17661],[120.71623,24.176954]]]}},{"type":"Feature","properties":{"id":"1ee9c86abf06","name":"臺中市和平區德芙蘭國民小學","level":"國小","basis":"both","data_ym":"202401"},"geometry":{"type":"Polygon","coordinates":[[[120.979939,24.177461],[120.979583,24.176767],[120.979542,24.176709],[120.979445,24.176626],[120.979318,24.176546],[120.979278,24.176578],[120.979085,24.176779],[120.979021,24.176827],[120.979003,24.176833],[120.978948,24.176833],[120.978663,24.176792],[120.978555,24.176787],[120.978425,24.176768],[120.978353,24.176857],[120.978464,24.176951],[120.978413,24.177003],[120.978744,24.177226],[120.9792,24.177619],[120.979279,24.177708],[120.979322,24.177728],[120.979344,24.177731],[120.979676,24.177626],[120.979939,24.177461]]]}},{"type":"Feature","properties":{"id":"a6b1bee61bca","name":"臺中市私立明道普霖斯頓國民小學","level":"國小","basis":"name","data_ym":"202508"},"geometry":{"type":"Polygon","coordinates":[[[120.685018,24.177424],[120.684955,24.176625],[120.684938,24.176611],[120.684524,24.176663],[120.684524,24.176655],[120.684477,24.176658],[120.684479,24.176671],[120.683854,24.176752],[120.683837,24.176773],[120.683857,24.177077],[120.683851,24.177077],[120.683854,24.17715],[120.683862,24.17715],[120.683889,24.177546],[120.683908,24.177564],[120.685001,24.17745],[120.685018,24.177424]]]}},{"type":"Feature","properties":{"id":"0aef64f67dbc","name":"臺中市西屯區大鵬國民小學","level":"國小","basis":"both","data_ym":"202401"},"geometry":{"type":"Polygon","coordinates":[[[120.665423,24.178041],[120.665449,24.178009],[120.665954,24.178026],[120.665959,24.177699],[120.665968,24.177532],[120.665996,24.177392],[120.666014,24.177332],[120.666013,24.177311],[120.66599,24.177255],[120.665971,24.177166],[120.665904,24.176607],[120.665859,24.17661],[120.665275,24.176585],[120.665115,24.176571],[120.665115,24.176562],[120.665098,24.176563],[120.6651,24.176534],[120.664814,24.176562],[120.664819,24.176759],[120.664819,24.176957],[120.664834,24.176956],[120.66484,24.17718],[120.664816,24.177189],[120.664838,24.177924],[120.664861,24.177939],[120.664874,24.17796],[120.664876,24.177982],[120.664865,24.178015],[120.665411,24.178044],[120.665423,24.178041]]]}},{"type":"Feature","properties":{"id":"5ef5bfa51006","name":"臺中市北屯區僑孝國民小學","level":"國小","basis":"both","data_ym":"202201"},"geometry":{"type":"Polygon","coordinates":[[[120.698552,24.177605],[120.698231,24.177734],[120.698252,24.177814],[120.698256,24.177813],[120.698308,24.177974],[120.698358,24.178086],[120.69856,24.178009],[120.698601,24.178094],[120.698726,24.178387],[120.699065,24.178262],[120.699116,24.178376],[120.699604,24.178216],[120.699561,24.178113],[120.699795,24.178026],[120.700017,24.177932],[120.699685,24.177177],[120.699209,24.177358],[120.698919,24.177477],[120.698821,24.177505],[120.698552,24.177605]]]}},{"type":"Feature","properties":{"id":"ce18e9423a9b","name":"臺中市立和平國民中學","level":"國中","basis":"both","data_ym":"202401"},"geometry":{"type":"Polygon","coordinates":[[[120.882823,24.179204],[120.882924,24.179093],[120.883057,24.179037],[120.883135,24.179017],[120.883076,24.178877],[120.883348,24.178771],[120.883374,24.178818],[120.883527,24.178759],[120.883445,24.178574],[120.883541,24.178536],[120.883556,24.178369],[120.883579,24.178306],[120.883577,24.178234],[120.8836,24.178171],[120.883589,24.178103],[120.883617,24.178027],[120.883613,24.177739],[120.883423,24.177767],[120.883426,24.177791],[120.883261,24.177868],[120.883057,24.177928],[120.882358,24.178149],[120.882433,24.178434],[120.882636,24.178385],[120.882647,24.178429],[120.882523,24.178459],[120.882448,24.178487],[120.882413,24.178511],[120.882402,24.178524],[120.882395,24.178557],[120.882403,24.178759],[120.882399,24.178778],[120.882386,24.178806],[120.882374,24.178822],[120.882364,24.178827],[120.882432,24.178918],[120.882507,24.179001],[120.88253,24.179032],[120.882582,24.179159],[120.882589,24.179165],[120.882611,24.17917],[120.882678,24.179159],[120.882699,24.179161],[120.882823,24.179204]]]}},{"type":"Feature","properties":{"id":"bafbeec6ecc8","name":"中國醫藥大學1","level":"大專","basis":"both","data_ym":"202508"},"geometry":{"type":"Polygon","coordinates":[[[120.660024,24.179327],[120.660024,24.178189],[120.659046,24.178188],[120.65901,24.178171],[120.65893,24.178174],[120.658829,24.178233],[120.658822,24.17825],[120.65883,24.178285],[120.658745,24.178935],[120.658725,24.178931],[120.658631,24.17959],[120.658595,24.179757],[120.660008,24.179369],[120.660024,24.179327]]]}},{"type":"Feature","properties":{"id":"2a0ccf4c6702","name":"臺中市私立葳格高級中學","level":"高中職","basis":"both","data_ym":"201712"},"geometry":{"type":"Polygon","coordinates":[[[120.71314,24.180018],[120.713195,24.179982],[120.713199,24.179305],[120.713197,24.178482],[120.713206,24.178456],[120.713206,24.178404],[120.713201,24.17838],[120.713192,24.178367],[120.713175,24.178363],[120.712094,24.178363],[120.710964,24.178369],[120.710766,24.178346],[120.710755,24.178353],[120.710712,24.178407],[120.710707,24.178432],[120.71071,24.178457],[120.710779,24.178696],[120.710827,24.178768],[120.710856,24.178803],[120.710868,24.178836],[120.710872,24.178868],[120.710863,24.17896],[120.710868,24.178982],[120.710881,24.179001],[120.710896,24.17901],[120.710933,24.17902],[120.710943,24.179029],[120.710944,24.179046],[120.710919,24.179143],[120.71095,24.179298],[120.711075,24.179607],[120.711151,24.17989],[120.71117,24.179946],[120.711177,24.17996],[120.711191,24.179974],[120.711249,24.17998],[120.711984,24.179982],[120.71206,24.179989],[120.712197,24.180021],[120.713117,24.180021],[120.71314,24.180018]]]}},{"type":"Feature","properties":{"id":"e41c255c35f5","name":"臺中市立北新國民中學","level":"國中","basis":"both","data_ym":"201712"},"geometry":{"type":"Polygon","coordinates":[[[120.698347,24.178693],[120.69832,24.178631],[120.69829,24.178634],[120.697833,24.178608],[120.697184,24.178582],[120.697114,24.178581],[120.697114,24.178594],[120.696669,24.178573],[120.696629,24.179117],[120.696642,24.179118],[120.696617,24.179454],[120.696625,24.179482],[120.696648,24.179523],[120.696981,24.179918],[120.697068,24.180001],[120.697188,24.180101],[120.697353,24.180223],[120.697971,24.180566],[120.698108,24.180637],[120.69828,24.180698],[120.69833,24.18072],[120.69838,24.180749],[120.698415,24.180783],[120.698617,24.181028],[120.698633,24.181033],[120.698743,24.181002],[120.698908,24.18095],[120.699133,24.180872],[120.699163,24.180816],[120.699142,24.180709],[120.699105,24.180446],[120.699091,24.18031],[120.699088,24.180218],[120.699047,24.179955],[120.699046,24.17991],[120.698978,24.179675],[120.698795,24.179289],[120.698624,24.179286],[120.698526,24.179071],[120.698605,24.179014],[120.698347,24.178693]]]}},{"type":"Feature","properties":{"id":"fbeeed905a82","name":"臺中市西屯區西屯國民小學","level":"國小","basis":"both","data_ym":"201710"},"geometry":{"type":"Polygon","coordinates":[[[120.641483,24.180287],[120.641457,24.180079],[120.641471,24.180069],[120.641741,24.179951],[120.641749,24.179951],[120.641752,24.179936],[120.641485,24.17959],[120.641625,24.179495],[120.641714,24.179422],[120.641673,24.179345],[120.641658,24.179326],[120.641633,24.179309],[120.641644,24.179276],[120.641613,24.179257],[120.641405,24.1792],[120.641354,24.179143],[120.641089,24.178811],[120.640842,24.178979],[120.640309,24.179329],[120.639447,24.179928],[120.639577,24.180221],[120.639587,24.180231],[120.639599,24.180236],[120.639662,24.180231],[120.639951,24.180179],[120.639998,24.180186],[120.640068,24.180226],[120.640083,24.180261],[120.640226,24.180976],[120.640277,24.181211],[120.640283,24.181223],[120.640702,24.181272],[120.640746,24.181222],[120.640741,24.181112],[120.640676,24.180946],[120.640666,24.180895],[120.640669,24.180865],[120.640677,24.180852],[120.640704,24.180837],[120.641212,24.180623],[120.641224,24.180613],[120.641379,24.18039],[120.64148,24.180299],[120.641483,24.180287]]]}},{"type":"Feature","properties":{"id":"3c40aa7c0164","name":"臺中市北屯區仁愛國民小學","level":"國小","basis":"both","data_ym":"202201"},"geometry":{"type":"Polygon","coordinates":[[[120.671398,24.17969],[120.671366,24.179671],[120.670629,24.18017],[120.670671,24.180231],[120.671254,24.18096],[120.671317,24.181015],[120.671348,24.181036],[120.671689,24.181217],[120.672099,24.18142],[120.672119,24.181429],[120.672172,24.181423],[120.672178,24.18142],[120.67241,24.181023],[120.672409,24.180991],[120.672375,24.180935],[120.67173,24.180092],[120.671398,24.17969]]]}},{"type":"Feature","properties":{"id":"bd48a69f6ebb","name":"臺中市立大德國民中學","level":"國中","basis":"both","data_ym":"202401"},"geometry":{"type":"Polygon","coordinates":[[[120.670399,24.180054],[120.670284,24.179883],[120.670205,24.17968],[120.670184,24.179646],[120.670002,24.179048],[120.66995,24.179029],[120.669441,24.179212],[120.669416,24.179201],[120.668923,24.179894],[120.668833,24.180001],[120.668619,24.180272],[120.668346,24.180596],[120.668401,24.180676],[120.668465,24.180787],[120.668584,24.180933],[120.668708,24.181142],[120.668794,24.181327],[120.668898,24.181512],[120.668917,24.181575],[120.668933,24.181727],[120.66895,24.18181],[120.669012,24.18185],[120.669051,24.181848],[120.669309,24.181514],[120.669312,24.181433],[120.669348,24.18141],[120.669436,24.181315],[120.66963,24.181074],[120.669817,24.180819],[120.670399,24.180054]]]}},{"type":"Feature","properties":{"id":"4bbf0dd08aea","name":"臺中市北屯區松竹國民小學","level":"國小","basis":"both","data_ym":"202401"},"geometry":{"type":"Polygon","coordinates":[[[120.690827,24.18209],[120.690843,24.182085],[120.690848,24.182073],[120.690845,24.182055],[120.690849,24.182044],[120.690865,24.182039],[120.690876,24.182002],[120.690868,24.181993],[120.690867,24.181982],[120.690892,24.181968],[120.690945,24.181826],[120.690942,24.181733],[120.690975,24.181656],[120.690939,24.181426],[120.690922,24.181426],[120.690792,24.180458],[120.690747,24.180436],[120.689803,24.180528],[120.689766,24.180537],[120.689737,24.180561],[120.689696,24.180605],[120.689423,24.180957],[120.68928,24.181152],[120.689858,24.181428],[120.689837,24.181571],[120.690507,24.181992],[120.690498,24.182009],[120.69066,24.182064],[120.690673,24.182036],[120.690718,24.182057],[120.690807,24.182089],[120.690827,24.18209]]]}},{"type":"Feature","properties":{"id":"b276d9187d6d","name":"中國醫藥大學","level":"大專","basis":"both","data_ym":"202508"},"geometry":{"type":"Polygon","coordinates":[[[120.661832,24.182482],[120.661855,24.181837],[120.661746,24.181838],[120.661747,24.18133],[120.661789,24.181329],[120.661799,24.181058],[120.661829,24.18106],[120.661829,24.180973],[120.661856,24.180357],[120.661895,24.179191],[120.661808,24.17919],[120.661826,24.178316],[120.661636,24.178318],[120.661681,24.178275],[120.66047,24.178276],[120.660467,24.17819],[120.660106,24.178189],[120.660097,24.179357],[120.66008,24.179359],[120.66009,24.179465],[120.659567,24.179605],[120.658594,24.179853],[120.658429,24.181073],[120.65835,24.181619],[120.658318,24.181615],[120.658207,24.182377],[120.658212,24.182415],[120.658232,24.182442],[120.660002,24.18249],[120.661665,24.182529],[120.661779,24.182524],[120.661801,24.18252],[120.661815,24.182513],[120.661827,24.182498],[120.661832,24.182482]]]}},{"type":"Feature","properties":{"id":"741002a1d4d4","name":"臺中市和平區白冷國民小學","level":"國小","basis":"both","data_ym":"201010"},"geometry":{"type":"Polygon","coordinates":[[[120.930877,24.183149],[120.93081,24.183088],[120.930724,24.183079],[120.93075,24.183031],[120.93059,24.182955],[120.930485,24.182914],[120.929842,24.182709],[120.929631,24.183106],[120.929313,24.182989],[120.929264,24.183104],[120.92957,24.18322],[120.929523,24.183322],[120.92977,24.183428],[120.929973,24.183531],[120.930066,24.183564],[120.930242,24.183614],[120.930512,24.183594],[120.930724,24.183563],[120.930825,24.183543],[120.930877,24.183149]]]}},{"type":"Feature","properties":{"id":"f894a0c292cd","name":"東海大學","level":"大專","basis":"both","data_ym":"202401"},"geometry":{"type":"Polygon","coordinates":[[[120.613967,24.182889],[120.613918,24.182599],[120.613896,24.182595],[120.613865,24.182582],[120.613848,24.182568],[120.613823,24.182523],[120.6138,24.18246],[120.613787,24.18236],[120.613618,24.181408],[120.613507,24.180672],[120.613377,24.179925],[120.613379,24.179901],[120.613393,24.179883],[120.613454,24.179874],[120.613254,24.17862],[120.612587,24.17556],[120.612934,24.175442],[120.612911,24.175399],[120.612615,24.173481],[120.612615,24.173441],[120.612587,24.173388],[120.61248,24.173459],[120.611785,24.173857],[120.611525,24.174025],[120.611421,24.17412],[120.611392,24.174156],[120.611325,24.174254],[120.611264,24.17433],[120.611211,24.174411],[120.611049,24.17463],[120.610956,24.17474],[120.610846,24.174842],[120.610711,24.174938],[120.610552,24.175006],[120.610426,24.175035],[120.610125,24.175083],[120.609892,24.17511],[120.60981,24.175105],[120.609636,24.175046],[120.609563,24.175005],[120.609504,24.174979],[120.609408,24.174962],[120.609021,24.174945],[120.608799,24.174916],[120.607368,24.174746],[120.607151,24.174716],[120.607113,24.174708],[120.606905,24.174685],[120.606719,24.174686],[120.606651,24.174697],[120.606589,24.174713],[120.606083,24.174972],[120.605891,24.175035],[120.605523,24.17514],[120.605202,24.175253],[120.605097,24.175308],[120.605019,24.175373],[120.604941,24.175459],[120.60486,24.17556],[120.604785,24.175638],[120.604632,24.175764],[120.604113,24.176144],[120.603722,24.176413],[120.603521,24.176531],[120.603396,24.176585],[120.603243,24.176629],[120.603104,24.176654],[120.602972,24.17667],[120.602721,24.176673],[120.602562,24.176686],[120.602268,24.176723],[120.602172,24.176754],[120.602073,24.176801],[120.601997,24.176844],[120.601863,24.176932],[120.601689,24.177056],[120.601583,24.177119],[120.601395,24.177196],[120.601329,24.177208],[120.60093,24.17726],[120.600568,24.177295],[120.600234,24.177369],[120.600095,24.177388],[120.599786,24.177386],[120.599426,24.177364],[120.598925,24.177256],[120.598828,24.177241],[120.598699,24.177245],[120.598594,24.177255],[120.598475,24.177282],[120.597885,24.177514],[120.597627,24.177635],[120.597501,24.177705],[120.59723,24.177841],[120.597124,24.177899],[120.597012,24.177981],[120.596915,24.17806],[120.59682,24.17815],[120.5967,24.178283],[120.595817,24.17899],[120.595432,24.17933],[120.59527,24.17956],[120.59519,24.179705],[120.595192,24.179758],[120.5952,24.179783],[120.595,24.179899],[120.594713,24.180141],[120.59466,24.180223],[120.594347,24.180546],[120.593833,24.181192],[120.59375,24.181124],[120.593684,24.181176],[120.593556,24.181322],[120.593541,24.181309],[120.593504,24.181341],[120.593344,24.181397],[120.59368,24.182476],[120.594287,24.182265],[120.594772,24.182119],[120.595177,24.182006],[120.595609,24.181908],[120.595985,24.181843],[120.596474,24.181775],[120.59693,24.181732],[120.597478,24.181689],[120.598167,24.181691],[120.598727,24.181718],[120.599115,24.18176],[120.599579,24.181812],[120.600098,24.181906],[120.60077,24.182058],[120.603681,24.182748],[120.604961,24.183041],[120.606976,24.183542],[120.608595,24.18391],[120.6087,24.183532],[120.609183,24.183634],[120.609076,24.184026],[120.609603,24.184143],[120.609942,24.184211],[120.61017,24.184237],[120.610429,24.184251],[120.610611,24.184267],[120.611059,24.184265],[120.611367,24.184255],[120.611831,24.184197],[120.612232,24.184114],[120.612576,24.184034],[120.612731,24.183981],[120.61273,24.183977],[120.612932,24.183914],[120.613457,24.183695],[120.614082,24.18341],[120.613997,24.18304],[120.613967,24.182889]]]}},{"type":"Feature","properties":{"id":"223a3fd881e2","name":"臺中市龍井區龍井國民小學","level":"國小","basis":"both","data_ym":"202401"},"geometry":{"type":"Polygon","coordinates":[[[120.52925,24.184653],[120.529254,24.184655],[120.529826,24.184531],[120.530202,24.183962],[120.530215,24.183934],[120.530218,24.183718],[120.530193,24.18344],[120.53018,24.183431],[120.529584,24.183576],[120.529578,24.183625],[120.529451,24.18365],[120.529438,24.183605],[120.529384,24.183618],[120.529364,24.183607],[120.52836,24.183836],[120.528604,24.184787],[120.52925,24.184653]]]}},{"type":"Feature","properties":{"id":"9b8f9e70e4d5","name":"臺中市西屯區永安國民小學","level":"國小","basis":"both","data_ym":"202401"},"geometry":{"type":"Polygon","coordinates":[[[120.623992,24.185337],[120.624658,24.185042],[120.624665,24.185055],[120.625593,24.18465],[120.625589,24.184643],[120.625664,24.184502],[120.62574,24.184474],[120.625636,24.184413],[120.625717,24.184314],[120.625752,24.184295],[120.625378,24.183603],[120.625339,24.183591],[120.623499,24.184393],[120.623488,24.184441],[120.62396,24.185331],[120.623992,24.185337]]]}},{"type":"Feature","properties":{"id":"d6357c7c65c0","name":"臺中市北屯區陳平國民小學","level":"國小","basis":"both","data_ym":"201308"},"geometry":{"type":"Polygon","coordinates":[[[120.668042,24.185485],[120.668354,24.185022],[120.668763,24.184427],[120.668759,24.184399],[120.668414,24.184198],[120.66789,24.183907],[120.667856,24.183911],[120.66716,24.184988],[120.66716,24.185023],[120.667642,24.185264],[120.667653,24.185244],[120.667807,24.185323],[120.66779,24.185363],[120.668018,24.18549],[120.668042,24.185485]]]}},{"type":"Feature","properties":{"id":"6817e4313174","name":"臺中市西屯區東海國民小學","level":"國小","basis":"both","data_ym":"202201"},"geometry":{"type":"Polygon","coordinates":[[[120.59263,24.185525],[120.592919,24.185452],[120.593638,24.185242],[120.593887,24.185175],[120.593869,24.185124],[120.59391,24.185115],[120.593925,24.185092],[120.593906,24.184909],[120.593907,24.184887],[120.593918,24.184856],[120.593931,24.184834],[120.593867,24.184702],[120.593391,24.184837],[120.592753,24.184834],[120.592741,24.184871],[120.592327,24.184947],[120.591648,24.185263],[120.591755,24.185566],[120.592075,24.185474],[120.592171,24.185673],[120.59263,24.185525]]]}},{"type":"Feature","properties":{"id":"74e0248292f5","name":"臺中市私立衛道高級中學","level":"高中職","basis":"both","data_ym":"202401"},"geometry":{"type":"Polygon","coordinates":[[[120.675285,24.185],[120.675926,24.18455],[120.676148,24.184406],[120.676176,24.184384],[120.676205,24.18434],[120.67584,24.183818],[120.675349,24.183164],[120.674976,24.182748],[120.674527,24.18233],[120.674062,24.181969],[120.673773,24.1818],[120.673734,24.181782],[120.672584,24.183471],[120.672334,24.183845],[120.673362,24.185179],[120.673504,24.185358],[120.673592,24.185417],[120.673646,24.18544],[120.673924,24.185876],[120.674248,24.185675],[120.674561,24.185467],[120.675285,24.185]]]}},{"type":"Feature","properties":{"id":"3ab50677dced","name":"臺中市立西苑高級中學","level":"高中職","basis":"both","data_ym":"202401"},"geometry":{"type":"Polygon","coordinates":[[[120.642767,24.185238],[120.642754,24.186022],[120.642298,24.18605],[120.642175,24.186028],[120.642149,24.186012],[120.641899,24.185979],[120.6418,24.185957],[120.64163,24.185903],[120.641541,24.185867],[120.641517,24.186494],[120.641512,24.187103],[120.641517,24.187118],[120.644152,24.187106],[120.644171,24.187081],[120.644211,24.186751],[120.644304,24.186066],[120.644249,24.186062],[120.644209,24.186015],[120.644253,24.18598],[120.644331,24.185362],[120.644265,24.185285],[120.64299,24.185279],[120.642989,24.18524],[120.642767,24.185238]]]}},{"type":"Feature","properties":{"id":"8084abb7db3b","name":"逢甲大學福星校區","level":"大專","basis":"branch","data_ym":"202401"},"geometry":{"type":"Polygon","coordinates":[[[120.644258,24.187318],[120.644285,24.187376],[120.644275,24.187507],[120.644229,24.187663],[120.644228,24.188298],[120.645384,24.188311],[120.64539,24.188008],[120.646031,24.188017],[120.646075,24.187982],[120.646119,24.186447],[120.645759,24.18645],[120.645707,24.186484],[120.645674,24.186537],[120.645622,24.186747],[120.645593,24.186809],[120.645534,24.186871],[120.645471,24.186892],[120.645345,24.186899],[120.644418,24.186873],[120.644409,24.187111],[120.644389,24.187318],[120.644258,24.187318]]]}},{"type":"Feature","properties":{"id":"9b008129fd17","name":"僑光科技大學","level":"大專","basis":"both","data_ym":"202401"},"geometry":{"type":"Polygon","coordinates":[[[120.645348,24.188309],[120.644228,24.188298],[120.644229,24.187663],[120.644275,24.187507],[120.644285,24.187376],[120.644258,24.187318],[120.64395,24.187322],[120.643653,24.187319],[120.643613,24.187409],[120.643567,24.187498],[120.643552,24.187556],[120.643553,24.187603],[120.643574,24.187649],[120.643614,24.1877],[120.643512,24.187843],[120.643318,24.187977],[120.643304,24.188002],[120.643302,24.188076],[120.643328,24.188412],[120.643222,24.188631],[120.643168,24.188764],[120.643037,24.188776],[120.643036,24.189286],[120.643045,24.189559],[120.643083,24.189759],[120.643158,24.189944],[120.643254,24.190103],[120.643425,24.19029],[120.643514,24.19036],[120.643637,24.190425],[120.643802,24.19046],[120.644396,24.190562],[120.64497,24.190611],[120.64498,24.190611],[120.644979,24.190502],[120.645514,24.190349],[120.64553,24.19038],[120.645593,24.190377],[120.645567,24.190289],[120.645467,24.190023],[120.64564,24.190009],[120.645657,24.189725],[120.645636,24.189672],[120.644762,24.189957],[120.644609,24.189533],[120.644603,24.18877],[120.645339,24.188759],[120.645348,24.188309]]]}},{"type":"Feature","properties":{"id":"359749bfdd8d","name":"臺中市立龍井國民中學","level":"國中","basis":"both","data_ym":"201710"},"geometry":{"type":"Polygon","coordinates":[[[120.544733,24.191228],[120.544702,24.191203],[120.543835,24.191368],[120.543841,24.191392],[120.542865,24.191611],[120.543099,24.192472],[120.544485,24.192159],[120.544556,24.191945],[120.544559,24.191922],[120.544529,24.191893],[120.544541,24.19183],[120.544575,24.191825],[120.544733,24.191228]]]}},{"type":"Feature","properties":{"id":"956337d0122c","name":"臺中市北屯區仁美國民小學","level":"國小","basis":"both","data_ym":"202401"},"geometry":{"type":"Polygon","coordinates":[[[120.687471,24.190587],[120.686915,24.190577],[120.686576,24.190576],[120.686531,24.190611],[120.686553,24.191419],[120.686554,24.191653],[120.686563,24.191802],[120.686585,24.192703],[120.686598,24.193062],[120.687075,24.193057],[120.687246,24.193037],[120.688035,24.192899],[120.687517,24.190634],[120.687471,24.190587]]]}},{"type":"Feature","properties":{"id":"2ae898ee402d","name":"臺中市立龍井國民中學1","level":"國中","basis":"both","data_ym":"201508"},"geometry":{"type":"Polygon","coordinates":[[[120.543029,24.192478],[120.542868,24.191815],[120.542864,24.191815],[120.542304,24.191944],[120.542075,24.192002],[120.54182,24.192187],[120.541964,24.192721],[120.543029,24.192478]]]}},{"type":"Feature","properties":{"id":"cebd52c2f6f3","name":"臺中市北屯區四張犁國民小學","level":"國小","basis":"both","data_ym":"202401"},"geometry":{"type":"Polygon","coordinates":[[[120.678869,24.191733],[120.678858,24.191736],[120.678195,24.191736],[120.678169,24.191729],[120.678075,24.191728],[120.677973,24.191734],[120.677838,24.191747],[120.677679,24.191772],[120.677287,24.19185],[120.677375,24.192412],[120.677379,24.192412],[120.677446,24.192905],[120.677493,24.192899],[120.677523,24.193088],[120.677485,24.19309],[120.677503,24.193238],[120.678537,24.193086],[120.678607,24.193107],[120.679032,24.193058],[120.678968,24.192642],[120.678813,24.192652],[120.678785,24.192512],[120.678779,24.192453],[120.678746,24.192254],[120.67891,24.191835],[120.678869,24.191733]]]}},{"type":"Feature","properties":{"id":"e53b18166dcf","name":"臺中市私立長春藤高級中學1","level":"高中職","basis":"name","data_ym":"202201"},"geometry":{"type":"Polygon","coordinates":[[[120.718573,24.192006],[120.718416,24.191835],[120.717868,24.191886],[120.717906,24.192293],[120.717907,24.192337],[120.717903,24.192397],[120.717897,24.192417],[120.717874,24.19244],[120.717887,24.192873],[120.71796,24.193486],[120.718571,24.193439],[120.71855,24.193144],[120.718557,24.193124],[120.71857,24.193107],[120.71865,24.193076],[120.719018,24.193047],[120.71902,24.192969],[120.719015,24.192907],[120.719194,24.192894],[120.719237,24.19287],[120.719097,24.192649],[120.718931,24.192425],[120.718573,24.192006]]]}},{"type":"Feature","properties":{"id":"92470dd9cffd","name":"臺中市新社區協成國民小學","level":"國小","basis":"both","data_ym":"201509"},"geometry":{"type":"Polygon","coordinates":[[[120.813092,24.193282],[120.813108,24.193106],[120.812929,24.193284],[120.812815,24.193383],[120.812462,24.193648],[120.812414,24.193681],[120.812286,24.193754],[120.812281,24.19376],[120.812279,24.193788],[120.812295,24.194168],[120.813216,24.193669],[120.813554,24.193467],[120.813092,24.193282]]]}},{"type":"Feature","properties":{"id":"cf56847d742c","name":"臺中市西屯區國安國民小學","level":"國小","basis":"both","data_ym":"201308"},"geometry":{"type":"Polygon","coordinates":[[[120.609198,24.193742],[120.608887,24.193124],[120.60806,24.193467],[120.60715,24.193837],[120.607139,24.19387],[120.607539,24.194871],[120.607564,24.194876],[120.607583,24.194868],[120.608429,24.194327],[120.60852,24.194273],[120.608639,24.194221],[120.608758,24.19418],[120.608866,24.194151],[120.608973,24.194134],[120.609189,24.194124],[120.609368,24.194105],[120.609198,24.193742]]]}},{"type":"Feature","properties":{"id":"0a459b659b55","name":"臺中市立四張犁國民中學","level":"國中","basis":"both","data_ym":"202201"},"geometry":{"type":"Polygon","coordinates":[[[120.678127,24.19478],[120.678139,24.193466],[120.678092,24.193411],[120.677526,24.193492],[120.677279,24.193501],[120.677254,24.193516],[120.677228,24.193519],[120.677123,24.193519],[120.677122,24.193532],[120.677097,24.193535],[120.67696,24.193532],[120.676912,24.193494],[120.676486,24.193484],[120.676441,24.193512],[120.676323,24.194346],[120.676306,24.194813],[120.676296,24.195196],[120.678085,24.19481],[120.678127,24.19478]]]}},{"type":"Feature","properties":{"id":"dd8375f13c9c","name":"臺中市北屯區新興國民小學","level":"國小","basis":"both","data_ym":"201509"},"geometry":{"type":"Polygon","coordinates":[[[120.662319,24.193887],[120.662277,24.193876],[120.662255,24.193922],[120.662241,24.193979],[120.662226,24.194125],[120.662224,24.194377],[120.662229,24.19455],[120.662235,24.194611],[120.662255,24.194668],[120.662295,24.19474],[120.662358,24.19482],[120.662632,24.195055],[120.66271,24.19511],[120.662812,24.195175],[120.662958,24.195255],[120.66307,24.195333],[120.663152,24.195372],[120.663198,24.195366],[120.663554,24.19506],[120.66357,24.195005],[120.663663,24.194917],[120.663485,24.19473],[120.663237,24.194484],[120.663045,24.194315],[120.663,24.19425],[120.66296,24.194182],[120.662924,24.194149],[120.662848,24.1941],[120.662755,24.19405],[120.662319,24.193887]]]}},{"type":"Feature","properties":{"id":"bed88532ac70","name":"臺中市龍井區龍泉國民小學","level":"國小","basis":"both","data_ym":"202401"},"geometry":{"type":"Polygon","coordinates":[[[120.548197,24.196273],[120.548426,24.196231],[120.548221,24.195185],[120.547967,24.195221],[120.547097,24.195376],[120.547193,24.195817],[120.546846,24.195878],[120.546889,24.196091],[120.546663,24.196129],[120.546722,24.19636],[120.547209,24.196264],[120.547242,24.196466],[120.548197,24.196273]]]}},{"type":"Feature","properties":{"id":"ba13a3d5bd78","name":"臺中市北屯區大坑國民小學","level":"國小","basis":"both","data_ym":"201509"},"geometry":{"type":"Polygon","coordinates":[[[120.749434,24.196732],[120.7492,24.196372],[120.748874,24.196481],[120.748625,24.196586],[120.748558,24.196464],[120.748393,24.196265],[120.748279,24.196081],[120.748395,24.195993],[120.748322,24.195851],[120.748316,24.195847],[120.748259,24.195739],[120.748248,24.195737],[120.748059,24.195817],[120.747718,24.195945],[120.747709,24.195958],[120.747712,24.19618],[120.747719,24.196202],[120.747726,24.196388],[120.747723,24.196552],[120.747731,24.196653],[120.747766,24.196883],[120.747785,24.196971],[120.747825,24.197081],[120.747865,24.197165],[120.747898,24.197212],[120.748009,24.197342],[120.748077,24.197403],[120.748336,24.197582],[120.748879,24.197155],[120.749434,24.196732]]]}},{"type":"Feature","properties":{"id":"699820b6fd4e","name":"臺中市潭子區頭家國民小學","level":"國小","basis":"both","data_ym":"201710"},"geometry":{"type":"Polygon","coordinates":[[[120.696203,24.197422],[120.696207,24.197361],[120.696211,24.197361],[120.696213,24.197352],[120.696156,24.197347],[120.696198,24.197053],[120.696298,24.196095],[120.696297,24.196061],[120.696286,24.19605],[120.696271,24.196047],[120.695327,24.19597],[120.695274,24.195946],[120.695258,24.195917],[120.694783,24.195874],[120.694708,24.196105],[120.694574,24.196424],[120.69444,24.196729],[120.694318,24.196956],[120.694468,24.19717],[120.694651,24.19741],[120.695288,24.197441],[120.696193,24.19751],[120.696206,24.197439],[120.696207,24.197423],[120.696203,24.197422]]]}},{"type":"Feature","properties":{"id":"c608d40b7aab","name":"臺中市私立華盛頓國民小學","level":"國小","basis":"both","data_ym":"202508"},"geometry":{"type":"Polygon","coordinates":[[[120.717399,24.197969],[120.717533,24.197872],[120.717911,24.197572],[120.718026,24.19747],[120.718017,24.197378],[120.717982,24.197379],[120.717966,24.19703],[120.717963,24.19703],[120.717966,24.196869],[120.717959,24.196781],[120.717953,24.196775],[120.717912,24.196642],[120.717907,24.196639],[120.717669,24.196632],[120.71767,24.196611],[120.717587,24.196624],[120.717466,24.196622],[120.717107,24.196602],[120.71702,24.196608],[120.716833,24.19664],[120.716802,24.19663],[120.716616,24.196613],[120.716581,24.196606],[120.716566,24.196652],[120.716546,24.196813],[120.716694,24.196878],[120.716668,24.197191],[120.716667,24.197505],[120.716734,24.197542],[120.716864,24.197684],[120.716945,24.197974],[120.717027,24.197968],[120.717311,24.197985],[120.717373,24.19798],[120.717399,24.197969]]]}},{"type":"Feature","properties":{"id":"ba4ef91b9994","name":"臺中市龍井區龍港國民小學","level":"國小","basis":"both","data_ym":"201508"},"geometry":{"type":"Polygon","coordinates":[[[120.501467,24.199048],[120.501306,24.198396],[120.501022,24.198494],[120.500596,24.198621],[120.500354,24.198685],[120.5006,24.199635],[120.500717,24.199506],[120.500882,24.199385],[120.501218,24.199183],[120.501467,24.199048]]]}},{"type":"Feature","properties":{"id":"607a8156a924","name":"臺中市和平區德芙蘭國民小學谷關分校","level":"大專","basis":"branch","data_ym":"202206"},"geometry":{"type":"Polygon","coordinates":[[[121.006382,24.201584],[121.006145,24.201568],[121.006101,24.20177],[121.005953,24.201779],[121.005982,24.202131],[121.006023,24.202158],[121.006293,24.202195],[121.006568,24.202226],[121.006593,24.202203],[121.006712,24.202023],[121.006758,24.201967],[121.006957,24.201793],[121.006971,24.201777],[121.006978,24.20176],[121.006972,24.201699],[121.006712,24.201667],[121.006525,24.201653],[121.006382,24.201584]]]}},{"type":"Feature","properties":{"id":"b9ab0efe3756","name":"臺中市潭子區僑忠國民小學","level":"國小","basis":"both","data_ym":"202401"},"geometry":{"type":"Polygon","coordinates":[[[120.703834,24.202905],[120.703616,24.202107],[120.703601,24.202065],[120.70337,24.202121],[120.703344,24.202044],[120.703304,24.202051],[120.703175,24.201966],[120.703156,24.20202],[120.703091,24.202043],[120.702942,24.201979],[120.702907,24.201988],[120.702864,24.201959],[120.702844,24.201859],[120.702757,24.201712],[120.702609,24.201751],[120.702639,24.201894],[120.702614,24.201899],[120.702595,24.201909],[120.702115,24.201917],[120.702022,24.201825],[120.701664,24.201887],[120.701628,24.202097],[120.701382,24.202986],[120.70136,24.203106],[120.701306,24.203309],[120.701524,24.203321],[120.702187,24.2033],[120.703912,24.203215],[120.703834,24.202905]]]}},{"type":"Feature","properties":{"id":"9b9758bcea84","name":"臺中市潭子區新興國民小學1","level":"國小","basis":"both","data_ym":"202201"},"geometry":{"type":"Polygon","coordinates":[[[120.726186,24.203895],[120.726429,24.203739],[120.726581,24.203561],[120.726596,24.203529],[120.726603,24.203499],[120.726591,24.203451],[120.726433,24.203176],[120.726455,24.203145],[120.726417,24.203062],[120.726394,24.203071],[120.726307,24.20285],[120.726249,24.202753],[120.724712,24.202824],[120.724815,24.203276],[120.724898,24.203596],[120.724926,24.203717],[120.724934,24.203731],[120.724951,24.203747],[120.724991,24.203746],[120.724989,24.203919],[120.72572,24.203953],[120.725833,24.203954],[120.726044,24.203937],[120.726113,24.203922],[120.726186,24.203895]]]}},{"type":"Feature","properties":{"id":"91ce25f47226","name":"臺中市潭子區新興國民小學","level":"國小","basis":"both","data_ym":"201712"},"geometry":{"type":"Polygon","coordinates":[[[120.726298,24.204973],[120.726608,24.204998],[120.726662,24.20457],[120.726699,24.204167],[120.726651,24.204168],[120.726621,24.204109],[120.726398,24.204197],[120.72634,24.204092],[120.72622,24.20397],[120.726138,24.204],[120.726059,24.204018],[120.725837,24.204035],[120.725717,24.204034],[120.725428,24.204021],[120.725445,24.204121],[120.72549,24.204113],[120.725604,24.204364],[120.725546,24.204399],[120.72556,24.204403],[120.725557,24.204405],[120.725618,24.204459],[120.725632,24.204486],[120.725779,24.204889],[120.725776,24.204941],[120.725966,24.205036],[120.726028,24.204956],[120.726267,24.205108],[120.726283,24.205109],[120.726298,24.204973]]]}},{"type":"Feature","properties":{"id":"50a54fa40088","name":"臺中市立龍津高級中等學校","level":"高中職","basis":"both","data_ym":"201709"},"geometry":{"type":"Polygon","coordinates":[[[120.522357,24.206447],[120.521797,24.204293],[120.519681,24.204656],[120.520133,24.205726],[120.520262,24.206007],[120.520555,24.206599],[120.520619,24.206696],[120.520691,24.206772],[120.520724,24.206799],[120.522357,24.206447]]]}},{"type":"Feature","properties":{"id":"6e3d055c885f","name":"臺中市新社區東興國民小學","level":"國小","basis":"both","data_ym":"201509"},"geometry":{"type":"Polygon","coordinates":[[[120.819342,24.207203],[120.819366,24.207204],[120.819771,24.207317],[120.81983,24.207321],[120.819864,24.207311],[120.819884,24.207297],[120.819905,24.207265],[120.820125,24.206585],[120.820163,24.206413],[120.820161,24.20636],[120.82015,24.206308],[120.820125,24.20625],[120.820109,24.206226],[120.82009,24.206208],[120.81898,24.205877],[120.818536,24.206999],[120.818489,24.206987],[120.818394,24.207275],[120.819161,24.207502],[120.819257,24.20737],[120.819323,24.207218],[120.819342,24.207203]]]}},{"type":"Feature","properties":{"id":"a7fe8e0aaea0","name":"臺中市東勢區成功國民小學","level":"國小","basis":"both","data_ym":"201712"},"geometry":{"type":"Polygon","coordinates":[[[120.840438,24.208462],[120.840482,24.208434],[120.840516,24.208436],[120.840541,24.208431],[120.840736,24.208194],[120.840849,24.208023],[120.840909,24.2079],[120.840984,24.207917],[120.841083,24.20777],[120.840964,24.207773],[120.840954,24.207823],[120.840769,24.207785],[120.84081,24.207448],[120.84076,24.207441],[120.839946,24.207406],[120.839533,24.207407],[120.839548,24.207662],[120.839692,24.208451],[120.840198,24.208464],[120.840438,24.208462]]]}},{"type":"Feature","properties":{"id":"e0aa79c59e24","name":"臺中市潭子區潭陽國民小學","level":"國小","basis":"both","data_ym":"201710"},"geometry":{"type":"Polygon","coordinates":[[[120.710706,24.212975],[120.710458,24.211591],[120.710441,24.211546],[120.71041,24.211514],[120.710354,24.211478],[120.709694,24.211623],[120.709696,24.211615],[120.709186,24.211735],[120.709202,24.212129],[120.709218,24.212208],[120.709227,24.212334],[120.709245,24.212944],[120.709249,24.212944],[120.709256,24.213061],[120.71018,24.213029],[120.710672,24.212993],[120.710699,24.212985],[120.710706,24.212975]]]}},{"type":"Feature","properties":{"id":"1073c82aeab6","name":"臺中市龍井區龍山國民小學","level":"國小","basis":"both","data_ym":"201308"},"geometry":{"type":"Polygon","coordinates":[[[120.551315,24.213498],[120.551202,24.213353],[120.550676,24.213434],[120.550652,24.213332],[120.550484,24.213367],[120.550491,24.213398],[120.550472,24.213418],[120.550148,24.213483],[120.550225,24.213816],[120.549835,24.213903],[120.549895,24.214102],[120.549988,24.21444],[120.551216,24.214156],[120.551662,24.21407],[120.551585,24.213728],[120.551315,24.213498]]]}},{"type":"Feature","properties":{"id":"6c071f8bc5e0","name":"臺中市立潭秀國民中學","level":"國中","basis":"both","data_ym":"201308"},"geometry":{"type":"Polygon","coordinates":[[[120.700529,24.216055],[120.700451,24.21447],[120.69869,24.21452],[120.698666,24.214721],[120.698539,24.215413],[120.69838,24.216353],[120.700529,24.216055]]]}},{"type":"Feature","properties":{"id":"46fcdffbf829","name":"臺中市立大華國民中學","level":"國中","basis":"both","data_ym":"202401"},"geometry":{"type":"Polygon","coordinates":[[[120.651569,24.21641],[120.651769,24.215351],[120.651814,24.215359],[120.65187,24.21507],[120.651471,24.215005],[120.650564,24.21489],[120.64973,24.214761],[120.649488,24.216093],[120.651189,24.216362],[120.651561,24.216418],[120.651569,24.21641]]]}},{"type":"Feature","properties":{"id":"2fbd91b7c0eb","name":"臺中市龍井區龍海國民小學","level":"國小","basis":"both","data_ym":"202201"},"geometry":{"type":"Polygon","coordinates":[[[120.526561,24.216896],[120.527237,24.216705],[120.527252,24.216757],[120.52726,24.21676],[120.527522,24.216712],[120.527359,24.216107],[120.527264,24.215808],[120.527211,24.215654],[120.52719,24.215607],[120.527151,24.215573],[120.527104,24.215559],[120.526991,24.21556],[120.526663,24.215595],[120.526313,24.215691],[120.526251,24.215821],[120.526385,24.216277],[120.526557,24.216793],[120.526549,24.216854],[120.526561,24.216896]]]}},{"type":"Feature","properties":{"id":"7e7591456046","name":"臺中市沙鹿區北勢國民小學","level":"國小","basis":"both","data_ym":"201707"},"geometry":{"type":"Polygon","coordinates":[[[120.573104,24.217164],[120.572627,24.215965],[120.571387,24.21641],[120.571374,24.216427],[120.571398,24.216479],[120.571462,24.216675],[120.571509,24.216855],[120.571576,24.217034],[120.571474,24.217076],[120.57145,24.217096],[120.571438,24.217116],[120.571365,24.217366],[120.571369,24.217384],[120.571718,24.217474],[120.571716,24.21748],[120.571817,24.217507],[120.57182,24.2175],[120.571985,24.217543],[120.572028,24.217533],[120.573104,24.217164]]]}},{"type":"Feature","properties":{"id":"4dac2831d467","name":"弘光科技大學","level":"大專","basis":"both","data_ym":"201509"},"geometry":{"type":"Polygon","coordinates":[[[120.581835,24.218996],[120.581974,24.218982],[120.582012,24.218984],[120.582014,24.218994],[120.582175,24.219011],[120.582205,24.219009],[120.582267,24.218986],[120.582339,24.21894],[120.582398,24.218887],[120.582544,24.218785],[120.582654,24.218686],[120.58271,24.218629],[120.582847,24.218517],[120.583114,24.21838],[120.583905,24.218079],[120.584439,24.217903],[120.584477,24.217884],[120.584504,24.217861],[120.584528,24.217817],[120.584546,24.217734],[120.584549,24.217699],[120.584526,24.217585],[120.58451,24.217477],[120.584519,24.217476],[120.584453,24.21726],[120.584426,24.217123],[120.584394,24.216904],[120.58437,24.216772],[120.58431,24.216599],[120.58433,24.216564],[120.584399,24.216409],[120.584538,24.216317],[120.584631,24.216291],[120.584491,24.215855],[120.584409,24.215616],[120.583378,24.215631],[120.58284,24.215733],[120.582712,24.215794],[120.582527,24.215899],[120.582365,24.21542],[120.582268,24.215472],[120.582043,24.215574],[120.581828,24.215683],[120.581733,24.215726],[120.581874,24.216171],[120.581708,24.216208],[120.581409,24.21625],[120.581139,24.216305],[120.580955,24.216369],[120.580913,24.216403],[120.580889,24.216464],[120.580829,24.21658],[120.580818,24.216655],[120.580774,24.217094],[120.580726,24.217087],[120.58068,24.217551],[120.580532,24.218719],[120.580489,24.219103],[120.580524,24.219115],[120.580885,24.219136],[120.581307,24.219137],[120.581461,24.219128],[120.581467,24.21911],[120.581529,24.219104],[120.581576,24.21909],[120.581746,24.219024],[120.581835,24.218996]]]}},{"type":"Feature","properties":{"id":"0cffff9fc00a","name":"臺中市大雅區三和國民小學","level":"國小","basis":"both","data_ym":"201710"},"geometry":{"type":"Polygon","coordinates":[[[120.668253,24.218752],[120.668223,24.218673],[120.666879,24.218905],[120.666446,24.218956],[120.666522,24.219911],[120.666848,24.219898],[120.667342,24.219856],[120.667879,24.219816],[120.668318,24.219774],[120.668479,24.219652],[120.668361,24.219167],[120.668253,24.218752]]]}},{"type":"Feature","properties":{"id":"e00b9deceb63","name":"臺中市私立惠明盲校","level":"特殊","basis":"moe","data_ym":"201712"},"geometry":{"type":"Polygon","coordinates":[[[120.662306,24.220263],[120.662239,24.219856],[120.662182,24.219861],[120.662164,24.219659],[120.661531,24.219753],[120.660654,24.219862],[120.660138,24.219948],[120.660152,24.219998],[120.660299,24.220407],[120.661318,24.220348],[120.662306,24.220263]]]}},{"type":"Feature","properties":{"id":"84f198780aae","name":"臺中市大雅區文雅國民小學","level":"國小","basis":"both","data_ym":"202401"},"geometry":{"type":"Polygon","coordinates":[[[120.645895,24.220699],[120.646112,24.220236],[120.646096,24.220229],[120.646455,24.219463],[120.645802,24.219217],[120.645803,24.219214],[120.645523,24.219113],[120.645249,24.219715],[120.644996,24.220254],[120.644923,24.220429],[120.644913,24.220426],[120.645272,24.220559],[120.645278,24.22055],[120.645631,24.22069],[120.645843,24.220766],[120.645853,24.220761],[120.645895,24.220699]]]}},{"type":"Feature","properties":{"id":"60cd99169ba0","name":"臺中市大雅區陽明國民小學","level":"國小","basis":"both","data_ym":"202401"},"geometry":{"type":"Polygon","coordinates":[[[120.632934,24.221424],[120.632987,24.221414],[120.632989,24.221426],[120.633176,24.221397],[120.633353,24.221347],[120.633399,24.221328],[120.633999,24.221218],[120.633937,24.220755],[120.633901,24.220715],[120.633333,24.220794],[120.633031,24.220847],[120.632748,24.220888],[120.63238,24.220929],[120.63236,24.220925],[120.632191,24.220952],[120.631837,24.221],[120.631727,24.221022],[120.631651,24.221029],[120.631601,24.221029],[120.631551,24.221011],[120.631479,24.220963],[120.63142,24.221001],[120.631371,24.221018],[120.631433,24.22109],[120.631584,24.221217],[120.63164,24.221285],[120.6319,24.221674],[120.631924,24.221683],[120.631952,24.22169],[120.631972,24.22169],[120.632055,24.221652],[120.632257,24.221597],[120.632255,24.221584],[120.632452,24.221519],[120.632654,24.221478],[120.632936,24.221435],[120.632934,24.221424]]]}},{"type":"Feature","properties":{"id":"ee6bc07bb57c","name":"臺中市東勢區新成國民小學","level":"國小","basis":"both","data_ym":"201509"},"geometry":{"type":"Polygon","coordinates":[[[120.840695,24.221503],[120.840787,24.221167],[120.840504,24.221271],[120.840208,24.221388],[120.840108,24.221423],[120.839985,24.221125],[120.839883,24.220803],[120.839866,24.220785],[120.83985,24.220783],[120.839705,24.220811],[120.839114,24.220941],[120.839108,24.220999],[120.839069,24.22119],[120.839005,24.221545],[120.838981,24.221709],[120.839024,24.221833],[120.838959,24.221858],[120.839157,24.222204],[120.839306,24.222444],[120.839488,24.222763],[120.840267,24.222836],[120.840294,24.222828],[120.840317,24.222809],[120.840695,24.221503]]]}},{"type":"Feature","properties":{"id":"3cb6324270a3","name":"臺中市大雅區大雅國民小學","level":"國小","basis":"both","data_ym":"202401"},"geometry":{"type":"Polygon","coordinates":[[[120.652363,24.22305],[120.652359,24.222678],[120.652419,24.222534],[120.652438,24.222281],[120.652339,24.222042],[120.652313,24.222035],[120.652376,24.221486],[120.650352,24.221724],[120.650342,24.221885],[120.65001,24.221856],[120.64986,24.222774],[120.65022,24.222817],[120.650228,24.222771],[120.65047,24.222793],[120.650469,24.222912],[120.650828,24.222892],[120.651036,24.222896],[120.651331,24.222949],[120.651607,24.222976],[120.651791,24.223023],[120.652164,24.223154],[120.652209,24.223158],[120.652254,24.223155],[120.652323,24.223134],[120.65236,24.2231],[120.652363,24.22305]]]}},{"type":"Feature","properties":{"id":"1d4c867a7e31","name":"臺中市立大雅國民中學","level":"國中","basis":"both","data_ym":"201712"},"geometry":{"type":"Polygon","coordinates":[[[120.65109,24.225338],[120.651547,24.225261],[120.651855,24.225275],[120.651845,24.225135],[120.65185,24.2251],[120.651827,24.224921],[120.651811,24.224918],[120.651985,24.224541],[120.652182,24.2241],[120.65217,24.224101],[120.652155,24.224069],[120.652068,24.224039],[120.652046,24.224047],[120.652004,24.224037],[120.651998,24.224057],[120.651981,24.224052],[120.651962,24.224024],[120.651967,24.224002],[120.651926,24.223995],[120.651875,24.224],[120.651878,24.223991],[120.651837,24.22398],[120.651844,24.22395],[120.651835,24.223947],[120.651842,24.223916],[120.65183,24.223914],[120.651826,24.223864],[120.651769,24.22377],[120.65126,24.223592],[120.650601,24.22333],[120.650406,24.223265],[120.650158,24.223166],[120.649837,24.223128],[120.649797,24.223165],[120.649682,24.223855],[120.649739,24.22416],[120.649766,24.224161],[120.649765,24.224236],[120.649753,24.224236],[120.649779,24.2245],[120.649779,24.224679],[120.649749,24.224861],[120.649848,24.224885],[120.64984,24.224848],[120.650108,24.224829],[120.650112,24.224816],[120.650156,24.224819],[120.650161,24.224811],[120.650221,24.224787],[120.650233,24.224788],[120.650241,24.224763],[120.650334,24.224728],[120.650438,24.22472],[120.650486,24.224722],[120.650536,24.224733],[120.650742,24.224719],[120.650797,24.224725],[120.650808,24.224749],[120.650831,24.224746],[120.650834,24.224768],[120.650877,24.224764],[120.650971,24.224823],[120.65099,24.224822],[120.651024,24.225087],[120.651033,24.225086],[120.651037,24.225124],[120.651053,24.225122],[120.651057,24.225174],[120.651092,24.225173],[120.651092,24.225192],[120.651077,24.225264],[120.65109,24.225338]]]}},{"type":"Feature","properties":{"id":"888ea08b9d1d","name":"臺中市私立弘文高級中學","level":"高中職","basis":"both","data_ym":"202401"},"geometry":{"type":"Polygon","coordinates":[[[120.704891,24.226169],[120.704807,24.225962],[120.704773,24.225914],[120.704639,24.225777],[120.704562,24.225706],[120.704539,24.225693],[120.70452,24.22569],[120.704425,24.225714],[120.704315,24.225756],[120.704187,24.225796],[120.704161,24.2258],[120.704076,24.225801],[120.703982,24.225785],[120.703905,24.225761],[120.703843,24.225735],[120.703799,24.225686],[120.70377,24.225622],[120.703763,24.225567],[120.703768,24.225503],[120.703774,24.22548],[120.70384,24.225332],[120.703882,24.225274],[120.703897,24.225242],[120.703904,24.225187],[120.70389,24.225049],[120.703881,24.22501],[120.703863,24.224995],[120.703834,24.224983],[120.70286,24.225001],[120.702833,24.225005],[120.702822,24.225011],[120.702816,24.22502],[120.702813,24.225032],[120.702814,24.225072],[120.702833,24.225117],[120.703179,24.225864],[120.703258,24.226023],[120.703261,24.226016],[120.703845,24.227229],[120.704857,24.227252],[120.705082,24.227271],[120.705161,24.22721],[120.70503,24.227049],[120.704924,24.226904],[120.704836,24.22677],[120.704793,24.226686],[120.704774,24.226602],[120.704778,24.226538],[120.704896,24.226232],[120.704891,24.226169]]]}},{"type":"Feature","properties":{"id":"c3d2af34fc86","name":"臺中市立北勢國民中學","level":"國中","basis":"both","data_ym":"201308"},"geometry":{"type":"Polygon","coordinates":[[[120.569843,24.225373],[120.568718,24.22506],[120.568699,24.225067],[120.568249,24.226182],[120.568032,24.226735],[120.568043,24.226759],[120.569303,24.227083],[120.569331,24.227068],[120.569854,24.225394],[120.569843,24.225373]]]}},{"type":"Feature","properties":{"id":"4717a49117cf","name":"臺中市新社區大南國民小學","level":"國小","basis":"both","data_ym":"202401"},"geometry":{"type":"Polygon","coordinates":[[[120.805188,24.227611],[120.805234,24.227528],[120.80622,24.227598],[120.806351,24.227089],[120.80607,24.226809],[120.806095,24.226715],[120.805591,24.226586],[120.805571,24.226586],[120.805527,24.226644],[120.805497,24.226664],[120.80548,24.226666],[120.805449,24.226664],[120.805282,24.226621],[120.804753,24.22662],[120.804514,24.226629],[120.804437,24.22672],[120.80436,24.22672],[120.804361,24.227612],[120.805188,24.227611]]]}},{"type":"Feature","properties":{"id":"cfb12147d5c8","name":"臺中市沙鹿區文光國民小學","level":"國小","basis":"both","data_ym":"201710"},"geometry":{"type":"Polygon","coordinates":[[[120.557593,24.227036],[120.557638,24.226711],[120.557619,24.22662],[120.557446,24.226648],[120.557442,24.226615],[120.557261,24.226653],[120.557122,24.225979],[120.556983,24.226006],[120.556857,24.225571],[120.556093,24.225759],[120.555872,24.225804],[120.555896,24.22584],[120.556414,24.227017],[120.556939,24.226889],[120.557054,24.227232],[120.557593,24.227036]]]}},{"type":"Feature","properties":{"id":"ba00e9cf6ac8","name":"臺中日僑學校","level":"其他","basis":"none","data_ym":"202401"},"geometry":{"type":"Polygon","coordinates":[[[120.627907,24.228936],[120.628591,24.228486],[120.628838,24.228313],[120.629794,24.227665],[120.629397,24.227161],[120.627956,24.228032],[120.627711,24.228198],[120.627708,24.228209],[120.627714,24.228229],[120.627736,24.228258],[120.62753,24.228398],[120.627543,24.228423],[120.627475,24.22846],[120.627614,24.228626],[120.627848,24.228923],[120.627883,24.2289],[120.627907,24.228936]]]}},{"type":"Feature","properties":{"id":"cb008a2ebf8b","name":"臺中市大雅區大明國民小學","level":"國小","basis":"both","data_ym":"201710"},"geometry":{"type":"Polygon","coordinates":[[[120.644076,24.229835],[120.644591,24.229236],[120.644587,24.229209],[120.644582,24.229201],[120.644448,24.229124],[120.644212,24.228935],[120.643751,24.228535],[120.643459,24.228294],[120.64322,24.228526],[120.64319,24.228522],[120.642801,24.228904],[120.64297,24.229074],[120.64293,24.229098],[120.642769,24.229095],[120.642765,24.229099],[120.642918,24.2293],[120.642949,24.229351],[120.64314,24.229295],[120.64315,24.22931],[120.643184,24.229322],[120.643215,24.229342],[120.643415,24.229395],[120.643431,24.229377],[120.643459,24.229401],[120.643462,24.229398],[120.64347,24.229405],[120.643489,24.229387],[120.643517,24.22941],[120.643521,24.229407],[120.643602,24.229475],[120.643599,24.229479],[120.643629,24.229504],[120.643617,24.229514],[120.643938,24.229797],[120.644003,24.229794],[120.644076,24.229835]]]}},{"type":"Feature","properties":{"id":"5b47262e39d7","name":"靜宜大學","level":"大專","basis":"both","data_ym":"201508"},"geometry":{"type":"Polygon","coordinates":[[[120.583153,24.229016],[120.583189,24.229087],[120.58328,24.229023],[120.583283,24.229026],[120.583586,24.228809],[120.583944,24.228538],[120.583981,24.228503],[120.584034,24.228449],[120.584067,24.228407],[120.584133,24.228303],[120.584182,24.228193],[120.584219,24.228087],[120.584305,24.227912],[120.584385,24.227832],[120.584143,24.22665],[120.584123,24.226517],[120.584012,24.226416],[120.583931,24.226317],[120.58386,24.22582],[120.58257,24.225824],[120.582341,24.225819],[120.581068,24.225646],[120.580605,24.225482],[120.580253,24.225361],[120.579959,24.225253],[120.579277,24.225014],[120.579042,24.224914],[120.578985,24.224991],[120.578921,24.224918],[120.577857,24.224552],[120.577245,24.225513],[120.576905,24.226061],[120.577028,24.226287],[120.577104,24.22645],[120.57698,24.226473],[120.577271,24.227445],[120.577602,24.227329],[120.577692,24.227688],[120.578183,24.22914],[120.578516,24.229074],[120.578776,24.229007],[120.578882,24.229003],[120.579025,24.229025],[120.579235,24.22892],[120.579345,24.228891],[120.579465,24.22887],[120.579683,24.228847],[120.57984,24.228919],[120.579858,24.228931],[120.579862,24.229435],[120.579827,24.229574],[120.579846,24.229691],[120.579835,24.229737],[120.579844,24.229865],[120.580024,24.229883],[120.580121,24.229898],[120.580263,24.229902],[120.580437,24.229886],[120.580603,24.229863],[120.580816,24.229811],[120.580843,24.229794],[120.580872,24.229761],[120.581066,24.229659],[120.581163,24.22963],[120.581372,24.229582],[120.581942,24.229465],[120.582138,24.229403],[120.582562,24.229251],[120.582915,24.229119],[120.583153,24.229016]]]}},{"type":"Feature","properties":{"id":"89c02e9d2550","name":"臺中市大雅區汝鎏國民小學","level":"國小","basis":"both","data_ym":"201308"},"geometry":{"type":"Polygon","coordinates":[[[120.627745,24.231142],[120.627795,24.230795],[120.627596,24.230896],[120.627336,24.230494],[120.62618,24.230819],[120.62605,24.230934],[120.626031,24.230917],[120.625991,24.230952],[120.626011,24.230972],[120.625896,24.231086],[120.626128,24.231582],[120.626167,24.231881],[120.626717,24.231927],[120.627582,24.232091],[120.627638,24.231836],[120.627745,24.231142]]]}},{"type":"Feature","properties":{"id":"e2f53f9e2eda","name":"臺中市沙鹿區沙鹿國民小學","level":"國小","basis":"both","data_ym":"201707"},"geometry":{"type":"Polygon","coordinates":[[[120.562144,24.235754],[120.562059,24.235591],[120.561996,24.235403],[120.561889,24.234954],[120.561835,24.234695],[120.561782,24.234703],[120.561743,24.234521],[120.561719,24.234495],[120.561671,24.234485],[120.561566,24.234488],[120.561433,24.23445],[120.561303,24.234511],[120.560958,24.234647],[120.561092,24.235183],[120.561238,24.235856],[120.561269,24.235888],[120.561288,24.235893],[120.561714,24.235829],[120.562095,24.235778],[120.562144,24.235754]]]}},{"type":"Feature","properties":{"id":"9914a3192f7e","name":"臺中市立沙鹿國民中學","level":"國中","basis":"both","data_ym":"201707"},"geometry":{"type":"Polygon","coordinates":[[[120.561761,24.234607],[120.561782,24.234703],[120.561835,24.234695],[120.561889,24.234954],[120.561996,24.235403],[120.562059,24.235591],[120.562189,24.23585],[120.562321,24.235901],[120.562657,24.235998],[120.562846,24.236044],[120.562981,24.23604],[120.563199,24.236001],[120.563354,24.235965],[120.563485,24.235924],[120.563499,24.235909],[120.563518,24.235873],[120.563778,24.235776],[120.563817,24.235756],[120.563834,24.23574],[120.563836,24.235716],[120.563831,24.235701],[120.563427,24.235091],[120.563429,24.234994],[120.563437,24.23499],[120.563433,24.234984],[120.563436,24.234982],[120.563063,24.234445],[120.562707,24.233918],[120.562342,24.234043],[120.562248,24.234141],[120.562318,24.234333],[120.562271,24.234344],[120.562289,24.234523],[120.562099,24.234549],[120.561761,24.234607]]]}},{"type":"Feature","properties":{"id":"2a7274edff55","name":"臺中市和平區中坑國民小學","level":"國小","basis":"both","data_ym":"201712"},"geometry":{"type":"Polygon","coordinates":[[[120.880016,24.237105],[120.880029,24.237053],[120.88009,24.23707],[120.880133,24.236982],[120.880124,24.236959],[120.880054,24.236933],[120.880073,24.236888],[120.880178,24.236918],[120.880288,24.23666],[120.880342,24.236469],[120.880352,24.236404],[120.880109,24.236333],[120.879963,24.236335],[120.879739,24.236314],[120.879593,24.236431],[120.879487,24.236753],[120.87953,24.236825],[120.879694,24.236867],[120.879688,24.236887],[120.879858,24.23693],[120.879844,24.237001],[120.879982,24.237035],[120.879966,24.237091],[120.880016,24.237105]]]}},{"type":"Feature","properties":{"id":"abd45fa4b0f7","name":"臺中市大雅區上楓國民小學","level":"國小","basis":"both","data_ym":"202401"},"geometry":{"type":"Polygon","coordinates":[[[120.66693,24.237666],[120.667332,24.237475],[120.667618,24.237354],[120.667872,24.237239],[120.667421,24.236512],[120.667386,24.236467],[120.667307,24.236341],[120.667315,24.236276],[120.667336,24.236277],[120.667432,24.236148],[120.667397,24.236126],[120.66739,24.236097],[120.667123,24.235917],[120.667096,24.23592],[120.667059,24.235906],[120.667051,24.235894],[120.667046,24.235893],[120.666735,24.236036],[120.666753,24.236068],[120.666718,24.236083],[120.66673,24.236107],[120.666622,24.236156],[120.66659,24.236101],[120.666267,24.23626],[120.666162,24.236307],[120.666205,24.236421],[120.666261,24.236516],[120.666291,24.236602],[120.666317,24.236643],[120.666428,24.236725],[120.666502,24.236763],[120.666586,24.236797],[120.666612,24.236841],[120.66635,24.23698],[120.666519,24.237205],[120.666789,24.237544],[120.666814,24.23753],[120.66693,24.237666]]]}},{"type":"Feature","properties":{"id":"7959f9dd191b","name":"臺中市東勢區石角國民小學","level":"國小","basis":"both","data_ym":"201712"},"geometry":{"type":"Polygon","coordinates":[[[120.850438,24.238206],[120.850721,24.237873],[120.850737,24.237821],[120.850829,24.237705],[120.850361,24.237472],[120.850041,24.237472],[120.849955,24.237475],[120.849891,24.237468],[120.849691,24.237882],[120.849856,24.237978],[120.84988,24.23798],[120.850241,24.23818],[120.85026,24.238152],[120.850398,24.23823],[120.850438,24.238206]]]}},{"type":"Feature","properties":{"id":"efa6682811bd","name":"臺中市豐原區豐田國民小學","level":"國小","basis":"both","data_ym":"202401"},"geometry":{"type":"Polygon","coordinates":[[[120.722363,24.238031],[120.722353,24.237578],[120.722357,24.237578],[120.722347,24.237047],[120.722346,24.236734],[120.722337,24.236719],[120.722314,24.236717],[120.721694,24.236765],[120.721633,24.236839],[120.721455,24.236853],[120.721453,24.236827],[120.72139,24.23683],[120.721343,24.236791],[120.721324,24.236792],[120.721323,24.236782],[120.721234,24.236785],[120.721233,24.236771],[120.721024,24.236786],[120.721025,24.236806],[120.720466,24.236833],[120.720491,24.237365],[120.720568,24.238745],[120.72187,24.238112],[120.721981,24.238073],[120.722111,24.238046],[120.722363,24.238031]]]}},{"type":"Feature","properties":{"id":"9d4d0d10f15c","name":"臺中市沙鹿區竹林國民小學","level":"國小","basis":"both","data_ym":"202401"},"geometry":{"type":"Polygon","coordinates":[[[120.566177,24.237469],[120.566247,24.237722],[120.566401,24.237692],[120.566709,24.238555],[120.567767,24.238168],[120.567859,24.23813],[120.567745,24.237987],[120.567779,24.237972],[120.567739,24.237521],[120.567831,24.237487],[120.567782,24.237336],[120.567651,24.237337],[120.567619,24.237184],[120.566872,24.237309],[120.566874,24.23732],[120.566865,24.237324],[120.566423,24.237402],[120.566344,24.237394],[120.566289,24.237402],[120.5663,24.237435],[120.566177,24.237469]]]}},{"type":"Feature","properties":{"id":"bdcc2924887f","name":"臺中市大雅區六寶國民小學","level":"國小","basis":"both","data_ym":"202401"},"geometry":{"type":"Polygon","coordinates":[[[120.635634,24.23796],[120.635571,24.237894],[120.63553,24.237923],[120.635212,24.238292],[120.635159,24.238369],[120.634874,24.238719],[120.635316,24.238896],[120.635421,24.238962],[120.635365,24.239072],[120.635684,24.239233],[120.635939,24.238948],[120.636048,24.238842],[120.636191,24.238723],[120.636211,24.238691],[120.636156,24.238614],[120.636003,24.238483],[120.63597,24.238425],[120.635957,24.238372],[120.635944,24.238346],[120.635797,24.238147],[120.635634,24.23796]]]}},{"type":"Feature","properties":{"id":"7edf9bc642d0","name":"臺中市立新社高級中學","level":"高中職","basis":"both","data_ym":"202401"},"geometry":{"type":"Polygon","coordinates":[[[120.809598,24.238172],[120.809629,24.238015],[120.809183,24.238053],[120.809142,24.237775],[120.80917,24.237519],[120.809317,24.237536],[120.809332,24.237421],[120.809426,24.237431],[120.809508,24.236503],[120.808927,24.236458],[120.808937,24.2363],[120.808993,24.235881],[120.809036,24.235772],[120.808999,24.235761],[120.808642,24.235686],[120.808011,24.235542],[120.808114,24.235134],[120.808107,24.235087],[120.808083,24.23506],[120.808066,24.235048],[120.807389,24.234934],[120.806534,24.234825],[120.806416,24.234804],[120.806266,24.235378],[120.806175,24.235684],[120.806106,24.235766],[120.806006,24.236003],[120.805986,24.236014],[120.805954,24.236394],[120.805533,24.236642],[120.805659,24.236834],[120.806021,24.237354],[120.80614,24.237549],[120.806823,24.237775],[120.807054,24.237799],[120.80713,24.237801],[120.807111,24.238021],[120.80707,24.238383],[120.807059,24.238424],[120.807038,24.238459],[120.807008,24.238491],[120.806839,24.238587],[120.806919,24.238711],[120.806938,24.238733],[120.807253,24.239238],[120.808056,24.238793],[120.808283,24.238721],[120.808397,24.238704],[120.80834,24.238607],[120.808313,24.23855],[120.808269,24.238448],[120.808136,24.238097],[120.808112,24.238062],[120.808061,24.238037],[120.80801,24.238022],[120.807456,24.237925],[120.807339,24.237931],[120.807326,24.237925],[120.807311,24.237912],[120.807277,24.237873],[120.807264,24.237872],[120.807266,24.237847],[120.80748,24.237911],[120.808015,24.238005],[120.808061,24.238018],[120.808113,24.23804],[120.808133,24.238057],[120.808154,24.238089],[120.808198,24.2382],[120.808394,24.23864],[120.808757,24.239158],[120.809053,24.239649],[120.80923,24.239655],[120.809407,24.238908],[120.809541,24.238412],[120.809598,24.238172]]]}},{"type":"Feature","properties":{"id":"904bbb5858cb","name":"臺中市立沙鹿工業高級中等學校","level":"高中職","basis":"name","data_ym":"201712"},"geometry":{"type":"Polygon","coordinates":[[[120.566709,24.238555],[120.566401,24.237692],[120.566247,24.237722],[120.566177,24.237469],[120.566139,24.237457],[120.564495,24.237673],[120.564744,24.239223],[120.564751,24.239249],[120.564767,24.239268],[120.566709,24.238555]]]}},{"type":"Feature","properties":{"id":"d052dc44fcbe","name":"臺中市立豐南國民中學","level":"國中","basis":"both","data_ym":"201509"},"geometry":{"type":"Polygon","coordinates":[[[120.717714,24.238834],[120.717639,24.238684],[120.717013,24.238971],[120.716387,24.239282],[120.716502,24.239748],[120.716663,24.240348],[120.716906,24.240848],[120.716985,24.241027],[120.718156,24.240551],[120.718157,24.240318],[120.718151,24.240253],[120.718137,24.240198],[120.7181,24.240144],[120.717911,24.23991],[120.717847,24.239821],[120.717799,24.239725],[120.717768,24.239643],[120.71775,24.23949],[120.717753,24.239113],[120.717745,24.238996],[120.717732,24.238892],[120.717714,24.238834]]]}},{"type":"Feature","properties":{"id":"10116ea652ed","name":"臺中市豐原區合作國民小學","level":"國小","basis":"both","data_ym":"202401"},"geometry":{"type":"Polygon","coordinates":[[[120.703789,24.239116],[120.703737,24.239078],[120.703499,24.239306],[120.703401,24.239421],[120.703411,24.239426],[120.703413,24.239998],[120.703484,24.240042],[120.703485,24.240105],[120.703498,24.240113],[120.703501,24.240227],[120.703488,24.240236],[120.703489,24.240301],[120.703408,24.240344],[120.703413,24.241089],[120.70372,24.241265],[120.703743,24.24123],[120.704017,24.241115],[120.704219,24.240964],[120.704473,24.240783],[120.70486,24.240489],[120.704682,24.240098],[120.704652,24.240053],[120.704383,24.239707],[120.70434,24.239694],[120.704182,24.239484],[120.703906,24.239162],[120.703807,24.239159],[120.703782,24.239126],[120.703789,24.239116]]]}},{"type":"Feature","properties":{"id":"804eccc15083","name":"臺中市梧棲區中港國民小學","level":"國小","basis":"both","data_ym":"201508"},"geometry":{"type":"Polygon","coordinates":[[[120.555785,24.240952],[120.555714,24.240844],[120.555638,24.240872],[120.555564,24.240696],[120.555228,24.240382],[120.554936,24.240168],[120.554766,24.240067],[120.55464,24.240013],[120.554523,24.239975],[120.554378,24.239939],[120.554138,24.239895],[120.553946,24.239869],[120.553927,24.239878],[120.55438,24.240888],[120.554654,24.241522],[120.55585,24.241097],[120.555785,24.240952]]]}},{"type":"Feature","properties":{"id":"c723e343a7da","name":"臺中市新社區崑山國民小學","level":"國小","basis":"both","data_ym":"202401"},"geometry":{"type":"Polygon","coordinates":[[[120.787705,24.241791],[120.788058,24.241335],[120.788056,24.241324],[120.787654,24.241101],[120.787525,24.241047],[120.787462,24.241025],[120.787239,24.241159],[120.787259,24.241182],[120.787075,24.241357],[120.787,24.241294],[120.786744,24.241442],[120.78674,24.241448],[120.787016,24.241755],[120.787055,24.241786],[120.787058,24.241807],[120.787308,24.24196],[120.787474,24.242055],[120.787599,24.2419],[120.787705,24.241791]]]}},{"type":"Feature","properties":{"id":"c7e4f842468c","name":"臺中市新社區新社國民小學","level":"國小","basis":"both","data_ym":"201712"},"geometry":{"type":"Polygon","coordinates":[[[120.811224,24.24219],[120.811314,24.241897],[120.811738,24.242011],[120.812001,24.241272],[120.812224,24.240665],[120.811928,24.240608],[120.811637,24.240566],[120.811572,24.240594],[120.811517,24.240589],[120.811519,24.240547],[120.809913,24.240333],[120.809909,24.24037],[120.809265,24.240234],[120.809347,24.240413],[120.809832,24.240537],[120.809751,24.240833],[120.80962,24.24091],[120.809777,24.241072],[120.809801,24.2411],[120.809815,24.241125],[120.809847,24.241197],[120.80988,24.241293],[120.809944,24.241581],[120.809956,24.241619],[120.810075,24.241896],[120.810689,24.242048],[120.810839,24.24209],[120.810837,24.242097],[120.811224,24.24219]]]}},{"type":"Feature","properties":{"id":"037bd6a141db","name":"臺中市立東勢工業高級中等學校","level":"高中職","basis":"name","data_ym":"202201"},"geometry":{"type":"Polygon","coordinates":[[[120.835354,24.243359],[120.835413,24.24151],[120.836988,24.241558],[120.83696,24.241535],[120.836931,24.241495],[120.836903,24.241426],[120.836849,24.24116],[120.836809,24.240921],[120.836811,24.240819],[120.836848,24.240391],[120.836842,24.240355],[120.836805,24.240321],[120.83674,24.240301],[120.836717,24.240281],[120.836701,24.240253],[120.836711,24.240055],[120.83672,24.239709],[120.836756,24.239105],[120.836741,24.2391],[120.836604,24.238996],[120.836321,24.238757],[120.836281,24.238729],[120.836006,24.238574],[120.83599,24.238569],[120.835731,24.238551],[120.835715,24.238643],[120.835668,24.238771],[120.835522,24.238978],[120.835331,24.239228],[120.835143,24.239423],[120.835105,24.239469],[120.835068,24.239526],[120.835029,24.239634],[120.834953,24.239876],[120.834849,24.240239],[120.834845,24.240268],[120.83485,24.240314],[120.834849,24.240359],[120.834828,24.240412],[120.834747,24.240541],[120.834621,24.240681],[120.834377,24.240997],[120.834243,24.241155],[120.834158,24.241239],[120.833896,24.241435],[120.83386,24.241472],[120.83363,24.243102],[120.833594,24.243294],[120.835354,24.243359]]]}},{"type":"Feature","properties":{"id":"d175d7c9bfa8","name":"臺中市豐原區福陽國民小學","level":"國小","basis":"both","data_ym":"201712"},"geometry":{"type":"Polygon","coordinates":[[[120.736123,24.242169],[120.735849,24.24215],[120.735312,24.242225],[120.735345,24.242395],[120.73532,24.242398],[120.735336,24.242502],[120.735255,24.242512],[120.73538,24.243284],[120.735428,24.243316],[120.736594,24.243173],[120.736817,24.243134],[120.736718,24.24277],[120.736649,24.242642],[120.73673,24.242207],[120.736538,24.242186],[120.736123,24.242169]]]}},{"type":"Feature","properties":{"id":"48221ff073d8","name":"臺中市東勢區新盛國民小學","level":"國小","basis":"both","data_ym":"201509"},"geometry":{"type":"Polygon","coordinates":[[[120.830766,24.242488],[120.830725,24.24248],[120.830245,24.243007],[120.830098,24.243665],[120.83066,24.243758],[120.831796,24.24392],[120.831968,24.242721],[120.830818,24.242514],[120.830792,24.242508],[120.830766,24.242488]]]}},{"type":"Feature","properties":{"id":"0dbc6b7c7260","name":"臺中市梧棲區大德國民小學","level":"國小","basis":"both","data_ym":"201308"},"geometry":{"type":"Polygon","coordinates":[[[120.542817,24.242316],[120.542791,24.242314],[120.542237,24.242482],[120.541436,24.242734],[120.541428,24.24274],[120.541422,24.242752],[120.541427,24.242782],[120.541612,24.243169],[120.541872,24.243803],[120.541882,24.243811],[120.541915,24.243813],[120.542327,24.243688],[120.542641,24.243601],[120.543237,24.243415],[120.543245,24.243405],[120.543239,24.243365],[120.542832,24.242325],[120.542817,24.242316]]]}},{"type":"Feature","properties":{"id":"434ea4e50b01","name":"臺中市沙鹿區公明國民小學","level":"國小","basis":"both","data_ym":"202401"},"geometry":{"type":"Polygon","coordinates":[[[120.609642,24.244123],[120.609596,24.244028],[120.609587,24.244034],[120.609501,24.243862],[120.610129,24.243869],[120.610304,24.242955],[120.609355,24.24319],[120.60931,24.243205],[120.609098,24.243285],[120.609106,24.243304],[120.608957,24.243362],[120.608828,24.243428],[120.608665,24.243525],[120.608547,24.243607],[120.608676,24.243823],[120.609012,24.244285],[120.609055,24.24433],[120.609059,24.244368],[120.609153,24.244343],[120.609489,24.244228],[120.609663,24.244181],[120.609642,24.244123]]]}},{"type":"Feature","properties":{"id":"ab9a3af36659","name":"臺中市立鹿寮國民中學","level":"國中","basis":"both","data_ym":"201707"},"geometry":{"type":"Polygon","coordinates":[[[120.566835,24.24379],[120.566763,24.243761],[120.56676,24.243767],[120.566048,24.243462],[120.565928,24.243756],[120.566161,24.245116],[120.567611,24.245682],[120.56768,24.245552],[120.567504,24.24451],[120.567456,24.244169],[120.567432,24.244055],[120.566832,24.243798],[120.566835,24.24379]]]}},{"type":"Feature","properties":{"id":"4005adefd2e2","name":"臺中市神岡區社口國民小學","level":"國小","basis":"both","data_ym":"201712"},"geometry":{"type":"Polygon","coordinates":[[[120.684885,24.246121],[120.684962,24.246072],[120.684982,24.246079],[120.685044,24.246036],[120.685044,24.246019],[120.685064,24.246007],[120.685055,24.245994],[120.685276,24.245877],[120.685295,24.245862],[120.685279,24.245843],[120.685325,24.245809],[120.685337,24.245824],[120.685706,24.245583],[120.685851,24.245532],[120.685856,24.245542],[120.685915,24.245521],[120.686035,24.245445],[120.686089,24.245016],[120.686095,24.245011],[120.685888,24.244822],[120.685524,24.244505],[120.685507,24.2445],[120.68549,24.244501],[120.685454,24.244513],[120.685364,24.244598],[120.684953,24.244947],[120.684969,24.244965],[120.684726,24.245135],[120.684682,24.245146],[120.684558,24.245156],[120.684528,24.245154],[120.684481,24.245125],[120.684236,24.245152],[120.684108,24.245158],[120.684077,24.245164],[120.68418,24.245279],[120.684885,24.246121]]]}},{"type":"Feature","properties":{"id":"11de48b0afc3","name":"臺中市梧棲區梧南國民小學","level":"國小","basis":"both","data_ym":"201710"},"geometry":{"type":"Polygon","coordinates":[[[120.528753,24.244451],[120.528697,24.244328],[120.528041,24.244423],[120.528031,24.244429],[120.528425,24.246302],[120.529421,24.24604],[120.528753,24.244451]]]}},{"type":"Feature","properties":{"id":"2f50b6f33369","name":"臺中市立豐原商業高級中等學校","level":"高中職","basis":"name","data_ym":"202201"},"geometry":{"type":"Polygon","coordinates":[[[120.714969,24.24715],[120.714442,24.245364],[120.714406,24.245379],[120.714287,24.245357],[120.714206,24.24526],[120.712568,24.245859],[120.712557,24.245894],[120.712745,24.246519],[120.712843,24.246962],[120.713433,24.247134],[120.713625,24.247246],[120.714229,24.247333],[120.714969,24.24715]]]}},{"type":"Feature","properties":{"id":"13d0ffa30064","name":"臺中市立神岡工業高級中等學校","level":"高中職","basis":"name","data_ym":"202401"},"geometry":{"type":"Polygon","coordinates":[[[120.681821,24.247007],[120.681891,24.246979],[120.6819,24.246958],[120.681916,24.246964],[120.681952,24.246879],[120.681969,24.246824],[120.682016,24.246801],[120.681962,24.246719],[120.681961,24.246699],[120.681742,24.246429],[120.681638,24.246272],[120.681297,24.2457],[120.681276,24.245711],[120.681249,24.24567],[120.681234,24.24567],[120.681175,24.2457],[120.68116,24.24567],[120.680947,24.245653],[120.680744,24.245629],[120.68034,24.245488],[120.680312,24.245488],[120.680123,24.245535],[120.680193,24.245853],[120.680162,24.245882],[120.680267,24.246299],[120.680277,24.246297],[120.680335,24.246485],[120.680434,24.246859],[120.680464,24.246939],[120.680498,24.246978],[120.680525,24.24702],[120.68059,24.246998],[120.680884,24.247473],[120.681252,24.247304],[120.681804,24.247027],[120.681821,24.247007]]]}},{"type":"Feature","properties":{"id":"0e6e646c7a8e","name":"臺中市立豐東國民中學","level":"國中","basis":"both","data_ym":"201712"},"geometry":{"type":"Polygon","coordinates":[[[120.729016,24.248689],[120.7295,24.248503],[120.729814,24.248359],[120.729818,24.248357],[120.729806,24.248331],[120.729909,24.248288],[120.729886,24.248246],[120.729898,24.248225],[120.729988,24.248185],[120.729604,24.247466],[120.729086,24.246536],[120.729067,24.246522],[120.729036,24.246521],[120.729005,24.246527],[120.728457,24.246943],[120.728222,24.247065],[120.728025,24.247143],[120.728101,24.247296],[120.728192,24.247457],[120.728273,24.247455],[120.728286,24.247551],[120.728283,24.247572],[120.728347,24.247727],[120.728628,24.248078],[120.728738,24.248332],[120.728948,24.248726],[120.72902,24.2487],[120.729016,24.248689]]]}},{"type":"Feature","properties":{"id":"d8c4c434d50e","name":"臺中市豐原區南陽國民小學","level":"國小","basis":"both","data_ym":"201509"},"geometry":{"type":"Polygon","coordinates":[[[120.723781,24.247491],[120.723757,24.24749],[120.722867,24.248188],[120.722744,24.248332],[120.72268,24.248338],[120.722678,24.248471],[120.722526,24.248514],[120.722517,24.248547],[120.723506,24.249679],[120.72479,24.248799],[120.724788,24.248791],[120.724452,24.24833],[120.723825,24.247501],[120.723781,24.247491]]]}},{"type":"Feature","properties":{"id":"fcddce47a684","name":"臺中市立公明國民中學","level":"國中","basis":"both","data_ym":"201508"},"geometry":{"type":"Polygon","coordinates":[[[120.600018,24.249834],[120.599921,24.249346],[120.599868,24.249297],[120.59982,24.24923],[120.599797,24.249184],[120.599773,24.249069],[120.599813,24.249062],[120.599764,24.248835],[120.600485,24.248726],[120.600401,24.248273],[120.599005,24.248457],[120.598962,24.248462],[120.598956,24.248449],[120.598376,24.24852],[120.598404,24.249043],[120.598401,24.249061],[120.598392,24.249083],[120.598382,24.249096],[120.598256,24.249145],[120.598456,24.249423],[120.598445,24.249432],[120.598518,24.249531],[120.598607,24.249517],[120.598634,24.249678],[120.598675,24.249674],[120.598709,24.249857],[120.598741,24.249899],[120.599494,24.249902],[120.599672,24.249887],[120.600018,24.249834]]]}},{"type":"Feature","properties":{"id":"36bc5d7e3aca","name":"臺中市神岡區岸裡國民小學","level":"國小","basis":"both","data_ym":"201712"},"geometry":{"type":"Polygon","coordinates":[[[120.697857,24.250137],[120.698057,24.249877],[120.698086,24.249862],[120.698353,24.249853],[120.698354,24.249752],[120.698361,24.249663],[120.698372,24.249602],[120.698371,24.249582],[120.698262,24.249437],[120.698224,24.249372],[120.698183,24.249321],[120.698022,24.249166],[120.697976,24.249107],[120.697864,24.248948],[120.697826,24.248908],[120.697792,24.24889],[120.697737,24.248879],[120.697743,24.248832],[120.696809,24.248696],[120.696806,24.248717],[120.69679,24.248714],[120.69676,24.248951],[120.696392,24.248882],[120.696263,24.24912],[120.696232,24.249109],[120.696197,24.249401],[120.696389,24.249538],[120.696341,24.249633],[120.696648,24.249728],[120.696799,24.249789],[120.696813,24.249785],[120.697081,24.249879],[120.69716,24.249912],[120.697179,24.249881],[120.69724,24.249908],[120.697222,24.249946],[120.697281,24.249969],[120.697274,24.249983],[120.697755,24.250172],[120.697802,24.250168],[120.697857,24.250137]]]}},{"type":"Feature","properties":{"id":"17eccfdda0e4","name":"臺中市私立玉山高級中學","level":"高中職","basis":"both","data_ym":"202201"},"geometry":{"type":"Polygon","coordinates":[[[120.845323,24.250426],[120.845285,24.250033],[120.845248,24.249749],[120.845224,24.249731],[120.845217,24.249625],[120.84521,24.249615],[120.844603,24.249553],[120.844349,24.249555],[120.844315,24.249414],[120.844274,24.249383],[120.844132,24.249372],[120.843903,24.24939],[120.843933,24.249607],[120.843948,24.249673],[120.843959,24.2498],[120.843954,24.249812],[120.843941,24.249829],[120.843668,24.24986],[120.843644,24.249864],[120.84362,24.249878],[120.843603,24.249943],[120.84359,24.250059],[120.84358,24.250085],[120.843572,24.250194],[120.843576,24.250197],[120.843588,24.250197],[120.843595,24.250189],[120.843647,24.250116],[120.843666,24.250098],[120.843692,24.250091],[120.843963,24.250104],[120.843952,24.250168],[120.843727,24.250146],[120.843693,24.250152],[120.843643,24.250216],[120.843576,24.250371],[120.843574,24.25041],[120.843582,24.250425],[120.843648,24.250472],[120.843963,24.250564],[120.844115,24.250595],[120.845135,24.250694],[120.845355,24.250669],[120.845363,24.250659],[120.845376,24.250455],[120.845323,24.250426]]]}},{"type":"Feature","properties":{"id":"ced36c04a05b","name":"臺中市立東勢國民中學","level":"國中","basis":"both","data_ym":"201712"},"geometry":{"type":"Polygon","coordinates":[[[120.832633,24.250884],[120.832849,24.250844],[120.83295,24.250796],[120.832955,24.250792],[120.832917,24.250691],[120.833183,24.250594],[120.832987,24.250412],[120.832931,24.25016],[120.832927,24.250021],[120.832963,24.249791],[120.832852,24.249769],[120.832798,24.249781],[120.832775,24.249777],[120.832767,24.249787],[120.832674,24.249803],[120.832606,24.24979],[120.832582,24.249801],[120.832568,24.249798],[120.832563,24.24981],[120.832519,24.249797],[120.832511,24.249836],[120.832465,24.249825],[120.832441,24.249848],[120.83237,24.249849],[120.832174,24.24976],[120.832057,24.24974],[120.831632,24.249625],[120.831465,24.25035],[120.831532,24.251021],[120.831545,24.251066],[120.831841,24.251061],[120.832151,24.251045],[120.832146,24.250981],[120.832242,24.250962],[120.832243,24.250885],[120.832345,24.250882],[120.832345,24.250914],[120.83236,24.250914],[120.832358,24.25129],[120.832426,24.25128],[120.832416,24.250994],[120.83259,24.250958],[120.832586,24.25093],[120.832639,24.250925],[120.832633,24.250884]]]}},{"type":"Feature","properties":{"id":"2744050cf9ca","name":"臺中市梧棲區中正國民小學","level":"國小","basis":"both","data_ym":"201707"},"geometry":{"type":"Polygon","coordinates":[[[120.538886,24.250415],[120.538718,24.24968],[120.53815,24.249876],[120.53785,24.249974],[120.537783,24.250108],[120.5378,24.250156],[120.537766,24.250215],[120.537723,24.250229],[120.537384,24.250928],[120.537166,24.251407],[120.537158,24.251433],[120.537156,24.251466],[120.537165,24.251497],[120.53743,24.252111],[120.53829,24.251798],[120.539128,24.251477],[120.539041,24.251089],[120.538996,24.251075],[120.538979,24.251006],[120.539014,24.250977],[120.538892,24.250428],[120.538886,24.250415]]]}},{"type":"Feature","properties":{"id":"0f5bb1a34e85","name":"臺中市豐原區富春國民小學","level":"國小","basis":"both","data_ym":"201712"},"geometry":{"type":"Polygon","coordinates":[[[120.71362,24.253001],[120.713628,24.252945],[120.713667,24.252949],[120.713673,24.252918],[120.713828,24.252796],[120.714055,24.2526],[120.714089,24.252357],[120.714177,24.251829],[120.714158,24.251801],[120.712649,24.251638],[120.712633,24.251643],[120.712448,24.25283],[120.712445,24.252832],[120.712547,24.252841],[120.713408,24.252983],[120.71362,24.253001]]]}},{"type":"Feature","properties":{"id":"277835a3c5f8","name":"臺中市東勢區中山國民小學","level":"國小","basis":"both","data_ym":"201712"},"geometry":{"type":"Polygon","coordinates":[[[120.83604,24.25332],[120.836599,24.25244],[120.835214,24.252188],[120.835007,24.253263],[120.835065,24.253314],[120.835248,24.253311],[120.835996,24.253327],[120.836023,24.253325],[120.83604,24.25332]]]}},{"type":"Feature","properties":{"id":"606a503f9a83","name":"臺中市梧棲區梧棲國民小學","level":"國小","basis":"both","data_ym":"201308"},"geometry":{"type":"Polygon","coordinates":[[[120.531288,24.25297],[120.532225,24.252413],[120.532228,24.252391],[120.531982,24.251879],[120.531745,24.252007],[120.53168,24.251963],[120.531646,24.251953],[120.531627,24.251953],[120.531599,24.251961],[120.531571,24.251978],[120.531566,24.251983],[120.531566,24.252],[120.53152,24.252019],[120.531482,24.252029],[120.531396,24.25203],[120.531363,24.252035],[120.531291,24.252062],[120.531258,24.252055],[120.53122,24.252067],[120.531199,24.252093],[120.531152,24.252111],[120.531124,24.252102],[120.531082,24.252113],[120.531069,24.25214],[120.531032,24.252157],[120.530998,24.252152],[120.530945,24.252167],[120.530935,24.25219],[120.530882,24.252207],[120.530858,24.252199],[120.530699,24.252256],[120.530707,24.252272],[120.530608,24.252303],[120.5306,24.25229],[120.530581,24.252297],[120.530588,24.252315],[120.530548,24.252335],[120.530484,24.252357],[120.530477,24.25234],[120.530447,24.252349],[120.530455,24.252369],[120.530384,24.252394],[120.53034,24.252388],[120.530174,24.252446],[120.530154,24.252475],[120.530119,24.252489],[120.530083,24.252483],[120.530032,24.2525],[120.530022,24.252526],[120.529984,24.252539],[120.529954,24.252528],[120.529873,24.252561],[120.529837,24.252621],[120.529823,24.252669],[120.529813,24.252722],[120.529816,24.252756],[120.529825,24.252793],[120.530176,24.25359],[120.530185,24.253607],[120.530196,24.253613],[120.530215,24.25361],[120.530321,24.253552],[120.531065,24.253108],[120.531288,24.25297]]]}},{"type":"Feature","properties":{"id":"a12d02c2c1a5","name":"臺中市立梧棲國民中學","level":"國中","basis":"both","data_ym":"201508"},"geometry":{"type":"Polygon","coordinates":[[[120.533539,24.253939],[120.533585,24.253845],[120.533679,24.253708],[120.533834,24.25353],[120.533979,24.253378],[120.533986,24.253361],[120.533487,24.251975],[120.533469,24.251958],[120.533453,24.251953],[120.533426,24.251955],[120.532098,24.252742],[120.532124,24.252861],[120.532111,24.252953],[120.532104,24.253076],[120.532105,24.253388],[120.532111,24.253664],[120.532118,24.25376],[120.53213,24.253801],[120.532149,24.253845],[120.532202,24.253904],[120.532369,24.253848],[120.532431,24.253969],[120.532447,24.253978],[120.53247,24.253978],[120.532786,24.253919],[120.53293,24.253915],[120.533071,24.253937],[120.533225,24.253983],[120.53348,24.254079],[120.533539,24.253939]]]}},{"type":"Feature","properties":{"id":"125daf928432","name":"臺中市豐原區豐村國民小學","level":"國小","basis":"both","data_ym":"201308"},"geometry":{"type":"Polygon","coordinates":[[[120.737067,24.255621],[120.737122,24.254703],[120.737141,24.25431],[120.73713,24.253749],[120.737024,24.253626],[120.736488,24.253588],[120.736462,24.253567],[120.736312,24.253559],[120.736193,24.253537],[120.735687,24.253504],[120.735651,24.25399],[120.735566,24.254847],[120.735539,24.255234],[120.735536,24.255368],[120.735528,24.255477],[120.737067,24.255621]]]}},{"type":"Feature","properties":{"id":"54307cde6522","name":"臺中市豐原區豐原國民小學","level":"國小","basis":"both","data_ym":"202312"},"geometry":{"type":"Polygon","coordinates":[[[120.720837,24.254011],[120.719325,24.253811],[120.719223,24.254435],[120.719172,24.254792],[120.719424,24.254916],[120.719523,24.25499],[120.719558,24.255031],[120.719591,24.255063],[120.719785,24.255161],[120.719839,24.255198],[120.719889,24.255241],[120.719974,24.255295],[120.720226,24.25543],[120.720443,24.25554],[120.720512,24.255565],[120.720733,24.255617],[120.720804,24.25562],[120.721121,24.255606],[120.721318,24.255602],[120.721311,24.255309],[120.721616,24.255304],[120.721528,24.255231],[120.721425,24.255114],[120.721296,24.254898],[120.721173,24.254656],[120.721122,24.254547],[120.721093,24.254519],[120.720837,24.254011]]]}},{"type":"Feature","properties":{"id":"6d465544aa0e","name":"臺中市沙鹿區鹿峰國民小學","level":"國小","basis":"both","data_ym":"201710"},"geometry":{"type":"Polygon","coordinates":[[[120.571795,24.256976],[120.571635,24.256724],[120.571274,24.256111],[120.57123,24.256043],[120.571197,24.256059],[120.571171,24.256018],[120.571205,24.255998],[120.571108,24.255835],[120.571026,24.255726],[120.570922,24.255638],[120.57082,24.255569],[120.570736,24.255528],[120.570573,24.255486],[120.570449,24.25547],[120.570335,24.255464],[120.570286,24.255464],[120.570114,24.255504],[120.570052,24.255524],[120.56985,24.255624],[120.569402,24.255835],[120.569366,24.255873],[120.569357,24.255894],[120.569353,24.255922],[120.569359,24.255983],[120.569619,24.256444],[120.569663,24.25653],[120.569704,24.256539],[120.56973,24.256562],[120.569747,24.256594],[120.56975,24.256623],[120.569742,24.256659],[120.569797,24.256758],[120.570331,24.256485],[120.570576,24.256887],[120.570559,24.256896],[120.570603,24.256968],[120.57062,24.256959],[120.570964,24.25751],[120.571779,24.257092],[120.571794,24.257064],[120.5718,24.257041],[120.571795,24.256976]]]}},{"type":"Feature","properties":{"id":"e785f9a99143","name":"臺中市立豐原高級中等學校","level":"高中職","basis":"both","data_ym":"201910"},"geometry":{"type":"Polygon","coordinates":[[[120.742362,24.258353],[120.742577,24.258276],[120.742671,24.258443],[120.74284,24.258386],[120.742973,24.25832],[120.742868,24.258102],[120.742991,24.258046],[120.7431,24.258257],[120.743231,24.258193],[120.743624,24.257974],[120.743362,24.257534],[120.743335,24.257515],[120.743117,24.257161],[120.743058,24.257071],[120.742987,24.256975],[120.742818,24.256684],[120.742659,24.256373],[120.742629,24.256334],[120.742273,24.255759],[120.741717,24.255787],[120.741639,24.255815],[120.741263,24.255832],[120.741319,24.256211],[120.74143,24.256366],[120.741451,24.256405],[120.741457,24.256558],[120.741274,24.256682],[120.740967,24.256774],[120.741074,24.257038],[120.741167,24.257284],[120.741374,24.257791],[120.741427,24.257938],[120.741594,24.257948],[120.741624,24.257959],[120.741864,24.258543],[120.742022,24.258485],[120.742022,24.258453],[120.742362,24.258353]]]}},{"type":"Feature","properties":{"id":"5a68a962774b","name":"臺中市東勢區中科國民小學","level":"國小","basis":"both","data_ym":"201712"},"geometry":{"type":"Polygon","coordinates":[[[120.851923,24.258245],[120.85179,24.258124],[120.851745,24.25807],[120.851688,24.25798],[120.851714,24.257971],[120.851735,24.257944],[120.85175,24.257905],[120.851704,24.257804],[120.851741,24.257788],[120.851417,24.257073],[120.851219,24.257155],[120.851052,24.257353],[120.851041,24.257383],[120.851044,24.257427],[120.851106,24.257649],[120.851127,24.257773],[120.851147,24.257952],[120.851154,24.258093],[120.851174,24.258121],[120.851291,24.258191],[120.851358,24.258161],[120.851412,24.258188],[120.851472,24.258204],[120.851562,24.258313],[120.85163,24.25836],[120.851686,24.258408],[120.851735,24.258461],[120.851774,24.258511],[120.851848,24.258631],[120.851942,24.258874],[120.852039,24.258796],[120.852116,24.258745],[120.852106,24.25873],[120.851932,24.258545],[120.852079,24.258438],[120.852003,24.258328],[120.851923,24.258245]]]}},{"type":"Feature","properties":{"id":"6ec8a28a0713","name":"臺中市神岡區神岡國民小學","level":"國小","basis":"both","data_ym":"202401"},"geometry":{"type":"Polygon","coordinates":[[[120.661067,24.258815],[120.661058,24.257982],[120.660941,24.257947],[120.660843,24.257911],[120.660553,24.257943],[120.660555,24.257959],[120.660204,24.257996],[120.660155,24.257987],[120.659695,24.257834],[120.659541,24.257758],[120.659524,24.257754],[120.659505,24.257788],[120.659314,24.257802],[120.658926,24.257847],[120.658919,24.257859],[120.658889,24.257862],[120.658883,24.257872],[120.658889,24.257915],[120.65887,24.257917],[120.658872,24.257938],[120.658628,24.258359],[120.658632,24.258434],[120.658645,24.258435],[120.65865,24.258495],[120.658636,24.258496],[120.658642,24.258577],[120.658712,24.258572],[120.658722,24.25864],[120.658765,24.258635],[120.658791,24.258832],[120.659567,24.258878],[120.660165,24.258925],[120.660354,24.258916],[120.660754,24.25887],[120.661059,24.258823],[120.661067,24.258815]]]}},{"type":"Feature","properties":{"id":"e03d56346444","name":"臺中市東勢區東勢國民小學","level":"國小","basis":"both","data_ym":"202201"},"geometry":{"type":"Polygon","coordinates":[[[120.831027,24.258273],[120.829814,24.257823],[120.829795,24.257827],[120.829765,24.257844],[120.829584,24.258406],[120.829588,24.258434],[120.829598,24.258453],[120.829622,24.258474],[120.829421,24.258925],[120.829633,24.259003],[120.829618,24.259049],[120.830942,24.259657],[120.831192,24.25973],[120.831547,24.25884],[120.831454,24.258813],[120.831474,24.258762],[120.831335,24.258553],[120.83121,24.258428],[120.83102,24.25832],[120.831027,24.258273]]]}},{"type":"Feature","properties":{"id":"610f7c4e8e70","name":"臺中市沙鹿區公舘國民小學","level":"國小","basis":"both","data_ym":"202204"},"geometry":{"type":"Polygon","coordinates":[[[120.596054,24.260515],[120.59574,24.259851],[120.595592,24.259887],[120.595051,24.260029],[120.595036,24.260055],[120.595353,24.260761],[120.596054,24.260515]]]}},{"type":"Feature","properties":{"id":"8928a1b646fc","name":"臺中市立神圳國民中學","level":"國中","basis":"both","data_ym":"202401"},"geometry":{"type":"Polygon","coordinates":[[[120.658219,24.261247],[120.658462,24.261237],[120.658674,24.26124],[120.658673,24.261216],[120.658656,24.261217],[120.658646,24.260997],[120.658636,24.260997],[120.658631,24.260942],[120.658642,24.260941],[120.658638,24.260893],[120.65863,24.260894],[120.658629,24.260879],[120.658626,24.260879],[120.658606,24.260651],[120.658618,24.26065],[120.658536,24.259569],[120.658056,24.259584],[120.657716,24.259586],[120.657221,24.259603],[120.657309,24.26058],[120.657342,24.26109],[120.657382,24.26139],[120.657697,24.261321],[120.658056,24.261265],[120.658219,24.261247]]]}},{"type":"Feature","properties":{"id":"75139c018376","name":"臺中市立豐原國民中學","level":"國中","basis":"both","data_ym":"201308"},"geometry":{"type":"Polygon","coordinates":[[[120.718935,24.260223],[120.718804,24.260491],[120.718705,24.260709],[120.718667,24.260694],[120.718404,24.261208],[120.718356,24.261186],[120.718313,24.261287],[120.719705,24.26192],[120.719785,24.261782],[120.719742,24.261643],[120.719759,24.261599],[120.71976,24.261563],[120.719754,24.261539],[120.719738,24.261505],[120.719712,24.261477],[120.719691,24.261462],[120.719718,24.261415],[120.719666,24.261394],[120.719641,24.261312],[120.719662,24.261272],[120.71942,24.260643],[120.719486,24.260624],[120.719449,24.260498],[120.71945,24.260377],[120.719202,24.26027],[120.718963,24.260172],[120.718935,24.260223]]]}},{"type":"Feature","properties":{"id":"e603c3f84f9f","name":"臺中市豐原區葫蘆墩國民小學","level":"國小","basis":"both","data_ym":"202312"},"geometry":{"type":"Polygon","coordinates":[[[120.713377,24.261696],[120.7147,24.262168],[120.714871,24.261705],[120.715067,24.261198],[120.715076,24.261161],[120.715076,24.261139],[120.715062,24.261113],[120.715026,24.261072],[120.714961,24.261039],[120.71458,24.260881],[120.713923,24.260617],[120.713851,24.260592],[120.713731,24.260862],[120.713377,24.261696]]]}},{"type":"Feature","properties":{"id":"dbceb29df638","name":"臺中市立豐陽國民中學","level":"國中","basis":"both","data_ym":"201712"},"geometry":{"type":"Polygon","coordinates":[[[120.745619,24.261392],[120.745488,24.261012],[120.744485,24.261276],[120.744326,24.261322],[120.744283,24.261933],[120.744276,24.262232],[120.744448,24.262345],[120.744637,24.262461],[120.745462,24.262881],[120.74574,24.262378],[120.745769,24.262313],[120.745787,24.262256],[120.745811,24.262129],[120.745815,24.262038],[120.74579,24.261916],[120.745619,24.261392]]]}},{"type":"Feature","properties":{"id":"50f1395e9b78","name":"臺中市豐原區翁子國民小學","level":"國小","basis":"both","data_ym":"201308"},"geometry":{"type":"Polygon","coordinates":[[[120.743222,24.263433],[120.743229,24.263379],[120.74354,24.263382],[120.74356,24.263375],[120.743576,24.263354],[120.743586,24.263334],[120.743585,24.263227],[120.743937,24.263211],[120.743957,24.263202],[120.743988,24.263159],[120.743919,24.262899],[120.743908,24.26273],[120.743928,24.262338],[120.743976,24.262262],[120.743946,24.262224],[120.743611,24.262107],[120.742978,24.261971],[120.742959,24.262101],[120.742593,24.262084],[120.742531,24.262095],[120.742513,24.262123],[120.742625,24.262941],[120.742619,24.262976],[120.742607,24.263013],[120.742577,24.263083],[120.742446,24.263314],[120.742445,24.2634],[120.742534,24.263402],[120.742779,24.26342],[120.74303,24.263413],[120.743222,24.263433]]]}},{"type":"Feature","properties":{"id":"ccc65828ca5a","name":"臺中市神岡區豐洲國民小學","level":"國小","basis":"both","data_ym":"201712"},"geometry":{"type":"Polygon","coordinates":[[[120.704255,24.261928],[120.704258,24.261851],[120.703537,24.262163],[120.703507,24.262229],[120.703499,24.26227],[120.703501,24.262436],[120.703486,24.262921],[120.703503,24.262971],[120.703505,24.263305],[120.703509,24.263337],[120.703542,24.26347],[120.703647,24.263588],[120.703781,24.263684],[120.703874,24.263783],[120.703916,24.26387],[120.703944,24.263888],[120.704686,24.26365],[120.704684,24.263602],[120.704471,24.263176],[120.704503,24.263165],[120.704382,24.262934],[120.704462,24.262102],[120.704303,24.262096],[120.704294,24.26193],[120.704255,24.261928]]]}},{"type":"Feature","properties":{"id":"328377d7dc39","name":"臺中市立東新國民中學","level":"國中","basis":"both","data_ym":"201509"},"geometry":{"type":"Polygon","coordinates":[[[120.83004,24.263437],[120.830189,24.263126],[120.830221,24.262985],[120.829687,24.262858],[120.829193,24.262748],[120.829083,24.263237],[120.829004,24.263613],[120.828952,24.263824],[120.829007,24.263899],[120.829908,24.264281],[120.82993,24.263956],[120.82998,24.263688],[120.830004,24.263586],[120.830028,24.263511],[120.83004,24.263437]]]}},{"type":"Feature","properties":{"id":"1fc6f04979c8","name":"臺中市清水區槺榔國民小學","level":"國小","basis":"both","data_ym":"202204"},"geometry":{"type":"Polygon","coordinates":[[[120.546275,24.264526],[120.545924,24.263681],[120.54556,24.26369],[120.54569,24.263946],[120.545598,24.263988],[120.54557,24.263935],[120.545566,24.263937],[120.545504,24.263836],[120.545274,24.263875],[120.545245,24.263822],[120.545154,24.263856],[120.544746,24.263978],[120.54509,24.264941],[120.546275,24.264526]]]}},{"type":"Feature","properties":{"id":"5c9dc3c93a95","name":"臺中市立清水高級中等學校","level":"高中職","basis":"both","data_ym":"201712"},"geometry":{"type":"Polygon","coordinates":[[[120.574748,24.263868],[120.57467,24.26384],[120.573694,24.264171],[120.57367,24.26423],[120.574505,24.266286],[120.575497,24.265958],[120.575527,24.265936],[120.57554,24.265904],[120.575536,24.26587],[120.575405,24.265532],[120.575117,24.264833],[120.575008,24.264552],[120.574972,24.264455],[120.574987,24.264452],[120.574807,24.264002],[120.574748,24.263868]]]}},{"type":"Feature","properties":{"id":"699eedbc3ab6","name":"臺中市私立嘉陽高級中學","level":"高中職","basis":"both","data_ym":"202201"},"geometry":{"type":"Polygon","coordinates":[[[120.584388,24.264627],[120.583974,24.263696],[120.58396,24.263688],[120.583072,24.264026],[120.582728,24.264265],[120.58258,24.264303],[120.582276,24.264308],[120.581745,24.264711],[120.581767,24.264806],[120.58194,24.265091],[120.581989,24.265096],[120.582014,24.265132],[120.581981,24.265231],[120.58224,24.265551],[120.582399,24.265689],[120.582399,24.265734],[120.582566,24.26586],[120.582799,24.266011],[120.582926,24.26608],[120.583343,24.266258],[120.583554,24.266328],[120.583632,24.266348],[120.583733,24.266355],[120.583819,24.266349],[120.583914,24.266329],[120.584004,24.266295],[120.584387,24.266099],[120.584876,24.26577],[120.584388,24.264627]]]}},{"type":"Feature","properties":{"id":"cd78be8aca37","name":"臺中市石岡區土牛國民小學","level":"國小","basis":"both","data_ym":"201308"},"geometry":{"type":"Polygon","coordinates":[[[120.808102,24.26582],[120.807953,24.265693],[120.807372,24.266072],[120.807521,24.266225],[120.807371,24.266355],[120.807839,24.266828],[120.808071,24.267017],[120.808245,24.267135],[120.808661,24.267451],[120.80868,24.267469],[120.809012,24.26684],[120.808945,24.266771],[120.808492,24.266396],[120.808603,24.266259],[120.808378,24.266032],[120.808102,24.26582]]]}},{"type":"Feature","properties":{"id":"467272fd9454","name":"臺中市清水區吳厝國民小學","level":"國小","basis":"both","data_ym":"202201"},"geometry":{"type":"Polygon","coordinates":[[[120.602498,24.267524],[120.602742,24.267454],[120.602746,24.267466],[120.602807,24.267451],[120.602799,24.267419],[120.60292,24.267386],[120.60294,24.267396],[120.603124,24.267344],[120.603121,24.266916],[120.603143,24.26668],[120.602316,24.266761],[120.60239,24.267191],[120.602498,24.267524]]]}},{"type":"Feature","properties":{"id":"eea1fc966fae","name":"臺中市立石岡國民中學","level":"國中","basis":"both","data_ym":"202401"},"geometry":{"type":"Polygon","coordinates":[[[120.796607,24.268011],[120.796629,24.268006],[120.796773,24.268011],[120.796793,24.268005],[120.797044,24.267878],[120.797069,24.267837],[120.797127,24.267722],[120.797146,24.267695],[120.797172,24.267671],[120.797463,24.26755],[120.797407,24.267379],[120.79741,24.267314],[120.797435,24.26716],[120.797295,24.266934],[120.797095,24.266576],[120.796751,24.266689],[120.796525,24.266295],[120.795418,24.266873],[120.795564,24.267059],[120.795389,24.26716],[120.795573,24.267402],[120.795729,24.267315],[120.795755,24.267329],[120.795875,24.26743],[120.795913,24.26747],[120.795967,24.267584],[120.795964,24.267695],[120.795954,24.267779],[120.795972,24.26783],[120.796008,24.267872],[120.796048,24.2679],[120.79622,24.267927],[120.796338,24.268132],[120.796607,24.268011]]]}},{"type":"Feature","properties":{"id":"075d37c7e376","name":"臺中市清水區清水國民小學","level":"國小","basis":"both","data_ym":"202201"},"geometry":{"type":"Polygon","coordinates":[[[120.573724,24.267598],[120.573387,24.266769],[120.57324,24.266375],[120.572971,24.265687],[120.572962,24.265676],[120.572928,24.265669],[120.571964,24.265986],[120.57159,24.266097],[120.571539,24.266312],[120.5716,24.266326],[120.571553,24.26654],[120.571656,24.266908],[120.571868,24.267619],[120.572171,24.267516],[120.572199,24.267524],[120.572212,24.26754],[120.572331,24.26783],[120.57235,24.267849],[120.572388,24.267858],[120.572403,24.26787],[120.572466,24.268028],[120.573724,24.267598]]]}},{"type":"Feature","properties":{"id":"7e8cf6bd9677","name":"臺中市立清水國民中學","level":"國中","basis":"both","data_ym":"201308"},"geometry":{"type":"Polygon","coordinates":[[[120.562621,24.270167],[120.563519,24.269824],[120.563559,24.269818],[120.56359,24.26982],[120.563636,24.269832],[120.563675,24.269857],[120.563701,24.269885],[120.563723,24.26993],[120.563757,24.269919],[120.563822,24.269868],[120.564079,24.269693],[120.563881,24.269647],[120.563329,24.268465],[120.563439,24.26812],[120.56298,24.268012],[120.562625,24.267917],[120.562519,24.26796],[120.562501,24.267916],[120.562419,24.267941],[120.562345,24.267747],[120.561496,24.267501],[120.561488,24.267514],[120.561483,24.267538],[120.56148,24.267602],[120.561488,24.267659],[120.561504,24.267713],[120.562136,24.269185],[120.562181,24.2693],[120.562261,24.26948],[120.562415,24.269847],[120.562523,24.270093],[120.56256,24.270162],[120.562594,24.270173],[120.562621,24.270167]]]}},{"type":"Feature","properties":{"id":"c6f6b28b6569","name":"臺中市清水區建國國民小學","level":"國小","basis":"both","data_ym":"201508"},"geometry":{"type":"Polygon","coordinates":[[[120.561881,24.271858],[120.563763,24.271176],[120.563676,24.271032],[120.563664,24.271005],[120.563652,24.270938],[120.563665,24.270799],[120.563685,24.270728],[120.56378,24.27051],[120.563786,24.270451],[120.563783,24.270451],[120.563763,24.270406],[120.563809,24.270223],[120.563796,24.270224],[120.563779,24.270235],[120.563763,24.270232],[120.563726,24.270218],[120.563693,24.27019],[120.563669,24.270146],[120.563596,24.269973],[120.563585,24.269957],[120.563566,24.269953],[120.563506,24.269969],[120.563391,24.270012],[120.563332,24.270001],[120.563192,24.270073],[120.562638,24.270281],[120.56263,24.270305],[120.562473,24.270363],[120.562449,24.270354],[120.562,24.270518],[120.561437,24.270725],[120.56141,24.270741],[120.561392,24.27076],[120.561378,24.270788],[120.561374,24.270819],[120.561556,24.27125],[120.561548,24.271254],[120.561586,24.271341],[120.561593,24.271338],[120.561804,24.271836],[120.56184,24.271856],[120.561881,24.271858]]]}},{"type":"Feature","properties":{"id":"a84383a80e5e","name":"臺中市神岡區圳堵國民小學","level":"國小","basis":"both","data_ym":"202401"},"geometry":{"type":"Polygon","coordinates":[[[120.659417,24.272816],[120.659312,24.272318],[120.659247,24.272334],[120.659084,24.272388],[120.65902,24.272404],[120.657853,24.272424],[120.657869,24.272507],[120.657933,24.273058],[120.657972,24.273126],[120.658013,24.273171],[120.65806,24.273192],[120.658198,24.273241],[120.65894,24.273199],[120.658953,24.273168],[120.659262,24.273159],[120.659441,24.27291],[120.659417,24.272816]]]}},{"type":"Feature","properties":{"id":"733ff4e256fb","name":"臺中市石岡區石岡國民小學","level":"國小","basis":"both","data_ym":"202401"},"geometry":{"type":"Polygon","coordinates":[[[120.774337,24.276365],[120.774143,24.276047],[120.774122,24.276058],[120.773919,24.275717],[120.773989,24.275686],[120.773925,24.275261],[120.773846,24.275346],[120.773827,24.275354],[120.773842,24.275384],[120.773327,24.275594],[120.773334,24.275627],[120.773093,24.275699],[120.773111,24.275742],[120.773015,24.275782],[120.773081,24.275911],[120.773131,24.275986],[120.773129,24.276009],[120.773148,24.276063],[120.773231,24.276256],[120.773237,24.27634],[120.773234,24.276415],[120.773237,24.276427],[120.773279,24.276515],[120.773398,24.276677],[120.773484,24.276818],[120.774047,24.276605],[120.774078,24.276584],[120.774132,24.276525],[120.774337,24.276365]]]}},{"type":"Feature","properties":{"id":"6dd44037755a","name":"臺中市清水區東山國民小學","level":"國小","basis":"both","data_ym":"201508"},"geometry":{"type":"Polygon","coordinates":[[[120.634272,24.275435],[120.634075,24.275123],[120.63367,24.275346],[120.634475,24.276681],[120.634823,24.276734],[120.635001,24.276755],[120.635025,24.276704],[120.634786,24.276277],[120.63449,24.275801],[120.634272,24.275435]]]}},{"type":"Feature","properties":{"id":"60364214b287","name":"臺中市清水區西寧國民小學","level":"國小","basis":"both","data_ym":"201308"},"geometry":{"type":"Polygon","coordinates":[[[120.575218,24.275781],[120.575063,24.275752],[120.574965,24.275728],[120.574953,24.27576],[120.574867,24.275733],[120.57483,24.275695],[120.574499,24.275594],[120.574468,24.275611],[120.574453,24.275627],[120.574439,24.275654],[120.574264,24.276054],[120.57404,24.276339],[120.573972,24.276456],[120.573815,24.276673],[120.573685,24.276838],[120.57456,24.277404],[120.574956,24.27764],[120.574971,24.277639],[120.574999,24.277611],[120.57541,24.277084],[120.57547,24.276957],[120.5755,24.276876],[120.57568,24.276306],[120.575685,24.276276],[120.57569,24.276224],[120.575695,24.275905],[120.575691,24.275873],[120.575681,24.275854],[120.575664,24.275836],[120.575458,24.275816],[120.575218,24.275781]]]}},{"type":"Feature","properties":{"id":"c6ba54b1695f","name":"臺中市立清海國民中學","level":"國中","basis":"both","data_ym":"201508"},"geometry":{"type":"Polygon","coordinates":[[[120.553944,24.276768],[120.554101,24.276658],[120.554119,24.276681],[120.554126,24.276679],[120.554391,24.276502],[120.554401,24.276471],[120.554391,24.276437],[120.554027,24.275595],[120.553983,24.275575],[120.552519,24.276098],[120.551735,24.276539],[120.551709,24.276561],[120.551703,24.27658],[120.551719,24.276612],[120.552044,24.277067],[120.552507,24.277746],[120.552526,24.277745],[120.552569,24.277725],[120.553344,24.277207],[120.553501,24.277107],[120.553927,24.276818],[120.553944,24.276768]]]}},{"type":"Feature","properties":{"id":"94e085fa05ce","name":"臺中市東勢區石城國民小學","level":"國小","basis":"both","data_ym":"202401"},"geometry":{"type":"Polygon","coordinates":[[[120.793024,24.286095],[120.793094,24.285716],[120.792362,24.2857],[120.792379,24.285902],[120.792127,24.285912],[120.792114,24.285916],[120.79208,24.285913],[120.791778,24.285829],[120.79177,24.286507],[120.791774,24.286975],[120.791776,24.287008],[120.791785,24.287044],[120.7918,24.287079],[120.791851,24.287144],[120.791921,24.287199],[120.791995,24.28722],[120.792033,24.287221],[120.792649,24.287133],[120.792733,24.287077],[120.792829,24.286996],[120.792847,24.286957],[120.793073,24.286934],[120.793058,24.286916],[120.793047,24.286894],[120.793036,24.286837],[120.793016,24.286615],[120.793001,24.286328],[120.793006,24.286233],[120.793024,24.286095]]]}},{"type":"Feature","properties":{"id":"cebbe0851d19","name":"臺中市清水區三田國民小學","level":"國小","basis":"both","data_ym":"201508"},"geometry":{"type":"Polygon","coordinates":[[[120.581193,24.290661],[120.581338,24.290632],[120.581408,24.290656],[120.581436,24.290657],[120.581587,24.290613],[120.581833,24.290528],[120.581839,24.290504],[120.581808,24.290441],[120.581769,24.290388],[120.581748,24.290344],[120.581737,24.290247],[120.581701,24.290109],[120.581676,24.290101],[120.581641,24.290099],[120.581614,24.289969],[120.581656,24.289961],[120.581588,24.289528],[120.581501,24.289169],[120.581477,24.289116],[120.581456,24.289108],[120.581427,24.289111],[120.58112,24.289233],[120.581151,24.289385],[120.580687,24.289462],[120.580612,24.289533],[120.580602,24.289587],[120.580297,24.289665],[120.580205,24.289723],[120.580309,24.289823],[120.580425,24.290385],[120.580444,24.290447],[120.580455,24.290468],[120.5805,24.290501],[120.58052,24.290509],[120.580645,24.290525],[120.581118,24.290651],[120.581193,24.290661]]]}},{"type":"Feature","properties":{"id":"89c48ed92dd9","name":"臺中市和平區自由國民小學","level":"國小","basis":"both","data_ym":"201803"},"geometry":{"type":"Polygon","coordinates":[[[120.909164,24.291625],[120.909213,24.29161],[120.90924,24.29161],[120.909269,24.291615],[120.909378,24.291652],[120.909396,24.291652],[120.909443,24.29159],[120.909536,24.291645],[120.909566,24.291588],[120.909632,24.291361],[120.909621,24.291339],[120.909133,24.290927],[120.909054,24.290912],[120.909036,24.290913],[120.909001,24.290935],[120.908816,24.291178],[120.908493,24.29157],[120.908484,24.291586],[120.908759,24.291779],[120.908783,24.291786],[120.908839,24.291776],[120.90899,24.291714],[120.909064,24.291681],[120.909164,24.291625]]]}},{"type":"Feature","properties":{"id":"17db5c11f5b5","name":"臺中市和平區自由國民小學烏石分校","level":"大專","basis":"branch","data_ym":"201010"},"geometry":{"type":"Polygon","coordinates":[[[120.935031,24.292717],[120.935004,24.292711],[120.934958,24.292731],[120.934912,24.292766],[120.934888,24.2928],[120.934749,24.293054],[120.934731,24.293098],[120.934726,24.293144],[120.934735,24.293199],[120.934759,24.293242],[120.934794,24.293281],[120.934833,24.293306],[120.934906,24.293337],[120.934986,24.293359],[120.935048,24.293363],[120.935108,24.293355],[120.935187,24.293283],[120.935339,24.293075],[120.935201,24.292925],[120.935031,24.292717]]]}},{"type":"Feature","properties":{"id":"a82e32a79aa0","name":"臺中市清水區大楊國民小學","level":"國小","basis":"both","data_ym":"201509"},"geometry":{"type":"Polygon","coordinates":[[[120.608836,24.293427],[120.610521,24.292842],[120.610356,24.29245],[120.610302,24.292438],[120.610287,24.2924],[120.610293,24.292398],[120.610227,24.29224],[120.610217,24.292235],[120.610204,24.292204],[120.610235,24.292162],[120.610108,24.291861],[120.610087,24.291837],[120.610068,24.291826],[120.610048,24.291824],[120.608446,24.29239],[120.608453,24.292419],[120.608546,24.292635],[120.608502,24.292651],[120.608836,24.293427]]]}},{"type":"Feature","properties":{"id":"f406f35f00c0","name":"臺中市后里區七星國民小學","level":"國小","basis":"both","data_ym":"201712"},"geometry":{"type":"Polygon","coordinates":[[[120.712154,24.301392],[120.712123,24.301288],[120.712127,24.301287],[120.712113,24.301234],[120.711868,24.301317],[120.711723,24.300793],[120.711692,24.300473],[120.711595,24.300542],[120.711615,24.300568],[120.710559,24.301295],[120.710692,24.301573],[120.710782,24.301739],[120.710831,24.301777],[120.710955,24.301827],[120.710997,24.301824],[120.711666,24.301562],[120.712154,24.301392]]]}},{"type":"Feature","properties":{"id":"e606d4e9def2","name":"臺中市清水區甲南國民小學","level":"國小","basis":"both","data_ym":"201710"},"geometry":{"type":"Polygon","coordinates":[[[120.595945,24.305096],[120.596103,24.304992],[120.596258,24.304852],[120.596272,24.304729],[120.596352,24.304737],[120.59637,24.304683],[120.596324,24.30442],[120.596,24.304231],[120.595948,24.304264],[120.59588,24.304277],[120.595826,24.304262],[120.595707,24.30417],[120.595419,24.304483],[120.595276,24.30466],[120.595097,24.304658],[120.594811,24.304463],[120.594633,24.304668],[120.595154,24.305016],[120.595212,24.305015],[120.595493,24.305043],[120.595945,24.305096]]]}},{"type":"Feature","properties":{"id":"c52fbc2d28c9","name":"臺中市立啟明學校","level":"特殊","basis":"name","data_ym":"202401"},"geometry":{"type":"Polygon","coordinates":[[[120.725243,24.305443],[120.725267,24.305089],[120.724419,24.305053],[120.723475,24.305008],[120.723068,24.304979],[120.722999,24.30497],[120.72293,24.304952],[120.722838,24.304908],[120.722295,24.304554],[120.72228,24.304548],[120.722224,24.304562],[120.722083,24.305228],[120.722736,24.305349],[120.722801,24.305411],[120.723005,24.30569],[120.723062,24.305824],[120.723095,24.305935],[120.723106,24.305954],[120.724143,24.305993],[120.724166,24.305958],[120.724258,24.305927],[120.724288,24.305559],[120.724442,24.30551],[120.724869,24.305431],[120.725243,24.305443]]]}},{"type":"Feature","properties":{"id":"35ffaba4c53e","name":"臺中市立清泉國民中學","level":"國中","basis":"both","data_ym":"201710"},"geometry":{"type":"Polygon","coordinates":[[[120.592142,24.306685],[120.592943,24.306687],[120.592945,24.306482],[120.592933,24.306482],[120.592931,24.30633],[120.592919,24.306154],[120.592911,24.305759],[120.592898,24.305745],[120.592602,24.30571],[120.592585,24.305726],[120.592449,24.305726],[120.592408,24.305679],[120.591994,24.305625],[120.591997,24.305606],[120.591945,24.305597],[120.591936,24.305557],[120.591822,24.305537],[120.591866,24.305362],[120.591742,24.305339],[120.591698,24.305516],[120.591684,24.305523],[120.59155,24.305481],[120.591194,24.30539],[120.591073,24.305563],[120.591075,24.306337],[120.590877,24.306361],[120.590879,24.306403],[120.590742,24.306452],[120.590772,24.306499],[120.591015,24.306692],[120.591053,24.306706],[120.591073,24.306709],[120.591358,24.306727],[120.591575,24.306725],[120.591848,24.306701],[120.592119,24.306699],[120.592142,24.306685]]]}},{"type":"Feature","properties":{"id":"7eb4067a7ec9","name":"臺中市立后綜高級中學","level":"高中職","basis":"both","data_ym":"201509"},"geometry":{"type":"Polygon","coordinates":[[[120.725243,24.305443],[120.724869,24.305431],[120.724442,24.30551],[120.724288,24.305559],[120.724258,24.305927],[120.724166,24.305958],[120.724143,24.305993],[120.723106,24.305954],[120.723095,24.305935],[120.723062,24.305824],[120.723005,24.30569],[120.722801,24.305411],[120.722736,24.305349],[120.722083,24.305228],[120.722045,24.305385],[120.72199,24.305842],[120.721956,24.306163],[120.721963,24.306494],[120.722027,24.306914],[120.722072,24.307135],[120.722187,24.307134],[120.722283,24.307141],[120.722359,24.307154],[120.722755,24.307072],[120.722781,24.307072],[120.722867,24.307076],[120.723209,24.307126],[120.724335,24.307238],[120.724418,24.307249],[120.724447,24.307269],[120.724465,24.307231],[120.724605,24.307281],[120.724629,24.307246],[120.725078,24.307507],[120.725113,24.307458],[120.725137,24.307221],[120.725219,24.305975],[120.725243,24.305443]]]}},{"type":"Feature","properties":{"id":"01b226cc3796","name":"臺中市后里區內埔國民小學","level":"國小","basis":"both","data_ym":"202401"},"geometry":{"type":"Polygon","coordinates":[[[120.715832,24.308485],[120.715775,24.308128],[120.715723,24.308141],[120.715306,24.307327],[120.715319,24.307321],[120.715178,24.307047],[120.715142,24.306986],[120.715134,24.306981],[120.715048,24.307015],[120.715042,24.307003],[120.714941,24.307048],[120.714946,24.307058],[120.714428,24.307279],[120.714414,24.307252],[120.713949,24.307457],[120.714043,24.307626],[120.714097,24.307604],[120.714307,24.308025],[120.71425,24.308049],[120.714268,24.308083],[120.71397,24.308203],[120.714039,24.308361],[120.714222,24.30883],[120.714236,24.308851],[120.714273,24.308864],[120.714357,24.308851],[120.715466,24.308603],[120.715805,24.308532],[120.715821,24.308517],[120.715832,24.308485]]]}},{"type":"Feature","properties":{"id":"a2bc98c9b516","name":"臺中市立后里國民中學","level":"國中","basis":"both","data_ym":"202401"},"geometry":{"type":"Polygon","coordinates":[[[120.694742,24.30673],[120.694665,24.306597],[120.694592,24.306638],[120.69432,24.306807],[120.693837,24.307096],[120.693458,24.307305],[120.693095,24.307499],[120.692959,24.307586],[120.692557,24.30782],[120.692477,24.307885],[120.692292,24.307991],[120.692217,24.308047],[120.692151,24.308124],[120.692102,24.308173],[120.692036,24.308225],[120.691973,24.308259],[120.691833,24.30835],[120.692172,24.308437],[120.692385,24.308477],[120.692809,24.30857],[120.693585,24.308785],[120.693584,24.308788],[120.69381,24.308876],[120.694,24.308985],[120.694193,24.309141],[120.694219,24.309175],[120.694418,24.309048],[120.694601,24.308938],[120.694786,24.308872],[120.694866,24.308837],[120.695276,24.308595],[120.695857,24.308267],[120.695494,24.307831],[120.695491,24.30781],[120.695065,24.307203],[120.69487,24.306933],[120.694742,24.30673]]]}},{"type":"Feature","properties":{"id":"8f3cd68fc857","name":"臺中市東勢區明正國民小學","level":"國小","basis":"both","data_ym":"202401"},"geometry":{"type":"Polygon","coordinates":[[[120.79092,24.309665],[120.790938,24.309645],[120.790943,24.309362],[120.790937,24.309293],[120.790054,24.308997],[120.790055,24.309043],[120.79,24.30911],[120.789976,24.309169],[120.78983,24.309317],[120.789867,24.309631],[120.78987,24.309641],[120.789882,24.309648],[120.790157,24.309647],[120.790584,24.309687],[120.790744,24.309694],[120.79088,24.309684],[120.79092,24.309665]]]}},{"type":"Feature","properties":{"id":"d796c7a05065","name":"臺中市后里區后里國民小學","level":"國小","basis":"both","data_ym":"201710"},"geometry":{"type":"Polygon","coordinates":[[[120.730192,24.309974],[120.730343,24.309602],[120.730378,24.309495],[120.730373,24.309469],[120.730345,24.309462],[120.729636,24.309422],[120.728867,24.309402],[120.728441,24.309368],[120.728462,24.309541],[120.728382,24.309546],[120.728397,24.309776],[120.728485,24.309771],[120.728489,24.309827],[120.728554,24.309859],[120.728818,24.310051],[120.729198,24.310272],[120.729281,24.310361],[120.729295,24.310384],[120.729295,24.310399],[120.7293,24.310409],[120.72931,24.310409],[120.729381,24.310511],[120.729585,24.310652],[120.72971,24.31076],[120.729823,24.310874],[120.729823,24.310838],[120.729829,24.31081],[120.729882,24.310793],[120.730094,24.310227],[120.730119,24.310221],[120.730192,24.309974]]]}},{"type":"Feature","properties":{"id":"37c4e113a579","name":"臺中市后里區育英國民小學","level":"國小","basis":"both","data_ym":"201712"},"geometry":{"type":"Polygon","coordinates":[[[120.679484,24.31102],[120.678786,24.310837],[120.678761,24.310897],[120.678841,24.310886],[120.678849,24.31094],[120.678767,24.310952],[120.678768,24.31096],[120.677949,24.311172],[120.678009,24.311575],[120.678022,24.311616],[120.678032,24.311634],[120.678088,24.311661],[120.678103,24.31172],[120.678931,24.311895],[120.678943,24.311625],[120.678923,24.311462],[120.679822,24.311361],[120.679848,24.311106],[120.679484,24.31102]]]}},{"type":"Feature","properties":{"id":"0246094692fe","name":"臺中市清水區高美國民小學","level":"國小","basis":"both","data_ym":"201308"},"geometry":{"type":"Polygon","coordinates":[[[120.56274,24.311629],[120.562667,24.311573],[120.562125,24.311684],[120.562003,24.311703],[120.561938,24.311728],[120.561918,24.31174],[120.561901,24.311753],[120.561762,24.311894],[120.561714,24.31193],[120.561641,24.311962],[120.561676,24.312419],[120.56183,24.312436],[120.56206,24.312479],[120.562237,24.312522],[120.562382,24.312574],[120.562439,24.312603],[120.562439,24.312608],[120.56245,24.312609],[120.562522,24.312645],[120.562741,24.312635],[120.562911,24.3126],[120.562845,24.312345],[120.562816,24.312198],[120.56274,24.311629]]]}},{"type":"Feature","properties":{"id":"45e5dd4e71cc","name":"臺中市后里區月眉國民小學","level":"國小","basis":"both","data_ym":"202401"},"geometry":{"type":"Polygon","coordinates":[[[120.691077,24.3154],[120.691384,24.315359],[120.691426,24.315595],[120.691757,24.315546],[120.691739,24.315405],[120.691701,24.315316],[120.691678,24.315319],[120.691665,24.315175],[120.691576,24.315173],[120.691548,24.314999],[120.691623,24.314983],[120.691575,24.31469],[120.691494,24.314701],[120.69143,24.314491],[120.691412,24.314396],[120.691395,24.31415],[120.690511,24.314311],[120.690505,24.314387],[120.690431,24.314401],[120.690428,24.314383],[120.690402,24.31437],[120.690301,24.314386],[120.690292,24.314406],[120.690172,24.314425],[120.690032,24.314445],[120.690005,24.314434],[120.689924,24.314441],[120.689958,24.314592],[120.689984,24.314644],[120.690015,24.31468],[120.690073,24.315086],[120.690068,24.3151],[120.689891,24.315108],[120.689865,24.315173],[120.68992,24.315196],[120.690091,24.315373],[120.690225,24.315533],[120.690292,24.315565],[120.690479,24.315624],[120.690754,24.315632],[120.691035,24.31563],[120.691024,24.31555],[120.691006,24.315466],[120.691081,24.315457],[120.691077,24.3154]]]}},{"type":"Feature","properties":{"id":"00c83a6d5b6e","name":"臺中市后里區泰安國民小學","level":"國小","basis":"both","data_ym":"201712"},"geometry":{"type":"Polygon","coordinates":[[[120.750993,24.325694],[120.751223,24.325691],[120.751379,24.325701],[120.751388,24.325519],[120.751389,24.325383],[120.751405,24.325197],[120.75139,24.325187],[120.751409,24.32515],[120.751458,24.324719],[120.750933,24.324323],[120.75082,24.324365],[120.749958,24.324637],[120.749754,24.324713],[120.749722,24.324732],[120.749692,24.32477],[120.749622,24.324942],[120.749579,24.32507],[120.749613,24.325078],[120.749576,24.325189],[120.749515,24.325358],[120.749389,24.32564],[120.749648,24.325644],[120.750464,24.325701],[120.750679,24.325708],[120.750993,24.325694]]]}},{"type":"Feature","properties":{"id":"12c45b63cd09","name":"臺中市外埔區水美國民小學","level":"國小","basis":"both","data_ym":"201712"},"geometry":{"type":"Polygon","coordinates":[[[120.636419,24.326483],[120.636415,24.326413],[120.63688,24.32637],[120.636942,24.326361],[120.636902,24.325989],[120.636859,24.325667],[120.636558,24.325695],[120.636559,24.325561],[120.636315,24.325581],[120.636312,24.325534],[120.635754,24.32559],[120.635774,24.325835],[120.635513,24.325853],[120.635562,24.326449],[120.635831,24.326428],[120.635843,24.326524],[120.636419,24.326483]]]}},{"type":"Feature","properties":{"id":"0ebd3555e188","name":"臺中市立外埔國民中學","level":"國中","basis":"both","data_ym":"202201"},"geometry":{"type":"Polygon","coordinates":[[[120.650845,24.332035],[120.650742,24.332029],[120.650711,24.332095],[120.650643,24.332097],[120.650644,24.33214],[120.650507,24.332122],[120.650387,24.3321],[120.650338,24.331808],[120.650261,24.331577],[120.650176,24.331568],[120.650137,24.331487],[120.648248,24.331201],[120.648247,24.331231],[120.648269,24.331508],[120.647497,24.331508],[120.647482,24.331544],[120.64746,24.331651],[120.647407,24.331767],[120.647391,24.331883],[120.647378,24.332017],[120.647332,24.332348],[120.647837,24.332435],[120.648926,24.332603],[120.64979,24.332729],[120.650155,24.332775],[120.650735,24.332806],[120.650786,24.332757],[120.650845,24.332035]]]}},{"type":"Feature","properties":{"id":"aff86848e824","name":"臺中市大甲區文武國民小學","level":"國小","basis":"both","data_ym":"201710"},"geometry":{"type":"Polygon","coordinates":[[[120.60015,24.336847],[120.600233,24.336464],[120.600676,24.336545],[120.600882,24.336599],[120.600994,24.336264],[120.601041,24.336206],[120.601052,24.336186],[120.601055,24.336188],[120.601059,24.336183],[120.601099,24.336106],[120.60087,24.336001],[120.600844,24.336008],[120.60074,24.33597],[120.600747,24.335958],[120.600454,24.33582],[120.600421,24.335787],[120.60028,24.335722],[120.600261,24.335727],[120.600246,24.335743],[120.600171,24.335897],[120.600126,24.33601],[120.600121,24.336112],[120.60007,24.336431],[120.600057,24.336429],[120.600019,24.336644],[120.600023,24.336684],[120.600109,24.336856],[120.60015,24.336847]]]}},{"type":"Feature","properties":{"id":"8d160fe83ec3","name":"臺中市外埔區馬鳴國民小學","level":"國小","basis":"both","data_ym":"202401"},"geometry":{"type":"Polygon","coordinates":[[[120.66521,24.338],[120.665228,24.337871],[120.665213,24.337869],[120.665279,24.337475],[120.6651,24.337351],[120.664925,24.337218],[120.664884,24.337201],[120.664857,24.337196],[120.664856,24.337189],[120.664734,24.337194],[120.664659,24.337208],[120.664602,24.337225],[120.664507,24.337263],[120.66441,24.337282],[120.664395,24.337309],[120.664339,24.337367],[120.664267,24.337414],[120.66419,24.337478],[120.664061,24.33763],[120.66403,24.337676],[120.663951,24.337853],[120.664146,24.337888],[120.664149,24.33788],[120.664228,24.337894],[120.664228,24.337906],[120.66521,24.338]]]}},{"type":"Feature","properties":{"id":"27105d1e4db6","name":"臺中市私立致用高級中學","level":"高中職","basis":"both","data_ym":"201508"},"geometry":{"type":"Polygon","coordinates":[[[120.631923,24.340558],[120.631873,24.340479],[120.631866,24.340484],[120.631821,24.340402],[120.631734,24.340379],[120.631736,24.34037],[120.630719,24.340261],[120.630503,24.340244],[120.630414,24.340244],[120.630414,24.340235],[120.630389,24.340233],[120.630211,24.340256],[120.630209,24.340262],[120.629955,24.340319],[120.629954,24.340315],[120.629909,24.340329],[120.629845,24.340372],[120.629846,24.340377],[120.629806,24.340405],[120.629794,24.340424],[120.629821,24.340616],[120.629833,24.340671],[120.629851,24.340672],[120.629849,24.340868],[120.629892,24.341116],[120.629939,24.341308],[120.629997,24.341477],[120.630048,24.341587],[120.630367,24.342152],[120.630379,24.34215],[120.63072,24.342009],[120.631415,24.341686],[120.631325,24.341542],[120.631725,24.341289],[120.631677,24.341224],[120.631722,24.341206],[120.632137,24.340969],[120.631912,24.340566],[120.631923,24.340558]]]}},{"type":"Feature","properties":{"id":"a0c6a6853bc9","name":"臺中市立大甲高級中等學校","level":"高中職","basis":"both","data_ym":"201712"},"geometry":{"type":"Polygon","coordinates":[[[120.623106,24.341135],[120.623699,24.340807],[120.623706,24.340813],[120.623994,24.340637],[120.624001,24.340646],[120.624008,24.340642],[120.624071,24.340736],[120.624114,24.340707],[120.62436,24.340574],[120.624366,24.340553],[120.624366,24.340529],[120.624031,24.340044],[120.623721,24.339584],[120.623608,24.339434],[120.623212,24.33962],[120.62184,24.340298],[120.621159,24.340627],[120.621123,24.340646],[120.621127,24.340655],[120.620621,24.340904],[120.620948,24.341597],[120.620923,24.341636],[120.620985,24.34178],[120.621008,24.341874],[120.620996,24.341932],[120.622486,24.342269],[120.62254,24.342122],[120.622617,24.341943],[120.622706,24.341781],[120.62281,24.341631],[120.622923,24.341502],[120.623033,24.341385],[120.623156,24.34128],[120.623062,24.341164],[120.623106,24.341135]]]}},{"type":"Feature","properties":{"id":"bb8fb96fa58e","name":"臺中市大甲區順天國民小學","level":"國小","basis":"both","data_ym":"202312"},"geometry":{"type":"Polygon","coordinates":[[[120.617856,24.345168],[120.618377,24.345043],[120.618386,24.345052],[120.618555,24.344996],[120.618574,24.344985],[120.618579,24.344991],[120.618707,24.34493],[120.618738,24.344998],[120.618804,24.344958],[120.618746,24.344811],[120.618951,24.344757],[120.618941,24.344735],[120.619176,24.344665],[120.61916,24.344598],[120.619433,24.344498],[120.619428,24.344481],[120.619562,24.344439],[120.619649,24.34447],[120.619684,24.34445],[120.619297,24.344017],[120.619297,24.344],[120.619245,24.343723],[120.619184,24.343321],[120.619166,24.343234],[120.61914,24.343238],[120.619118,24.343222],[120.617754,24.343571],[120.617695,24.343579],[120.617655,24.343615],[120.617584,24.343703],[120.617469,24.344214],[120.617423,24.344459],[120.61737,24.344846],[120.617728,24.344762],[120.617785,24.344931],[120.617782,24.344932],[120.617856,24.345168]]]}},{"type":"Feature","properties":{"id":"8d1bd4df8b2b","name":"臺中市外埔區安定國民小學","level":"國小","basis":"both","data_ym":"202401"},"geometry":{"type":"Polygon","coordinates":[[[120.705507,24.347899],[120.705605,24.347892],[120.705786,24.347899],[120.705868,24.347893],[120.706004,24.347854],[120.70613,24.347698],[120.706184,24.347612],[120.706232,24.34749],[120.706295,24.347305],[120.70622,24.347232],[120.706054,24.34713],[120.706021,24.34716],[120.705949,24.347121],[120.705921,24.347078],[120.705845,24.347006],[120.705784,24.346954],[120.705749,24.346941],[120.705705,24.346901],[120.705753,24.346796],[120.705463,24.346489],[120.705256,24.346572],[120.705093,24.346395],[120.705083,24.346391],[120.705055,24.3464],[120.704834,24.345797],[120.704604,24.34593],[120.704631,24.346011],[120.704666,24.346153],[120.704652,24.346156],[120.704657,24.346187],[120.704646,24.346189],[120.704659,24.346234],[120.704582,24.346249],[120.704588,24.34629],[120.704574,24.346313],[120.70452,24.34632],[120.704492,24.346313],[120.704489,24.346298],[120.704388,24.346304],[120.704387,24.346319],[120.704351,24.346332],[120.704353,24.346337],[120.70427,24.34637],[120.704257,24.346344],[120.704187,24.34637],[120.704266,24.346544],[120.704303,24.346639],[120.704399,24.346672],[120.704433,24.346691],[120.704449,24.346707],[120.704478,24.346753],[120.704496,24.346755],[120.704537,24.34674],[120.704558,24.346739],[120.704595,24.346747],[120.704629,24.346763],[120.7047,24.346834],[120.704747,24.346851],[120.704766,24.346866],[120.704843,24.346956],[120.704976,24.347087],[120.705149,24.347244],[120.70535,24.347364],[120.705487,24.347477],[120.705565,24.347525],[120.705752,24.347743],[120.705498,24.347849],[120.705507,24.347899]]]}},{"type":"Feature","properties":{"id":"60ec7a28b776","name":"臺中市立大甲工業高級中等學校","level":"高中職","basis":"name","data_ym":"202401"},"geometry":{"type":"Polygon","coordinates":[[[120.642553,24.347939],[120.642406,24.347762],[120.642399,24.347768],[120.642345,24.347706],[120.642089,24.347401],[120.641759,24.347038],[120.641721,24.347018],[120.641479,24.346954],[120.641398,24.346908],[120.641211,24.346787],[120.640675,24.346389],[120.640646,24.34638],[120.639915,24.346408],[120.6399,24.346413],[120.639895,24.346431],[120.639898,24.34645],[120.64003,24.346614],[120.639851,24.346744],[120.639579,24.346449],[120.639558,24.346441],[120.638812,24.346532],[120.638747,24.346543],[120.638705,24.346553],[120.638411,24.346663],[120.638997,24.347236],[120.639535,24.347382],[120.639285,24.347518],[120.638978,24.347744],[120.638601,24.347954],[120.639003,24.348332],[120.639307,24.348626],[120.639514,24.348815],[120.640509,24.350057],[120.641643,24.351438],[120.641857,24.351346],[120.642228,24.35123],[120.643097,24.35098],[120.643973,24.350632],[120.64444,24.350464],[120.644987,24.350244],[120.64481,24.350003],[120.644531,24.3496],[120.644257,24.349259],[120.644134,24.349137],[120.644019,24.349034],[120.643908,24.348943],[120.643817,24.348887],[120.643692,24.348824],[120.64353,24.348753],[120.643317,24.348651],[120.643122,24.348515],[120.642918,24.34835],[120.642716,24.348131],[120.642688,24.3481],[120.642693,24.348096],[120.642553,24.347939]]]}},{"type":"Feature","properties":{"id":"25dae984f970","name":"臺中市大甲區大甲國民小學","level":"國小","basis":"both","data_ym":"201508"},"geometry":{"type":"Polygon","coordinates":[[[120.625008,24.352076],[120.626345,24.351601],[120.62635,24.351616],[120.626826,24.351463],[120.626833,24.351456],[120.626825,24.35144],[120.626008,24.350265],[120.624726,24.350689],[120.624824,24.350963],[120.624565,24.351042],[120.624882,24.351795],[120.625008,24.352076]]]}},{"type":"Feature","properties":{"id":"880ca69666ce","name":"臺中市立大甲國民中學","level":"國中","basis":"both","data_ym":"202401"},"geometry":{"type":"Polygon","coordinates":[[[120.62348,24.355135],[120.623546,24.355037],[120.62375,24.354665],[120.623771,24.354598],[120.623776,24.354535],[120.62377,24.354393],[120.62378,24.354359],[120.623804,24.354322],[120.624062,24.354032],[120.623519,24.354035],[120.623465,24.354019],[120.623426,24.354001],[120.623396,24.353975],[120.623361,24.353923],[120.622889,24.353008],[120.622863,24.353019],[120.622848,24.353035],[120.622847,24.353043],[120.622858,24.353066],[120.621937,24.353385],[120.62186,24.353478],[120.621993,24.354094],[120.621989,24.354094],[120.621996,24.354136],[120.622002,24.354135],[120.622076,24.354477],[120.622201,24.355125],[120.622213,24.355174],[120.622225,24.355173],[120.622228,24.355198],[120.622451,24.355163],[120.622628,24.35513],[120.62273,24.355129],[120.622829,24.355159],[120.622997,24.355241],[120.623072,24.35525],[120.623286,24.355244],[120.623341,24.355235],[120.623386,24.355216],[120.62348,24.355135]]]}},{"type":"Feature","properties":{"id":"c945bb13f5b0","name":"臺中市大安區三光國民小學","level":"國小","basis":"both","data_ym":"201707"},"geometry":{"type":"Polygon","coordinates":[[[120.601129,24.357387],[120.600729,24.357225],[120.600719,24.357242],[120.600626,24.357221],[120.600436,24.357362],[120.600281,24.357418],[120.600217,24.357743],[120.600196,24.357817],[120.60018,24.357854],[120.600154,24.35788],[120.600098,24.357912],[120.600094,24.357931],[120.600019,24.357941],[120.599969,24.358213],[120.600682,24.358137],[120.601028,24.35812],[120.601129,24.357387]]]}},{"type":"Feature","properties":{"id":"d5208b2a8251","name":"臺中市大甲區德化國民小學","level":"國小","basis":"both","data_ym":"202401"},"geometry":{"type":"Polygon","coordinates":[[[120.625551,24.362507],[120.625353,24.361989],[120.625628,24.361908],[120.625618,24.361878],[120.625607,24.361868],[120.625477,24.36183],[120.625329,24.361707],[120.625325,24.361695],[120.625327,24.361671],[120.625502,24.361269],[120.625498,24.361246],[120.62548,24.361224],[120.6253,24.361229],[120.624515,24.36128],[120.624249,24.361308],[120.624496,24.362071],[120.624635,24.362095],[120.624643,24.362121],[120.624581,24.362244],[120.624658,24.362482],[120.624668,24.362479],[120.624706,24.362539],[120.624775,24.362764],[120.624916,24.362778],[120.625098,24.362727],[120.625601,24.362612],[120.625596,24.362526],[120.625551,24.362507]]]}},{"type":"Feature","properties":{"id":"1304f22e2b88","name":"臺中市立大安國民中學","level":"國中","basis":"both","data_ym":"201707"},"geometry":{"type":"Polygon","coordinates":[[[120.600939,24.365523],[120.602081,24.365388],[120.60225,24.365396],[120.602259,24.36532],[120.602299,24.365266],[120.602402,24.365187],[120.602409,24.365097],[120.602427,24.365042],[120.602435,24.364964],[120.602456,24.364966],[120.60249,24.364633],[120.602467,24.364631],[120.602478,24.364522],[120.602461,24.36452],[120.602464,24.364489],[120.602365,24.364481],[120.602371,24.36442],[120.60224,24.364409],[120.602234,24.364467],[120.602166,24.364459],[120.60217,24.364399],[120.602106,24.364404],[120.601244,24.364559],[120.600982,24.364614],[120.600793,24.36466],[120.600914,24.365256],[120.600939,24.365523]]]}},{"type":"Feature","properties":{"id":"0d2ff226d21c","name":"臺中市大甲區東明國民小學","level":"國小","basis":"both","data_ym":"201712"},"geometry":{"type":"Polygon","coordinates":[[[120.680342,24.374118],[120.680281,24.374141],[120.680242,24.374151],[120.68002,24.374191],[120.679605,24.374295],[120.679475,24.374331],[120.679463,24.374352],[120.679465,24.374379],[120.679604,24.374675],[120.679612,24.374746],[120.679712,24.375035],[120.679738,24.37507],[120.679869,24.375299],[120.679889,24.375307],[120.680695,24.374764],[120.680342,24.374118]]]}},{"type":"Feature","properties":{"id":"522255550360","name":"臺中市立日南國民中學","level":"國中","basis":"both","data_ym":"202401"},"geometry":{"type":"Polygon","coordinates":[[[120.652008,24.37915],[120.652027,24.379149],[120.652188,24.379103],[120.652239,24.379046],[120.652488,24.378958],[120.652552,24.378945],[120.652681,24.378896],[120.652821,24.378814],[120.652526,24.378247],[120.652496,24.378259],[120.652362,24.377967],[120.652338,24.377976],[120.652269,24.377817],[120.652356,24.377781],[120.652155,24.377395],[120.652037,24.377152],[120.651957,24.376978],[120.65185,24.376707],[120.651882,24.376698],[120.651838,24.376584],[120.651817,24.376551],[120.651795,24.376545],[120.651717,24.376541],[120.651645,24.376564],[120.651469,24.376652],[120.651319,24.376753],[120.65119,24.376816],[120.650997,24.37692],[120.650954,24.376961],[120.650707,24.377153],[120.650577,24.377225],[120.650407,24.37731],[120.65042,24.377406],[120.650523,24.377896],[120.650563,24.378],[120.650598,24.37799],[120.650761,24.378386],[120.650894,24.378669],[120.65091,24.378702],[120.650921,24.378715],[120.651025,24.378744],[120.651075,24.378744],[120.651098,24.378741],[120.65123,24.378698],[120.651301,24.378681],[120.651322,24.378689],[120.651347,24.378693],[120.651474,24.378676],[120.651551,24.378655],[120.651565,24.378664],[120.651582,24.378723],[120.651708,24.378931],[120.651789,24.37895],[120.651795,24.378947],[120.651803,24.37896],[120.651908,24.379065],[120.651964,24.379128],[120.652008,24.37915]]]}},{"type":"Feature","properties":{"id":"03279e5355ed","name":"臺中市大安區海墘國民小學","level":"國小","basis":"both","data_ym":"201508"},"geometry":{"type":"Polygon","coordinates":[[[120.589293,24.379884],[120.589404,24.379654],[120.589492,24.379541],[120.589504,24.37951],[120.589508,24.379473],[120.589507,24.379405],[120.589489,24.379189],[120.589081,24.379127],[120.588945,24.379018],[120.588854,24.378794],[120.588534,24.37894],[120.588097,24.379121],[120.588105,24.379176],[120.588232,24.379175],[120.588205,24.379454],[120.588262,24.379459],[120.588216,24.379826],[120.588257,24.379844],[120.588262,24.379838],[120.588276,24.379849],[120.588319,24.379848],[120.588347,24.379875],[120.588359,24.379852],[120.588547,24.379887],[120.588535,24.379929],[120.58922,24.379982],[120.58924,24.379972],[120.589293,24.379884]]]}},{"type":"Feature","properties":{"id":"908120a8f7aa","name":"臺中市大安區永安國民小學","level":"國小","basis":"both","data_ym":"201508"},"geometry":{"type":"Polygon","coordinates":[[[120.60693,24.382842],[120.606791,24.382278],[120.606764,24.382283],[120.606744,24.382198],[120.606673,24.382213],[120.606661,24.382167],[120.606314,24.382227],[120.606314,24.382223],[120.606239,24.382233],[120.60624,24.38224],[120.606127,24.382272],[120.606055,24.38231],[120.60585,24.382448],[120.60577,24.382485],[120.605661,24.382505],[120.605596,24.382499],[120.605517,24.382485],[120.605457,24.382469],[120.605502,24.382675],[120.605607,24.383121],[120.60693,24.382842]]]}},{"type":"Feature","properties":{"id":"e3bbfb630ebe","name":"臺中市大甲區日南國民小學","level":"國小","basis":"both","data_ym":"201712"},"geometry":{"type":"Polygon","coordinates":[[[120.654723,24.391285],[120.655137,24.391102],[120.655347,24.391039],[120.655824,24.390825],[120.656027,24.39071],[120.655923,24.390469],[120.655921,24.390418],[120.655717,24.390423],[120.655626,24.390392],[120.655599,24.390367],[120.655531,24.390273],[120.655411,24.390288],[120.655267,24.389943],[120.65526,24.38983],[120.655236,24.389816],[120.655187,24.389817],[120.654967,24.389847],[120.654847,24.389857],[120.65477,24.3898],[120.654694,24.389573],[120.654616,24.389561],[120.654399,24.389515],[120.654109,24.389791],[120.654138,24.389896],[120.654167,24.389961],[120.654201,24.39002],[120.654062,24.390104],[120.654313,24.390579],[120.654321,24.390576],[120.654645,24.391181],[120.654663,24.391174],[120.654723,24.391285]]]}},{"type":"Feature","properties":{"id":"c124171dbdde","name":"臺中市大甲區華龍國民小學","level":"國小","basis":"both","data_ym":"202201"},"geometry":{"type":"Polygon","coordinates":[[[120.649414,24.405151],[120.64938,24.405147],[120.647404,24.406138],[120.647403,24.406178],[120.64771,24.406682],[120.647726,24.406682],[120.64774,24.406705],[120.647736,24.406727],[120.64785,24.406934],[120.647879,24.406959],[120.647904,24.406971],[120.647928,24.406972],[120.649011,24.406433],[120.649587,24.406154],[120.649888,24.406002],[120.649912,24.405967],[120.649907,24.405942],[120.649863,24.40586],[120.649453,24.405164],[120.649414,24.405151]]]}},{"type":"Feature","properties":{"id":"e342a2d8fc81","name":"臺中市大甲區西岐國民小學","level":"國小","basis":"both","data_ym":"202401"},"geometry":{"type":"Polygon","coordinates":[[[120.628534,24.421669],[120.628928,24.421465],[120.628945,24.421486],[120.629107,24.421375],[120.62901,24.421226],[120.629765,24.420604],[120.629588,24.420414],[120.629602,24.420403],[120.629574,24.420375],[120.629561,24.420385],[120.629178,24.419982],[120.629076,24.42008],[120.629042,24.420051],[120.629011,24.42008],[120.629027,24.420095],[120.628949,24.420177],[120.628775,24.420022],[120.628745,24.420049],[120.628499,24.420235],[120.62849,24.420275],[120.628429,24.42032],[120.628394,24.420313],[120.628196,24.420464],[120.628189,24.420456],[120.627993,24.420603],[120.627999,24.42061],[120.627964,24.42063],[120.627963,24.420656],[120.627906,24.420698],[120.627872,24.420673],[120.627831,24.420701],[120.628534,24.421669]]]}},{"type":"Feature","properties":{"id":"b34266dd5326","name":"臺中市立梨山國民中小學","level":"國中","basis":"moe","data_ym":"202203"},"geometry":{"type":"Polygon","coordinates":[[[121.260097,24.255868],[121.260114,24.255835],[121.260125,24.255844],[121.260172,24.255795],[121.260134,24.25576],[121.260116,24.25577],[121.259917,24.255569],[121.259904,24.255585],[121.25985,24.255493],[121.259769,24.255422],[121.259763,24.255343],[121.259606,24.255102],[121.259431,24.254913],[121.259372,24.254869],[121.259227,24.255003],[121.259227,24.255014],[121.259102,24.255014],[121.259102,24.255117],[121.259052,24.255124],[121.258912,24.25525],[121.258931,24.255285],[121.259077,24.255677],[121.259112,24.255711],[121.259165,24.255749],[121.259492,24.255908],[121.25957,24.255957],[121.259631,24.255997],[121.259778,24.256123],[121.259841,24.256184],[121.259984,24.255989],[121.260091,24.255892],[121.260097,24.255868]]]}},{"type":"Feature","properties":{"id":"e80a7ea398d2","name":"臺中市西屯區協和國民小學分校","level":"大專","basis":"branch","data_ym":"202508"},"geometry":{"type":"Polygon","coordinates":[[[120.589149,24.17507],[120.588297,24.174748],[120.588032,24.174961],[120.588638,24.175621],[120.588671,24.175628],[120.589027,24.175333],[120.589061,24.175288],[120.589149,24.17507]]]}},{"type":"Feature","properties":{"id":"7e4fa1081e58","name":"臺中市沙鹿區鹿陽國民小學","level":"國小","basis":"both","data_ym":"202505"},"geometry":{"type":"Polygon","coordinates":[[[120.564499,24.209703],[120.563214,24.20997],[120.563293,24.210151],[120.563671,24.21114],[120.563683,24.211137],[120.563699,24.211166],[120.563719,24.21118],[120.563747,24.21119],[120.563774,24.211189],[120.563836,24.211169],[120.563962,24.211141],[120.564077,24.211125],[120.564076,24.211117],[120.564233,24.211084],[120.564239,24.211117],[120.56469,24.211095],[120.564704,24.211084],[120.564711,24.211059],[120.564725,24.211038],[120.564745,24.211018],[120.564787,24.210992],[120.564789,24.210976],[120.564582,24.210045],[120.564535,24.209793],[120.564499,24.209703]]]}},{"type":"Feature","properties":{"id":"7392029ed0bf","name":"臺中市和平區博屋瑪國民小學","level":"國小","basis":"both","data_ym":"202309"},"geometry":{"type":"Polygon","coordinates":[[[120.921356,24.327764],[120.92132,24.327643],[120.920827,24.327718],[120.920778,24.327732],[120.920682,24.327781],[120.920526,24.32788],[120.920378,24.327963],[120.920337,24.327991],[120.920349,24.328012],[120.920458,24.328144],[120.920514,24.328167],[120.920587,24.32818],[120.921276,24.327908],[120.921239,24.327816],[120.921356,24.327764]]]}}]}