{"type":"FeatureCollection","county":"臺北市","features":[{"type":"Feature","properties":{"id":"61f7b77777a1","name":"大同大學","level":"大專","basis":"both","data_ym":"202006"},"geometry":{"type":"Polygon","coordinates":[[[121.521303,25.065732],[121.520966,25.066513],[121.520825,25.066813],[121.520743,25.067],[121.520316,25.066855],[121.520177,25.066882],[121.51996,25.066916],[121.519955,25.06687],[121.519937,25.066853],[121.519796,25.066829],[121.519695,25.066819],[121.51991,25.068387],[121.519974,25.068385],[121.519976,25.068407],[121.519985,25.068415],[121.522128,25.068371],[121.522123,25.068168],[121.522563,25.06808],[121.522302,25.067101],[121.522234,25.066822],[121.522202,25.066666],[121.522139,25.066318],[121.522096,25.065979],[121.521883,25.065995],[121.521865,25.065803],[121.521715,25.065801],[121.521303,25.065732]]]}},{"type":"Feature","properties":{"id":"ba6e9eea1456","name":"中國文化大學","level":"大專","basis":"both","data_ym":"202006"},"geometry":{"type":"Polygon","coordinates":[[[121.540668,25.137716],[121.540786,25.137454],[121.54101,25.137534],[121.54114,25.137586],[121.541462,25.136837],[121.540196,25.136343],[121.540173,25.136327],[121.540259,25.1361],[121.540364,25.13578],[121.540399,25.135552],[121.540486,25.135337],[121.540445,25.135323],[121.540565,25.135204],[121.540585,25.135213],[121.54061,25.135181],[121.540596,25.135171],[121.540622,25.135133],[121.540505,25.135071],[121.540357,25.13498],[121.540209,25.134903],[121.539974,25.134697],[121.539947,25.13467],[121.539909,25.134607],[121.539902,25.134569],[121.539904,25.134526],[121.539901,25.134479],[121.539852,25.134359],[121.539824,25.134309],[121.539762,25.134232],[121.539729,25.134202],[121.539694,25.134176],[121.539606,25.134122],[121.539538,25.134091],[121.539512,25.134082],[121.539471,25.134076],[121.539281,25.13407],[121.539101,25.134079],[121.539048,25.134088],[121.539006,25.134101],[121.538977,25.134116],[121.538927,25.134152],[121.538906,25.134176],[121.53888,25.134219],[121.53884,25.134272],[121.538805,25.134301],[121.538762,25.134323],[121.538711,25.134335],[121.538681,25.134334],[121.538649,25.134392],[121.538588,25.134518],[121.538496,25.134552],[121.538362,25.135184],[121.537997,25.135114],[121.537881,25.135393],[121.537472,25.135269],[121.537431,25.135238],[121.537263,25.135385],[121.537238,25.135419],[121.53716,25.135353],[121.536977,25.135573],[121.53705,25.135695],[121.537047,25.135746],[121.537049,25.135765],[121.537058,25.135782],[121.537208,25.13591],[121.537377,25.136044],[121.537471,25.136111],[121.537548,25.136151],[121.537605,25.136175],[121.537662,25.136186],[121.537769,25.136194],[121.537941,25.136217],[121.537976,25.136225],[121.538032,25.13625],[121.53808,25.136255],[121.538131,25.136306],[121.538154,25.136337],[121.538187,25.136391],[121.53821,25.136447],[121.538128,25.136501],[121.538156,25.136535],[121.537776,25.136852],[121.538103,25.137198],[121.538116,25.137183],[121.538366,25.136969],[121.538535,25.136888],[121.538589,25.136987],[121.538687,25.137134],[121.538713,25.137165],[121.538746,25.137193],[121.538804,25.137209],[121.538851,25.137211],[121.53917,25.13734],[121.539567,25.137494],[121.53964,25.137514],[121.539799,25.137543],[121.539932,25.13755],[121.540005,25.13756],[121.540224,25.137607],[121.540431,25.137645],[121.540668,25.137716]]]}},{"type":"Feature","properties":{"id":"0f6034faba09","name":"中國文化大學大夏館","level":"大專","basis":"branch","data_ym":"202006"},"geometry":{"type":"Polygon","coordinates":[[[121.538018,25.026282],[121.538235,25.026277],[121.538359,25.026215],[121.538264,25.026037],[121.538137,25.025769],[121.538064,25.02578],[121.538009,25.025835],[121.538018,25.026282]]]}},{"type":"Feature","properties":{"id":"07e491d40c5c","name":"中國文化大學推廣教育部延平分部(大新館)","level":"其他","basis":"none","data_ym":"202006"},"geometry":{"type":"Polygon","coordinates":[[[121.508857,25.038591],[121.508816,25.038231],[121.508582,25.038251],[121.508558,25.038294],[121.508649,25.038606],[121.508687,25.038609],[121.508857,25.038591]]]}},{"type":"Feature","properties":{"id":"676f61264e98","name":"中國科技大學臺北校區","level":"大專","basis":"branch","data_ym":"202509"},"geometry":{"type":"Polygon","coordinates":[[[121.556317,24.99862],[121.555823,24.998449],[121.555637,24.998156],[121.555512,24.998089],[121.555377,24.998089],[121.555239,24.998125],[121.555051,24.997859],[121.554989,24.997705],[121.555852,24.997291],[121.555889,24.997104],[121.555799,24.996957],[121.555701,24.996947],[121.555699,24.996942],[121.55562,24.996933],[121.555478,24.996921],[121.555432,24.996909],[121.555189,24.996941],[121.554993,24.99684],[121.554598,24.996892],[121.554367,24.99657],[121.55414,24.996592],[121.554004,24.996614],[121.553819,24.996695],[121.553877,24.997],[121.553936,24.997239],[121.554076,24.997696],[121.5541,24.997799],[121.554046,24.997991],[121.553995,24.998333],[121.553997,24.99838],[121.554001,24.99843],[121.554114,24.99903],[121.554177,24.999147],[121.554045,24.999208],[121.554201,24.999485],[121.554286,24.999659],[121.554424,24.999598],[121.554458,24.999661],[121.554483,24.999652],[121.554515,24.99973],[121.554603,24.999701],[121.554763,24.999633],[121.55489,24.999562],[121.554861,24.999509],[121.555368,24.999263],[121.555393,24.999305],[121.555529,24.999241],[121.555507,24.999195],[121.555586,24.999157],[121.555803,24.999098],[121.555952,24.999035],[121.556061,24.998959],[121.556166,24.998858],[121.556242,24.998758],[121.55628,24.998694],[121.556317,24.99862]]]}},{"type":"Feature","properties":{"id":"bbe0eb9153b0","name":"中華民國臺灣警察專科學校","level":"大專","basis":"name","data_ym":"202509"},"geometry":{"type":"Polygon","coordinates":[[[121.559077,24.998412],[121.559641,24.99873],[121.559575,24.998889],[121.559565,24.998931],[121.559567,24.998978],[121.559585,24.999025],[121.559611,24.999067],[121.559645,24.999109],[121.559664,24.999124],[121.559945,24.999301],[121.560058,24.999363],[121.559654,25.000489],[121.560209,25.001125],[121.560226,25.001449],[121.560169,25.001765],[121.560099,25.001968],[121.560388,25.002195],[121.560758,25.002264],[121.56084,25.00181],[121.56091,25.0018],[121.560952,25.001786],[121.560978,25.001773],[121.561691,25.001251],[121.561805,25.001165],[121.561854,25.001122],[121.561893,25.001079],[121.562572,25.000785],[121.562609,25.000713],[121.562602,24.999748],[121.56187,24.998807],[121.56291,24.998333],[121.562846,24.998256],[121.562449,24.997674],[121.562116,24.997397],[121.562081,24.997408],[121.562021,24.997406],[121.561845,24.997353],[121.561726,24.997335],[121.561651,24.997332],[121.561538,24.997347],[121.561542,24.997298],[121.561509,24.997306],[121.561465,24.997309],[121.561338,24.997292],[121.560899,24.997203],[121.560849,24.997203],[121.560834,24.99721],[121.560823,24.997232],[121.560465,24.997271],[121.560348,24.997287],[121.560251,24.997307],[121.560053,24.997368],[121.560003,24.997389],[121.559943,24.997302],[121.559744,24.997425],[121.559672,24.997539],[121.559618,24.997598],[121.559509,24.997698],[121.559325,24.997823],[121.559268,24.997908],[121.559236,24.997936],[121.559203,24.997963],[121.559139,24.998004],[121.558975,24.998086],[121.5591,24.998246],[121.558997,24.998333],[121.559077,24.998412]]]}},{"type":"Feature","properties":{"id":"b8c4aead3603","name":"中華科技大學臺北校區","level":"大專","basis":"branch","data_ym":"202310"},"geometry":{"type":"Polygon","coordinates":[[[121.610522,25.031754],[121.610188,25.031477],[121.610074,25.031581],[121.610059,25.031534],[121.60998,25.031463],[121.60988,25.031447],[121.609669,25.031286],[121.60957,25.031222],[121.609285,25.031062],[121.609257,25.031099],[121.609056,25.031022],[121.608871,25.030941],[121.608758,25.030897],[121.608736,25.030897],[121.608697,25.030904],[121.608589,25.03094],[121.608293,25.031052],[121.608259,25.031081],[121.608031,25.031514],[121.608153,25.031634],[121.608879,25.031231],[121.609468,25.03185],[121.609235,25.032077],[121.609217,25.032099],[121.60921,25.032122],[121.609211,25.032174],[121.609217,25.032236],[121.609224,25.032261],[121.609243,25.032293],[121.609309,25.032369],[121.60932,25.032388],[121.609349,25.03248],[121.609369,25.032576],[121.609383,25.032673],[121.609327,25.032889],[121.609534,25.033032],[121.609611,25.033035],[121.609762,25.033048],[121.609807,25.033058],[121.609849,25.033083],[121.609824,25.03311],[121.609811,25.033135],[121.609737,25.033459],[121.609731,25.033497],[121.609731,25.033566],[121.609747,25.0336],[121.609767,25.033617],[121.609835,25.033649],[121.609976,25.03368],[121.60999,25.033711],[121.610016,25.033732],[121.610049,25.033747],[121.610264,25.033397],[121.610314,25.033327],[121.61046,25.033174],[121.610744,25.032939],[121.610895,25.032771],[121.610946,25.032682],[121.61096,25.032666],[121.610956,25.032664],[121.610996,25.032598],[121.611013,25.032558],[121.611024,25.032519],[121.611028,25.032439],[121.611021,25.032393],[121.610985,25.032286],[121.61085,25.032092],[121.61069,25.031911],[121.610522,25.031754]]]}},{"type":"Feature","properties":{"id":"392e41473d0d","name":"世新大學","level":"大專","basis":"both","data_ym":"202310"},"geometry":{"type":"Polygon","coordinates":[[[121.54556,24.989955],[121.545625,24.989845],[121.546176,24.990033],[121.546294,24.99008],[121.54655,24.990082],[121.546729,24.990076],[121.546847,24.990008],[121.546951,24.989968],[121.547035,24.98995],[121.547024,24.989902],[121.547158,24.989872],[121.547189,24.989919],[121.547213,24.98994],[121.54724,24.989956],[121.547267,24.989967],[121.547297,24.989972],[121.547342,24.989969],[121.547683,24.989927],[121.547707,24.989866],[121.547734,24.989834],[121.547764,24.989814],[121.547798,24.9898],[121.547866,24.989801],[121.547893,24.989808],[121.547929,24.989825],[121.547969,24.989862],[121.548778,24.989742],[121.548868,24.989711],[121.549113,24.989495],[121.549149,24.989458],[121.549161,24.989425],[121.549152,24.989367],[121.549209,24.989272],[121.54906,24.98922],[121.548428,24.989037],[121.548183,24.988971],[121.548076,24.989046],[121.54795,24.9891],[121.547766,24.989166],[121.547744,24.989185],[121.5477,24.989249],[121.547348,24.98925],[121.547226,24.989246],[121.547202,24.989241],[121.546999,24.989372],[121.546874,24.989442],[121.546797,24.989426],[121.546665,24.989433],[121.546487,24.989533],[121.546163,24.989521],[121.546015,24.989449],[121.54584,24.988797],[121.54562,24.988824],[121.545709,24.989273],[121.545266,24.989142],[121.545073,24.989123],[121.54495,24.989035],[121.544867,24.988983],[121.544923,24.988912],[121.544851,24.988868],[121.544902,24.988805],[121.544785,24.98873],[121.544693,24.988796],[121.544618,24.988892],[121.544594,24.988896],[121.544451,24.988659],[121.544457,24.988607],[121.544451,24.988581],[121.544377,24.988611],[121.544291,24.988497],[121.544274,24.988502],[121.544276,24.988509],[121.543957,24.988577],[121.543961,24.988609],[121.543925,24.988638],[121.543873,24.988601],[121.543814,24.988607],[121.543794,24.988642],[121.543775,24.988652],[121.54356,24.988706],[121.543411,24.988729],[121.54332,24.988728],[121.543321,24.988805],[121.543244,24.988792],[121.543238,24.988851],[121.543497,24.989],[121.543557,24.98901],[121.544455,24.989266],[121.544533,24.989329],[121.544619,24.989298],[121.544814,24.989433],[121.544731,24.989547],[121.545106,24.989799],[121.544898,24.990253],[121.545251,24.990429],[121.54556,24.989955]]]}},{"type":"Feature","properties":{"id":"9b09f3878264","name":"世新大學管理學院","level":"大專","basis":"name","data_ym":"202310"},"geometry":{"type":"Polygon","coordinates":[[[121.548256,24.987554],[121.548306,24.98748],[121.548429,24.987275],[121.547719,24.987151],[121.547658,24.987464],[121.54778,24.987484],[121.547778,24.987496],[121.547865,24.987515],[121.54787,24.987495],[121.548256,24.987554]]]}},{"type":"Feature","properties":{"id":"47a9120544f8","name":"臺北海洋科技大學士林校區","level":"大專","basis":"branch","data_ym":"202006"},"geometry":{"type":"Polygon","coordinates":[[[121.471118,25.109381],[121.471243,25.109383],[121.471499,25.109404],[121.472716,25.109483],[121.472489,25.109152],[121.472164,25.108663],[121.472172,25.108659],[121.47214,25.108609],[121.472131,25.108614],[121.471522,25.107721],[121.470867,25.108353],[121.470314,25.108875],[121.469354,25.109061],[121.469545,25.109335],[121.469668,25.109524],[121.469707,25.10952],[121.469968,25.10946],[121.470496,25.10939],[121.471118,25.109381]]]}},{"type":"Feature","properties":{"id":"4d58c1c68584","name":"臺北復臨美國學校","level":"其他","basis":"none","data_ym":"202006"},"geometry":{"type":"Polygon","coordinates":[[[121.554154,25.109485],[121.554154,25.109312],[121.554119,25.109293],[121.553986,25.109196],[121.55393,25.109315],[121.553281,25.109071],[121.553151,25.109039],[121.55316,25.109072],[121.553157,25.109109],[121.553151,25.109115],[121.553108,25.109104],[121.553104,25.10912],[121.55309,25.109258],[121.553091,25.109287],[121.553118,25.109504],[121.553145,25.109676],[121.553149,25.109784],[121.553641,25.109838],[121.553722,25.110104],[121.553822,25.110273],[121.553858,25.110353],[121.553992,25.110358],[121.554,25.110362],[121.554157,25.1105],[121.554304,25.110127],[121.554308,25.109978],[121.554396,25.109958],[121.554213,25.109643],[121.55422,25.109628],[121.554194,25.109578],[121.554154,25.109485]]]}},{"type":"Feature","properties":{"id":"58862f957abe","name":"臺北歐洲學校太古歐洲學園小學部","level":"其他","basis":"none","data_ym":"202006"},"geometry":{"type":"Polygon","coordinates":[[[121.51986,25.100354],[121.51985,25.100195],[121.519585,25.10026],[121.519538,25.100127],[121.519145,25.100192],[121.518871,25.100214],[121.518841,25.100864],[121.519123,25.100871],[121.519078,25.101697],[121.5212,25.101622],[121.521215,25.101616],[121.52135,25.101506],[121.521216,25.101466],[121.521087,25.101398],[121.520803,25.101267],[121.520715,25.101197],[121.520674,25.101118],[121.520709,25.100986],[121.520542,25.100936],[121.52031,25.100756],[121.51998,25.100603],[121.519944,25.100582],[121.519907,25.100546],[121.519886,25.100513],[121.51986,25.100354]]]}},{"type":"Feature","properties":{"id":"bb987176e330","name":"臺北歐洲學校太古歐洲學園中學部1","level":"其他","basis":"none","data_ym":"202006"},"geometry":{"type":"Polygon","coordinates":[[[121.550004,25.136629],[121.550017,25.13663],[121.550071,25.13627],[121.550076,25.136031],[121.550026,25.135733],[121.549982,25.135627],[121.549966,25.135614],[121.549909,25.135618],[121.549781,25.135716],[121.549622,25.135826],[121.549617,25.135836],[121.549618,25.135847],[121.549716,25.135971],[121.549721,25.136048],[121.549671,25.136184],[121.549613,25.136321],[121.54957,25.13638],[121.549556,25.136411],[121.549533,25.136448],[121.549731,25.136554],[121.549961,25.136656],[121.549981,25.13664],[121.550004,25.136629]]]}},{"type":"Feature","properties":{"id":"ccf6680b959d","name":"臺北歐洲學校太古歐洲學園中學部2","level":"其他","basis":"none","data_ym":"202006"},"geometry":{"type":"Polygon","coordinates":[[[121.548539,25.136951],[121.548713,25.136761],[121.548735,25.136773],[121.548866,25.136609],[121.548792,25.13652],[121.548767,25.136477],[121.548653,25.136175],[121.54848,25.136343],[121.548084,25.1366],[121.54842,25.136898],[121.548431,25.136898],[121.548484,25.136919],[121.548539,25.136951]]]}},{"type":"Feature","properties":{"id":"bfb65bdbaf00","name":"臺灣神學研究學院","level":"大專","basis":"name","data_ym":"202111"},"geometry":{"type":"Polygon","coordinates":[[[121.541703,25.101981],[121.541735,25.101912],[121.541843,25.101956],[121.54194,25.101824],[121.541911,25.101745],[121.541927,25.101716],[121.541899,25.101663],[121.541941,25.10157],[121.541943,25.101501],[121.54191,25.101445],[121.541897,25.101369],[121.541906,25.101346],[121.541928,25.10132],[121.541987,25.101308],[121.542116,25.101288],[121.542303,25.101275],[121.542325,25.101268],[121.542453,25.101257],[121.54246,25.10118],[121.542298,25.101079],[121.54233,25.101004],[121.542445,25.101014],[121.542584,25.101031],[121.542618,25.100816],[121.542783,25.100583],[121.542923,25.099981],[121.542974,25.099588],[121.542616,25.099618],[121.542591,25.099543],[121.542822,25.099298],[121.542606,25.099174],[121.542342,25.099391],[121.542271,25.099269],[121.542156,25.099216],[121.541985,25.09928],[121.541752,25.099395],[121.541339,25.099751],[121.540567,25.100222],[121.540589,25.100248],[121.54055,25.100275],[121.540261,25.100518],[121.540229,25.100584],[121.540242,25.100641],[121.540177,25.100763],[121.540133,25.100829],[121.540048,25.100904],[121.539961,25.101004],[121.539951,25.10101],[121.539936,25.101076],[121.53997,25.101294],[121.540003,25.101462],[121.540018,25.101513],[121.540041,25.101552],[121.540067,25.10159],[121.540131,25.101658],[121.540681,25.101657],[121.540799,25.101671],[121.540934,25.101716],[121.541061,25.101796],[121.541086,25.101814],[121.541151,25.101875],[121.541194,25.101902],[121.54124,25.101818],[121.541703,25.101981]]]}},{"type":"Feature","properties":{"id":"c7374b76c361","name":"東吳大學外雙溪校區","level":"大專","basis":"branch","data_ym":"202006"},"geometry":{"type":"Polygon","coordinates":[[[121.54577,25.094631],[121.546076,25.094499],[121.546264,25.094442],[121.546249,25.094403],[121.546259,25.0944],[121.546258,25.094391],[121.546271,25.094381],[121.546649,25.094271],[121.546956,25.094165],[121.546993,25.09418],[121.547424,25.094314],[121.547908,25.094432],[121.548038,25.094474],[121.548175,25.094499],[121.548291,25.094509],[121.548375,25.094508],[121.548387,25.094406],[121.54845,25.094358],[121.548455,25.094245],[121.54846,25.094234],[121.54847,25.094225],[121.548542,25.094195],[121.548584,25.094166],[121.548657,25.094049],[121.548709,25.093974],[121.548772,25.093898],[121.548791,25.093876],[121.548862,25.093814],[121.548914,25.093784],[121.548916,25.093675],[121.548892,25.093582],[121.548723,25.093331],[121.548502,25.093193],[121.548254,25.093082],[121.548155,25.093243],[121.547964,25.093144],[121.547921,25.093212],[121.547909,25.093206],[121.5479,25.093221],[121.547844,25.093263],[121.547358,25.093126],[121.546933,25.092819],[121.547064,25.092545],[121.546997,25.092511],[121.546771,25.092379],[121.546463,25.092463],[121.545981,25.092711],[121.545877,25.092779],[121.545583,25.092916],[121.5457,25.093113],[121.545547,25.093215],[121.545509,25.093229],[121.544848,25.093575],[121.544664,25.093665],[121.544702,25.093715],[121.544768,25.093863],[121.54428,25.094113],[121.544309,25.094155],[121.544367,25.094223],[121.544464,25.09429],[121.544548,25.094443],[121.544953,25.094223],[121.545087,25.094164],[121.545128,25.094242],[121.545112,25.094249],[121.545183,25.094359],[121.545182,25.094366],[121.54513,25.094406],[121.545129,25.094432],[121.545219,25.094561],[121.545299,25.094585],[121.545426,25.094532],[121.545491,25.094691],[121.545544,25.09479],[121.545654,25.094706],[121.54577,25.094631]]]}},{"type":"Feature","properties":{"id":"dffcad790948","name":"東吳大學外雙溪校區1","level":"其他","basis":"none","data_ym":"202310"},"geometry":{"type":"Polygon","coordinates":[[[121.545049,25.095814],[121.545249,25.095726],[121.545497,25.095625],[121.54596,25.0954],[121.546171,25.095285],[121.546571,25.095056],[121.546889,25.094886],[121.54704,25.094816],[121.547312,25.094725],[121.547615,25.094668],[121.547716,25.094633],[121.547788,25.094601],[121.547777,25.094567],[121.547673,25.094577],[121.547658,25.094538],[121.547691,25.094441],[121.547171,25.094298],[121.547008,25.094263],[121.546917,25.094263],[121.546891,25.09427],[121.546892,25.094274],[121.546637,25.094347],[121.546591,25.094374],[121.546392,25.094458],[121.546392,25.094462],[121.54633,25.094492],[121.54535,25.095024],[121.545171,25.095126],[121.544504,25.095471],[121.544414,25.095528],[121.544176,25.095662],[121.543899,25.095806],[121.543908,25.095819],[121.544046,25.095756],[121.544106,25.095752],[121.544194,25.095755],[121.544381,25.095773],[121.544667,25.095822],[121.544796,25.095835],[121.544905,25.095839],[121.544983,25.095832],[121.545049,25.095814]]]}},{"type":"Feature","properties":{"id":"831b0dc9a4ac","name":"東吳大學城中校區","level":"大專","basis":"branch","data_ym":"202310"},"geometry":{"type":"Polygon","coordinates":[[[121.508906,25.037848],[121.50894,25.03817],[121.508534,25.038208],[121.508547,25.038253],[121.508816,25.038231],[121.508857,25.038591],[121.509606,25.038513],[121.509657,25.038977],[121.510088,25.038938],[121.510101,25.038931],[121.510114,25.038915],[121.510116,25.038906],[121.510026,25.038058],[121.51014,25.038047],[121.510109,25.037721],[121.509418,25.037802],[121.508906,25.037848]]]}},{"type":"Feature","properties":{"id":"8e57a348993d","name":"馬偕醫護管理專科學校關渡校區","level":"大專","basis":"branch","data_ym":"202111"},"geometry":{"type":"Polygon","coordinates":[[[121.464584,25.121775],[121.464304,25.121856],[121.464123,25.121547],[121.463889,25.121628],[121.463816,25.121647],[121.463533,25.121687],[121.463628,25.122056],[121.463312,25.12213],[121.4633,25.122095],[121.463132,25.122141],[121.463202,25.122523],[121.463364,25.1227],[121.46352,25.122689],[121.463594,25.122715],[121.463654,25.122625],[121.463672,25.12262],[121.463751,25.12265],[121.464003,25.122849],[121.464006,25.122846],[121.464103,25.122915],[121.464101,25.122919],[121.464323,25.123072],[121.464539,25.123049],[121.464733,25.1229],[121.464677,25.122523],[121.464635,25.122513],[121.464613,25.122158],[121.464597,25.121994],[121.464584,25.121775]]]}},{"type":"Feature","properties":{"id":"0d0d35e191e2","name":"國立政治大學","level":"大專","basis":"both","data_ym":"202509"},"geometry":{"type":"Polygon","coordinates":[[[121.576764,24.985048],[121.576742,24.98479],[121.576735,24.984394],[121.576741,24.984287],[121.576756,24.984243],[121.576774,24.984217],[121.5768,24.984193],[121.576859,24.984161],[121.576988,24.984114],[121.577171,24.984066],[121.577444,24.984021],[121.577591,24.983976],[121.577699,24.983918],[121.577822,24.983839],[121.577843,24.983815],[121.577854,24.983789],[121.577875,24.983708],[121.577875,24.983665],[121.577863,24.983632],[121.57782,24.983572],[121.577775,24.983525],[121.577712,24.983474],[121.577507,24.983335],[121.577482,24.983308],[121.57747,24.983272],[121.577472,24.983247],[121.577485,24.983216],[121.57751,24.983184],[121.57757,24.983131],[121.577637,24.983097],[121.577698,24.983078],[121.577909,24.983027],[121.577943,24.98301],[121.578041,24.982936],[121.578112,24.982875],[121.57824,24.982741],[121.578331,24.982815],[121.578495,24.982646],[121.578399,24.982584],[121.578563,24.982405],[121.578733,24.982246],[121.578822,24.982144],[121.578867,24.98208],[121.578989,24.981862],[121.579057,24.981749],[121.57934,24.981303],[121.579454,24.981138],[121.579615,24.980931],[121.579772,24.980752],[121.579833,24.980687],[121.579971,24.980564],[121.580165,24.980419],[121.580315,24.98033],[121.580537,24.980229],[121.580835,24.980109],[121.580838,24.980114],[121.580874,24.980102],[121.580908,24.980114],[121.580971,24.980143],[121.581062,24.980159],[121.581113,24.980159],[121.581145,24.980156],[121.581205,24.98014],[121.58128,24.980097],[121.581408,24.980247],[121.581709,24.980054],[121.58157,24.979895],[121.581586,24.979703],[121.581282,24.979605],[121.581275,24.979595],[121.581223,24.979567],[121.581161,24.979541],[121.581073,24.979526],[121.581011,24.979524],[121.580946,24.979529],[121.580866,24.979548],[121.580627,24.979625],[121.58036,24.979727],[121.580033,24.979871],[121.579769,24.980017],[121.57968,24.980061],[121.579608,24.980084],[121.579483,24.980103],[121.57933,24.980117],[121.579184,24.980124],[121.578813,24.980131],[121.578715,24.980125],[121.5784,24.980076],[121.578253,24.980045],[121.578112,24.98],[121.578003,24.979971],[121.57791,24.979953],[121.577718,24.979927],[121.577468,24.979902],[121.577389,24.97989],[121.577319,24.979883],[121.577263,24.979884],[121.576981,24.979915],[121.576722,24.979906],[121.576358,24.979846],[121.575785,24.979786],[121.575614,24.979771],[121.575556,24.97976],[121.575497,24.979743],[121.575402,24.979727],[121.575312,24.979724],[121.575191,24.979736],[121.575308,24.979548],[121.575389,24.979357],[121.575419,24.97921],[121.575443,24.979015],[121.575437,24.97886],[121.575389,24.978735],[121.575326,24.978632],[121.575252,24.978568],[121.575156,24.978555],[121.574967,24.978584],[121.574773,24.978675],[121.574523,24.978815],[121.574636,24.978441],[121.574689,24.978225],[121.574734,24.978074],[121.574759,24.977969],[121.574752,24.977907],[121.574738,24.977878],[121.574713,24.977847],[121.574682,24.977825],[121.574656,24.977813],[121.574591,24.977802],[121.574524,24.977808],[121.574481,24.977827],[121.574458,24.977845],[121.57438,24.977933],[121.574282,24.978073],[121.574184,24.978203],[121.5741,24.978293],[121.573852,24.978478],[121.573736,24.978549],[121.573701,24.978564],[121.573637,24.978582],[121.57345,24.978626],[121.573292,24.978685],[121.573191,24.978735],[121.573112,24.978781],[121.572978,24.978865],[121.572847,24.978956],[121.572773,24.978994],[121.572735,24.979007],[121.572424,24.979076],[121.572121,24.979152],[121.571967,24.97917],[121.571907,24.979166],[121.571646,24.9791],[121.571229,24.979007],[121.571115,24.978971],[121.570901,24.978882],[121.570824,24.978839],[121.570744,24.978775],[121.5706,24.978637],[121.570497,24.978561],[121.570439,24.978532],[121.570391,24.978515],[121.570329,24.978496],[121.570267,24.978486],[121.570181,24.978487],[121.569928,24.978506],[121.569755,24.978508],[121.569525,24.978534],[121.569401,24.978562],[121.569235,24.978608],[121.569101,24.978665],[121.569028,24.978707],[121.568533,24.97849],[121.568008,24.978512],[121.567812,24.978717],[121.567645,24.978929],[121.567649,24.979208],[121.567798,24.979198],[121.567803,24.97953],[121.567794,24.979551],[121.56778,24.979552],[121.567817,24.979663],[121.567857,24.979761],[121.567812,24.979805],[121.567776,24.979893],[121.567694,24.980186],[121.567857,24.980239],[121.567986,24.980289],[121.568342,24.980475],[121.568441,24.980521],[121.56942,24.980934],[121.569777,24.981077],[121.570129,24.981228],[121.570843,24.98152],[121.570904,24.981547],[121.571039,24.981617],[121.571292,24.981779],[121.571545,24.981975],[121.571972,24.98229],[121.572038,24.982347],[121.572331,24.98263],[121.572491,24.982792],[121.572582,24.982893],[121.572624,24.982928],[121.572727,24.982971],[121.57285,24.983003],[121.572964,24.983027],[121.573502,24.983396],[121.573514,24.983425],[121.573511,24.983459],[121.573491,24.98349],[121.57331,24.983709],[121.573278,24.98372],[121.573248,24.983717],[121.573199,24.9837],[121.572979,24.983577],[121.57262,24.983399],[121.572474,24.983341],[121.572375,24.983319],[121.572305,24.98332],[121.57219,24.983359],[121.572096,24.983431],[121.572052,24.983497],[121.572025,24.983603],[121.572019,24.98367],[121.572011,24.984154],[121.572005,24.984208],[121.571989,24.984241],[121.571989,24.984271],[121.571996,24.984432],[121.572012,24.98459],[121.572055,24.984758],[121.572115,24.984903],[121.572253,24.985211],[121.572759,24.986295],[121.573057,24.986293],[121.573066,24.986344],[121.573097,24.98636],[121.573112,24.986499],[121.573132,24.986618],[121.57313,24.98697],[121.573162,24.986973],[121.573167,24.987014],[121.573236,24.987308],[121.573236,24.987422],[121.573225,24.987523],[121.573251,24.98757],[121.573395,24.987592],[121.573404,24.987641],[121.573982,24.987563],[121.574014,24.987562],[121.57405,24.987603],[121.574053,24.987636],[121.574097,24.987629],[121.574434,24.98769],[121.574444,24.987689],[121.574463,24.987561],[121.574507,24.987538],[121.574759,24.987516],[121.574821,24.987789],[121.574905,24.987772],[121.574873,24.987637],[121.574981,24.987621],[121.574997,24.9876],[121.575208,24.987484],[121.575265,24.987471],[121.575636,24.987398],[121.57569,24.987629],[121.575714,24.987624],[121.575712,24.987616],[121.575825,24.987596],[121.575817,24.987562],[121.575842,24.987557],[121.5759,24.987501],[121.575907,24.987468],[121.575895,24.987427],[121.575944,24.987417],[121.575951,24.987457],[121.575943,24.987499],[121.575933,24.987521],[121.575911,24.987548],[121.575882,24.987573],[121.575838,24.987601],[121.576238,24.987519],[121.576217,24.987519],[121.576204,24.987515],[121.576119,24.987451],[121.576104,24.987388],[121.576132,24.987383],[121.576148,24.987425],[121.576172,24.98745],[121.576224,24.987482],[121.576245,24.987483],[121.577172,24.987288],[121.577178,24.987313],[121.577176,24.987325],[121.577165,24.987339],[121.577286,24.987314],[121.577266,24.987307],[121.577253,24.987267],[121.578062,24.987095],[121.578216,24.987051],[121.578405,24.986957],[121.578416,24.98696],[121.578444,24.986948],[121.578346,24.986756],[121.578787,24.986547],[121.579373,24.986027],[121.579589,24.985796],[121.579634,24.985738],[121.579675,24.985668],[121.579715,24.985564],[121.579749,24.985562],[121.579796,24.98557],[121.579834,24.985588],[121.579838,24.985496],[121.579787,24.985514],[121.579747,24.98554],[121.579589,24.985549],[121.579502,24.98555],[121.579407,24.985544],[121.579221,24.985525],[121.579031,24.985501],[121.578903,24.985477],[121.578674,24.985415],[121.578197,24.985257],[121.578144,24.985247],[121.57798,24.985182],[121.57785,24.9851],[121.577792,24.98509],[121.577731,24.985089],[121.577521,24.985117],[121.577353,24.985158],[121.577308,24.985177],[121.577268,24.9852],[121.577096,24.985325],[121.57704,24.985352],[121.576929,24.985392],[121.576841,24.985405],[121.576764,24.985048]]]}},{"type":"Feature","properties":{"id":"68694cfcf508","name":"國立政治大學1","level":"大專","basis":"both","data_ym":"202006"},"geometry":{"type":"Polygon","coordinates":[[[121.577616,24.988705],[121.577769,24.987678],[121.577778,24.987651],[121.57781,24.987597],[121.577313,24.987696],[121.577325,24.987745],[121.577283,24.987753],[121.577271,24.987702],[121.576864,24.987791],[121.57689,24.987926],[121.576821,24.987938],[121.576798,24.98798],[121.576699,24.988107],[121.576629,24.988212],[121.576609,24.98826],[121.576691,24.9883],[121.576697,24.988306],[121.576612,24.988407],[121.576699,24.988465],[121.576813,24.988529],[121.577248,24.988648],[121.577603,24.98872],[121.577616,24.988705]]]}},{"type":"Feature","properties":{"id":"88baaf4d1d51","name":"國立政治大學2","level":"大專","basis":"both","data_ym":"202310"},"geometry":{"type":"Polygon","coordinates":[[[121.581157,24.988076],[121.581292,24.987932],[121.581499,24.987753],[121.581559,24.987666],[121.581625,24.98736],[121.58173,24.987122],[121.581758,24.987026],[121.581754,24.986964],[121.581727,24.986929],[121.581675,24.986908],[121.581533,24.98688],[121.581297,24.986868],[121.580909,24.986925],[121.580516,24.987054],[121.57996,24.987357],[121.578822,24.987952],[121.578695,24.987955],[121.578329,24.987976],[121.578156,24.987924],[121.578112,24.987902],[121.578064,24.987866],[121.57798,24.987776],[121.5779,24.987677],[121.57791,24.987596],[121.577877,24.987625],[121.577859,24.987649],[121.577846,24.987678],[121.577835,24.98772],[121.577692,24.988671],[121.57769,24.988701],[121.577697,24.988728],[121.577719,24.98875],[121.577786,24.988764],[121.577882,24.988806],[121.578269,24.988896],[121.578279,24.988856],[121.579029,24.988891],[121.579214,24.98895],[121.580062,24.989101],[121.580091,24.989088],[121.58016,24.989071],[121.580711,24.989021],[121.580914,24.988935],[121.581042,24.988905],[121.581201,24.988882],[121.581245,24.988828],[121.581241,24.988784],[121.581222,24.98875],[121.580972,24.988721],[121.580906,24.988719],[121.581009,24.988564],[121.5811,24.988159],[121.581157,24.988076]]]}},{"type":"Feature","properties":{"id":"615e57449d7c","name":"國立政治大學公共行政暨企業管理教育中心","level":"大專","basis":"branch","data_ym":"202508"},"geometry":{"type":"Polygon","coordinates":[[[121.52801,25.030064],[121.527966,25.03003],[121.527271,25.030131],[121.527255,25.030168],[121.527253,25.030188],[121.527282,25.030367],[121.527356,25.030759],[121.528104,25.030649],[121.528112,25.030638],[121.528112,25.030629],[121.52801,25.030064]]]}},{"type":"Feature","properties":{"id":"b3d2f34b34bc","name":"國立政治大學附設實驗國民小學","level":"國小","basis":"name","data_ym":"202508"},"geometry":{"type":"Polygon","coordinates":[[[121.579739,24.985208],[121.579792,24.985026],[121.579897,24.985055],[121.579994,24.985086],[121.580006,24.985041],[121.580012,24.984963],[121.580012,24.98489],[121.580004,24.984828],[121.579982,24.984758],[121.579961,24.984767],[121.579911,24.984719],[121.579889,24.984673],[121.579864,24.984528],[121.579857,24.984529],[121.579847,24.984486],[121.579783,24.984497],[121.57976,24.984399],[121.579755,24.984344],[121.579584,24.984073],[121.579173,24.984169],[121.579183,24.984215],[121.579273,24.984519],[121.57931,24.984625],[121.579425,24.984848],[121.579472,24.984946],[121.57951,24.98504],[121.579524,24.985127],[121.57953,24.985201],[121.579497,24.985286],[121.579743,24.985283],[121.57976,24.985213],[121.579739,24.985208]]]}},{"type":"Feature","properties":{"id":"6bcf2b8437d1","name":"國立政治大學附屬高級中學","level":"高中職","basis":"name","data_ym":"202006"},"geometry":{"type":"Polygon","coordinates":[[[121.584478,24.988396],[121.584515,24.988359],[121.584545,24.988359],[121.584584,24.98835],[121.584609,24.988334],[121.584622,24.988318],[121.584702,24.988296],[121.584712,24.988287],[121.584791,24.988278],[121.584861,24.988251],[121.584929,24.988231],[121.585073,24.988232],[121.585093,24.988226],[121.585111,24.988214],[121.585118,24.988201],[121.585273,24.988207],[121.585316,24.988201],[121.585393,24.988183],[121.585378,24.988149],[121.585442,24.988131],[121.585459,24.988116],[121.585731,24.987953],[121.58609,24.987908],[121.58616,24.987838],[121.586178,24.987836],[121.586207,24.987812],[121.586295,24.987674],[121.586313,24.987652],[121.586188,24.987265],[121.586134,24.987258],[121.585961,24.987223],[121.585833,24.987091],[121.585801,24.987108],[121.585771,24.987116],[121.585729,24.987119],[121.585645,24.987088],[121.584902,24.987415],[121.584021,24.987755],[121.584093,24.987956],[121.58429,24.988402],[121.58437,24.988404],[121.58437,24.988419],[121.584421,24.98842],[121.584461,24.988406],[121.584478,24.988396]]]}},{"type":"Feature","properties":{"id":"44749f50fba3","name":"國立政治大學國際關係研究中心","level":"其他","basis":"none","data_ym":"202310"},"geometry":{"type":"Polygon","coordinates":[[[121.583512,24.988663],[121.583186,24.988747],[121.58305,24.988759],[121.58306,24.988731],[121.58291,24.988749],[121.582697,24.988732],[121.58225,24.988665],[121.581934,24.988501],[121.581333,24.988144],[121.581208,24.98809],[121.581157,24.988076],[121.5811,24.988159],[121.581009,24.988564],[121.580906,24.988719],[121.580972,24.988721],[121.581222,24.98875],[121.581241,24.988784],[121.581245,24.988828],[121.581201,24.988882],[121.581042,24.988905],[121.580914,24.988935],[121.580711,24.989021],[121.58016,24.989071],[121.580091,24.989088],[121.580027,24.989117],[121.579983,24.989158],[121.580183,24.989146],[121.58019,24.989148],[121.580626,24.989127],[121.580702,24.989095],[121.580967,24.989044],[121.581017,24.98904],[121.581437,24.989118],[121.581773,24.989151],[121.582247,24.989211],[121.582561,24.989231],[121.583064,24.989243],[121.583578,24.989274],[121.583626,24.98909],[121.58357,24.988907],[121.583512,24.988663]]]}},{"type":"Feature","properties":{"id":"0a99f9c4a6bf","name":"國立國防醫學大學","level":"大專","basis":"name","data_ym":"202509"},"geometry":{"type":"Polygon","coordinates":[[[121.594203,25.070079],[121.594727,25.070003],[121.595076,25.069977],[121.595051,25.070036],[121.595036,25.070094],[121.595037,25.070214],[121.595051,25.070579],[121.595044,25.07068],[121.595036,25.070691],[121.595006,25.070711],[121.594978,25.07072],[121.594912,25.070727],[121.594812,25.070728],[121.594815,25.071115],[121.594824,25.071352],[121.594941,25.07145],[121.595015,25.072732],[121.5952,25.07277],[121.595349,25.072795],[121.595549,25.072803],[121.595637,25.07279],[121.595894,25.072703],[121.59594,25.072697],[121.596602,25.072676],[121.597763,25.072649],[121.597769,25.072973],[121.597784,25.073288],[121.598137,25.073295],[121.598291,25.073297],[121.598317,25.072625],[121.598362,25.072637],[121.598367,25.072529],[121.599253,25.072868],[121.599276,25.072873],[121.599303,25.072873],[121.599335,25.072866],[121.599368,25.07285],[121.599393,25.072831],[121.59941,25.072805],[121.599426,25.072759],[121.599415,25.07251],[121.599378,25.072012],[121.599284,25.070581],[121.599267,25.070404],[121.599243,25.07027],[121.599224,25.070195],[121.599181,25.070064],[121.599153,25.069991],[121.599103,25.069884],[121.599051,25.069789],[121.598969,25.069656],[121.598818,25.069463],[121.598796,25.069457],[121.598786,25.069459],[121.598635,25.06953],[121.59861,25.069538],[121.596213,25.069752],[121.59617,25.069763],[121.595732,25.068545],[121.595487,25.068635],[121.595487,25.068612],[121.595491,25.068596],[121.595506,25.068575],[121.595158,25.068725],[121.595199,25.068756],[121.59493,25.068846],[121.595088,25.06957],[121.595055,25.069576],[121.595124,25.069894],[121.594171,25.069993],[121.59417,25.070081],[121.594203,25.070079]]]}},{"type":"Feature","properties":{"id":"178cc1381501","name":"國立陽明交通大學臺北陽明校區","level":"大專","basis":"branch","data_ym":"202103"},"geometry":{"type":"Polygon","coordinates":[[[121.517523,25.123031],[121.517569,25.123024],[121.517781,25.123047],[121.51796,25.12304],[121.517966,25.122963],[121.517806,25.122981],[121.517695,25.122951],[121.517503,25.122891],[121.516799,25.122621],[121.51667,25.122601],[121.516524,25.12257],[121.516464,25.122551],[121.516386,25.122508],[121.516109,25.122291],[121.515904,25.122157],[121.515687,25.122039],[121.515515,25.121961],[121.515294,25.12183],[121.515083,25.121687],[121.514884,25.121478],[121.514779,25.121234],[121.514734,25.121103],[121.514816,25.120811],[121.514723,25.120633],[121.514903,25.120515],[121.514992,25.120419],[121.514995,25.120396],[121.51516,25.120373],[121.515069,25.119919],[121.514988,25.119356],[121.514202,25.119464],[121.514239,25.118963],[121.514238,25.118951],[121.514225,25.118922],[121.514208,25.11891],[121.513038,25.119051],[121.512856,25.119196],[121.512822,25.119234],[121.512788,25.119299],[121.512714,25.119524],[121.512672,25.11958],[121.512629,25.119611],[121.51258,25.119635],[121.512527,25.119651],[121.512483,25.119657],[121.51241,25.119659],[121.512222,25.119643],[121.512177,25.119632],[121.512104,25.119603],[121.511869,25.119762],[121.511893,25.119879],[121.511995,25.120189],[121.512031,25.12028],[121.511993,25.120294],[121.512012,25.120358],[121.512287,25.120426],[121.512381,25.120465],[121.512501,25.120525],[121.512432,25.120795],[121.512396,25.121102],[121.512458,25.121158],[121.512263,25.12121],[121.512319,25.121525],[121.512262,25.121562],[121.512169,25.121603],[121.512125,25.121616],[121.512115,25.12157],[121.51177,25.121666],[121.51178,25.121701],[121.511424,25.121812],[121.511188,25.121872],[121.511171,25.121883],[121.511118,25.121934],[121.511115,25.121949],[121.511061,25.122013],[121.511062,25.122028],[121.511004,25.122152],[121.510946,25.122196],[121.510715,25.122232],[121.510516,25.122237],[121.51032,25.122011],[121.510251,25.121945],[121.510153,25.121832],[121.510125,25.121779],[121.509368,25.121754],[121.509359,25.121869],[121.509353,25.121888],[121.509341,25.121906],[121.509315,25.121923],[121.509208,25.121924],[121.509206,25.121988],[121.509189,25.122139],[121.508978,25.122353],[121.508818,25.122544],[121.508739,25.12254],[121.508619,25.122605],[121.508512,25.122678],[121.508593,25.122775],[121.508676,25.122866],[121.508614,25.12304],[121.508601,25.123135],[121.50878,25.123323],[121.508872,25.12347],[121.508968,25.123586],[121.510022,25.123977],[121.510798,25.124176],[121.511292,25.124354],[121.511699,25.124543],[121.512069,25.124766],[121.512711,25.125133],[121.51323,25.125446],[121.513727,25.125784],[121.515187,25.125834],[121.515934,25.125851],[121.516285,25.124692],[121.517155,25.124223],[121.517334,25.123985],[121.517437,25.123751],[121.517478,25.123575],[121.517492,25.123451],[121.517484,25.123331],[121.517441,25.123193],[121.517457,25.123125],[121.517484,25.123069],[121.517504,25.123043],[121.517523,25.123031]]]}},{"type":"Feature","properties":{"id":"0c0b73ceba90","name":"國立臺北大學建國校區","level":"大專","basis":"branch","data_ym":"202006"},"geometry":{"type":"Polygon","coordinates":[[[121.539078,25.056283],[121.539042,25.056249],[121.537896,25.056274],[121.537234,25.056301],[121.537247,25.056939],[121.539059,25.056893],[121.539097,25.056857],[121.539078,25.056283]]]}},{"type":"Feature","properties":{"id":"0721acb39101","name":"國立臺北大學建國校區1","level":"其他","basis":"none","data_ym":"202006"},"geometry":{"type":"Polygon","coordinates":[[[121.540526,25.056241],[121.540483,25.056218],[121.539213,25.056258],[121.539189,25.056289],[121.539208,25.056863],[121.539245,25.056889],[121.540544,25.056857],[121.540526,25.056241]]]}},{"type":"Feature","properties":{"id":"c14a24c2fd6b","name":"國立臺北大學臺北校區","level":"大專","basis":"branch","data_ym":"202006"},"geometry":{"type":"Polygon","coordinates":[[[121.54302,25.059352],[121.542985,25.057998],[121.541915,25.058027],[121.541934,25.05889],[121.542008,25.05902],[121.542147,25.059016],[121.542158,25.059371],[121.54302,25.059352]]]}},{"type":"Feature","properties":{"id":"7a15b2df0429","name":"國立臺北科技大學","level":"大專","basis":"both","data_ym":"202111"},"geometry":{"type":"Polygon","coordinates":[[[121.534666,25.043981],[121.534872,25.043979],[121.534979,25.043967],[121.535036,25.043955],[121.535142,25.043914],[121.535264,25.04386],[121.535532,25.043757],[121.535928,25.043708],[121.536249,25.043629],[121.53626,25.043105],[121.536357,25.042706],[121.536606,25.042008],[121.535589,25.042158],[121.535585,25.042182],[121.53531,25.042195],[121.533693,25.042422],[121.533118,25.042508],[121.533114,25.043211],[121.53312,25.044268],[121.533195,25.044257],[121.533336,25.044259],[121.533499,25.044282],[121.533686,25.044323],[121.533964,25.044399],[121.534029,25.044329],[121.534234,25.044192],[121.534337,25.044135],[121.534442,25.044062],[121.534666,25.043981]]]}},{"type":"Feature","properties":{"id":"76d46e1d82b0","name":"國立臺北科技大學1","level":"大專","basis":"both","data_ym":"202006"},"geometry":{"type":"Polygon","coordinates":[[[121.538254,25.043753],[121.538568,25.042206],[121.538621,25.041878],[121.537408,25.041899],[121.53738,25.041927],[121.537364,25.041964],[121.537232,25.042298],[121.53714,25.042594],[121.537061,25.042922],[121.537034,25.0429],[121.537011,25.043005],[121.537013,25.042993],[121.537038,25.043],[121.536994,25.043405],[121.53697,25.043683],[121.538254,25.043753]]]}},{"type":"Feature","properties":{"id":"a563ee1c5261","name":"國立臺北商業大學臺北校區","level":"大專","basis":"branch","data_ym":"202508"},"geometry":{"type":"Polygon","coordinates":[[[121.52638,25.042697],[121.526101,25.041716],[121.524544,25.042099],[121.524829,25.043079],[121.52638,25.042697]]]}},{"type":"Feature","properties":{"id":"6c1294b5cbce","name":"國立臺北教育大學","level":"大專","basis":"both","data_ym":"202006"},"geometry":{"type":"Polygon","coordinates":[[[121.544903,25.024689],[121.544896,25.024635],[121.546067,25.024563],[121.546063,25.024498],[121.546161,25.024496],[121.546155,25.024426],[121.546486,25.024405],[121.546456,25.024097],[121.546629,25.02409],[121.546614,25.023866],[121.546566,25.02387],[121.546565,25.023864],[121.546477,25.023868],[121.546475,25.023818],[121.546464,25.023819],[121.546454,25.023609],[121.546501,25.023607],[121.546498,25.023539],[121.546586,25.023535],[121.546561,25.023143],[121.546517,25.022543],[121.546561,25.022419],[121.545906,25.022465],[121.545835,25.022463],[121.545795,25.022457],[121.545731,25.022439],[121.545209,25.022197],[121.545042,25.022125],[121.544927,25.022083],[121.544775,25.022043],[121.544661,25.021991],[121.544536,25.02199],[121.544536,25.022012],[121.543922,25.022028],[121.543979,25.023333],[121.544056,25.024684],[121.544685,25.024646],[121.544687,25.024702],[121.544903,25.024689]]]}},{"type":"Feature","properties":{"id":"47161991633c","name":"國立臺北教育大學附設實驗國民小學","level":"國小","basis":"name","data_ym":"202006"},"geometry":{"type":"Polygon","coordinates":[[[121.541289,25.024976],[121.541062,25.023533],[121.540067,25.023696],[121.539857,25.023714],[121.53981,25.023731],[121.539821,25.023764],[121.539726,25.023778],[121.539736,25.023895],[121.539648,25.0239],[121.539718,25.024385],[121.539858,25.025161],[121.539902,25.025185],[121.54127,25.025],[121.541289,25.024976]]]}},{"type":"Feature","properties":{"id":"027791e3a46e","name":"國立臺北藝術大學","level":"大專","basis":"both","data_ym":"202006"},"geometry":{"type":"Polygon","coordinates":[[[121.466209,25.129182],[121.466122,25.129133],[121.466093,25.129139],[121.466104,25.129172],[121.466134,25.129422],[121.466127,25.129467],[121.466112,25.129522],[121.466113,25.129626],[121.466059,25.129965],[121.466042,25.1301],[121.466049,25.130591],[121.466057,25.130831],[121.466073,25.13115],[121.466087,25.131289],[121.46611,25.131411],[121.466153,25.131577],[121.466189,25.131675],[121.466337,25.131968],[121.466734,25.132484],[121.466847,25.132621],[121.466973,25.132746],[121.467096,25.132837],[121.467207,25.132857],[121.467302,25.132858],[121.467334,25.132849],[121.467404,25.13281],[121.46804,25.132308],[121.468215,25.132181],[121.468263,25.132161],[121.468313,25.132152],[121.468368,25.13215],[121.468439,25.13217],[121.468514,25.132208],[121.468581,25.132265],[121.468621,25.132317],[121.46864,25.132369],[121.46865,25.132435],[121.468652,25.132489],[121.468663,25.13254],[121.468691,25.132608],[121.468726,25.132653],[121.468956,25.132855],[121.469656,25.133578],[121.469734,25.133674],[121.469776,25.133755],[121.469802,25.133833],[121.46983,25.134038],[121.469862,25.134164],[121.469918,25.134349],[121.469965,25.134459],[121.470033,25.134593],[121.470339,25.135136],[121.470378,25.135195],[121.470506,25.135326],[121.47077,25.135568],[121.470881,25.135676],[121.471162,25.136019],[121.471218,25.136069],[121.471477,25.136231],[121.471741,25.136459],[121.471803,25.136552],[121.471897,25.136655],[121.471943,25.136663],[121.472004,25.136698],[121.472121,25.13678],[121.472389,25.136981],[121.47252,25.137072],[121.472579,25.137127],[121.472619,25.137174],[121.472651,25.137231],[121.472736,25.137409],[121.472807,25.13756],[121.472827,25.137617],[121.472842,25.137668],[121.472899,25.138],[121.473021,25.138515],[121.473087,25.138738],[121.473185,25.139035],[121.473299,25.139325],[121.473336,25.139401],[121.473513,25.139706],[121.473585,25.139807],[121.47361,25.139817],[121.473716,25.139758],[121.473644,25.139615],[121.473595,25.139528],[121.473533,25.139399],[121.473495,25.139293],[121.473481,25.139116],[121.473536,25.139139],[121.473789,25.13894],[121.474066,25.138768],[121.474407,25.138568],[121.474551,25.138459],[121.474773,25.138323],[121.474926,25.138178],[121.474985,25.137965],[121.474999,25.137717],[121.474969,25.1375],[121.475017,25.137329],[121.47526,25.136996],[121.475389,25.136851],[121.475469,25.136697],[121.475476,25.136646],[121.475448,25.136595],[121.475402,25.136557],[121.47535,25.13653],[121.475289,25.136487],[121.475206,25.136408],[121.47518,25.136376],[121.475153,25.13635],[121.475086,25.136252],[121.47505,25.136193],[121.474738,25.135374],[121.474686,25.135313],[121.474648,25.135245],[121.474491,25.135067],[121.474431,25.135028],[121.47436,25.135006],[121.474284,25.134994],[121.474235,25.134995],[121.474151,25.135016],[121.47408,25.135062],[121.474037,25.135114],[121.473966,25.135229],[121.473866,25.135307],[121.473736,25.135366],[121.473567,25.13539],[121.473453,25.135393],[121.47313,25.135357],[121.473129,25.135292],[121.472955,25.135311],[121.472825,25.135316],[121.472815,25.135053],[121.472863,25.134737],[121.472903,25.134597],[121.472927,25.134425],[121.472861,25.134105],[121.472701,25.133726],[121.472626,25.133623],[121.472283,25.133357],[121.471925,25.1332],[121.471851,25.133282],[121.471548,25.13312],[121.471464,25.133112],[121.471364,25.133121],[121.471107,25.133244],[121.471018,25.133253],[121.470928,25.133249],[121.47065,25.132965],[121.470604,25.132839],[121.470549,25.132744],[121.470573,25.132685],[121.470685,25.132562],[121.470721,25.132508],[121.470747,25.132456],[121.470766,25.132403],[121.470778,25.132339],[121.470767,25.132289],[121.470721,25.132242],[121.470331,25.131936],[121.470382,25.131884],[121.470188,25.131695],[121.470055,25.13151],[121.469757,25.131269],[121.469645,25.131386],[121.469561,25.131316],[121.469496,25.131271],[121.469429,25.131255],[121.469366,25.131254],[121.469295,25.131243],[121.468473,25.130834],[121.468369,25.130701],[121.468255,25.130684],[121.468166,25.130747],[121.467963,25.130748],[121.467876,25.13076],[121.46774,25.130789],[121.467447,25.130626],[121.467059,25.130453],[121.467037,25.130424],[121.467145,25.130279],[121.467182,25.130159],[121.467164,25.130093],[121.467067,25.130008],[121.466951,25.129923],[121.466822,25.129911],[121.466209,25.129182]]]}},{"type":"Feature","properties":{"id":"7859ff594ce5","name":"國立臺北護理健康大學石牌校區","level":"大專","basis":"branch","data_ym":"202508"},"geometry":{"type":"Polygon","coordinates":[[[121.519925,25.118497],[121.520205,25.118463],[121.520406,25.118473],[121.52077,25.118564],[121.521409,25.118783],[121.521727,25.118501],[121.52192,25.118258],[121.522016,25.118069],[121.522149,25.11774],[121.521271,25.117423],[121.521052,25.117317],[121.520325,25.116888],[121.517571,25.117199],[121.517613,25.118016],[121.517773,25.118108],[121.518469,25.118526],[121.518622,25.118607],[121.518701,25.118622],[121.518812,25.118619],[121.519064,25.118587],[121.519925,25.118497]]]}},{"type":"Feature","properties":{"id":"5d2fc85abf60","name":"國立臺北護理健康大學城區部","level":"其他","basis":"none","data_ym":"202006"},"geometry":{"type":"Polygon","coordinates":[[[121.502497,25.042495],[121.502983,25.042433],[121.503776,25.042292],[121.503762,25.042142],[121.503749,25.042142],[121.503747,25.042124],[121.503431,25.042144],[121.503391,25.041657],[121.502399,25.041737],[121.502386,25.041746],[121.502375,25.041761],[121.502372,25.041784],[121.502497,25.042495]]]}},{"type":"Feature","properties":{"id":"8aa95574b0b9","name":"國立臺灣大學","level":"大專","basis":"both","data_ym":"202006"},"geometry":{"type":"Polygon","coordinates":[[[121.535755,25.013696],[121.53594,25.013715],[121.536447,25.01379],[121.53644,25.014011],[121.536667,25.013997],[121.536739,25.014374],[121.536471,25.01472],[121.536441,25.014719],[121.536443,25.014767],[121.536402,25.014768],[121.5364,25.014852],[121.536358,25.01485],[121.535122,25.014319],[121.535104,25.014305],[121.534861,25.014539],[121.534899,25.01457],[121.534871,25.014597],[121.534923,25.014643],[121.534765,25.014794],[121.534671,25.014719],[121.534155,25.015216],[121.534267,25.015327],[121.534036,25.01555],[121.533912,25.015447],[121.533636,25.0157],[121.533213,25.016108],[121.533247,25.01614],[121.533049,25.016322],[121.533456,25.01672],[121.533401,25.016764],[121.533387,25.016767],[121.533368,25.016758],[121.533488,25.016952],[121.533507,25.016933],[121.533553,25.016918],[121.534643,25.022113],[121.534674,25.022153],[121.536856,25.022167],[121.537018,25.022152],[121.5372,25.022129],[121.537437,25.022062],[121.537576,25.021998],[121.537671,25.021945],[121.538213,25.021528],[121.538427,25.02139],[121.538574,25.021306],[121.538796,25.021216],[121.538989,25.021149],[121.539285,25.021078],[121.539575,25.021042],[121.539763,25.021031],[121.541274,25.020991],[121.54327,25.020932],[121.54323,25.020985],[121.543207,25.020992],[121.543489,25.020985],[121.543478,25.020983],[121.543465,25.020971],[121.543463,25.020914],[121.543689,25.020906],[121.543873,25.020886],[121.5441,25.02083],[121.544325,25.020755],[121.544497,25.020665],[121.544677,25.02055],[121.544852,25.020389],[121.545418,25.019893],[121.546187,25.019128],[121.546195,25.019104],[121.546184,25.019068],[121.544183,25.017379],[121.544202,25.01737],[121.544219,25.017368],[121.544241,25.017372],[121.544126,25.017274],[121.544132,25.017288],[121.544126,25.017303],[121.544111,25.017311],[121.544055,25.017259],[121.543059,25.016432],[121.542508,25.015958],[121.542531,25.015943],[121.542547,25.015942],[121.542477,25.015881],[121.54242,25.015833],[121.542423,25.015864],[121.542412,25.015876],[121.541838,25.01538],[121.540934,25.014623],[121.539405,25.013311],[121.53942,25.013294],[121.539444,25.013292],[121.539312,25.013182],[121.539313,25.013203],[121.539299,25.013221],[121.53874,25.01275],[121.538261,25.012358],[121.537348,25.011583],[121.537172,25.011598],[121.537122,25.01164],[121.536967,25.011929],[121.536791,25.012304],[121.536705,25.012464],[121.536437,25.0129],[121.536272,25.013141],[121.535905,25.013555],[121.535755,25.013696]]]}},{"type":"Feature","properties":{"id":"70562363de3c","name":"國立臺灣大學1","level":"大專","basis":"both","data_ym":"202006"},"geometry":{"type":"Polygon","coordinates":[[[121.545653,25.011797],[121.5452,25.011497],[121.544815,25.011657],[121.544736,25.011636],[121.544679,25.011616],[121.544625,25.011626],[121.544539,25.011678],[121.544488,25.011684],[121.544258,25.011669],[121.54423,25.011701],[121.54485,25.012241],[121.545007,25.012373],[121.545102,25.012449],[121.545114,25.012454],[121.545149,25.012446],[121.545653,25.011797]]]}},{"type":"Feature","properties":{"id":"3f017250aab6","name":"國立臺灣大學2","level":"大專","basis":"both","data_ym":"202006"},"geometry":{"type":"Polygon","coordinates":[[[121.540971,25.011121],[121.540934,25.010967],[121.540742,25.010884],[121.540731,25.011001],[121.540365,25.01099],[121.540362,25.011041],[121.540338,25.01104],[121.540332,25.011244],[121.540935,25.011266],[121.540988,25.011198],[121.540948,25.01117],[121.540971,25.011121]]]}},{"type":"Feature","properties":{"id":"0a5442f9aebc","name":"國立臺灣大學4","level":"大專","basis":"both","data_ym":"202006"},"geometry":{"type":"Polygon","coordinates":[[[121.544941,25.012532],[121.544168,25.011869],[121.544007,25.012048],[121.54398,25.012029],[121.542981,25.013237],[121.543917,25.013869],[121.544941,25.012532]]]}},{"type":"Feature","properties":{"id":"f90c025576d7","name":"國立臺灣大學5","level":"大專","basis":"both","data_ym":"202006"},"geometry":{"type":"Polygon","coordinates":[[[121.547876,25.012824],[121.547942,25.012655],[121.547944,25.012627],[121.547909,25.012571],[121.547901,25.012532],[121.547771,25.012469],[121.547784,25.01233],[121.547782,25.01225],[121.547729,25.012151],[121.54769,25.01211],[121.54763,25.012071],[121.547318,25.011909],[121.547239,25.011861],[121.547151,25.011783],[121.547005,25.011633],[121.546974,25.01161],[121.546942,25.011594],[121.546841,25.011549],[121.546503,25.011483],[121.546173,25.011405],[121.546145,25.011402],[121.546075,25.011409],[121.546042,25.011427],[121.546021,25.011449],[121.546037,25.011459],[121.546076,25.011445],[121.546138,25.011462],[121.546753,25.011859],[121.546345,25.012382],[121.545659,25.011933],[121.545201,25.012538],[121.545356,25.012678],[121.545353,25.012681],[121.545378,25.012706],[121.545382,25.012702],[121.545837,25.013116],[121.54645,25.013575],[121.546592,25.013696],[121.546702,25.013811],[121.546796,25.013926],[121.546856,25.014012],[121.547005,25.014252],[121.547145,25.014158],[121.547244,25.014086],[121.547406,25.013939],[121.547781,25.013641],[121.547811,25.013599],[121.547864,25.013488],[121.547817,25.013225],[121.547809,25.013156],[121.547812,25.01312],[121.547829,25.01302],[121.547859,25.012884],[121.547876,25.012824]]]}},{"type":"Feature","properties":{"id":"a7792ad524d5","name":"國立臺灣大學6","level":"大專","basis":"both","data_ym":"202006"},"geometry":{"type":"Polygon","coordinates":[[[121.544456,25.017024],[121.545249,25.01646],[121.545261,25.016474],[121.545264,25.016483],[121.545253,25.016507],[121.545357,25.016433],[121.545339,25.016438],[121.545326,25.016436],[121.545307,25.016418],[121.546009,25.015918],[121.546028,25.015945],[121.546023,25.015961],[121.546104,25.015903],[121.546097,25.015901],[121.546085,25.015889],[121.546074,25.015871],[121.546873,25.015301],[121.546874,25.015326],[121.546885,25.015351],[121.546971,25.015292],[121.546954,25.015295],[121.546945,25.015292],[121.546918,25.015269],[121.547345,25.014964],[121.547088,25.014597],[121.546958,25.014431],[121.54672,25.014042],[121.546581,25.013868],[121.546424,25.013721],[121.546013,25.013417],[121.545784,25.01324],[121.545766,25.013213],[121.545745,25.013206],[121.54574,25.013206],[121.545715,25.013231],[121.545746,25.013264],[121.545649,25.013372],[121.546623,25.014132],[121.54659,25.014166],[121.546046,25.013741],[121.545791,25.013984],[121.545946,25.014099],[121.546426,25.014431],[121.546422,25.014498],[121.546683,25.014702],[121.546661,25.014725],[121.546398,25.014532],[121.546385,25.014527],[121.546372,25.014529],[121.546267,25.014596],[121.546154,25.014698],[121.546066,25.014706],[121.545964,25.014824],[121.545359,25.014426],[121.545343,25.014369],[121.545347,25.014256],[121.545307,25.014188],[121.545254,25.014119],[121.545118,25.014085],[121.544941,25.014055],[121.544787,25.013987],[121.544858,25.013845],[121.544929,25.013727],[121.545003,25.013661],[121.5451,25.013542],[121.545116,25.013496],[121.545144,25.013475],[121.545054,25.013416],[121.545018,25.013459],[121.545004,25.013449],[121.544757,25.013774],[121.544658,25.013713],[121.544641,25.013641],[121.544584,25.013661],[121.544594,25.013686],[121.544423,25.013735],[121.54434,25.013586],[121.542754,25.015634],[121.543083,25.015912],[121.543164,25.015806],[121.543931,25.016309],[121.543822,25.016461],[121.544456,25.017024]]]}},{"type":"Feature","properties":{"id":"29a42dfbfbc9","name":"國立臺灣大學7","level":"大專","basis":"both","data_ym":"202006"},"geometry":{"type":"Polygon","coordinates":[[[121.546565,25.018754],[121.547575,25.017784],[121.548712,25.016727],[121.548714,25.016698],[121.548549,25.016487],[121.548456,25.016416],[121.548356,25.016361],[121.548218,25.016319],[121.548085,25.016254],[121.54797,25.016144],[121.54788,25.01604],[121.547813,25.015906],[121.547655,25.015494],[121.547434,25.01514],[121.547138,25.015359],[121.547124,25.015343],[121.545259,25.016658],[121.544583,25.017141],[121.54466,25.01721],[121.545385,25.017817],[121.546267,25.018571],[121.546295,25.018543],[121.546554,25.018756],[121.546565,25.018754]]]}},{"type":"Feature","properties":{"id":"f6d2eeed913c","name":"國立臺灣大學公共衛生學院","level":"大專","basis":"name","data_ym":"202006"},"geometry":{"type":"Polygon","coordinates":[[[121.523943,25.040725],[121.523924,25.04072],[121.522419,25.041099],[121.522412,25.041113],[121.522748,25.042261],[121.522752,25.042265],[121.522765,25.042269],[121.524278,25.041907],[121.524288,25.041898],[121.523943,25.040725]]]}},{"type":"Feature","properties":{"id":"047ba53a0b86","name":"國立臺灣大學水源校區","level":"大專","basis":"branch","data_ym":"202006"},"geometry":{"type":"Polygon","coordinates":[[[121.529587,25.015376],[121.529647,25.015323],[121.529653,25.015329],[121.529678,25.015307],[121.529858,25.015479],[121.52992,25.015472],[121.530758,25.014742],[121.529927,25.013952],[121.53012,25.013783],[121.530127,25.013773],[121.53014,25.013724],[121.530237,25.013634],[121.530255,25.013629],[121.53021,25.013607],[121.530017,25.013483],[121.529848,25.013387],[121.528616,25.01222],[121.528581,25.012266],[121.528442,25.012197],[121.528283,25.012485],[121.528261,25.012475],[121.527822,25.013223],[121.527756,25.013357],[121.527745,25.013352],[121.527522,25.013836],[121.527729,25.013937],[121.527557,25.014195],[121.527819,25.014422],[121.527795,25.014446],[121.529189,25.01578],[121.529569,25.015437],[121.529555,25.015424],[121.529598,25.015386],[121.529587,25.015376]]]}},{"type":"Feature","properties":{"id":"5c4a7ce799df","name":"國立臺灣大學社會科學院","level":"大專","basis":"name","data_ym":"202006"},"geometry":{"type":"Polygon","coordinates":[[[121.525655,25.040311],[121.525623,25.040306],[121.524165,25.040658],[121.524147,25.040677],[121.524142,25.0407],[121.524471,25.041843],[121.524493,25.041849],[121.526004,25.04149],[121.526006,25.041478],[121.525672,25.040321],[121.525655,25.040311]]]}},{"type":"Feature","properties":{"id":"dd079e484bf8","name":"國立臺灣大學醫學院","level":"大專","basis":"name","data_ym":"202006"},"geometry":{"type":"Polygon","coordinates":[[[121.522087,25.040943],[121.521516,25.039016],[121.518056,25.039483],[121.518699,25.041743],[121.519049,25.041669],[121.522087,25.040943]]]}},{"type":"Feature","properties":{"id":"39baae509289","name":"國立臺灣大學醫學院1","level":"大專","basis":"name","data_ym":"202006"},"geometry":{"type":"Polygon","coordinates":[[[121.517739,25.044754],[121.518006,25.044692],[121.518022,25.044744],[121.519028,25.044501],[121.519054,25.044481],[121.51906,25.044464],[121.519059,25.044444],[121.519035,25.044356],[121.518023,25.040862],[121.518011,25.040845],[121.517994,25.040838],[121.517951,25.040831],[121.517512,25.040938],[121.5175,25.040948],[121.517494,25.040955],[121.517491,25.040969],[121.517494,25.040987],[121.517548,25.041183],[121.517543,25.041207],[121.517516,25.041244],[121.517435,25.041238],[121.517238,25.041298],[121.517098,25.041335],[121.516856,25.041375],[121.51669,25.041391],[121.516491,25.041396],[121.516345,25.041389],[121.516339,25.04139],[121.516331,25.041405],[121.51626,25.041402],[121.516252,25.04139],[121.516245,25.041387],[121.516202,25.041399],[121.516197,25.041414],[121.517108,25.044539],[121.517256,25.044498],[121.517644,25.044401],[121.517739,25.044754]]]}},{"type":"Feature","properties":{"id":"084f73fe4164","name":"國立臺灣科技大學","level":"大專","basis":"both","data_ym":"202006"},"geometry":{"type":"Polygon","coordinates":[[[121.54384,25.013944],[121.54282,25.013259],[121.543169,25.012846],[121.542551,25.012422],[121.541063,25.011429],[121.540386,25.012254],[121.539738,25.013051],[121.54047,25.013666],[121.540499,25.013636],[121.540619,25.013732],[121.540609,25.013746],[121.540677,25.013803],[121.540691,25.013866],[121.541815,25.01482],[121.542633,25.015522],[121.543166,25.014841],[121.543846,25.013984],[121.54384,25.013944]]]}},{"type":"Feature","properties":{"id":"94b9e3d5ab9d","name":"國立臺灣師範大學","level":"大專","basis":"both","data_ym":"202006"},"geometry":{"type":"Polygon","coordinates":[[[121.52844,25.026406],[121.528375,25.025808],[121.528203,25.025816],[121.528177,25.02549],[121.528098,25.025495],[121.528083,25.025345],[121.528324,25.025329],[121.528266,25.024765],[121.526924,25.024866],[121.526922,25.024855],[121.524847,25.02501],[121.524899,25.025663],[121.524993,25.026682],[121.52844,25.026406]]]}},{"type":"Feature","properties":{"id":"9ffda398712d","name":"國立臺灣師範大學1","level":"大專","basis":"both","data_ym":"202006"},"geometry":{"type":"Polygon","coordinates":[[[121.529313,25.024911],[121.52934,25.024736],[121.528936,25.024771],[121.528936,25.024804],[121.528773,25.024814],[121.528769,25.024762],[121.528621,25.024766],[121.528448,25.025329],[121.528566,25.026392],[121.529281,25.026336],[121.529238,25.025279],[121.529269,25.025091],[121.529313,25.024911]]]}},{"type":"Feature","properties":{"id":"ccfed911e00a","name":"國立臺灣師範大學公館校區","level":"大專","basis":"branch","data_ym":"202508"},"geometry":{"type":"Polygon","coordinates":[[[121.536101,25.010144],[121.536192,25.010002],[121.536536,25.010161],[121.53653,25.010144],[121.536519,25.01005],[121.536522,25.009953],[121.536582,25.009814],[121.536637,25.009714],[121.536681,25.009619],[121.536814,25.009253],[121.537228,25.008499],[121.537312,25.008357],[121.537334,25.008301],[121.537348,25.008238],[121.537347,25.008167],[121.537326,25.008108],[121.537239,25.00797],[121.537275,25.007965],[121.537286,25.007971],[121.537291,25.007661],[121.537286,25.007681],[121.537272,25.007704],[121.537256,25.007718],[121.53723,25.007729],[121.53718,25.007733],[121.537005,25.007728],[121.537009,25.007621],[121.537182,25.00762],[121.537202,25.00761],[121.537204,25.00759],[121.536846,25.007266],[121.536671,25.007081],[121.536365,25.00672],[121.536052,25.006034],[121.53562,25.006079],[121.535605,25.006725],[121.535301,25.006718],[121.534927,25.006722],[121.534696,25.006719],[121.534695,25.006726],[121.534043,25.006733],[121.534049,25.006814],[121.53406,25.006882],[121.534101,25.007031],[121.534196,25.007423],[121.534204,25.007473],[121.534178,25.0085],[121.534182,25.008553],[121.53419,25.008583],[121.534208,25.008634],[121.534232,25.008683],[121.534258,25.008716],[121.534317,25.008768],[121.534946,25.009269],[121.535163,25.009502],[121.535193,25.009665],[121.535193,25.009724],[121.535315,25.009995],[121.535296,25.010136],[121.535771,25.010414],[121.535792,25.010396],[121.535817,25.010382],[121.535921,25.010248],[121.536013,25.010181],[121.536101,25.010144]]]}},{"type":"Feature","properties":{"id":"8ff0a6ffe78c","name":"國立臺灣師範大學附屬高級中學","level":"高中職","basis":"name","data_ym":"202006"},"geometry":{"type":"Polygon","coordinates":[[[121.540864,25.037126],[121.540861,25.037019],[121.541722,25.036955],[121.541696,25.036191],[121.541688,25.036044],[121.541892,25.036038],[121.541918,25.036022],[121.541857,25.033714],[121.541383,25.033739],[121.541377,25.033635],[121.540332,25.033654],[121.539561,25.033678],[121.539612,25.035564],[121.539632,25.036073],[121.540025,25.036065],[121.540022,25.036162],[121.540029,25.036162],[121.540031,25.03622],[121.540019,25.036221],[121.540006,25.036381],[121.54003,25.036381],[121.540042,25.036701],[121.54056,25.036692],[121.540572,25.037077],[121.540752,25.03707],[121.540754,25.037129],[121.540864,25.037126]]]}},{"type":"Feature","properties":{"id":"bdc2f01c91ba","name":"國立臺灣師範大學圖書館校區","level":"大專","basis":"branch","data_ym":"202006"},"geometry":{"type":"Polygon","coordinates":[[[121.530468,25.027736],[121.530362,25.026631],[121.529041,25.026776],[121.52872,25.026796],[121.528037,25.026854],[121.528103,25.027307],[121.528258,25.028151],[121.528975,25.028029],[121.529438,25.027958],[121.530294,25.027908],[121.530283,25.027749],[121.530468,25.027736]]]}},{"type":"Feature","properties":{"id":"0f3023e53b14","name":"國立臺灣戲曲學院內湖校區","level":"大專","basis":"branch","data_ym":"202006"},"geometry":{"type":"Polygon","coordinates":[[[121.58599,25.081072],[121.586148,25.081909],[121.586113,25.082184],[121.585965,25.082381],[121.585955,25.082388],[121.58584,25.082441],[121.585724,25.082463],[121.585646,25.082469],[121.585575,25.082467],[121.585531,25.082454],[121.585381,25.082528],[121.585244,25.08281],[121.586251,25.083243],[121.586496,25.082636],[121.586917,25.082773],[121.586935,25.082777],[121.586954,25.082775],[121.586969,25.082769],[121.58698,25.082758],[121.587065,25.082545],[121.587066,25.082487],[121.587163,25.082207],[121.5872,25.082124],[121.58738,25.081675],[121.587446,25.08142],[121.58599,25.081072]]]}},{"type":"Feature","properties":{"id":"2e4e956c597d","name":"國立臺灣戲曲學院木柵校區","level":"大專","basis":"branch","data_ym":"202006"},"geometry":{"type":"Polygon","coordinates":[[[121.567913,24.986419],[121.567351,24.985661],[121.566799,24.985998],[121.566611,24.986017],[121.565747,24.986081],[121.565725,24.986085],[121.565714,24.986091],[121.565707,24.986102],[121.565712,24.986174],[121.565746,24.986452],[121.565802,24.986977],[121.566748,24.986869],[121.567587,24.986782],[121.567561,24.986513],[121.567913,24.986419]]]}},{"type":"Feature","properties":{"id":"c776f8f48466","name":"基督教臺灣浸會神學院","level":"大專","basis":"name","data_ym":"202006"},"geometry":{"type":"Polygon","coordinates":[[[121.567077,25.023973],[121.567165,25.023876],[121.56719,25.023831],[121.567204,25.023767],[121.567198,25.023699],[121.567185,25.023651],[121.567168,25.023622],[121.567124,25.023575],[121.567075,25.02354],[121.56702,25.023517],[121.566809,25.023464],[121.566783,25.023441],[121.566725,25.023401],[121.566563,25.023323],[121.566458,25.023284],[121.566346,25.023258],[121.566296,25.023253],[121.566177,25.023265],[121.565851,25.023337],[121.565797,25.023352],[121.565788,25.023364],[121.565734,25.023377],[121.565566,25.023518],[121.565492,25.023763],[121.5655,25.023777],[121.565546,25.023797],[121.565558,25.023774],[121.565617,25.023796],[121.565611,25.02381],[121.565831,25.023895],[121.565951,25.023931],[121.566037,25.023951],[121.566152,25.023967],[121.566285,25.023964],[121.566435,25.023936],[121.566623,25.023912],[121.566754,25.023941],[121.566925,25.024007],[121.566956,25.024016],[121.566979,25.024016],[121.567005,25.024015],[121.56704,25.024001],[121.567077,25.023973]]]}},{"type":"Feature","properties":{"id":"e9a524845c91","name":"基督教拿撒勒人會神學院","level":"大專","basis":"name","data_ym":"202006"},"geometry":{"type":"Polygon","coordinates":[[[121.464584,25.121775],[121.464583,25.121767],[121.464619,25.121766],[121.464602,25.121517],[121.46459,25.121443],[121.464568,25.121349],[121.464537,25.121242],[121.464507,25.121159],[121.464435,25.121004],[121.464109,25.120501],[121.463554,25.120541],[121.463274,25.120873],[121.463138,25.121043],[121.462959,25.121246],[121.462902,25.121318],[121.462881,25.12136],[121.462868,25.121397],[121.462859,25.121521],[121.462846,25.121587],[121.462817,25.121643],[121.462775,25.1217],[121.462776,25.121705],[121.462967,25.121618],[121.463008,25.12171],[121.46305,25.121784],[121.46314,25.121987],[121.463105,25.122004],[121.463132,25.122141],[121.4633,25.122095],[121.463312,25.12213],[121.463628,25.122056],[121.463533,25.121687],[121.463816,25.121647],[121.463889,25.121628],[121.464123,25.121547],[121.464304,25.121856],[121.464584,25.121775]]]}},{"type":"Feature","properties":{"id":"b5f99d0a045c","name":"康寧大學臺北校區","level":"大專","basis":"branch","data_ym":"202508"},"geometry":{"type":"Polygon","coordinates":[[[121.609271,25.075278],[121.609276,25.076332],[121.609699,25.076328],[121.609867,25.076556],[121.610199,25.076635],[121.610793,25.077085],[121.610785,25.076292],[121.610683,25.076173],[121.610585,25.07602],[121.61032,25.075482],[121.610214,25.075278],[121.610182,25.075227],[121.609982,25.074982],[121.609922,25.074924],[121.609271,25.075278]]]}},{"type":"Feature","properties":{"id":"064fc06bf888","name":"淡江大學臺北校園","level":"其他","basis":"none","data_ym":"202006"},"geometry":{"type":"Polygon","coordinates":[[[121.528572,25.030661],[121.528256,25.030704],[121.528246,25.03071],[121.528224,25.030744],[121.528338,25.031362],[121.528386,25.031395],[121.528408,25.031401],[121.528689,25.031357],[121.528728,25.031309],[121.52861,25.030683],[121.528572,25.030661]]]}},{"type":"Feature","properties":{"id":"095892d77378","name":"實踐大學臺北校區","level":"大專","basis":"branch","data_ym":"202508"},"geometry":{"type":"Polygon","coordinates":[[[121.546348,25.085954],[121.546336,25.085644],[121.546254,25.085363],[121.546163,25.085295],[121.546144,25.085249],[121.546145,25.085229],[121.546138,25.085229],[121.546189,25.084816],[121.546236,25.084379],[121.545959,25.08427],[121.545989,25.084025],[121.546263,25.084024],[121.546286,25.083349],[121.545947,25.083331],[121.545672,25.083308],[121.545604,25.083297],[121.545561,25.083272],[121.5455,25.083223],[121.545329,25.083062],[121.545102,25.083054],[121.545063,25.08405],[121.544643,25.084035],[121.544632,25.084039],[121.544627,25.084048],[121.544583,25.085161],[121.544632,25.085191],[121.544745,25.085234],[121.544768,25.085258],[121.544775,25.085274],[121.544793,25.085364],[121.544881,25.085675],[121.544889,25.085804],[121.544916,25.0859],[121.54494,25.086016],[121.545196,25.086037],[121.54529,25.086053],[121.545362,25.086061],[121.545443,25.086064],[121.545471,25.086059],[121.545543,25.086024],[121.545673,25.086022],[121.546259,25.085974],[121.546348,25.085954]]]}},{"type":"Feature","properties":{"id":"5f87bf8c2842","name":"臺北市士林區三玉國民小學","level":"國小","basis":"both","data_ym":"202006"},"geometry":{"type":"Polygon","coordinates":[[[121.537589,25.118032],[121.537614,25.116519],[121.536722,25.116525],[121.536725,25.117726],[121.537093,25.117733],[121.537082,25.11802],[121.537273,25.118024],[121.537275,25.118031],[121.537271,25.118056],[121.537255,25.118072],[121.537369,25.118075],[121.537358,25.118043],[121.53736,25.118026],[121.537589,25.118032]]]}},{"type":"Feature","properties":{"id":"5deb7326593d","name":"臺北市士林區士東國民小學","level":"國小","basis":"both","data_ym":"202006"},"geometry":{"type":"Polygon","coordinates":[[[121.527326,25.113392],[121.527647,25.113239],[121.527704,25.113316],[121.528414,25.112997],[121.528037,25.112387],[121.527878,25.112137],[121.527875,25.112138],[121.527832,25.112065],[121.527766,25.11208],[121.527778,25.112001],[121.527628,25.111978],[121.527587,25.11216],[121.526584,25.112545],[121.526793,25.112954],[121.526805,25.112947],[121.527077,25.113418],[121.527073,25.113433],[121.527057,25.113448],[121.527003,25.113453],[121.527032,25.113509],[121.527326,25.113392]]]}},{"type":"Feature","properties":{"id":"c73a53dbc2c4","name":"臺北市士林區士林國民小學","level":"國小","basis":"both","data_ym":"202006"},"geometry":{"type":"Polygon","coordinates":[[[121.523806,25.092277],[121.523837,25.09236],[121.523653,25.093163],[121.523489,25.093181],[121.523483,25.093483],[121.523536,25.093549],[121.523529,25.093758],[121.52388,25.093773],[121.523878,25.093856],[121.524133,25.093922],[121.524101,25.094117],[121.524397,25.094174],[121.524383,25.094246],[121.524686,25.094302],[121.524798,25.093893],[121.524965,25.093246],[121.524975,25.093248],[121.525094,25.092814],[121.525243,25.092233],[121.525239,25.092225],[121.524583,25.092054],[121.524526,25.092044],[121.524388,25.092049],[121.524287,25.092063],[121.524172,25.092099],[121.524031,25.092158],[121.523806,25.092277]]]}},{"type":"Feature","properties":{"id":"c1b4a769e449","name":"臺北市士林區天母國民小學","level":"國小","basis":"both","data_ym":"202311"},"geometry":{"type":"Polygon","coordinates":[[[121.528869,25.119781],[121.528109,25.119104],[121.527552,25.119582],[121.527564,25.119606],[121.527399,25.119769],[121.527336,25.119774],[121.527141,25.119929],[121.528027,25.120779],[121.528075,25.120794],[121.529034,25.119976],[121.529036,25.119943],[121.528869,25.119781]]]}},{"type":"Feature","properties":{"id":"d829d4ec558d","name":"臺北市士林區文昌國民小學","level":"國小","basis":"both","data_ym":"202006"},"geometry":{"type":"Polygon","coordinates":[[[121.522011,25.09925],[121.521866,25.099234],[121.521887,25.099273],[121.521664,25.099274],[121.521579,25.09928],[121.521422,25.099323],[121.521189,25.099399],[121.520977,25.099511],[121.520425,25.099831],[121.520449,25.099895],[121.520554,25.100129],[121.520971,25.099969],[121.521704,25.099705],[121.521881,25.09963],[121.522128,25.099537],[121.522039,25.099312],[121.521985,25.099304],[121.521977,25.09928],[121.521983,25.099267],[121.522011,25.09925]]]}},{"type":"Feature","properties":{"id":"b9df212d755e","name":"臺北市士林區平等國民小學","level":"國小","basis":"both","data_ym":"202310"},"geometry":{"type":"Polygon","coordinates":[[[121.576646,25.128197],[121.576484,25.128126],[121.576373,25.12823],[121.576376,25.128236],[121.57636,25.128249],[121.576065,25.128464],[121.575892,25.128573],[121.57593,25.128686],[121.575996,25.128807],[121.57615,25.12899],[121.576216,25.129103],[121.576459,25.129431],[121.576509,25.129526],[121.576579,25.129529],[121.576584,25.129577],[121.576704,25.129544],[121.576855,25.129492],[121.577094,25.129398],[121.577287,25.129317],[121.577064,25.128887],[121.576884,25.128563],[121.576783,25.128357],[121.576646,25.128197]]]}},{"type":"Feature","properties":{"id":"f598983fcf30","name":"臺北市士林區百齡國民小學","level":"國小","basis":"both","data_ym":"202006"},"geometry":{"type":"Polygon","coordinates":[[[121.519371,25.086758],[121.519261,25.085196],[121.517742,25.085344],[121.517901,25.086991],[121.519371,25.086758]]]}},{"type":"Feature","properties":{"id":"a459c0b67699","name":"臺北市士林區社子國民小學","level":"國小","basis":"both","data_ym":"202510"},"geometry":{"type":"Polygon","coordinates":[[[121.503045,25.091422],[121.503139,25.091221],[121.503246,25.091265],[121.503346,25.0911],[121.503323,25.091089],[121.503718,25.090414],[121.503722,25.090393],[121.5037,25.090093],[121.503702,25.08986],[121.503698,25.089522],[121.503553,25.08955],[121.503362,25.089595],[121.503115,25.08968],[121.502787,25.08983],[121.502428,25.090012],[121.502407,25.090039],[121.501499,25.090567],[121.501499,25.090597],[121.50153,25.090628],[121.502137,25.091392],[121.502171,25.091428],[121.502336,25.091567],[121.502497,25.091687],[121.502551,25.091724],[121.502587,25.09174],[121.502872,25.091857],[121.503106,25.091449],[121.503045,25.091422]]]}},{"type":"Feature","properties":{"id":"0a650b2c7119","name":"臺北市士林區芝山國民小學","level":"國小","basis":"both","data_ym":"202006"},"geometry":{"type":"Polygon","coordinates":[[[121.537436,25.110391],[121.536013,25.110153],[121.535967,25.110177],[121.535943,25.111179],[121.537423,25.111249],[121.537456,25.110406],[121.537436,25.110391]]]}},{"type":"Feature","properties":{"id":"4ecf76f25cda","name":"臺北市士林區雨農國民小學","level":"國小","basis":"both","data_ym":"202006"},"geometry":{"type":"Polygon","coordinates":[[[121.53116,25.105287],[121.531108,25.104784],[121.530813,25.104787],[121.530324,25.10474],[121.52987,25.104617],[121.529545,25.104506],[121.529302,25.10444],[121.529278,25.104437],[121.5292,25.104817],[121.529204,25.104819],[121.529198,25.104851],[121.529193,25.10485],[121.529085,25.105372],[121.529103,25.105387],[121.529762,25.105292],[121.529971,25.105305],[121.530014,25.105332],[121.530803,25.105412],[121.530994,25.105515],[121.53116,25.105287]]]}},{"type":"Feature","properties":{"id":"b59b3b8cdc42","name":"臺北市士林區雨聲國民小學","level":"國小","basis":"both","data_ym":"202006"},"geometry":{"type":"Polygon","coordinates":[[[121.535425,25.103712],[121.535494,25.103672],[121.535539,25.103284],[121.53556,25.103273],[121.53565,25.102554],[121.535478,25.102552],[121.535474,25.102525],[121.535462,25.102521],[121.53495,25.102515],[121.534929,25.102518],[121.534906,25.102528],[121.534873,25.102552],[121.534863,25.102574],[121.534833,25.103647],[121.534846,25.10366],[121.534868,25.103668],[121.535258,25.103703],[121.535425,25.103712]]]}},{"type":"Feature","properties":{"id":"52495398293b","name":"臺北市士林區富安國民小學","level":"國小","basis":"both","data_ym":"202006"},"geometry":{"type":"Polygon","coordinates":[[[121.482829,25.105534],[121.4828,25.105108],[121.482129,25.10516],[121.482112,25.105165],[121.482078,25.105186],[121.482066,25.10522],[121.482062,25.105247],[121.482061,25.105298],[121.482064,25.105297],[121.482055,25.105484],[121.482022,25.105761],[121.48201,25.105929],[121.482155,25.10593],[121.482843,25.105908],[121.482829,25.105534]]]}},{"type":"Feature","properties":{"id":"032be731602c","name":"臺北市士林區陽明山國民小學","level":"國小","basis":"both","data_ym":"202006"},"geometry":{"type":"Polygon","coordinates":[[[121.552983,25.120403],[121.552992,25.120167],[121.55299,25.120028],[121.552978,25.119793],[121.552958,25.119586],[121.552923,25.119307],[121.552903,25.119215],[121.552889,25.119166],[121.552844,25.119046],[121.55282,25.11899],[121.552764,25.118884],[121.552585,25.118614],[121.552493,25.118489],[121.552313,25.118679],[121.552199,25.118709],[121.552205,25.118742],[121.55221,25.118808],[121.5522,25.118851],[121.552191,25.118862],[121.552151,25.118879],[121.552076,25.118902],[121.552036,25.118929],[121.552026,25.118944],[121.55202,25.11897],[121.552097,25.119162],[121.552147,25.119334],[121.55218,25.119463],[121.552112,25.119655],[121.552106,25.119712],[121.552102,25.119847],[121.552092,25.119944],[121.55205,25.120147],[121.552019,25.120251],[121.552108,25.120258],[121.552214,25.120257],[121.552217,25.120321],[121.552381,25.120326],[121.552382,25.120425],[121.552306,25.120427],[121.552305,25.120586],[121.552928,25.120642],[121.552948,25.120586],[121.552972,25.120481],[121.552983,25.120403]]]}},{"type":"Feature","properties":{"id":"2b5a0ee69cf2","name":"臺北市士林區溪山實驗國民小學","level":"國小","basis":"both","data_ym":"202310"},"geometry":{"type":"Polygon","coordinates":[[[121.580126,25.119711],[121.579971,25.119653],[121.57991,25.119672],[121.579604,25.119566],[121.579522,25.119551],[121.579494,25.119659],[121.579286,25.119815],[121.578947,25.119892],[121.578974,25.120297],[121.579728,25.120078],[121.579889,25.12006],[121.580048,25.120022],[121.580139,25.12001],[121.580196,25.119994],[121.580211,25.119986],[121.580173,25.119924],[121.580224,25.119783],[121.580112,25.119744],[121.580126,25.119711]]]}},{"type":"Feature","properties":{"id":"db1e78750165","name":"臺北市士林區葫蘆國民小學","level":"國小","basis":"both","data_ym":"202006"},"geometry":{"type":"Polygon","coordinates":[[[121.507848,25.082675],[121.507573,25.08259],[121.507547,25.082607],[121.507376,25.083009],[121.507068,25.083631],[121.506762,25.084225],[121.506885,25.084266],[121.507106,25.084312],[121.507272,25.084342],[121.507682,25.084434],[121.508116,25.084568],[121.508516,25.083792],[121.50756,25.08347],[121.50756,25.083459],[121.507852,25.082685],[121.507848,25.082675]]]}},{"type":"Feature","properties":{"id":"7e1ea00e2008","name":"臺北市士林區福林國民小學","level":"國小","basis":"both","data_ym":"202006"},"geometry":{"type":"Polygon","coordinates":[[[121.531092,25.097774],[121.530458,25.097545],[121.529947,25.097353],[121.529468,25.097298],[121.529048,25.09732],[121.529044,25.097525],[121.529026,25.097613],[121.528945,25.097607],[121.528676,25.09846],[121.52955,25.098663],[121.529923,25.098796],[121.530255,25.098931],[121.530305,25.098919],[121.530362,25.098823],[121.530451,25.098719],[121.530579,25.098611],[121.530853,25.098483],[121.531204,25.098367],[121.530967,25.09829],[121.531025,25.098138],[121.531038,25.098064],[121.531082,25.097924],[121.531102,25.097834],[121.531092,25.097774]]]}},{"type":"Feature","properties":{"id":"b8a33766a8b0","name":"臺北市士林區劍潭國民小學","level":"國小","basis":"both","data_ym":"202006"},"geometry":{"type":"Polygon","coordinates":[[[121.522889,25.079988],[121.523069,25.079911],[121.523081,25.079938],[121.523558,25.079855],[121.523075,25.078898],[121.52197,25.079388],[121.522329,25.08011],[121.522889,25.079988]]]}},{"type":"Feature","properties":{"id":"d4c00964d81d","name":"臺北市士林區雙溪國民小學","level":"國小","basis":"both","data_ym":"202310"},"geometry":{"type":"Polygon","coordinates":[[[121.565603,25.107288],[121.565309,25.107205],[121.565307,25.107209],[121.565225,25.107176],[121.565059,25.107118],[121.56503,25.107101],[121.565004,25.107071],[121.564992,25.107033],[121.564992,25.107002],[121.565007,25.106754],[121.565029,25.106569],[121.56503,25.106521],[121.565023,25.10643],[121.565006,25.106334],[121.564931,25.106052],[121.564915,25.106022],[121.564877,25.10597],[121.564725,25.105776],[121.564698,25.105748],[121.564363,25.105473],[121.563854,25.105816],[121.563764,25.105992],[121.563718,25.106104],[121.563871,25.106137],[121.563961,25.106164],[121.564032,25.106209],[121.564107,25.10628],[121.56421,25.106391],[121.56438,25.106597],[121.564453,25.106713],[121.564501,25.106812],[121.564536,25.106937],[121.564597,25.107281],[121.564624,25.107335],[121.564649,25.107365],[121.564713,25.107405],[121.564851,25.107452],[121.565034,25.107501],[121.565187,25.107565],[121.56533,25.107635],[121.565468,25.107695],[121.565603,25.107288]]]}},{"type":"Feature","properties":{"id":"520539e5c753","name":"臺北市士林區蘭雅國民小學","level":"國小","basis":"both","data_ym":"202006"},"geometry":{"type":"Polygon","coordinates":[[[121.523146,25.108263],[121.523031,25.107536],[121.522175,25.107657],[121.522173,25.107664],[121.522662,25.108967],[121.522682,25.108989],[121.522695,25.108998],[121.522706,25.109],[121.522765,25.108979],[121.522808,25.10897],[121.523267,25.108901],[121.523153,25.108327],[121.523172,25.108325],[121.523164,25.108273],[121.523146,25.108263]]]}},{"type":"Feature","properties":{"id":"8a20e46f813a","name":"臺北市大同區大同國民小學","level":"國小","basis":"both","data_ym":"202311"},"geometry":{"type":"Polygon","coordinates":[[[121.516133,25.065048],[121.516206,25.065051],[121.51654,25.065043],[121.516547,25.06528],[121.516558,25.06528],[121.516561,25.065376],[121.516549,25.065374],[121.516554,25.065593],[121.517724,25.065561],[121.517723,25.065131],[121.517705,25.064289],[121.516108,25.064328],[121.516133,25.065048]]]}},{"type":"Feature","properties":{"id":"dd1b4cae5122","name":"臺北市大同區大橋國民小學","level":"國小","basis":"both","data_ym":"202006"},"geometry":{"type":"Polygon","coordinates":[[[121.513394,25.063884],[121.513393,25.063642],[121.513419,25.063643],[121.513416,25.063428],[121.513394,25.063427],[121.513401,25.063256],[121.513364,25.063214],[121.512631,25.063189],[121.512625,25.063266],[121.512425,25.063257],[121.512428,25.063191],[121.5122,25.06319],[121.512187,25.063464],[121.512121,25.064352],[121.512147,25.064396],[121.512134,25.064592],[121.513425,25.064624],[121.513422,25.063884],[121.513394,25.063884]]]}},{"type":"Feature","properties":{"id":"958cba25f779","name":"臺北市大同區大龍國民小學","level":"國小","basis":"both","data_ym":"202006"},"geometry":{"type":"Polygon","coordinates":[[[121.516683,25.073416],[121.5159,25.073333],[121.51582,25.074468],[121.515842,25.074497],[121.517239,25.074577],[121.517251,25.074573],[121.517318,25.073458],[121.51731,25.073447],[121.516683,25.073416]]]}},{"type":"Feature","properties":{"id":"84c3f8d0f7b8","name":"臺北市大同區太平國民小學","level":"國小","basis":"both","data_ym":"202006"},"geometry":{"type":"Polygon","coordinates":[[[121.513371,25.060875],[121.511455,25.060746],[121.511382,25.062007],[121.513197,25.062091],[121.513395,25.06209],[121.513371,25.060875]]]}},{"type":"Feature","properties":{"id":"2013e1c399d5","name":"臺北市大同區日新國民小學","level":"國小","basis":"both","data_ym":"202006"},"geometry":{"type":"Polygon","coordinates":[[[121.517912,25.054649],[121.517551,25.053482],[121.516298,25.053755],[121.516338,25.053856],[121.516312,25.053862],[121.51646,25.054362],[121.516651,25.055035],[121.5179,25.054719],[121.517918,25.054695],[121.517912,25.054649]]]}},{"type":"Feature","properties":{"id":"ef97d712227f","name":"臺北市大同區永樂國民小學","level":"國小","basis":"both","data_ym":"202006"},"geometry":{"type":"Polygon","coordinates":[[[121.51122,25.060752],[121.509983,25.060679],[121.509948,25.061116],[121.509915,25.061241],[121.509886,25.061397],[121.509849,25.061706],[121.509843,25.06184],[121.511162,25.061907],[121.511199,25.06127],[121.51122,25.060752]]]}},{"type":"Feature","properties":{"id":"24ca41cd01c9","name":"臺北市大同區延平國民小學","level":"國小","basis":"both","data_ym":"202311"},"geometry":{"type":"Polygon","coordinates":[[[121.513064,25.066057],[121.511726,25.066042],[121.511687,25.06607],[121.511642,25.066652],[121.511623,25.067094],[121.51163,25.06713],[121.511641,25.067156],[121.513081,25.067161],[121.513066,25.066509],[121.513064,25.066057]]]}},{"type":"Feature","properties":{"id":"595546a55da3","name":"臺北市大同區蓬萊國民小學","level":"國小","basis":"both","data_ym":"202311"},"geometry":{"type":"Polygon","coordinates":[[[121.516846,25.056607],[121.516801,25.056469],[121.516789,25.056474],[121.516681,25.05611],[121.516665,25.056116],[121.516632,25.056007],[121.516653,25.055989],[121.516658,25.055972],[121.516527,25.055533],[121.516481,25.055544],[121.516452,25.055864],[121.515775,25.055815],[121.515687,25.055803],[121.51569,25.055772],[121.51561,25.055767],[121.515632,25.055481],[121.515278,25.055571],[121.515649,25.056848],[121.515707,25.056892],[121.516846,25.056607]]]}},{"type":"Feature","properties":{"id":"ca7c4ea2b422","name":"臺北市大同區雙蓮國民小學","level":"國小","basis":"both","data_ym":"202006"},"geometry":{"type":"Polygon","coordinates":[[[121.516742,25.060108],[121.515972,25.059943],[121.516024,25.061523],[121.516047,25.061542],[121.51676,25.061528],[121.517639,25.061495],[121.517621,25.060419],[121.517626,25.060324],[121.516742,25.060108]]]}},{"type":"Feature","properties":{"id":"e499fee5c3b2","name":"臺北市大安區大安國民小學","level":"國小","basis":"both","data_ym":"202006"},"geometry":{"type":"Polygon","coordinates":[[[121.551118,25.0194],[121.550954,25.019238],[121.550784,25.019386],[121.55033,25.01893],[121.548834,25.020202],[121.549702,25.020992],[121.549745,25.020996],[121.549891,25.020869],[121.551175,25.019787],[121.550958,25.019576],[121.551055,25.019499],[121.551125,25.019431],[121.551118,25.0194]]]}},{"type":"Feature","properties":{"id":"28d21133e779","name":"臺北市大安區仁愛國民小學","level":"國小","basis":"both","data_ym":"202006"},"geometry":{"type":"Polygon","coordinates":[[[121.552138,25.036336],[121.55225,25.036218],[121.552379,25.036102],[121.552396,25.036077],[121.552399,25.036052],[121.552384,25.035467],[121.550324,25.035508],[121.550308,25.03552],[121.550319,25.036175],[121.551466,25.036162],[121.55147,25.036347],[121.552138,25.036336]]]}},{"type":"Feature","properties":{"id":"0908fd5990c2","name":"臺北市大安區公館國民小學","level":"國小","basis":"both","data_ym":"202006"},"geometry":{"type":"Polygon","coordinates":[[[121.544041,25.011765],[121.543127,25.011097],[121.542338,25.012125],[121.543252,25.012732],[121.544041,25.011765]]]}},{"type":"Feature","properties":{"id":"175143630414","name":"臺北市大安區古亭國民小學","level":"國小","basis":"both","data_ym":"202006"},"geometry":{"type":"Polygon","coordinates":[[[121.530435,25.021186],[121.529291,25.020221],[121.529225,25.020278],[121.529147,25.020212],[121.528858,25.020504],[121.528779,25.02044],[121.528336,25.020868],[121.528423,25.021048],[121.528539,25.021268],[121.528694,25.021608],[121.528808,25.021842],[121.528839,25.021922],[121.529178,25.021795],[121.530168,25.021446],[121.530435,25.021186]]]}},{"type":"Feature","properties":{"id":"93b2d940e5dc","name":"臺北市大安區幸安國民小學","level":"國小","basis":"both","data_ym":"202006"},"geometry":{"type":"Polygon","coordinates":[[[121.535557,25.036306],[121.535536,25.036285],[121.534262,25.036299],[121.534248,25.036315],[121.534267,25.036956],[121.534362,25.037678],[121.534385,25.037711],[121.534475,25.037685],[121.535588,25.037666],[121.535557,25.036306]]]}},{"type":"Feature","properties":{"id":"4a430928f475","name":"臺北市大安區金華國民小學","level":"國小","basis":"both","data_ym":"202006"},"geometry":{"type":"Polygon","coordinates":[[[121.528358,25.031912],[121.528331,25.031895],[121.527629,25.032004],[121.527706,25.032492],[121.528011,25.032448],[121.52807,25.032793],[121.528916,25.032659],[121.528937,25.032635],[121.528844,25.032116],[121.528416,25.032183],[121.528358,25.031912]]]}},{"type":"Feature","properties":{"id":"cac1ff7c36ff","name":"臺北市大安區建安國民小學","level":"國小","basis":"both","data_ym":"202509"},"geometry":{"type":"Polygon","coordinates":[[[121.547935,25.029848],[121.547923,25.029354],[121.547956,25.028822],[121.547953,25.028814],[121.546136,25.028847],[121.546144,25.029326],[121.546173,25.029324],[121.546173,25.029363],[121.546188,25.029362],[121.546189,25.029458],[121.546146,25.029457],[121.54616,25.029891],[121.547935,25.029848]]]}},{"type":"Feature","properties":{"id":"c04e977a50ab","name":"臺北市大安區新生國民小學","level":"國小","basis":"both","data_ym":"202006"},"geometry":{"type":"Polygon","coordinates":[[[121.53264,25.02915],[121.532005,25.029087],[121.531994,25.029089],[121.531686,25.02993],[121.53169,25.029944],[121.532286,25.030118],[121.53347,25.030447],[121.533674,25.029868],[121.533838,25.029364],[121.533436,25.029243],[121.533025,25.029199],[121.53264,25.02915]]]}},{"type":"Feature","properties":{"id":"d43dcf640044","name":"臺北市大安區銘傳國民小學","level":"國小","basis":"both","data_ym":"202006"},"geometry":{"type":"Polygon","coordinates":[[[121.535755,25.013696],[121.535518,25.013915],[121.535118,25.014315],[121.536358,25.01485],[121.5364,25.014852],[121.536402,25.014768],[121.536443,25.014767],[121.536441,25.014719],[121.536471,25.01472],[121.536739,25.014374],[121.536667,25.013997],[121.53644,25.014011],[121.536447,25.01379],[121.53594,25.013715],[121.535755,25.013696]]]}},{"type":"Feature","properties":{"id":"371944231033","name":"臺北市大安區龍安國民小學","level":"國小","basis":"both","data_ym":"202006"},"geometry":{"type":"Polygon","coordinates":[[[121.535828,25.023236],[121.535828,25.022799],[121.535451,25.022804],[121.53545,25.022786],[121.535366,25.022785],[121.535367,25.022805],[121.534761,25.022795],[121.534715,25.022809],[121.534907,25.024441],[121.534914,25.024451],[121.535824,25.024446],[121.535849,25.024413],[121.535828,25.023236]]]}},{"type":"Feature","properties":{"id":"5891b597d8cb","name":"臺北市中山區大佳國民小學","level":"國小","basis":"both","data_ym":"202006"},"geometry":{"type":"Polygon","coordinates":[[[121.537618,25.073422],[121.537204,25.073333],[121.536556,25.073264],[121.536199,25.073227],[121.535907,25.073211],[121.535644,25.073211],[121.535644,25.073244],[121.535663,25.073433],[121.535702,25.07396],[121.535704,25.074044],[121.536275,25.074029],[121.536358,25.074023],[121.536566,25.073962],[121.537618,25.073422]]]}},{"type":"Feature","properties":{"id":"b891e78675c3","name":"臺北市中山區大直國民小學","level":"國小","basis":"both","data_ym":"202310"},"geometry":{"type":"Polygon","coordinates":[[[121.546345,25.080677],[121.546363,25.08061],[121.546394,25.080611],[121.546445,25.080554],[121.546464,25.080444],[121.546524,25.080444],[121.546651,25.080321],[121.5469,25.080043],[121.546892,25.08002],[121.544696,25.079909],[121.544697,25.080724],[121.544719,25.080743],[121.546284,25.080918],[121.546332,25.080894],[121.546345,25.080677]]]}},{"type":"Feature","properties":{"id":"1b6ae82eb1c7","name":"臺北市中山區中山國民小學","level":"國小","basis":"both","data_ym":"202006"},"geometry":{"type":"Polygon","coordinates":[[[121.527119,25.064323],[121.527082,25.062899],[121.52632,25.062911],[121.52632,25.062902],[121.526261,25.062903],[121.526262,25.062916],[121.525765,25.062932],[121.525819,25.064382],[121.527098,25.064358],[121.527115,25.064335],[121.527119,25.064323]]]}},{"type":"Feature","properties":{"id":"f992da778715","name":"臺北市中山區中正國民小學","level":"國小","basis":"both","data_ym":"202006"},"geometry":{"type":"Polygon","coordinates":[[[121.540309,25.051268],[121.540305,25.050096],[121.539753,25.050104],[121.538932,25.0501],[121.538932,25.050115],[121.53847,25.050122],[121.538514,25.050887],[121.538523,25.051261],[121.538571,25.0513],[121.540309,25.051268]]]}},{"type":"Feature","properties":{"id":"011a33a98ee3","name":"臺北市中山區五常國民小學","level":"國小","basis":"both","data_ym":"202006"},"geometry":{"type":"Polygon","coordinates":[[[121.542314,25.064216],[121.542313,25.064175],[121.542459,25.064173],[121.542455,25.063461],[121.541065,25.063472],[121.541069,25.064187],[121.542253,25.064175],[121.542253,25.064217],[121.542314,25.064216]]]}},{"type":"Feature","properties":{"id":"dcbc5368478f","name":"臺北市中山區永安國民小學","level":"國小","basis":"both","data_ym":"202006"},"geometry":{"type":"Polygon","coordinates":[[[121.548856,25.078739],[121.548868,25.07997],[121.549224,25.079935],[121.549249,25.079927],[121.549322,25.079853],[121.549493,25.079853],[121.549493,25.079889],[121.549577,25.07989],[121.549576,25.07991],[121.550225,25.079907],[121.55023,25.079896],[121.550223,25.078905],[121.55021,25.078864],[121.55019,25.078826],[121.55015,25.07878],[121.55009,25.078747],[121.550047,25.078733],[121.548856,25.078739]]]}},{"type":"Feature","properties":{"id":"a3551aff1d9f","name":"臺北市中山區吉林國民小學","level":"國小","basis":"both","data_ym":"202006"},"geometry":{"type":"Polygon","coordinates":[[[121.529988,25.053847],[121.529781,25.053849],[121.529773,25.053411],[121.529088,25.053419],[121.529087,25.053457],[121.528601,25.053465],[121.528619,25.054765],[121.529991,25.054751],[121.530003,25.05474],[121.529988,25.053847]]]}},{"type":"Feature","properties":{"id":"2b4bb9fd24a2","name":"臺北市中山區長春國民小學","level":"國小","basis":"both","data_ym":"202006"},"geometry":{"type":"Polygon","coordinates":[[[121.534955,25.054901],[121.533685,25.054922],[121.533667,25.054953],[121.533676,25.055537],[121.533692,25.056282],[121.533714,25.056452],[121.533968,25.05611],[121.534748,25.055672],[121.534976,25.055498],[121.534955,25.054901]]]}},{"type":"Feature","properties":{"id":"ddff3094abe0","name":"臺北市中山區濱江國民小學","level":"國小","basis":"both","data_ym":"202310"},"geometry":{"type":"Polygon","coordinates":[[[121.56168,25.076675],[121.560236,25.07698],[121.560238,25.078382],[121.561223,25.078367],[121.561717,25.078352],[121.56168,25.076675]]]}},{"type":"Feature","properties":{"id":"97e0d832d3cc","name":"臺北市中山區懷生國民小學","level":"國小","basis":"both","data_ym":"202006"},"geometry":{"type":"Polygon","coordinates":[[[121.541946,25.04534],[121.542009,25.045143],[121.542077,25.044785],[121.541586,25.044732],[121.541341,25.044716],[121.540973,25.044706],[121.540908,25.044708],[121.540895,25.044713],[121.540889,25.044724],[121.540886,25.044782],[121.5409,25.045226],[121.540922,25.045248],[121.541498,25.045223],[121.541946,25.04534]]]}},{"type":"Feature","properties":{"id":"07880b18ce2a","name":"臺北市中正區忠孝國民小學","level":"國小","basis":"both","data_ym":"202006"},"geometry":{"type":"Polygon","coordinates":[[[121.532206,25.04312],[121.532117,25.042729],[121.531151,25.042976],[121.531249,25.043264],[121.531542,25.043263],[121.532184,25.04315],[121.532206,25.04312]]]}},{"type":"Feature","properties":{"id":"9800f7b7fbad","name":"臺北市中正區忠義實驗國民小學","level":"國小","basis":"both","data_ym":"202508"},"geometry":{"type":"Polygon","coordinates":[[[121.50621,25.029537],[121.505897,25.029294],[121.505629,25.029582],[121.505661,25.029606],[121.505552,25.029726],[121.505226,25.030066],[121.50523,25.030079],[121.505883,25.030239],[121.506374,25.029704],[121.506374,25.029697],[121.506193,25.029557],[121.50621,25.029537]]]}},{"type":"Feature","properties":{"id":"2e986ccbdb8c","name":"臺北市中正區東門國民小學","level":"國小","basis":"both","data_ym":"202006"},"geometry":{"type":"Polygon","coordinates":[[[121.519494,25.038078],[121.519718,25.038803],[121.520803,25.038671],[121.520804,25.038676],[121.520931,25.038649],[121.521395,25.038571],[121.521029,25.037334],[121.52099,25.037324],[121.520057,25.03778],[121.51971,25.037971],[121.519494,25.038078]]]}},{"type":"Feature","properties":{"id":"45380bfd418b","name":"臺北市中正區河堤國民小學","level":"國小","basis":"both","data_ym":"202006"},"geometry":{"type":"Polygon","coordinates":[[[121.52294,25.022985],[121.522267,25.022316],[121.521596,25.02289],[121.521595,25.022916],[121.521982,25.023333],[121.522259,25.023613],[121.522573,25.023333],[121.522936,25.023034],[121.52294,25.022985]]]}},{"type":"Feature","properties":{"id":"f254d28cc8eb","name":"臺北市中正區南門國民小學","level":"國小","basis":"both","data_ym":"202006"},"geometry":{"type":"Polygon","coordinates":[[[121.509422,25.035162],[121.509412,25.035068],[121.509408,25.034946],[121.509331,25.034951],[121.509326,25.034811],[121.508594,25.034844],[121.508589,25.03475],[121.50836,25.034763],[121.508381,25.035441],[121.508426,25.035435],[121.509422,25.035162]]]}},{"type":"Feature","properties":{"id":"636632b5d034","name":"臺北市中正區國語實驗國民小學","level":"國小","basis":"name","data_ym":"202310"},"geometry":{"type":"Polygon","coordinates":[[[121.510941,25.029806],[121.510191,25.030188],[121.510288,25.030373],[121.510189,25.03048],[121.51012,25.0307],[121.511382,25.03102],[121.511521,25.030547],[121.511403,25.030516],[121.511451,25.030317],[121.511414,25.030275],[121.511451,25.030138],[121.511113,25.030052],[121.511164,25.029891],[121.510941,25.029806]]]}},{"type":"Feature","properties":{"id":"ed8fb46fc5de","name":"臺北市中正區螢橋國民小學","level":"國小","basis":"both","data_ym":"202006"},"geometry":{"type":"Polygon","coordinates":[[[121.515484,25.025045],[121.51479,25.024828],[121.514546,25.024889],[121.514544,25.024882],[121.51447,25.024901],[121.514429,25.024943],[121.513417,25.025205],[121.51339,25.025225],[121.51339,25.025252],[121.514048,25.026109],[121.514114,25.026112],[121.515701,25.025735],[121.515484,25.025045]]]}},{"type":"Feature","properties":{"id":"21044499dcc0","name":"臺北市內湖區大湖國民小學","level":"國小","basis":"both","data_ym":"202006"},"geometry":{"type":"Polygon","coordinates":[[[121.601367,25.086941],[121.599441,25.086846],[121.599417,25.087906],[121.599423,25.087997],[121.600639,25.088184],[121.600711,25.088186],[121.600878,25.088171],[121.601049,25.088089],[121.601129,25.087979],[121.60116,25.087924],[121.601367,25.086941]]]}},{"type":"Feature","properties":{"id":"bb68c0c30de4","name":"臺北市內湖區內湖國民小學","level":"國小","basis":"both","data_ym":"202310"},"geometry":{"type":"Polygon","coordinates":[[[121.580724,25.080359],[121.580737,25.080352],[121.580755,25.080356],[121.580759,25.08034],[121.58115,25.080134],[121.581211,25.080152],[121.581297,25.080097],[121.581384,25.079928],[121.581573,25.079515],[121.580176,25.079069],[121.579888,25.079301],[121.579778,25.079398],[121.579684,25.0794],[121.579666,25.079404],[121.579637,25.079438],[121.579716,25.079515],[121.579704,25.080213],[121.580116,25.080224],[121.580207,25.080236],[121.580694,25.080363],[121.580724,25.080359]]]}},{"type":"Feature","properties":{"id":"96b9fe4b42d8","name":"臺北市內湖區文湖國民小學","level":"國小","basis":"both","data_ym":"202310"},"geometry":{"type":"Polygon","coordinates":[[[121.560019,25.085628],[121.55999,25.085625],[121.559394,25.08585],[121.559191,25.086687],[121.559186,25.086766],[121.559196,25.086775],[121.560288,25.086889],[121.560301,25.086885],[121.560714,25.086221],[121.56071,25.086212],[121.560664,25.086177],[121.560461,25.086055],[121.560427,25.086027],[121.560228,25.085844],[121.560142,25.085756],[121.560144,25.085737],[121.560019,25.085628]]]}},{"type":"Feature","properties":{"id":"b80d06859be5","name":"臺北市內湖區西湖國民小學","level":"國小","basis":"both","data_ym":"202006"},"geometry":{"type":"Polygon","coordinates":[[[121.566855,25.083052],[121.565685,25.083054],[121.565697,25.084508],[121.566849,25.084447],[121.566855,25.083052]]]}},{"type":"Feature","properties":{"id":"092d375ecb23","name":"臺北市內湖區明湖國民小學","level":"國小","basis":"both","data_ym":"202006"},"geometry":{"type":"Polygon","coordinates":[[[121.611379,25.070561],[121.611355,25.070559],[121.610759,25.071021],[121.610535,25.071185],[121.610262,25.071371],[121.611065,25.072199],[121.612126,25.07137],[121.611379,25.070561]]]}},{"type":"Feature","properties":{"id":"77bb4b65fc15","name":"臺北市內湖區東湖國民小學","level":"國小","basis":"both","data_ym":"202310"},"geometry":{"type":"Polygon","coordinates":[[[121.616952,25.069735],[121.616259,25.068365],[121.616165,25.068397],[121.616119,25.068396],[121.616083,25.06841],[121.615657,25.068533],[121.615634,25.068518],[121.615624,25.068483],[121.615462,25.068527],[121.615469,25.068525],[121.615501,25.068545],[121.615513,25.068562],[121.615261,25.068639],[121.616025,25.070045],[121.616952,25.069735]]]}},{"type":"Feature","properties":{"id":"28a434aa7d3c","name":"臺北市內湖區南湖國民小學","level":"國小","basis":"both","data_ym":"202310"},"geometry":{"type":"Polygon","coordinates":[[[121.61084,25.067258],[121.61004,25.067278],[121.610046,25.068213],[121.610044,25.068491],[121.610074,25.06852],[121.611823,25.068521],[121.611931,25.068499],[121.611932,25.068429],[121.611923,25.068331],[121.61191,25.068256],[121.611846,25.068093],[121.611761,25.067931],[121.611701,25.067829],[121.611355,25.06729],[121.611325,25.067235],[121.61084,25.067258]]]}},{"type":"Feature","properties":{"id":"ae40c31dfd2e","name":"臺北市內湖區康寧國民小學","level":"國小","basis":"both","data_ym":"202006"},"geometry":{"type":"Polygon","coordinates":[[[121.594715,25.080838],[121.594805,25.080835],[121.594882,25.080837],[121.594978,25.080845],[121.595074,25.080861],[121.595423,25.080227],[121.59513,25.080097],[121.59511,25.080086],[121.595116,25.080076],[121.595044,25.080043],[121.595037,25.080055],[121.594357,25.079762],[121.594308,25.079757],[121.594281,25.079765],[121.59343,25.080887],[121.594047,25.08131],[121.594268,25.08104],[121.594294,25.081014],[121.594371,25.080957],[121.594461,25.080904],[121.59455,25.080871],[121.594647,25.080847],[121.594715,25.080838]]]}},{"type":"Feature","properties":{"id":"e5e9d205821e","name":"臺北市內湖區新湖國民小學","level":"國小","basis":"both","data_ym":"202006"},"geometry":{"type":"Polygon","coordinates":[[[121.588526,25.068896],[121.588557,25.06886],[121.588837,25.068859],[121.588875,25.068893],[121.589109,25.068883],[121.589123,25.068875],[121.589105,25.067734],[121.589093,25.067722],[121.587912,25.067732],[121.587894,25.067736],[121.587888,25.067746],[121.587887,25.067761],[121.587914,25.068882],[121.587917,25.068891],[121.58794,25.068897],[121.588007,25.0689],[121.588526,25.068896]]]}},{"type":"Feature","properties":{"id":"9cf647ef548b","name":"臺北市內湖區碧湖國民小學","level":"國小","basis":"both","data_ym":"202310"},"geometry":{"type":"Polygon","coordinates":[[[121.590788,25.085348],[121.590963,25.085376],[121.590981,25.085409],[121.591275,25.085299],[121.591245,25.085231],[121.591453,25.08513],[121.591701,25.085072],[121.591718,25.084917],[121.591722,25.08477],[121.591835,25.084727],[121.591934,25.084447],[121.591936,25.084183],[121.591976,25.084016],[121.591859,25.083918],[121.591572,25.083696],[121.591532,25.083744],[121.591405,25.083688],[121.591149,25.083588],[121.590931,25.083511],[121.590398,25.083296],[121.590051,25.083204],[121.590031,25.083228],[121.590014,25.08337],[121.589931,25.08379],[121.590275,25.083844],[121.590561,25.083665],[121.590638,25.08363],[121.590712,25.083631],[121.590804,25.083668],[121.590952,25.083747],[121.591005,25.083829],[121.590889,25.084338],[121.590946,25.084723],[121.590883,25.08517],[121.590736,25.08517],[121.590788,25.085348]]]}},{"type":"Feature","properties":{"id":"0bc975737b64","name":"臺北市內湖區潭美國民小學","level":"國小","basis":"both","data_ym":"202006"},"geometry":{"type":"Polygon","coordinates":[[[121.582402,25.058318],[121.581229,25.057699],[121.5808,25.058449],[121.580715,25.058674],[121.580696,25.058785],[121.580716,25.058871],[121.580748,25.058964],[121.580818,25.059061],[121.581349,25.059472],[121.581521,25.0596],[121.581542,25.05961],[121.581564,25.059607],[121.581575,25.059597],[121.582266,25.05852],[121.582402,25.058318]]]}},{"type":"Feature","properties":{"id":"13db419462bc","name":"臺北市內湖區麗山國民小學","level":"國小","basis":"both","data_ym":"202006"},"geometry":{"type":"Polygon","coordinates":[[[121.572051,25.083819],[121.572461,25.083696],[121.572467,25.083704],[121.572463,25.083722],[121.572451,25.083744],[121.572641,25.08369],[121.572615,25.083667],[121.572609,25.083653],[121.572613,25.083647],[121.573162,25.083492],[121.573173,25.08348],[121.573177,25.083452],[121.573141,25.083288],[121.572927,25.082562],[121.572874,25.082348],[121.572863,25.082335],[121.572842,25.082333],[121.572773,25.082343],[121.572486,25.082424],[121.57146,25.082693],[121.571436,25.082706],[121.571434,25.082717],[121.571439,25.08274],[121.571912,25.083689],[121.571984,25.083823],[121.571998,25.083828],[121.572051,25.083819]]]}},{"type":"Feature","properties":{"id":"e7c21d35c358","name":"臺北市內湖區麗湖國民小學","level":"國小","basis":"both","data_ym":"202006"},"geometry":{"type":"Polygon","coordinates":[[[121.601498,25.07166],[121.601075,25.071441],[121.601015,25.071469],[121.600854,25.07157],[121.600825,25.071603],[121.600804,25.071645],[121.600673,25.072711],[121.599954,25.072849],[121.59997,25.072966],[121.601773,25.073206],[121.601878,25.072534],[121.601831,25.072497],[121.601755,25.072373],[121.601729,25.072321],[121.601705,25.072263],[121.601676,25.072161],[121.601654,25.07205],[121.601498,25.07166]]]}},{"type":"Feature","properties":{"id":"115501a6137a","name":"臺北市天主教私立光仁國民小學1","level":"國小","basis":"name","data_ym":"202006"},"geometry":{"type":"Polygon","coordinates":[[[121.499957,25.02045],[121.499948,25.020448],[121.499619,25.02055],[121.499603,25.020557],[121.499553,25.02062],[121.499529,25.020679],[121.49953,25.02073],[121.499598,25.021143],[121.499808,25.021109],[121.499823,25.021106],[121.499826,25.021102],[121.499784,25.020935],[121.499785,25.020927],[121.500024,25.020502],[121.500024,25.020493],[121.499957,25.02045]]]}},{"type":"Feature","properties":{"id":"470bc0702d5f","name":"臺北市文山區力行國民小學","level":"國小","basis":"both","data_ym":"202006"},"geometry":{"type":"Polygon","coordinates":[[[121.561092,24.98018],[121.560932,24.980185],[121.560712,24.980216],[121.559464,24.980549],[121.559421,24.980556],[121.559408,24.980599],[121.56179,24.981125],[121.561944,24.980402],[121.561931,24.980374],[121.561814,24.980322],[121.561663,24.980267],[121.561489,24.980216],[121.561376,24.980197],[121.561092,24.98018]]]}},{"type":"Feature","properties":{"id":"a94b15d7af28","name":"臺北市文山區木柵國民小學","level":"國小","basis":"both","data_ym":"202006"},"geometry":{"type":"Polygon","coordinates":[[[121.570866,24.991078],[121.570832,24.99079],[121.570752,24.990962],[121.570562,24.990884],[121.570666,24.990641],[121.570631,24.990606],[121.570524,24.990515],[121.569844,24.989989],[121.569761,24.990174],[121.569709,24.990143],[121.569621,24.990107],[121.569559,24.990236],[121.56901,24.990034],[121.568626,24.990982],[121.569005,24.991123],[121.568854,24.991457],[121.569186,24.991527],[121.569427,24.991583],[121.570414,24.991582],[121.570965,24.991571],[121.570858,24.991083],[121.570866,24.991078]]]}},{"type":"Feature","properties":{"id":"401b3e775e10","name":"臺北市文山區永建國民小學","level":"國小","basis":"both","data_ym":"202006"},"geometry":{"type":"Polygon","coordinates":[[[121.555634,24.988404],[121.55478,24.988222],[121.554752,24.988321],[121.554712,24.988356],[121.554674,24.988402],[121.554638,24.988545],[121.554685,24.988689],[121.554776,24.988928],[121.554853,24.989003],[121.554866,24.989421],[121.55488,24.989521],[121.554908,24.989588],[121.555048,24.98968],[121.555347,24.989816],[121.555657,24.990114],[121.555879,24.990218],[121.556287,24.990291],[121.556438,24.989901],[121.556064,24.989873],[121.556069,24.989834],[121.55601,24.98983],[121.556048,24.989331],[121.556047,24.989304],[121.55603,24.989261],[121.555988,24.989202],[121.555878,24.989088],[121.555666,24.988855],[121.55564,24.988819],[121.555623,24.988785],[121.555601,24.988721],[121.555597,24.988688],[121.555599,24.988639],[121.555634,24.988404]]]}},{"type":"Feature","properties":{"id":"ed41ab76937d","name":"臺北市文山區志清國民小學","level":"國小","basis":"both","data_ym":"202006"},"geometry":{"type":"Polygon","coordinates":[[[121.539735,24.998163],[121.538711,24.997827],[121.538422,24.998551],[121.539424,24.998892],[121.539735,24.998163]]]}},{"type":"Feature","properties":{"id":"149905eaa695","name":"臺北市文山區辛亥國民小學","level":"國小","basis":"both","data_ym":"202006"},"geometry":{"type":"Polygon","coordinates":[[[121.5602,25.006356],[121.560136,25.005919],[121.559938,25.005792],[121.559908,25.00576],[121.559862,25.005761],[121.559863,25.005765],[121.559714,25.005783],[121.559175,25.005814],[121.558917,25.005834],[121.558771,25.005858],[121.55871,25.005877],[121.558568,25.005955],[121.558499,25.005999],[121.558501,25.005945],[121.558399,25.006006],[121.558422,25.006023],[121.558427,25.006036],[121.558301,25.006108],[121.558435,25.006218],[121.558486,25.006272],[121.558543,25.006345],[121.558645,25.006522],[121.558675,25.006593],[121.558859,25.006526],[121.558945,25.006502],[121.559026,25.006488],[121.55962,25.006426],[121.5602,25.006356]]]}},{"type":"Feature","properties":{"id":"51bcf088218e","name":"臺北市文山區明道國民小學","level":"國小","basis":"both","data_ym":"202006"},"geometry":{"type":"Polygon","coordinates":[[[121.564094,24.987007],[121.562733,24.986882],[121.562375,24.987694],[121.563584,24.988027],[121.564403,24.987914],[121.564586,24.987042],[121.564094,24.987007]]]}},{"type":"Feature","properties":{"id":"d1f829205c77","name":"臺北市文山區武功國民小學","level":"國小","basis":"both","data_ym":"202006"},"geometry":{"type":"Polygon","coordinates":[[[121.540449,25.00392],[121.540608,25.003829],[121.540298,25.003281],[121.540264,25.003193],[121.540228,25.003068],[121.540209,25.002947],[121.539897,25.003077],[121.539482,25.003234],[121.539497,25.003263],[121.538839,25.00352],[121.538873,25.003809],[121.539139,25.003776],[121.539187,25.003862],[121.539192,25.003927],[121.539465,25.003897],[121.539507,25.004151],[121.539942,25.004102],[121.540142,25.004062],[121.540307,25.004002],[121.540445,25.003939],[121.540457,25.003931],[121.540449,25.00392]]]}},{"type":"Feature","properties":{"id":"b407ea9b31db","name":"臺北市文山區指南實驗國民小學","level":"國小","basis":"name","data_ym":"202311"},"geometry":{"type":"Polygon","coordinates":[[[121.584591,24.975928],[121.584469,24.975924],[121.58416,24.975952],[121.583972,24.976019],[121.583874,24.976088],[121.583788,24.976172],[121.583731,24.9762],[121.583687,24.976211],[121.583676,24.976239],[121.583659,24.976348],[121.583611,24.976373],[121.583635,24.976435],[121.58368,24.976612],[121.583762,24.976582],[121.583761,24.976556],[121.58408,24.97645],[121.58442,24.976327],[121.584368,24.976241],[121.584687,24.976045],[121.584725,24.97595],[121.584683,24.975937],[121.584591,24.975928]]]}},{"type":"Feature","properties":{"id":"8f885a74046d","name":"臺北市文山區博嘉實驗國民小學","level":"國小","basis":"both","data_ym":"202006"},"geometry":{"type":"Polygon","coordinates":[[[121.575776,25.001525],[121.575682,25.001214],[121.575662,25.001216],[121.575624,25.001109],[121.575511,25.001133],[121.575475,25.001123],[121.575453,25.001092],[121.575146,25.001165],[121.575124,25.001174],[121.575109,25.001187],[121.575103,25.001203],[121.575112,25.001322],[121.575369,25.002516],[121.575476,25.002646],[121.575747,25.002488],[121.575923,25.002376],[121.575831,25.001674],[121.575776,25.001525]]]}},{"type":"Feature","properties":{"id":"b642e0ad8ebd","name":"臺北市文山區景美國民小學","level":"國小","basis":"both","data_ym":"202006"},"geometry":{"type":"Polygon","coordinates":[[[121.540738,24.988491],[121.540723,24.988483],[121.540586,24.988493],[121.539846,24.988524],[121.539826,24.988549],[121.53977,24.988941],[121.539752,24.989215],[121.539755,24.989327],[121.539835,24.989852],[121.54083,24.989714],[121.540794,24.989396],[121.540762,24.988995],[121.540738,24.988491]]]}},{"type":"Feature","properties":{"id":"7aa3d9cad17a","name":"臺北市文山區景興國民小學","level":"國小","basis":"both","data_ym":"202006"},"geometry":{"type":"Polygon","coordinates":[[[121.549283,24.995492],[121.549227,24.995432],[121.548666,24.995794],[121.548252,24.996052],[121.548057,24.996158],[121.548061,24.996181],[121.548298,24.996713],[121.548407,24.996949],[121.548624,24.996928],[121.548816,24.996904],[121.54892,24.996886],[121.548944,24.996876],[121.549357,24.996547],[121.549475,24.996463],[121.549407,24.995827],[121.549283,24.995492]]]}},{"type":"Feature","properties":{"id":"d72821fd1a5c","name":"臺北市文山區溪口國民小學","level":"國小","basis":"both","data_ym":"202006"},"geometry":{"type":"Polygon","coordinates":[[[121.539679,24.994019],[121.539514,24.993773],[121.538904,24.993976],[121.538668,24.994089],[121.538405,24.994268],[121.538403,24.994289],[121.538445,24.994358],[121.538798,24.994878],[121.539703,24.994411],[121.539868,24.99432],[121.539679,24.994019]]]}},{"type":"Feature","properties":{"id":"09d26d22039a","name":"臺北市文山區萬芳國民小學","level":"國小","basis":"both","data_ym":"202006"},"geometry":{"type":"Polygon","coordinates":[[[121.56893,24.999476],[121.568902,24.999468],[121.568826,24.99947],[121.568444,24.999516],[121.568259,24.999552],[121.56796,24.999641],[121.56769,24.999735],[121.567168,24.999962],[121.566929,25.000106],[121.566738,25.00023],[121.566574,25.000349],[121.566421,25.000477],[121.566251,25.000648],[121.566151,25.000754],[121.567238,25.001559],[121.567382,25.001474],[121.567671,25.00132],[121.567755,25.001288],[121.567952,25.001168],[121.568161,25.001009],[121.568292,25.000898],[121.56841,25.000781],[121.568554,25.000621],[121.568596,25.000566],[121.568693,25.000424],[121.568776,25.000283],[121.568901,25.000003],[121.568944,24.999889],[121.568983,24.999749],[121.56899,24.999709],[121.568997,24.999556],[121.56898,24.999514],[121.568956,24.999489],[121.56893,24.999476]]]}},{"type":"Feature","properties":{"id":"cae9fcf17dbe","name":"臺北市文山區萬福國民小學","level":"國小","basis":"both","data_ym":"202006"},"geometry":{"type":"Polygon","coordinates":[[[121.536294,25.00484],[121.536294,25.004956],[121.536399,25.005742],[121.536434,25.005859],[121.536666,25.006377],[121.537261,25.006243],[121.537131,25.00479],[121.536294,25.00484]]]}},{"type":"Feature","properties":{"id":"698b76757e73","name":"臺北市文山區萬興國民小學","level":"國小","basis":"both","data_ym":"202006"},"geometry":{"type":"Polygon","coordinates":[[[121.576702,24.990399],[121.576713,24.989415],[121.576631,24.989396],[121.576645,24.98934],[121.576199,24.989235],[121.576166,24.989246],[121.576068,24.989362],[121.575862,24.989649],[121.575872,24.989655],[121.575879,24.989647],[121.575923,24.989675],[121.575866,24.989749],[121.575809,24.98972],[121.575594,24.990029],[121.57611,24.990361],[121.576205,24.990412],[121.576348,24.990465],[121.576547,24.990492],[121.576702,24.990399]]]}},{"type":"Feature","properties":{"id":"4db97fd0323a","name":"臺北市文山區實踐國民小學","level":"國小","basis":"both","data_ym":"202006"},"geometry":{"type":"Polygon","coordinates":[[[121.557338,24.982732],[121.556722,24.982447],[121.556432,24.983237],[121.556465,24.983294],[121.556489,24.983314],[121.557616,24.983706],[121.558064,24.983835],[121.55831,24.982986],[121.557338,24.982732]]]}},{"type":"Feature","properties":{"id":"8b6b3aebd745","name":"臺北市文山區興華國民小學","level":"國小","basis":"both","data_ym":"202006"},"geometry":{"type":"Polygon","coordinates":[[[121.559654,25.000489],[121.560058,24.999363],[121.559945,24.999301],[121.559664,24.999124],[121.559645,24.999109],[121.559611,24.999067],[121.559585,24.999025],[121.559567,24.998978],[121.559565,24.998931],[121.559575,24.998889],[121.559641,24.99873],[121.559077,24.998412],[121.558866,24.998778],[121.558799,24.99885],[121.558713,24.998799],[121.558313,24.999194],[121.558288,24.999213],[121.558468,24.999355],[121.558814,24.999663],[121.558847,24.999697],[121.558873,24.999736],[121.558891,24.999779],[121.558902,24.999826],[121.558949,25.000287],[121.558974,25.000285],[121.55901,25.000555],[121.559654,25.000489]]]}},{"type":"Feature","properties":{"id":"9d564dc436f5","name":"臺北市文山區興隆國民小學","level":"國小","basis":"both","data_ym":"202006"},"geometry":{"type":"Polygon","coordinates":[[[121.552854,25.002576],[121.552539,25.001831],[121.552523,25.001836],[121.552501,25.001771],[121.552513,25.001767],[121.55251,25.001761],[121.552456,25.001738],[121.55189,25.001945],[121.55194,25.002106],[121.551946,25.002191],[121.551965,25.002264],[121.551958,25.00238],[121.551823,25.002482],[121.551776,25.002553],[121.551684,25.002628],[121.55149,25.002759],[121.551855,25.003268],[121.551873,25.003278],[121.551886,25.003275],[121.551909,25.00326],[121.552854,25.002576]]]}},{"type":"Feature","properties":{"id":"c92b258bf5f9","name":"臺北市文山區興德國民小學","level":"國小","basis":"both","data_ym":"202006"},"geometry":{"type":"Polygon","coordinates":[[[121.550718,25.001537],[121.550679,25.001504],[121.550491,25.00203],[121.551174,25.002168],[121.551191,25.00209],[121.551194,25.002047],[121.551247,25.001892],[121.550718,25.001537]]]}},{"type":"Feature","properties":{"id":"654165c73742","name":"臺北市北投區大屯國民小學","level":"國小","basis":"both","data_ym":"202006"},"geometry":{"type":"Polygon","coordinates":[[[121.504255,25.154678],[121.504213,25.154674],[121.504196,25.154679],[121.504163,25.154707],[121.504146,25.154753],[121.504121,25.154788],[121.504082,25.154816],[121.504014,25.15485],[121.503878,25.155203],[121.503819,25.155408],[121.504343,25.155564],[121.504446,25.155256],[121.504403,25.15524],[121.504403,25.155101],[121.504395,25.155075],[121.504384,25.155065],[121.504305,25.155028],[121.504348,25.15493],[121.504398,25.154785],[121.504395,25.15475],[121.504378,25.154711],[121.504255,25.154678]]]}},{"type":"Feature","properties":{"id":"3ebfe6fa58e7","name":"臺北市北投區文化國民小學","level":"國小","basis":"both","data_ym":"202006"},"geometry":{"type":"Polygon","coordinates":[[[121.496995,25.137256],[121.496103,25.136671],[121.495473,25.136959],[121.495935,25.13775],[121.496404,25.13754],[121.496901,25.137382],[121.496995,25.137256]]]}},{"type":"Feature","properties":{"id":"3be6692961c3","name":"臺北市北投區文林國民小學","level":"國小","basis":"both","data_ym":"202511"},"geometry":{"type":"Polygon","coordinates":[[[121.514722,25.105961],[121.514793,25.105907],[121.514797,25.105909],[121.515653,25.105266],[121.515595,25.105188],[121.514371,25.105055],[121.514184,25.105031],[121.513241,25.105769],[121.513952,25.106536],[121.514015,25.106561],[121.514757,25.106],[121.514722,25.105961]]]}},{"type":"Feature","properties":{"id":"2d1853b7503c","name":"臺北市北投區北投國民小學","level":"國小","basis":"both","data_ym":"202006"},"geometry":{"type":"Polygon","coordinates":[[[121.50084,25.133797],[121.501139,25.133605],[121.50103,25.133473],[121.501032,25.133256],[121.500823,25.133229],[121.500579,25.133158],[121.500331,25.133074],[121.499594,25.133715],[121.499564,25.133712],[121.499501,25.133682],[121.499267,25.133545],[121.499186,25.133489],[121.498996,25.133345],[121.498962,25.133314],[121.498936,25.133339],[121.49893,25.133335],[121.498611,25.133679],[121.498523,25.13378],[121.498531,25.133796],[121.499521,25.134668],[121.499584,25.134666],[121.50084,25.133797]]]}},{"type":"Feature","properties":{"id":"dc34a15c9a82","name":"臺北市北投區石牌國民小學","level":"國小","basis":"both","data_ym":"202006"},"geometry":{"type":"Polygon","coordinates":[[[121.512622,25.116288],[121.512655,25.11621],[121.512751,25.115437],[121.513096,25.11486],[121.513262,25.114535],[121.512264,25.114164],[121.512249,25.114163],[121.512238,25.114175],[121.511791,25.115157],[121.511752,25.115254],[121.511738,25.115312],[121.51171,25.115563],[121.511722,25.115792],[121.511732,25.115879],[121.511748,25.115971],[121.511787,25.116083],[121.511844,25.116213],[121.511911,25.116337],[121.511946,25.116391],[121.512088,25.116545],[121.512244,25.116701],[121.512549,25.116377],[121.512622,25.116288]]]}},{"type":"Feature","properties":{"id":"a5c8c749b03e","name":"臺北市北投區立農國民小學","level":"國小","basis":"both","data_ym":"202006"},"geometry":{"type":"Polygon","coordinates":[[[121.504408,25.118236],[121.503877,25.119329],[121.504109,25.119852],[121.504258,25.119794],[121.504361,25.119767],[121.50463,25.11972],[121.504753,25.119694],[121.505284,25.119551],[121.505354,25.119528],[121.505574,25.119426],[121.505517,25.119304],[121.50549,25.119256],[121.505174,25.118577],[121.504849,25.118453],[121.504646,25.118348],[121.504408,25.118236]]]}},{"type":"Feature","properties":{"id":"b56215b70f9b","name":"臺北市北投區明德國民小學","level":"國小","basis":"both","data_ym":"202311"},"geometry":{"type":"Polygon","coordinates":[[[121.523234,25.11252],[121.523046,25.111675],[121.523012,25.111557],[121.522975,25.11152],[121.52291,25.111503],[121.522321,25.111478],[121.52223,25.11148],[121.522148,25.111491],[121.521835,25.111551],[121.521748,25.11158],[121.521513,25.111677],[121.521718,25.112069],[121.521803,25.112263],[121.521953,25.112564],[121.522014,25.112765],[121.522039,25.112761],[121.52208,25.112591],[121.522233,25.112459],[121.522587,25.11245],[121.52286,25.112352],[121.523036,25.112418],[121.523127,25.112534],[121.523234,25.11252]]]}},{"type":"Feature","properties":{"id":"f53aa66e68ea","name":"臺北市北投區泉源實驗國民小學","level":"國小","basis":"both","data_ym":"202006"},"geometry":{"type":"Polygon","coordinates":[[[121.524446,25.149517],[121.524462,25.149437],[121.524485,25.14944],[121.524541,25.149266],[121.52446,25.149185],[121.524402,25.149154],[121.524365,25.149139],[121.524288,25.149118],[121.524229,25.149118],[121.524176,25.149129],[121.524131,25.149144],[121.52409,25.149166],[121.52405,25.149202],[121.523968,25.14929],[121.523864,25.149414],[121.524029,25.14947],[121.524126,25.149488],[121.524429,25.14953],[121.524446,25.149517]]]}},{"type":"Feature","properties":{"id":"156a2f02eaf7","name":"臺北市北投區桃源國民小學","level":"國小","basis":"both","data_ym":"202006"},"geometry":{"type":"Polygon","coordinates":[[[121.483922,25.14071],[121.484042,25.140548],[121.484415,25.140017],[121.484435,25.139992],[121.484515,25.139931],[121.48455,25.139846],[121.484558,25.139815],[121.484548,25.139679],[121.484541,25.139679],[121.484564,25.139023],[121.484065,25.139036],[121.483572,25.139039],[121.483271,25.139033],[121.483139,25.139254],[121.483063,25.139509],[121.482783,25.139658],[121.482754,25.139709],[121.482806,25.139884],[121.482865,25.140314],[121.482896,25.140372],[121.482863,25.14041],[121.48299,25.14053],[121.483063,25.140575],[121.483336,25.140594],[121.483335,25.140565],[121.483749,25.140564],[121.483922,25.14071]]]}},{"type":"Feature","properties":{"id":"bec33b479337","name":"臺北市北投區清江國民小學","level":"國小","basis":"both","data_ym":"202006"},"geometry":{"type":"Polygon","coordinates":[[[121.506196,25.125513],[121.505643,25.126282],[121.505665,25.126291],[121.506051,25.126528],[121.506789,25.127007],[121.507152,25.127205],[121.507126,25.127249],[121.507503,25.127447],[121.507677,25.126992],[121.507638,25.126964],[121.507768,25.12678],[121.507912,25.126485],[121.506636,25.125758],[121.506196,25.125513]]]}},{"type":"Feature","properties":{"id":"3f59c327d6e9","name":"臺北市北投區湖山國民小學","level":"國小","basis":"both","data_ym":"202006"},"geometry":{"type":"Polygon","coordinates":[[[121.536243,25.149946],[121.536173,25.149813],[121.536094,25.149855],[121.535972,25.149725],[121.535773,25.149563],[121.535732,25.149621],[121.535513,25.149612],[121.535415,25.149639],[121.535321,25.149654],[121.535255,25.149654],[121.535335,25.149817],[121.535409,25.149933],[121.535524,25.150099],[121.535852,25.15065],[121.535889,25.150662],[121.53614,25.150619],[121.536283,25.150542],[121.536321,25.150501],[121.536349,25.150407],[121.536353,25.150339],[121.536492,25.150334],[121.536503,25.150316],[121.536491,25.15008],[121.536375,25.150045],[121.536265,25.15002],[121.536243,25.149946]]]}},{"type":"Feature","properties":{"id":"f4355b51fedd","name":"臺北市北投區湖田實驗國民小學","level":"國小","basis":"both","data_ym":"202110"},"geometry":{"type":"Polygon","coordinates":[[[121.538778,25.170116],[121.538846,25.169786],[121.539001,25.169825],[121.539043,25.169713],[121.538933,25.169688],[121.538977,25.169653],[121.539053,25.169648],[121.539084,25.169624],[121.539114,25.169593],[121.539158,25.169508],[121.539173,25.169487],[121.539301,25.169402],[121.539388,25.169409],[121.539469,25.169446],[121.539555,25.169446],[121.539588,25.169431],[121.539657,25.169339],[121.539666,25.169317],[121.539662,25.169277],[121.539414,25.168854],[121.539397,25.168839],[121.539234,25.168587],[121.539151,25.168538],[121.538874,25.168307],[121.538856,25.1683],[121.538849,25.168302],[121.538694,25.168444],[121.538687,25.168461],[121.538686,25.168488],[121.538742,25.168821],[121.538745,25.168906],[121.538727,25.169144],[121.5387,25.169301],[121.538696,25.169456],[121.538687,25.16958],[121.538664,25.169734],[121.538647,25.169803],[121.538598,25.169962],[121.538582,25.170075],[121.538778,25.170116]]]}},{"type":"Feature","properties":{"id":"d83ff863f895","name":"臺北市北投區逸仙國民小學","level":"國小","basis":"both","data_ym":"202006"},"geometry":{"type":"Polygon","coordinates":[[[121.506562,25.137435],[121.506605,25.137385],[121.506488,25.137364],[121.506224,25.137365],[121.506064,25.137392],[121.505437,25.137602],[121.505089,25.13774],[121.505032,25.137638],[121.504983,25.137648],[121.504822,25.137274],[121.504638,25.137338],[121.504247,25.137488],[121.504306,25.137573],[121.505024,25.138306],[121.505104,25.138435],[121.505444,25.138498],[121.505627,25.138546],[121.505876,25.138635],[121.505986,25.13868],[121.506157,25.138762],[121.506123,25.13846],[121.506153,25.138262],[121.506296,25.138015],[121.506424,25.137765],[121.50643,25.137617],[121.50651,25.137618],[121.506542,25.137473],[121.50656,25.137449],[121.506562,25.137435]]]}},{"type":"Feature","properties":{"id":"f2be6deb8a50","name":"臺北市北投區義方國民小學","level":"國小","basis":"both","data_ym":"202006"},"geometry":{"type":"Polygon","coordinates":[[[121.509783,25.14193],[121.509591,25.141929],[121.508717,25.141996],[121.508625,25.142008],[121.50864,25.1423],[121.508638,25.142516],[121.508644,25.142786],[121.508637,25.143063],[121.508823,25.143021],[121.509038,25.142981],[121.509649,25.142895],[121.509848,25.142851],[121.509861,25.142837],[121.509877,25.142801],[121.509965,25.142324],[121.510043,25.141972],[121.510025,25.141944],[121.510014,25.141937],[121.509783,25.14193]]]}},{"type":"Feature","properties":{"id":"ceff48b75e36","name":"臺北市北投區關渡國民小學","level":"國小","basis":"both","data_ym":"202006"},"geometry":{"type":"Polygon","coordinates":[[[121.46671,25.127037],[121.467384,25.126369],[121.467,25.12584],[121.466891,25.125704],[121.4667,25.125734],[121.466438,25.125755],[121.466367,25.125751],[121.466346,25.12582],[121.466313,25.125812],[121.466316,25.125802],[121.466305,25.125799],[121.466318,25.125745],[121.466315,25.125695],[121.466104,25.125632],[121.465839,25.125586],[121.465838,25.125608],[121.465825,25.125651],[121.465796,25.125719],[121.465677,25.125917],[121.465639,25.126011],[121.465615,25.126036],[121.465653,25.126145],[121.465677,25.126198],[121.465703,25.126242],[121.465764,25.126331],[121.465802,25.126367],[121.466137,25.126638],[121.46616,25.126619],[121.466198,25.126627],[121.46671,25.127037]]]}},{"type":"Feature","properties":{"id":"e3055dd3a696","name":"臺北市立三民國民中學","level":"國中","basis":"both","data_ym":"202006"},"geometry":{"type":"Polygon","coordinates":[[[121.586638,25.070992],[121.586746,25.070859],[121.586978,25.070867],[121.586898,25.069173],[121.584675,25.069007],[121.584652,25.069381],[121.584632,25.06984],[121.585056,25.069908],[121.585351,25.07034],[121.585395,25.070369],[121.585396,25.070399],[121.585444,25.070415],[121.585486,25.070377],[121.585759,25.070399],[121.585751,25.070658],[121.58632,25.070739],[121.586432,25.070979],[121.586638,25.070992]]]}},{"type":"Feature","properties":{"id":"e96220f63145","name":"臺北市立士林高級商業職業學校","level":"高中職","basis":"name","data_ym":"202006"},"geometry":{"type":"Polygon","coordinates":[[[121.517408,25.093739],[121.51636,25.093684],[121.516341,25.093674],[121.516332,25.09366],[121.516329,25.093465],[121.515617,25.093471],[121.515645,25.093373],[121.515494,25.093332],[121.515197,25.094065],[121.514427,25.096018],[121.515374,25.096185],[121.516636,25.094744],[121.516614,25.094618],[121.516738,25.09447],[121.516764,25.094484],[121.517408,25.093739]]]}},{"type":"Feature","properties":{"id":"e17ba2b93eb3","name":"臺北市立士林國民中學","level":"國中","basis":"both","data_ym":"202311"},"geometry":{"type":"Polygon","coordinates":[[[121.523213,25.093209],[121.523653,25.093163],[121.523837,25.09236],[121.523806,25.092277],[121.523275,25.092512],[121.523316,25.092649],[121.523059,25.092714],[121.522858,25.092758],[121.522842,25.092723],[121.52253,25.092843],[121.52192,25.093115],[121.522049,25.093351],[121.522295,25.093288],[121.522319,25.093251],[121.522356,25.09323],[121.522406,25.093222],[121.5225,25.09333],[121.522556,25.093463],[121.522513,25.093716],[121.522411,25.094375],[121.522717,25.094447],[121.522776,25.094097],[121.52283,25.09374],[121.523162,25.093767],[121.523213,25.093209]]]}},{"type":"Feature","properties":{"id":"cfcd5d086576","name":"臺北市立大同高級中學","level":"高中職","basis":"both","data_ym":"202006"},"geometry":{"type":"Polygon","coordinates":[[[121.53572,25.057424],[121.535717,25.05714],[121.536116,25.057127],[121.536097,25.056282],[121.53636,25.056281],[121.536326,25.054879],[121.534955,25.054901],[121.534976,25.055498],[121.534748,25.055672],[121.533968,25.05611],[121.533714,25.056452],[121.533721,25.056614],[121.533733,25.057444],[121.534068,25.057442],[121.534068,25.057463],[121.53572,25.057424]]]}},{"type":"Feature","properties":{"id":"5aa688e29ab2","name":"臺北市立大安高級工業職業學校","level":"高中職","basis":"name","data_ym":"202006"},"geometry":{"type":"Polygon","coordinates":[[[121.543323,25.031938],[121.543313,25.031142],[121.542361,25.03115],[121.541662,25.031162],[121.540853,25.031182],[121.540874,25.032278],[121.540704,25.032279],[121.540719,25.03277],[121.54334,25.032712],[121.543323,25.031938]]]}},{"type":"Feature","properties":{"id":"914b46c2b450","name":"臺北市立大安國民中學","level":"國中","basis":"both","data_ym":"202509"},"geometry":{"type":"Polygon","coordinates":[[[121.547935,25.029848],[121.54613,25.029892],[121.546149,25.03092],[121.546178,25.030963],[121.547962,25.030937],[121.547935,25.029848]]]}},{"type":"Feature","properties":{"id":"b2802b65a41d","name":"臺北市立大直高級中學","level":"高中職","basis":"both","data_ym":"202006"},"geometry":{"type":"Polygon","coordinates":[[[121.542625,25.077668],[121.54257,25.078719],[121.542525,25.079467],[121.544032,25.079554],[121.544046,25.079268],[121.544192,25.079277],[121.544166,25.077657],[121.544093,25.077602],[121.542625,25.077668]]]}},{"type":"Feature","properties":{"id":"9c55a937d5bf","name":"臺北市立大理高級中學","level":"國小","basis":"moe","data_ym":"202006"},"geometry":{"type":"Polygon","coordinates":[[[121.492466,25.030082],[121.491642,25.029313],[121.491039,25.029861],[121.490403,25.030429],[121.490317,25.0305],[121.490286,25.030536],[121.490285,25.030572],[121.490817,25.03117],[121.490852,25.031169],[121.491319,25.030856],[121.491994,25.030516],[121.492471,25.030093],[121.492466,25.030082]]]}},{"type":"Feature","properties":{"id":"ff235d0a46c7","name":"臺北市立大學天母校區","level":"大專","basis":"branch","data_ym":"202006"},"geometry":{"type":"Polygon","coordinates":[[[121.536523,25.113392],[121.536525,25.113812],[121.536519,25.114032],[121.536516,25.114741],[121.536507,25.115564],[121.536498,25.115578],[121.536486,25.115585],[121.53644,25.11559],[121.535653,25.115579],[121.53501,25.115539],[121.534863,25.115535],[121.534659,25.115541],[121.534575,25.115549],[121.534504,25.11557],[121.534376,25.115622],[121.533922,25.115879],[121.533907,25.115886],[121.533884,25.115886],[121.533944,25.115969],[121.534015,25.115927],[121.534304,25.116373],[121.537509,25.116335],[121.53751,25.113687],[121.536623,25.113457],[121.536598,25.113437],[121.536598,25.11343],[121.53661,25.113404],[121.536625,25.113393],[121.536511,25.113372],[121.536523,25.113392]]]}},{"type":"Feature","properties":{"id":"8e7708301bc0","name":"臺北市立大學附設實驗國民小學","level":"國小","basis":"name","data_ym":"202508"},"geometry":{"type":"Polygon","coordinates":[[[121.515175,25.036606],[121.516025,25.03641],[121.516135,25.036804],[121.516751,25.036653],[121.516374,25.035358],[121.5163,25.035317],[121.516146,25.035215],[121.516133,25.035209],[121.515979,25.035244],[121.515422,25.035292],[121.515397,25.035396],[121.515369,25.035474],[121.515326,25.035537],[121.515255,25.035595],[121.51517,25.035652],[121.515175,25.036606]]]}},{"type":"Feature","properties":{"id":"0cbb12575040","name":"臺北市立大學博愛校區","level":"大專","basis":"branch","data_ym":"202508"},"geometry":{"type":"Polygon","coordinates":[[[121.513769,25.037186],[121.514286,25.037223],[121.514933,25.037236],[121.514905,25.036253],[121.514873,25.035693],[121.514862,25.035638],[121.514848,25.035612],[121.514824,25.035596],[121.514768,25.035571],[121.514715,25.035534],[121.514685,25.035496],[121.514615,25.035381],[121.512669,25.035616],[121.512795,25.037258],[121.513769,25.037186]]]}},{"type":"Feature","properties":{"id":"68550008e378","name":"臺北市立中山女子高級中學","level":"高中職","basis":"name","data_ym":"202006"},"geometry":{"type":"Polygon","coordinates":[[[121.539081,25.049948],[121.539048,25.048474],[121.537097,25.048518],[121.537132,25.049993],[121.539081,25.049948]]]}},{"type":"Feature","properties":{"id":"453e1b241d9c","name":"臺北市立中山國民中學","level":"國中","basis":"both","data_ym":"202006"},"geometry":{"type":"Polygon","coordinates":[[[121.546566,25.060531],[121.546552,25.060516],[121.54497,25.060532],[121.544956,25.060543],[121.544972,25.0614],[121.544987,25.061421],[121.546572,25.061388],[121.546584,25.061372],[121.546566,25.060531]]]}},{"type":"Feature","properties":{"id":"84763d1c83bb","name":"臺北市立中正高級中學","level":"高中職","basis":"both","data_ym":"202511"},"geometry":{"type":"Polygon","coordinates":[[[121.517033,25.102179],[121.514805,25.101982],[121.514615,25.103356],[121.514446,25.104852],[121.514467,25.104875],[121.514514,25.104889],[121.515714,25.105018],[121.515862,25.105085],[121.516775,25.104405],[121.516817,25.104369],[121.517033,25.102179]]]}},{"type":"Feature","properties":{"id":"4fa57b638a39","name":"臺北市立中正國民中學","level":"國中","basis":"both","data_ym":"202006"},"geometry":{"type":"Polygon","coordinates":[[[121.522163,25.031056],[121.522136,25.031049],[121.521029,25.031581],[121.521572,25.032578],[121.522381,25.03219],[121.522397,25.03218],[121.522401,25.03217],[121.522404,25.032162],[121.522182,25.031071],[121.522163,25.031056]]]}},{"type":"Feature","properties":{"id":"673d0ba7f868","name":"臺北市立中崙高級中學","level":"高中職","basis":"both","data_ym":"202006"},"geometry":{"type":"Polygon","coordinates":[[[121.562445,25.050228],[121.56243,25.049765],[121.562494,25.049301],[121.561239,25.049169],[121.561242,25.049127],[121.561248,25.049128],[121.561256,25.049069],[121.561299,25.048679],[121.560984,25.048651],[121.560974,25.048656],[121.56087,25.049583],[121.560867,25.050058],[121.561323,25.050107],[121.561321,25.05015],[121.561308,25.050149],[121.561444,25.050166],[121.561447,25.050122],[121.561676,25.05015],[121.562445,25.050228]]]}},{"type":"Feature","properties":{"id":"ff481f6a8c9b","name":"臺北市立五常國民中學","level":"國中","basis":"both","data_ym":"202006"},"geometry":{"type":"Polygon","coordinates":[[[121.543631,25.065072],[121.543614,25.063436],[121.542644,25.063459],[121.542681,25.06507],[121.543631,25.065072]]]}},{"type":"Feature","properties":{"id":"ae3779b3f463","name":"臺北市立仁愛國民中學","level":"國中","basis":"both","data_ym":"202006"},"geometry":{"type":"Polygon","coordinates":[[[121.552138,25.036336],[121.55147,25.036347],[121.551466,25.036162],[121.550319,25.036175],[121.550352,25.03756],[121.551181,25.037542],[121.551221,25.037525],[121.551384,25.037334],[121.551627,25.037026],[121.552138,25.036336]]]}},{"type":"Feature","properties":{"id":"6089577f484e","name":"臺北市立介壽國民中學","level":"國中","basis":"both","data_ym":"202006"},"geometry":{"type":"Polygon","coordinates":[[[121.557082,25.05645],[121.555738,25.056337],[121.555585,25.057193],[121.557002,25.057297],[121.557082,25.05645]]]}},{"type":"Feature","properties":{"id":"2154d014fe14","name":"臺北市立內湖高級工業職業學校","level":"高中職","basis":"name","data_ym":"202006"},"geometry":{"type":"Polygon","coordinates":[[[121.574764,25.080009],[121.575229,25.079832],[121.575266,25.07991],[121.576249,25.079508],[121.576264,25.079493],[121.576272,25.07947],[121.576273,25.079394],[121.576278,25.079349],[121.576302,25.079262],[121.576342,25.07918],[121.576367,25.079141],[121.576447,25.079049],[121.576455,25.079022],[121.576453,25.079008],[121.575991,25.078273],[121.575978,25.078257],[121.575943,25.07823],[121.575923,25.078222],[121.575887,25.078223],[121.57369,25.079117],[121.573678,25.079127],[121.573676,25.079149],[121.574166,25.080268],[121.57419,25.08028],[121.574795,25.080078],[121.574764,25.080009]]]}},{"type":"Feature","properties":{"id":"c84309aa4106","name":"臺北市立內湖高級中學","level":"高中職","basis":"both","data_ym":"202006"},"geometry":{"type":"Polygon","coordinates":[[[121.588037,25.077159],[121.58765,25.077093],[121.586877,25.076971],[121.586841,25.077229],[121.586367,25.077208],[121.585835,25.077586],[121.585521,25.077833],[121.585065,25.078108],[121.585065,25.078132],[121.585008,25.078173],[121.585002,25.078373],[121.586104,25.078396],[121.586725,25.078439],[121.58709,25.07848],[121.587586,25.078561],[121.587922,25.078636],[121.587985,25.077995],[121.588037,25.077159]]]}},{"type":"Feature","properties":{"id":"e04099a8286c","name":"臺北市立內湖國民中學","level":"國中","basis":"both","data_ym":"202006"},"geometry":{"type":"Polygon","coordinates":[[[121.589826,25.077332],[121.589953,25.076886],[121.590004,25.076899],[121.590136,25.076462],[121.590174,25.076289],[121.590178,25.076195],[121.590171,25.076074],[121.590162,25.076012],[121.590084,25.075703],[121.589748,25.075742],[121.589596,25.075753],[121.589567,25.075749],[121.589511,25.075731],[121.589469,25.075708],[121.589438,25.075685],[121.589416,25.075661],[121.588945,25.075439],[121.588747,25.075429],[121.588152,25.075651],[121.587966,25.075808],[121.587915,25.075903],[121.587786,25.076523],[121.587732,25.076822],[121.589826,25.077332]]]}},{"type":"Feature","properties":{"id":"22c9ebfb8772","name":"臺北市立天母國民中學","level":"國中","basis":"both","data_ym":"202006"},"geometry":{"type":"Polygon","coordinates":[[[121.537614,25.116519],[121.537589,25.118032],[121.537919,25.118039],[121.538233,25.118056],[121.538781,25.118066],[121.538821,25.118037],[121.538849,25.117998],[121.538904,25.1165],[121.537614,25.116519]]]}},{"type":"Feature","properties":{"id":"80f457469a58","name":"臺北市立文山特殊教育學校","level":"特殊","basis":"both","data_ym":"202006"},"geometry":{"type":"Polygon","coordinates":[[[121.567409,24.991292],[121.567128,24.991161],[121.567105,24.991167],[121.566757,24.991781],[121.566756,24.99181],[121.566768,24.991838],[121.567296,24.992154],[121.567417,24.992199],[121.567471,24.99221],[121.567611,24.992223],[121.568037,24.992251],[121.56805,24.992233],[121.568078,24.992025],[121.56818,24.991559],[121.567809,24.991452],[121.567409,24.991292]]]}},{"type":"Feature","properties":{"id":"af5264bf3f5a","name":"臺北市立日僑學校","level":"其他","basis":"none","data_ym":"202509"},"geometry":{"type":"Polygon","coordinates":[[[121.528097,25.116023],[121.527929,25.115735],[121.527443,25.116037],[121.527329,25.116119],[121.527403,25.11623],[121.527625,25.116516],[121.527633,25.116542],[121.527639,25.116581],[121.527631,25.11661],[121.527584,25.116656],[121.527333,25.116826],[121.527942,25.11738],[121.528008,25.117422],[121.528132,25.117485],[121.528201,25.117504],[121.528265,25.117513],[121.528315,25.117535],[121.528599,25.117772],[121.528882,25.118001],[121.529242,25.118299],[121.529282,25.118328],[121.529728,25.118314],[121.529776,25.11829],[121.529799,25.118263],[121.52981,25.118238],[121.529817,25.118194],[121.529113,25.117325],[121.528236,25.116208],[121.528097,25.116023]]]}},{"type":"Feature","properties":{"id":"bee245a9f5e2","name":"臺北市立木柵高級工業職業學校","level":"高中職","basis":"name","data_ym":"202006"},"geometry":{"type":"Polygon","coordinates":[[[121.570886,24.996675],[121.571462,24.9965],[121.57209,24.998221],[121.572778,24.997971],[121.572874,24.997911],[121.573101,24.997684],[121.57344,24.99731],[121.572253,24.996277],[121.572125,24.996153],[121.572032,24.996043],[121.571882,24.995803],[121.571814,24.995644],[121.571724,24.995351],[121.571438,24.995416],[121.571376,24.995156],[121.571227,24.995253],[121.571121,24.995341],[121.571029,24.995432],[121.57095,24.995541],[121.570887,24.995647],[121.570827,24.995774],[121.570798,24.995864],[121.570785,24.995944],[121.570775,24.996138],[121.570778,24.996284],[121.570782,24.996347],[121.570797,24.996417],[121.570866,24.996627],[121.570886,24.996675]]]}},{"type":"Feature","properties":{"id":"5343cdb2c54e","name":"臺北市立木柵國民中學","level":"國中","basis":"both","data_ym":"202311"},"geometry":{"type":"Polygon","coordinates":[[[121.56637,24.987046],[121.566476,24.987461],[121.566504,24.987532],[121.566478,24.987831],[121.566918,24.987895],[121.567055,24.98792],[121.56738,24.987968],[121.567536,24.987997],[121.567673,24.987439],[121.567721,24.987448],[121.567847,24.986921],[121.567844,24.986914],[121.567376,24.986935],[121.567134,24.986956],[121.56637,24.987046]]]}},{"type":"Feature","properties":{"id":"d4c1432388ef","name":"臺北市立北安國民中學","level":"國中","basis":"both","data_ym":"202006"},"geometry":{"type":"Polygon","coordinates":[[[121.542625,25.077668],[121.542213,25.077695],[121.541009,25.077753],[121.541013,25.078239],[121.541021,25.078305],[121.541029,25.078463],[121.541048,25.078462],[121.541045,25.078576],[121.541032,25.078742],[121.542164,25.078804],[121.542173,25.07881],[121.542168,25.07891],[121.542497,25.078938],[121.542557,25.078939],[121.542625,25.077668]]]}},{"type":"Feature","properties":{"id":"86a96c53474c","name":"臺北市立北投國民中學","level":"國中","basis":"both","data_ym":"202006"},"geometry":{"type":"Polygon","coordinates":[[[121.505207,25.13415],[121.505162,25.133992],[121.504094,25.134248],[121.503974,25.134313],[121.504299,25.13465],[121.504529,25.134875],[121.504746,25.134756],[121.504968,25.134716],[121.504984,25.134703],[121.505178,25.13466],[121.505015,25.134199],[121.505207,25.13415]]]}},{"type":"Feature","properties":{"id":"746ded15d8ef","name":"臺北市立北投國民中學1","level":"國中","basis":"both","data_ym":"202006"},"geometry":{"type":"Polygon","coordinates":[[[121.503747,25.134252],[121.503535,25.134408],[121.503488,25.134364],[121.503307,25.134452],[121.503245,25.13455],[121.503068,25.134753],[121.503117,25.135311],[121.503334,25.13546],[121.503357,25.135434],[121.50349,25.135519],[121.503596,25.135552],[121.503689,25.135593],[121.503728,25.135621],[121.503736,25.13562],[121.504099,25.135211],[121.503856,25.134979],[121.503986,25.134848],[121.504174,25.134671],[121.503747,25.134252]]]}},{"type":"Feature","properties":{"id":"b0ae42562ae0","name":"臺北市立北政國民中學","level":"國中","basis":"both","data_ym":"202509"},"geometry":{"type":"Polygon","coordinates":[[[121.576735,24.984394],[121.576742,24.98479],[121.576764,24.985048],[121.576905,24.985007],[121.576971,24.984968],[121.577174,24.984895],[121.577428,24.984861],[121.57764,24.984848],[121.577831,24.984854],[121.577925,24.984873],[121.578056,24.984943],[121.578158,24.98502],[121.578261,24.985037],[121.578476,24.984622],[121.578486,24.984573],[121.578589,24.984367],[121.57852,24.984333],[121.577863,24.984199],[121.576741,24.984337],[121.576735,24.984394]]]}},{"type":"Feature","properties":{"id":"678cf8129053","name":"臺北市立古亭國民中學","level":"國中","basis":"both","data_ym":"202006"},"geometry":{"type":"Polygon","coordinates":[[[121.511371,25.025178],[121.511165,25.024513],[121.510273,25.02475],[121.510243,25.024802],[121.510452,25.025419],[121.510477,25.025426],[121.511371,25.025178]]]}},{"type":"Feature","properties":{"id":"4cec6dd4ffc5","name":"臺北市立古亭國民中學1","level":"國中","basis":"both","data_ym":"202006"},"geometry":{"type":"Polygon","coordinates":[[[121.509754,25.023333],[121.510151,25.02452],[121.510761,25.024351],[121.510565,25.023769],[121.510493,25.023532],[121.510483,25.023521],[121.509754,25.023333]]]}},{"type":"Feature","properties":{"id":"f21ec321a9d3","name":"臺北市立弘道國民中學","level":"國中","basis":"both","data_ym":"202006"},"geometry":{"type":"Polygon","coordinates":[[[121.516135,25.036804],[121.516025,25.03641],[121.515175,25.036606],[121.515256,25.037987],[121.515387,25.038467],[121.516471,25.038208],[121.516075,25.036818],[121.516135,25.036804]]]}},{"type":"Feature","properties":{"id":"7b2b1c6612f1","name":"臺北市立民生國民中學","level":"國中","basis":"both","data_ym":"202310"},"geometry":{"type":"Polygon","coordinates":[[[121.565677,25.060596],[121.565804,25.060634],[121.565974,25.060668],[121.566287,25.060706],[121.566426,25.060738],[121.566493,25.060764],[121.566587,25.060813],[121.566712,25.060906],[121.56734,25.060226],[121.567692,25.059868],[121.567675,25.059837],[121.566757,25.059756],[121.566002,25.0597],[121.565985,25.059703],[121.565973,25.059716],[121.565967,25.059738],[121.565936,25.05988],[121.565677,25.060596]]]}},{"type":"Feature","properties":{"id":"568019e2d6c1","name":"臺北市立民族實驗國民中學","level":"國中","basis":"both","data_ym":"202006"},"geometry":{"type":"Polygon","coordinates":[[[121.539554,25.010566],[121.539773,25.010329],[121.539838,25.010243],[121.539093,25.009726],[121.539056,25.009711],[121.539021,25.009708],[121.538982,25.009714],[121.538942,25.00973],[121.5389,25.009758],[121.538193,25.010533],[121.538181,25.011043],[121.538208,25.011043],[121.538206,25.011119],[121.53821,25.011198],[121.539502,25.011224],[121.539528,25.010628],[121.539554,25.010566]]]}},{"type":"Feature","properties":{"id":"72cc0b2ccc92","name":"臺北市立民權國民中學","level":"國中","basis":"both","data_ym":"202006"},"geometry":{"type":"Polygon","coordinates":[[[121.514884,25.0634],[121.514799,25.063162],[121.513916,25.063187],[121.513846,25.063253],[121.513848,25.063351],[121.513882,25.063351],[121.5139,25.064131],[121.515045,25.063889],[121.514884,25.0634]]]}},{"type":"Feature","properties":{"id":"a56247912f69","name":"臺北市立永吉國民中學","level":"國中","basis":"both","data_ym":"202310"},"geometry":{"type":"Polygon","coordinates":[[[121.574833,25.049101],[121.574843,25.048583],[121.57388,25.04805],[121.572806,25.047448],[121.572763,25.047468],[121.572834,25.049099],[121.573333,25.049107],[121.574762,25.049102],[121.574763,25.049093],[121.574822,25.049094],[121.574821,25.049101],[121.574833,25.049101]]]}},{"type":"Feature","properties":{"id":"36f80f33b18f","name":"臺北市立永春高級中學","level":"高中職","basis":"both","data_ym":"202112"},"geometry":{"type":"Polygon","coordinates":[[[121.579556,25.034288],[121.57974,25.03411],[121.579861,25.034007],[121.579642,25.033809],[121.579477,25.03377],[121.579243,25.033544],[121.579227,25.033553],[121.579162,25.033474],[121.579006,25.033402],[121.578979,25.033449],[121.578932,25.033428],[121.578905,25.033404],[121.578892,25.033364],[121.578861,25.033161],[121.578861,25.033094],[121.578881,25.032891],[121.578871,25.032837],[121.578841,25.032696],[121.578766,25.03255],[121.578718,25.032444],[121.578681,25.032276],[121.578683,25.032241],[121.578697,25.032195],[121.578719,25.032153],[121.578767,25.032086],[121.578745,25.032015],[121.578526,25.03204],[121.577857,25.032146],[121.577538,25.032221],[121.577661,25.03279],[121.577583,25.032882],[121.577537,25.032999],[121.577512,25.033163],[121.577528,25.033285],[121.57767,25.03373],[121.577788,25.033976],[121.577871,25.03408],[121.577964,25.034172],[121.578102,25.034263],[121.578345,25.034365],[121.57861,25.034329],[121.57878,25.034234],[121.579022,25.034518],[121.579441,25.034495],[121.579488,25.034475],[121.579527,25.03441],[121.579556,25.034288]]]}},{"type":"Feature","properties":{"id":"a335bc431108","name":"臺北市立石牌國民中學","level":"國中","basis":"both","data_ym":"202006"},"geometry":{"type":"Polygon","coordinates":[[[121.513262,25.114535],[121.513096,25.11486],[121.512751,25.115437],[121.512655,25.11621],[121.512622,25.116288],[121.513114,25.116318],[121.513146,25.11636],[121.513152,25.116633],[121.513169,25.116746],[121.513194,25.117125],[121.513204,25.117186],[121.513273,25.117216],[121.513872,25.116333],[121.514689,25.115178],[121.514696,25.115155],[121.514689,25.115138],[121.514333,25.114967],[121.513262,25.114535]]]}},{"type":"Feature","properties":{"id":"a590dc41f6b7","name":"臺北市立成功高級中學","level":"高中職","basis":"both","data_ym":"202006"},"geometry":{"type":"Polygon","coordinates":[[[121.524675,25.043083],[121.524557,25.042693],[121.524535,25.042699],[121.524372,25.042136],[121.524351,25.042127],[121.522821,25.042502],[121.52309,25.043465],[121.523129,25.043487],[121.524625,25.043122],[121.524675,25.043083]]]}},{"type":"Feature","properties":{"id":"7b1746e92633","name":"臺北市立成淵高級中學","level":"高中職","basis":"both","data_ym":"202310"},"geometry":{"type":"Polygon","coordinates":[[[121.519827,25.061196],[121.520008,25.060782],[121.520007,25.060611],[121.52022,25.060475],[121.52024,25.060444],[121.520247,25.060422],[121.518489,25.060307],[121.5185,25.061295],[121.518519,25.062194],[121.519431,25.062167],[121.519827,25.061196]]]}},{"type":"Feature","properties":{"id":"f9284acda17a","name":"臺北市立成德國民中學","level":"國中","basis":"both","data_ym":"202006"},"geometry":{"type":"Polygon","coordinates":[[[121.58871,25.045851],[121.588732,25.044898],[121.588718,25.044114],[121.588708,25.044108],[121.587741,25.044126],[121.587456,25.04411],[121.58719,25.044286],[121.586947,25.044464],[121.587292,25.044773],[121.587553,25.044964],[121.587807,25.045223],[121.587943,25.045528],[121.58798,25.045819],[121.588006,25.04588],[121.588538,25.045902],[121.58871,25.045851]]]}},{"type":"Feature","properties":{"id":"6bf0cac8689d","name":"臺北市立百齡高級中學","level":"高中職","basis":"both","data_ym":"202006"},"geometry":{"type":"Polygon","coordinates":[[[121.524699,25.086179],[121.523535,25.085788],[121.523438,25.086074],[121.523177,25.086648],[121.523007,25.086966],[121.522996,25.086977],[121.522943,25.086958],[121.522868,25.087091],[121.52291,25.087107],[121.522793,25.087325],[121.523782,25.087841],[121.524699,25.086179]]]}},{"type":"Feature","properties":{"id":"b2468a850d67","name":"臺北市立至善國民中學","level":"國中","basis":"both","data_ym":"202006"},"geometry":{"type":"Polygon","coordinates":[[[121.554365,25.1032],[121.55531,25.103573],[121.555881,25.103826],[121.556331,25.104051],[121.556759,25.104307],[121.557,25.104464],[121.557123,25.104631],[121.557116,25.104633],[121.557432,25.104609],[121.557461,25.104578],[121.557335,25.104089],[121.557279,25.10397],[121.557212,25.103853],[121.55707,25.103661],[121.556934,25.103454],[121.556791,25.103285],[121.556686,25.103211],[121.556552,25.103088],[121.556419,25.102929],[121.556371,25.102881],[121.556296,25.102851],[121.555791,25.10284],[121.555534,25.102948],[121.555331,25.102992],[121.555073,25.10303],[121.554342,25.103119],[121.554316,25.103182],[121.554366,25.103196],[121.554365,25.1032]]]}},{"type":"Feature","properties":{"id":"6abafd019e33","name":"臺北市立西松高級中學","level":"高中職","basis":"both","data_ym":"202006"},"geometry":{"type":"Polygon","coordinates":[[[121.567146,25.054976],[121.565657,25.054856],[121.565589,25.055807],[121.567062,25.055903],[121.567146,25.054976]]]}},{"type":"Feature","properties":{"id":"7ab3f88aa3d0","name":"臺北市立西湖實驗國民中學","level":"國中","basis":"both","data_ym":"202311"},"geometry":{"type":"Polygon","coordinates":[[[121.56685,25.084631],[121.565706,25.084689],[121.565686,25.084706],[121.565668,25.086248],[121.565678,25.08626],[121.566842,25.086274],[121.566852,25.086269],[121.566856,25.086217],[121.566867,25.085144],[121.566862,25.084665],[121.56686,25.084641],[121.56685,25.084631]]]}},{"type":"Feature","properties":{"id":"0d5beec7b840","name":"臺北市立育成高級中學","level":"高中職","basis":"both","data_ym":"202006"},"geometry":{"type":"Polygon","coordinates":[[[121.6099,25.057713],[121.608548,25.057451],[121.608309,25.058368],[121.609745,25.058947],[121.609789,25.058633],[121.6099,25.057713]]]}},{"type":"Feature","properties":{"id":"204bd4500d24","name":"臺北市立和平高級中學","level":"高中職","basis":"both","data_ym":"202509"},"geometry":{"type":"Polygon","coordinates":[[[121.549804,25.019144],[121.549008,25.018344],[121.549079,25.018283],[121.548822,25.018049],[121.548802,25.017989],[121.548832,25.017955],[121.548654,25.017811],[121.548536,25.017908],[121.547774,25.018619],[121.547705,25.018686],[121.547712,25.018692],[121.547169,25.019198],[121.547184,25.019296],[121.547545,25.019595],[121.547966,25.01997],[121.54803,25.020036],[121.54835,25.020336],[121.548377,25.020345],[121.548398,25.020337],[121.549233,25.019618],[121.549804,25.019144]]]}},{"type":"Feature","properties":{"id":"7613b1d76a6c","name":"臺北市立忠孝國民中學","level":"國中","basis":"both","data_ym":"202311"},"geometry":{"type":"Polygon","coordinates":[[[121.508318,25.051339],[121.508263,25.051145],[121.508247,25.051149],[121.508128,25.050763],[121.508094,25.050735],[121.507097,25.050882],[121.507227,25.051365],[121.507419,25.052257],[121.508064,25.052005],[121.508442,25.051867],[121.508301,25.051343],[121.508318,25.051339]]]}},{"type":"Feature","properties":{"id":"f416e8e2e12b","name":"臺北市立明倫高級中學","level":"高中職","basis":"both","data_ym":"202006"},"geometry":{"type":"Polygon","coordinates":[[[121.51849,25.075759],[121.518588,25.076038],[121.518631,25.076024],[121.518713,25.076277],[121.518821,25.076248],[121.519039,25.076827],[121.520329,25.076523],[121.520334,25.076432],[121.520012,25.075441],[121.519904,25.07538],[121.51849,25.075759]]]}},{"type":"Feature","properties":{"id":"b43e47ada8ea","name":"臺北市立明湖國民中學","level":"國中","basis":"both","data_ym":"202006"},"geometry":{"type":"Polygon","coordinates":[[[121.610299,25.069281],[121.610276,25.069261],[121.610262,25.069262],[121.609495,25.069805],[121.610315,25.070942],[121.611122,25.070377],[121.610299,25.069281]]]}},{"type":"Feature","properties":{"id":"04113ba0e870","name":"臺北市立明德國民中學","level":"國中","basis":"both","data_ym":"202006"},"geometry":{"type":"Polygon","coordinates":[[[121.519602,25.10753],[121.51895,25.10696],[121.51878,25.107041],[121.518793,25.107063],[121.518428,25.10724],[121.518071,25.107421],[121.518112,25.107458],[121.518471,25.107863],[121.518566,25.108026],[121.518616,25.108204],[121.518814,25.108679],[121.518852,25.108743],[121.518886,25.108788],[121.518915,25.108816],[121.518959,25.108845],[121.519002,25.108867],[121.519065,25.108885],[121.519805,25.107818],[121.519819,25.107781],[121.519825,25.107738],[121.519602,25.10753]]]}},{"type":"Feature","properties":{"id":"d01e8af40482","name":"臺北市立東湖國民中學","level":"國中","basis":"both","data_ym":"202310"},"geometry":{"type":"Polygon","coordinates":[[[121.620886,25.072205],[121.621025,25.071849],[121.619425,25.071941],[121.619405,25.071948],[121.619443,25.072186],[121.61947,25.072184],[121.619475,25.072468],[121.619533,25.072924],[121.619598,25.07327],[121.620132,25.073232],[121.620413,25.073218],[121.620771,25.07228],[121.620783,25.072258],[121.620886,25.072205]]]}},{"type":"Feature","properties":{"id":"4edf34dfec8e","name":"臺北市立松山高級工農職業學校","level":"高中職","basis":"name","data_ym":"202310"},"geometry":{"type":"Polygon","coordinates":[[[121.573944,25.038995],[121.572728,25.039008],[121.572505,25.039014],[121.572505,25.039038],[121.572029,25.03904],[121.572041,25.040001],[121.572055,25.040345],[121.573708,25.040295],[121.573699,25.03993],[121.573724,25.03993],[121.573723,25.039925],[121.573975,25.039918],[121.573944,25.038995]]]}},{"type":"Feature","properties":{"id":"d4dbad024771","name":"臺北市立松山高級工農職業學校園藝科實習農場","level":"其他","basis":"none","data_ym":"202006"},"geometry":{"type":"Polygon","coordinates":[[[121.57365,25.019073],[121.573766,25.019069],[121.573752,25.019066],[121.573697,25.018868],[121.573672,25.018836],[121.573636,25.018821],[121.57352,25.018831],[121.573413,25.018793],[121.573351,25.018754],[121.573327,25.018698],[121.573319,25.018585],[121.573233,25.0185],[121.573226,25.018406],[121.573193,25.018341],[121.57309,25.018297],[121.572737,25.018213],[121.572679,25.018333],[121.572534,25.01829],[121.572507,25.01842],[121.572508,25.018429],[121.572516,25.018437],[121.572625,25.018465],[121.572701,25.018518],[121.572762,25.018575],[121.572826,25.018684],[121.572865,25.018765],[121.572907,25.01887],[121.572982,25.019095],[121.573023,25.01918],[121.573087,25.019267],[121.573135,25.019317],[121.573177,25.019351],[121.573263,25.019403],[121.573349,25.01944],[121.57337,25.019446],[121.573476,25.019457],[121.573508,25.019456],[121.573519,25.019452],[121.573525,25.019445],[121.573533,25.019401],[121.573558,25.019194],[121.573574,25.019133],[121.573599,25.019094],[121.573615,25.019082],[121.57365,25.019073]]]}},{"type":"Feature","properties":{"id":"b135b4a6f431","name":"臺北市立松山高級中學","level":"高中職","basis":"both","data_ym":"202006"},"geometry":{"type":"Polygon","coordinates":[[[121.565382,25.043135],[121.565355,25.043124],[121.565301,25.04314],[121.564989,25.043297],[121.564358,25.043317],[121.563724,25.043321],[121.563741,25.044033],[121.563756,25.044168],[121.56575,25.044937],[121.565834,25.044512],[121.565914,25.044133],[121.565965,25.04411],[121.565763,25.043784],[121.565416,25.043202],[121.565382,25.043135]]]}},{"type":"Feature","properties":{"id":"17e75fa03424","name":"臺北市立松山高級家事商業職業學校","level":"高中職","basis":"name","data_ym":"202006"},"geometry":{"type":"Polygon","coordinates":[[[121.581402,25.03641],[121.581359,25.03615],[121.581149,25.034994],[121.58114,25.034387],[121.581137,25.03435],[121.58112,25.034332],[121.581108,25.034326],[121.580476,25.034296],[121.580356,25.034293],[121.580347,25.034297],[121.580326,25.034356],[121.580132,25.034777],[121.579942,25.035228],[121.579889,25.035337],[121.579834,25.035402],[121.579718,25.035482],[121.579643,25.035521],[121.579522,25.035543],[121.57933,25.035552],[121.57904,25.035598],[121.57903,25.035713],[121.579055,25.035794],[121.579084,25.035802],[121.579128,25.035961],[121.579165,25.03604],[121.579252,25.036122],[121.579548,25.036239],[121.57999,25.036398],[121.580017,25.036337],[121.580003,25.036332],[121.580026,25.036281],[121.58004,25.036286],[121.580074,25.036208],[121.580403,25.036218],[121.580394,25.036314],[121.58051,25.036366],[121.581402,25.03641]]]}},{"type":"Feature","properties":{"id":"618d75c037b1","name":"臺北市立芳和實驗國民中學","level":"國中","basis":"name","data_ym":"202509"},"geometry":{"type":"Polygon","coordinates":[[[121.548654,25.017811],[121.548832,25.017955],[121.548802,25.017989],[121.548822,25.018049],[121.549079,25.018283],[121.549008,25.018344],[121.549804,25.019144],[121.550266,25.01876],[121.550768,25.018353],[121.550778,25.018321],[121.550756,25.018292],[121.550726,25.018284],[121.550181,25.018175],[121.550122,25.018119],[121.550102,25.018114],[121.550056,25.018153],[121.549911,25.018119],[121.54982,25.018083],[121.549752,25.018051],[121.549698,25.018016],[121.549617,25.017951],[121.549529,25.017863],[121.549454,25.017767],[121.549376,25.017655],[121.549165,25.017342],[121.549146,25.017334],[121.548654,25.017811]]]}},{"type":"Feature","properties":{"id":"507f945c9573","name":"臺北市立金華國民中學","level":"國中","basis":"both","data_ym":"202006"},"geometry":{"type":"Polygon","coordinates":[[[121.531614,25.030088],[121.531595,25.030088],[121.531565,25.03011],[121.531127,25.031258],[121.531134,25.031289],[121.531199,25.03131],[121.532055,25.031537],[121.533002,25.031794],[121.533064,25.031642],[121.533263,25.031062],[121.533438,25.030615],[121.531614,25.030088]]]}},{"type":"Feature","properties":{"id":"3973353bf50e","name":"臺北市立長安國民中學","level":"國中","basis":"both","data_ym":"202006"},"geometry":{"type":"Polygon","coordinates":[[[121.531995,25.050191],[121.531995,25.050147],[121.531988,25.050147],[121.531979,25.049481],[121.531952,25.049482],[121.531951,25.049362],[121.531984,25.049361],[121.531983,25.049301],[121.531976,25.049302],[121.531973,25.04906],[121.531949,25.049039],[121.531949,25.049029],[121.53149,25.049031],[121.530614,25.049046],[121.530167,25.049047],[121.530183,25.049798],[121.530205,25.050417],[121.531931,25.050407],[121.531957,25.050377],[121.531956,25.050192],[121.531995,25.050191]]]}},{"type":"Feature","properties":{"id":"3d7f201469ee","name":"臺北市立信義國民中學","level":"國中","basis":"both","data_ym":"202006"},"geometry":{"type":"Polygon","coordinates":[[[121.568128,25.028609],[121.566804,25.028609],[121.566555,25.029123],[121.56631,25.029591],[121.566432,25.030385],[121.568117,25.030336],[121.568128,25.028609]]]}},{"type":"Feature","properties":{"id":"c49eaceb2e78","name":"臺北市立南門國民中學","level":"國中","basis":"both","data_ym":"202006"},"geometry":{"type":"Polygon","coordinates":[[[121.509561,25.033247],[121.508316,25.033348],[121.50836,25.034763],[121.508589,25.03475],[121.508594,25.034844],[121.509326,25.034811],[121.509331,25.034951],[121.509408,25.034946],[121.509412,25.035068],[121.509422,25.035162],[121.509807,25.035055],[121.509688,25.034632],[121.509663,25.034318],[121.509603,25.033735],[121.509594,25.033576],[121.509591,25.033576],[121.509561,25.033247]]]}},{"type":"Feature","properties":{"id":"6ec0d7dadf7d","name":"臺北市立南港高級工業職業學校","level":"高中職","basis":"name","data_ym":"202310"},"geometry":{"type":"Polygon","coordinates":[[[121.6099,25.057713],[121.610125,25.055944],[121.61021,25.055094],[121.608064,25.054709],[121.607629,25.054636],[121.607612,25.054642],[121.607595,25.054667],[121.607583,25.054698],[121.607524,25.054956],[121.607472,25.054945],[121.607448,25.055046],[121.607501,25.055055],[121.607225,25.056257],[121.607183,25.056254],[121.607171,25.056246],[121.607137,25.056394],[121.607194,25.056395],[121.607097,25.056815],[121.607085,25.056813],[121.607039,25.057034],[121.607046,25.057035],[121.606824,25.058004],[121.607669,25.05817],[121.607871,25.058215],[121.608064,25.058266],[121.608309,25.058368],[121.608548,25.057451],[121.6099,25.057713]]]}},{"type":"Feature","properties":{"id":"69d64f2ef5bb","name":"臺北市立南港高級中學","level":"高中職","basis":"both","data_ym":"202006"},"geometry":{"type":"Polygon","coordinates":[[[121.592763,25.052996],[121.593362,25.053071],[121.594059,25.05318],[121.594067,25.053184],[121.594686,25.053284],[121.594857,25.053307],[121.595068,25.052454],[121.595286,25.051545],[121.594713,25.051452],[121.594057,25.051357],[121.593584,25.052656],[121.593147,25.052513],[121.592827,25.0529],[121.592763,25.052996]]]}},{"type":"Feature","properties":{"id":"e09bcc1abb54","name":"臺北市立南湖高級中學","level":"高中職","basis":"both","data_ym":"202310"},"geometry":{"type":"Polygon","coordinates":[[[121.610018,25.067173],[121.610903,25.067109],[121.611235,25.06711],[121.611245,25.067096],[121.610976,25.066565],[121.610796,25.066005],[121.610785,25.066011],[121.610571,25.065984],[121.61056,25.06601],[121.609641,25.065801],[121.60937,25.065889],[121.609141,25.065659],[121.608753,25.065388],[121.608534,25.065369],[121.608709,25.065661],[121.608725,25.065707],[121.608724,25.065734],[121.608596,25.066422],[121.608419,25.066482],[121.608853,25.066699],[121.60914,25.066834],[121.609685,25.067101],[121.609838,25.067157],[121.610018,25.067173]]]}},{"type":"Feature","properties":{"id":"7944980c4341","name":"臺北市立建成國民中學","level":"國中","basis":"both","data_ym":"202006"},"geometry":{"type":"Polygon","coordinates":[[[121.518734,25.052094],[121.519356,25.051951],[121.520009,25.051789],[121.519725,25.050723],[121.518649,25.050984],[121.518598,25.050986],[121.518446,25.051019],[121.518604,25.051588],[121.518591,25.051591],[121.518734,25.052094]]]}},{"type":"Feature","properties":{"id":"581a3fc680d2","name":"臺北市立建國高級中學","level":"高中職","basis":"both","data_ym":"202509"},"geometry":{"type":"Polygon","coordinates":[[[121.510941,25.029806],[121.511164,25.029891],[121.511113,25.030052],[121.511451,25.030138],[121.511414,25.030275],[121.511451,25.030317],[121.511403,25.030516],[121.511521,25.030547],[121.511382,25.03102],[121.512127,25.031209],[121.512115,25.031249],[121.512232,25.031279],[121.512241,25.031252],[121.51297,25.031444],[121.513018,25.031307],[121.513075,25.031318],[121.513119,25.031197],[121.51364,25.03132],[121.513982,25.030028],[121.513673,25.029936],[121.513569,25.029909],[121.513619,25.029711],[121.514048,25.029807],[121.514089,25.029638],[121.514081,25.029627],[121.513768,25.02955],[121.512236,25.029215],[121.512184,25.029372],[121.512095,25.029472],[121.51206,25.029591],[121.511797,25.029526],[121.51181,25.02949],[121.511826,25.029357],[121.510941,25.029806]]]}},{"type":"Feature","properties":{"id":"a1628cd4f4c0","name":"臺北市立重慶國民中學","level":"國中","basis":"both","data_ym":"202006"},"geometry":{"type":"Polygon","coordinates":[[[121.519039,25.076827],[121.518821,25.076248],[121.518713,25.076277],[121.518631,25.076024],[121.518588,25.076038],[121.518495,25.075775],[121.517368,25.076076],[121.517356,25.076109],[121.517589,25.076775],[121.517622,25.076812],[121.517685,25.076864],[121.51786,25.077024],[121.517874,25.077041],[121.518796,25.076875],[121.519039,25.076827]]]}},{"type":"Feature","properties":{"id":"8b83d3a17976","name":"臺北市立格致國民中學","level":"國中","basis":"both","data_ym":"202311"},"geometry":{"type":"Polygon","coordinates":[[[121.546895,25.130935],[121.545576,25.130305],[121.545555,25.130367],[121.545459,25.130349],[121.545453,25.130378],[121.545331,25.130363],[121.545323,25.130408],[121.545236,25.130417],[121.545194,25.130445],[121.545133,25.130503],[121.545079,25.130593],[121.545005,25.130744],[121.544928,25.130878],[121.54469,25.131229],[121.544663,25.131275],[121.544627,25.131369],[121.545462,25.131768],[121.546409,25.132182],[121.54667,25.131494],[121.546895,25.130935]]]}},{"type":"Feature","properties":{"id":"e817268f099d","name":"臺北市立桃源國民中學","level":"國中","basis":"both","data_ym":"202006"},"geometry":{"type":"Polygon","coordinates":[[[121.477499,25.135512],[121.4778,25.134969],[121.477542,25.134777],[121.477527,25.134772],[121.477418,25.13477],[121.477399,25.134778],[121.477365,25.134808],[121.477331,25.134789],[121.477371,25.134736],[121.477306,25.134696],[121.477296,25.134709],[121.477233,25.134661],[121.47716,25.134575],[121.477149,25.134546],[121.476983,25.134426],[121.476842,25.134621],[121.476769,25.134705],[121.476658,25.134817],[121.476401,25.135213],[121.476185,25.135369],[121.47574,25.135624],[121.475327,25.135965],[121.475391,25.136129],[121.475669,25.136422],[121.475968,25.136668],[121.476212,25.136675],[121.476501,25.136617],[121.476613,25.136543],[121.47675,25.136363],[121.477124,25.135947],[121.477327,25.135743],[121.477499,25.135512]]]}},{"type":"Feature","properties":{"id":"bc0fac39648a","name":"臺北市立啟明學校","level":"特殊","basis":"both","data_ym":"202509"},"geometry":{"type":"Polygon","coordinates":[[[121.535713,25.11774],[121.535709,25.116535],[121.534399,25.116554],[121.534393,25.116557],[121.534515,25.116793],[121.534604,25.116991],[121.534748,25.117349],[121.534783,25.117475],[121.534831,25.117469],[121.534879,25.11772],[121.535713,25.11774]]]}},{"type":"Feature","properties":{"id":"d05cc198232c","name":"臺北市立啟聰學校","level":"特殊","basis":"both","data_ym":"202006"},"geometry":{"type":"Polygon","coordinates":[[[121.511956,25.075337],[121.512549,25.075262],[121.51255,25.07524],[121.51259,25.075242],[121.512589,25.075257],[121.512682,25.075246],[121.512682,25.075242],[121.512796,25.075233],[121.512979,25.075229],[121.51312,25.07524],[121.513194,25.075211],[121.513653,25.075202],[121.513646,25.074406],[121.512943,25.074424],[121.51294,25.074134],[121.511986,25.074154],[121.511979,25.074159],[121.511979,25.074184],[121.511657,25.07419],[121.511629,25.074195],[121.511622,25.0742],[121.511872,25.075316],[121.511948,25.075302],[121.511956,25.075337]]]}},{"type":"Feature","properties":{"id":"65759923bda5","name":"臺北市立第一女子高級中學","level":"高中職","basis":"name","data_ym":"202006"},"geometry":{"type":"Polygon","coordinates":[[[121.513769,25.037186],[121.512795,25.037258],[121.512943,25.038598],[121.513011,25.038658],[121.513065,25.03866],[121.515066,25.038481],[121.515096,25.038459],[121.514988,25.038044],[121.51497,25.03781],[121.514322,25.037783],[121.514284,25.037786],[121.513827,25.037771],[121.513821,25.037735],[121.513785,25.037703],[121.513769,25.037186]]]}},{"type":"Feature","properties":{"id":"4835f9fc4768","name":"臺北市立復興高級中學","level":"高中職","basis":"both","data_ym":"202006"},"geometry":{"type":"Polygon","coordinates":[[[121.503277,25.14374],[121.503141,25.143455],[121.50308,25.143414],[121.503057,25.143412],[121.503036,25.143417],[121.502952,25.143446],[121.502923,25.143398],[121.503028,25.143347],[121.502976,25.143242],[121.50295,25.143153],[121.502933,25.143066],[121.502932,25.143013],[121.50296,25.142934],[121.502993,25.142797],[121.503014,25.142665],[121.503017,25.142606],[121.50301,25.142534],[121.502999,25.142486],[121.502971,25.14241],[121.50295,25.142369],[121.502713,25.141993],[121.502691,25.141989],[121.502659,25.14199],[121.502377,25.142073],[121.502357,25.141996],[121.501918,25.142134],[121.501314,25.142385],[121.501325,25.142449],[121.501341,25.142479],[121.500901,25.142704],[121.500891,25.142713],[121.500888,25.142733],[121.500894,25.14276],[121.500957,25.142847],[121.501018,25.142942],[121.50105,25.143007],[121.501107,25.143079],[121.501297,25.143272],[121.501352,25.143339],[121.501477,25.14351],[121.501531,25.143491],[121.501648,25.143626],[121.501883,25.143882],[121.501993,25.143991],[121.502247,25.144229],[121.502411,25.144365],[121.502472,25.144405],[121.502512,25.144412],[121.502542,25.144404],[121.502898,25.144239],[121.502906,25.144233],[121.502915,25.144208],[121.503033,25.144161],[121.503216,25.144076],[121.503266,25.14404],[121.503291,25.143978],[121.503306,25.143877],[121.503303,25.143845],[121.503293,25.143786],[121.503277,25.14374]]]}},{"type":"Feature","properties":{"id":"16661bed4bc3","name":"臺北市立敦化國民中學","level":"國中","basis":"both","data_ym":"202006"},"geometry":{"type":"Polygon","coordinates":[[[121.546703,25.051603],[121.546861,25.051604],[121.54746,25.051591],[121.54741,25.050219],[121.545763,25.050261],[121.545802,25.051623],[121.546703,25.051603]]]}},{"type":"Feature","properties":{"id":"d7748170379f","name":"臺北市立景美女子高級中學","level":"高中職","basis":"name","data_ym":"202006"},"geometry":{"type":"Polygon","coordinates":[[[121.554295,24.982762],[121.554393,24.982958],[121.554438,24.982956],[121.554469,24.983131],[121.554889,24.983112],[121.555264,24.983121],[121.555379,24.983128],[121.555586,24.983144],[121.555894,24.983185],[121.556279,24.983251],[121.55634,24.983079],[121.556299,24.98307],[121.556919,24.981315],[121.556938,24.981323],[121.556956,24.981271],[121.556938,24.981266],[121.557055,24.980946],[121.557046,24.980909],[121.555714,24.980553],[121.555682,24.980645],[121.555457,24.980613],[121.555355,24.980857],[121.555371,24.980863],[121.555331,24.981071],[121.555312,24.981275],[121.555302,24.981434],[121.555284,24.98244],[121.555237,24.982444],[121.555235,24.982594],[121.555193,24.982617],[121.555135,24.982631],[121.55449,24.982691],[121.554371,24.982717],[121.554376,24.982743],[121.554295,24.982762]]]}},{"type":"Feature","properties":{"id":"8008e26c200a","name":"臺北市立景美國民中學","level":"國中","basis":"both","data_ym":"202006"},"geometry":{"type":"Polygon","coordinates":[[[121.543552,24.993295],[121.543391,24.992985],[121.543322,24.992889],[121.54303,24.992954],[121.54286,24.992975],[121.542645,24.992995],[121.542574,24.992997],[121.542447,24.992993],[121.542437,24.99351],[121.542423,24.993957],[121.54242,24.994427],[121.543686,24.994497],[121.543721,24.994488],[121.543698,24.993953],[121.543683,24.993798],[121.543646,24.99361],[121.543608,24.993444],[121.543552,24.993295]]]}},{"type":"Feature","properties":{"id":"7dd4b5a9773d","name":"臺北市立景興國民中學","level":"國中","basis":"both","data_ym":"202006"},"geometry":{"type":"Polygon","coordinates":[[[121.544549,24.996195],[121.542952,24.996112],[121.542927,24.996128],[121.542895,24.996841],[121.542912,24.996863],[121.54457,24.996917],[121.544569,24.996463],[121.544563,24.996209],[121.544549,24.996195]]]}},{"type":"Feature","properties":{"id":"e65ec6ab1c29","name":"臺北市立華江高級中學","level":"高中職","basis":"both","data_ym":"202310"},"geometry":{"type":"Polygon","coordinates":[[[121.498187,25.029155],[121.497845,25.02716],[121.497749,25.027232],[121.497486,25.027275],[121.495886,25.027567],[121.496113,25.028605],[121.496182,25.028632],[121.496169,25.028659],[121.496221,25.028625],[121.496258,25.028657],[121.496305,25.028722],[121.496342,25.028792],[121.496385,25.028838],[121.496472,25.028886],[121.496479,25.028929],[121.496531,25.028922],[121.497233,25.029085],[121.497385,25.029109],[121.498187,25.029155]]]}},{"type":"Feature","properties":{"id":"e3885276736d","name":"臺北市立陽明高級中學","level":"高中職","basis":"both","data_ym":"202006"},"geometry":{"type":"Polygon","coordinates":[[[121.516964,25.091702],[121.516795,25.09168],[121.516661,25.09168],[121.516604,25.091685],[121.516508,25.091708],[121.516327,25.091782],[121.51622,25.091849],[121.516072,25.091996],[121.516035,25.092042],[121.515992,25.092101],[121.515909,25.09226],[121.515566,25.093106],[121.515494,25.093332],[121.515645,25.093373],[121.515617,25.093471],[121.516329,25.093465],[121.516332,25.09366],[121.516341,25.093674],[121.51636,25.093684],[121.517408,25.093739],[121.517538,25.093601],[121.51779,25.093299],[121.518368,25.092589],[121.517485,25.091996],[121.517208,25.091976],[121.517203,25.091803],[121.516964,25.091702]]]}},{"type":"Feature","properties":{"id":"d1212ffc7f44","name":"臺北市立新民國民中學","level":"國中","basis":"both","data_ym":"202510"},"geometry":{"type":"Polygon","coordinates":[[[121.507791,25.13729],[121.507608,25.137398],[121.507383,25.137656],[121.50694,25.137601],[121.506802,25.137577],[121.506804,25.137489],[121.506562,25.137435],[121.50656,25.137449],[121.506542,25.137473],[121.50651,25.137618],[121.50643,25.137617],[121.506424,25.137765],[121.506296,25.138015],[121.506153,25.138262],[121.506123,25.13846],[121.506157,25.138762],[121.506253,25.138807],[121.506517,25.13897],[121.506816,25.139134],[121.50696,25.139199],[121.507066,25.13924],[121.507275,25.139312],[121.507298,25.139314],[121.50732,25.13931],[121.507341,25.1393],[121.507349,25.13929],[121.507358,25.139264],[121.50753,25.138179],[121.507612,25.138189],[121.507624,25.138189],[121.507629,25.138184],[121.508286,25.138248],[121.508718,25.138283],[121.508803,25.138298],[121.509025,25.138354],[121.509197,25.138406],[121.509229,25.13841],[121.509413,25.138413],[121.509521,25.137888],[121.509254,25.137796],[121.509086,25.137691],[121.508643,25.137533],[121.508063,25.137333],[121.507791,25.13729]]]}},{"type":"Feature","properties":{"id":"f227f133850e","name":"臺北市立新興國民中學","level":"國中","basis":"both","data_ym":"202511"},"geometry":{"type":"Polygon","coordinates":[[[121.527054,25.062426],[121.527241,25.062421],[121.527242,25.062431],[121.527275,25.062432],[121.527297,25.062411],[121.527268,25.061686],[121.527266,25.06147],[121.527216,25.061472],[121.527215,25.06141],[121.525743,25.061461],[121.525762,25.062325],[121.525824,25.062324],[121.525826,25.06245],[121.526329,25.062432],[121.527054,25.062426]]]}},{"type":"Feature","properties":{"id":"533951ae30e1","name":"臺北市立萬芳高級中學","level":"高中職","basis":"both","data_ym":"202509"},"geometry":{"type":"Polygon","coordinates":[[[121.560046,25.002118],[121.560169,25.001765],[121.560226,25.001449],[121.560209,25.001125],[121.559654,25.000489],[121.55901,25.000555],[121.558974,25.000285],[121.558848,25.000295],[121.558733,25.000343],[121.558633,25.000424],[121.558708,25.000501],[121.558043,25.001106],[121.558305,25.001364],[121.558386,25.001292],[121.558506,25.001437],[121.558553,25.001541],[121.558595,25.001651],[121.558786,25.002073],[121.558947,25.002318],[121.559902,25.002587],[121.560065,25.002391],[121.560046,25.002118]]]}},{"type":"Feature","properties":{"id":"2cdf0b19f987","name":"臺北市立萬華國民中學","level":"國中","basis":"both","data_ym":"202006"},"geometry":{"type":"Polygon","coordinates":[[[121.499721,25.027249],[121.498421,25.027468],[121.498374,25.027238],[121.497874,25.027331],[121.498187,25.029155],[121.499773,25.029203],[121.499721,25.027249]]]}},{"type":"Feature","properties":{"id":"581c254a2bd8","name":"臺北市立誠正國民中學","level":"國中","basis":"both","data_ym":"202006"},"geometry":{"type":"Polygon","coordinates":[[[121.619791,25.053634],[121.617921,25.052488],[121.617933,25.052625],[121.618017,25.053222],[121.61811,25.053955],[121.618223,25.054009],[121.61825,25.054284],[121.618896,25.054301],[121.620419,25.054355],[121.620505,25.054284],[121.620522,25.054263],[121.620524,25.054214],[121.620456,25.054105],[121.620395,25.054038],[121.620299,25.053949],[121.620049,25.053786],[121.619791,25.053634]]]}},{"type":"Feature","properties":{"id":"4ca26da6e512","name":"臺北市立實踐國民中學","level":"國中","basis":"both","data_ym":"202006"},"geometry":{"type":"Polygon","coordinates":[[[121.556386,24.984322],[121.556417,24.984226],[121.556561,24.984265],[121.556754,24.983687],[121.556786,24.983582],[121.556634,24.983533],[121.556644,24.983511],[121.556469,24.98345],[121.55646,24.983474],[121.556345,24.983436],[121.556355,24.98341],[121.556192,24.983362],[121.556019,24.98332],[121.555583,24.98326],[121.555344,24.983237],[121.554844,24.983223],[121.554488,24.983238],[121.554403,24.983246],[121.554378,24.983266],[121.554349,24.983331],[121.554336,24.983327],[121.554377,24.983498],[121.554361,24.983512],[121.554225,24.983545],[121.554258,24.983679],[121.55429,24.983697],[121.554463,24.983685],[121.554535,24.983686],[121.55458,24.983691],[121.554673,24.98371],[121.554767,24.983733],[121.555618,24.984084],[121.556386,24.984322]]]}},{"type":"Feature","properties":{"id":"f1e6b1a3b518","name":"臺北市立實踐國民中學1","level":"國中","basis":"both","data_ym":"202006"},"geometry":{"type":"Polygon","coordinates":[[[121.55447,24.983139],[121.554438,24.982956],[121.554393,24.982958],[121.554295,24.982762],[121.554263,24.982757],[121.554235,24.982732],[121.554188,24.982652],[121.554171,24.982602],[121.554157,24.982543],[121.553973,24.982568],[121.554127,24.983165],[121.55447,24.983139]]]}},{"type":"Feature","properties":{"id":"dd0aee56cc92","name":"臺北市立瑠公國民中學","level":"國中","basis":"both","data_ym":"202310"},"geometry":{"type":"Polygon","coordinates":[[[121.586326,25.036615],[121.586114,25.036225],[121.585301,25.036319],[121.585295,25.036363],[121.585323,25.036624],[121.585337,25.03671],[121.585199,25.037798],[121.585561,25.037793],[121.585604,25.037788],[121.585788,25.037733],[121.586036,25.037634],[121.586083,25.037603],[121.586175,25.037524],[121.586312,25.037488],[121.586756,25.037245],[121.586779,25.037222],[121.586796,25.037201],[121.58682,25.037147],[121.586833,25.037103],[121.586835,25.037027],[121.58685,25.036967],[121.586883,25.036886],[121.586708,25.036735],[121.586645,25.036691],[121.586326,25.036615]]]}},{"type":"Feature","properties":{"id":"fd10ca48befa","name":"臺北市立福安國民中學","level":"國中","basis":"both","data_ym":"202006"},"geometry":{"type":"Polygon","coordinates":[[[121.48961,25.1029],[121.488887,25.102088],[121.487267,25.103442],[121.487263,25.10349],[121.4877,25.10408],[121.48827,25.10372],[121.488893,25.103343],[121.489427,25.103027],[121.48961,25.1029]]]}},{"type":"Feature","properties":{"id":"823a5cb2efac","name":"臺北市立臺北特殊教育學校","level":"特殊","basis":"both","data_ym":"202006"},"geometry":{"type":"Polygon","coordinates":[[[121.536722,25.116525],[121.535709,25.116535],[121.535714,25.117712],[121.535928,25.117711],[121.536725,25.117726],[121.536722,25.116525]]]}},{"type":"Feature","properties":{"id":"34a120841d42","name":"臺北市立興雅國民中學","level":"國中","basis":"both","data_ym":"202006"},"geometry":{"type":"Polygon","coordinates":[[[121.572926,25.036485],[121.572894,25.035487],[121.572893,25.034809],[121.571857,25.034831],[121.571544,25.034841],[121.571572,25.036502],[121.571827,25.036497],[121.571827,25.036511],[121.572926,25.036485]]]}},{"type":"Feature","properties":{"id":"ac0ccc854316","name":"臺北市立興福國民中學","level":"國中","basis":"both","data_ym":"202006"},"geometry":{"type":"Polygon","coordinates":[[[121.549872,25.004309],[121.549852,25.004312],[121.549839,25.00433],[121.54959,25.005421],[121.549593,25.005439],[121.549613,25.005453],[121.550735,25.005668],[121.550754,25.00567],[121.55077,25.005665],[121.550779,25.005652],[121.551027,25.004557],[121.551024,25.004539],[121.551004,25.004525],[121.549872,25.004309]]]}},{"type":"Feature","properties":{"id":"1ef7b1a2418a","name":"臺北市立螢橋國民中學","level":"國中","basis":"both","data_ym":"202006"},"geometry":{"type":"Polygon","coordinates":[[[121.525905,25.018275],[121.525197,25.017854],[121.525129,25.017949],[121.524885,25.018349],[121.524782,25.018438],[121.524685,25.018576],[121.526167,25.01946],[121.526725,25.018708],[121.526516,25.018573],[121.52642,25.018517],[121.526142,25.018369],[121.525996,25.018325],[121.525905,25.018275]]]}},{"type":"Feature","properties":{"id":"412d244f8fb6","name":"臺北市立龍山國民中學","level":"國中","basis":"both","data_ym":"202006"},"geometry":{"type":"Polygon","coordinates":[[[121.505571,25.034689],[121.505277,25.034464],[121.50525,25.034501],[121.505254,25.034504],[121.505161,25.034616],[121.504641,25.035298],[121.504462,25.035519],[121.504258,25.035744],[121.504919,25.03639],[121.504946,25.036404],[121.504986,25.036402],[121.505011,25.036391],[121.506178,25.036061],[121.506294,25.036033],[121.506308,25.036019],[121.506308,25.036005],[121.506149,25.035593],[121.506083,25.035436],[121.505933,25.035177],[121.505671,25.034808],[121.505653,25.034792],[121.505571,25.034689]]]}},{"type":"Feature","properties":{"id":"4b576c94d13f","name":"臺北市立龍門國民中學","level":"國中","basis":"both","data_ym":"202006"},"geometry":{"type":"Polygon","coordinates":[[[121.538267,25.024906],[121.538919,25.024816],[121.539569,25.024714],[121.539369,25.023331],[121.539275,25.023078],[121.53924,25.023026],[121.539182,25.022953],[121.538945,25.022684],[121.538829,25.022541],[121.53857,25.022899],[121.538151,25.022702],[121.538051,25.023003],[121.538024,25.02315],[121.538016,25.023331],[121.538035,25.024754],[121.538136,25.02478],[121.538211,25.024821],[121.538261,25.024865],[121.538267,25.024906]]]}},{"type":"Feature","properties":{"id":"fca1694e4671","name":"臺北市立濱江實驗國民中學","level":"國中","basis":"both","data_ym":"202111"},"geometry":{"type":"Polygon","coordinates":[[[121.561751,25.079763],[121.561718,25.078428],[121.560229,25.07846],[121.560233,25.079762],[121.560381,25.079775],[121.561206,25.079764],[121.561572,25.079751],[121.561614,25.079775],[121.56168,25.079828],[121.561735,25.079806],[121.561751,25.079763]]]}},{"type":"Feature","properties":{"id":"a414b919a1d3","name":"臺北市立雙園國民中學","level":"國中","basis":"both","data_ym":"202006"},"geometry":{"type":"Polygon","coordinates":[[[121.492817,25.027673],[121.491802,25.026812],[121.491771,25.026812],[121.491609,25.02699],[121.4916,25.026982],[121.491527,25.027054],[121.491511,25.02704],[121.491206,25.027343],[121.49122,25.027355],[121.491116,25.027457],[121.492154,25.028353],[121.492825,25.027728],[121.492829,25.027716],[121.492817,25.027673]]]}},{"type":"Feature","properties":{"id":"3400751839d4","name":"臺北市立懷生國民中學","level":"國中","basis":"both","data_ym":"202006"},"geometry":{"type":"Polygon","coordinates":[[[121.54121,25.039817],[121.540599,25.039817],[121.540603,25.040076],[121.540339,25.040085],[121.540339,25.040103],[121.5403,25.040104],[121.540314,25.040678],[121.541218,25.040675],[121.54121,25.039817]]]}},{"type":"Feature","properties":{"id":"2f929f759f90","name":"臺北市立懷生國民中學1","level":"國中","basis":"both","data_ym":"202006"},"geometry":{"type":"Polygon","coordinates":[[[121.541967,25.039502],[121.54194,25.03948],[121.54137,25.039485],[121.541348,25.039486],[121.541338,25.03949],[121.541349,25.040249],[121.541989,25.040242],[121.54197,25.039518],[121.541967,25.039502]]]}},{"type":"Feature","properties":{"id":"651142052a2c","name":"臺北市立關渡國民中學","level":"國中","basis":"both","data_ym":"202006"},"geometry":{"type":"Polygon","coordinates":[[[121.468476,25.120076],[121.468415,25.119532],[121.46839,25.119519],[121.46707,25.119631],[121.467057,25.119645],[121.467098,25.119798],[121.467124,25.119798],[121.467178,25.120206],[121.46845,25.120105],[121.468476,25.120076]]]}},{"type":"Feature","properties":{"id":"de319f465a7e","name":"臺北市立麗山高級中學","level":"高中職","basis":"both","data_ym":"202310"},"geometry":{"type":"Polygon","coordinates":[[[121.578382,25.084256],[121.578066,25.084071],[121.577913,25.084069],[121.577912,25.084081],[121.577884,25.084083],[121.577879,25.084091],[121.577765,25.084088],[121.577763,25.084034],[121.577717,25.084033],[121.577717,25.083997],[121.57767,25.083997],[121.577671,25.083956],[121.577599,25.08396],[121.577486,25.08398],[121.577311,25.084028],[121.576576,25.084361],[121.576819,25.084791],[121.57715,25.085359],[121.577257,25.08551],[121.577452,25.08585],[121.577468,25.085862],[121.577492,25.085867],[121.577458,25.085957],[121.577507,25.086087],[121.577518,25.086482],[121.577859,25.086533],[121.57823,25.086548],[121.578552,25.085742],[121.5789,25.08482],[121.579001,25.08462],[121.57865,25.0844],[121.578382,25.084256]]]}},{"type":"Feature","properties":{"id":"12377fcaf444","name":"臺北市立麗山國民中學","level":"國中","basis":"both","data_ym":"202310"},"geometry":{"type":"Polygon","coordinates":[[[121.574983,25.082439],[121.575071,25.082483],[121.575177,25.082518],[121.575259,25.082577],[121.575696,25.082748],[121.576736,25.082443],[121.576222,25.081711],[121.576059,25.081471],[121.576046,25.081469],[121.575902,25.081512],[121.574489,25.081894],[121.574602,25.082062],[121.574707,25.082172],[121.57496,25.082406],[121.574983,25.082439]]]}},{"type":"Feature","properties":{"id":"a151e9d788a3","name":"臺北市立蘭州國民中學","level":"國中","basis":"both","data_ym":"202006"},"geometry":{"type":"Polygon","coordinates":[[[121.517704,25.069208],[121.517682,25.069175],[121.516025,25.069213],[121.515999,25.06925],[121.515998,25.069271],[121.515995,25.070439],[121.517727,25.070399],[121.517713,25.069863],[121.517704,25.069208]]]}},{"type":"Feature","properties":{"id":"68e3271d39c1","name":"臺北市立蘭雅國民中學","level":"國中","basis":"both","data_ym":"202006"},"geometry":{"type":"Polygon","coordinates":[[[121.532835,25.110476],[121.532585,25.110409],[121.532381,25.110347],[121.530783,25.109773],[121.53095,25.111026],[121.532695,25.111265],[121.53284,25.110493],[121.532835,25.110476]]]}},{"type":"Feature","properties":{"id":"426289978f69","name":"臺北市私立大誠高級中學","level":"高中職","basis":"both","data_ym":"202509"},"geometry":{"type":"Polygon","coordinates":[[[121.57856,24.990828],[121.57855,24.990781],[121.578562,24.990683],[121.578591,24.990574],[121.578499,24.990547],[121.578458,24.99047],[121.578335,24.990312],[121.578314,24.99031],[121.578284,24.990315],[121.578247,24.990332],[121.578168,24.990378],[121.578118,24.990399],[121.577912,24.990469],[121.577861,24.990496],[121.57783,24.99052],[121.577811,24.99056],[121.577776,24.990777],[121.577475,24.990739],[121.57744,24.990738],[121.57735,24.99077],[121.577315,24.990769],[121.577256,24.99076],[121.577052,24.990691],[121.577032,24.990569],[121.576944,24.99057],[121.57694,24.990683],[121.576918,24.990681],[121.57691,24.99083],[121.577283,24.990857],[121.577474,24.990806],[121.577507,24.990826],[121.577609,24.990825],[121.577744,24.990861],[121.578015,24.990898],[121.578154,24.99099],[121.578132,24.991102],[121.578175,24.99113],[121.578244,24.991167],[121.578819,24.991309],[121.578912,24.99127],[121.578928,24.991247],[121.578946,24.99119],[121.578924,24.991089],[121.578878,24.990994],[121.57883,24.990948],[121.578609,24.99087],[121.57856,24.990828]]]}},{"type":"Feature","properties":{"id":"c7e81a605ce1","name":"臺北市私立中山國民小學","level":"國小","basis":"both","data_ym":"202508"},"geometry":{"type":"Polygon","coordinates":[[[121.556713,24.988168],[121.556706,24.988033],[121.556723,24.988033],[121.556722,24.988006],[121.556762,24.987995],[121.556807,24.987972],[121.556841,24.987958],[121.55691,24.987946],[121.556906,24.987794],[121.556792,24.987752],[121.556714,24.987755],[121.556651,24.987843],[121.556297,24.987733],[121.556249,24.987763],[121.556169,24.9881],[121.556148,24.988096],[121.556101,24.988286],[121.556652,24.988405],[121.556718,24.988169],[121.556713,24.988168]]]}},{"type":"Feature","properties":{"id":"75db8a7891a2","name":"臺北市私立文德女子高級中學","level":"高中職","basis":"name","data_ym":"202508"},"geometry":{"type":"Polygon","coordinates":[[[121.589514,25.078183],[121.589588,25.077876],[121.589678,25.077901],[121.589809,25.077485],[121.588424,25.077142],[121.58841,25.077728],[121.588809,25.077846],[121.588781,25.077937],[121.588931,25.078004],[121.588899,25.078036],[121.589514,25.078183]]]}},{"type":"Feature","properties":{"id":"9909f643bb29","name":"臺北市私立臺北歐洲學校太古歐洲學園中學部","level":"其他","basis":"none","data_ym":"202006"},"geometry":{"type":"Polygon","coordinates":[[[121.550019,25.136962],[121.549974,25.136894],[121.549911,25.13682],[121.549865,25.136774],[121.549773,25.136695],[121.549652,25.136618],[121.549447,25.13651],[121.549054,25.13664],[121.548978,25.136729],[121.548887,25.136729],[121.548836,25.136772],[121.548642,25.137014],[121.548681,25.137035],[121.549028,25.13696],[121.549136,25.136963],[121.549223,25.13697],[121.549717,25.137174],[121.549855,25.137222],[121.550044,25.137299],[121.550142,25.137334],[121.550151,25.137334],[121.550194,25.137309],[121.550206,25.1373],[121.550207,25.137295],[121.550019,25.136962]]]}},{"type":"Feature","properties":{"id":"54b890c0b23c","name":"臺北市私立幼華高級中學","level":"高中職","basis":"both","data_ym":"202006"},"geometry":{"type":"Polygon","coordinates":[[[121.496832,25.132556],[121.496878,25.132365],[121.496885,25.13228],[121.49674,25.132222],[121.496699,25.132292],[121.496349,25.132409],[121.496349,25.132453],[121.49631,25.132449],[121.496217,25.132494],[121.496144,25.132737],[121.496186,25.132816],[121.496166,25.132907],[121.496354,25.132982],[121.496135,25.13347],[121.496043,25.133509],[121.496323,25.134048],[121.49641,25.134191],[121.49675,25.13367],[121.497384,25.13272],[121.497075,25.132637],[121.496832,25.132556]]]}},{"type":"Feature","properties":{"id":"dfe2d5b57afe","name":"臺北市私立立人國際國民中小學","level":"國中","basis":"name","data_ym":"202508"},"geometry":{"type":"Polygon","coordinates":[[[121.5521,25.02978],[121.552279,25.029401],[121.552318,25.029345],[121.552293,25.029275],[121.552182,25.028914],[121.552119,25.028926],[121.552155,25.029082],[121.552067,25.029283],[121.551853,25.029232],[121.551637,25.029167],[121.551543,25.029107],[121.551405,25.029226],[121.551316,25.029314],[121.551571,25.029538],[121.552014,25.029947],[121.5521,25.02978]]]}},{"type":"Feature","properties":{"id":"d9d279db472f","name":"臺北市私立光仁國民小學","level":"國小","basis":"name","data_ym":"202508"},"geometry":{"type":"Polygon","coordinates":[[[121.499858,25.021311],[121.499822,25.02129],[121.499397,25.021385],[121.499258,25.021701],[121.499417,25.021772],[121.499404,25.021804],[121.499673,25.021923],[121.499845,25.021524],[121.499893,25.02143],[121.499858,25.021311]]]}},{"type":"Feature","properties":{"id":"7c7fb2ddcc4a","name":"臺北市私立再興高級中學","level":"高中職","basis":"both","data_ym":"202310"},"geometry":{"type":"Polygon","coordinates":[[[121.559008,24.990732],[121.559239,24.990409],[121.559299,24.990277],[121.559337,24.990181],[121.559104,24.990153],[121.558989,24.990117],[121.558922,24.990089],[121.558853,24.990024],[121.558801,24.989961],[121.558765,24.989892],[121.55874,24.989802],[121.558743,24.989637],[121.558845,24.989503],[121.558853,24.988901],[121.558839,24.988902],[121.558838,24.988862],[121.558854,24.988862],[121.558854,24.988859],[121.55852,24.988869],[121.558492,24.989663],[121.558042,24.989498],[121.557742,24.989395],[121.557706,24.989483],[121.557304,24.989346],[121.557232,24.989514],[121.557106,24.989477],[121.557123,24.989428],[121.556846,24.989355],[121.556751,24.989484],[121.556549,24.989605],[121.556399,24.990042],[121.556265,24.990405],[121.55657,24.990496],[121.556598,24.990434],[121.55664,24.990415],[121.557242,24.990447],[121.557316,24.990448],[121.557336,24.990502],[121.557567,24.99057],[121.557665,24.990628],[121.557772,24.990683],[121.557898,24.99076],[121.557892,24.990769],[121.557871,24.990766],[121.557741,24.990726],[121.557672,24.990715],[121.5575,24.990724],[121.557378,24.990723],[121.557275,24.990716],[121.557275,24.99072],[121.557105,24.990683],[121.55704,24.990683],[121.556766,24.990704],[121.556675,24.990699],[121.55661,24.990706],[121.556546,24.990723],[121.556561,24.990864],[121.557239,24.990851],[121.557245,24.990768],[121.557572,24.99077],[121.557567,24.990813],[121.558136,24.990859],[121.558148,24.990791],[121.557717,24.990587],[121.557568,24.990493],[121.557509,24.99045],[121.557559,24.990421],[121.558267,24.99064],[121.558843,24.990863],[121.558803,24.990964],[121.558844,24.990986],[121.558853,24.990987],[121.558899,24.990895],[121.559008,24.990732]]]}},{"type":"Feature","properties":{"id":"f3bed12d38ab","name":"臺北市私立志仁高級中學進修學校","level":"其他","basis":"none","data_ym":"202006"},"geometry":{"type":"Polygon","coordinates":[[[121.518901,25.052056],[121.518673,25.052108],[121.518727,25.052312],[121.518957,25.052259],[121.518901,25.052056]]]}},{"type":"Feature","properties":{"id":"88f2da14292e","name":"臺北市私立育達高級中等學校","level":"高中職","basis":"both","data_ym":"202310"},"geometry":{"type":"Polygon","coordinates":[[[121.554296,25.04926],[121.553665,25.049277],[121.553635,25.049297],[121.55365,25.049569],[121.55366,25.049896],[121.553671,25.049896],[121.553687,25.050416],[121.553693,25.050431],[121.553707,25.050445],[121.553721,25.05045],[121.553789,25.050449],[121.554622,25.050432],[121.554649,25.050393],[121.554652,25.050383],[121.554637,25.050227],[121.554447,25.049756],[121.554296,25.04926]]]}},{"type":"Feature","properties":{"id":"939909765f7d","name":"臺北市私立育達高級中等學校2","level":"高中職","basis":"both","data_ym":"202211"},"geometry":{"type":"Polygon","coordinates":[[[121.555555,25.050962],[121.555558,25.050609],[121.555188,25.050613],[121.555152,25.050647],[121.555155,25.050949],[121.555181,25.050968],[121.555555,25.050962]]]}},{"type":"Feature","properties":{"id":"297629c8cf7b","name":"臺北市私立育達高級中等學校附設國小","level":"國小","basis":"name","data_ym":"202508"},"geometry":{"type":"Polygon","coordinates":[[[121.555329,25.05054],[121.55533,25.050211],[121.555178,25.050214],[121.555149,25.050241],[121.55515,25.050315],[121.555144,25.050372],[121.555151,25.05044],[121.555152,25.050511],[121.555182,25.050543],[121.555329,25.05054]]]}},{"type":"Feature","properties":{"id":"d90600cd1014","name":"臺北市私立育達高級商業家事職業學校1","level":"高中職","basis":"name","data_ym":"202006"},"geometry":{"type":"Polygon","coordinates":[[[121.554668,25.050521],[121.554631,25.050487],[121.553922,25.050501],[121.553924,25.050745],[121.554641,25.050688],[121.554676,25.050636],[121.554668,25.050521]]]}},{"type":"Feature","properties":{"id":"ba0e0e5da341","name":"臺北市私立協和祐德高級中學","level":"高中職","basis":"both","data_ym":"202006"},"geometry":{"type":"Polygon","coordinates":[[[121.583391,25.042644],[121.583595,25.042625],[121.583594,25.042618],[121.583687,25.042611],[121.583782,25.042546],[121.5838,25.042473],[121.583845,25.042452],[121.583904,25.042411],[121.584031,25.042312],[121.584139,25.042241],[121.584247,25.042164],[121.584505,25.041607],[121.584061,25.041434],[121.583634,25.041275],[121.583367,25.041171],[121.583152,25.041755],[121.583059,25.041975],[121.582978,25.042205],[121.582866,25.042368],[121.582885,25.042398],[121.583325,25.042635],[121.583389,25.042629],[121.583391,25.042644]]]}},{"type":"Feature","properties":{"id":"85f550509a90","name":"臺北市私立延平高級中學","level":"高中職","basis":"both","data_ym":"202006"},"geometry":{"type":"Polygon","coordinates":[[[121.538836,25.037079],[121.538832,25.036714],[121.539273,25.036717],[121.539867,25.036708],[121.539882,25.036682],[121.539878,25.036262],[121.538355,25.036266],[121.538369,25.037078],[121.538836,25.037079]]]}},{"type":"Feature","properties":{"id":"442cf36d69a6","name":"臺北市私立東山高級中學","level":"高中職","basis":"both","data_ym":"202006"},"geometry":{"type":"Polygon","coordinates":[[[121.56206,24.974216],[121.562095,24.974053],[121.562086,24.974055],[121.562035,24.974047],[121.561915,24.974053],[121.561877,24.974042],[121.561875,24.973984],[121.561592,24.973921],[121.561647,24.973707],[121.561926,24.973747],[121.562142,24.973282],[121.562172,24.973269],[121.562269,24.973042],[121.562302,24.972879],[121.562248,24.972583],[121.561913,24.971741],[121.561606,24.971372],[121.561268,24.971155],[121.560992,24.971044],[121.560864,24.971025],[121.560649,24.971006],[121.560334,24.971008],[121.560047,24.971056],[121.559955,24.971136],[121.559782,24.971339],[121.559721,24.971442],[121.559756,24.97151],[121.559904,24.971603],[121.560001,24.971644],[121.560052,24.971647],[121.560106,24.971597],[121.560188,24.971418],[121.56029,24.971273],[121.560349,24.971217],[121.560419,24.971197],[121.560513,24.971194],[121.560577,24.971221],[121.560626,24.971269],[121.560664,24.971323],[121.560715,24.971357],[121.560828,24.971364],[121.561105,24.9714],[121.561246,24.971468],[121.561341,24.971573],[121.561408,24.971681],[121.561422,24.971774],[121.561223,24.972464],[121.561331,24.972554],[121.561329,24.97259],[121.561291,24.972743],[121.561284,24.972801],[121.561295,24.972842],[121.5613,24.972899],[121.561283,24.973001],[121.561249,24.973123],[121.561231,24.973207],[121.561217,24.973245],[121.561146,24.973308],[121.56107,24.973387],[121.561029,24.973448],[121.560997,24.973507],[121.56099,24.973538],[121.56098,24.973643],[121.560935,24.973821],[121.560891,24.97404],[121.560901,24.974141],[121.560926,24.974191],[121.561003,24.974188],[121.561123,24.974354],[121.561162,24.97439],[121.561184,24.974403],[121.561484,24.974518],[121.561671,24.97458],[121.561766,24.974602],[121.561851,24.974578],[121.561884,24.974548],[121.561935,24.974479],[121.562001,24.97435],[121.56206,24.974216]]]}},{"type":"Feature","properties":{"id":"e2a2a8aedca4","name":"臺北市私立東方高級工商職業學校","level":"高中職","basis":"name","data_ym":"202006"},"geometry":{"type":"Polygon","coordinates":[[[121.55121,25.032521],[121.551189,25.032391],[121.551534,25.032401],[121.551516,25.031792],[121.551504,25.031778],[121.551486,25.031769],[121.551038,25.031778],[121.551028,25.032014],[121.551018,25.032159],[121.550814,25.032163],[121.550788,25.032178],[121.55079,25.032319],[121.550891,25.032321],[121.550907,25.032526],[121.55121,25.032521]]]}},{"type":"Feature","properties":{"id":"3b66796da909","name":"臺北市私立金甌女子高級中學","level":"高中職","basis":"name","data_ym":"202006"},"geometry":{"type":"Polygon","coordinates":[[[121.524824,25.03481],[121.524753,25.034552],[121.524668,25.034578],[121.52459,25.0344],[121.52451,25.034437],[121.524452,25.034336],[121.524242,25.034432],[121.524241,25.034444],[121.524302,25.034547],[121.52407,25.03466],[121.524365,25.035162],[121.524415,25.035174],[121.524818,25.034976],[121.524743,25.034847],[121.524824,25.03481]]]}},{"type":"Feature","properties":{"id":"9fce031f9250","name":"臺北市私立南華高級中學進修學校","level":"其他","basis":"none","data_ym":"202006"},"geometry":{"type":"Polygon","coordinates":[[[121.531277,25.015682],[121.531022,25.015382],[121.530776,25.015593],[121.530962,25.015784],[121.531042,25.015856],[121.531276,25.015693],[121.531277,25.015682]]]}},{"type":"Feature","properties":{"id":"9216a705c248","name":"臺北市私立奎山實驗高級中學","level":"高中職","basis":"both","data_ym":"202311"},"geometry":{"type":"Polygon","coordinates":[[[121.523234,25.11252],[121.523127,25.112534],[121.523036,25.112418],[121.52286,25.112352],[121.522587,25.11245],[121.522233,25.112459],[121.52208,25.112591],[121.522039,25.112761],[121.521977,25.112772],[121.522054,25.113046],[121.522073,25.113059],[121.522109,25.113067],[121.523265,25.112821],[121.523287,25.112804],[121.523302,25.112781],[121.523234,25.11252]]]}},{"type":"Feature","properties":{"id":"314b5c046d1c","name":"臺北市私立恩慈美國學校","level":"其他","basis":"none","data_ym":"202006"},"geometry":{"type":"Polygon","coordinates":[[[121.588072,25.046607],[121.587888,25.046586],[121.587873,25.046589],[121.587851,25.046606],[121.587842,25.046621],[121.587833,25.046647],[121.587812,25.046751],[121.587811,25.046804],[121.588024,25.046874],[121.588072,25.046607]]]}},{"type":"Feature","properties":{"id":"f30254bb0b98","name":"臺北市私立泰北高級中學","level":"高中職","basis":"both","data_ym":"202006"},"geometry":{"type":"Polygon","coordinates":[[[121.533392,25.096719],[121.533555,25.096914],[121.533738,25.097216],[121.533763,25.09731],[121.53394,25.097431],[121.534245,25.097625],[121.535086,25.097484],[121.535538,25.097449],[121.535781,25.097199],[121.535773,25.097134],[121.535695,25.096817],[121.534955,25.096358],[121.534772,25.096369],[121.53471,25.096368],[121.534433,25.096398],[121.534228,25.096403],[121.53414,25.096396],[121.533968,25.096372],[121.533796,25.096378],[121.533606,25.096443],[121.533464,25.096497],[121.533545,25.096655],[121.533392,25.096719]]]}},{"type":"Feature","properties":{"id":"60db52d4adf7","name":"臺北市私立惇敍高級工商職業學校","level":"高中職","basis":"name","data_ym":"202508"},"geometry":{"type":"Polygon","coordinates":[[[121.527245,25.144593],[121.527159,25.144522],[121.527135,25.14452],[121.527126,25.144522],[121.527106,25.144534],[121.527044,25.144458],[121.527058,25.144445],[121.527064,25.144432],[121.527069,25.144415],[121.527069,25.144396],[121.526839,25.144143],[121.526847,25.144137],[121.526843,25.144131],[121.526819,25.144112],[121.526771,25.144088],[121.526729,25.144082],[121.526698,25.144085],[121.526681,25.144091],[121.526618,25.144132],[121.52619,25.144448],[121.525701,25.144801],[121.52563,25.14486],[121.525576,25.144918],[121.525532,25.144974],[121.525482,25.145068],[121.525447,25.145161],[121.525429,25.145353],[121.525406,25.145525],[121.525398,25.145572],[121.525344,25.145775],[121.5253,25.145862],[121.525041,25.146271],[121.525228,25.146337],[121.52533,25.146359],[121.525551,25.146316],[121.525786,25.146236],[121.52601,25.146103],[121.526139,25.145937],[121.526227,25.145791],[121.526616,25.145684],[121.526995,25.145334],[121.527488,25.144935],[121.527573,25.144799],[121.527525,25.144793],[121.527463,25.144775],[121.527415,25.144748],[121.527357,25.144704],[121.527245,25.144593]]]}},{"type":"Feature","properties":{"id":"94cd8ea4800a","name":"臺北市私立喬治高級工商職業學校","level":"高中職","basis":"name","data_ym":"202310"},"geometry":{"type":"Polygon","coordinates":[[[121.554578,25.026999],[121.555109,25.026805],[121.554551,25.026307],[121.554494,25.026359],[121.553979,25.026578],[121.554017,25.026647],[121.554076,25.026719],[121.554366,25.02706],[121.554394,25.027074],[121.554402,25.027076],[121.554578,25.026999]]]}},{"type":"Feature","properties":{"id":"41811eb1d75e","name":"臺北市私立喬治高級工商職業學校1","level":"高中職","basis":"name","data_ym":"202006"},"geometry":{"type":"Polygon","coordinates":[[[121.555287,25.026023],[121.555857,25.025483],[121.555678,25.025305],[121.555589,25.025225],[121.555519,25.025177],[121.555459,25.02515],[121.555402,25.025107],[121.555295,25.025011],[121.555174,25.025115],[121.554747,25.025509],[121.554414,25.025642],[121.554389,25.025655],[121.554314,25.025726],[121.554495,25.025888],[121.554583,25.025804],[121.554604,25.025789],[121.554641,25.02577],[121.554892,25.025664],[121.554913,25.025668],[121.554929,25.025673],[121.555287,25.026023]]]}},{"type":"Feature","properties":{"id":"bb3bab7be93b","name":"臺北市私立復興實驗高級中學","level":"高中職","basis":"both","data_ym":"202006"},"geometry":{"type":"Polygon","coordinates":[[[121.548507,25.039652],[121.548498,25.039009],[121.547209,25.039034],[121.547225,25.039672],[121.548507,25.039652]]]}},{"type":"Feature","properties":{"id":"17a1dfd8d027","name":"臺北市私立景文高級中學","level":"高中職","basis":"both","data_ym":"202006"},"geometry":{"type":"Polygon","coordinates":[[[121.56844,24.984824],[121.568294,24.984858],[121.568038,24.984961],[121.567816,24.984973],[121.567116,24.985122],[121.567475,24.985602],[121.568051,24.985479],[121.568062,24.985528],[121.568127,24.985744],[121.568635,24.98563],[121.568556,24.985338],[121.569165,24.985205],[121.569043,24.984808],[121.569032,24.984779],[121.569011,24.984753],[121.568984,24.984746],[121.568947,24.98475],[121.568452,24.984868],[121.56844,24.984824]]]}},{"type":"Feature","properties":{"id":"27d91924ef04","name":"臺北市私立華岡藝術學校","level":"其他","basis":"none","data_ym":"202006"},"geometry":{"type":"Polygon","coordinates":[[[121.549231,25.137004],[121.549202,25.137],[121.549146,25.137006],[121.548941,25.13705],[121.548811,25.13707],[121.54889,25.137473],[121.548977,25.137764],[121.549415,25.137734],[121.549375,25.137382],[121.549332,25.137173],[121.549399,25.137076],[121.549231,25.137004]]]}},{"type":"Feature","properties":{"id":"1f0220436aa7","name":"臺北市私立華興高級中學","level":"高中職","basis":"both","data_ym":"202006"},"geometry":{"type":"Polygon","coordinates":[[[121.537994,25.107127],[121.538024,25.107109],[121.538064,25.107064],[121.538083,25.107021],[121.538123,25.106866],[121.53814,25.106832],[121.538292,25.10661],[121.538386,25.106482],[121.538495,25.106201],[121.53854,25.106139],[121.538585,25.106143],[121.538723,25.105896],[121.538773,25.105772],[121.53901,25.1055],[121.539177,25.105436],[121.539327,25.105343],[121.539424,25.105353],[121.539555,25.105352],[121.539692,25.105302],[121.539818,25.105205],[121.540031,25.105156],[121.540098,25.105014],[121.540207,25.105014],[121.540275,25.104901],[121.540533,25.104957],[121.540602,25.104691],[121.540615,25.104583],[121.541039,25.104594],[121.54104,25.104557],[121.541254,25.104552],[121.541402,25.104332],[121.541324,25.1043],[121.541049,25.104071],[121.540858,25.103961],[121.540824,25.10398],[121.540802,25.104039],[121.540749,25.104105],[121.540642,25.104189],[121.540589,25.104224],[121.540279,25.104122],[121.540221,25.104129],[121.540123,25.104159],[121.540038,25.104173],[121.539738,25.103985],[121.539689,25.103979],[121.539683,25.103959],[121.539656,25.103927],[121.539546,25.103858],[121.538582,25.103634],[121.538543,25.103697],[121.538529,25.103726],[121.538506,25.103784],[121.538454,25.103947],[121.538381,25.104272],[121.538391,25.104275],[121.538348,25.104411],[121.538316,25.104483],[121.538258,25.104575],[121.538173,25.104551],[121.538239,25.104413],[121.538234,25.104399],[121.538212,25.104388],[121.538198,25.104391],[121.538137,25.104478],[121.537976,25.104743],[121.53792,25.104843],[121.537868,25.104964],[121.537804,25.105148],[121.53777,25.105234],[121.537496,25.105768],[121.53743,25.105876],[121.537377,25.105947],[121.537115,25.106266],[121.53708,25.106336],[121.537047,25.106465],[121.537045,25.106504],[121.53705,25.106543],[121.537068,25.106625],[121.537093,25.106718],[121.537121,25.106797],[121.537171,25.106907],[121.537237,25.107014],[121.537267,25.107073],[121.537289,25.1071],[121.537319,25.107118],[121.537353,25.107128],[121.537449,25.107126],[121.537449,25.107123],[121.537497,25.107131],[121.537499,25.107123],[121.537533,25.107124],[121.537857,25.107155],[121.537932,25.10715],[121.537994,25.107127]]]}},{"type":"Feature","properties":{"id":"b16d8c2a7959","name":"臺北市私立開平餐飲學校1","level":"其他","basis":"none","data_ym":"202006"},"geometry":{"type":"Polygon","coordinates":[[[121.542349,25.028233],[121.542234,25.028111],[121.542237,25.028198],[121.542187,25.028206],[121.542106,25.028208],[121.542109,25.028263],[121.542026,25.028263],[121.542028,25.028284],[121.541978,25.028287],[121.541982,25.028385],[121.542499,25.028375],[121.542496,25.028333],[121.542349,25.028233]]]}},{"type":"Feature","properties":{"id":"05d8c99d53f4","name":"臺北市私立開平餐飲職業學校","level":"高中職","basis":"both","data_ym":"202006"},"geometry":{"type":"Polygon","coordinates":[[[121.542145,25.029234],[121.542402,25.028956],[121.542508,25.028797],[121.542561,25.028738],[121.542644,25.028701],[121.542641,25.028479],[121.542194,25.028491],[121.542195,25.028601],[121.542178,25.028631],[121.541852,25.02864],[121.541853,25.028792],[121.541743,25.028905],[121.542145,25.029234]]]}},{"type":"Feature","properties":{"id":"9c2163e3edf7","name":"臺北市私立開南高級中學","level":"高中職","basis":"both","data_ym":"202111"},"geometry":{"type":"Polygon","coordinates":[[[121.52249,25.042329],[121.52217,25.041173],[121.522125,25.041146],[121.520741,25.041482],[121.520878,25.041945],[121.521047,25.041903],[121.521271,25.042625],[121.52249,25.042329]]]}},{"type":"Feature","properties":{"id":"6dda490b56b0","name":"臺北市私立新民高級中等學校","level":"高中職","basis":"both","data_ym":"202508"},"geometry":{"type":"Polygon","coordinates":[[[121.520775,25.025359],[121.520681,25.02501],[121.520862,25.024945],[121.520749,25.024705],[121.520288,25.024862],[121.520088,25.024916],[121.519878,25.024965],[121.519913,25.025109],[121.519812,25.02513],[121.519856,25.025296],[121.519891,25.02529],[121.51993,25.025539],[121.519947,25.025809],[121.519974,25.025904],[121.520005,25.025979],[121.52017,25.025865],[121.520304,25.02569],[121.520436,25.025595],[121.520805,25.02545],[121.520775,25.025359]]]}},{"type":"Feature","properties":{"id":"3e31d643a203","name":"臺北市私立新民國民小學","level":"國中","basis":"moe","data_ym":"202508"},"geometry":{"type":"Polygon","coordinates":[[[121.531662,25.02241],[121.531803,25.022515],[121.531732,25.022599],[121.531799,25.022651],[121.531741,25.022727],[121.531932,25.022864],[121.531954,25.022868],[121.532067,25.022633],[121.53216,25.022463],[121.531971,25.022367],[121.531802,25.022272],[121.531513,25.022071],[121.531258,25.022326],[121.531267,25.022366],[121.531516,25.022558],[121.531636,25.022421],[121.531646,25.022428],[121.531662,25.02241]]]}},{"type":"Feature","properties":{"id":"c31d6b94b36e","name":"臺北市私立道明外僑學校","level":"其他","basis":"none","data_ym":"202509"},"geometry":{"type":"Polygon","coordinates":[[[121.545973,25.084155],[121.545959,25.08427],[121.546236,25.084379],[121.546189,25.084816],[121.546138,25.085229],[121.546145,25.085229],[121.546144,25.085249],[121.546163,25.085295],[121.546254,25.085363],[121.546336,25.085644],[121.546348,25.085954],[121.546492,25.085944],[121.546728,25.085973],[121.547179,25.086012],[121.547267,25.086029],[121.547942,25.086064],[121.547942,25.086058],[121.548123,25.086062],[121.548197,25.085989],[121.548276,25.085926],[121.548451,25.085765],[121.548464,25.085776],[121.548715,25.085638],[121.548641,25.085558],[121.548593,25.085613],[121.548458,25.0856],[121.548372,25.085549],[121.548343,25.085488],[121.54852,25.085122],[121.547161,25.085077],[121.546941,25.0847],[121.546833,25.084538],[121.546788,25.084521],[121.546591,25.084173],[121.546258,25.084163],[121.546257,25.084169],[121.545973,25.084155]]]}},{"type":"Feature","properties":{"id":"4409af58f6ce","name":"臺北市私立達人高級中學","level":"高中職","basis":"both","data_ym":"202508"},"geometry":{"type":"Polygon","coordinates":[[[121.588359,25.081289],[121.588408,25.081147],[121.588618,25.081191],[121.58865,25.081059],[121.588523,25.081017],[121.588426,25.081013],[121.588305,25.081056],[121.588099,25.080998],[121.588054,25.080977],[121.588022,25.080954],[121.587991,25.080916],[121.587975,25.08087],[121.587973,25.080834],[121.588145,25.079794],[121.588143,25.079777],[121.58813,25.07976],[121.588119,25.079755],[121.587778,25.079721],[121.587756,25.079742],[121.587685,25.079861],[121.587467,25.080198],[121.587401,25.080366],[121.587206,25.081192],[121.588364,25.081469],[121.588372,25.081421],[121.588359,25.081289]]]}},{"type":"Feature","properties":{"id":"fd034fe4ae9c","name":"臺北市私立滬江高級中學","level":"高中職","basis":"both","data_ym":"202006"},"geometry":{"type":"Polygon","coordinates":[[[121.538941,24.990066],[121.539015,24.990001],[121.539117,24.990057],[121.539287,24.989837],[121.539131,24.989739],[121.539163,24.989695],[121.53925,24.989751],[121.539212,24.989533],[121.539333,24.989433],[121.539319,24.989345],[121.539319,24.989243],[121.539228,24.989153],[121.539238,24.989145],[121.539236,24.989143],[121.539042,24.988919],[121.538883,24.988726],[121.53877,24.988603],[121.538423,24.988634],[121.53828,24.988658],[121.538105,24.988702],[121.537946,24.988758],[121.537829,24.988809],[121.537757,24.988845],[121.537706,24.988873],[121.537569,24.988959],[121.537463,24.98904],[121.537356,24.989135],[121.537313,24.989179],[121.537532,24.989222],[121.537768,24.989327],[121.537751,24.989386],[121.537681,24.989577],[121.537684,24.989603],[121.537711,24.989611],[121.537664,24.989757],[121.538024,24.989823],[121.538053,24.98981],[121.538158,24.98948],[121.538326,24.989567],[121.538449,24.989573],[121.538504,24.989604],[121.538551,24.989685],[121.538641,24.989657],[121.538663,24.989658],[121.538717,24.989824],[121.538941,24.990066]]]}},{"type":"Feature","properties":{"id":"5001252f55bd","name":"臺北市私立稻江高級商業職業學校","level":"高中職","basis":"name","data_ym":"202006"},"geometry":{"type":"Polygon","coordinates":[[[121.512049,25.064222],[121.511836,25.064214],[121.511828,25.064409],[121.512073,25.064418],[121.512049,25.064222]]]}},{"type":"Feature","properties":{"id":"9143eeea0467","name":"臺北市私立稻江高級護理家事職業學校","level":"高中職","basis":"name","data_ym":"202006"},"geometry":{"type":"Polygon","coordinates":[[[121.529617,25.06601],[121.529615,25.065821],[121.529601,25.065821],[121.5296,25.065775],[121.529614,25.065775],[121.529613,25.065684],[121.529609,25.065684],[121.529608,25.065641],[121.529612,25.065641],[121.529608,25.065308],[121.528584,25.065303],[121.528559,25.065307],[121.528545,25.065319],[121.528564,25.066027],[121.529617,25.06601]]]}},{"type":"Feature","properties":{"id":"cafa3e7ade7b","name":"臺北市私立衛理女子高級中學","level":"高中職","basis":"name","data_ym":"202006"},"geometry":{"type":"Polygon","coordinates":[[[121.551841,25.101214],[121.551711,25.101282],[121.55142,25.101416],[121.551076,25.10158],[121.551043,25.101616],[121.551027,25.101701],[121.550991,25.101732],[121.550702,25.101661],[121.550663,25.101832],[121.550584,25.101871],[121.550637,25.101944],[121.550583,25.10218],[121.551221,25.102255],[121.551288,25.102222],[121.551774,25.102944],[121.551776,25.103017],[121.551693,25.103101],[121.551602,25.103134],[121.551232,25.103175],[121.551255,25.103289],[121.551767,25.103306],[121.55184,25.103336],[121.551944,25.103345],[121.552018,25.103338],[121.552151,25.103314],[121.552261,25.103306],[121.552643,25.103294],[121.552832,25.103325],[121.553009,25.103332],[121.55314,25.10335],[121.553178,25.103358],[121.553366,25.103417],[121.553459,25.103409],[121.553594,25.10335],[121.553595,25.103353],[121.553651,25.103337],[121.553734,25.103327],[121.55377,25.103327],[121.553786,25.103265],[121.55365,25.103217],[121.55353,25.103152],[121.553361,25.103037],[121.553255,25.102934],[121.553138,25.10278],[121.552992,25.10257],[121.552421,25.101718],[121.552377,25.101665],[121.552213,25.101498],[121.552051,25.101361],[121.551841,25.101214]]]}},{"type":"Feature","properties":{"id":"b7a19df7fe2e","name":"臺北市私立靜心高級中學","level":"高中職","basis":"both","data_ym":"202006"},"geometry":{"type":"Polygon","coordinates":[[[121.546939,24.997805],[121.546576,24.997754],[121.546485,24.997876],[121.546091,24.998605],[121.546197,24.998652],[121.546131,24.998805],[121.546379,24.998879],[121.547273,24.999174],[121.547626,24.998333],[121.547661,24.998233],[121.547625,24.998147],[121.547609,24.998089],[121.547274,24.997977],[121.547291,24.997931],[121.546939,24.997805]]]}},{"type":"Feature","properties":{"id":"7b87f4073b4a","name":"臺北市私立靜修高級中學","level":"高中職","basis":"both","data_ym":"202108"},"geometry":{"type":"Polygon","coordinates":[[[121.516291,25.057768],[121.515517,25.057584],[121.515488,25.057585],[121.515467,25.057591],[121.515267,25.058205],[121.516164,25.058421],[121.516179,25.058358],[121.516299,25.057956],[121.516341,25.057796],[121.516291,25.057768]]]}},{"type":"Feature","properties":{"id":"15a091cefd04","name":"臺北市私立靜修高級中學1","level":"高中職","basis":"both","data_ym":"202108"},"geometry":{"type":"Polygon","coordinates":[[[121.515166,25.05811],[121.515462,25.057202],[121.515459,25.057164],[121.515413,25.057151],[121.515081,25.057139],[121.515077,25.057341],[121.515084,25.057341],[121.515073,25.05763],[121.514409,25.057617],[121.514371,25.057936],[121.515166,25.05811]]]}},{"type":"Feature","properties":{"id":"a53bd0a856ce","name":"臺北市私立薇閣高級中學","level":"高中職","basis":"both","data_ym":"202006"},"geometry":{"type":"Polygon","coordinates":[[[121.504825,25.140126],[121.504874,25.140108],[121.505075,25.140158],[121.50511,25.140094],[121.505208,25.140152],[121.505265,25.14012],[121.505342,25.140036],[121.505391,25.139775],[121.505282,25.139634],[121.505243,25.139569],[121.505143,25.139451],[121.504753,25.139371],[121.504725,25.139362],[121.504202,25.139187],[121.50414,25.139131],[121.504143,25.139019],[121.50418,25.138938],[121.504279,25.138941],[121.504289,25.13861],[121.504218,25.138594],[121.504065,25.13855],[121.50404,25.138538],[121.504001,25.138513],[121.503941,25.138451],[121.503866,25.138394],[121.503839,25.138343],[121.503669,25.138132],[121.503553,25.138052],[121.503476,25.138007],[121.50313,25.138455],[121.502964,25.138632],[121.503265,25.13891],[121.504356,25.139888],[121.504444,25.139961],[121.504588,25.140094],[121.504644,25.140137],[121.504754,25.140208],[121.504825,25.140126]]]}},{"type":"Feature","properties":{"id":"761c3d7d30f8","name":"臺北市私立薇閣國民小學","level":"高中職","basis":"moe","data_ym":"202508"},"geometry":{"type":"Polygon","coordinates":[[[121.501432,25.135884],[121.501438,25.135863],[121.501434,25.13583],[121.501426,25.135803],[121.501389,25.135731],[121.501376,25.135651],[121.50138,25.135624],[121.501391,25.135611],[121.501442,25.135573],[121.501654,25.135486],[121.501737,25.135477],[121.501768,25.135484],[121.501803,25.135459],[121.501806,25.135391],[121.5018,25.135374],[121.501818,25.13518],[121.500907,25.13512],[121.500848,25.135137],[121.500851,25.13525],[121.500495,25.135265],[121.500487,25.135311],[121.500624,25.135964],[121.500644,25.136014],[121.500813,25.136136],[121.500836,25.136145],[121.500842,25.136178],[121.50093,25.136181],[121.500971,25.136197],[121.501028,25.136208],[121.501109,25.136208],[121.501149,25.136197],[121.501166,25.136186],[121.501191,25.136161],[121.501409,25.135924],[121.501432,25.135884]]]}},{"type":"Feature","properties":{"id":"bd7a8f9a997f","name":"臺北市松山區三民國民小學","level":"國小","basis":"both","data_ym":"202310"},"geometry":{"type":"Polygon","coordinates":[[[121.564531,25.064423],[121.564602,25.063937],[121.564612,25.063938],[121.564655,25.063647],[121.564729,25.063202],[121.564726,25.063199],[121.56425,25.063146],[121.564251,25.06314],[121.564242,25.063138],[121.563783,25.063081],[121.563595,25.064293],[121.564531,25.064423]]]}},{"type":"Feature","properties":{"id":"4ce5ef2f4838","name":"臺北市松山區民生國民小學","level":"國小","basis":"both","data_ym":"202006"},"geometry":{"type":"Polygon","coordinates":[[[121.552852,25.055528],[121.55192,25.055483],[121.551849,25.055573],[121.551824,25.055645],[121.551821,25.055704],[121.551847,25.055883],[121.551774,25.055936],[121.551614,25.056189],[121.551266,25.056508],[121.551337,25.056532],[121.551469,25.056553],[121.551639,25.056567],[121.551812,25.056568],[121.551946,25.056561],[121.552098,25.056535],[121.552291,25.056491],[121.55247,25.056422],[121.552822,25.056223],[121.552895,25.056173],[121.552852,25.055528]]]}},{"type":"Feature","properties":{"id":"a2dc4403fb11","name":"臺北市松山區民族國民小學","level":"國小","basis":"both","data_ym":"202006"},"geometry":{"type":"Polygon","coordinates":[[[121.55193,25.059036],[121.550692,25.058916],[121.550671,25.058923],[121.550657,25.058942],[121.551227,25.060073],[121.551266,25.060089],[121.551819,25.059854],[121.551839,25.059828],[121.55193,25.059036]]]}},{"type":"Feature","properties":{"id":"f240fbd2fd7e","name":"臺北市松山區民權國民小學","level":"國小","basis":"both","data_ym":"202006"},"geometry":{"type":"Polygon","coordinates":[[[121.561345,25.06165],[121.560396,25.061509],[121.560356,25.061526],[121.56028,25.062193],[121.560279,25.062216],[121.560283,25.062236],[121.560297,25.062255],[121.560325,25.062274],[121.560813,25.062343],[121.56233,25.062508],[121.562321,25.062548],[121.562906,25.06263],[121.56293,25.062626],[121.562946,25.062612],[121.562956,25.062592],[121.563024,25.06192],[121.563024,25.061901],[121.56301,25.061886],[121.563003,25.061882],[121.561345,25.06165]]]}},{"type":"Feature","properties":{"id":"32f76ba7b97a","name":"臺北市松山區西松國民小學","level":"國小","basis":"both","data_ym":"202509"},"geometry":{"type":"Polygon","coordinates":[[[121.562122,25.053419],[121.563723,25.053388],[121.563693,25.052045],[121.563223,25.052053],[121.562138,25.052079],[121.562109,25.052097],[121.562052,25.052188],[121.562082,25.053135],[121.562087,25.053382],[121.562122,25.053419]]]}},{"type":"Feature","properties":{"id":"40bda987910c","name":"臺北市松山區松山國民小學","level":"國小","basis":"both","data_ym":"202006"},"geometry":{"type":"Polygon","coordinates":[[[121.57811,25.050245],[121.578036,25.050254],[121.578001,25.050271],[121.577943,25.050372],[121.577905,25.050512],[121.577871,25.050849],[121.578377,25.051025],[121.579409,25.051338],[121.57945,25.051349],[121.579819,25.051372],[121.579812,25.051277],[121.579786,25.051201],[121.57958,25.050799],[121.57946,25.050533],[121.579423,25.050426],[121.578724,25.05027],[121.578602,25.050257],[121.57811,25.050245]]]}},{"type":"Feature","properties":{"id":"a14e3550407e","name":"臺北市松山區健康國民小學","level":"國小","basis":"both","data_ym":"202006"},"geometry":{"type":"Polygon","coordinates":[[[121.563479,25.056764],[121.563536,25.056186],[121.562063,25.056066],[121.562047,25.056258],[121.56206,25.056282],[121.56206,25.056294],[121.562055,25.056301],[121.562047,25.0563],[121.562015,25.056643],[121.563479,25.056764]]]}},{"type":"Feature","properties":{"id":"85b5d25e1bfe","name":"臺北市松山區敦化國民小學","level":"國小","basis":"both","data_ym":"202006"},"geometry":{"type":"Polygon","coordinates":[[[121.54842,25.048325],[121.54748,25.048319],[121.547542,25.050077],[121.548595,25.050049],[121.548578,25.048539],[121.54842,25.048325]]]}},{"type":"Feature","properties":{"id":"e5e6b1310c9d","name":"臺北市信義區三興國民小學","level":"國小","basis":"both","data_ym":"202006"},"geometry":{"type":"Polygon","coordinates":[[[121.558794,25.029805],[121.559106,25.029653],[121.559557,25.029424],[121.559602,25.029398],[121.559612,25.029376],[121.559606,25.02935],[121.559527,25.029211],[121.559044,25.028386],[121.558064,25.028876],[121.557827,25.028999],[121.558057,25.029376],[121.558054,25.029397],[121.557973,25.029659],[121.558006,25.029716],[121.557999,25.029719],[121.558016,25.02975],[121.558024,25.029746],[121.558304,25.02979],[121.558451,25.030022],[121.558818,25.029839],[121.558794,25.029805]]]}},{"type":"Feature","properties":{"id":"79691bb65648","name":"臺北市信義區光復國民小學","level":"國小","basis":"both","data_ym":"202006"},"geometry":{"type":"Polygon","coordinates":[[[121.559056,25.041121],[121.559006,25.039619],[121.557835,25.039648],[121.557838,25.040095],[121.557824,25.040095],[121.557825,25.040163],[121.557839,25.040163],[121.557847,25.041149],[121.55792,25.041158],[121.557919,25.041103],[121.558064,25.041099],[121.558145,25.041098],[121.558144,25.041144],[121.558359,25.041142],[121.558359,25.041138],[121.558506,25.041135],[121.558506,25.04115],[121.558658,25.041147],[121.558657,25.041131],[121.559056,25.041121]]]}},{"type":"Feature","properties":{"id":"6adeecf766f1","name":"臺北市信義區吳興國民小學","level":"國小","basis":"both","data_ym":"202006"},"geometry":{"type":"Polygon","coordinates":[[[121.567545,25.024845],[121.567447,25.024856],[121.567232,25.025047],[121.566874,25.025321],[121.566803,25.025416],[121.566814,25.025471],[121.567254,25.025676],[121.567373,25.025746],[121.568015,25.026061],[121.568004,25.026081],[121.568462,25.02631],[121.568921,25.025477],[121.567571,25.024852],[121.567545,25.024845]]]}},{"type":"Feature","properties":{"id":"cf53918cd55d","name":"臺北市信義區信義國民小學","level":"國小","basis":"both","data_ym":"202006"},"geometry":{"type":"Polygon","coordinates":[[[121.563034,25.030218],[121.562973,25.030305],[121.562181,25.030775],[121.56211,25.030849],[121.562337,25.031933],[121.563757,25.031902],[121.563752,25.031424],[121.563733,25.030583],[121.56355,25.030529],[121.563477,25.030497],[121.563376,25.030441],[121.563034,25.030218]]]}},{"type":"Feature","properties":{"id":"610f18698fa3","name":"臺北市信義區博愛國民小學","level":"國小","basis":"both","data_ym":"202006"},"geometry":{"type":"Polygon","coordinates":[[[121.571572,25.036502],[121.571544,25.034841],[121.57031,25.03487],[121.570361,25.036374],[121.570362,25.036505],[121.570383,25.036446],[121.57039,25.036442],[121.570755,25.036435],[121.570758,25.036519],[121.571572,25.036502]]]}},{"type":"Feature","properties":{"id":"bd981e339867","name":"臺北市信義區福德國民小學","level":"國小","basis":"both","data_ym":"202006"},"geometry":{"type":"Polygon","coordinates":[[[121.5879,25.038482],[121.586405,25.038038],[121.586134,25.038815],[121.587522,25.039202],[121.587678,25.038949],[121.5879,25.038482]]]}},{"type":"Feature","properties":{"id":"c98faed0a2fe","name":"臺北市信義區興雅國民小學","level":"國小","basis":"both","data_ym":"202006"},"geometry":{"type":"Polygon","coordinates":[[[121.570395,25.047896],[121.570374,25.047341],[121.570324,25.047343],[121.57032,25.047088],[121.570302,25.046767],[121.570297,25.046751],[121.570281,25.046745],[121.570227,25.046744],[121.568974,25.046781],[121.569006,25.047884],[121.56903,25.047949],[121.569043,25.047968],[121.569062,25.047976],[121.5691,25.047977],[121.57036,25.047945],[121.570395,25.047896]]]}},{"type":"Feature","properties":{"id":"69f6910e3502","name":"臺北市信義區雙永國民小學","level":"國小","basis":"both","data_ym":"202310"},"geometry":{"type":"Polygon","coordinates":[[[121.579974,25.044701],[121.579971,25.044222],[121.57999,25.044221],[121.579993,25.044143],[121.579974,25.044143],[121.579981,25.042969],[121.579893,25.042966],[121.579881,25.042968],[121.579151,25.042966],[121.579151,25.042961],[121.578448,25.042956],[121.578439,25.044227],[121.578467,25.044252],[121.578931,25.044237],[121.578932,25.044698],[121.57896,25.044723],[121.579968,25.044707],[121.579974,25.044701]]]}},{"type":"Feature","properties":{"id":"e3d7998a93d0","name":"臺北市南港區玉成國民小學","level":"國小","basis":"both","data_ym":"202006"},"geometry":{"type":"Polygon","coordinates":[[[121.594382,25.054103],[121.594263,25.053964],[121.594342,25.053911],[121.594389,25.053885],[121.594489,25.053843],[121.594594,25.053814],[121.594648,25.053805],[121.594736,25.053798],[121.594857,25.053307],[121.594686,25.053284],[121.594067,25.053184],[121.594059,25.05318],[121.593362,25.053071],[121.592763,25.052996],[121.592665,25.053272],[121.592856,25.053336],[121.592839,25.053391],[121.592856,25.053397],[121.592836,25.053462],[121.592776,25.053609],[121.592673,25.053921],[121.592756,25.053941],[121.592699,25.054203],[121.593369,25.054333],[121.593685,25.054389],[121.594035,25.054426],[121.594129,25.054427],[121.594154,25.054425],[121.594182,25.054399],[121.594191,25.054383],[121.59421,25.054317],[121.594249,25.054242],[121.594273,25.054204],[121.594331,25.054137],[121.594382,25.054103]]]}},{"type":"Feature","properties":{"id":"c167d56a40fc","name":"臺北市南港區成德國民小學","level":"國小","basis":"both","data_ym":"202310"},"geometry":{"type":"Polygon","coordinates":[[[121.587373,25.046854],[121.587084,25.046813],[121.586817,25.046833],[121.58667,25.046873],[121.586381,25.047049],[121.586086,25.047273],[121.586083,25.047295],[121.586134,25.047325],[121.586552,25.047526],[121.586892,25.04768],[121.587492,25.047931],[121.587689,25.047978],[121.587828,25.047974],[121.587927,25.047947],[121.588008,25.047905],[121.588077,25.047853],[121.588109,25.047796],[121.588327,25.047155],[121.588178,25.047083],[121.588041,25.047025],[121.587879,25.046967],[121.587754,25.046929],[121.587373,25.046854]]]}},{"type":"Feature","properties":{"id":"8e6bc5ad567b","name":"臺北市南港區東新國民小學","level":"國小","basis":"both","data_ym":"202006"},"geometry":{"type":"Polygon","coordinates":[[[121.603434,25.055513],[121.603162,25.055304],[121.602724,25.055051],[121.602562,25.054991],[121.602337,25.055329],[121.602281,25.055305],[121.602111,25.055573],[121.602158,25.055598],[121.601822,25.056107],[121.603001,25.056508],[121.603666,25.055718],[121.603434,25.055513]]]}},{"type":"Feature","properties":{"id":"c478871ec6ee","name":"臺北市南港區南港國民小學","level":"國小","basis":"both","data_ym":"202006"},"geometry":{"type":"Polygon","coordinates":[[[121.61116,25.058623],[121.611393,25.056783],[121.61141,25.056538],[121.6113,25.056466],[121.611088,25.056599],[121.610304,25.056538],[121.610283,25.056596],[121.610232,25.056592],[121.610131,25.057422],[121.610078,25.05782],[121.61012,25.057913],[121.610079,25.057911],[121.610012,25.058469],[121.611113,25.058648],[121.61116,25.058623]]]}},{"type":"Feature","properties":{"id":"73636905bb52","name":"臺北市南港區胡適國民小學","level":"國小","basis":"both","data_ym":"202006"},"geometry":{"type":"Polygon","coordinates":[[[121.618597,25.042803],[121.617564,25.042048],[121.617542,25.04205],[121.617372,25.042167],[121.617154,25.042411],[121.61706,25.042571],[121.618004,25.043135],[121.618266,25.043304],[121.618611,25.042848],[121.618597,25.042803]]]}},{"type":"Feature","properties":{"id":"1c3149ce8558","name":"臺北市南港區修德國民小學","level":"國小","basis":"both","data_ym":"202006"},"geometry":{"type":"Polygon","coordinates":[[[121.590055,25.044639],[121.58982,25.044456],[121.589363,25.044404],[121.589159,25.04432],[121.588916,25.044231],[121.588718,25.044114],[121.588732,25.044898],[121.58871,25.045851],[121.589263,25.045687],[121.589607,25.045578],[121.589926,25.045542],[121.590104,25.045536],[121.590055,25.044639]]]}},{"type":"Feature","properties":{"id":"5863d44eecf8","name":"臺北市南港區舊莊國民小學","level":"國小","basis":"both","data_ym":"202310"},"geometry":{"type":"Polygon","coordinates":[[[121.619545,25.04037],[121.620099,25.039959],[121.620065,25.039912],[121.619953,25.039785],[121.619938,25.039782],[121.619941,25.039772],[121.619429,25.039196],[121.619783,25.038994],[121.61954,25.038597],[121.619054,25.038857],[121.61888,25.038954],[121.618721,25.038778],[121.618592,25.038851],[121.61864,25.038946],[121.618896,25.039298],[121.619039,25.039478],[121.619178,25.039587],[121.619227,25.039649],[121.618856,25.039926],[121.618906,25.039984],[121.618857,25.040053],[121.618917,25.040103],[121.61887,25.040213],[121.618897,25.040241],[121.618918,25.040225],[121.618928,25.040235],[121.619245,25.040588],[121.619545,25.04037]]]}},{"type":"Feature","properties":{"id":"b0ff5c568724","name":"臺北市萬華區大理國民小學","level":"國小","basis":"both","data_ym":"202006"},"geometry":{"type":"Polygon","coordinates":[[[121.493928,25.031267],[121.493399,25.03076],[121.493366,25.030772],[121.493339,25.030749],[121.492294,25.031518],[121.492558,25.031817],[121.492948,25.032247],[121.492975,25.03225],[121.493052,25.032224],[121.493513,25.031919],[121.494117,25.03143],[121.493928,25.031267]]]}},{"type":"Feature","properties":{"id":"7426d11ebf94","name":"臺北市萬華區臺北韓國學校","level":"其他","basis":"none","data_ym":"202006"},"geometry":{"type":"Polygon","coordinates":[[[121.502625,25.023633],[121.50238,25.023628],[121.502378,25.024034],[121.502752,25.024012],[121.502699,25.023698],[121.502663,25.02366],[121.502638,25.023639],[121.502625,25.023633]]]}},{"type":"Feature","properties":{"id":"553cce0d8773","name":"臺北市萬華區老松國民小學","level":"國小","basis":"both","data_ym":"202006"},"geometry":{"type":"Polygon","coordinates":[[[121.503483,25.036784],[121.503431,25.036793],[121.503427,25.036775],[121.502882,25.036876],[121.5029,25.036956],[121.501697,25.037164],[121.501876,25.038249],[121.503695,25.037906],[121.503483,25.036784]]]}},{"type":"Feature","properties":{"id":"6c5386b65889","name":"臺北市萬華區西門國民小學","level":"國小","basis":"both","data_ym":"202006"},"geometry":{"type":"Polygon","coordinates":[[[121.504048,25.041918],[121.503732,25.041943],[121.503741,25.042049],[121.503711,25.042051],[121.503718,25.042126],[121.503747,25.042124],[121.503749,25.042142],[121.503762,25.042142],[121.503776,25.042292],[121.502983,25.042433],[121.50253,25.042493],[121.502681,25.043295],[121.502707,25.043303],[121.502791,25.043347],[121.502852,25.043395],[121.504255,25.043061],[121.504238,25.043002],[121.504193,25.042773],[121.504134,25.042425],[121.504105,25.042224],[121.504084,25.042191],[121.504082,25.042171],[121.504087,25.042149],[121.504048,25.041918]]]}},{"type":"Feature","properties":{"id":"7e2ce298a453","name":"臺北市萬華區西園國民小學","level":"國小","basis":"both","data_ym":"202006"},"geometry":{"type":"Polygon","coordinates":[[[121.498421,25.027468],[121.499773,25.02724],[121.499752,25.026499],[121.498317,25.026739],[121.497845,25.02716],[121.497874,25.027331],[121.498374,25.027238],[121.498421,25.027468]]]}},{"type":"Feature","properties":{"id":"b77d9d2c1dbb","name":"臺北市萬華區東園國民小學","level":"國小","basis":"both","data_ym":"202310"},"geometry":{"type":"Polygon","coordinates":[[[121.499276,25.022793],[121.499204,25.022653],[121.499101,25.022623],[121.498374,25.022386],[121.498177,25.022826],[121.498001,25.02276],[121.497629,25.02355],[121.497625,25.023571],[121.497628,25.023579],[121.497851,25.023675],[121.498595,25.023965],[121.498837,25.023427],[121.498889,25.023445],[121.498907,25.023408],[121.498889,25.023401],[121.498921,25.023334],[121.498905,25.023328],[121.499022,25.023075],[121.499108,25.023109],[121.499276,25.022793]]]}},{"type":"Feature","properties":{"id":"96f639288666","name":"臺北市萬華區華江國民小學","level":"國小","basis":"both","data_ym":"202006"},"geometry":{"type":"Polygon","coordinates":[[[121.492256,25.034112],[121.491607,25.033395],[121.490915,25.033776],[121.491217,25.03411],[121.491326,25.034225],[121.491466,25.034389],[121.491551,25.0344],[121.491579,25.034442],[121.492238,25.034422],[121.492301,25.034404],[121.492423,25.034315],[121.492256,25.034112]]]}},{"type":"Feature","properties":{"id":"39d2f310bfa9","name":"臺北市萬華區新和國民小學","level":"國小","basis":"both","data_ym":"202510"},"geometry":{"type":"Polygon","coordinates":[[[121.503391,25.025716],[121.502699,25.025568],[121.502692,25.025584],[121.502685,25.02559],[121.502648,25.025592],[121.502628,25.025602],[121.502592,25.025682],[121.502606,25.025691],[121.502521,25.025922],[121.502324,25.026553],[121.503072,25.026701],[121.503237,25.026244],[121.503259,25.026195],[121.503244,25.026163],[121.503284,25.026085],[121.503343,25.026004],[121.503369,25.025933],[121.5034,25.02578],[121.503391,25.025716]]]}},{"type":"Feature","properties":{"id":"76b5e54950fb","name":"臺北市萬華區新和國民小學1","level":"國小","basis":"both","data_ym":"202510"},"geometry":{"type":"Polygon","coordinates":[[[121.502876,25.0268],[121.502604,25.026747],[121.502538,25.026985],[121.502412,25.027066],[121.502386,25.027283],[121.502549,25.027307],[121.502529,25.0274],[121.502513,25.027453],[121.502413,25.027865],[121.502414,25.027877],[121.502493,25.02789],[121.502572,25.027888],[121.502593,25.027877],[121.502631,25.027831],[121.502827,25.02735],[121.503011,25.026872],[121.502876,25.0268]]]}},{"type":"Feature","properties":{"id":"0468d5b5109b","name":"臺北市萬華區萬大國民小學","level":"國小","basis":"both","data_ym":"202310"},"geometry":{"type":"Polygon","coordinates":[[[121.499276,25.022793],[121.499108,25.023109],[121.499022,25.023075],[121.498905,25.023328],[121.498921,25.023334],[121.498889,25.023401],[121.498907,25.023408],[121.498889,25.023445],[121.498837,25.023427],[121.498595,25.023965],[121.49914,25.024178],[121.499183,25.02419],[121.499229,25.024194],[121.499288,25.024177],[121.499321,25.024157],[121.499677,25.023895],[121.499873,25.023758],[121.499612,25.023334],[121.499484,25.023135],[121.499276,25.022793]]]}},{"type":"Feature","properties":{"id":"68937aec38eb","name":"臺北市萬華區福星國民小學","level":"國小","basis":"both","data_ym":"202006"},"geometry":{"type":"Polygon","coordinates":[[[121.509252,25.047031],[121.509001,25.046198],[121.508059,25.046412],[121.507172,25.046627],[121.507417,25.047475],[121.509252,25.047031]]]}},{"type":"Feature","properties":{"id":"290c6b5bbe14","name":"臺北市萬華區龍山國民小學","level":"國小","basis":"both","data_ym":"202311"},"geometry":{"type":"Polygon","coordinates":[[[121.496829,25.036684],[121.496798,25.035481],[121.494876,25.035552],[121.494885,25.035748],[121.495233,25.036139],[121.495392,25.036088],[121.49565,25.036023],[121.495747,25.036362],[121.495424,25.036438],[121.495681,25.036727],[121.496829,25.036684]]]}},{"type":"Feature","properties":{"id":"a0d61cd2c15e","name":"臺北市萬華區雙園國民小學","level":"國小","basis":"both","data_ym":"202006"},"geometry":{"type":"Polygon","coordinates":[[[121.499119,25.029513],[121.498612,25.029496],[121.498611,25.029509],[121.498082,25.029497],[121.49808,25.029915],[121.497391,25.029955],[121.497489,25.030377],[121.497611,25.030953],[121.499077,25.030985],[121.499119,25.029513]]]}},{"type":"Feature","properties":{"id":"6e70c9c9276e","name":"臺北私立美國學校","level":"其他","basis":"none","data_ym":"202310"},"geometry":{"type":"Polygon","coordinates":[[[121.530151,25.118135],[121.530632,25.117792],[121.530681,25.11788],[121.530786,25.117831],[121.530802,25.117786],[121.530968,25.117665],[121.531002,25.117673],[121.531071,25.117657],[121.531105,25.117613],[121.531152,25.11753],[121.531156,25.117496],[121.53114,25.117454],[121.531226,25.117251],[121.531323,25.117136],[121.531317,25.117114],[121.531096,25.117031],[121.530964,25.116991],[121.530933,25.116963],[121.530978,25.116818],[121.530939,25.116712],[121.531008,25.116666],[121.530987,25.116633],[121.531107,25.116579],[121.531114,25.116414],[121.531224,25.116339],[121.530976,25.115892],[121.530749,25.115517],[121.530735,25.115523],[121.530681,25.115426],[121.53032,25.114961],[121.530206,25.114762],[121.529965,25.114372],[121.529718,25.114509],[121.529112,25.11566],[121.528735,25.116354],[121.528734,25.116365],[121.52875,25.116396],[121.530151,25.118135]]]}},{"type":"Feature","properties":{"id":"ae011dc25c83","name":"臺北城市科技大學","level":"大專","basis":"both","data_ym":"202106"},"geometry":{"type":"Polygon","coordinates":[[[121.467896,25.133957],[121.467936,25.134013],[121.468024,25.134187],[121.468325,25.134307],[121.468314,25.134392],[121.468338,25.134418],[121.468392,25.134532],[121.46841,25.134581],[121.468442,25.134628],[121.468436,25.134651],[121.468447,25.13468],[121.468452,25.134812],[121.468421,25.134866],[121.468704,25.135324],[121.468795,25.135443],[121.468864,25.135514],[121.468957,25.135626],[121.469086,25.135731],[121.469172,25.135791],[121.469214,25.135827],[121.469346,25.135925],[121.469487,25.135997],[121.46948,25.136008],[121.469544,25.136047],[121.469619,25.13608],[121.469633,25.136085],[121.469643,25.136066],[121.469848,25.136124],[121.47055,25.136502],[121.470649,25.136565],[121.471064,25.136727],[121.471387,25.136474],[121.471507,25.136349],[121.471431,25.136286],[121.471128,25.136089],[121.470886,25.135808],[121.470791,25.135706],[121.470631,25.135545],[121.470433,25.135365],[121.470337,25.13527],[121.470291,25.135204],[121.470252,25.135138],[121.469992,25.134685],[121.46991,25.134535],[121.469862,25.13443],[121.469846,25.134391],[121.469771,25.134145],[121.469745,25.134031],[121.469718,25.13385],[121.469689,25.133758],[121.469667,25.133714],[121.46963,25.133659],[121.469604,25.133629],[121.469189,25.133211],[121.46904,25.133044],[121.468917,25.132926],[121.468753,25.132778],[121.468653,25.132681],[121.46862,25.13263],[121.468587,25.132551],[121.468567,25.132414],[121.468549,25.132365],[121.46853,25.132335],[121.46849,25.132297],[121.468462,25.132279],[121.468405,25.132255],[121.468336,25.132249],[121.468275,25.132259],[121.468226,25.13228],[121.468148,25.132337],[121.467501,25.13284],[121.467416,25.132997],[121.46733,25.133049],[121.467205,25.133142],[121.467307,25.133265],[121.46742,25.133277],[121.467921,25.133849],[121.467896,25.133957]]]}},{"type":"Feature","properties":{"id":"fe1a37fc8d2a","name":"臺北醫學大學大安校區","level":"大專","basis":"branch","data_ym":"202508"},"geometry":{"type":"Polygon","coordinates":[[[121.554551,25.026307],[121.554147,25.025954],[121.553751,25.026322],[121.553981,25.026577],[121.554494,25.026359],[121.554551,25.026307]]]}},{"type":"Feature","properties":{"id":"5f4bee3fe02e","name":"臺北醫學大學信義校區","level":"大專","basis":"branch","data_ym":"202508"},"geometry":{"type":"Polygon","coordinates":[[[121.562476,25.025566],[121.562837,25.02518],[121.562043,25.024563],[121.56193,25.024483],[121.561915,25.024499],[121.561854,25.02445],[121.561838,25.024462],[121.561681,25.024338],[121.561628,25.024396],[121.561469,25.024267],[121.561417,25.024221],[121.561369,25.024169],[121.561263,25.024075],[121.561195,25.024025],[121.561291,25.023924],[121.561109,25.023813],[121.560036,25.025117],[121.560041,25.025168],[121.560875,25.025828],[121.560863,25.025843],[121.562272,25.026949],[121.562311,25.026937],[121.562533,25.026688],[121.562583,25.026643],[121.561964,25.026149],[121.56197,25.026142],[121.561918,25.026101],[121.562076,25.025931],[121.562137,25.02597],[121.562476,25.025566]]]}},{"type":"Feature","properties":{"id":"5850d164e00f","name":"銘傳大學臺北校區","level":"大專","basis":"branch","data_ym":"202508"},"geometry":{"type":"Polygon","coordinates":[[[121.526823,25.087012],[121.527014,25.086854],[121.527278,25.087109],[121.527295,25.087096],[121.527318,25.087124],[121.527405,25.087023],[121.527479,25.086947],[121.527732,25.086773],[121.527794,25.08676],[121.527942,25.086766],[121.527965,25.086758],[121.52801,25.086721],[121.528095,25.0866],[121.528205,25.086497],[121.528315,25.086483],[121.528325,25.08644],[121.528433,25.086458],[121.528438,25.086438],[121.528496,25.086372],[121.52862,25.086325],[121.529173,25.086568],[121.529547,25.086472],[121.52974,25.086475],[121.529825,25.086431],[121.529851,25.08631],[121.529719,25.086257],[121.529805,25.086054],[121.529085,25.085741],[121.528981,25.0858],[121.528784,25.085687],[121.528706,25.085779],[121.52847,25.085626],[121.528267,25.085443],[121.527857,25.085374],[121.52776,25.08541],[121.527535,25.085446],[121.527412,25.085453],[121.527128,25.08545],[121.526977,25.085483],[121.526906,25.085515],[121.526842,25.08561],[121.526766,25.085754],[121.526914,25.085815],[121.526965,25.085978],[121.527013,25.086083],[121.527125,25.08624],[121.526765,25.086524],[121.52653,25.086756],[121.526492,25.086781],[121.526866,25.08723],[121.526829,25.087256],[121.526904,25.087348],[121.527,25.087238],[121.526835,25.087039],[121.526823,25.087012]]]}},{"type":"Feature","properties":{"id":"a0caa433c893","name":"德明財經科技大學","level":"大專","basis":"both","data_ym":"202310"},"geometry":{"type":"Polygon","coordinates":[[[121.567049,25.087776],[121.567863,25.087244],[121.567865,25.087196],[121.567854,25.087063],[121.567778,25.086877],[121.567699,25.086829],[121.567274,25.086796],[121.567033,25.086751],[121.566845,25.086722],[121.566686,25.086721],[121.566681,25.086911],[121.566636,25.086947],[121.566653,25.086977],[121.566648,25.086998],[121.566618,25.087095],[121.566563,25.087198],[121.566496,25.087267],[121.566415,25.087335],[121.566349,25.087414],[121.566285,25.08746],[121.566111,25.08756],[121.566054,25.087554],[121.565942,25.087584],[121.565923,25.087595],[121.565908,25.087595],[121.565907,25.087461],[121.565883,25.087247],[121.565908,25.087198],[121.565956,25.087132],[121.566088,25.08701],[121.566401,25.086835],[121.566523,25.086778],[121.566527,25.086636],[121.566519,25.086636],[121.56652,25.086522],[121.566451,25.086521],[121.566451,25.086472],[121.565725,25.086464],[121.565429,25.086469],[121.564924,25.086488],[121.56492,25.086521],[121.564927,25.086677],[121.564611,25.086688],[121.564617,25.086709],[121.564593,25.087421],[121.564571,25.087707],[121.564589,25.08774],[121.564642,25.087789],[121.564762,25.087858],[121.564845,25.087898],[121.564918,25.087931],[121.565076,25.087983],[121.565132,25.087995],[121.56535,25.088016],[121.565479,25.088018],[121.565499,25.087952],[121.565502,25.087909],[121.565862,25.087815],[121.565882,25.08784],[121.56594,25.087857],[121.56594,25.087946],[121.565998,25.087955],[121.566222,25.087974],[121.566366,25.088018],[121.566492,25.088071],[121.566551,25.08808],[121.566658,25.088107],[121.566712,25.088111],[121.566913,25.088083],[121.567006,25.088063],[121.56702,25.087789],[121.567049,25.087776]]]}}]}