{"type":"FeatureCollection","county":"臺南市","features":[{"type":"Feature","properties":{"id":"3e732b99390e","name":"臺南市立沙崙國際高級中等學校","level":"高中職","basis":"both","data_ym":"202510"},"geometry":{"type":"Polygon","coordinates":[[[120.28195,22.928837],[120.280511,22.928295],[120.280486,22.9283],[120.28046,22.928322],[120.280452,22.928337],[120.280289,22.929131],[120.280148,22.929844],[120.280155,22.929865],[120.280178,22.929888],[120.280209,22.929905],[120.280332,22.92993],[120.280543,22.929985],[120.281184,22.930168],[120.281613,22.930326],[120.282526,22.930683],[120.282812,22.930802],[120.282834,22.930806],[120.282863,22.930804],[120.282885,22.930799],[120.28292,22.93078],[120.282933,22.93077],[120.283554,22.929529],[120.283561,22.929508],[120.283561,22.92949],[120.283556,22.92947],[120.28353,22.929431],[120.283512,22.929417],[120.28195,22.928837]]]}},{"type":"Feature","properties":{"id":"f274bcd4ef98","name":"真理大學臺南校區","level":"大專","basis":"branch","data_ym":"202508"},"geometry":{"type":"Polygon","coordinates":[[[120.223906,23.218816],[120.22558,23.218735],[120.225461,23.219052],[120.225479,23.219059],[120.225536,23.219077],[120.226434,23.219284],[120.228175,23.219703],[120.228191,23.219687],[120.228195,23.219671],[120.228314,23.219576],[120.228422,23.219393],[120.228471,23.219089],[120.228407,23.218972],[120.22835,23.218809],[120.228249,23.218634],[120.227905,23.217897],[120.227834,23.21752],[120.227664,23.217205],[120.227242,23.216494],[120.226801,23.215764],[120.226673,23.215535],[120.226564,23.215372],[120.226348,23.21544],[120.225245,23.215564],[120.225002,23.215586],[120.224536,23.215624],[120.224177,23.215648],[120.223752,23.215669],[120.223613,23.215673],[120.222958,23.21567],[120.222758,23.215682],[120.222679,23.216278],[120.222525,23.217371],[120.222443,23.217548],[120.222299,23.21779],[120.223273,23.219432],[120.222295,23.219876],[120.222326,23.219928],[120.222313,23.220005],[120.222322,23.220059],[120.223363,23.219585],[120.223357,23.219572],[120.22352,23.219184],[120.223906,23.218816]]]}},{"type":"Feature","properties":{"id":"0b3ef306d0ff","name":"臺南市白河區仙草實驗國民小學關嶺分校","level":"大專","basis":"branch","data_ym":"202508"},"geometry":{"type":"Polygon","coordinates":[[[120.506756,23.330238],[120.50662,23.330217],[120.506616,23.330312],[120.5065,23.330457],[120.506283,23.330751],[120.506284,23.330835],[120.506319,23.330879],[120.506616,23.331078],[120.507784,23.331747],[120.508065,23.331358],[120.508202,23.331121],[120.508226,23.331066],[120.508362,23.330696],[120.508368,23.330665],[120.508369,23.330634],[120.508353,23.330535],[120.508347,23.330526],[120.508306,23.330517],[120.507621,23.330414],[120.507451,23.330384],[120.506781,23.330247],[120.506756,23.330238]]]}},{"type":"Feature","properties":{"id":"bf140be62911","name":"國立臺南大學榮譽校區","level":"大專","basis":"branch","data_ym":"202508"},"geometry":{"type":"Polygon","coordinates":[[[120.218103,22.975797],[120.218136,22.975739],[120.218106,22.975725],[120.217972,22.975723],[120.217951,22.975749],[120.217846,22.975689],[120.217657,22.975677],[120.2176,22.975794],[120.2175,22.975769],[120.217475,22.975759],[120.217478,22.975753],[120.217416,22.975727],[120.217423,22.975715],[120.217317,22.975665],[120.217106,22.975598],[120.216935,22.97555],[120.216824,22.975526],[120.216471,22.976649],[120.217473,22.976972],[120.217566,22.976811],[120.217631,22.976719],[120.217973,22.976328],[120.218201,22.976138],[120.218321,22.975991],[120.218369,22.975922],[120.218177,22.975825],[120.218103,22.975797]]]}},{"type":"Feature","properties":{"id":"8f8f5c68c882","name":"臺南市仁德區虎山實驗國民小學","level":"國小","basis":"name","data_ym":"202508"},"geometry":{"type":"Polygon","coordinates":[[[120.230912,22.945511],[120.230791,22.94498],[120.23008,22.945108],[120.229074,22.945317],[120.229221,22.945888],[120.230187,22.945674],[120.230305,22.945643],[120.230912,22.945511]]]}},{"type":"Feature","properties":{"id":"18c00bdaf363","name":"臺南市安平區西門實驗國民小學","level":"國小","basis":"name","data_ym":"202508"},"geometry":{"type":"Polygon","coordinates":[[[120.16079,23.003245],[120.160925,23.002952],[120.160902,23.002909],[120.160842,23.002898],[120.1608,23.002945],[120.16072,23.002918],[120.160404,23.002852],[120.158941,23.002476],[120.158869,23.002446],[120.158854,23.002465],[120.158819,23.002557],[120.158748,23.002667],[120.158632,23.0029],[120.158618,23.002904],[120.158357,23.002835],[120.158343,23.002846],[120.158339,23.002855],[120.158311,23.002965],[120.158312,23.002972],[120.158322,23.002977],[120.158997,23.003175],[120.159022,23.003179],[120.159063,23.003175],[120.159101,23.003158],[120.159108,23.00315],[120.159124,23.003077],[120.159202,23.003087],[120.159216,23.003069],[120.159676,23.003135],[120.159728,23.003107],[120.159899,23.003123],[120.159928,23.003167],[120.160568,23.003259],[120.160574,23.00328],[120.160658,23.003292],[120.160711,23.00329],[120.160755,23.003276],[120.16079,23.003245]]]}},{"type":"Feature","properties":{"id":"75c360f3035f","name":"臺南市關廟區文和實驗國民小學","level":"國小","basis":"name","data_ym":"202508"},"geometry":{"type":"Polygon","coordinates":[[[120.348119,22.918675],[120.347861,22.918319],[120.347834,22.918337],[120.347793,22.918291],[120.347774,22.918302],[120.347747,22.918269],[120.347396,22.918473],[120.34733,22.918589],[120.347124,22.918767],[120.347006,22.919006],[120.346928,22.919145],[120.346913,22.919181],[120.347251,22.919357],[120.347539,22.919525],[120.347625,22.919394],[120.347761,22.919166],[120.347857,22.919017],[120.348278,22.918841],[120.348393,22.918781],[120.348322,22.918742],[120.348119,22.918675]]]}},{"type":"Feature","properties":{"id":"0f77b514efef","name":"國立臺南大學附屬啟聰學校","level":"特殊","basis":"both","data_ym":"202508"},"geometry":{"type":"Polygon","coordinates":[[[120.319648,23.040826],[120.319655,23.040365],[120.320434,23.040371],[120.320445,23.039359],[120.320332,23.039354],[120.320347,23.038803],[120.32035,23.038461],[120.319484,23.038449],[120.318575,23.038428],[120.318579,23.038397],[120.318565,23.038396],[120.317995,23.038426],[120.317996,23.038457],[120.317722,23.038463],[120.316941,23.038496],[120.316779,23.038512],[120.316742,23.038589],[120.316767,23.03902],[120.31678,23.039328],[120.316784,23.039335],[120.316806,23.039352],[120.316827,23.039358],[120.317464,23.039367],[120.31846,23.039403],[120.318499,23.039412],[120.318519,23.039427],[120.318526,23.039452],[120.31852,23.040364],[120.31853,23.040365],[120.319397,23.04073],[120.319587,23.040815],[120.319618,23.040818],[120.319648,23.040826]]]}},{"type":"Feature","properties":{"id":"81f3d6d20dc8","name":"臺南市白河區仙草實驗國民小學","level":"國小","basis":"name","data_ym":"202508"},"geometry":{"type":"Polygon","coordinates":[[[120.473935,23.345121],[120.474185,23.344935],[120.474343,23.344829],[120.474194,23.344518],[120.47411,23.344333],[120.474107,23.344334],[120.474096,23.344311],[120.4741,23.34431],[120.473988,23.344058],[120.473989,23.344016],[120.473977,23.344009],[120.473963,23.343991],[120.473674,23.343352],[120.473541,23.343141],[120.473459,23.343272],[120.47339,23.343356],[120.473311,23.343435],[120.473188,23.343542],[120.473181,23.343559],[120.473181,23.343576],[120.473187,23.343594],[120.473258,23.343757],[120.473293,23.343823],[120.473309,23.3439],[120.473328,23.344202],[120.473229,23.344421],[120.47322,23.34445],[120.473221,23.344852],[120.473169,23.345017],[120.473128,23.345122],[120.473257,23.344967],[120.473293,23.344989],[120.473349,23.345008],[120.473648,23.345357],[120.473935,23.345121]]]}},{"type":"Feature","properties":{"id":"d9ee97a69690","name":"臺南市新營區南梓實驗國民小學","level":"國小","basis":"name","data_ym":"202508"},"geometry":{"type":"Polygon","coordinates":[[[120.299273,23.297968],[120.299233,23.297312],[120.299252,23.297313],[120.299244,23.297049],[120.298447,23.296977],[120.298059,23.296936],[120.298063,23.297099],[120.298089,23.297609],[120.298135,23.298382],[120.299299,23.298314],[120.299273,23.297968]]]}},{"type":"Feature","properties":{"id":"dec4f99ac76c","name":"臺南市私立慈濟高級中學國民小學部","level":"其他","basis":"none","data_ym":"202508"},"geometry":{"type":"Polygon","coordinates":[[[120.177638,22.985769],[120.177601,22.985748],[120.175555,22.985945],[120.175535,22.985977],[120.175648,22.986943],[120.175685,22.986959],[120.177738,22.986751],[120.177762,22.986717],[120.177638,22.985769]]]}},{"type":"Feature","properties":{"id":"b1a5970a138b","name":"康寧大學臺南校區","level":"大專","basis":"branch","data_ym":"202508"},"geometry":{"type":"Polygon","coordinates":[[[120.157126,23.061723],[120.157211,23.061647],[120.15759,23.061997],[120.158116,23.061959],[120.158307,23.061956],[120.158443,23.061958],[120.158718,23.061944],[120.159138,23.061917],[120.159664,23.061888],[120.159682,23.061886],[120.159684,23.061879],[120.159542,23.061035],[120.159503,23.060829],[120.158786,23.06063],[120.15874,23.060623],[120.158594,23.060626],[120.158531,23.060623],[120.158506,23.060617],[120.158403,23.060566],[120.158273,23.060479],[120.158229,23.060459],[120.158189,23.060435],[120.158098,23.060359],[120.157298,23.059639],[120.157332,23.059607],[120.157168,23.059479],[120.156826,23.059171],[120.155827,23.058256],[120.155783,23.058222],[120.155734,23.058198],[120.155688,23.058185],[120.155625,23.058181],[120.155491,23.058085],[120.155592,23.057957],[120.155397,23.057747],[120.154759,23.058347],[120.155062,23.058623],[120.155002,23.058676],[120.15498,23.058683],[120.154951,23.058683],[120.154878,23.05867],[120.154837,23.058669],[120.15476,23.058685],[120.154676,23.058718],[120.154615,23.058753],[120.154567,23.05879],[120.154345,23.058914],[120.154195,23.059018],[120.153099,23.060025],[120.15308,23.06005],[120.153066,23.060081],[120.153059,23.060117],[120.153062,23.060165],[120.153078,23.060207],[120.15311,23.060247],[120.154976,23.061968],[120.155028,23.062005],[120.15509,23.062037],[120.155158,23.062059],[120.155233,23.062066],[120.155302,23.062066],[120.155633,23.062042],[120.156681,23.061979],[120.156772,23.061968],[120.156837,23.061952],[120.156885,23.061932],[120.156908,23.061919],[120.157033,23.06182],[120.157062,23.061802],[120.157102,23.061785],[120.157156,23.061771],[120.157164,23.061762],[120.15716,23.061755],[120.157126,23.061723]]]}},{"type":"Feature","properties":{"id":"fe460c2548c4","name":"真理大學臺南校區1","level":"其他","basis":"none","data_ym":"202508"},"geometry":{"type":"Polygon","coordinates":[[[120.222139,23.220333],[120.222081,23.22027],[120.221818,23.220467],[120.221883,23.220539],[120.22174,23.220647],[120.22207,23.221017],[120.222468,23.221451],[120.222815,23.221201],[120.222735,23.221138],[120.222527,23.220887],[120.222305,23.220652],[120.222243,23.220591],[120.222134,23.220522],[120.222139,23.220333]]]}},{"type":"Feature","properties":{"id":"0397507ff39e","name":"臺南市七股區光復生態實驗國民小學","level":"國小","basis":"name","data_ym":"202508"},"geometry":{"type":"Polygon","coordinates":[[[120.107606,23.150164],[120.10763,23.150093],[120.107643,23.150096],[120.107745,23.14978],[120.107688,23.149645],[120.107289,23.149212],[120.107234,23.149176],[120.107097,23.149192],[120.107071,23.149186],[120.106959,23.148701],[120.10685,23.148718],[120.106848,23.148703],[120.106528,23.148702],[120.106523,23.148903],[120.106505,23.149166],[120.106444,23.149282],[120.106427,23.14929],[120.106176,23.1493],[120.10616,23.149326],[120.106099,23.149573],[120.106089,23.149675],[120.106092,23.149708],[120.106101,23.149737],[120.106119,23.149759],[120.106231,23.149793],[120.10699,23.15001],[120.107243,23.150086],[120.107527,23.150155],[120.107633,23.150188],[120.107651,23.1502],[120.107661,23.150212],[120.107661,23.150197],[120.107652,23.150183],[120.107606,23.150164]]]}},{"type":"Feature","properties":{"id":"f8ecae7bffb5","name":"臺南市南區志開實驗國民小學","level":"國小","basis":"name","data_ym":"202508"},"geometry":{"type":"Polygon","coordinates":[[[120.203456,22.975777],[120.202625,22.975678],[120.202098,22.975653],[120.202017,22.975654],[120.202029,22.975967],[120.201984,22.975968],[120.201993,22.976262],[120.201999,22.976832],[120.202165,22.976831],[120.202166,22.976877],[120.202741,22.976867],[120.202742,22.976872],[120.203004,22.976863],[120.203003,22.976858],[120.203209,22.976856],[120.203222,22.976801],[120.203205,22.976685],[120.203221,22.976683],[120.203207,22.976567],[120.203205,22.976496],[120.203393,22.976486],[120.203474,22.976489],[120.203474,22.976405],[120.20345,22.976404],[120.203449,22.976281],[120.203467,22.976246],[120.203456,22.975777]]]}},{"type":"Feature","properties":{"id":"ebcb27b5fdd1","name":"臺南市左鎮區光榮實驗國民小學","level":"國小","basis":"name","data_ym":"202508"},"geometry":{"type":"Polygon","coordinates":[[[120.389676,23.064179],[120.389732,23.064884],[120.390099,23.064863],[120.390108,23.064994],[120.390152,23.064939],[120.390245,23.064843],[120.390313,23.064756],[120.390338,23.064701],[120.390412,23.064402],[120.390389,23.064331],[120.390383,23.064207],[120.390246,23.064169],[120.390162,23.064131],[120.390167,23.064066],[120.390041,23.064081],[120.390043,23.06415],[120.389785,23.064165],[120.389676,23.064179]]]}},{"type":"Feature","properties":{"id":"545d93ea6626","name":"臺南市新化區口埤實驗國民小學","level":"國小","basis":"name","data_ym":"202508"},"geometry":{"type":"Polygon","coordinates":[[[120.349303,23.025895],[120.349587,23.025829],[120.349582,23.025685],[120.349599,23.025655],[120.34959,23.025595],[120.349593,23.025516],[120.349598,23.025487],[120.349661,23.025318],[120.349667,23.02529],[120.349664,23.025252],[120.349625,23.025216],[120.349569,23.024919],[120.34954,23.024846],[120.349489,23.024811],[120.34938,23.024777],[120.348626,23.02493],[120.348613,23.024962],[120.348641,23.025122],[120.34867,23.025354],[120.348716,23.025666],[120.348811,23.02566],[120.348863,23.025595],[120.348909,23.025587],[120.348937,23.025897],[120.34909,23.025888],[120.3492,23.0259],[120.349303,23.025895]]]}},{"type":"Feature","properties":{"id":"c016c5c031b6","name":"臺南應用科技大學","level":"大專","basis":"both","data_ym":"202508"},"geometry":{"type":"Polygon","coordinates":[[[120.238787,23.039443],[120.238874,23.039295],[120.239123,23.039527],[120.239919,23.03881],[120.240748,23.038042],[120.240057,23.03747],[120.240225,23.037236],[120.240406,23.037021],[120.240712,23.036483],[120.240316,23.036261],[120.240286,23.03628],[120.240059,23.036514],[120.240034,23.036517],[120.239683,23.036344],[120.239189,23.036033],[120.239043,23.035946],[120.238968,23.035916],[120.23874,23.035716],[120.238643,23.035672],[120.238371,23.035457],[120.237544,23.036235],[120.237482,23.036302],[120.237474,23.036326],[120.237474,23.036352],[120.23748,23.036373],[120.237497,23.036391],[120.237898,23.036678],[120.237832,23.036765],[120.237797,23.036738],[120.237756,23.036794],[120.237773,23.036808],[120.237584,23.037074],[120.237555,23.037124],[120.237538,23.037166],[120.237528,23.037213],[120.237497,23.037747],[120.237462,23.038863],[120.237749,23.038878],[120.23777,23.038861],[120.2378,23.038889],[120.23763,23.039043],[120.237857,23.039266],[120.237945,23.039362],[120.238006,23.039438],[120.238077,23.039511],[120.238196,23.039413],[120.238485,23.039707],[120.238787,23.039443]]]}},{"type":"Feature","properties":{"id":"6decfd2cc741","name":"臺南應用科技大學1","level":"大專","basis":"both","data_ym":"202508"},"geometry":{"type":"Polygon","coordinates":[[[120.236523,23.036228],[120.236526,23.036181],[120.23665,23.036185],[120.236649,23.03621],[120.236822,23.036226],[120.237081,23.036457],[120.238259,23.035345],[120.237689,23.034793],[120.237647,23.034758],[120.23765,23.034755],[120.237632,23.034737],[120.237354,23.034565],[120.236905,23.035192],[120.236558,23.034945],[120.23643,23.035075],[120.236625,23.035248],[120.236438,23.035434],[120.236187,23.035662],[120.236124,23.03561],[120.236107,23.035585],[120.2361,23.035589],[120.236093,23.035584],[120.236075,23.035558],[120.236067,23.035562],[120.236045,23.035544],[120.235989,23.035599],[120.235737,23.03572],[120.235603,23.035789],[120.235493,23.035897],[120.235588,23.035992],[120.235616,23.036053],[120.235732,23.036176],[120.235339,23.036531],[120.23604,23.037158],[120.236073,23.037192],[120.23625,23.037066],[120.236328,23.037004],[120.23634,23.03699],[120.236363,23.03693],[120.236304,23.036813],[120.236098,23.036632],[120.236523,23.036228]]]}},{"type":"Feature","properties":{"id":"65d26e89001b","name":"臺南市北區文元國民小學","level":"國小","basis":"both","data_ym":"202506"},"geometry":{"type":"Polygon","coordinates":[[[120.199855,23.01396],[120.199804,23.014644],[120.199656,23.014636],[120.199648,23.014806],[120.198915,23.014765],[120.198232,23.01472],[120.198164,23.015801],[120.198196,23.015833],[120.200054,23.015926],[120.200128,23.014845],[120.200171,23.014845],[120.200235,23.01398],[120.199855,23.01396]]]}},{"type":"Feature","properties":{"id":"07d477ebd024","name":"臺南市立蓮潭國民中小學","level":"國中","basis":"moe","data_ym":"202506"},"geometry":{"type":"Polygon","coordinates":[[[120.309489,23.115258],[120.309474,23.115243],[120.309045,23.115247],[120.308322,23.115267],[120.307992,23.11527],[120.30797,23.115317],[120.307937,23.115349],[120.308035,23.115667],[120.308061,23.115686],[120.308137,23.115928],[120.308122,23.115966],[120.308136,23.116124],[120.308126,23.116363],[120.308148,23.116985],[120.308162,23.117159],[120.308166,23.117368],[120.308151,23.11739],[120.308163,23.117716],[120.309581,23.117687],[120.309565,23.117219],[120.309557,23.116769],[120.309539,23.11647],[120.309539,23.115903],[120.309527,23.115897],[120.309506,23.115423],[120.309525,23.115412],[120.309518,23.115277],[120.309489,23.115258]]]}},{"type":"Feature","properties":{"id":"3ecc0e3bdcc2","name":"臺南市私立玉秀雙語國民小學","level":"國小","basis":"both","data_ym":"202505"},"geometry":{"type":"Polygon","coordinates":[[[120.275447,23.32319],[120.275369,23.323139],[120.27524,23.323131],[120.275155,23.323154],[120.275069,23.323019],[120.275025,23.323021],[120.275021,23.322949],[120.274938,23.322915],[120.274888,23.322871],[120.274877,23.322779],[120.274877,23.322634],[120.274746,23.322666],[120.274592,23.322688],[120.274338,23.322706],[120.273429,23.322741],[120.273407,23.322931],[120.273327,23.323516],[120.27376,23.323733],[120.273702,23.324122],[120.273846,23.32419],[120.274049,23.324295],[120.274254,23.324426],[120.274354,23.324499],[120.274474,23.324595],[120.274588,23.324692],[120.274816,23.324864],[120.274883,23.324913],[120.275018,23.324989],[120.275144,23.325044],[120.275256,23.325084],[120.275601,23.325192],[120.275625,23.324902],[120.275659,23.324643],[120.2757,23.324105],[120.275723,23.323448],[120.275718,23.323269],[120.275644,23.323247],[120.275478,23.323231],[120.275456,23.323208],[120.275447,23.32319]]]}},{"type":"Feature","properties":{"id":"7421bccd86f5","name":"臺南市安定區安定國民小學第二校區","level":"大專","basis":"branch","data_ym":"202505"},"geometry":{"type":"Polygon","coordinates":[[[120.240244,23.116791],[120.238571,23.116188],[120.238253,23.116957],[120.238234,23.117038],[120.238222,23.11713],[120.238217,23.117174],[120.238221,23.117199],[120.238232,23.117222],[120.238246,23.117235],[120.239031,23.117364],[120.239318,23.117425],[120.239343,23.117444],[120.239903,23.117646],[120.240244,23.116791]]]}},{"type":"Feature","properties":{"id":"99fe27465af5","name":"臺南市中西區協進國民小學","level":"國小","basis":"both","data_ym":"202505"},"geometry":{"type":"Polygon","coordinates":[[[120.194422,22.997763],[120.194038,22.996789],[120.193929,22.996747],[120.193899,22.996761],[120.193888,22.996757],[120.193895,22.99674],[120.19386,22.99672],[120.193714,22.996668],[120.19337,22.996562],[120.193286,22.99659],[120.193255,22.996502],[120.192724,22.996669],[120.192705,22.996733],[120.192293,22.9974],[120.192195,22.997541],[120.192123,22.997654],[120.192005,22.997757],[120.191928,22.9978],[120.191863,22.997828],[120.191874,22.997849],[120.191873,22.997854],[120.191915,22.997864],[120.19244,22.998179],[120.192432,22.998191],[120.192601,22.998283],[120.192634,22.998284],[120.192938,22.998255],[120.192997,22.998243],[120.194255,22.997828],[120.194407,22.997773],[120.194422,22.997763]]]}},{"type":"Feature","properties":{"id":"37e6e4ac818b","name":"國立成功大學勝利校區","level":"大專","basis":"branch","data_ym":"202412"},"geometry":{"type":"Polygon","coordinates":[[[120.219453,22.992337],[120.219453,22.99238],[120.219508,22.992801],[120.219488,22.992802],[120.219557,22.993637],[120.219386,22.993636],[120.218814,22.993617],[120.21844,22.99375],[120.218088,22.993864],[120.218116,22.994255],[120.21813,22.994264],[120.218138,22.994369],[120.218128,22.99437],[120.218197,22.995242],[120.218207,22.995242],[120.21828,22.996122],[120.220108,22.99602],[120.220091,22.99475],[120.220122,22.994748],[120.220293,22.994719],[120.220704,22.99468],[120.220706,22.994632],[120.22073,22.994636],[120.220747,22.994205],[120.220772,22.99373],[120.220959,22.993745],[120.22096,22.993733],[120.220964,22.993729],[120.221361,22.993766],[120.22137,22.993693],[120.221369,22.993672],[120.221334,22.993561],[120.221328,22.993515],[120.221391,22.993267],[120.221407,22.99301],[120.221413,22.99284],[120.220964,22.99287],[120.220701,22.992762],[120.220325,22.992585],[120.220297,22.992272],[120.219738,22.992323],[120.219699,22.992311],[120.219453,22.992337]]]}},{"type":"Feature","properties":{"id":"1e253840a665","name":"國立臺南大學","level":"大專","basis":"both","data_ym":"202412"},"geometry":{"type":"Polygon","coordinates":[[[120.208272,22.985247],[120.209012,22.985114],[120.208975,22.984827],[120.208908,22.984757],[120.208837,22.984399],[120.208828,22.9844],[120.208671,22.983608],[120.208637,22.983376],[120.208553,22.982898],[120.208537,22.982826],[120.208484,22.982695],[120.208484,22.982664],[120.208478,22.982664],[120.208468,22.9826],[120.208253,22.9826],[120.208048,22.982634],[120.207937,22.982656],[120.207939,22.982616],[120.207232,22.982622],[120.207232,22.982618],[120.207186,22.982619],[120.207183,22.982623],[120.206847,22.982625],[120.205933,22.982647],[120.205997,22.983335],[120.206054,22.983821],[120.2061,22.984087],[120.206117,22.984246],[120.205902,22.98444],[120.205867,22.984443],[120.20585,22.984591],[120.205808,22.984708],[120.205817,22.984769],[120.206093,22.984722],[120.2061,22.984755],[120.205819,22.984801],[120.205804,22.984933],[120.205792,22.984952],[120.205913,22.985507],[120.205931,22.985523],[120.20821,22.985135],[120.208218,22.985175],[120.208261,22.98517],[120.208272,22.985247]]]}},{"type":"Feature","properties":{"id":"4a46dbe27b3b","name":"國立臺南大學附設實驗國民小學","level":"國小","basis":"name","data_ym":"202412"},"geometry":{"type":"Polygon","coordinates":[[[120.208908,22.984757],[120.208975,22.984827],[120.209012,22.985114],[120.208272,22.985247],[120.208433,22.986212],[120.208715,22.986204],[120.209316,22.986166],[120.209553,22.986155],[120.209786,22.986139],[120.209826,22.986131],[120.209849,22.986121],[120.209871,22.986103],[120.210016,22.985933],[120.210853,22.985011],[120.210935,22.984892],[120.210998,22.984764],[120.211018,22.984696],[120.211016,22.984691],[120.210989,22.984676],[120.210593,22.984518],[120.21051,22.98448],[120.210419,22.984427],[120.210291,22.984309],[120.21024,22.984217],[120.210148,22.984093],[120.210127,22.98408],[120.210067,22.984059],[120.209927,22.984186],[120.209679,22.984363],[120.209407,22.984485],[120.209418,22.984517],[120.208908,22.984757]]]}},{"type":"Feature","properties":{"id":"843ba5614a34","name":"國立臺南第一高級中學1","level":"高中職","basis":"name","data_ym":"202412"},"geometry":{"type":"Polygon","coordinates":[[[120.219453,22.992337],[120.21926,22.992351],[120.218905,22.992385],[120.218829,22.992395],[120.218831,22.992407],[120.217997,22.99247],[120.218054,22.993211],[120.218043,22.993211],[120.218049,22.993264],[120.218071,22.993263],[120.218088,22.993471],[120.218072,22.993472],[120.2181,22.993861],[120.21844,22.99375],[120.218814,22.993617],[120.219386,22.993636],[120.219557,22.993637],[120.219488,22.992802],[120.219508,22.992801],[120.219453,22.99238],[120.219453,22.992337]]]}},{"type":"Feature","properties":{"id":"d633df51755f","name":"國立臺南護理專科學校","level":"大專","basis":"both","data_ym":"202412"},"geometry":{"type":"Polygon","coordinates":[[[120.20876,22.995122],[120.208663,22.995058],[120.208551,22.994992],[120.208482,22.995097],[120.208018,22.995195],[120.207916,22.995188],[120.207729,22.995141],[120.207013,22.995392],[120.207019,22.995416],[120.207018,22.995522],[120.207032,22.995661],[120.207078,22.99574],[120.207081,22.995752],[120.207086,22.995806],[120.207065,22.995848],[120.207139,22.996],[120.207335,22.996337],[120.207579,22.996337],[120.207584,22.996065],[120.207968,22.996073],[120.207973,22.99597],[120.208028,22.995971],[120.208026,22.996078],[120.208389,22.996084],[120.208403,22.996078],[120.208414,22.995959],[120.208461,22.995919],[120.20857,22.995915],[120.208581,22.995215],[120.20876,22.995122]]]}},{"type":"Feature","properties":{"id":"ee27127c5a86","name":"臺南市六甲區六甲國民小學","level":"國小","basis":"both","data_ym":"202412"},"geometry":{"type":"Polygon","coordinates":[[[120.348623,23.225388],[120.348736,23.225671],[120.348714,23.22576],[120.349016,23.226588],[120.349207,23.226551],[120.349278,23.22673],[120.349406,23.22669],[120.34945,23.226671],[120.34951,23.2268],[120.349752,23.226703],[120.349701,23.226567],[120.349735,23.226556],[120.349783,23.226684],[120.349905,23.226637],[120.349886,23.226596],[120.349952,23.226583],[120.349964,23.226601],[120.350282,23.226486],[120.350287,23.226501],[120.350388,23.226467],[120.350429,23.22644],[120.350531,23.22641],[120.350515,23.226354],[120.350783,23.226283],[120.350799,23.226343],[120.351089,23.226249],[120.35103,23.226119],[120.350959,23.226095],[120.35095,23.225937],[120.350871,23.225718],[120.350832,23.225628],[120.350765,23.225497],[120.35075,23.225471],[120.350732,23.225452],[120.350522,23.225407],[120.350416,23.225408],[120.350394,23.225405],[120.350388,23.225394],[120.350393,23.225366],[120.349097,23.225065],[120.349086,23.225106],[120.349015,23.225089],[120.348972,23.225246],[120.348995,23.225253],[120.348944,23.225469],[120.348623,23.225388]]]}},{"type":"Feature","properties":{"id":"b25cf8694e64","name":"臺南市北區大光國民小學","level":"國小","basis":"both","data_ym":"202412"},"geometry":{"type":"Polygon","coordinates":[[[120.218169,23.010974],[120.217352,23.011029],[120.217354,23.01111],[120.217131,23.011126],[120.217239,23.011813],[120.216842,23.011883],[120.216829,23.011899],[120.217086,23.012685],[120.217095,23.0127],[120.217109,23.012706],[120.218269,23.012648],[120.218297,23.012473],[120.21835,23.011535],[120.21837,23.011255],[120.218169,23.010974]]]}},{"type":"Feature","properties":{"id":"584bd186ed1c","name":"臺南市安南區安順國民小學","level":"國小","basis":"both","data_ym":"202412"},"geometry":{"type":"Polygon","coordinates":[[[120.218471,23.048917],[120.21812,23.047664],[120.218104,23.047657],[120.217595,23.047731],[120.216579,23.047801],[120.216545,23.047831],[120.216486,23.04893],[120.216486,23.049076],[120.216473,23.049382],[120.217899,23.049041],[120.218471,23.048917]]]}},{"type":"Feature","properties":{"id":"4a846e8b1977","name":"臺南市東區崇明國民小學","level":"國小","basis":"both","data_ym":"202412"},"geometry":{"type":"Polygon","coordinates":[[[120.224905,22.9717],[120.224926,22.971594],[120.224933,22.9716],[120.224957,22.971578],[120.224983,22.971578],[120.224983,22.971572],[120.225144,22.971574],[120.225222,22.971576],[120.225222,22.971587],[120.225526,22.971589],[120.225568,22.971526],[120.22557,22.970672],[120.22305,22.970676],[120.223241,22.971659],[120.223337,22.971677],[120.224191,22.971697],[120.224905,22.9717]]]}},{"type":"Feature","properties":{"id":"0e590e233288","name":"臺南市立六甲國民中學","level":"國中","basis":"both","data_ym":"202412"},"geometry":{"type":"Polygon","coordinates":[[[120.349278,23.22673],[120.349207,23.226551],[120.349016,23.226588],[120.348714,23.22576],[120.348736,23.225671],[120.348582,23.225285],[120.348661,23.224957],[120.348516,23.224921],[120.348484,23.224937],[120.348263,23.224888],[120.348253,23.224854],[120.347931,23.224786],[120.347933,23.224798],[120.348333,23.225802],[120.347943,23.225861],[120.348068,23.226203],[120.348174,23.226512],[120.347835,23.226631],[120.347987,23.22719],[120.348015,23.227271],[120.348155,23.227598],[120.348258,23.227824],[120.348288,23.227839],[120.348534,23.227781],[120.349401,23.227556],[120.349322,23.227344],[120.349291,23.227215],[120.3492,23.226964],[120.349176,23.226968],[120.349112,23.226788],[120.349278,23.22673]]]}},{"type":"Feature","properties":{"id":"375ddc08b1bf","name":"臺南市立安順國民中學","level":"國中","basis":"both","data_ym":"202412"},"geometry":{"type":"Polygon","coordinates":[[[120.218471,23.048917],[120.217899,23.049041],[120.216473,23.049382],[120.216486,23.049076],[120.216103,23.049057],[120.216153,23.050057],[120.216227,23.050477],[120.216302,23.050823],[120.216464,23.050754],[120.216461,23.050746],[120.216569,23.050699],[120.216568,23.050694],[120.216618,23.050671],[120.216616,23.050667],[120.217134,23.050399],[120.217132,23.050387],[120.217381,23.050338],[120.217934,23.050069],[120.21831,23.049984],[120.218297,23.049919],[120.218449,23.049889],[120.218436,23.049795],[120.218438,23.049743],[120.218681,23.049704],[120.218471,23.048917]]]}},{"type":"Feature","properties":{"id":"0491eb699ed0","name":"臺南市立崇明國民中學","level":"國中","basis":"both","data_ym":"202412"},"geometry":{"type":"Polygon","coordinates":[[[120.22557,22.970672],[120.22556,22.969626],[120.225565,22.96893],[120.224905,22.968931],[120.223989,22.968923],[120.223014,22.968924],[120.222994,22.969775],[120.222995,22.970351],[120.22302,22.970552],[120.223025,22.970561],[120.22305,22.970676],[120.22557,22.970672]]]}},{"type":"Feature","properties":{"id":"6f990d38c1d8","name":"臺南市立忠孝國民中學","level":"國中","basis":"both","data_ym":"202412"},"geometry":{"type":"Polygon","coordinates":[[[120.224135,22.982814],[120.222708,22.981175],[120.222578,22.98126],[120.221785,22.98181],[120.222553,22.982747],[120.222732,22.98261],[120.223334,22.983357],[120.224135,22.982814]]]}},{"type":"Feature","properties":{"id":"b284c88ef06e","name":"臺南市立成功國民中學","level":"國中","basis":"both","data_ym":"202412"},"geometry":{"type":"Polygon","coordinates":[[[120.218169,23.010974],[120.217476,23.009999],[120.216802,23.009063],[120.216696,23.009127],[120.216499,23.009162],[120.216534,23.009271],[120.216497,23.009281],[120.216531,23.009397],[120.216346,23.009437],[120.216445,23.009955],[120.216512,23.01033],[120.216647,23.010332],[120.216651,23.010391],[120.216764,23.010544],[120.216863,23.010646],[120.216957,23.0107],[120.217025,23.0108],[120.217081,23.010794],[120.217106,23.010978],[120.217118,23.011026],[120.217131,23.011126],[120.217354,23.01111],[120.217352,23.011029],[120.218169,23.010974]]]}},{"type":"Feature","properties":{"id":"9a3d965e6b4d","name":"臺南市立永康國民中學","level":"國中","basis":"both","data_ym":"202411"},"geometry":{"type":"Polygon","coordinates":[[[120.256557,23.028388],[120.256806,23.027508],[120.256081,23.027308],[120.255863,23.027163],[120.25546,23.027174],[120.255075,23.027022],[120.254872,23.026714],[120.254191,23.02657],[120.253907,23.027776],[120.254792,23.027979],[120.254791,23.027985],[120.254978,23.028023],[120.255052,23.028045],[120.255389,23.028123],[120.255423,23.028005],[120.25543,23.028],[120.255857,23.028107],[120.256011,23.028148],[120.256103,23.028179],[120.256062,23.028334],[120.256082,23.028341],[120.256038,23.028542],[120.255998,23.028638],[120.255873,23.028854],[120.25591,23.028871],[120.256168,23.028664],[120.256425,23.028487],[120.256557,23.028388]]]}},{"type":"Feature","properties":{"id":"b93d80cdf1b4","name":"臺南市立玉井國民中學","level":"國中","basis":"both","data_ym":"202412"},"geometry":{"type":"Polygon","coordinates":[[[120.470756,23.124655],[120.471247,23.124658],[120.471232,23.124636],[120.471242,23.124596],[120.47125,23.124585],[120.471378,23.124528],[120.471506,23.124463],[120.471698,23.124417],[120.471647,23.12421],[120.471634,23.124197],[120.471621,23.124193],[120.471466,23.123471],[120.471453,23.123359],[120.471465,23.123163],[120.471458,23.123077],[120.471412,23.122782],[120.471389,23.122693],[120.471375,23.122594],[120.471331,23.12236],[120.471302,23.122339],[120.471175,23.12233],[120.470417,23.12239],[120.470035,23.122413],[120.470034,23.122381],[120.470029,23.122368],[120.470016,23.122363],[120.46962,23.122391],[120.46961,23.122397],[120.469604,23.122408],[120.469661,23.123264],[120.469679,23.12328],[120.469701,23.123312],[120.46974,23.123988],[120.469888,23.123975],[120.469938,23.124623],[120.470141,23.124597],[120.470138,23.124965],[120.470216,23.124953],[120.470465,23.124946],[120.470566,23.124922],[120.470595,23.124907],[120.470602,23.12484],[120.470632,23.124751],[120.470646,23.124731],[120.470663,23.12471],[120.470711,23.124671],[120.470756,23.124655]]]}},{"type":"Feature","properties":{"id":"31cae55c2293","name":"臺南市龍崎區龍崎國民小學","level":"國小","basis":"both","data_ym":"202412"},"geometry":{"type":"Polygon","coordinates":[[[120.359637,22.964851],[120.359606,22.964556],[120.359659,22.964545],[120.359432,22.963925],[120.359308,22.96369],[120.359169,22.963524],[120.359092,22.963496],[120.359057,22.963497],[120.358933,22.963538],[120.358814,22.963598],[120.358782,22.963627],[120.358728,22.963745],[120.35874,22.96389],[120.358712,22.963926],[120.358743,22.963951],[120.358668,22.964032],[120.358655,22.964102],[120.358605,22.964252],[120.358605,22.964285],[120.35863,22.964306],[120.358874,22.964362],[120.358985,22.964406],[120.359155,22.964495],[120.359194,22.96453],[120.359208,22.964549],[120.35921,22.964558],[120.359261,22.964924],[120.359486,22.964904],[120.359483,22.964869],[120.359637,22.964851]]]}},{"type":"Feature","properties":{"id":"a03918cb36e7","name":"中信學校財團法人中信金融管理學院","level":"大專","basis":"both","data_ym":"202412"},"geometry":{"type":"Polygon","coordinates":[[[120.16466,23.065577],[120.164497,23.064889],[120.164503,23.064779],[120.164696,23.064615],[120.164658,23.064562],[120.164625,23.064569],[120.16418,23.062607],[120.164157,23.06245],[120.162342,23.062554],[120.162329,23.062369],[120.162263,23.062375],[120.162246,23.062381],[120.162225,23.062399],[120.162217,23.062412],[120.162206,23.062439],[120.162205,23.062456],[120.162214,23.062586],[120.162038,23.062597],[120.162027,23.062451],[120.162022,23.062436],[120.162007,23.062416],[120.161992,23.062407],[120.161941,23.062394],[120.161893,23.062398],[120.161893,23.062485],[120.159824,23.062618],[120.159976,23.063483],[120.160113,23.064299],[120.160277,23.064456],[120.160831,23.064969],[120.160858,23.064945],[120.161777,23.064893],[120.161777,23.064888],[120.16269,23.064826],[120.162709,23.065208],[120.162662,23.065207],[120.162657,23.065222],[120.162637,23.065254],[120.162601,23.065297],[120.162521,23.065362],[120.162448,23.065399],[120.16228,23.06547],[120.162165,23.065506],[120.162137,23.065508],[120.16205,23.065498],[120.161987,23.06548],[120.161925,23.065445],[120.161825,23.065375],[120.161803,23.065369],[120.161732,23.065377],[120.161639,23.065449],[120.161636,23.065455],[120.162245,23.066018],[120.163843,23.067483],[120.16531,23.068791],[120.165307,23.068674],[120.165159,23.068029],[120.165007,23.06733],[120.164717,23.06617],[120.164764,23.066057],[120.16466,23.065577]]]}},{"type":"Feature","properties":{"id":"3e0e3755998c","name":"中華醫事科技大學","level":"大專","basis":"both","data_ym":"202412"},"geometry":{"type":"Polygon","coordinates":[[[120.24509,22.961832],[120.245323,22.961769],[120.245323,22.961785],[120.245853,22.961676],[120.245856,22.961746],[120.246116,22.961748],[120.246177,22.961813],[120.246315,22.961854],[120.24643,22.961567],[120.246486,22.961446],[120.246652,22.961114],[120.246698,22.961006],[120.246735,22.960887],[120.24674,22.960853],[120.246738,22.960818],[120.246727,22.960764],[120.246712,22.960725],[120.246698,22.960705],[120.246578,22.960598],[120.246527,22.960565],[120.246473,22.960538],[120.246192,22.960425],[120.246113,22.96039],[120.246037,22.960348],[120.245889,22.96025],[120.245721,22.960108],[120.245658,22.960045],[120.245515,22.959879],[120.245431,22.959775],[120.245347,22.959665],[120.245187,22.95944],[120.245078,22.959262],[120.244905,22.958957],[120.244781,22.958694],[120.244272,22.958806],[120.244337,22.959138],[120.244257,22.959151],[120.244279,22.959263],[120.244267,22.95938],[120.24403,22.959396],[120.244262,22.960203],[120.243566,22.960355],[120.243643,22.960643],[120.243423,22.960686],[120.243456,22.96084],[120.243232,22.96089],[120.243215,22.960902],[120.243206,22.960918],[120.243201,22.960939],[120.243203,22.960969],[120.243391,22.961693],[120.243434,22.961846],[120.243494,22.962033],[120.243509,22.962109],[120.244319,22.96199],[120.24509,22.961832]]]}},{"type":"Feature","properties":{"id":"ef55e5485b90","name":"南臺科技大學","level":"大專","basis":"both","data_ym":"202412"},"geometry":{"type":"Polygon","coordinates":[[[120.223981,23.025788],[120.224583,23.025788],[120.22455,23.025559],[120.224631,23.025547],[120.224775,23.025452],[120.224798,23.025471],[120.224982,23.025694],[120.225345,23.025681],[120.225867,23.02565],[120.225979,23.025631],[120.226055,23.025591],[120.226137,23.025563],[120.226361,23.025559],[120.226538,23.025548],[120.226654,23.025411],[120.226737,23.025322],[120.226695,23.025291],[120.226858,23.025069],[120.22639,23.024738],[120.226195,23.024574],[120.226059,23.024531],[120.2258,23.024466],[120.225904,23.024236],[120.225927,23.024247],[120.226024,23.024051],[120.226176,23.023659],[120.226234,23.023451],[120.226644,23.023436],[120.22674,23.023157],[120.226595,23.023068],[120.226394,23.023],[120.226205,23.022855],[120.226149,23.022796],[120.226201,23.022685],[120.226531,23.021854],[120.226575,23.021753],[120.226323,23.021596],[120.225913,23.021302],[120.225593,23.02105],[120.225125,23.020742],[120.225093,23.020729],[120.22503,23.020729],[120.224846,23.020778],[120.224796,23.020779],[120.224634,23.020759],[120.224215,23.022269],[120.224555,23.022281],[120.224556,23.022284],[120.224614,23.022286],[120.224614,23.022282],[120.224625,23.022282],[120.224626,23.022291],[120.224646,23.022291],[120.224638,23.022362],[120.224618,23.022407],[120.224507,23.022513],[120.224275,23.022601],[120.223749,23.022915],[120.223552,23.02302],[120.22362,23.023288],[120.223634,23.023409],[120.223635,23.023473],[120.223628,23.02357],[120.223612,23.023656],[120.223602,23.023687],[120.223431,23.023837],[120.223312,23.023954],[120.223263,23.023991],[120.223161,23.024084],[120.222954,23.023992],[120.222968,23.023896],[120.22271,23.023806],[120.222636,23.023891],[120.222524,23.023979],[120.222495,23.023994],[120.222385,23.024026],[120.222211,23.024039],[120.222202,23.02411],[120.222325,23.024122],[120.222246,23.024717],[120.222278,23.024721],[120.22227,23.024798],[120.2223,23.024802],[120.222296,23.024862],[120.222275,23.02486],[120.222264,23.024967],[120.222278,23.024969],[120.222271,23.025032],[120.222247,23.025028],[120.222243,23.025068],[120.222198,23.025062],[120.222232,23.02545],[120.222248,23.025521],[120.222668,23.025559],[120.223135,23.025596],[120.223119,23.025603],[120.223107,23.02562],[120.223106,23.025721],[120.223111,23.025737],[120.223711,23.025714],[120.223735,23.025717],[120.223981,23.025788]]]}},{"type":"Feature","properties":{"id":"a7bf065926b5","name":"嘉藥學校財團法人嘉南藥理大學","level":"大專","basis":"both","data_ym":"202412"},"geometry":{"type":"Polygon","coordinates":[[[120.229342,22.92544],[120.229442,22.924836],[120.229456,22.92482],[120.229923,22.924855],[120.229931,22.924807],[120.230327,22.92486],[120.230543,22.924934],[120.231074,22.925032],[120.230981,22.924307],[120.230874,22.923259],[120.230808,22.92268],[120.230728,22.922647],[120.230533,22.922475],[120.23034,22.922375],[120.230094,22.922163],[120.230037,22.922094],[120.229978,22.92197],[120.229945,22.921747],[120.22995,22.92157],[120.230033,22.921257],[120.229971,22.921133],[120.229776,22.921154],[120.229658,22.921109],[120.229626,22.920621],[120.229592,22.920555],[120.2297,22.920486],[120.229615,22.920337],[120.229599,22.920347],[120.229575,22.920345],[120.229522,22.920067],[120.229431,22.91969],[120.229344,22.919212],[120.228605,22.919188],[120.228549,22.919179],[120.228553,22.919321],[120.228353,22.919397],[120.228193,22.919401],[120.228195,22.919424],[120.228006,22.919456],[120.227886,22.919623],[120.227658,22.919629],[120.227651,22.91984],[120.227521,22.919878],[120.227431,22.919915],[120.227115,22.919958],[120.226947,22.919941],[120.226856,22.919892],[120.226318,22.919885],[120.226298,22.91987],[120.226249,22.919858],[120.226097,22.919849],[120.225643,22.919763],[120.22544,22.920277],[120.225433,22.92036],[120.225322,22.920645],[120.225337,22.920921],[120.2252,22.920922],[120.225183,22.920936],[120.225146,22.921004],[120.225279,22.920989],[120.225269,22.920977],[120.225297,22.920961],[120.22533,22.920954],[120.225364,22.920958],[120.225394,22.920971],[120.225418,22.920993],[120.225433,22.921021],[120.225437,22.921052],[120.225435,22.921067],[120.225423,22.921097],[120.225402,22.92112],[120.225388,22.92113],[120.225375,22.921121],[120.225372,22.921127],[120.225393,22.921138],[120.225241,22.921386],[120.225126,22.92169],[120.225039,22.921947],[120.224976,22.922089],[120.224975,22.922139],[120.225216,22.922345],[120.22497,22.922407],[120.224949,22.922583],[120.224907,22.922872],[120.224872,22.923155],[120.224831,22.923429],[120.22491,22.923499],[120.224907,22.923509],[120.224995,22.923576],[120.225131,22.923698],[120.225884,22.922914],[120.22642,22.923338],[120.226587,22.923174],[120.227161,22.922588],[120.227237,22.922645],[120.227763,22.923089],[120.227908,22.92333],[120.228118,22.923807],[120.228216,22.924011],[120.228342,22.924166],[120.228585,22.924368],[120.228941,22.924705],[120.229054,22.924842],[120.228659,22.925018],[120.228627,22.925024],[120.228612,22.925029],[120.228615,22.925032],[120.228541,22.925057],[120.228519,22.925034],[120.228471,22.92508],[120.229196,22.925698],[120.229259,22.925746],[120.229301,22.925755],[120.229366,22.925449],[120.229342,22.92544]]]}},{"type":"Feature","properties":{"id":"23865858db94","name":"國立善化高級中學","level":"高中職","basis":"both","data_ym":"202412"},"geometry":{"type":"Polygon","coordinates":[[[120.302704,23.128209],[120.302591,23.128143],[120.302551,23.128143],[120.300788,23.128182],[120.300738,23.128175],[120.300737,23.128183],[120.299959,23.128201],[120.299768,23.129343],[120.299683,23.12982],[120.300488,23.129934],[120.301863,23.130143],[120.303237,23.130342],[120.303251,23.130307],[120.302897,23.128571],[120.302845,23.12835],[120.302792,23.128284],[120.302704,23.128209]]]}},{"type":"Feature","properties":{"id":"47c9926b5e87","name":"國立成功大學光復校區","level":"大專","basis":"branch","data_ym":"202412"},"geometry":{"type":"Polygon","coordinates":[[[120.214993,23.00114],[120.215218,23.00111],[120.21522,23.001132],[120.215501,23.001101],[120.216874,23.000923],[120.216879,23.000953],[120.217213,23.000914],[120.218353,23.0008],[120.218421,23.000771],[120.218348,22.999805],[120.218326,22.999764],[120.218293,22.999321],[120.218299,22.999317],[120.218285,22.999053],[120.218285,22.998969],[120.218254,22.998559],[120.218074,22.996546],[120.218083,22.996533],[120.218084,22.996523],[120.218083,22.996513],[120.21806,22.996492],[120.218056,22.996481],[120.218058,22.996468],[120.218074,22.996438],[120.218075,22.996429],[120.21807,22.996411],[120.218053,22.996397],[120.218029,22.996393],[120.21792,22.996399],[120.217016,22.996535],[120.216578,22.99662],[120.215674,22.996748],[120.214064,22.996966],[120.213749,22.997016],[120.213753,22.997089],[120.213847,22.997722],[120.213885,22.997906],[120.214023,22.998473],[120.214309,22.999689],[120.214648,23.001106],[120.214693,23.001097],[120.214727,23.001182],[120.214993,23.00114]]]}},{"type":"Feature","properties":{"id":"5dc61ca97836","name":"國立成功大學力行校區","level":"大專","basis":"branch","data_ym":"202412"},"geometry":{"type":"Polygon","coordinates":[[[120.218443,23.001182],[120.218411,23.001159],[120.218094,23.001188],[120.215822,23.001422],[120.214833,23.001574],[120.214785,23.001622],[120.214819,23.001809],[120.215111,23.003581],[120.215145,23.003601],[120.218576,23.003099],[120.218608,23.003052],[120.218578,23.002575],[120.218528,23.0021],[120.218502,23.001783],[120.218443,23.001182]]]}},{"type":"Feature","properties":{"id":"6ed0ae71b34a","name":"國立成功大學成功校區","level":"大專","basis":"branch","data_ym":"202412"},"geometry":{"type":"Polygon","coordinates":[[[120.218649,23.000772],[120.222137,23.000527],[120.222106,23.000031],[120.221787,22.996159],[120.221779,22.996152],[120.221763,22.996152],[120.221715,22.996177],[120.221702,22.996162],[120.22168,22.996158],[120.221631,22.996169],[120.221569,22.996164],[120.22152,22.996177],[120.221374,22.996184],[120.221328,22.996158],[120.221307,22.996155],[120.221287,22.996166],[120.221281,22.996176],[120.22128,22.996191],[120.221151,22.9962],[120.221148,22.996171],[120.220956,22.996185],[120.220922,22.996164],[120.218936,22.996319],[120.218291,22.996382],[120.218282,22.996404],[120.218627,23.000518],[120.218614,23.000519],[120.218621,23.000602],[120.218634,23.000601],[120.218649,23.000772]]]}},{"type":"Feature","properties":{"id":"bb5c3d2126b7","name":"國立成功大學成杏校區","level":"大專","basis":"branch","data_ym":"202412"},"geometry":{"type":"Polygon","coordinates":[[[120.222307,23.002481],[120.222178,23.000969],[120.222154,23.000941],[120.220431,23.001044],[120.219171,23.001135],[120.21917,23.00112],[120.218717,23.001147],[120.218695,23.001161],[120.21868,23.001178],[120.218707,23.001536],[120.21868,23.001538],[120.218703,23.00181],[120.218728,23.001809],[120.218827,23.003013],[120.218836,23.003027],[120.219276,23.002969],[120.21983,23.002875],[120.221326,23.002667],[120.222274,23.002522],[120.222307,23.002481]]]}},{"type":"Feature","properties":{"id":"8a123751edba","name":"國立成功大學自強校區","level":"大專","basis":"branch","data_ym":"202412"},"geometry":{"type":"Polygon","coordinates":[[[120.222991,23.000402],[120.223094,23.000394],[120.223095,23.000422],[120.224247,23.00034],[120.224261,23.000295],[120.224245,22.999929],[120.224232,22.999928],[120.22423,22.999904],[120.224252,22.999899],[120.22423,22.999657],[120.224269,22.999615],[120.224109,22.997703],[120.224052,22.997707],[120.22391,22.995979],[120.223901,22.995976],[120.22388,22.995974],[120.223179,22.996025],[120.223136,22.996027],[120.223135,22.996016],[120.222469,22.996057],[120.222469,22.99607],[120.222258,22.996076],[120.222254,22.996082],[120.222205,22.996085],[120.222205,22.996078],[120.222074,22.996086],[120.222058,22.996103],[120.22208,22.996357],[120.222096,22.996357],[120.222253,22.998442],[120.222417,23.000433],[120.222465,23.000462],[120.222992,23.000421],[120.222991,23.000402]]]}},{"type":"Feature","properties":{"id":"78cc753cbb87","name":"國立成功大學自強校區1","level":"其他","basis":"none","data_ym":"202412"},"geometry":{"type":"Polygon","coordinates":[[[120.222131,22.995809],[120.222661,22.995767],[120.222677,22.995769],[120.222713,22.995798],[120.222715,22.995816],[120.222799,22.995813],[120.223237,22.995782],[120.223261,22.995794],[120.223872,22.995752],[120.223889,22.995736],[120.223891,22.995701],[120.223778,22.994228],[120.223572,22.994241],[120.223357,22.994263],[120.223353,22.994235],[120.222588,22.994296],[120.222589,22.994338],[120.221921,22.994391],[120.222038,22.995875],[120.222109,22.995871],[120.222106,22.995836],[120.222131,22.995835],[120.222131,22.995809]]]}},{"type":"Feature","properties":{"id":"67dbc9f9b397","name":"國立成功大學附屬臺南工業高級中等學校","level":"高中職","basis":"name","data_ym":"202412"},"geometry":{"type":"Polygon","coordinates":[[[120.234282,23.014677],[120.233761,23.014481],[120.233584,23.014489],[120.23355,23.014495],[120.233404,23.014426],[120.233374,23.014386],[120.233057,23.014293],[120.232187,23.014025],[120.232111,23.014025],[120.232058,23.014019],[120.232032,23.014004],[120.231999,23.01396],[120.23119,23.013724],[120.230543,23.014644],[120.22969,23.015799],[120.22965,23.015877],[120.229243,23.016476],[120.228783,23.017113],[120.229521,23.017558],[120.230755,23.018329],[120.231519,23.018779],[120.232095,23.019129],[120.232457,23.018629],[120.233229,23.017528],[120.234994,23.015088],[120.234891,23.015017],[120.234711,23.014905],[120.234481,23.014769],[120.234282,23.014677]]]}},{"type":"Feature","properties":{"id":"b3e1ec168970","name":"國立新化高級工業職業學校","level":"高中職","basis":"name","data_ym":"202412"},"geometry":{"type":"Polygon","coordinates":[[[120.316984,23.038382],[120.318679,23.038272],[120.318746,23.038273],[120.318881,23.038268],[120.319211,23.038276],[120.319824,23.038301],[120.32027,23.038313],[120.320304,23.038286],[120.320328,23.037459],[120.32022,23.037298],[120.320237,23.03676],[120.32035,23.036633],[120.320353,23.03607],[120.320349,23.036044],[120.32034,23.036039],[120.320316,23.036035],[120.320073,23.036048],[120.319865,23.036069],[120.319606,23.036103],[120.319124,23.036177],[120.318638,23.036263],[120.318597,23.036283],[120.318579,23.036298],[120.318539,23.036345],[120.318533,23.036346],[120.318558,23.03658],[120.31841,23.036608],[120.317977,23.036721],[120.317566,23.036877],[120.317379,23.036967],[120.316946,23.03702],[120.316953,23.037079],[120.316619,23.037124],[120.316615,23.037599],[120.316664,23.037818],[120.316964,23.037801],[120.31698,23.038028],[120.316984,23.038382]]]}},{"type":"Feature","properties":{"id":"6f7f4fc71d44","name":"國立曾文高級農工職業學校","level":"高中職","basis":"name","data_ym":"202412"},"geometry":{"type":"Polygon","coordinates":[[[120.264167,23.188401],[120.26435,23.187616],[120.263706,23.187328],[120.263373,23.187196],[120.263321,23.187229],[120.263262,23.18721],[120.26311,23.187151],[120.263128,23.187112],[120.262315,23.186804],[120.261748,23.18796],[120.260977,23.187664],[120.260964,23.187842],[120.260962,23.187981],[120.260972,23.188083],[120.261231,23.190045],[120.26127,23.190202],[120.261306,23.190284],[120.261376,23.190414],[120.261499,23.1906],[120.261942,23.191309],[120.261982,23.191569],[120.265349,23.190349],[120.264784,23.190272],[120.263644,23.189806],[120.263844,23.189408],[120.264014,23.189012],[120.264167,23.188401]]]}},{"type":"Feature","properties":{"id":"d9bd567b30ab","name":"國立臺南大學附屬啟聰學校臺南校區","level":"大專","basis":"branch","data_ym":"202412"},"geometry":{"type":"Polygon","coordinates":[[[120.21166,22.994264],[120.211565,22.992891],[120.211553,22.992878],[120.21154,22.992873],[120.21107,22.992902],[120.211025,22.992916],[120.211041,22.992987],[120.210933,22.993006],[120.211006,22.993238],[120.210914,22.993268],[120.210841,22.993049],[120.210742,22.993082],[120.210884,22.994299],[120.21166,22.994264]]]}},{"type":"Feature","properties":{"id":"b8593228fb33","name":"國立臺南特殊教育學校","level":"特殊","basis":"both","data_ym":"202412"},"geometry":{"type":"Polygon","coordinates":[[[120.222388,23.064109],[120.221787,23.063984],[120.221786,23.064017],[120.221611,23.064008],[120.221614,23.063927],[120.221428,23.063846],[120.221014,23.064629],[120.221145,23.0648],[120.221378,23.065173],[120.221816,23.065942],[120.222048,23.066332],[120.222135,23.066144],[120.222163,23.066119],[120.222381,23.064819],[120.222505,23.064124],[120.222388,23.064109]]]}},{"type":"Feature","properties":{"id":"f28b9ebaf8f6","name":"國立臺南第一高級中學","level":"高中職","basis":"name","data_ym":"202412"},"geometry":{"type":"Polygon","coordinates":[[[120.217215,22.99462],[120.217398,22.994362],[120.217508,22.994277],[120.217704,22.994175],[120.217792,22.994061],[120.217873,22.993997],[120.21784,22.993562],[120.217817,22.993563],[120.217802,22.993412],[120.217824,22.99341],[120.217751,22.99248],[120.216878,22.992569],[120.216863,22.992636],[120.216911,22.992845],[120.216958,22.993099],[120.216944,22.993103],[120.216978,22.993219],[120.21672,22.993284],[120.216723,22.993295],[120.216685,22.993305],[120.216682,22.993293],[120.216648,22.993301],[120.216652,22.993315],[120.216584,22.993332],[120.216586,22.993338],[120.216555,22.993346],[120.216502,22.993176],[120.216262,22.993243],[120.216345,22.993505],[120.216372,22.993604],[120.21637,22.993619],[120.21586,22.993743],[120.215862,22.993757],[120.215898,22.993788],[120.215788,22.993901],[120.215795,22.993976],[120.21557,22.993992],[120.215584,22.994169],[120.215639,22.99421],[120.215677,22.994225],[120.215747,22.994237],[120.215731,22.994326],[120.215377,22.994337],[120.215402,22.994436],[120.215469,22.994768],[120.215483,22.994791],[120.215506,22.994804],[120.215748,22.994886],[120.216135,22.994983],[120.216153,22.99501],[120.216439,22.995053],[120.216439,22.995093],[120.216544,22.995104],[120.216605,22.995105],[120.216747,22.995085],[120.216842,22.995048],[120.216915,22.99501],[120.216976,22.994959],[120.217009,22.994922],[120.217033,22.994865],[120.217083,22.994861],[120.217082,22.994826],[120.2171,22.994814],[120.217128,22.994765],[120.217126,22.994748],[120.217182,22.994675],[120.217215,22.99462]]]}},{"type":"Feature","properties":{"id":"c312c2f1516c","name":"國立臺南第二高級中學","level":"高中職","basis":"name","data_ym":"202412"},"geometry":{"type":"Polygon","coordinates":[[[120.213236,23.006437],[120.21381,23.006333],[120.213819,23.006357],[120.213847,23.006353],[120.213829,23.00639],[120.213919,23.006373],[120.214029,23.006131],[120.214034,23.006088],[120.21424,23.005944],[120.21349,23.004137],[120.213281,23.004173],[120.212306,23.004373],[120.212303,23.00436],[120.21183,23.004459],[120.211834,23.004474],[120.21163,23.004523],[120.2116,23.004797],[120.211598,23.00488],[120.211609,23.004882],[120.211594,23.005032],[120.211584,23.005032],[120.211558,23.00521],[120.211544,23.005348],[120.21151,23.005568],[120.211518,23.005575],[120.211335,23.005736],[120.211327,23.005793],[120.211361,23.005846],[120.211421,23.005899],[120.211511,23.005963],[120.211697,23.006152],[120.211825,23.006286],[120.211921,23.006395],[120.212075,23.00659],[120.21213,23.006636],[120.212268,23.006667],[120.212401,23.006657],[120.21248,23.006645],[120.212772,23.006586],[120.212993,23.006549],[120.213246,23.006501],[120.213236,23.006437]]]}},{"type":"Feature","properties":{"id":"ccd97d4bdc51","name":"國立臺南藝術大學","level":"大專","basis":"both","data_ym":"202412"},"geometry":{"type":"Polygon","coordinates":[[[120.370859,23.195273],[120.370897,23.19482],[120.370899,23.194584],[120.370924,23.194296],[120.370966,23.194299],[120.370986,23.19405],[120.371058,23.194055],[120.371064,23.193992],[120.371093,23.193994],[120.371099,23.193912],[120.371308,23.19378],[120.371534,23.193703],[120.371686,23.193641],[120.37187,23.19365],[120.372314,23.193884],[120.372411,23.193784],[120.372436,23.193648],[120.372433,23.193513],[120.372312,23.193388],[120.372053,23.193147],[120.37181,23.19299],[120.371794,23.192925],[120.371735,23.192866],[120.371858,23.192739],[120.372026,23.192615],[120.372102,23.192445],[120.372304,23.192306],[120.37248,23.192477],[120.372525,23.19259],[120.372981,23.192925],[120.373119,23.193011],[120.373177,23.193012],[120.373292,23.193039],[120.373544,23.193081],[120.373622,23.193078],[120.37366,23.193065],[120.373689,23.193028],[120.37369,23.192958],[120.373661,23.19287],[120.373616,23.192781],[120.373557,23.192683],[120.37324,23.192338],[120.373197,23.192213],[120.373136,23.191826],[120.372879,23.191583],[120.372876,23.191464],[120.373021,23.191343],[120.373267,23.191242],[120.373781,23.191481],[120.374171,23.191622],[120.374346,23.191651],[120.374361,23.19167],[120.374367,23.191727],[120.374414,23.191743],[120.374492,23.191681],[120.374552,23.191627],[120.374726,23.191429],[120.374667,23.191388],[120.374633,23.191424],[120.374572,23.191387],[120.374488,23.191359],[120.374407,23.191367],[120.373984,23.191187],[120.373483,23.190937],[120.37347,23.190921],[120.373476,23.190913],[120.373451,23.190896],[120.373439,23.190881],[120.373406,23.190652],[120.373236,23.190499],[120.373232,23.190416],[120.373235,23.190355],[120.373257,23.190227],[120.373282,23.190146],[120.373323,23.190068],[120.373491,23.189805],[120.373518,23.189753],[120.373612,23.189473],[120.373756,23.189026],[120.373781,23.188977],[120.373837,23.188993],[120.373885,23.188897],[120.373967,23.188816],[120.374083,23.188828],[120.374283,23.188637],[120.374415,23.188498],[120.374447,23.188486],[120.374563,23.188565],[120.374607,23.188571],[120.37484,23.188549],[120.374956,23.18861],[120.375168,23.188347],[120.374864,23.188159],[120.375294,23.187646],[120.375363,23.187597],[120.375518,23.18742],[120.375806,23.187177],[120.375865,23.187174],[120.375973,23.187088],[120.375994,23.1871],[120.37597,23.187148],[120.376144,23.187219],[120.376166,23.187172],[120.376392,23.187275],[120.376418,23.187277],[120.376443,23.187275],[120.376574,23.187239],[120.376682,23.187183],[120.376706,23.187157],[120.376719,23.187136],[120.376849,23.186908],[120.37689,23.186912],[120.376944,23.186941],[120.376989,23.186989],[120.377604,23.187061],[120.37764,23.187035],[120.378021,23.187408],[120.378069,23.187461],[120.378075,23.187485],[120.378063,23.187531],[120.377858,23.18779],[120.377943,23.187846],[120.378103,23.187677],[120.378224,23.187475],[120.37825,23.187454],[120.378304,23.187436],[120.378583,23.187446],[120.37864,23.187431],[120.378814,23.187352],[120.379037,23.187191],[120.378937,23.187034],[120.378602,23.187184],[120.378168,23.187266],[120.378068,23.187263],[120.378008,23.187187],[120.377965,23.187121],[120.377915,23.187086],[120.377839,23.187061],[120.377757,23.187022],[120.377692,23.186935],[120.377616,23.186728],[120.377625,23.186677],[120.377421,23.186579],[120.3772,23.186493],[120.377152,23.186485],[120.377106,23.186485],[120.377089,23.186348],[120.37712,23.186262],[120.377241,23.18601],[120.377645,23.185492],[120.377779,23.185268],[120.376846,23.184802],[120.377059,23.184566],[120.377066,23.184564],[120.376997,23.184476],[120.377003,23.184442],[120.376987,23.184391],[120.376917,23.18427],[120.376863,23.184211],[120.376754,23.184075],[120.376617,23.18389],[120.376559,23.183861],[120.376502,23.183854],[120.376357,23.183902],[120.376212,23.183982],[120.376163,23.184004],[120.376098,23.18402],[120.375983,23.184032],[120.375891,23.184024],[120.375787,23.184006],[120.375605,23.184016],[120.375273,23.184057],[120.375155,23.184077],[120.374961,23.184094],[120.374791,23.184119],[120.374565,23.184142],[120.374528,23.184139],[120.374462,23.184109],[120.374449,23.184109],[120.374356,23.184176],[120.37427,23.184217],[120.373803,23.184356],[120.373455,23.184474],[120.373384,23.184506],[120.373358,23.184529],[120.372967,23.185037],[120.37288,23.185144],[120.372784,23.185286],[120.372771,23.185357],[120.372781,23.185716],[120.372777,23.18576],[120.372769,23.185796],[120.372747,23.185855],[120.372674,23.186],[120.37267,23.186048],[120.37269,23.186116],[120.37276,23.186252],[120.37287,23.186448],[120.372897,23.186484],[120.373368,23.186869],[120.373482,23.186966],[120.373506,23.186999],[120.373527,23.187044],[120.373627,23.187371],[120.373657,23.187497],[120.37366,23.187547],[120.373655,23.187608],[120.373639,23.187663],[120.373619,23.187717],[120.373572,23.187792],[120.373462,23.187922],[120.373115,23.188363],[120.373074,23.188423],[120.373052,23.188467],[120.373043,23.188508],[120.373042,23.188725],[120.373037,23.18876],[120.373018,23.188805],[120.37297,23.188872],[120.372804,23.189285],[120.372779,23.189411],[120.37278,23.189442],[120.372794,23.189462],[120.37272,23.189573],[120.372643,23.189709],[120.372556,23.189826],[120.372668,23.189918],[120.372905,23.190038],[120.372892,23.19006],[120.372896,23.190365],[120.372915,23.190488],[120.37295,23.190524],[120.372963,23.190748],[120.372968,23.190929],[120.372763,23.191052],[120.372478,23.191185],[120.372467,23.191194],[120.372451,23.191154],[120.372312,23.191216],[120.372112,23.19124],[120.371999,23.191168],[120.371968,23.19116],[120.371968,23.191158],[120.371782,23.191155],[120.371333,23.191425],[120.371264,23.191363],[120.371113,23.191486],[120.371135,23.191724],[120.371052,23.191768],[120.370852,23.191798],[120.37043,23.192485],[120.370409,23.19259],[120.370273,23.192894],[120.369897,23.192982],[120.369598,23.193565],[120.36969,23.193625],[120.369648,23.193698],[120.369507,23.193665],[120.369495,23.193721],[120.369512,23.194674],[120.369544,23.194768],[120.369546,23.194856],[120.369573,23.195189],[120.36964,23.195179],[120.369756,23.195191],[120.36975,23.195262],[120.369955,23.195272],[120.370859,23.195273]]]}},{"type":"Feature","properties":{"id":"b2baad8a228f","name":"國立臺南高級商業職業學校","level":"高中職","basis":"name","data_ym":"202412"},"geometry":{"type":"Polygon","coordinates":[[[120.203597,22.981235],[120.203584,22.980051],[120.203576,22.979833],[120.202558,22.979848],[120.202559,22.97989],[120.201703,22.979902],[120.201702,22.979862],[120.200795,22.979871],[120.200852,22.979972],[120.200926,22.980117],[120.200932,22.980154],[120.200945,22.980155],[120.200941,22.980209],[120.200944,22.981056],[120.200945,22.981084],[120.200978,22.981281],[120.203588,22.981244],[120.203597,22.981235]]]}},{"type":"Feature","properties":{"id":"92d2b67d2281","name":"臺南市財團法人聖功女子高級中學","level":"高中職","basis":"name","data_ym":"202501"},"geometry":{"type":"Polygon","coordinates":[[[120.22342,23.016768],[120.223438,23.016767],[120.223441,23.016763],[120.223453,23.016713],[120.223501,23.016593],[120.223553,23.016517],[120.223595,23.016468],[120.223696,23.01639],[120.223834,23.01631],[120.22399,23.016228],[120.224068,23.016179],[120.224145,23.016113],[120.224236,23.016002],[120.224311,23.015893],[120.224358,23.015788],[120.224389,23.015692],[120.224399,23.015616],[120.2244,23.015553],[120.224381,23.015466],[120.224342,23.015384],[120.224327,23.01536],[120.224249,23.015315],[120.224207,23.015238],[120.224095,23.015251],[120.224037,23.015322],[120.223965,23.015318],[120.223889,23.0153],[120.223881,23.015292],[120.223869,23.015262],[120.223869,23.015225],[120.223893,23.01512],[120.223452,23.015009],[120.223406,23.014956],[120.22323,23.014927],[120.223246,23.014852],[120.22273,23.014815],[120.222591,23.014815],[120.221797,23.014764],[120.22185,23.014365],[120.221195,23.014307],[120.221184,23.014633],[120.221188,23.014725],[120.221222,23.014791],[120.221745,23.015544],[120.222184,23.016192],[120.222809,23.017051],[120.222908,23.017171],[120.223382,23.016881],[120.22342,23.016768]]]}},{"type":"Feature","properties":{"id":"c9718301bb53","name":"臺南市七股區大文國民小學","level":"國小","basis":"both","data_ym":"202412"},"geometry":{"type":"Polygon","coordinates":[[[120.154586,23.149339],[120.15448,23.149227],[120.153536,23.149256],[120.153262,23.149652],[120.152738,23.150392],[120.154001,23.151068],[120.154138,23.150654],[120.154145,23.15065],[120.154376,23.14996],[120.154501,23.149544],[120.154428,23.149531],[120.154575,23.14936],[120.154586,23.149339]]]}},{"type":"Feature","properties":{"id":"be19950792ff","name":"臺南市七股區竹橋國民小學","level":"國小","basis":"both","data_ym":"202412"},"geometry":{"type":"Polygon","coordinates":[[[120.159555,23.102427],[120.159555,23.102418],[120.159665,23.102427],[120.159706,23.102325],[120.159777,23.101588],[120.159473,23.10154],[120.159469,23.101559],[120.159287,23.101531],[120.159299,23.101473],[120.159164,23.101452],[120.158991,23.101446],[120.159016,23.10096],[120.158935,23.10096],[120.158911,23.101321],[120.158903,23.101351],[120.158871,23.101407],[120.158735,23.101494],[120.158292,23.101755],[120.158276,23.102355],[120.159555,23.102427]]]}},{"type":"Feature","properties":{"id":"c40c0ee03f0b","name":"臺南市下營區賀建國民小學","level":"國小","basis":"both","data_ym":"202412"},"geometry":{"type":"Polygon","coordinates":[[[120.296876,23.255229],[120.296946,23.254375],[120.296978,23.254071],[120.296749,23.254061],[120.296363,23.254036],[120.296312,23.254036],[120.296213,23.254688],[120.295281,23.25463],[120.295279,23.25468],[120.295311,23.25481],[120.29534,23.254897],[120.295389,23.254983],[120.295433,23.255041],[120.295529,23.25513],[120.295593,23.25518],[120.295653,23.25521],[120.295722,23.255236],[120.295825,23.255271],[120.295917,23.255294],[120.295953,23.255301],[120.296043,23.255305],[120.296261,23.255292],[120.296868,23.255241],[120.296876,23.255229]]]}},{"type":"Feature","properties":{"id":"3dcc5f36eb73","name":"臺南市中西區進學國民小學","level":"國小","basis":"both","data_ym":"202412"},"geometry":{"type":"Polygon","coordinates":[[[120.201715,22.984952],[120.201677,22.982698],[120.201637,22.98266],[120.20042,22.982678],[120.20042,22.982849],[120.200428,22.982849],[120.200428,22.983081],[120.200388,22.983082],[120.200389,22.983114],[120.200368,22.983114],[120.200368,22.983193],[120.200185,22.983192],[120.200187,22.984773],[120.200369,22.984772],[120.200508,22.984809],[120.200511,22.985013],[120.201658,22.985],[120.201715,22.984952]]]}},{"type":"Feature","properties":{"id":"980c81631a1e","name":"臺南市仁德區仁和國民小學","level":"國小","basis":"both","data_ym":"202412"},"geometry":{"type":"Polygon","coordinates":[[[120.222652,22.959924],[120.221993,22.959924],[120.221538,22.959934],[120.221513,22.9603],[120.221502,22.96056],[120.221479,22.960752],[120.221473,22.960904],[120.221468,22.961257],[120.222612,22.961289],[120.22262,22.961001],[120.222627,22.960455],[120.222652,22.959924]]]}},{"type":"Feature","properties":{"id":"9904a46db34d","name":"臺南市仁德區大甲國民小學","level":"國小","basis":"both","data_ym":"202412"},"geometry":{"type":"Polygon","coordinates":[[[120.215842,22.919861],[120.216326,22.919656],[120.216389,22.919762],[120.217396,22.919268],[120.217357,22.919208],[120.21734,22.919174],[120.217317,22.919187],[120.217268,22.919092],[120.217211,22.918945],[120.217194,22.918878],[120.217193,22.918782],[120.217196,22.918712],[120.217212,22.918591],[120.217166,22.918568],[120.217134,22.918503],[120.217023,22.918548],[120.216911,22.918552],[120.216672,22.918546],[120.216712,22.91862],[120.216614,22.918675],[120.216623,22.918692],[120.216283,22.918871],[120.216316,22.918925],[120.216309,22.918929],[120.215985,22.919058],[120.215806,22.919111],[120.215615,22.919126],[120.215575,22.919176],[120.215615,22.919275],[120.215674,22.919527],[120.215842,22.919861]]]}},{"type":"Feature","properties":{"id":"10fbaaa497c0","name":"臺南市仁德區德南國民小學","level":"國小","basis":"both","data_ym":"202412"},"geometry":{"type":"Polygon","coordinates":[[[120.249729,22.949677],[120.249779,22.949672],[120.249779,22.949676],[120.250597,22.949648],[120.250839,22.949483],[120.250875,22.949461],[120.250879,22.949465],[120.251047,22.949352],[120.251101,22.949301],[120.251238,22.949195],[120.251185,22.948703],[120.251161,22.948699],[120.251145,22.948497],[120.251184,22.948455],[120.251161,22.948233],[120.250979,22.948027],[120.250959,22.947981],[120.24984,22.948046],[120.249548,22.948059],[120.249678,22.948293],[120.249716,22.949224],[120.249729,22.949677]]]}},{"type":"Feature","properties":{"id":"265832e9b999","name":"臺南市北區立人國民小學","level":"國小","basis":"both","data_ym":"202412"},"geometry":{"type":"Polygon","coordinates":[[[120.200584,23.00204],[120.200824,23.001974],[120.201984,23.001936],[120.20248,23.001862],[120.202603,23.001802],[120.202438,23.001581],[120.202504,23.001539],[120.201561,23.000307],[120.201364,23.000425],[120.201305,23.00044],[120.201239,23.000451],[120.200866,23.000429],[120.200797,23.000432],[120.200412,23.000514],[120.200435,23.000867],[120.200428,23.000991],[120.200504,23.001176],[120.200489,23.001977],[120.200504,23.002006],[120.200522,23.002015],[120.200565,23.002017],[120.200578,23.002028],[120.200584,23.00204]]]}},{"type":"Feature","properties":{"id":"464203e791e1","name":"臺南市北區開元國民小學","level":"國小","basis":"both","data_ym":"202412"},"geometry":{"type":"Polygon","coordinates":[[[120.21751,23.007],[120.217158,23.007185],[120.217143,23.007179],[120.217138,23.007156],[120.216832,23.007069],[120.216727,23.007321],[120.216685,23.007308],[120.216639,23.007323],[120.216386,23.007915],[120.216486,23.008117],[120.216631,23.008339],[120.216675,23.008315],[120.216771,23.008453],[120.21675,23.008468],[120.217004,23.008818],[120.217121,23.008749],[120.217167,23.008823],[120.218239,23.008201],[120.218219,23.008168],[120.218321,23.008106],[120.218213,23.007916],[120.21751,23.007]]]}},{"type":"Feature","properties":{"id":"264df011e019","name":"臺南市南區喜樹國民小學","level":"國小","basis":"both","data_ym":"202412"},"geometry":{"type":"Polygon","coordinates":[[[120.180543,22.941615],[120.180524,22.941309],[120.18023,22.941329],[120.180224,22.941333],[120.179738,22.941373],[120.179184,22.94141],[120.179003,22.941656],[120.17937,22.942031],[120.179445,22.94215],[120.179483,22.942221],[120.179463,22.942229],[120.179798,22.942843],[120.180622,22.942841],[120.180552,22.941818],[120.180543,22.941615]]]}},{"type":"Feature","properties":{"id":"0bb25d20daf2","name":"臺南市南區新興國民小學","level":"國小","basis":"both","data_ym":"202412"},"geometry":{"type":"Polygon","coordinates":[[[120.196823,22.981154],[120.19682,22.981091],[120.196882,22.981086],[120.196879,22.981049],[120.196944,22.981045],[120.19694,22.981024],[120.196911,22.981024],[120.196916,22.98097],[120.196932,22.98097],[120.196755,22.98],[120.196765,22.979998],[120.196728,22.979917],[120.196774,22.979893],[120.196807,22.979893],[120.196809,22.979758],[120.19689,22.979712],[120.19707,22.979715],[120.19707,22.979659],[120.196387,22.979199],[120.196402,22.97918],[120.196335,22.979132],[120.196322,22.979148],[120.19593,22.978846],[120.195469,22.978525],[120.195425,22.978561],[120.195375,22.979919],[120.195861,22.979909],[120.195864,22.979952],[120.195912,22.979951],[120.195987,22.980063],[120.196115,22.980279],[120.196591,22.981104],[120.196604,22.981133],[120.196621,22.981133],[120.196621,22.981128],[120.196753,22.981123],[120.196756,22.981155],[120.196768,22.981154],[120.196768,22.981159],[120.196823,22.981154]]]}},{"type":"Feature","properties":{"id":"56212bd0e21e","name":"臺南市南區省躬國民小學","level":"國小","basis":"both","data_ym":"202412"},"geometry":{"type":"Polygon","coordinates":[[[120.179078,22.932792],[120.179271,22.93283],[120.179279,22.932792],[120.179732,22.932886],[120.180089,22.932969],[120.18029,22.933004],[120.180363,22.932724],[120.180585,22.931945],[120.180247,22.931882],[120.180251,22.93186],[120.179852,22.931788],[120.179852,22.931784],[120.179416,22.93171],[120.17933,22.932064],[120.179078,22.932792]]]}},{"type":"Feature","properties":{"id":"dc034b707bd7","name":"臺南市南區龍崗國民小學","level":"國小","basis":"both","data_ym":"202412"},"geometry":{"type":"Polygon","coordinates":[[[120.170084,22.960318],[120.170023,22.9603],[120.170019,22.960311],[120.170005,22.960307],[120.170045,22.960196],[120.169737,22.960117],[120.169782,22.959932],[120.169736,22.959921],[120.169681,22.959897],[120.169671,22.959926],[120.169545,22.959898],[120.169548,22.95989],[120.169387,22.959837],[120.169347,22.959925],[120.169165,22.959848],[120.168851,22.960542],[120.169219,22.960635],[120.169166,22.960788],[120.16904,22.961071],[120.169081,22.961085],[120.169065,22.961151],[120.168984,22.961224],[120.168968,22.961305],[120.168911,22.961342],[120.168905,22.961387],[120.168937,22.961467],[120.169412,22.96155],[120.169554,22.96157],[120.169643,22.961485],[120.169664,22.961471],[120.170084,22.960318]]]}},{"type":"Feature","properties":{"id":"d621c2f5b996","name":"臺南市善化區善化國民小學","level":"國小","basis":"both","data_ym":"202412"},"geometry":{"type":"Polygon","coordinates":[[[120.287494,23.137132],[120.287514,23.137045],[120.287629,23.137068],[120.287653,23.137027],[120.287686,23.136957],[120.287734,23.13681],[120.287708,23.13679],[120.287703,23.13678],[120.287718,23.136658],[120.287729,23.136081],[120.288838,23.136151],[120.288852,23.136127],[120.288951,23.13574],[120.288927,23.135717],[120.288943,23.135646],[120.288991,23.135613],[120.289087,23.135319],[120.289116,23.135204],[120.289109,23.135105],[120.289118,23.134972],[120.288509,23.134967],[120.28847,23.135177],[120.288449,23.13525],[120.287711,23.135256],[120.287535,23.135225],[120.287523,23.135253],[120.28743,23.135267],[120.287338,23.135246],[120.287315,23.135316],[120.286727,23.13531],[120.286739,23.135374],[120.286697,23.135779],[120.286672,23.135962],[120.286488,23.136758],[120.286453,23.136867],[120.286453,23.136899],[120.28646,23.136924],[120.286473,23.136946],[120.2865,23.136968],[120.286624,23.137042],[120.286654,23.137055],[120.286662,23.137034],[120.286781,23.137083],[120.286983,23.137123],[120.287005,23.137028],[120.287494,23.137132]]]}},{"type":"Feature","properties":{"id":"7567d3ed4bc3","name":"臺南市善化區大成國民小學","level":"國小","basis":"both","data_ym":"202412"},"geometry":{"type":"Polygon","coordinates":[[[120.295543,23.12919],[120.295634,23.128648],[120.295641,23.128649],[120.295757,23.128006],[120.295809,23.127692],[120.295881,23.127308],[120.294677,23.127128],[120.294388,23.128252],[120.29422,23.128991],[120.295543,23.12919]]]}},{"type":"Feature","properties":{"id":"9a98d8f3c7f0","name":"臺南市善化區小新國民小學","level":"國小","basis":"both","data_ym":"202411"},"geometry":{"type":"Polygon","coordinates":[[[120.311144,23.124186],[120.31094,23.124088],[120.310905,23.124151],[120.310684,23.124048],[120.310654,23.124037],[120.310533,23.124236],[120.310482,23.124291],[120.310329,23.124436],[120.310229,23.12454],[120.310203,23.12458],[120.310192,23.124613],[120.310177,23.124691],[120.310027,23.125545],[120.310049,23.125566],[120.310697,23.125657],[120.310962,23.124765],[120.311099,23.124278],[120.311144,23.124186]]]}},{"type":"Feature","properties":{"id":"56b0487e1cfc","name":"臺南市善化區茄拔國民小學","level":"國小","basis":"both","data_ym":"202412"},"geometry":{"type":"Polygon","coordinates":[[[120.325309,23.138853],[120.325305,23.138649],[120.325299,23.13865],[120.325296,23.138615],[120.325262,23.138449],[120.325178,23.137982],[120.325154,23.137786],[120.32514,23.137785],[120.325135,23.13774],[120.32512,23.137672],[120.325038,23.137682],[120.324815,23.137688],[120.324815,23.137692],[120.324771,23.137693],[120.324771,23.137673],[120.324757,23.137674],[120.324757,23.137682],[120.324506,23.137692],[120.324505,23.137676],[120.323824,23.137659],[120.323819,23.137843],[120.323924,23.13834],[120.324036,23.138588],[120.324102,23.138822],[120.325309,23.138853]]]}},{"type":"Feature","properties":{"id":"e2a1edbf8a46","name":"臺南市大內區大內國民小學","level":"國小","basis":"both","data_ym":"202412"},"geometry":{"type":"Polygon","coordinates":[[[120.361826,23.119732],[120.361846,23.119584],[120.361844,23.119566],[120.361807,23.119466],[120.361627,23.119187],[120.361622,23.119106],[120.361641,23.119013],[120.36122,23.118697],[120.361004,23.118524],[120.360977,23.118549],[120.360909,23.118556],[120.360896,23.118564],[120.360841,23.118559],[120.360793,23.118507],[120.360776,23.118508],[120.360313,23.118904],[120.360145,23.119039],[120.360145,23.119051],[120.360161,23.119073],[120.360339,23.119194],[120.360744,23.119459],[120.360742,23.119462],[120.360754,23.119465],[120.360795,23.119492],[120.361023,23.119708],[120.361062,23.119683],[120.361229,23.12],[120.361826,23.119732]]]}},{"type":"Feature","properties":{"id":"e76bc2a771d7","name":"臺南市安南區和順國民小學","level":"國小","basis":"both","data_ym":"202505"},"geometry":{"type":"Polygon","coordinates":[[[120.218192,23.067664],[120.218241,23.067665],[120.218241,23.067692],[120.218251,23.067692],[120.218252,23.067697],[120.218611,23.067673],[120.218609,23.067655],[120.218804,23.067656],[120.218921,23.067663],[120.219311,23.067695],[120.219313,23.067724],[120.219658,23.06776],[120.219688,23.067747],[120.219707,23.067726],[120.219716,23.067712],[120.219747,23.067435],[120.219772,23.06715],[120.219771,23.066953],[120.219535,23.065821],[120.219517,23.065553],[120.218956,23.065525],[120.218842,23.065618],[120.218741,23.065729],[120.218717,23.065763],[120.218589,23.066002],[120.218317,23.066551],[120.218343,23.066564],[120.218313,23.066633],[120.218287,23.066622],[120.218235,23.066892],[120.218194,23.067045],[120.218563,23.06708],[120.218541,23.0674],[120.218193,23.067405],[120.218192,23.067664]]]}},{"type":"Feature","properties":{"id":"4eb23f68d14c","name":"臺南市安南區安佃國民小學","level":"國小","basis":"both","data_ym":"202412"},"geometry":{"type":"Polygon","coordinates":[[[120.173746,23.063908],[120.173676,23.063392],[120.173962,23.063344],[120.173945,23.063104],[120.173593,23.063028],[120.173728,23.063001],[120.173725,23.062988],[120.173816,23.062968],[120.173797,23.062708],[120.173709,23.062666],[120.172517,23.062745],[120.172501,23.062756],[120.172431,23.062767],[120.17239,23.062806],[120.172413,23.063088],[120.172351,23.063092],[120.172402,23.06368],[120.172692,23.063633],[120.172805,23.064139],[120.172813,23.0642],[120.173115,23.064114],[120.173746,23.063908]]]}},{"type":"Feature","properties":{"id":"aa87e1f66f2c","name":"臺南市安南區安慶國民小學","level":"國小","basis":"both","data_ym":"202412"},"geometry":{"type":"Polygon","coordinates":[[[120.192532,23.039174],[120.192514,23.039174],[120.191967,23.039523],[120.191968,23.039548],[120.192282,23.039984],[120.192315,23.040036],[120.192318,23.040062],[120.192147,23.040242],[120.191916,23.040473],[120.191201,23.041301],[120.191203,23.041326],[120.191759,23.041785],[120.191812,23.041785],[120.192822,23.04069],[120.192994,23.040495],[120.193061,23.040437],[120.19314,23.040423],[120.193443,23.040162],[120.193458,23.040121],[120.193314,23.039996],[120.192532,23.039174]]]}},{"type":"Feature","properties":{"id":"28b8151be8cf","name":"臺南市安南區海東國民小學","level":"國小","basis":"both","data_ym":"202412"},"geometry":{"type":"Polygon","coordinates":[[[120.175558,23.048792],[120.175505,23.047792],[120.175517,23.04779],[120.175209,23.047381],[120.174535,23.046509],[120.174348,23.046629],[120.174131,23.046782],[120.173681,23.04712],[120.173167,23.047459],[120.173148,23.047481],[120.173155,23.047539],[120.173253,23.047792],[120.173338,23.048077],[120.173371,23.048169],[120.17342,23.048276],[120.173513,23.048271],[120.173547,23.048484],[120.17358,23.048523],[120.173688,23.048621],[120.173923,23.048787],[120.174137,23.048913],[120.174239,23.048965],[120.174363,23.049009],[120.174658,23.04901],[120.174867,23.049005],[120.174947,23.04899],[120.175134,23.048936],[120.175558,23.048792]]]}},{"type":"Feature","properties":{"id":"5a217028c1f5","name":"臺南市安南區鎮海國民小學","level":"國小","basis":"name","data_ym":"202412"},"geometry":{"type":"Polygon","coordinates":[[[120.135279,23.01827],[120.135375,23.018222],[120.135395,23.018114],[120.135362,23.018105],[120.135249,23.018058],[120.135189,23.018029],[120.135083,23.017968],[120.134862,23.017879],[120.134461,23.018436],[120.134456,23.018453],[120.134422,23.018495],[120.134362,23.018588],[120.134351,23.018586],[120.134338,23.01861],[120.134217,23.018793],[120.134209,23.018788],[120.134054,23.019016],[120.13438,23.01914],[120.134587,23.019185],[120.134746,23.018902],[120.134901,23.018679],[120.135279,23.01827]]]}},{"type":"Feature","properties":{"id":"7fe7595b9639","name":"臺南市安平區億載國民小學","level":"國小","basis":"both","data_ym":"202412"},"geometry":{"type":"Polygon","coordinates":[[[120.163775,22.991064],[120.163776,22.991051],[120.163921,22.991055],[120.163932,22.990852],[120.163991,22.990854],[120.164009,22.990544],[120.164019,22.990544],[120.164039,22.990294],[120.164042,22.990166],[120.164047,22.990166],[120.16405,22.990114],[120.164046,22.990113],[120.164065,22.989916],[120.164072,22.989909],[120.164083,22.989726],[120.163273,22.989684],[120.162406,22.989646],[120.162403,22.989709],[120.16234,22.989706],[120.162247,22.990521],[120.162195,22.991019],[120.162224,22.991049],[120.163775,22.991064]]]}},{"type":"Feature","properties":{"id":"a03f62237c8f","name":"臺南市安平區億載國民小學漁光分校","level":"大專","basis":"branch","data_ym":"202412"},"geometry":{"type":"Polygon","coordinates":[[[120.158772,22.977552],[120.157573,22.979115],[120.158102,22.979424],[120.158559,22.979682],[120.158665,22.979632],[120.159191,22.978912],[120.159327,22.978718],[120.15931,22.978706],[120.15932,22.978676],[120.159391,22.978529],[120.159425,22.978472],[120.159489,22.978386],[120.159641,22.978155],[120.159661,22.978056],[120.159523,22.97798],[120.159314,22.977855],[120.158929,22.977644],[120.158772,22.977552]]]}},{"type":"Feature","properties":{"id":"ab96e2564f71","name":"臺南市安平區安平國民小學","level":"國小","basis":"both","data_ym":"202412"},"geometry":{"type":"Polygon","coordinates":[[[120.177118,22.995092],[120.176913,22.993608],[120.176864,22.993581],[120.17653,22.993624],[120.176532,22.993614],[120.176494,22.993621],[120.176476,22.993615],[120.176455,22.993626],[120.176441,22.993627],[120.176442,22.993635],[120.176407,22.993639],[120.176406,22.993629],[120.175962,22.993689],[120.175963,22.993696],[120.175632,22.993738],[120.175601,22.993776],[120.175711,22.99459],[120.175702,22.99462],[120.175795,22.995233],[120.175859,22.995267],[120.176481,22.995196],[120.177086,22.995136],[120.177118,22.995092]]]}},{"type":"Feature","properties":{"id":"12485bff3e36","name":"臺南市安平區新南國民小學","level":"國小","basis":"both","data_ym":"202412"},"geometry":{"type":"Polygon","coordinates":[[[120.183497,22.994286],[120.183336,22.993624],[120.183159,22.99307],[120.18318,22.993056],[120.183145,22.992917],[120.183087,22.992881],[120.183029,22.992882],[120.183002,22.99286],[120.182859,22.992871],[120.182858,22.992862],[120.182811,22.992867],[120.182812,22.992875],[120.182758,22.992879],[120.182746,22.992863],[120.182719,22.992882],[120.182699,22.992884],[120.182668,22.992919],[120.182535,22.992929],[120.182534,22.99291],[120.182474,22.99291],[120.182474,22.992928],[120.182385,22.992933],[120.182355,22.992921],[120.181879,22.992971],[120.181847,22.993032],[120.181917,22.993552],[120.181912,22.993553],[120.181975,22.993993],[120.181978,22.993992],[120.181995,22.994102],[120.182041,22.994489],[120.182084,22.994498],[120.182096,22.994507],[120.182102,22.994521],[120.183437,22.994353],[120.183497,22.994286]]]}},{"type":"Feature","properties":{"id":"1e4cf964a632","name":"臺南市安平區石門國民小學","level":"國小","basis":"both","data_ym":"202412"},"geometry":{"type":"Polygon","coordinates":[[[120.166189,23.000621],[120.16627,23.000266],[120.166309,23.000017],[120.166395,22.999678],[120.166249,22.999523],[120.165683,22.999572],[120.164926,22.999649],[120.164875,22.999689],[120.164969,22.999988],[120.164953,23.00003],[120.165136,23.000528],[120.16527,23.000495],[120.165553,23.000416],[120.16566,23.000802],[120.165985,23.000693],[120.166002,23.000672],[120.166121,23.00066],[120.166189,23.000621]]]}},{"type":"Feature","properties":{"id":"530cdfbefd68","name":"臺南市將軍區漚汪國民小學","level":"國小","basis":"both","data_ym":"202412"},"geometry":{"type":"Polygon","coordinates":[[[120.16134,23.198701],[120.161335,23.198331],[120.161373,23.197475],[120.160333,23.197449],[120.160333,23.197439],[120.1602,23.197446],[120.16008,23.197443],[120.16005,23.197638],[120.159863,23.197646],[120.159668,23.197662],[120.159454,23.197672],[120.159369,23.197631],[120.159266,23.197641],[120.158675,23.197671],[120.158682,23.197783],[120.158689,23.197782],[120.158693,23.197819],[120.158687,23.19782],[120.158783,23.198158],[120.158566,23.198218],[120.15858,23.198271],[120.158723,23.198238],[120.158798,23.198411],[120.158815,23.198586],[120.159176,23.198671],[120.15954,23.198681],[120.159622,23.198687],[120.15967,23.1987],[120.159991,23.198823],[120.160397,23.198969],[120.160412,23.198765],[120.16134,23.198701]]]}},{"type":"Feature","properties":{"id":"4df34c0f8cfb","name":"臺南市山上區山上國民小學","level":"國小","basis":"both","data_ym":"202412"},"geometry":{"type":"Polygon","coordinates":[[[120.355135,23.10162],[120.355275,23.101476],[120.355419,23.101551],[120.355543,23.101342],[120.355279,23.101248],[120.355296,23.101201],[120.355276,23.101195],[120.355295,23.101144],[120.355315,23.101149],[120.355413,23.100892],[120.355716,23.100982],[120.355753,23.100762],[120.355773,23.100586],[120.35577,23.100579],[120.355098,23.100324],[120.354834,23.100217],[120.354671,23.100637],[120.3546,23.100838],[120.354576,23.100884],[120.354555,23.100942],[120.354619,23.100961],[120.354623,23.10095],[120.355031,23.101076],[120.354801,23.101687],[120.355149,23.101641],[120.355135,23.10162]]]}},{"type":"Feature","properties":{"id":"49a7139d3722","name":"臺南市東區勝利國民小學","level":"國小","basis":"both","data_ym":"202412"},"geometry":{"type":"Polygon","coordinates":[[[120.219607,22.989161],[120.219123,22.987795],[120.219,22.98784],[120.218961,22.98782],[120.218805,22.988077],[120.218458,22.988001],[120.218407,22.987935],[120.218289,22.987808],[120.218226,22.987759],[120.218207,22.987712],[120.218185,22.98772],[120.21815,22.987645],[120.217861,22.98772],[120.217856,22.987704],[120.217592,22.987789],[120.217651,22.988517],[120.217683,22.98855],[120.217695,22.988692],[120.217668,22.988718],[120.217728,22.98942],[120.21951,22.989292],[120.219505,22.989267],[120.219541,22.989246],[120.219539,22.989202],[120.219607,22.989161]]]}},{"type":"Feature","properties":{"id":"06ae18f8e8b8","name":"臺南市東區博愛國民小學","level":"國小","basis":"both","data_ym":"202412"},"geometry":{"type":"Polygon","coordinates":[[[120.214235,22.992431],[120.214149,22.992514],[120.213907,22.992789],[120.213316,22.992944],[120.213092,22.992995],[120.213134,22.99342],[120.213307,22.993411],[120.21336,22.993613],[120.213449,22.993511],[120.213474,22.993507],[120.213565,22.993585],[120.214443,22.993401],[120.214541,22.993387],[120.214477,22.992615],[120.214368,22.992692],[120.214287,22.9924],[120.214235,22.992431]]]}},{"type":"Feature","properties":{"id":"c51fa2dbce27","name":"臺南市東區東光國民小學","level":"國小","basis":"both","data_ym":"202412"},"geometry":{"type":"Polygon","coordinates":[[[120.230834,22.990722],[120.230828,22.990664],[120.230643,22.990682],[120.230637,22.990604],[120.230357,22.990639],[120.230108,22.990666],[120.229351,22.990736],[120.229407,22.991278],[120.229433,22.991572],[120.229538,22.992443],[120.231005,22.992307],[120.23094,22.991773],[120.230897,22.991743],[120.23086,22.991443],[120.230902,22.991401],[120.230847,22.990853],[120.230814,22.990831],[120.230805,22.990748],[120.230834,22.990722]]]}},{"type":"Feature","properties":{"id":"d5379b6d7954","name":"臺南市永康區大橋國民小學","level":"國小","basis":"both","data_ym":"202412"},"geometry":{"type":"Polygon","coordinates":[[[120.227333,23.020309],[120.22686,23.019985],[120.226869,23.019975],[120.226818,23.019935],[120.226797,23.019957],[120.226555,23.019768],[120.226534,23.019743],[120.226538,23.01972],[120.226395,23.019594],[120.226259,23.019482],[120.226235,23.01947],[120.226206,23.019468],[120.226184,23.019469],[120.226153,23.019479],[120.225451,23.019925],[120.225035,23.0202],[120.225471,23.020612],[120.225894,23.020931],[120.226125,23.021097],[120.226093,23.021133],[120.226331,23.021317],[120.226528,23.021455],[120.226815,23.021065],[120.227187,23.020542],[120.227334,23.020327],[120.227333,23.020309]]]}},{"type":"Feature","properties":{"id":"859b41ae64fc","name":"臺南市永康區龍潭國民小學","level":"國小","basis":"both","data_ym":"202505"},"geometry":{"type":"Polygon","coordinates":[[[120.267388,23.034308],[120.267459,23.034297],[120.267524,23.034306],[120.268089,23.034205],[120.268111,23.03404],[120.268165,23.03396],[120.268237,23.033879],[120.268372,23.033908],[120.268758,23.033956],[120.268823,23.033852],[120.268852,23.033719],[120.269058,23.033736],[120.269063,23.033927],[120.269356,23.033952],[120.269359,23.033805],[120.269424,23.033205],[120.269435,23.033024],[120.269478,23.03265],[120.269477,23.032577],[120.26865,23.032485],[120.268208,23.032546],[120.268168,23.032981],[120.268143,23.033084],[120.268113,23.033173],[120.268057,23.033255],[120.267977,23.033327],[120.267901,23.033375],[120.267822,23.033411],[120.267713,23.033443],[120.267436,23.033508],[120.267521,23.033773],[120.267406,23.033797],[120.267461,23.03416],[120.267301,23.034178],[120.267322,23.03433],[120.267388,23.034308]]]}},{"type":"Feature","properties":{"id":"26cf0513b4c7","name":"臺南市玉井區層林國民小學","level":"國小","basis":"both","data_ym":"202412"},"geometry":{"type":"Polygon","coordinates":[[[120.430439,23.0778],[120.430424,23.077655],[120.430407,23.077634],[120.430189,23.077659],[120.429879,23.077665],[120.429726,23.077636],[120.429529,23.077605],[120.42947,23.078097],[120.429478,23.078105],[120.429587,23.078111],[120.429822,23.078104],[120.430302,23.078075],[120.430295,23.078009],[120.430447,23.077998],[120.430429,23.077801],[120.430439,23.0778]]]}},{"type":"Feature","properties":{"id":"6d9bd1fda0b9","name":"臺南市玉井區玉井國民小學","level":"國小","basis":"both","data_ym":"202412"},"geometry":{"type":"Polygon","coordinates":[[[120.458347,23.11982],[120.458249,23.119801],[120.458077,23.119811],[120.457974,23.119826],[120.457889,23.119847],[120.4578,23.119874],[120.457486,23.120023],[120.457349,23.120094],[120.457272,23.120694],[120.457561,23.120709],[120.457574,23.120953],[120.457643,23.121305],[120.457666,23.12139],[120.457959,23.121769],[120.458056,23.1218],[120.458141,23.12182],[120.458264,23.121839],[120.458425,23.121853],[120.458625,23.121859],[120.458734,23.121852],[120.458873,23.121795],[120.459168,23.121697],[120.459144,23.121646],[120.459171,23.121637],[120.458502,23.119921],[120.458442,23.119862],[120.458347,23.11982]]]}},{"type":"Feature","properties":{"id":"24347a29b22a","name":"臺南市私立光華高級中學","level":"高中職","basis":"both","data_ym":"202412"},"geometry":{"type":"Polygon","coordinates":[[[120.217047,22.990445],[120.217216,22.990439],[120.217258,22.990258],[120.217255,22.990257],[120.217271,22.990187],[120.217278,22.990175],[120.2173,22.990042],[120.217295,22.990039],[120.217317,22.989924],[120.217335,22.989884],[120.217355,22.989796],[120.217367,22.989798],[120.217383,22.989713],[120.2174,22.989716],[120.217408,22.989658],[120.217424,22.989657],[120.217418,22.989582],[120.217419,22.989575],[120.217426,22.989572],[120.217425,22.989551],[120.217433,22.989551],[120.217432,22.989467],[120.217509,22.989474],[120.217445,22.988598],[120.217398,22.988598],[120.217345,22.988488],[120.217431,22.988432],[120.217426,22.988362],[120.216946,22.988361],[120.216938,22.988322],[120.216727,22.988357],[120.216726,22.988455],[120.216684,22.988455],[120.216683,22.988509],[120.216641,22.988649],[120.216539,22.988758],[120.216449,22.988807],[120.216358,22.988809],[120.216384,22.989063],[120.216395,22.989222],[120.216418,22.989222],[120.216487,22.989266],[120.216495,22.98935],[120.216483,22.989507],[120.216457,22.989594],[120.216544,22.989663],[120.216548,22.989725],[120.216626,22.989724],[120.216735,22.989764],[120.216874,22.989853],[120.216904,22.99005],[120.216905,22.990217],[120.216896,22.990284],[120.216895,22.990447],[120.2169,22.990454],[120.217047,22.990445]]]}},{"type":"Feature","properties":{"id":"c2447e627b02","name":"臺南市私立南英高級商工職業學校1","level":"高中職","basis":"name","data_ym":"202412"},"geometry":{"type":"Polygon","coordinates":[[[120.200954,22.985895],[120.200952,22.985799],[120.20094,22.985799],[120.200928,22.985672],[120.20079,22.985676],[120.200791,22.985717],[120.200211,22.98574],[120.200219,22.985917],[120.200954,22.985895]]]}},{"type":"Feature","properties":{"id":"0db9eebe3897","name":"臺南市私立寶仁國民小學","level":"國小","basis":"name","data_ym":"202412"},"geometry":{"type":"Polygon","coordinates":[[[120.228018,23.006548],[120.228204,23.006549],[120.228479,23.006601],[120.22848,23.006605],[120.228509,23.006607],[120.22853,23.006861],[120.228572,23.006857],[120.228601,23.006892],[120.228816,23.006865],[120.22877,23.006441],[120.229209,23.006402],[120.229144,23.005844],[120.229141,23.005824],[120.229107,23.005726],[120.22873,23.005624],[120.228488,23.005535],[120.228233,23.005526],[120.227835,23.005593],[120.227393,23.005723],[120.227373,23.005733],[120.227326,23.005772],[120.227302,23.005812],[120.2273,23.005823],[120.227436,23.006956],[120.227933,23.006824],[120.227919,23.006639],[120.227955,23.006571],[120.227968,23.006561],[120.227968,23.006551],[120.228018,23.006548]]]}},{"type":"Feature","properties":{"id":"96e9eaad6fc8","name":"臺南市私立崑山高級中學","level":"高中職","basis":"both","data_ym":"202412"},"geometry":{"type":"Polygon","coordinates":[[[120.229207,23.010177],[120.229284,23.009912],[120.2293,23.009845],[120.229158,23.009773],[120.229087,23.009779],[120.228928,23.009776],[120.228812,23.009846],[120.2287,23.009936],[120.228424,23.009934],[120.22835,23.009918],[120.228295,23.009914],[120.228205,23.009949],[120.22816,23.00992],[120.228043,23.009831],[120.228033,23.00983],[120.228022,23.009834],[120.228008,23.009851],[120.227965,23.009919],[120.227935,23.009954],[120.227904,23.009975],[120.227797,23.010024],[120.227533,23.010094],[120.227129,23.010099],[120.227008,23.010222],[120.226896,23.010282],[120.226816,23.010333],[120.226743,23.010402],[120.226703,23.01048],[120.226662,23.010597],[120.226655,23.010608],[120.226485,23.010763],[120.226233,23.010879],[120.226198,23.010931],[120.226203,23.011085],[120.226215,23.011092],[120.226941,23.011226],[120.227447,23.011341],[120.227665,23.011343],[120.227717,23.011337],[120.227784,23.011321],[120.227837,23.011296],[120.227903,23.011245],[120.228341,23.010788],[120.228388,23.010756],[120.228434,23.010734],[120.228467,23.010728],[120.228924,23.01067],[120.228967,23.010659],[120.228988,23.010649],[120.229039,23.010614],[120.229079,23.01058],[120.229103,23.010542],[120.229116,23.010515],[120.229207,23.010177]]]}},{"type":"Feature","properties":{"id":"60f7e66b61fe","name":"臺南市私立長榮女子高級中學","level":"高中職","basis":"name","data_ym":"202412"},"geometry":{"type":"Polygon","coordinates":[[[120.219149,22.992103],[120.219378,22.991768],[120.21986,22.992067],[120.219939,22.991948],[120.21995,22.991946],[120.220237,22.991539],[120.220578,22.991742],[120.220793,22.991464],[120.221096,22.991728],[120.221293,22.991422],[120.221329,22.991355],[120.221185,22.99119],[120.22105,22.991103],[120.221064,22.991083],[120.221061,22.991068],[120.22105,22.991056],[120.221033,22.991048],[120.221014,22.99105],[120.220991,22.991075],[120.220823,22.990966],[120.220877,22.990804],[120.220807,22.990713],[120.220748,22.990751],[120.220742,22.990743],[120.22072,22.990759],[120.220168,22.990481],[120.220181,22.990461],[120.219523,22.99012],[120.219482,22.990215],[120.219325,22.990484],[120.21912,22.990781],[120.218758,22.991206],[120.218554,22.99144],[120.21841,22.991568],[120.218438,22.991609],[120.218419,22.991647],[120.218433,22.991661],[120.218624,22.991789],[120.218636,22.991774],[120.218704,22.991817],[120.218692,22.991835],[120.219089,22.992102],[120.219128,22.992119],[120.219127,22.99211],[120.219149,22.992103]]]}},{"type":"Feature","properties":{"id":"9211d17da6c0","name":"臺南市私立長榮高級中學","level":"高中職","basis":"both","data_ym":"202412"},"geometry":{"type":"Polygon","coordinates":[[[120.222623,22.990525],[120.222721,22.990367],[120.222785,22.99032],[120.222825,22.990311],[120.222829,22.990304],[120.223005,22.989924],[120.222998,22.989921],[120.223027,22.98985],[120.223166,22.989557],[120.223261,22.989387],[120.223235,22.989375],[120.223269,22.98931],[120.223296,22.989322],[120.223471,22.988965],[120.223213,22.988292],[120.222821,22.987175],[120.222333,22.987226],[120.222277,22.987245],[120.222207,22.987251],[120.222161,22.987332],[120.221982,22.987582],[120.22188,22.987794],[120.221792,22.987932],[120.221565,22.988321],[120.221152,22.988608],[120.221156,22.988616],[120.221154,22.988626],[120.221104,22.988697],[120.221078,22.988698],[120.220945,22.988806],[120.220854,22.988917],[120.220775,22.988969],[120.220772,22.988997],[120.220883,22.989127],[120.220628,22.989622],[120.220529,22.989514],[120.220485,22.989608],[120.220309,22.989724],[120.2203,22.989743],[120.22039,22.989851],[120.220439,22.98982],[120.220525,22.989862],[120.221355,22.990301],[120.221612,22.990368],[120.221825,22.990396],[120.222043,22.990474],[120.222061,22.990462],[120.22214,22.990442],[120.22256,22.990535],[120.222623,22.990525]]]}},{"type":"Feature","properties":{"id":"fa6fdce9b201","name":"臺南市立仁德國民中學","level":"國中","basis":"both","data_ym":"202412"},"geometry":{"type":"Polygon","coordinates":[[[120.248104,22.957828],[120.248779,22.957431],[120.248756,22.9574],[120.24897,22.957268],[120.248962,22.95725],[120.249142,22.957131],[120.249092,22.956545],[120.249076,22.956163],[120.249069,22.956069],[120.248997,22.95608],[120.24898,22.955932],[120.248865,22.955985],[120.248681,22.955681],[120.248703,22.955668],[120.248562,22.955456],[120.248514,22.95542],[120.248476,22.955369],[120.248084,22.955626],[120.247216,22.956143],[120.246834,22.956379],[120.247174,22.956775],[120.247448,22.957086],[120.247905,22.957626],[120.24794,22.957603],[120.248104,22.957828]]]}},{"type":"Feature","properties":{"id":"85e2a83c7e04","name":"臺南市立佳里國民中學","level":"國中","basis":"both","data_ym":"202412"},"geometry":{"type":"Polygon","coordinates":[[[120.171146,23.157622],[120.171275,23.156596],[120.171175,23.156605],[120.170765,23.15662],[120.170672,23.156606],[120.170344,23.156509],[120.170266,23.156493],[120.17008,23.156476],[120.169768,23.156485],[120.169703,23.15648],[120.169289,23.156423],[120.169113,23.156409],[120.168966,23.157754],[120.168915,23.15818],[120.16891,23.15828],[120.16961,23.15837],[120.169858,23.158416],[120.169988,23.158445],[120.17015,23.158489],[120.170447,23.158595],[120.17061,23.158666],[120.170782,23.158751],[120.170979,23.158862],[120.171002,23.158859],[120.171035,23.158519],[120.171128,23.157804],[120.171146,23.157622]]]}},{"type":"Feature","properties":{"id":"53332a67e372","name":"臺南市立和順國民中學","level":"國中","basis":"both","data_ym":"202412"},"geometry":{"type":"Polygon","coordinates":[[[120.221372,23.065874],[120.220326,23.065816],[120.220325,23.065828],[120.220273,23.065824],[120.220275,23.065813],[120.220056,23.0658],[120.220055,23.065821],[120.219932,23.065813],[120.219932,23.065834],[120.219872,23.065831],[120.219873,23.065816],[120.219629,23.065804],[120.219657,23.065964],[120.219739,23.066334],[120.219861,23.066956],[120.219862,23.067119],[120.219841,23.06742],[120.219879,23.067466],[120.21984,23.067533],[120.219846,23.067554],[120.219895,23.067614],[120.220116,23.06773],[120.220304,23.067815],[120.221337,23.067845],[120.221372,23.065874]]]}},{"type":"Feature","properties":{"id":"9c7d052a50cc","name":"臺南市立大內國民中學","level":"國中","basis":"both","data_ym":"202412"},"geometry":{"type":"Polygon","coordinates":[[[120.363852,23.113272],[120.363983,23.113229],[120.364262,23.113252],[120.364864,23.113231],[120.365098,23.113155],[120.365733,23.112909],[120.365406,23.112247],[120.365166,23.111725],[120.364693,23.111984],[120.364353,23.112163],[120.364274,23.112196],[120.364273,23.112204],[120.364286,23.112206],[120.364487,23.112126],[120.364932,23.111968],[120.364953,23.112019],[120.364295,23.112257],[120.364078,23.112319],[120.364017,23.112351],[120.363994,23.112373],[120.363889,23.112496],[120.363782,23.112606],[120.36356,23.112797],[120.363562,23.112813],[120.363578,23.11283],[120.363658,23.112844],[120.363649,23.112897],[120.363457,23.112874],[120.36332,23.112996],[120.363502,23.1131],[120.363852,23.113272]]]}},{"type":"Feature","properties":{"id":"ac714719b555","name":"臺南市立大橋國民中學","level":"國中","basis":"both","data_ym":"202412"},"geometry":{"type":"Polygon","coordinates":[[[120.231533,23.021582],[120.231502,23.021571],[120.231475,23.021571],[120.231439,23.021589],[120.231314,23.021736],[120.231234,23.021848],[120.231156,23.021976],[120.231104,23.022064],[120.231035,23.022208],[120.230858,23.022661],[120.230798,23.022792],[120.23071,23.022962],[120.230602,23.023136],[120.230414,23.023406],[120.230403,23.023431],[120.230404,23.02345],[120.230408,23.023464],[120.230421,23.023481],[120.232073,23.02445],[120.232094,23.024461],[120.23213,23.02447],[120.232149,23.024466],[120.232164,23.024457],[120.232182,23.024433],[120.233258,23.022653],[120.233267,23.022627],[120.233267,23.022611],[120.233252,23.022587],[120.23322,23.022559],[120.231533,23.021582]]]}},{"type":"Feature","properties":{"id":"dc1240707c15","name":"臺南市立左鎮國民中學","level":"國中","basis":"both","data_ym":"202412"},"geometry":{"type":"Polygon","coordinates":[[[120.41161,23.057329],[120.411637,23.057193],[120.411885,23.057221],[120.411893,23.057158],[120.411625,23.057118],[120.411767,23.05669],[120.41151,23.056645],[120.411546,23.056489],[120.410908,23.056383],[120.41091,23.056225],[120.410876,23.056222],[120.410865,23.056202],[120.410867,23.055973],[120.410139,23.056372],[120.410163,23.056637],[120.410224,23.057181],[120.410526,23.05722],[120.41161,23.057329]]]}},{"type":"Feature","properties":{"id":"72cfe2e4c5e6","name":"臺南市立延平國民中學","level":"國中","basis":"both","data_ym":"202412"},"geometry":{"type":"Polygon","coordinates":[[[120.210948,23.010515],[120.212038,23.010178],[120.212052,23.010213],[120.212524,23.010074],[120.212468,23.009884],[120.212446,23.009721],[120.212408,23.009547],[120.212329,23.009521],[120.212288,23.009449],[120.212282,23.009423],[120.212268,23.00929],[120.212286,23.00922],[120.212254,23.008876],[120.212195,23.008886],[120.212062,23.008918],[120.212043,23.008871],[120.211887,23.008911],[120.21167,23.008939],[120.211443,23.008977],[120.211317,23.008975],[120.211199,23.00902],[120.211122,23.009029],[120.211123,23.009056],[120.211069,23.009061],[120.211067,23.009041],[120.210856,23.009076],[120.210607,23.009089],[120.210462,23.00912],[120.210529,23.009345],[120.210523,23.009346],[120.210916,23.0105],[120.210948,23.010515]]]}},{"type":"Feature","properties":{"id":"42eddb06a525","name":"臺南市立建興國民中學","level":"國中","basis":"both","data_ym":"202412"},"geometry":{"type":"Polygon","coordinates":[[[120.203862,22.987019],[120.203171,22.98711],[120.203147,22.987001],[120.202966,22.987037],[120.202999,22.987239],[120.202285,22.987365],[120.202454,22.988101],[120.201949,22.988212],[120.202187,22.989213],[120.202286,22.989187],[120.202309,22.989156],[120.202503,22.989109],[120.202604,22.989093],[120.202637,22.989094],[120.20268,22.989084],[120.202682,22.989095],[120.202956,22.989075],[120.202999,22.989066],[120.203052,22.989286],[120.203273,22.989239],[120.20326,22.989191],[120.203172,22.989135],[120.203231,22.989066],[120.203207,22.988987],[120.203515,22.988682],[120.203585,22.988622],[120.20369,22.988554],[120.2035,22.987777],[120.203543,22.987769],[120.203545,22.987778],[120.203844,22.987722],[120.203839,22.987697],[120.203895,22.987687],[120.203883,22.98763],[120.203905,22.987625],[120.203906,22.987631],[120.203935,22.987626],[120.203862,22.987019]]]}},{"type":"Feature","properties":{"id":"3b5c54dcbbb2","name":"臺南市立後甲國民中學","level":"國中","basis":"both","data_ym":"202412"},"geometry":{"type":"Polygon","coordinates":[[[120.225664,22.996398],[120.22579,22.996398],[120.226157,22.996387],[120.226558,22.996398],[120.226423,22.995733],[120.226596,22.99572],[120.226567,22.995586],[120.226403,22.995603],[120.226193,22.994705],[120.226103,22.994275],[120.225975,22.993725],[120.2244,22.993756],[120.22421,22.993774],[120.224387,22.995843],[120.224427,22.995842],[120.224441,22.996014],[120.224424,22.996014],[120.224425,22.996038],[120.224409,22.99604],[120.22444,22.996383],[120.225447,22.996398],[120.225461,22.996432],[120.225664,22.996398]]]}},{"type":"Feature","properties":{"id":"05f362edc4c7","name":"臺南市立新化國民中學","level":"國中","basis":"both","data_ym":"202412"},"geometry":{"type":"Polygon","coordinates":[[[120.312546,23.033382],[120.312509,23.033281],[120.31223,23.033412],[120.311659,23.033709],[120.311647,23.033718],[120.311589,23.03541],[120.31149,23.035942],[120.311493,23.035956],[120.311566,23.036041],[120.312278,23.036149],[120.312838,23.036229],[120.313078,23.036259],[120.313168,23.035901],[120.313194,23.035648],[120.313191,23.035406],[120.313167,23.03529],[120.313105,23.035062],[120.31303,23.034814],[120.312956,23.034688],[120.312943,23.034658],[120.312878,23.034436],[120.312799,23.034213],[120.312671,23.033808],[120.312593,23.033532],[120.312583,23.033512],[120.312584,23.033484],[120.312577,23.033484],[120.31255,23.033382],[120.312546,23.033382]]]}},{"type":"Feature","properties":{"id":"1bb36728aad7","name":"臺南市立新市國民中學","level":"國中","basis":"both","data_ym":"202412"},"geometry":{"type":"Polygon","coordinates":[[[120.301497,23.083997],[120.300514,23.083092],[120.300378,23.083218],[120.300357,23.083281],[120.300071,23.08355],[120.299846,23.083342],[120.299618,23.083556],[120.298945,23.08417],[120.298945,23.084194],[120.300102,23.085258],[120.300646,23.084781],[120.300685,23.084717],[120.301497,23.083997]]]}},{"type":"Feature","properties":{"id":"f6cab4067763","name":"臺南市立新興國民中學","level":"國中","basis":"both","data_ym":"202412"},"geometry":{"type":"Polygon","coordinates":[[[120.187564,22.976887],[120.187603,22.976694],[120.187645,22.976452],[120.187608,22.976417],[120.184646,22.976618],[120.184604,22.976665],[120.184598,22.976684],[120.184663,22.977064],[120.184806,22.977841],[120.184819,22.977867],[120.184896,22.977917],[120.184914,22.977922],[120.184958,22.977922],[120.185266,22.977878],[120.185958,22.977771],[120.186354,22.977802],[120.186574,22.977784],[120.186663,22.977827],[120.187161,22.977866],[120.187179,22.977846],[120.187181,22.977825],[120.187281,22.977837],[120.187316,22.977652],[120.18734,22.977655],[120.187513,22.976879],[120.187564,22.976887]]]}},{"type":"Feature","properties":{"id":"c20d8d848d9b","name":"臺南市立西港國民中學","level":"國中","basis":"both","data_ym":"202412"},"geometry":{"type":"Polygon","coordinates":[[[120.205592,23.124019],[120.205346,23.123898],[120.205242,23.123894],[120.205213,23.12393],[120.205114,23.123872],[120.205165,23.123788],[120.20478,23.123583],[120.204608,23.12384],[120.204554,23.123845],[120.204553,23.123837],[120.204041,23.123891],[120.203759,23.124793],[120.204078,23.124846],[120.203924,23.125612],[120.204177,23.125663],[120.204894,23.125849],[120.205006,23.125563],[120.205275,23.124833],[120.205592,23.124019]]]}},{"type":"Feature","properties":{"id":"885124a9178d","name":"臺南市立金城國民中學","level":"國中","basis":"both","data_ym":"202412"},"geometry":{"type":"Polygon","coordinates":[[[120.181854,22.994475],[120.181775,22.993912],[120.181766,22.993913],[120.181765,22.993902],[120.181773,22.993901],[120.181697,22.993341],[120.181692,22.993341],[120.181658,22.993077],[120.181569,22.993021],[120.181003,22.993088],[120.18051,22.993141],[120.180514,22.993146],[120.180477,22.993172],[120.180347,22.993183],[120.180344,22.993162],[120.180265,22.993168],[120.180268,22.993193],[120.180191,22.993201],[120.180138,22.993182],[120.179779,22.993237],[120.179754,22.99326],[120.179711,22.993251],[120.1797,22.993266],[120.179722,22.993306],[120.179704,22.993326],[120.179708,22.993364],[120.17972,22.993366],[120.179726,22.993412],[120.179709,22.993426],[120.179769,22.993892],[120.179759,22.993893],[120.179767,22.99395],[120.179777,22.993949],[120.179877,22.99473],[120.179904,22.994761],[120.179935,22.994772],[120.181799,22.994553],[120.18183,22.994538],[120.181839,22.994476],[120.181854,22.994475]]]}},{"type":"Feature","properties":{"id":"cc967d356592","name":"臺南市立麻豆國民中學","level":"國中","basis":"both","data_ym":"202412"},"geometry":{"type":"Polygon","coordinates":[[[120.26088,23.182067],[120.260883,23.18118],[120.260569,23.18118],[120.260147,23.181198],[120.259754,23.18121],[120.259651,23.181209],[120.259652,23.181228],[120.25942,23.181234],[120.259377,23.181224],[120.259007,23.181171],[120.258536,23.181126],[120.258484,23.181124],[120.258445,23.181142],[120.258428,23.181162],[120.258368,23.181302],[120.258348,23.182968],[120.258348,23.183003],[120.258355,23.183017],[120.258366,23.183023],[120.259367,23.183038],[120.259366,23.18356],[120.260737,23.183561],[120.260715,23.182969],[120.260886,23.182963],[120.26088,23.182067]]]}},{"type":"Feature","properties":{"id":"1ef1d3a0b553","name":"臺南市西港區後營國民小學","level":"國小","basis":"both","data_ym":"202412"},"geometry":{"type":"Polygon","coordinates":[[[120.214811,23.141116],[120.214898,23.141112],[120.215046,23.14112],[120.215019,23.140942],[120.215303,23.140941],[120.215333,23.140777],[120.215337,23.140732],[120.215316,23.140609],[120.21529,23.140508],[120.215214,23.140351],[120.215165,23.139911],[120.215091,23.139932],[120.215054,23.139937],[120.214575,23.139991],[120.214571,23.139987],[120.214495,23.139592],[120.214504,23.139542],[120.214402,23.139568],[120.214438,23.139596],[120.214506,23.139964],[120.214484,23.139974],[120.213832,23.140036],[120.213775,23.140854],[120.213772,23.140983],[120.213776,23.140993],[120.213794,23.141009],[120.214249,23.141121],[120.214513,23.141199],[120.214674,23.141251],[120.214761,23.141284],[120.214811,23.141116]]]}},{"type":"Feature","properties":{"id":"d69a5a7766f8","name":"臺南市西港區松林國民小學","level":"國小","basis":"both","data_ym":"202412"},"geometry":{"type":"Polygon","coordinates":[[[120.230347,23.13534],[120.230248,23.134794],[120.23019,23.134803],[120.230159,23.134702],[120.229917,23.134772],[120.229362,23.134947],[120.229569,23.13638],[120.230043,23.136328],[120.230229,23.136304],[120.230096,23.135374],[120.230347,23.13534]]]}},{"type":"Feature","properties":{"id":"38aef6db7998","name":"臺南市西港區港東國民小學","level":"國小","basis":"both","data_ym":"202412"},"geometry":{"type":"Polygon","coordinates":[[[120.210195,23.123137],[120.210002,23.122304],[120.208504,23.122606],[120.208722,23.123495],[120.209775,23.123276],[120.209764,23.123228],[120.210195,23.123137]]]}},{"type":"Feature","properties":{"id":"dc28c856dce2","name":"臺南市麻豆區北勢國民小學","level":"國小","basis":"both","data_ym":"202412"},"geometry":{"type":"Polygon","coordinates":[[[120.24039,23.204437],[120.239871,23.204378],[120.239828,23.204416],[120.239805,23.204491],[120.239792,23.20458],[120.239681,23.205748],[120.240525,23.205769],[120.240601,23.205785],[120.240641,23.205785],[120.240642,23.205435],[120.240645,23.205435],[120.240645,23.204893],[120.240552,23.204886],[120.240552,23.204826],[120.240427,23.204816],[120.24039,23.204437]]]}},{"type":"Feature","properties":{"id":"6576476f6a89","name":"臺南市麻豆區紀安國民小學","level":"國小","basis":"both","data_ym":"202412"},"geometry":{"type":"Polygon","coordinates":[[[120.238126,23.15124],[120.237905,23.151064],[120.237871,23.151101],[120.237752,23.151071],[120.237449,23.150983],[120.23738,23.150968],[120.237282,23.150938],[120.236996,23.150872],[120.236901,23.151147],[120.236727,23.151728],[120.236666,23.151887],[120.237293,23.151926],[120.237319,23.151958],[120.23734,23.151969],[120.237446,23.151995],[120.237599,23.152022],[120.237891,23.152047],[120.237941,23.151877],[120.238018,23.151651],[120.238064,23.151492],[120.238099,23.151335],[120.238126,23.15124]]]}},{"type":"Feature","properties":{"id":"d095147e9e37","name":"臺南市官田區隆田國民小學","level":"國小","basis":"both","data_ym":"202412"},"geometry":{"type":"Polygon","coordinates":[[[120.315436,23.191509],[120.313684,23.191564],[120.313729,23.192817],[120.313761,23.192844],[120.313955,23.192814],[120.3139,23.192564],[120.313896,23.192518],[120.31428,23.192458],[120.314285,23.192538],[120.314306,23.192535],[120.314339,23.192715],[120.315489,23.192673],[120.315495,23.192658],[120.315479,23.192123],[120.315497,23.192063],[120.315475,23.191638],[120.315442,23.19164],[120.315436,23.191509]]]}},{"type":"Feature","properties":{"id":"9a2c5bcb9b72","name":"臺南市東山區東原國民小學","level":"國小","basis":"both","data_ym":"202412"},"geometry":{"type":"Polygon","coordinates":[[[120.446822,23.265571],[120.446649,23.265448],[120.446544,23.265543],[120.446382,23.265623],[120.44617,23.265655],[120.446007,23.265731],[120.446178,23.266027],[120.446169,23.266032],[120.446457,23.26653],[120.44658,23.266732],[120.44687,23.266509],[120.447085,23.266335],[120.447154,23.266275],[120.447309,23.266104],[120.447354,23.266066],[120.447365,23.266062],[120.44709,23.26579],[120.446822,23.265571]]]}},{"type":"Feature","properties":{"id":"a86099e13f69","name":"臺南市歸仁區紅瓦厝國民小學","level":"國小","basis":"both","data_ym":"202501"},"geometry":{"type":"Polygon","coordinates":[[[120.296853,22.962254],[120.297637,22.962579],[120.297997,22.962736],[120.298314,22.962865],[120.298451,22.962572],[120.298991,22.962747],[120.298923,22.961429],[120.298623,22.961364],[120.298189,22.961276],[120.29745,22.961115],[120.297414,22.96118],[120.297354,22.961309],[120.297345,22.961306],[120.297258,22.961464],[120.297022,22.961931],[120.296853,22.962254]]]}},{"type":"Feature","properties":{"id":"9173e211c6c5","name":"臺南市立官田國民中學","level":"國中","basis":"both","data_ym":"202412"},"geometry":{"type":"Polygon","coordinates":[[[120.313621,23.189624],[120.315406,23.189707],[120.315411,23.18968],[120.315425,23.189667],[120.315478,23.189649],[120.315568,23.18903],[120.315593,23.188911],[120.315711,23.188138],[120.315797,23.187617],[120.315435,23.18756],[120.314746,23.187465],[120.31384,23.187349],[120.313621,23.189624]]]}},{"type":"Feature","properties":{"id":"15a1cfbb73b4","name":"臺南市中西區成功國民小學","level":"國小","basis":"both","data_ym":"202501"},"geometry":{"type":"Polygon","coordinates":[[[120.20288,22.997367],[120.202737,22.997443],[120.202806,22.997661],[120.202838,22.997807],[120.202661,22.997834],[120.202684,22.997948],[120.202451,22.998018],[120.202826,22.999002],[120.203756,22.998693],[120.203697,22.998539],[120.203719,22.99845],[120.203785,22.998432],[120.203748,22.998334],[120.203724,22.998292],[120.203705,22.998278],[120.20369,22.998239],[120.203655,22.998185],[120.203629,22.99805],[120.203577,22.997874],[120.203425,22.997465],[120.203283,22.997461],[120.203274,22.997455],[120.20321,22.997297],[120.20288,22.997367]]]}},{"type":"Feature","properties":{"id":"ca90e69c8f7f","name":"國立白河高級商工職業學校","level":"高中職","basis":"name","data_ym":"202411"},"geometry":{"type":"Polygon","coordinates":[[[120.41561,23.353088],[120.415551,23.353594],[120.415529,23.35395],[120.415543,23.354072],[120.415472,23.354708],[120.41529,23.35472],[120.415459,23.354875],[120.415696,23.355061],[120.415795,23.355125],[120.415909,23.355179],[120.416057,23.355241],[120.416166,23.355271],[120.41686,23.355237],[120.418487,23.355167],[120.418507,23.355148],[120.418514,23.355129],[120.4184,23.354743],[120.418333,23.354559],[120.418304,23.35451],[120.418286,23.354518],[120.418125,23.354206],[120.417949,23.353876],[120.417817,23.353657],[120.417506,23.353205],[120.417427,23.353105],[120.417425,23.353093],[120.417417,23.353093],[120.417402,23.353074],[120.417206,23.353124],[120.417102,23.353121],[120.416962,23.353096],[120.416933,23.352907],[120.416273,23.352983],[120.415609,23.353052],[120.41561,23.353088]]]}},{"type":"Feature","properties":{"id":"ac6646df9323","name":"臺南市白河區玉豐國民小學","level":"國小","basis":"both","data_ym":"202410"},"geometry":{"type":"Polygon","coordinates":[[[120.41627,23.38036],[120.416444,23.379914],[120.416457,23.379846],[120.416662,23.37904],[120.416329,23.378975],[120.414748,23.378865],[120.414793,23.379388],[120.414875,23.379817],[120.414914,23.379824],[120.414909,23.379865],[120.414912,23.379866],[120.414905,23.379904],[120.414901,23.379907],[120.41491,23.379939],[120.414934,23.379931],[120.414947,23.379968],[120.414999,23.380176],[120.415012,23.380209],[120.415028,23.380218],[120.415052,23.380217],[120.415557,23.380109],[120.415578,23.380108],[120.415604,23.380117],[120.415626,23.380134],[120.415651,23.38017],[120.415655,23.380187],[120.415662,23.380338],[120.415667,23.38035],[120.415679,23.380357],[120.415718,23.380361],[120.41627,23.38036]]]}},{"type":"Feature","properties":{"id":"a554f4584267","name":"臺南市白河區內角國民小學","level":"國小","basis":"both","data_ym":"202410"},"geometry":{"type":"Polygon","coordinates":[[[120.44127,23.397],[120.441198,23.396824],[120.441044,23.39688],[120.440969,23.39668],[120.440933,23.396692],[120.44087,23.396501],[120.440691,23.396554],[120.440235,23.396755],[120.439961,23.396869],[120.440058,23.397061],[120.439825,23.39718],[120.440327,23.397953],[120.440498,23.397909],[120.441226,23.397633],[120.441253,23.397609],[120.441057,23.397082],[120.44127,23.397]]]}},{"type":"Feature","properties":{"id":"3dac9c975ee8","name":"臺南市後壁區新嘉國民小學","level":"國小","basis":"both","data_ym":"202410"},"geometry":{"type":"Polygon","coordinates":[[[120.309672,23.373394],[120.309735,23.373382],[120.309769,23.373382],[120.309812,23.373391],[120.309857,23.373412],[120.309909,23.373332],[120.31003,23.373178],[120.310114,23.373059],[120.310319,23.372678],[120.31032,23.372655],[120.31031,23.372635],[120.310284,23.372619],[120.309754,23.372198],[120.309544,23.371994],[120.309042,23.372621],[120.308917,23.37277],[120.3092,23.373003],[120.309254,23.373044],[120.309444,23.373223],[120.309474,23.373333],[120.309579,23.373436],[120.309672,23.373394]]]}},{"type":"Feature","properties":{"id":"accf990c9318","name":"臺南市立白河國民中學","level":"國中","basis":"both","data_ym":"202410"},"geometry":{"type":"Polygon","coordinates":[[[120.424175,23.361871],[120.423953,23.361579],[120.423795,23.361666],[120.42376,23.361674],[120.423436,23.361672],[120.422484,23.361638],[120.422319,23.361628],[120.421732,23.361546],[120.421684,23.36155],[120.421564,23.361573],[120.421165,23.361662],[120.420449,23.36181],[120.420098,23.36189],[120.419777,23.361986],[120.419783,23.362009],[120.419683,23.362029],[120.420613,23.363334],[120.421044,23.363417],[120.421486,23.363251],[120.422553,23.362839],[120.422757,23.362768],[120.423165,23.362644],[120.423054,23.362275],[120.423974,23.361909],[120.424124,23.361885],[120.424175,23.361871]]]}},{"type":"Feature","properties":{"id":"f137c74692d8","name":"臺南市後壁區安溪國民小學","level":"國小","basis":"both","data_ym":"202410"},"geometry":{"type":"Polygon","coordinates":[[[120.361517,23.333665],[120.361489,23.333301],[120.361438,23.333308],[120.361421,23.333189],[120.361375,23.333141],[120.361365,23.333022],[120.361382,23.333024],[120.361389,23.332947],[120.361146,23.33288],[120.361109,23.332854],[120.360993,23.332827],[120.36098,23.33287],[120.360821,23.33283],[120.360838,23.332784],[120.36036,23.33267],[120.360352,23.332696],[120.360099,23.332616],[120.360109,23.333121],[120.360107,23.333241],[120.360135,23.333338],[120.360132,23.333376],[120.360148,23.333542],[120.360162,23.334327],[120.360185,23.335015],[120.360516,23.334956],[120.361423,23.334827],[120.361478,23.333857],[120.361544,23.333839],[120.361517,23.333665]]]}},{"type":"Feature","properties":{"id":"925a3e21bc45","name":"臺南市東山區東山國民小學","level":"國小","basis":"both","data_ym":"202410"},"geometry":{"type":"Polygon","coordinates":[[[120.405037,23.323074],[120.404966,23.32243],[120.404578,23.322455],[120.404552,23.322438],[120.404077,23.322399],[120.404069,23.322522],[120.404067,23.322694],[120.404035,23.323456],[120.404045,23.323708],[120.403976,23.323711],[120.403981,23.32389],[120.404003,23.32403],[120.404003,23.324124],[120.404073,23.324119],[120.405016,23.324106],[120.405029,23.324095],[120.405037,23.324067],[120.405042,23.323236],[120.405037,23.323074]]]}},{"type":"Feature","properties":{"id":"44dde73f281d","name":"臺南市私立南光高級中學","level":"高中職","basis":"both","data_ym":"202410"},"geometry":{"type":"Polygon","coordinates":[[[120.31653,23.299723],[120.316478,23.299659],[120.316482,23.299355],[120.316456,23.299356],[120.316454,23.299018],[120.316479,23.299018],[120.31648,23.298832],[120.316844,23.298837],[120.316852,23.298369],[120.316451,23.298362],[120.316114,23.298364],[120.316117,23.298138],[120.315139,23.298133],[120.315099,23.298187],[120.314985,23.298189],[120.314936,23.298147],[120.313837,23.298155],[120.314059,23.298349],[120.314023,23.298378],[120.314023,23.298503],[120.313995,23.298585],[120.313979,23.298585],[120.313957,23.298701],[120.313922,23.298808],[120.313898,23.299034],[120.313961,23.299045],[120.313938,23.299228],[120.314271,23.299248],[120.314697,23.299346],[120.315702,23.299537],[120.316148,23.29966],[120.316494,23.299782],[120.31653,23.299723]]]}},{"type":"Feature","properties":{"id":"6a0436944d27","name":"臺南市新營區新營國民小學","level":"國小","basis":"both","data_ym":"202410"},"geometry":{"type":"Polygon","coordinates":[[[120.317685,23.307202],[120.317711,23.306882],[120.317774,23.306255],[120.317826,23.305665],[120.317799,23.305622],[120.317207,23.305396],[120.317074,23.305358],[120.316499,23.305282],[120.316477,23.305289],[120.316448,23.305318],[120.31621,23.306656],[120.316183,23.306863],[120.316191,23.307089],[120.317291,23.307183],[120.317292,23.307173],[120.317685,23.307202]]]}},{"type":"Feature","properties":{"id":"46aa41efddc4","name":"臺南市新營區土庫國民小學","level":"國小","basis":"both","data_ym":"202410"},"geometry":{"type":"Polygon","coordinates":[[[120.345641,23.320071],[120.345703,23.319331],[120.345699,23.319298],[120.345616,23.319014],[120.345586,23.318948],[120.345534,23.318882],[120.345486,23.31883],[120.345434,23.318787],[120.345397,23.318762],[120.345347,23.318745],[120.345333,23.318746],[120.345073,23.318837],[120.344866,23.318919],[120.344959,23.319128],[120.344907,23.319448],[120.344847,23.319765],[120.344846,23.319842],[120.344822,23.319869],[120.344819,23.319881],[120.344824,23.319913],[120.344814,23.319912],[120.344807,23.320112],[120.344792,23.320244],[120.344887,23.320258],[120.344904,23.320312],[120.345599,23.320112],[120.345641,23.320071]]]}},{"type":"Feature","properties":{"id":"e30888a70522","name":"臺南市東山區聖賢國民小學","level":"國小","basis":"both","data_ym":"202410"},"geometry":{"type":"Polygon","coordinates":[[[120.36264,23.306162],[120.362731,23.306152],[120.362783,23.306177],[120.363975,23.306056],[120.363994,23.305939],[120.363633,23.305765],[120.363691,23.30561],[120.363476,23.305555],[120.363492,23.305394],[120.363532,23.305196],[120.363582,23.304876],[120.362821,23.304871],[120.362243,23.304873],[120.362019,23.304908],[120.362029,23.305483],[120.361802,23.305489],[120.361802,23.305495],[120.361774,23.305494],[120.361774,23.30554],[120.361718,23.305541],[120.361748,23.30628],[120.362605,23.306196],[120.36264,23.306162]]]}},{"type":"Feature","properties":{"id":"31f334470dca","name":"臺南市立太子國民中學","level":"國中","basis":"both","data_ym":"202410"},"geometry":{"type":"Polygon","coordinates":[[[120.271441,23.291033],[120.270649,23.290474],[120.269856,23.291451],[120.270212,23.291683],[120.270661,23.29199],[120.270619,23.29204],[120.271357,23.292549],[120.271511,23.292349],[120.271774,23.292035],[120.272039,23.291704],[120.272154,23.291569],[120.272044,23.291491],[120.271776,23.291314],[120.271415,23.291062],[120.271441,23.291033]]]}},{"type":"Feature","properties":{"id":"9cb7229c1c6a","name":"敏惠醫護管理專科學校","level":"大專","basis":"both","data_ym":"202410"},"geometry":{"type":"Polygon","coordinates":[[[120.330686,23.279427],[120.328383,23.279367],[120.328401,23.279944],[120.328435,23.280692],[120.330656,23.280675],[120.330653,23.280376],[120.330686,23.279427]]]}},{"type":"Feature","properties":{"id":"90202afdfbcf","name":"臺南市東山區吉貝耍國民小學","level":"國小","basis":"both","data_ym":"202410"},"geometry":{"type":"Polygon","coordinates":[[[120.386896,23.294681],[120.386828,23.294346],[120.386701,23.294406],[120.386579,23.294242],[120.386545,23.294156],[120.38651,23.294088],[120.386424,23.293884],[120.386408,23.293873],[120.386386,23.293876],[120.386349,23.293889],[120.386256,23.293941],[120.38614,23.294032],[120.385961,23.294208],[120.385888,23.294273],[120.385833,23.294309],[120.385716,23.29437],[120.385889,23.294833],[120.385896,23.294872],[120.386661,23.2948],[120.386892,23.294786],[120.386896,23.294681]]]}},{"type":"Feature","properties":{"id":"43270788c389","name":"臺南市學甲區頂洲國民小學","level":"國小","basis":"both","data_ym":"202410"},"geometry":{"type":"Polygon","coordinates":[[[120.201425,23.288407],[120.20162,23.288413],[120.201704,23.287855],[120.201525,23.28782],[120.201548,23.287647],[120.201617,23.287222],[120.20083,23.286471],[120.20054,23.286711],[120.200496,23.287891],[120.200513,23.287892],[120.200495,23.288457],[120.200854,23.288479],[120.200851,23.288523],[120.201009,23.288475],[120.20117,23.288438],[120.201291,23.288418],[120.201425,23.288407]]]}},{"type":"Feature","properties":{"id":"cf33b7ab67dd","name":"臺南市鹽水區歡雅國民小學","level":"國小","basis":"both","data_ym":"202410"},"geometry":{"type":"Polygon","coordinates":[[[120.243692,23.293226],[120.243798,23.293196],[120.244159,23.293208],[120.244085,23.292515],[120.244032,23.292238],[120.244024,23.292166],[120.244022,23.292075],[120.243928,23.291357],[120.243919,23.291261],[120.243923,23.291125],[120.243921,23.291065],[120.243729,23.291137],[120.243517,23.291279],[120.243377,23.291346],[120.243315,23.291417],[120.243256,23.291421],[120.243019,23.291561],[120.24237,23.291537],[120.24239,23.291985],[120.242633,23.291972],[120.242681,23.291973],[120.242893,23.291996],[120.242888,23.292037],[120.242658,23.292013],[120.242285,23.292031],[120.242287,23.292117],[120.242421,23.292204],[120.242624,23.292378],[120.242879,23.292581],[120.243314,23.292917],[120.243235,23.293014],[120.243533,23.293223],[120.243692,23.293226]]]}},{"type":"Feature","properties":{"id":"72e961f5a8fb","name":"臺南市白河區白河國民小學","level":"國小","basis":"both","data_ym":"202411"},"geometry":{"type":"Polygon","coordinates":[[[120.414695,23.353344],[120.415109,23.352955],[120.414828,23.352237],[120.414798,23.352248],[120.414695,23.351989],[120.414621,23.352014],[120.414617,23.352006],[120.414389,23.352081],[120.414393,23.35209],[120.414282,23.352123],[120.41426,23.352068],[120.414054,23.352133],[120.41405,23.352208],[120.413863,23.352218],[120.413861,23.352191],[120.412906,23.352515],[120.413377,23.352935],[120.413729,23.353263],[120.414624,23.353254],[120.414695,23.353344]]]}},{"type":"Feature","properties":{"id":"23a706a472d3","name":"國立新營高級中學","level":"高中職","basis":"both","data_ym":"202411"},"geometry":{"type":"Polygon","coordinates":[[[120.310424,23.307421],[120.310339,23.307807],[120.310362,23.307892],[120.310363,23.307922],[120.310249,23.308579],[120.310024,23.309936],[120.310192,23.309976],[120.310644,23.310103],[120.310724,23.310112],[120.310903,23.310153],[120.310896,23.310175],[120.311615,23.310377],[120.311637,23.310366],[120.311655,23.310335],[120.312061,23.30847],[120.31202,23.308425],[120.31205,23.308294],[120.312125,23.308236],[120.31219,23.307942],[120.311456,23.307734],[120.310424,23.307421]]]}},{"type":"Feature","properties":{"id":"c09a53efce93","name":"臺南市私立興國高級中學","level":"高中職","basis":"name","data_ym":"202411"},"geometry":{"type":"Polygon","coordinates":[[[120.322444,23.31426],[120.322474,23.313806],[120.322611,23.313816],[120.32261,23.313835],[120.322683,23.313837],[120.322684,23.313821],[120.322795,23.313829],[120.322859,23.313024],[120.322862,23.312911],[120.322868,23.312911],[120.322885,23.312698],[120.322926,23.312697],[120.322928,23.312596],[120.322607,23.312582],[120.322609,23.31253],[120.322582,23.312529],[120.32258,23.312497],[120.322451,23.312493],[120.32245,23.312505],[120.32239,23.312501],[120.322395,23.312409],[120.322121,23.312387],[120.322117,23.312387],[120.322116,23.312392],[120.322074,23.312392],[120.322075,23.312386],[120.321932,23.31238],[120.321932,23.312334],[120.321694,23.312314],[120.321692,23.312372],[120.321682,23.312373],[120.321674,23.312498],[120.321697,23.312498],[120.321687,23.312769],[120.321375,23.312761],[120.321336,23.313516],[120.321289,23.314227],[120.32151,23.314236],[120.321571,23.314229],[120.322444,23.31426]]]}},{"type":"Feature","properties":{"id":"386dd55d947f","name":"臺南市立東山國民中學","level":"國中","basis":"both","data_ym":"202411"},"geometry":{"type":"Polygon","coordinates":[[[120.404515,23.316964],[120.40378,23.315238],[120.403485,23.315332],[120.402331,23.315731],[120.402662,23.316583],[120.402713,23.316583],[120.402739,23.316651],[120.402711,23.316691],[120.402855,23.317084],[120.402969,23.317465],[120.404114,23.317097],[120.404515,23.316964]]]}},{"type":"Feature","properties":{"id":"19a163b34758","name":"臺南市後壁區菁寮國民小學","level":"國小","basis":"both","data_ym":"202009"},"geometry":{"type":"Polygon","coordinates":[[[120.339837,23.378893],[120.339816,23.378881],[120.339508,23.378884],[120.339499,23.378664],[120.338664,23.378767],[120.338662,23.378912],[120.338547,23.379619],[120.338492,23.379682],[120.338482,23.379704],[120.338489,23.379723],[120.338535,23.379772],[120.338489,23.380083],[120.338472,23.380148],[120.338475,23.380269],[120.338398,23.380283],[120.338047,23.380607],[120.338047,23.380617],[120.338828,23.380754],[120.339738,23.38092],[120.339767,23.380834],[120.339858,23.38064],[120.340052,23.380197],[120.34007,23.380027],[120.34009,23.379683],[120.340117,23.379639],[120.34015,23.379612],[120.340354,23.37958],[120.340371,23.37956],[120.340376,23.379529],[120.340366,23.379502],[120.34029,23.379393],[120.340208,23.379218],[120.340184,23.379181],[120.340132,23.379131],[120.340057,23.379096],[120.34,23.379059],[120.339837,23.378893]]]}},{"type":"Feature","properties":{"id":"fbc7c7a4a57f","name":"臺南市後壁區永安國民小學","level":"國小","basis":"both","data_ym":"201702"},"geometry":{"type":"Polygon","coordinates":[[[120.38759,23.384611],[120.387552,23.384103],[120.387217,23.384106],[120.386984,23.384101],[120.386856,23.384095],[120.386816,23.384089],[120.386742,23.384068],[120.386715,23.384057],[120.386617,23.384],[120.386463,23.383896],[120.386449,23.383891],[120.386433,23.383895],[120.386434,23.383901],[120.386482,23.383927],[120.386443,23.383976],[120.386189,23.383794],[120.386169,23.383777],[120.386061,23.383612],[120.386082,23.383841],[120.386062,23.383946],[120.38602,23.384035],[120.385898,23.384101],[120.385817,23.384171],[120.385691,23.385349],[120.386097,23.385373],[120.386131,23.385159],[120.386226,23.385111],[120.38632,23.385015],[120.386384,23.384869],[120.387246,23.384715],[120.387243,23.384636],[120.38759,23.384611]]]}},{"type":"Feature","properties":{"id":"3d3621e2c576","name":"臺南市白河區竹門國民小學","level":"國小","basis":"both","data_ym":"201702"},"geometry":{"type":"Polygon","coordinates":[[[120.445208,23.378335],[120.445276,23.377801],[120.44548,23.377817],[120.445543,23.377318],[120.44559,23.376865],[120.445177,23.376714],[120.445033,23.376673],[120.44484,23.376632],[120.444576,23.376685],[120.444525,23.376703],[120.444483,23.377221],[120.444212,23.377197],[120.444119,23.377892],[120.444095,23.37816],[120.444108,23.378218],[120.444708,23.378291],[120.445208,23.378335]]]}},{"type":"Feature","properties":{"id":"c916a8d6e653","name":"臺南市立菁寮國民中學","level":"國中","basis":"both","data_ym":"201702"},"geometry":{"type":"Polygon","coordinates":[[[120.333292,23.36939],[120.333351,23.368485],[120.333291,23.368483],[120.333316,23.368134],[120.332758,23.367931],[120.332211,23.367725],[120.331921,23.367736],[120.332044,23.368164],[120.332026,23.368208],[120.331932,23.368245],[120.331915,23.368408],[120.331898,23.368664],[120.331882,23.368827],[120.331865,23.368837],[120.332039,23.369207],[120.33207,23.369202],[120.332168,23.36926],[120.332171,23.369307],[120.332333,23.369322],[120.333292,23.36939]]]}},{"type":"Feature","properties":{"id":"bdb21a605808","name":"臺南市立後壁國民中學1","level":"國中","basis":"both","data_ym":"201408"},"geometry":{"type":"Polygon","coordinates":[[[120.36055,23.352856],[120.358832,23.35277],[120.358787,23.353514],[120.35875,23.353904],[120.35988,23.353971],[120.360458,23.354011],[120.36055,23.352856]]]}},{"type":"Feature","properties":{"id":"d61a170f0aad","name":"臺南市立後壁國民中學","level":"國中","basis":"both","data_ym":"201702"},"geometry":{"type":"Polygon","coordinates":[[[120.360428,23.354093],[120.358778,23.353984],[120.358684,23.355085],[120.358642,23.355091],[120.35861,23.355459],[120.358893,23.355361],[120.359611,23.355102],[120.360374,23.354816],[120.360428,23.354093]]]}},{"type":"Feature","properties":{"id":"a6a43e26ffb3","name":"國立後壁高級中學","level":"高中職","basis":"both","data_ym":"202009"},"geometry":{"type":"Polygon","coordinates":[[[120.359235,23.35728],[120.359808,23.356772],[120.361979,23.356915],[120.362019,23.356882],[120.362079,23.356014],[120.362389,23.356034],[120.36243,23.356002],[120.36249,23.355189],[120.362461,23.355153],[120.362253,23.355143],[120.362323,23.354197],[120.362228,23.354185],[120.361743,23.354378],[120.361052,23.354628],[120.358751,23.355527],[120.35804,23.3557],[120.358084,23.355849],[120.358137,23.355835],[120.358161,23.355917],[120.358197,23.355907],[120.358276,23.356165],[120.358259,23.356224],[120.358235,23.356277],[120.358598,23.357482],[120.358652,23.35747],[120.358797,23.357397],[120.358872,23.35738],[120.359033,23.357355],[120.359144,23.357324],[120.359197,23.357301],[120.359235,23.35728]]]}},{"type":"Feature","properties":{"id":"4e88e8b85e08","name":"臺南市後壁區後壁國民小學","level":"國小","basis":"both","data_ym":"201806"},"geometry":{"type":"Polygon","coordinates":[[[120.366668,23.367345],[120.366757,23.367082],[120.366789,23.366924],[120.36679,23.366901],[120.366785,23.366806],[120.36669,23.365918],[120.366665,23.365571],[120.366667,23.365559],[120.366657,23.365462],[120.366593,23.365468],[120.366542,23.365465],[120.366475,23.365471],[120.366137,23.365477],[120.366138,23.365485],[120.366057,23.365494],[120.366054,23.365483],[120.365659,23.365508],[120.36569,23.365797],[120.365693,23.36587],[120.365731,23.366132],[120.365741,23.366311],[120.365758,23.36643],[120.365785,23.366676],[120.365738,23.366684],[120.365768,23.366867],[120.365811,23.367207],[120.365872,23.367201],[120.366596,23.367358],[120.36664,23.367357],[120.366655,23.367354],[120.366668,23.367345]]]}},{"type":"Feature","properties":{"id":"948416f1c1d1","name":"臺南市白河區大竹國民小學","level":"國小","basis":"both","data_ym":"201702"},"geometry":{"type":"Polygon","coordinates":[[[120.412629,23.368271],[120.41272,23.368254],[120.412724,23.368272],[120.412798,23.368256],[120.413151,23.368206],[120.413154,23.368216],[120.413694,23.368125],[120.413629,23.367454],[120.413475,23.367497],[120.412882,23.3676],[120.41225,23.367766],[120.412244,23.367785],[120.412421,23.368327],[120.412629,23.368271]]]}},{"type":"Feature","properties":{"id":"a74471283f64","name":"臺南市鹽水區岸內國民小學","level":"國小","basis":"both","data_ym":"201806"},"geometry":{"type":"Polygon","coordinates":[[[120.261103,23.329977],[120.261462,23.329322],[120.261627,23.329053],[120.261655,23.329019],[120.261361,23.328808],[120.26124,23.328738],[120.261089,23.328675],[120.26093,23.328622],[120.260716,23.328568],[120.26069,23.328558],[120.260636,23.328658],[120.260667,23.328669],[120.260182,23.329556],[120.26042,23.329668],[120.261103,23.329977]]]}},{"type":"Feature","properties":{"id":"39a438914465","name":"臺南市後壁區新東國民小學","level":"國小","basis":"both","data_ym":"201806"},"geometry":{"type":"Polygon","coordinates":[[[120.316806,23.344662],[120.316597,23.34419],[120.315887,23.344362],[120.315899,23.3444],[120.315827,23.344419],[120.315815,23.34438],[120.315217,23.344532],[120.315501,23.344936],[120.316026,23.345667],[120.316614,23.346456],[120.31663,23.346465],[120.316658,23.346467],[120.316689,23.346459],[120.316864,23.34636],[120.317056,23.345715],[120.3171,23.3456],[120.317099,23.34557],[120.316757,23.344679],[120.316806,23.344662]]]}},{"type":"Feature","properties":{"id":"b0ba660c8ef1","name":"臺南市後壁區樹人國民小學","level":"國小","basis":"both","data_ym":"201806"},"geometry":{"type":"Polygon","coordinates":[[[120.378083,23.328931],[120.378105,23.328861],[120.377974,23.328785],[120.377963,23.328781],[120.377917,23.328875],[120.377169,23.328606],[120.377155,23.328619],[120.376941,23.329079],[120.376934,23.329106],[120.376951,23.329121],[120.376962,23.329136],[120.376977,23.329175],[120.377006,23.329294],[120.377035,23.329325],[120.377128,23.329397],[120.377247,23.329397],[120.377415,23.329409],[120.377572,23.32943],[120.377763,23.329466],[120.377789,23.329463],[120.377815,23.329455],[120.377847,23.329427],[120.377911,23.329336],[120.378083,23.328931]]]}},{"type":"Feature","properties":{"id":"e4d913765546","name":"臺南市白河區河東國民小學","level":"國小","basis":"both","data_ym":"201702"},"geometry":{"type":"Polygon","coordinates":[[[120.438399,23.34431],[120.437578,23.343903],[120.437545,23.344001],[120.437555,23.344149],[120.437539,23.344176],[120.436613,23.344599],[120.436551,23.344639],[120.436336,23.34551],[120.436482,23.345713],[120.43651,23.345735],[120.436683,23.345788],[120.436738,23.345834],[120.43693,23.345679],[120.437261,23.345489],[120.437771,23.34527],[120.438179,23.34506],[120.438196,23.345056],[120.438202,23.345021],[120.438287,23.344845],[120.438308,23.344793],[120.438312,23.344768],[120.4383,23.344665],[120.438298,23.344615],[120.438245,23.344606],[120.438194,23.344498],[120.438265,23.344374],[120.438369,23.344364],[120.438399,23.34431]]]}},{"type":"Feature","properties":{"id":"3b139a12588d","name":"臺南市私立明達高級中學","level":"高中職","basis":"both","data_ym":"201806"},"geometry":{"type":"Polygon","coordinates":[[[120.274898,23.310088],[120.275341,23.310081],[120.275341,23.310085],[120.275493,23.310086],[120.275498,23.31001],[120.275503,23.309984],[120.275511,23.309812],[120.275552,23.309393],[120.275553,23.309219],[120.275524,23.309214],[120.274844,23.309231],[120.274849,23.309335],[120.274579,23.309338],[120.273964,23.30933],[120.27397,23.309471],[120.273582,23.309508],[120.273571,23.309787],[120.273594,23.309928],[120.273549,23.30993],[120.27356,23.310125],[120.273623,23.310146],[120.273737,23.310207],[120.273924,23.310323],[120.274149,23.31049],[120.274371,23.310713],[120.274902,23.310632],[120.274897,23.310414],[120.274898,23.310088]]]}},{"type":"Feature","properties":{"id":"241e3b1cf44a","name":"臺南市鹽水區月津國民小學","level":"國小","basis":"both","data_ym":"201702"},"geometry":{"type":"Polygon","coordinates":[[[120.266037,23.314656],[120.265982,23.314631],[120.26522,23.314885],[120.265092,23.314944],[120.264999,23.314997],[120.26493,23.315056],[120.264866,23.315117],[120.264803,23.315192],[120.264757,23.315258],[120.264929,23.315596],[120.265095,23.315996],[120.265116,23.316015],[120.265382,23.316787],[120.26554,23.316732],[120.265816,23.316646],[120.265726,23.316439],[120.266053,23.316322],[120.266367,23.316227],[120.266589,23.316149],[120.266216,23.315117],[120.266037,23.314656]]]}},{"type":"Feature","properties":{"id":"7633e739daa6","name":"臺南市立鹽水國民中學","level":"國中","basis":"both","data_ym":"201702"},"geometry":{"type":"Polygon","coordinates":[[[120.263842,23.322306],[120.264229,23.321482],[120.26413,23.321484],[120.2641,23.321418],[120.264061,23.321369],[120.264049,23.321341],[120.264002,23.321148],[120.263986,23.321148],[120.263988,23.321022],[120.263862,23.321035],[120.263741,23.321032],[120.263441,23.321018],[120.263194,23.320995],[120.262954,23.320986],[120.263023,23.322009],[120.26312,23.322005],[120.26312,23.32202],[120.263128,23.32202],[120.263183,23.322162],[120.263253,23.322312],[120.263279,23.322575],[120.263703,23.322562],[120.26374,23.32254],[120.263842,23.322306]]]}},{"type":"Feature","properties":{"id":"c1d58cbfb6d5","name":"臺南市鹽水區鹽水國民小學","level":"國小","basis":"both","data_ym":"202009"},"geometry":{"type":"Polygon","coordinates":[[[120.272028,23.323707],[120.272052,23.323612],[120.27208,23.323618],[120.272096,23.323573],[120.272088,23.323568],[120.272102,23.323555],[120.272098,23.323548],[120.272107,23.323543],[120.272114,23.323523],[120.271448,23.322915],[120.270742,23.322251],[120.27066,23.322373],[120.270649,23.322384],[120.270602,23.322377],[120.270597,23.32241],[120.270564,23.322402],[120.270569,23.322388],[120.270489,23.322344],[120.270387,23.322265],[120.270345,23.322322],[120.270278,23.322386],[120.270297,23.322404],[120.270202,23.322487],[120.2701,23.322552],[120.269965,23.322605],[120.269789,23.322637],[120.26962,23.32265],[120.26893,23.322644],[120.268703,23.32263],[120.268635,23.323385],[120.270909,23.323615],[120.271619,23.323676],[120.272028,23.323707]]]}},{"type":"Feature","properties":{"id":"07a0cc99a7df","name":"臺南市立鹽水國民中學1","level":"國中","basis":"both","data_ym":"201712"},"geometry":{"type":"Polygon","coordinates":[[[120.263926,23.323929],[120.264675,23.323651],[120.26517,23.323479],[120.26512,23.323293],[120.265113,23.323257],[120.265106,23.323145],[120.265095,23.323072],[120.265091,23.322961],[120.265101,23.3226],[120.264815,23.322611],[120.264711,23.322718],[120.264715,23.322728],[120.26468,23.322754],[120.264585,23.322772],[120.264569,23.322621],[120.264366,23.322631],[120.264374,23.322808],[120.264295,23.322826],[120.264295,23.322821],[120.264038,23.322872],[120.264037,23.322882],[120.26397,23.3229],[120.26397,23.322907],[120.263949,23.322939],[120.263942,23.322939],[120.263914,23.322999],[120.263872,23.323008],[120.263743,23.323012],[120.263743,23.323008],[120.263721,23.323005],[120.263556,23.323373],[120.263355,23.323772],[120.263515,23.323735],[120.263579,23.324002],[120.263853,23.323949],[120.263926,23.323929]]]}},{"type":"Feature","properties":{"id":"09808fcd62c1","name":"臺南市新營區新民國民小學","level":"國小","basis":"both","data_ym":"201408"},"geometry":{"type":"Polygon","coordinates":[[[120.306618,23.306068],[120.305838,23.304458],[120.305824,23.30446],[120.304645,23.304891],[120.304592,23.304912],[120.30457,23.304949],[120.304985,23.305843],[120.305318,23.306538],[120.30625,23.306205],[120.306618,23.306068]]]}},{"type":"Feature","properties":{"id":"ec21fe84ae6c","name":"臺南市新營區公誠國民小學","level":"國小","basis":"both","data_ym":"201806"},"geometry":{"type":"Polygon","coordinates":[[[120.320543,23.30459],[120.320413,23.303582],[120.318844,23.303626],[120.318844,23.303665],[120.318667,23.303672],[120.318628,23.303698],[120.318613,23.30372],[120.318607,23.303735],[120.318606,23.303756],[120.318637,23.303825],[120.318641,23.303925],[120.318607,23.304003],[120.318655,23.304697],[120.31866,23.304702],[120.320224,23.304631],[120.320259,23.304624],[120.320312,23.304604],[120.320543,23.30459]]]}},{"type":"Feature","properties":{"id":"8943fe86ac27","name":"臺南市立南新國民中學","level":"國中","basis":"both","data_ym":"201806"},"geometry":{"type":"Polygon","coordinates":[[[120.31,23.307399],[120.309577,23.307279],[120.309111,23.307154],[120.309133,23.307077],[120.308796,23.306987],[120.308497,23.307912],[120.308011,23.309353],[120.309892,23.309884],[120.309906,23.309884],[120.309915,23.309876],[120.31026,23.307996],[120.310265,23.307916],[120.310261,23.307863],[120.310217,23.30772],[120.310177,23.307624],[120.310132,23.307553],[120.31006,23.307463],[120.31,23.307399]]]}},{"type":"Feature","properties":{"id":"ac0af40852a5","name":"臺南市立新東國民中學","level":"國中","basis":"both","data_ym":"201806"},"geometry":{"type":"Polygon","coordinates":[[[120.323852,23.312365],[120.324282,23.312335],[120.324292,23.312344],[120.324863,23.312349],[120.324925,23.312297],[120.324946,23.311632],[120.324911,23.311633],[120.324907,23.31157],[120.324785,23.311457],[120.324799,23.311444],[120.32476,23.311381],[120.32447,23.311356],[120.324223,23.311349],[120.323741,23.311319],[120.323715,23.311341],[120.32347,23.311326],[120.323369,23.311365],[120.32334,23.31179],[120.323326,23.312175],[120.323349,23.312212],[120.323344,23.312221],[120.323353,23.312256],[120.323351,23.312293],[120.323365,23.312294],[120.323374,23.312349],[120.323852,23.312365]]]}},{"type":"Feature","properties":{"id":"d6e558cdeada","name":"國立新營高級工業職業學校","level":"高中職","basis":"name","data_ym":"201208"},"geometry":{"type":"Polygon","coordinates":[[[120.318329,23.312452],[120.317893,23.312407],[120.317887,23.312438],[120.31777,23.31243],[120.317749,23.312393],[120.316863,23.312307],[120.316831,23.312739],[120.31674,23.314245],[120.316771,23.314267],[120.318845,23.314351],[120.318899,23.314296],[120.318606,23.313374],[120.318329,23.312452]]]}},{"type":"Feature","properties":{"id":"d45b696a6b1f","name":"臺南市私立育德工業家事職業學校1","level":"高中職","basis":"name","data_ym":"201608"},"geometry":{"type":"Polygon","coordinates":[[[120.3111,23.314924],[120.310984,23.314918],[120.310953,23.31538],[120.310929,23.315611],[120.312025,23.315709],[120.312027,23.31501],[120.311671,23.315],[120.311628,23.314984],[120.311099,23.314941],[120.3111,23.314924]]]}},{"type":"Feature","properties":{"id":"316b54e19aa6","name":"臺南市新營區新進國民小學","level":"國小","basis":"both","data_ym":"201408"},"geometry":{"type":"Polygon","coordinates":[[[120.3164,23.315324],[120.316404,23.315219],[120.316384,23.31522],[120.316431,23.314349],[120.315367,23.314474],[120.314924,23.314504],[120.314788,23.314506],[120.314767,23.314521],[120.314755,23.314544],[120.314735,23.314855],[120.314714,23.314855],[120.314723,23.314916],[120.314635,23.315837],[120.314712,23.315898],[120.316352,23.315898],[120.316381,23.315325],[120.3164,23.315324]]]}},{"type":"Feature","properties":{"id":"eb886042078b","name":"臺南市新營區新泰國民小學","level":"國小","basis":"both","data_ym":"201208"},"geometry":{"type":"Polygon","coordinates":[[[120.324943,23.315465],[120.324888,23.316412],[120.324892,23.316416],[120.324871,23.316848],[120.324908,23.316877],[120.325566,23.316901],[120.326508,23.316944],[120.326557,23.316922],[120.326568,23.316645],[120.326625,23.315601],[120.32658,23.315554],[120.324943,23.315465]]]}},{"type":"Feature","properties":{"id":"7b17fa6fa8c1","name":"臺南市私立育德高級工業家事職業學校","level":"高中職","basis":"name","data_ym":"202501"},"geometry":{"type":"Polygon","coordinates":[[[120.312054,23.3173],[120.312079,23.316242],[120.312081,23.315835],[120.312061,23.315818],[120.310947,23.315718],[120.310891,23.316517],[120.310868,23.316773],[120.310746,23.316779],[120.31126,23.317226],[120.311287,23.316561],[120.311439,23.316555],[120.311452,23.316572],[120.311557,23.316564],[120.311577,23.316576],[120.311644,23.316572],[120.311661,23.316586],[120.311683,23.316626],[120.311677,23.316709],[120.311657,23.316708],[120.311629,23.317303],[120.312054,23.3173]]]}},{"type":"Feature","properties":{"id":"817e2645b4a6","name":"臺南市白河區河東國民小學六溪分校","level":"大專","basis":"branch","data_ym":"201408"},"geometry":{"type":"Polygon","coordinates":[[[120.459526,23.309225],[120.459489,23.309142],[120.459477,23.309145],[120.45945,23.309068],[120.459392,23.308944],[120.459388,23.308943],[120.459343,23.308841],[120.459279,23.308775],[120.459169,23.30876],[120.459009,23.308785],[120.458732,23.30884],[120.45856,23.308881],[120.458443,23.309033],[120.458271,23.309672],[120.458289,23.309833],[120.458382,23.309887],[120.458605,23.309973],[120.458734,23.309799],[120.45876,23.309786],[120.458802,23.309774],[120.458834,23.309771],[120.459185,23.309755],[120.459228,23.309747],[120.459242,23.309736],[120.459332,23.30962],[120.459359,23.309594],[120.459372,23.309569],[120.459391,23.309513],[120.459437,23.309426],[120.459428,23.309422],[120.459468,23.309352],[120.459523,23.309329],[120.459529,23.309243],[120.459526,23.309225]]]}},{"type":"Feature","properties":{"id":"bba8ac615f87","name":"臺南市新營區新生國民小學","level":"國小","basis":"both","data_ym":"201608"},"geometry":{"type":"Polygon","coordinates":[[[120.258714,23.275227],[120.258728,23.275039],[120.257607,23.275117],[120.257584,23.27599],[120.258521,23.276002],[120.258571,23.275935],[120.258948,23.275382],[120.25868,23.27537],[120.258668,23.275307],[120.258714,23.275227]]]}},{"type":"Feature","properties":{"id":"816296c0e404","name":"臺南市新營區新興國民小學","level":"國小","basis":"both","data_ym":"201208"},"geometry":{"type":"Polygon","coordinates":[[[120.276106,23.287841],[120.276146,23.287382],[120.277264,23.287397],[120.277292,23.287354],[120.276683,23.286538],[120.275783,23.286573],[120.275848,23.287371],[120.275877,23.287812],[120.276106,23.287841]]]}},{"type":"Feature","properties":{"id":"f2fd3ad09d18","name":"臺南市柳營區柳營國民小學","level":"國小","basis":"both","data_ym":"202009"},"geometry":{"type":"Polygon","coordinates":[[[120.312676,23.275721],[120.313124,23.274191],[120.313116,23.27419],[120.313099,23.27417],[120.312307,23.274007],[120.311936,23.273989],[120.311867,23.27493],[120.311839,23.275083],[120.311826,23.275081],[120.311843,23.274957],[120.311831,23.274956],[120.311729,23.275638],[120.311722,23.275688],[120.311727,23.275688],[120.311707,23.275797],[120.311708,23.275822],[120.312665,23.275732],[120.312676,23.275721]]]}},{"type":"Feature","properties":{"id":"b24b3b7b1c87","name":"臺南市立柳營國民中學","level":"國中","basis":"both","data_ym":"201408"},"geometry":{"type":"Polygon","coordinates":[[[120.332822,23.279484],[120.330789,23.27943],[120.330751,23.280631],[120.333121,23.2806],[120.333099,23.279701],[120.332852,23.279498],[120.332822,23.279484]]]}},{"type":"Feature","properties":{"id":"e5b5aaabefa5","name":"臺南市柳營區太康國民小學","level":"國小","basis":"both","data_ym":"201702"},"geometry":{"type":"Polygon","coordinates":[[[120.329261,23.289617],[120.32885,23.289581],[120.328832,23.289584],[120.328826,23.289593],[120.328818,23.289624],[120.328785,23.290554],[120.328788,23.290556],[120.328781,23.290818],[120.330281,23.290794],[120.330285,23.290118],[120.329782,23.290115],[120.329755,23.290087],[120.329714,23.290067],[120.329716,23.289632],[120.329261,23.289617]]]}},{"type":"Feature","properties":{"id":"af04f1cfe2dc","name":"臺南市柳營區重溪國民小學","level":"國小","basis":"both","data_ym":"201806"},"geometry":{"type":"Polygon","coordinates":[[[120.365816,23.286407],[120.365688,23.286107],[120.365425,23.285467],[120.365304,23.285474],[120.365164,23.285489],[120.364288,23.285598],[120.364289,23.285623],[120.364147,23.285636],[120.364122,23.285624],[120.363744,23.285664],[120.363663,23.285677],[120.363664,23.286413],[120.363958,23.286395],[120.364707,23.286387],[120.364708,23.286651],[120.364803,23.286605],[120.36493,23.286404],[120.365816,23.286407]]]}},{"type":"Feature","properties":{"id":"9c2066b8695e","name":"臺南市立東原國民中學","level":"國中","basis":"both","data_ym":"201608"},"geometry":{"type":"Polygon","coordinates":[[[120.451716,23.273447],[120.451769,23.273435],[120.451816,23.273463],[120.451861,23.273496],[120.451895,23.2735],[120.451956,23.273476],[120.452258,23.273227],[120.452545,23.273],[120.452603,23.272949],[120.452418,23.272758],[120.452358,23.272781],[120.452272,23.272705],[120.452293,23.272625],[120.451489,23.271795],[120.451124,23.272174],[120.450956,23.272354],[120.450881,23.272447],[120.450891,23.272469],[120.450889,23.27248],[120.450872,23.272532],[120.45084,23.272584],[120.45072,23.272689],[120.450944,23.272982],[120.450948,23.273],[120.450931,23.273161],[120.450934,23.27332],[120.451436,23.273951],[120.451621,23.273798],[120.451546,23.273574],[120.451554,23.273553],[120.451578,23.273529],[120.451641,23.273485],[120.451716,23.273447]]]}},{"type":"Feature","properties":{"id":"66e3f096227a","name":"臺南市東山區青山國民小學","level":"國小","basis":"both","data_ym":"202207"},"geometry":{"type":"Polygon","coordinates":[[[120.468052,23.280403],[120.467928,23.280257],[120.467814,23.280343],[120.467674,23.280173],[120.467638,23.280135],[120.46757,23.280092],[120.467284,23.279763],[120.466502,23.280333],[120.466371,23.280447],[120.466372,23.28059],[120.466597,23.280942],[120.466644,23.280968],[120.466769,23.281015],[120.466913,23.281047],[120.46704,23.281055],[120.467258,23.281036],[120.467347,23.281015],[120.467467,23.280969],[120.467794,23.280755],[120.468017,23.280602],[120.46793,23.280497],[120.468052,23.280403]]]}},{"type":"Feature","properties":{"id":"82d2a18b0b83","name":"臺南市北門區雙春國民小學","level":"國小","basis":"name","data_ym":"201408"},"geometry":{"type":"Polygon","coordinates":[[[120.125865,23.301221],[120.125927,23.301215],[120.125931,23.301153],[120.125809,23.300917],[120.125472,23.301037],[120.12541,23.301045],[120.125352,23.301022],[120.125197,23.300735],[120.125199,23.300741],[120.125074,23.300803],[120.125063,23.30078],[120.124722,23.300956],[120.12444,23.301092],[120.12396,23.301352],[120.123929,23.301377],[120.12392,23.301395],[120.123912,23.301426],[120.123899,23.301528],[120.123908,23.301595],[120.123975,23.301769],[120.123994,23.301807],[120.124032,23.301838],[120.124061,23.301841],[120.124138,23.30182],[120.124228,23.301789],[120.124803,23.301579],[120.125865,23.301221]]]}},{"type":"Feature","properties":{"id":"5dc0ee762382","name":"臺南市鹽水區仁光國民小學","level":"國小","basis":"both","data_ym":"201608"},"geometry":{"type":"Polygon","coordinates":[[[120.257361,23.300378],[120.258053,23.300377],[120.258059,23.300332],[120.258066,23.300209],[120.258062,23.30019],[120.257971,23.299971],[120.257924,23.299898],[120.257776,23.299727],[120.257729,23.299648],[120.257698,23.299584],[120.257671,23.299503],[120.257605,23.299351],[120.257575,23.299306],[120.257522,23.299256],[120.257125,23.299402],[120.257071,23.299478],[120.257066,23.299491],[120.257064,23.299518],[120.257096,23.299783],[120.257185,23.300358],[120.257352,23.300342],[120.257361,23.300378]]]}},{"type":"Feature","properties":{"id":"1387f45a9e7e","name":"臺南市鹽水區文昌國民小學","level":"國小","basis":"both","data_ym":"201208"},"geometry":{"type":"Polygon","coordinates":[[[120.252244,23.30882],[120.252208,23.30881],[120.252052,23.308815],[120.252094,23.309015],[120.252098,23.309067],[120.252108,23.309568],[120.252109,23.309692],[120.252103,23.309705],[120.252501,23.309884],[120.252859,23.310054],[120.252874,23.310035],[120.252884,23.309877],[120.252896,23.309575],[120.252887,23.309379],[120.252849,23.308836],[120.252244,23.30882]]]}},{"type":"Feature","properties":{"id":"b61b7c5a6775","name":"臺南市北門區蚵寮國民小學","level":"國小","basis":"both","data_ym":"201208"},"geometry":{"type":"Polygon","coordinates":[[[120.138386,23.286356],[120.138406,23.286225],[120.138404,23.286201],[120.13839,23.286178],[120.13772,23.285961],[120.137695,23.286027],[120.137646,23.286014],[120.137553,23.286243],[120.137412,23.286203],[120.137373,23.286301],[120.137311,23.286285],[120.137332,23.286211],[120.137198,23.286168],[120.13711,23.286429],[120.137064,23.286579],[120.137065,23.286595],[120.137447,23.286736],[120.137548,23.28677],[120.137754,23.28683],[120.137892,23.286859],[120.138069,23.286903],[120.138133,23.28691],[120.138222,23.286906],[120.138239,23.286895],[120.138247,23.286879],[120.138386,23.286356]]]}},{"type":"Feature","properties":{"id":"221e5f574ac3","name":"臺南市北門區錦湖國民小學","level":"國小","basis":"both","data_ym":"201408"},"geometry":{"type":"Polygon","coordinates":[[[120.169894,23.296095],[120.169928,23.295649],[120.168866,23.296163],[120.16871,23.296982],[120.168736,23.297155],[120.168763,23.297165],[120.168821,23.297202],[120.168834,23.297217],[120.168846,23.29724],[120.168918,23.297493],[120.168928,23.297511],[120.168942,23.297512],[120.16936,23.297388],[120.169636,23.297294],[120.169739,23.297247],[120.169846,23.297181],[120.169823,23.296867],[120.169894,23.296095]]]}},{"type":"Feature","properties":{"id":"b81bec13a445","name":"國立成功大學敬業校區","level":"大專","basis":"branch","data_ym":"202412"},"geometry":{"type":"Polygon","coordinates":[[[120.223651,23.002309],[120.223575,23.001564],[120.224369,23.001504],[120.224308,23.000814],[120.224265,23.000782],[120.222479,23.000902],[120.222459,23.000919],[120.222588,23.002449],[120.222619,23.002463],[120.223651,23.002309]]]}},{"type":"Feature","properties":{"id":"5bec7fe431c1","name":"中信金學校財團法人中信科技大學","level":"大專","basis":"both","data_ym":"202409"},"geometry":{"type":"Polygon","coordinates":[[[120.299858,23.068453],[120.300089,23.067513],[120.300189,23.066971],[120.300252,23.066591],[120.300277,23.066593],[120.300352,23.066171],[120.300044,23.066139],[120.300045,23.066132],[120.299985,23.066126],[120.299984,23.066133],[120.29987,23.066121],[120.299576,23.066082],[120.299303,23.066064],[120.299307,23.066037],[120.299222,23.066024],[120.299167,23.066465],[120.298936,23.066439],[120.298983,23.066102],[120.299049,23.065564],[120.299062,23.065389],[120.298998,23.065357],[120.298746,23.06529],[120.298618,23.065268],[120.298482,23.065269],[120.298333,23.06529],[120.298258,23.065312],[120.298188,23.065352],[120.298118,23.065409],[120.298074,23.065473],[120.298068,23.06552],[120.298067,23.065923],[120.298054,23.066216],[120.298032,23.06651],[120.297666,23.066485],[120.297706,23.06563],[120.297615,23.065611],[120.297374,23.065572],[120.297428,23.065011],[120.296969,23.065011],[120.296766,23.065017],[120.296697,23.065027],[120.296637,23.065042],[120.296551,23.065082],[120.296499,23.065076],[120.296214,23.064986],[120.296214,23.064983],[120.295832,23.064853],[120.295353,23.064698],[120.295352,23.064701],[120.295286,23.064679],[120.295252,23.064767],[120.294599,23.064551],[120.294449,23.064494],[120.294319,23.064654],[120.29414,23.064844],[120.29403,23.064852],[120.293583,23.065246],[120.293358,23.065427],[120.293519,23.065499],[120.293505,23.065525],[120.293911,23.06571],[120.29445,23.065984],[120.295434,23.066528],[120.296075,23.066973],[120.297334,23.067802],[120.297555,23.067885],[120.297877,23.067997],[120.29829,23.068074],[120.298791,23.068144],[120.298751,23.068111],[120.29874,23.068076],[120.298727,23.067998],[120.298839,23.067549],[120.299027,23.067592],[120.299373,23.067697],[120.299358,23.067769],[120.299794,23.067911],[120.299668,23.068424],[120.299653,23.06846],[120.299852,23.068504],[120.299858,23.068453]]]}},{"type":"Feature","properties":{"id":"1b534064e3c3","name":"中華醫事科技大學1","level":"大專","basis":"both","data_ym":"202209"},"geometry":{"type":"Polygon","coordinates":[[[120.248347,22.960179],[120.248423,22.960076],[120.248683,22.959805],[120.248479,22.95961],[120.248422,22.959536],[120.248082,22.959701],[120.247956,22.959487],[120.247568,22.959668],[120.247535,22.959624],[120.24731,22.959717],[120.247275,22.959682],[120.247092,22.959764],[120.246753,22.959927],[120.246848,22.96013],[120.246856,22.960126],[120.246869,22.960151],[120.24686,22.960155],[120.246909,22.960258],[120.246871,22.960273],[120.246952,22.960294],[120.246986,22.960312],[120.246996,22.960319],[120.247041,22.96038],[120.24706,22.960413],[120.247635,22.960175],[120.247668,22.960185],[120.24773,22.960227],[120.247767,22.960269],[120.247766,22.96051],[120.24779,22.960576],[120.247849,22.960624],[120.248034,22.96055],[120.248113,22.960512],[120.248172,22.960467],[120.248212,22.960424],[120.248347,22.960179]]]}},{"type":"Feature","properties":{"id":"b585be886091","name":"臺南市財團法人慈濟高級中學","level":"高中職","basis":"both","data_ym":"202501"},"geometry":{"type":"Polygon","coordinates":[[[120.179678,22.987488],[120.179637,22.987182],[120.179833,22.987161],[120.179815,22.986977],[120.180366,22.986915],[120.180184,22.985486],[120.180162,22.98547],[120.177926,22.985711],[120.177916,22.985734],[120.178122,22.987336],[120.179343,22.987202],[120.179377,22.987523],[120.179678,22.987488]]]}},{"type":"Feature","properties":{"id":"3ef5951a6a75","name":"國立北門高級中學","level":"高中職","basis":"both","data_ym":"201208"},"geometry":{"type":"Polygon","coordinates":[[[120.178596,23.168053],[120.17838,23.166977],[120.178366,23.16697],[120.178327,23.166966],[120.178119,23.166973],[120.177547,23.167006],[120.177507,23.167098],[120.177474,23.167104],[120.177456,23.167132],[120.177107,23.16713],[120.177056,23.16703],[120.17671,23.16705],[120.176595,23.167045],[120.175775,23.166944],[120.174927,23.166845],[120.174904,23.16685],[120.174867,23.166876],[120.174115,23.168398],[120.174132,23.168455],[120.174284,23.168528],[120.174339,23.16855],[120.174553,23.168619],[120.174708,23.168661],[120.17492,23.168705],[120.175195,23.168734],[120.175348,23.168737],[120.175522,23.16873],[120.175793,23.1687],[120.175934,23.168672],[120.176132,23.168619],[120.176914,23.168383],[120.177037,23.16835],[120.178555,23.168094],[120.178583,23.168073],[120.178596,23.168053]]]}},{"type":"Feature","properties":{"id":"7a27a3f83b9a","name":"國立北門高級農工職業學校","level":"高中職","basis":"name","data_ym":"201806"},"geometry":{"type":"Polygon","coordinates":[[[120.18196,23.177611],[120.181559,23.176954],[120.18132,23.176554],[120.181228,23.176408],[120.180718,23.175571],[120.180611,23.175389],[120.180379,23.175017],[120.180067,23.174491],[120.179747,23.174505],[120.179738,23.174412],[120.179515,23.174478],[120.179454,23.174175],[120.179261,23.174284],[120.177804,23.175055],[120.177843,23.175529],[120.177969,23.177238],[120.178796,23.177188],[120.178807,23.177187],[120.178807,23.177173],[120.178907,23.177176],[120.178909,23.177207],[120.179221,23.177184],[120.179528,23.177153],[120.179527,23.177136],[120.179713,23.177127],[120.179718,23.177623],[120.179948,23.177621],[120.180087,23.17758],[120.181196,23.177598],[120.181233,23.178615],[120.182104,23.17856],[120.18196,23.177611]]]}},{"type":"Feature","properties":{"id":"8f2c6aeb8a75","name":"國立南科國際實驗高級中學","level":"高中職","basis":"both","data_ym":"201808"},"geometry":{"type":"Polygon","coordinates":[[[120.292485,23.108343],[120.293507,23.106011],[120.293476,23.105984],[120.292355,23.105574],[120.292302,23.105604],[120.292094,23.105515],[120.292088,23.105464],[120.291151,23.10507],[120.289617,23.104512],[120.289587,23.104563],[120.289513,23.10459],[120.289463,23.104575],[120.289419,23.104621],[120.289354,23.104894],[120.289404,23.104929],[120.289387,23.105011],[120.289323,23.105015],[120.289216,23.105486],[120.289373,23.105674],[120.289774,23.106133],[120.290133,23.106542],[120.290317,23.106744],[120.290339,23.106745],[120.290359,23.106739],[120.290376,23.106726],[120.290864,23.105597],[120.29094,23.105628],[120.290609,23.106375],[120.290421,23.106826],[120.290823,23.107281],[120.29086,23.107256],[120.291004,23.107445],[120.290959,23.107485],[120.291011,23.107539],[120.291057,23.107572],[120.29112,23.107602],[120.291154,23.107615],[120.291241,23.107637],[120.291265,23.10765],[120.291294,23.107673],[120.291361,23.107742],[120.291467,23.107822],[120.291536,23.107863],[120.292101,23.108146],[120.292191,23.108195],[120.292257,23.108239],[120.292406,23.108365],[120.292443,23.10837],[120.29246,23.108367],[120.292485,23.108343]]]}},{"type":"Feature","properties":{"id":"3772cbcd1ed0","name":"國立成功大學南科研發中心","level":"其他","basis":"none","data_ym":"202009"},"geometry":{"type":"Polygon","coordinates":[[[120.290487,23.103907],[120.290422,23.103902],[120.290328,23.104285],[120.291187,23.104599],[120.291483,23.10472],[120.291569,23.104535],[120.291776,23.104064],[120.291696,23.104035],[120.291612,23.10397],[120.291551,23.103939],[120.291499,23.103922],[120.291427,23.103909],[120.291341,23.103915],[120.291336,23.103872],[120.291256,23.10389],[120.290628,23.103672],[120.290551,23.103928],[120.290486,23.103912],[120.290487,23.103907]]]}},{"type":"Feature","properties":{"id":"6d4a6935eec6","name":"國立成功大學安南校區","level":"大專","basis":"branch","data_ym":"202009"},"geometry":{"type":"Polygon","coordinates":[[[120.146286,23.053337],[120.14692,23.052877],[120.147645,23.052363],[120.148565,23.051698],[120.148946,23.051417],[120.149832,23.050735],[120.150475,23.050277],[120.150971,23.049901],[120.150911,23.04987],[120.150897,23.049869],[120.151023,23.049773],[120.15095,23.049702],[120.150921,23.049687],[120.150286,23.048923],[120.150226,23.048967],[120.149935,23.048578],[120.149243,23.047678],[120.148472,23.048218],[120.144909,23.050835],[120.144636,23.051026],[120.14506,23.051523],[120.145779,23.052345],[120.146237,23.052888],[120.146165,23.052945],[120.146084,23.052952],[120.146087,23.052975],[120.146131,23.052972],[120.145989,23.053084],[120.146286,23.053337]]]}},{"type":"Feature","properties":{"id":"f8eb2b7b0e33","name":"國立成功大學歸仁校區","level":"大專","basis":"branch","data_ym":"201808"},"geometry":{"type":"Polygon","coordinates":[[[120.276355,22.939536],[120.276514,22.939527],[120.276657,22.93953],[120.276793,22.939512],[120.276685,22.938329],[120.276664,22.938],[120.276667,22.937841],[120.27669,22.937563],[120.276767,22.936898],[120.276671,22.93675],[120.27665,22.936736],[120.276645,22.936618],[120.276709,22.936552],[120.276743,22.936529],[120.276813,22.936498],[120.276843,22.936247],[120.276879,22.936045],[120.276904,22.935943],[120.276954,22.935784],[120.276452,22.935532],[120.275989,22.935033],[120.275948,22.934997],[120.275805,22.935001],[120.275355,22.935074],[120.275064,22.935135],[120.27502,22.935152],[120.274996,22.935168],[120.274968,22.935197],[120.274831,22.935387],[120.274785,22.935426],[120.27475,22.935444],[120.274521,22.9355],[120.274154,22.935703],[120.273946,22.935714],[120.273956,22.935319],[120.272732,22.93554],[120.272687,22.935709],[120.27286,22.936203],[120.272869,22.936257],[120.272869,22.93631],[120.272861,22.936362],[120.272823,22.936485],[120.272755,22.936585],[120.272721,22.936642],[120.272611,22.93672],[120.272567,22.936762],[120.272532,22.936804],[120.272504,22.93685],[120.272481,22.936908],[120.272473,22.937013],[120.272473,22.937134],[120.272457,22.937232],[120.272445,22.937394],[120.272455,22.937477],[120.272448,22.937524],[120.272366,22.937744],[120.272404,22.938277],[120.272487,22.938385],[120.27267,22.938377],[120.272754,22.938346],[120.272773,22.938328],[120.27291,22.938119],[120.27296,22.938055],[120.272992,22.938032],[120.273047,22.938004],[120.273291,22.937986],[120.273605,22.937977],[120.273665,22.937984],[120.273908,22.938051],[120.274055,22.938096],[120.274181,22.938168],[120.274403,22.938312],[120.274691,22.938473],[120.274773,22.938523],[120.2749,22.93867],[120.274917,22.938698],[120.275068,22.939058],[120.275098,22.939146],[120.275101,22.939179],[120.275084,22.939641],[120.275065,22.94001],[120.27507,22.94009],[120.275098,22.940215],[120.27516,22.940372],[120.27523,22.940573],[120.275278,22.940731],[120.275299,22.940767],[120.27533,22.940792],[120.275379,22.940779],[120.275417,22.94067],[120.275435,22.940571],[120.275418,22.940374],[120.27542,22.940086],[120.275434,22.940034],[120.275461,22.939999],[120.275721,22.939748],[120.275842,22.939656],[120.275986,22.939577],[120.276118,22.939538],[120.276355,22.939536]]]}},{"type":"Feature","properties":{"id":"de70012f4785","name":"國立新化高級中學","level":"高中職","basis":"both","data_ym":"201705"},"geometry":{"type":"Polygon","coordinates":[[[120.310977,23.040627],[120.311308,23.040359],[120.311575,23.04014],[120.311594,23.040119],[120.31152,23.039949],[120.311239,23.039128],[120.311184,23.03908],[120.311084,23.039047],[120.309796,23.03881],[120.309601,23.038771],[120.309588,23.038778],[120.309021,23.039507],[120.308443,23.040262],[120.308665,23.040741],[120.308805,23.040556],[120.308884,23.040692],[120.30873,23.04087],[120.308846,23.041102],[120.308885,23.041198],[120.309172,23.041789],[120.309287,23.042067],[120.309467,23.041838],[120.309883,23.041488],[120.310496,23.040988],[120.310675,23.040834],[120.310977,23.040627]]]}},{"type":"Feature","properties":{"id":"f432046a1d91","name":"國立新豐高級中學","level":"高中職","basis":"both","data_ym":"202209"},"geometry":{"type":"Polygon","coordinates":[[[120.296618,22.972448],[120.296617,22.972371],[120.296609,22.97229],[120.296633,22.971609],[120.296643,22.971609],[120.296646,22.971564],[120.296634,22.971563],[120.296634,22.971557],[120.296667,22.971557],[120.296666,22.971481],[120.29669,22.971483],[120.296693,22.971342],[120.296672,22.971342],[120.29667,22.971237],[120.29668,22.970876],[120.296574,22.970872],[120.296574,22.970866],[120.296134,22.970858],[120.296145,22.970315],[120.29579,22.970307],[120.295781,22.970409],[120.295727,22.970407],[120.295726,22.970419],[120.295639,22.970425],[120.295518,22.970425],[120.295517,22.970431],[120.295448,22.97043],[120.295448,22.970443],[120.295424,22.970456],[120.295391,22.970455],[120.295388,22.970478],[120.29536,22.970489],[120.295362,22.970495],[120.295241,22.970559],[120.295261,22.970634],[120.295458,22.971537],[120.29569,22.972639],[120.295689,22.972659],[120.295694,22.972659],[120.295716,22.972764],[120.295735,22.972764],[120.295977,22.972692],[120.296618,22.972448]]]}},{"type":"Feature","properties":{"id":"d2c601a3365a","name":"國立新豐高級中學1","level":"高中職","basis":"both","data_ym":"202209"},"geometry":{"type":"Polygon","coordinates":[[[120.295126,22.970981],[120.293863,22.970966],[120.29386,22.971131],[120.293634,22.971131],[120.293633,22.971204],[120.293609,22.971204],[120.293584,22.972138],[120.293596,22.972445],[120.293622,22.972746],[120.293936,22.972719],[120.293952,22.973062],[120.294947,22.972894],[120.295448,22.972797],[120.295476,22.972769],[120.295276,22.971804],[120.29514,22.971192],[120.295161,22.971138],[120.295126,22.970981]]]}},{"type":"Feature","properties":{"id":"d023bd8c4832","name":"國立曾文高級家事商業職業學校","level":"高中職","basis":"name","data_ym":"201208"},"geometry":{"type":"Polygon","coordinates":[[[120.246864,23.178821],[120.247161,23.177705],[120.247116,23.177712],[120.24713,23.177638],[120.247111,23.177635],[120.247129,23.177559],[120.247006,23.177509],[120.247006,23.177501],[120.24698,23.177418],[120.246955,23.177352],[120.246905,23.177151],[120.246889,23.177048],[120.246872,23.177048],[120.246827,23.176872],[120.246492,23.176865],[120.246106,23.176831],[120.244597,23.176716],[120.244524,23.177525],[120.244366,23.178894],[120.244385,23.178916],[120.244426,23.17894],[120.245153,23.179068],[120.246694,23.179359],[120.246768,23.179079],[120.246864,23.178821]]]}},{"type":"Feature","properties":{"id":"0674031868dd","name":"國立玉井高級工商職業學校","level":"高中職","basis":"name","data_ym":"201705"},"geometry":{"type":"Polygon","coordinates":[[[120.460276,23.121705],[120.460346,23.121646],[120.460466,23.121443],[120.460607,23.121225],[120.460658,23.121189],[120.460702,23.121173],[120.460973,23.121125],[120.460967,23.120926],[120.461011,23.120903],[120.461012,23.120867],[120.460959,23.120771],[120.46101,23.120712],[120.461168,23.120599],[120.461406,23.120542],[120.46139,23.120498],[120.461397,23.120495],[120.461394,23.12048],[120.461617,23.120391],[120.46182,23.120295],[120.459953,23.120034],[120.45992,23.120061],[120.459896,23.120135],[120.459715,23.12016],[120.459744,23.120345],[120.459426,23.120389],[120.459431,23.120428],[120.459093,23.120466],[120.458931,23.120497],[120.459385,23.121679],[120.459494,23.121693],[120.45961,23.121715],[120.459694,23.121717],[120.459695,23.1217],[120.45999,23.121756],[120.460124,23.121755],[120.460206,23.121741],[120.460276,23.121705]]]}},{"type":"Feature","properties":{"id":"f68035f5723d","name":"國立玉井高級工商職業學校1","level":"高中職","basis":"name","data_ym":"201705"},"geometry":{"type":"Polygon","coordinates":[[[120.460604,23.122511],[120.460581,23.122374],[120.460572,23.122349],[120.460434,23.122394],[120.460378,23.122246],[120.460336,23.122151],[120.46029,23.122008],[120.459976,23.121994],[120.459495,23.121964],[120.459481,23.121998],[120.459633,23.122379],[120.459815,23.122777],[120.460548,23.122768],[120.460517,23.122697],[120.460517,23.122683],[120.46059,23.122646],[120.4606,23.122623],[120.460604,23.122511]]]}},{"type":"Feature","properties":{"id":"dbe0ca80a422","name":"國立臺南大學1","level":"大專","basis":"both","data_ym":"201808"},"geometry":{"type":"Polygon","coordinates":[[[120.207036,22.982465],[120.207014,22.981862],[120.206733,22.981877],[120.206621,22.981891],[120.206257,22.981916],[120.206313,22.982502],[120.207013,22.982492],[120.207036,22.982465]]]}},{"type":"Feature","properties":{"id":"1f0f087bc221","name":"國立臺南大學七股校區(興建中)","level":"其他","basis":"none","data_ym":"202208"},"geometry":{"type":"Polygon","coordinates":[[[120.092897,23.089418],[120.093138,23.089422],[120.093853,23.089444],[120.094556,23.089475],[120.096932,23.089565],[120.098538,23.089629],[120.099208,23.089671],[120.099357,23.089674],[120.099378,23.089665],[120.099386,23.089628],[120.099357,23.089091],[120.099385,23.088622],[120.099353,23.088615],[120.099197,23.08861],[120.099042,23.088593],[120.098181,23.088379],[120.096751,23.087949],[120.096138,23.087746],[120.095286,23.087437],[120.093337,23.086672],[120.092595,23.086358],[120.091821,23.086011],[120.091347,23.08581],[120.091302,23.085801],[120.091232,23.085807],[120.09118,23.085802],[120.089969,23.085264],[120.089523,23.085052],[120.089176,23.084879],[120.088252,23.084452],[120.088186,23.084502],[120.088213,23.084552],[120.08821,23.084615],[120.088064,23.084948],[120.088,23.085114],[120.087889,23.08563],[120.087847,23.085802],[120.087779,23.086042],[120.087697,23.086376],[120.087622,23.086711],[120.087596,23.086869],[120.087576,23.087022],[120.08759,23.087198],[120.087631,23.087474],[120.087627,23.08759],[120.087609,23.087658],[120.087545,23.087786],[120.087496,23.087945],[120.087431,23.088257],[120.087369,23.088666],[120.087317,23.088967],[120.087312,23.089451],[120.087527,23.089626],[120.087734,23.089821],[120.088102,23.089907],[120.088412,23.089956],[120.088754,23.08999],[120.089122,23.089995],[120.08936,23.089984],[120.089493,23.089974],[120.089697,23.089951],[120.090004,23.089902],[120.09191,23.089528],[120.092159,23.089482],[120.092361,23.089455],[120.092563,23.089434],[120.092677,23.089425],[120.092897,23.089418]]]}},{"type":"Feature","properties":{"id":"b57221bfedf1","name":"國立臺南大學附屬高級中學","level":"特殊","basis":"moe","data_ym":"202505"},"geometry":{"type":"Polygon","coordinates":[[[120.253754,23.024272],[120.256142,23.023246],[120.255868,23.022686],[120.255787,23.022499],[120.25514,23.020798],[120.254959,23.020307],[120.253507,23.020909],[120.253308,23.021002],[120.25332,23.021031],[120.251475,23.021789],[120.250726,23.022116],[120.250683,23.022151],[120.250658,23.022202],[120.250593,23.022462],[120.253754,23.024272]]]}},{"type":"Feature","properties":{"id":"ecc3bc4df499","name":"國立臺南大學附屬高級中學1","level":"特殊","basis":"moe","data_ym":"201705"},"geometry":{"type":"Polygon","coordinates":[[[120.256521,23.021322],[120.256177,23.02071],[120.256126,23.020726],[120.255805,23.019956],[120.255065,23.020264],[120.255248,23.020764],[120.255895,23.022461],[120.255974,23.022645],[120.256246,23.023202],[120.256602,23.02305],[120.256934,23.022901],[120.25685,23.022561],[120.257134,23.022495],[120.256846,23.021993],[120.256521,23.021322]]]}},{"type":"Feature","properties":{"id":"85de4634801f","name":"國立臺南女子高級中學","level":"高中職","basis":"name","data_ym":"202009"},"geometry":{"type":"Polygon","coordinates":[[[120.207286,22.987187],[120.207271,22.986996],[120.207291,22.986987],[120.207481,22.986977],[120.20748,22.986946],[120.207623,22.986939],[120.207608,22.986814],[120.207882,22.986696],[120.207906,22.986718],[120.20819,22.98638],[120.20823,22.986289],[120.208084,22.985549],[120.20804,22.985478],[120.208,22.985332],[120.207934,22.985328],[120.207126,22.985472],[120.206472,22.985575],[120.205996,22.985664],[120.205995,22.985656],[120.205938,22.985664],[120.20594,22.985674],[120.205762,22.985708],[120.205767,22.985733],[120.205655,22.985773],[120.205143,22.985928],[120.205072,22.985943],[120.205077,22.985967],[120.205068,22.985986],[120.205072,22.986026],[120.205104,22.986243],[120.205155,22.986548],[120.205225,22.987059],[120.205324,22.987051],[120.205368,22.987052],[120.205521,22.987061],[120.205824,22.987089],[120.20583,22.987625],[120.205835,22.987759],[120.206361,22.987749],[120.206354,22.987578],[120.206603,22.987571],[120.206597,22.987491],[120.206602,22.98743],[120.206611,22.987383],[120.20664,22.987341],[120.206671,22.987304],[120.206727,22.987268],[120.206794,22.987234],[120.207286,22.987187]]]}},{"type":"Feature","properties":{"id":"2287f8e952b2","name":"國立臺南家齊高級中等學校","level":"高中職","basis":"name","data_ym":"202009"},"geometry":{"type":"Polygon","coordinates":[[[120.201657,22.981548],[120.201639,22.981522],[120.200191,22.981546],[120.200172,22.981556],[120.200174,22.982546],[120.201658,22.982537],[120.201676,22.982524],[120.201657,22.981548]]]}},{"type":"Feature","properties":{"id":"d68ad4e72a1e","name":"國立臺南高級海事水產職業學校","level":"高中職","basis":"name","data_ym":"201208"},"geometry":{"type":"Polygon","coordinates":[[[120.150725,22.991707],[120.150682,22.991737],[120.150403,22.992055],[120.149531,22.992963],[120.149506,22.992952],[120.149368,22.993094],[120.149372,22.993142],[120.149229,22.993283],[120.148894,22.993659],[120.148733,22.99382],[120.150582,22.995043],[120.150633,22.99504],[120.151846,22.993694],[120.151954,22.993565],[120.150725,22.991707]]]}},{"type":"Feature","properties":{"id":"a0a126190fe9","name":"國立陽明交通大學臺南歸仁校區","level":"大專","basis":"branch","data_ym":"202102"},"geometry":{"type":"Polygon","coordinates":[[[120.294663,22.924526],[120.294642,22.924509],[120.294117,22.925597],[120.294113,22.925621],[120.294115,22.92564],[120.294122,22.925657],[120.294142,22.925674],[120.2953,22.926133],[120.295516,22.926212],[120.296482,22.926599],[120.297302,22.926922],[120.297837,22.925623],[120.296146,22.925043],[120.295531,22.924841],[120.294663,22.924526]]]}},{"type":"Feature","properties":{"id":"3e33baed4aeb","name":"崑山科技大學","level":"大專","basis":"both","data_ym":"202009"},"geometry":{"type":"Polygon","coordinates":[[[120.2547,22.99761],[120.254583,22.994721],[120.254534,22.994702],[120.250598,22.993509],[120.250599,22.993956],[120.250591,22.994417],[120.250599,22.995427],[120.250608,22.995903],[120.250608,22.996721],[120.250841,22.996723],[120.250825,22.997168],[120.25187,22.997193],[120.251872,22.997172],[120.251921,22.997174],[120.251935,22.997262],[120.252045,22.99835],[120.252118,22.998382],[120.252553,22.998339],[120.253798,22.998235],[120.253749,22.997638],[120.25459,22.997616],[120.2547,22.99761]]]}},{"type":"Feature","properties":{"id":"ca97e84f2085","name":"臺南市七股區七股國民小學","level":"國小","basis":"both","data_ym":"201705"},"geometry":{"type":"Polygon","coordinates":[[[120.139512,23.138663],[120.13937,23.13861],[120.139259,23.138627],[120.139234,23.138475],[120.137749,23.138764],[120.137799,23.139153],[120.137859,23.139557],[120.138463,23.140039],[120.138963,23.139978],[120.139467,23.139901],[120.139407,23.139511],[120.139606,23.13948],[120.139512,23.138663]]]}},{"type":"Feature","properties":{"id":"8db5433a7f4a","name":"臺南市七股區三股國民小學","level":"國小","basis":"both","data_ym":"201808"},"geometry":{"type":"Polygon","coordinates":[[[120.117949,23.10217],[120.117957,23.10087],[120.117628,23.100857],[120.116408,23.100851],[120.116397,23.101416],[120.11639,23.101416],[120.116388,23.101662],[120.116393,23.101662],[120.116388,23.101766],[120.116391,23.101766],[120.116391,23.102146],[120.116961,23.102154],[120.116963,23.102137],[120.117081,23.102141],[120.117082,23.102155],[120.117949,23.10217]]]}},{"type":"Feature","properties":{"id":"f581abd4c983","name":"臺南市七股區建功國民小學","level":"國小","basis":"both","data_ym":"201609"},"geometry":{"type":"Polygon","coordinates":[[[120.099295,23.093509],[120.099286,23.093503],[120.098198,23.093638],[120.097911,23.093999],[120.098027,23.094585],[120.099373,23.094375],[120.099377,23.094352],[120.099295,23.093509]]]}},{"type":"Feature","properties":{"id":"57b448d0cce8","name":"臺南市七股區後港國民小學","level":"國小","basis":"both","data_ym":"202209"},"geometry":{"type":"Polygon","coordinates":[[[120.13792,23.184946],[120.138298,23.184553],[120.138215,23.184535],[120.137583,23.184353],[120.137598,23.184318],[120.137594,23.184318],[120.137657,23.184102],[120.137866,23.18342],[120.137676,23.183348],[120.137557,23.183312],[120.137493,23.183301],[120.136654,23.183231],[120.136547,23.183227],[120.136258,23.183263],[120.136075,23.184347],[120.136072,23.184347],[120.136038,23.184536],[120.136037,23.184544],[120.136043,23.184545],[120.136002,23.184847],[120.136054,23.184849],[120.136054,23.184856],[120.136205,23.184861],[120.136206,23.184855],[120.137654,23.184944],[120.137688,23.184955],[120.13792,23.184946]]]}},{"type":"Feature","properties":{"id":"5c6ee9dbcfc7","name":"臺南市七股區樹林國民小學","level":"國小","basis":"both","data_ym":"201808"},"geometry":{"type":"Polygon","coordinates":[[[120.154761,23.111326],[120.154281,23.111001],[120.154248,23.111544],[120.154166,23.112396],[120.154862,23.112575],[120.154956,23.111441],[120.154761,23.111326]]]}},{"type":"Feature","properties":{"id":"d2cfb5fc2c08","name":"臺南市七股區篤加國民小學","level":"國小","basis":"both","data_ym":"201705"},"geometry":{"type":"Polygon","coordinates":[[[120.134972,23.159775],[120.134726,23.159743],[120.134657,23.161011],[120.135966,23.161207],[120.13603,23.159956],[120.134972,23.159775]]]}},{"type":"Feature","properties":{"id":"b05f23cdf679","name":"臺南市七股區龍山國民小學","level":"國小","basis":"name","data_ym":"201705"},"geometry":{"type":"Polygon","coordinates":[[[120.11626,23.137345],[120.116422,23.137316],[120.116519,23.13669],[120.116476,23.136668],[120.116477,23.136453],[120.11507,23.136293],[120.11464,23.136282],[120.114664,23.136871],[120.114833,23.136872],[120.114845,23.13717],[120.11499,23.137169],[120.115036,23.137217],[120.115056,23.137226],[120.115778,23.137309],[120.11613,23.137339],[120.116171,23.137336],[120.11626,23.137345]]]}},{"type":"Feature","properties":{"id":"6aee99918927","name":"臺南市下營區下營國民小學","level":"國小","basis":"both","data_ym":"201608"},"geometry":{"type":"Polygon","coordinates":[[[120.260872,23.232076],[120.261614,23.23199],[120.261693,23.2318],[120.261763,23.231491],[120.261845,23.231196],[120.26203,23.230949],[120.262142,23.230776],[120.262234,23.230566],[120.262432,23.230091],[120.262488,23.229846],[120.261125,23.230043],[120.261132,23.230279],[120.261135,23.230591],[120.261124,23.230641],[120.261099,23.23067],[120.26106,23.230694],[120.261003,23.230708],[120.260591,23.230759],[120.259937,23.230926],[120.260106,23.231949],[120.260138,23.232054],[120.260172,23.232134],[120.260442,23.232021],[120.260686,23.23201],[120.260749,23.23208],[120.260871,23.232069],[120.260872,23.232076]]]}},{"type":"Feature","properties":{"id":"9dc00fc6a981","name":"臺南市下營區中營國民小學","level":"國小","basis":"both","data_ym":"201806"},"geometry":{"type":"Polygon","coordinates":[[[120.277313,23.213857],[120.27702,23.212406],[120.276898,23.212388],[120.275383,23.212679],[120.275663,23.213238],[120.275894,23.213723],[120.276301,23.213764],[120.276324,23.213742],[120.276533,23.213763],[120.276547,23.213788],[120.276915,23.213824],[120.277313,23.213857]]]}},{"type":"Feature","properties":{"id":"839ca2a0e8a1","name":"臺南市下營區東興國民小學","level":"國小","basis":"both","data_ym":"201806"},"geometry":{"type":"Polygon","coordinates":[[[120.266959,23.23868],[120.266623,23.238641],[120.266438,23.239951],[120.268131,23.240102],[120.268211,23.239174],[120.268208,23.239173],[120.268256,23.238714],[120.26824,23.238697],[120.266959,23.23868]]]}},{"type":"Feature","properties":{"id":"e0dba33a374f","name":"臺南市下營區甲中國民小學","level":"國小","basis":"both","data_ym":"201702"},"geometry":{"type":"Polygon","coordinates":[[[120.272908,23.250248],[120.272945,23.24985],[120.272156,23.249846],[120.272157,23.249827],[120.272075,23.249826],[120.272073,23.249829],[120.272034,23.250207],[120.272027,23.250231],[120.271869,23.250218],[120.272075,23.250481],[120.272437,23.250494],[120.272432,23.250551],[120.272602,23.250562],[120.272802,23.250592],[120.27277,23.25086],[120.27288,23.250913],[120.272906,23.250876],[120.272953,23.250426],[120.272904,23.250398],[120.272908,23.250248]]]}},{"type":"Feature","properties":{"id":"16193b237091","name":"臺南市中西區忠義國民小學","level":"國小","basis":"both","data_ym":"202009"},"geometry":{"type":"Polygon","coordinates":[[[120.203879,22.990739],[120.203871,22.990293],[120.203765,22.990292],[120.203757,22.990105],[120.203744,22.990104],[120.203743,22.990007],[120.203753,22.990007],[120.203743,22.989762],[120.20408,22.989754],[120.204577,22.989753],[120.204514,22.989273],[120.204439,22.989218],[120.20409,22.989289],[120.203446,22.989401],[120.202502,22.989603],[120.202446,22.989696],[120.202668,22.990739],[120.202701,22.990769],[120.203879,22.990739]]]}},{"type":"Feature","properties":{"id":"122ed9b5db05","name":"臺南市中西區永福國民小學","level":"國小","basis":"both","data_ym":"201808"},"geometry":{"type":"Polygon","coordinates":[[[120.201342,22.993259],[120.201614,22.993205],[120.201618,22.993218],[120.201798,22.993189],[120.201982,22.993146],[120.202255,22.9931],[120.202471,22.993053],[120.20247,22.993048],[120.20253,22.993039],[120.202369,22.992365],[120.201054,22.992635],[120.201109,22.99285],[120.201147,22.992848],[120.201153,22.992837],[120.201146,22.992783],[120.201181,22.992778],[120.201222,22.992786],[120.201245,22.992781],[120.201298,22.993006],[120.201343,22.993174],[120.201321,22.993176],[120.201342,22.993259]]]}},{"type":"Feature","properties":{"id":"0be13ebf6874","name":"臺南市仁德區仁德國民小學","level":"國小","basis":"both","data_ym":"202009"},"geometry":{"type":"Polygon","coordinates":[[[120.255615,22.96295],[120.255531,22.962543],[120.255534,22.962511],[120.255414,22.962501],[120.255301,22.962163],[120.255138,22.961259],[120.255024,22.961277],[120.254978,22.961234],[120.254825,22.96115],[120.254698,22.961146],[120.254377,22.961168],[120.253801,22.961216],[120.253807,22.961343],[120.253838,22.961374],[120.253834,22.961433],[120.253793,22.961467],[120.25377,22.961759],[120.253664,22.962787],[120.253954,22.962798],[120.254014,22.962798],[120.254015,22.962794],[120.254858,22.962821],[120.254857,22.96288],[120.254988,22.96287],[120.255049,22.962871],[120.255105,22.962863],[120.255326,22.963317],[120.255615,22.96295]]]}},{"type":"Feature","properties":{"id":"62ea4630cf5b","name":"臺南市仁德區依仁國民小學","level":"國小","basis":"both","data_ym":"201808"},"geometry":{"type":"Polygon","coordinates":[[[120.260755,22.912232],[120.260732,22.912231],[120.260687,22.91224],[120.260641,22.912263],[120.260582,22.91233],[120.260559,22.912375],[120.260526,22.913053],[120.260511,22.913117],[120.260485,22.913142],[120.260452,22.913155],[120.260447,22.913337],[120.262034,22.913397],[120.26204,22.912509],[120.262035,22.912453],[120.260755,22.912232]]]}},{"type":"Feature","properties":{"id":"b94ae796f824","name":"臺南市仁德區文賢國民小學","level":"國小","basis":"both","data_ym":"201705"},"geometry":{"type":"Polygon","coordinates":[[[120.235187,22.921404],[120.234545,22.92198],[120.234416,22.922111],[120.234411,22.922167],[120.234435,22.922208],[120.234655,22.922338],[120.234827,22.922459],[120.235043,22.92267],[120.234956,22.922758],[120.235138,22.923],[120.235207,22.922963],[120.23533,22.923189],[120.235492,22.923158],[120.235785,22.923115],[120.235973,22.922579],[120.236055,22.922528],[120.236072,22.922478],[120.236165,22.922269],[120.235822,22.921946],[120.235647,22.921788],[120.235597,22.921832],[120.235187,22.921404]]]}},{"type":"Feature","properties":{"id":"87f60c09a8e9","name":"臺南市仁德區長興國民小學","level":"國小","basis":"both","data_ym":"201808"},"geometry":{"type":"Polygon","coordinates":[[[120.259802,22.990851],[120.259919,22.990839],[120.25992,22.990846],[120.26025,22.990809],[120.260442,22.990825],[120.260503,22.990586],[120.260498,22.990515],[120.260594,22.990166],[120.260364,22.990094],[120.260309,22.990057],[120.260255,22.989949],[120.260216,22.9895],[120.260209,22.989368],[120.260224,22.989218],[120.260217,22.989159],[120.260184,22.989112],[120.260128,22.989076],[120.259205,22.989152],[120.259179,22.989163],[120.25917,22.98918],[120.259169,22.989199],[120.259333,22.990573],[120.259371,22.990819],[120.259431,22.990804],[120.259626,22.990782],[120.259625,22.990792],[120.259661,22.990789],[120.259659,22.990777],[120.259788,22.990761],[120.259802,22.990851]]]}},{"type":"Feature","properties":{"id":"20635e0ef537","name":"臺南市佳里區仁愛國民小學","level":"國小","basis":"both","data_ym":"201705"},"geometry":{"type":"Polygon","coordinates":[[[120.180354,23.153193],[120.180066,23.152509],[120.180023,23.152485],[120.179148,23.152801],[120.178505,23.152711],[120.178378,23.153563],[120.178348,23.153785],[120.178355,23.153829],[120.178375,23.153857],[120.178396,23.153869],[120.178418,23.153875],[120.178455,23.153872],[120.180354,23.153193]]]}},{"type":"Feature","properties":{"id":"f208b86686a1","name":"臺南市佳里區佳興國民小學","level":"國小","basis":"both","data_ym":"201705"},"geometry":{"type":"Polygon","coordinates":[[[120.191413,23.190586],[120.19228,23.190448],[120.192339,23.190412],[120.192526,23.190333],[120.192753,23.190281],[120.192908,23.190191],[120.192911,23.189512],[120.192888,23.189386],[120.192851,23.189241],[120.192796,23.189069],[120.192778,23.188995],[120.192366,23.189104],[120.191594,23.189297],[120.191001,23.18959],[120.191066,23.190327],[120.191095,23.190571],[120.191404,23.19054],[120.191413,23.190586]]]}},{"type":"Feature","properties":{"id":"2718b0cbf49d","name":"臺南市佳里區佳里國民小學","level":"國小","basis":"both","data_ym":"201806"},"geometry":{"type":"Polygon","coordinates":[[[120.172478,23.163181],[120.171236,23.163163],[120.171211,23.163177],[120.171234,23.165081],[120.171274,23.165121],[120.172726,23.165066],[120.172739,23.165032],[120.172667,23.16361],[120.172657,23.163576],[120.172478,23.163181]]]}},{"type":"Feature","properties":{"id":"d4bf0658268c","name":"臺南市佳里區信義國民小學","level":"國小","basis":"both","data_ym":"202009"},"geometry":{"type":"Polygon","coordinates":[[[120.183021,23.160378],[120.183074,23.160088],[120.183222,23.159065],[120.182553,23.158998],[120.182253,23.158997],[120.181427,23.159079],[120.181414,23.159102],[120.181519,23.159639],[120.181545,23.159672],[120.181565,23.159672],[120.181575,23.159693],[120.181596,23.159693],[120.181651,23.159918],[120.181631,23.159928],[120.181619,23.159942],[120.181619,23.159949],[120.181599,23.159985],[120.181599,23.160032],[120.18168,23.160276],[120.182334,23.160348],[120.182362,23.160335],[120.182396,23.160329],[120.182555,23.16034],[120.182759,23.160361],[120.183021,23.160378]]]}},{"type":"Feature","properties":{"id":"3a196b85dc25","name":"臺南市佳里區塭內國民小學","level":"國小","basis":"both","data_ym":"201705"},"geometry":{"type":"Polygon","coordinates":[[[120.16602,23.125801],[120.165995,23.125122],[120.165578,23.125114],[120.164993,23.125073],[120.164889,23.12507],[120.164927,23.125385],[120.164814,23.125399],[120.164816,23.125411],[120.164613,23.125437],[120.164662,23.125578],[120.164699,23.125577],[120.164708,23.125689],[120.164905,23.126274],[120.165822,23.125911],[120.165948,23.125849],[120.16602,23.125801]]]}},{"type":"Feature","properties":{"id":"3254761a1347","name":"臺南市佳里區子龍國民小學","level":"國小","basis":"both","data_ym":"202009"},"geometry":{"type":"Polygon","coordinates":[[[120.202458,23.173985],[120.202464,23.173926],[120.202494,23.173928],[120.202534,23.173524],[120.201688,23.173404],[120.201623,23.173704],[120.201483,23.174263],[120.20244,23.174377],[120.202455,23.174178],[120.202477,23.173987],[120.202458,23.173985]]]}},{"type":"Feature","properties":{"id":"99c816eed4f1","name":"臺南市佳里區延平國民小學","level":"國小","basis":"both","data_ym":"201208"},"geometry":{"type":"Polygon","coordinates":[[[120.154314,23.178093],[120.154302,23.178072],[120.152298,23.178348],[120.152086,23.17944],[120.152145,23.179464],[120.15427,23.179049],[120.15429,23.179026],[120.154298,23.179],[120.154355,23.178703],[120.154384,23.178589],[120.154382,23.17855],[120.154314,23.178093]]]}},{"type":"Feature","properties":{"id":"4fc5f21358b2","name":"臺南市佳里區通興國民小學","level":"國小","basis":"both","data_ym":"201705"},"geometry":{"type":"Polygon","coordinates":[[[120.157955,23.145178],[120.157951,23.143813],[120.157684,23.14388],[120.15751,23.143893],[120.157507,23.144118],[120.157407,23.144142],[120.157403,23.14429],[120.157387,23.144395],[120.157377,23.144604],[120.157342,23.144606],[120.157337,23.145146],[120.157955,23.145178]]]}},{"type":"Feature","properties":{"id":"e5b02802a97c","name":"臺南市六甲區嘉南國民小學","level":"國小","basis":"both","data_ym":"201702"},"geometry":{"type":"Polygon","coordinates":[[[120.365726,23.217618],[120.365684,23.216694],[120.364215,23.216729],[120.364232,23.217464],[120.36424,23.217642],[120.364253,23.217648],[120.364381,23.217649],[120.365137,23.217644],[120.365726,23.217618]]]}},{"type":"Feature","properties":{"id":"ff0d13a26f91","name":"臺南市六甲區林鳳國民小學","level":"國小","basis":"both","data_ym":"201806"},"geometry":{"type":"Polygon","coordinates":[[[120.317929,23.240976],[120.318185,23.240953],[120.318265,23.240957],[120.318419,23.240978],[120.318405,23.240625],[120.31841,23.240624],[120.318409,23.240537],[120.318402,23.240537],[120.318393,23.240203],[120.318222,23.240149],[120.318227,23.240096],[120.318111,23.240073],[120.317934,23.240054],[120.317851,23.240041],[120.317777,23.240014],[120.317563,23.239951],[120.317395,23.239894],[120.317321,23.239888],[120.317169,23.239902],[120.316786,23.240007],[120.316962,23.241134],[120.317929,23.240976]]]}},{"type":"Feature","properties":{"id":"4156da2bcf51","name":"臺南市北區公園國民小學","level":"國小","basis":"both","data_ym":"201808"},"geometry":{"type":"Polygon","coordinates":[[[120.210382,23.000495],[120.21021,22.999976],[120.210094,23.000012],[120.209912,22.999433],[120.209842,22.99938],[120.208226,22.999869],[120.208218,22.999889],[120.208828,23.000937],[120.208837,23.000944],[120.209311,23.000809],[120.209307,23.000793],[120.210382,23.000495]]]}},{"type":"Feature","properties":{"id":"acb27acf3e40","name":"臺南市北區大港國民小學","level":"國小","basis":"both","data_ym":"201208"},"geometry":{"type":"Polygon","coordinates":[[[120.189554,23.013309],[120.187852,23.012667],[120.18782,23.012735],[120.187411,23.01369],[120.189163,23.014336],[120.189398,23.013806],[120.18934,23.013787],[120.189554,23.013309]]]}},{"type":"Feature","properties":{"id":"ebd6293ed51f","name":"臺南市北區賢北國民小學","level":"國小","basis":"both","data_ym":"201808"},"geometry":{"type":"Polygon","coordinates":[[[120.180177,23.008017],[120.180628,23.007052],[120.180617,23.006997],[120.180161,23.0068],[120.179604,23.006571],[120.179595,23.006564],[120.179593,23.006567],[120.178874,23.006274],[120.178827,23.006272],[120.178795,23.00628],[120.178722,23.006407],[120.178335,23.007216],[120.178388,23.007264],[120.17889,23.007481],[120.178881,23.007494],[120.178932,23.007513],[120.178932,23.007526],[120.178973,23.007546],[120.179638,23.007823],[120.180136,23.00804],[120.180148,23.008038],[120.180177,23.008017]]]}},{"type":"Feature","properties":{"id":"e42f7b144cda","name":"臺南市北門區三慈國民小學","level":"國小","basis":"both","data_ym":"201208"},"geometry":{"type":"Polygon","coordinates":[[[120.110405,23.238724],[120.109448,23.23838],[120.109433,23.238436],[120.109468,23.238448],[120.109421,23.238648],[120.10937,23.239229],[120.109658,23.239338],[120.109661,23.239343],[120.109949,23.239328],[120.110016,23.239321],[120.110192,23.23928],[120.110405,23.238724]]]}},{"type":"Feature","properties":{"id":"7d44fe7ba2d0","name":"臺南市北門區北門國民小學","level":"國小","basis":"both","data_ym":"201702"},"geometry":{"type":"Polygon","coordinates":[[[120.125257,23.265453],[120.125262,23.265431],[120.125559,23.265476],[120.12557,23.265468],[120.12569,23.265319],[120.12579,23.265079],[120.125881,23.264835],[120.125525,23.264712],[120.125339,23.264658],[120.125045,23.264594],[120.124842,23.26457],[120.124801,23.264588],[120.124742,23.264625],[120.124717,23.26467],[120.124609,23.264934],[120.124489,23.265259],[120.12443,23.265434],[120.124558,23.26544],[120.124553,23.265479],[120.12507,23.265536],[120.125066,23.265563],[120.125238,23.265593],[120.125269,23.265455],[120.125257,23.265453]]]}},{"type":"Feature","properties":{"id":"ba009a2f43ef","name":"臺南市北門區文山國民小學","level":"國小","basis":"both","data_ym":"201608"},"geometry":{"type":"Polygon","coordinates":[[[120.126229,23.240766],[120.12612,23.240752],[120.126107,23.240756],[120.12609,23.24074],[120.126087,23.240727],[120.125695,23.240667],[120.125657,23.240694],[120.125647,23.240678],[120.125624,23.240694],[120.125761,23.241765],[120.127144,23.241637],[120.127175,23.240907],[120.126982,23.240894],[120.126981,23.240886],[120.12685,23.240876],[120.126834,23.240858],[120.126332,23.240784],[120.126231,23.240773],[120.126229,23.240766]]]}},{"type":"Feature","properties":{"id":"ddfd3596e634","name":"臺南市南化區北寮國民小學","level":"國小","basis":"both","data_ym":"201705"},"geometry":{"type":"Polygon","coordinates":[[[120.494511,23.076412],[120.495144,23.076324],[120.495295,23.076419],[120.495432,23.076368],[120.495442,23.076308],[120.495181,23.075518],[120.494022,23.076279],[120.494104,23.076455],[120.494148,23.076535],[120.494251,23.076511],[120.494226,23.076446],[120.494246,23.07644],[120.494511,23.076412]]]}},{"type":"Feature","properties":{"id":"0d7b8a894e5b","name":"臺南市南化區南化國民小學","level":"國小","basis":"both","data_ym":"202009"},"geometry":{"type":"Polygon","coordinates":[[[120.471088,23.044363],[120.471072,23.044157],[120.470815,23.044221],[120.470613,23.043547],[120.470573,23.043529],[120.4705,23.043476],[120.470335,23.043337],[120.469692,23.043377],[120.469696,23.043598],[120.469694,23.044021],[120.469717,23.044576],[120.471095,23.044548],[120.471088,23.044363]]]}},{"type":"Feature","properties":{"id":"29ecd31c528f","name":"臺南市南化區玉山國民小學","level":"國小","basis":"name","data_ym":"202209"},"geometry":{"type":"Polygon","coordinates":[[[120.519093,23.074864],[120.519104,23.074726],[120.519381,23.074745],[120.519383,23.074681],[120.519214,23.074669],[120.519223,23.074583],[120.519116,23.074575],[120.519124,23.0745],[120.518771,23.074465],[120.517999,23.074377],[120.517964,23.074751],[120.518105,23.074769],[120.519093,23.074864]]]}},{"type":"Feature","properties":{"id":"15861faba7c9","name":"臺南市南化區瑞峰國民小學","level":"國小","basis":"name","data_ym":"201507"},"geometry":{"type":"Polygon","coordinates":[[[120.595752,23.173436],[120.595587,23.172984],[120.59516,23.173119],[120.595086,23.172961],[120.595014,23.173024],[120.595033,23.173055],[120.595074,23.173162],[120.595083,23.173227],[120.595267,23.173891],[120.595279,23.17391],[120.59531,23.173938],[120.595391,23.173987],[120.595433,23.173993],[120.595456,23.173991],[120.595515,23.173976],[120.595736,23.17387],[120.59575,23.173857],[120.595759,23.173834],[120.595762,23.173793],[120.59575,23.17353],[120.595752,23.173436]]]}},{"type":"Feature","properties":{"id":"fc71ee4953bf","name":"臺南市南區日新國民小學","level":"國小","basis":"both","data_ym":"201705"},"geometry":{"type":"Polygon","coordinates":[[[120.190637,22.973697],[120.190511,22.972832],[120.190449,22.972492],[120.190482,22.972484],[120.190466,22.972415],[120.190406,22.972168],[120.190317,22.971854],[120.190243,22.971631],[120.190098,22.971242],[120.190073,22.971219],[120.190052,22.971216],[120.190027,22.971221],[120.189589,22.971373],[120.189701,22.971656],[120.189574,22.971702],[120.189295,22.971784],[120.189273,22.971811],[120.189196,22.971807],[120.189186,22.971777],[120.189051,22.97182],[120.189059,22.971877],[120.18906,22.971943],[120.18905,22.972017],[120.189018,22.972184],[120.189011,22.972276],[120.18903,22.972373],[120.189039,22.972396],[120.189176,22.972664],[120.189188,22.972753],[120.189189,22.972809],[120.189169,22.972875],[120.189134,22.972936],[120.189332,22.972999],[120.189566,22.973067],[120.190119,22.973663],[120.190149,22.973684],[120.190215,22.973708],[120.190291,22.973723],[120.190637,22.973697]]]}},{"type":"Feature","properties":{"id":"3f78e087c920","name":"臺南市南區永華國民小學","level":"國小","basis":"both","data_ym":"202009"},"geometry":{"type":"Polygon","coordinates":[[[120.188181,22.964995],[120.188013,22.963806],[120.187979,22.963775],[120.185908,22.963558],[120.18591,22.963992],[120.185901,22.964106],[120.185901,22.964161],[120.185911,22.964226],[120.185907,22.964813],[120.185918,22.965139],[120.187253,22.965065],[120.188174,22.965006],[120.188181,22.964995]]]}},{"type":"Feature","properties":{"id":"70e7e22b4e0d","name":"臺南市善化區善糖國民小學","level":"國小","basis":"both","data_ym":"202209"},"geometry":{"type":"Polygon","coordinates":[[[120.288899,23.153983],[120.288916,23.15354],[120.288966,23.153541],[120.288982,23.15318],[120.288891,23.153167],[120.288332,23.15314],[120.287847,23.15311],[120.287396,23.153433],[120.287343,23.153476],[120.287317,23.153506],[120.287292,23.153554],[120.28726,23.153695],[120.287256,23.153926],[120.288899,23.153983]]]}},{"type":"Feature","properties":{"id":"bd4e61a5e34b","name":"臺南市善化區大同國民小學","level":"國小","basis":"both","data_ym":"201208"},"geometry":{"type":"Polygon","coordinates":[[[120.306216,23.155662],[120.306038,23.155635],[120.306102,23.155966],[120.306513,23.156409],[120.30678,23.156749],[120.306762,23.156771],[120.307599,23.157074],[120.30875,23.157428],[120.308706,23.156081],[120.308705,23.155824],[120.30654,23.15569],[120.306216,23.155662]]]}},{"type":"Feature","properties":{"id":"ec0caf888bab","name":"臺南市善化區陽明國民小學","level":"國小","basis":"both","data_ym":"201208"},"geometry":{"type":"Polygon","coordinates":[[[120.273821,23.14263],[120.272491,23.142369],[120.272446,23.142407],[120.272357,23.142776],[120.272305,23.143024],[120.272299,23.143105],[120.272316,23.143238],[120.273201,23.143406],[120.273271,23.143324],[120.273784,23.142684],[120.273821,23.14263]]]}},{"type":"Feature","properties":{"id":"ab6c837416b1","name":"臺南市大內區二溪國民小學","level":"國小","basis":"both","data_ym":"202009"},"geometry":{"type":"Polygon","coordinates":[[[120.393345,23.122259],[120.393401,23.122066],[120.393524,23.121759],[120.393583,23.121557],[120.393711,23.121235],[120.393828,23.120958],[120.393136,23.120748],[120.393095,23.120747],[120.393068,23.120767],[120.39305,23.120789],[120.392819,23.121288],[120.392749,23.121592],[120.392699,23.121845],[120.39266,23.122095],[120.392578,23.122077],[120.39255,23.122182],[120.392548,23.122212],[120.392494,23.12242],[120.392896,23.122525],[120.393153,23.122521],[120.393203,23.122498],[120.393283,23.122397],[120.393313,23.122347],[120.393345,23.122259]]]}},{"type":"Feature","properties":{"id":"8d12bc220bee","name":"臺南市大內區大內國民小學頭社分校","level":"大專","basis":"branch","data_ym":"201705"},"geometry":{"type":"Polygon","coordinates":[[[120.38466,23.143294],[120.384725,23.143277],[120.384732,23.143298],[120.384851,23.143268],[120.384833,23.143197],[120.384816,23.143074],[120.384807,23.142922],[120.384799,23.142866],[120.384421,23.142905],[120.384392,23.142916],[120.38434,23.142921],[120.3843,23.142483],[120.383837,23.142518],[120.383893,23.143425],[120.384141,23.143473],[120.38429,23.143494],[120.384377,23.143496],[120.384439,23.143487],[120.384697,23.143414],[120.38466,23.143294]]]}},{"type":"Feature","properties":{"id":"4b462951a5c8","name":"臺南市私立慈幼高級工商職業學校","level":"高中職","basis":"name","data_ym":"202501"},"geometry":{"type":"Polygon","coordinates":[[[120.240253,22.990807],[120.240356,22.99062],[120.240405,22.990504],[120.240443,22.990368],[120.240474,22.990317],[120.240468,22.990265],[120.240529,22.990275],[120.240542,22.990245],[120.240576,22.990208],[120.240699,22.990225],[120.24071,22.990167],[120.24072,22.990045],[120.24075,22.989802],[120.240644,22.989784],[120.240724,22.989406],[120.239402,22.989169],[120.238838,22.989096],[120.238821,22.9892],[120.238648,22.98918],[120.238596,22.989179],[120.238405,22.989146],[120.238235,22.990525],[120.238359,22.990547],[120.238358,22.990553],[120.238394,22.990559],[120.238358,22.990791],[120.238323,22.990788],[120.238323,22.990794],[120.238359,22.990797],[120.238328,22.991011],[120.240146,22.991038],[120.240304,22.990978],[120.240253,22.990807]]]}},{"type":"Feature","properties":{"id":"0416ea81fb15","name":"臺南市學甲區中洲國民小學","level":"國小","basis":"both","data_ym":"201208"},"geometry":{"type":"Polygon","coordinates":[[[120.160546,23.247158],[120.160625,23.24673],[120.160655,23.246592],[120.160666,23.2465],[120.160676,23.246108],[120.160665,23.245781],[120.160601,23.245179],[120.160588,23.245092],[120.160577,23.24505],[120.160559,23.245035],[120.160228,23.24505],[120.160077,23.245061],[120.159837,23.245107],[120.159766,23.24513],[120.159581,23.245215],[120.159528,23.245244],[120.159368,23.245346],[120.159459,23.245541],[120.159599,23.245868],[120.159679,23.246067],[120.1599,23.24657],[120.159901,23.246617],[120.159879,23.246809],[120.159878,23.246839],[120.159882,23.246854],[120.159891,23.246863],[120.159947,23.246886],[120.16005,23.24689],[120.160124,23.246883],[120.160301,23.246886],[120.160347,23.246914],[120.160359,23.246927],[120.160454,23.247157],[120.160546,23.247158]]]}},{"type":"Feature","properties":{"id":"b1a14335938b","name":"臺南市學甲區學甲國民小學","level":"國小","basis":"both","data_ym":"201806"},"geometry":{"type":"Polygon","coordinates":[[[120.175631,23.237417],[120.175409,23.23624],[120.175162,23.236282],[120.174187,23.236973],[120.17439,23.237895],[120.17453,23.238554],[120.174581,23.238583],[120.175768,23.238357],[120.175777,23.238344],[120.17561,23.237455],[120.175631,23.237417]]]}},{"type":"Feature","properties":{"id":"63bc490b12f3","name":"臺南市學甲區宅港國民小學","level":"國小","basis":"both","data_ym":"201208"},"geometry":{"type":"Polygon","coordinates":[[[120.204547,23.257482],[120.204445,23.2569],[120.204378,23.256905],[120.20435,23.256831],[120.204383,23.2568],[120.204368,23.256751],[120.204173,23.256827],[120.203331,23.257139],[120.203146,23.2572],[120.203386,23.257889],[120.20339,23.257891],[120.203543,23.258323],[120.203802,23.258382],[120.204006,23.258195],[120.204184,23.258021],[120.204261,23.25796],[120.204604,23.257723],[120.204547,23.257482]]]}},{"type":"Feature","properties":{"id":"4e8d13a3bc8b","name":"臺南市學甲區東陽國民小學","level":"國小","basis":"both","data_ym":"202209"},"geometry":{"type":"Polygon","coordinates":[[[120.183058,23.229778],[120.183107,23.229779],[120.183109,23.229767],[120.184536,23.229547],[120.184558,23.229278],[120.184572,23.228912],[120.1846,23.228387],[120.184629,23.2282],[120.18467,23.228056],[120.184684,23.22798],[120.184689,23.227915],[120.183599,23.227915],[120.183213,23.227918],[120.183187,23.227925],[120.182871,23.229777],[120.182941,23.229783],[120.183058,23.229778]]]}},{"type":"Feature","properties":{"id":"852bf4865c6f","name":"臺南市安南區南興國民小學","level":"國小","basis":"both","data_ym":"202009"},"geometry":{"type":"Polygon","coordinates":[[[120.160892,23.072993],[120.159804,23.072944],[120.159737,23.074127],[120.160383,23.074162],[120.160771,23.073779],[120.160798,23.073658],[120.160785,23.073655],[120.160803,23.073554],[120.160785,23.073546],[120.160892,23.072993]]]}},{"type":"Feature","properties":{"id":"010f4ac40838","name":"臺南市安南區土城國民小學","level":"國小","basis":"both","data_ym":"202209"},"geometry":{"type":"Polygon","coordinates":[[[120.130022,23.066592],[120.130031,23.066369],[120.130687,23.066398],[120.130753,23.066451],[120.131011,23.066348],[120.131001,23.06632],[120.131023,23.066291],[120.131089,23.066246],[120.13107,23.066153],[120.130918,23.065264],[120.130684,23.065263],[120.130686,23.065121],[120.130655,23.06514],[120.130641,23.065143],[120.129264,23.065075],[120.129237,23.065094],[120.129232,23.065108],[120.12919,23.066092],[120.129199,23.06633],[120.129244,23.06633],[120.129251,23.066524],[120.129276,23.066549],[120.130033,23.066603],[120.130022,23.066592]]]}},{"type":"Feature","properties":{"id":"da4e1d5132df","name":"臺南市安南區學東國民小學","level":"國小","basis":"both","data_ym":"201208"},"geometry":{"type":"Polygon","coordinates":[[[120.14529,23.078211],[120.145571,23.078165],[120.145585,23.078182],[120.145829,23.078139],[120.146058,23.078122],[120.146364,23.078124],[120.146376,23.078093],[120.146394,23.078066],[120.146076,23.077616],[120.145978,23.077467],[120.145647,23.076936],[120.145379,23.076562],[120.144213,23.076524],[120.144577,23.077603],[120.144695,23.077978],[120.144808,23.078316],[120.145283,23.078235],[120.14529,23.078211]]]}},{"type":"Feature","properties":{"id":"c4c93b701684","name":"臺南市安南區學東國民小學1","level":"國小","basis":"both","data_ym":"201705"},"geometry":{"type":"Polygon","coordinates":[[[120.146802,23.077817],[120.146345,23.077803],[120.146328,23.077812],[120.146578,23.078194],[120.146906,23.078197],[120.146802,23.077817]]]}},{"type":"Feature","properties":{"id":"c81f69c5db7a","name":"臺南市安南區海佃國民小學","level":"國小","basis":"both","data_ym":"201808"},"geometry":{"type":"Polygon","coordinates":[[[120.200265,23.02762],[120.200109,23.027605],[120.19991,23.027576],[120.199793,23.027566],[120.199291,23.027563],[120.198977,23.028842],[120.200497,23.028731],[120.200555,23.028465],[120.200773,23.027599],[120.200596,23.027565],[120.200571,23.02767],[120.200265,23.02762]]]}},{"type":"Feature","properties":{"id":"d24631c24360","name":"臺南市安南區長安國民小學","level":"國小","basis":"both","data_ym":"201808"},"geometry":{"type":"Polygon","coordinates":[[[120.197668,23.065674],[120.198058,23.064807],[120.197923,23.064749],[120.197759,23.064644],[120.196922,23.064143],[120.196938,23.064104],[120.196778,23.064027],[120.196246,23.064852],[120.196553,23.065042],[120.196729,23.065161],[120.196832,23.065224],[120.196841,23.065211],[120.196999,23.065278],[120.197668,23.065674]]]}},{"type":"Feature","properties":{"id":"74e47f7c865e","name":"臺南市安南區青草國民小學","level":"國小","basis":"both","data_ym":"201705"},"geometry":{"type":"Polygon","coordinates":[[[120.116918,23.077396],[120.116944,23.076695],[120.116961,23.075934],[120.116681,23.075925],[120.116494,23.075798],[120.116475,23.075988],[120.116167,23.07599],[120.116077,23.076756],[120.116047,23.076955],[120.11609,23.076964],[120.116081,23.076997],[120.115986,23.076979],[120.115936,23.077312],[120.116844,23.077383],[120.116841,23.07741],[120.116852,23.077411],[120.116918,23.077396]]]}},{"type":"Feature","properties":{"id":"13405d5f6a4e","name":"臺南市安南區顯宮國民小學","level":"國小","basis":"both","data_ym":"201705"},"geometry":{"type":"Polygon","coordinates":[[[120.127136,23.035886],[120.12624,23.035801],[120.126182,23.036389],[120.126151,23.036638],[120.126146,23.036735],[120.127016,23.036794],[120.127033,23.036781],[120.127335,23.03621],[120.127231,23.036034],[120.127136,23.035886]]]}},{"type":"Feature","properties":{"id":"fdafabb3bd3c","name":"臺南市安定區南安國民小學","level":"國小","basis":"both","data_ym":"202211"},"geometry":{"type":"Polygon","coordinates":[[[120.226132,23.09819],[120.225649,23.097787],[120.224125,23.098531],[120.224063,23.098566],[120.224144,23.09924],[120.225731,23.09928],[120.226036,23.098703],[120.226252,23.098334],[120.226132,23.09819]]]}},{"type":"Feature","properties":{"id":"b2de6072db07","name":"臺南市安定區南興國民小學","level":"國小","basis":"both","data_ym":"201208"},"geometry":{"type":"Polygon","coordinates":[[[120.218206,23.081422],[120.21854,23.08097],[120.218544,23.080973],[120.21871,23.080771],[120.21903,23.080336],[120.21916,23.080166],[120.218946,23.080022],[120.218635,23.079803],[120.218518,23.07973],[120.218288,23.080036],[120.218184,23.080157],[120.218057,23.080341],[120.217614,23.080932],[120.217886,23.081184],[120.217995,23.081276],[120.218206,23.081422]]]}},{"type":"Feature","properties":{"id":"a03d671bee70","name":"臺南市安定區安定國民小學","level":"國小","basis":"both","data_ym":"201208"},"geometry":{"type":"Polygon","coordinates":[[[120.246272,23.124363],[120.247014,23.124364],[120.247057,23.12436],[120.247086,23.124346],[120.247174,23.124273],[120.247227,23.124217],[120.247257,23.124169],[120.247273,23.124132],[120.247283,23.124042],[120.247278,23.123446],[120.247261,23.123201],[120.245984,23.122655],[120.245976,23.123095],[120.245927,23.123094],[120.24593,23.122967],[120.245708,23.12298],[120.245712,23.12312],[120.245697,23.12312],[120.2457,23.123183],[120.245691,23.124018],[120.246236,23.124033],[120.246232,23.124342],[120.246271,23.124341],[120.246272,23.124363]]]}},{"type":"Feature","properties":{"id":"cdc56342f451","name":"臺南市官田區官田國民小學","level":"國小","basis":"both","data_ym":"202009"},"geometry":{"type":"Polygon","coordinates":[[[120.342316,23.188267],[120.342115,23.188232],[120.341927,23.188257],[120.341676,23.1883],[120.341564,23.188326],[120.341565,23.188338],[120.34156,23.188345],[120.341496,23.188356],[120.341516,23.188466],[120.341483,23.188471],[120.341505,23.188572],[120.341492,23.188576],[120.341498,23.188697],[120.341296,23.188738],[120.341323,23.188884],[120.341338,23.189104],[120.341326,23.189256],[120.341258,23.189612],[120.341375,23.189674],[120.341881,23.189982],[120.342225,23.190218],[120.342253,23.190208],[120.342811,23.188376],[120.342451,23.188309],[120.342316,23.188267]]]}},{"type":"Feature","properties":{"id":"e1e07a290849","name":"臺南市官田區渡拔國民小學","level":"國小","basis":"both","data_ym":"202009"},"geometry":{"type":"Polygon","coordinates":[[[120.32772,23.172212],[120.327845,23.172165],[120.327898,23.172209],[120.328023,23.172208],[120.32755,23.171056],[120.327609,23.171051],[120.32761,23.17102],[120.327603,23.171009],[120.327602,23.170908],[120.327593,23.170824],[120.327587,23.170815],[120.327572,23.170806],[120.327538,23.170797],[120.327208,23.170768],[120.327188,23.170841],[120.326701,23.170817],[120.326316,23.170781],[120.326258,23.17078],[120.32625,23.170782],[120.326236,23.170936],[120.326179,23.170931],[120.326176,23.170964],[120.326019,23.17095],[120.326,23.171146],[120.32601,23.171156],[120.326251,23.171198],[120.326284,23.171207],[120.326816,23.171259],[120.327028,23.171392],[120.32724,23.171661],[120.327326,23.171703],[120.327409,23.171727],[120.327493,23.171781],[120.327597,23.171888],[120.32772,23.172212]]]}},{"type":"Feature","properties":{"id":"cacb7bd77265","name":"臺南市將軍區將軍國民小學","level":"國小","basis":"both","data_ym":"201702"},"geometry":{"type":"Polygon","coordinates":[[[120.13691,23.215196],[120.136919,23.215197],[120.136897,23.215089],[120.13685,23.214928],[120.136845,23.214899],[120.136783,23.214771],[120.136727,23.214633],[120.136691,23.214641],[120.136676,23.214581],[120.136644,23.214578],[120.136643,23.214537],[120.136604,23.214537],[120.136603,23.214456],[120.136575,23.214455],[120.136545,23.214132],[120.136831,23.214013],[120.136767,23.213904],[120.136649,23.213612],[120.136601,23.213591],[120.135307,23.21403],[120.13524,23.21405],[120.135212,23.214078],[120.135207,23.2141],[120.13525,23.214616],[120.135255,23.214632],[120.136006,23.215339],[120.136207,23.215407],[120.13691,23.215196]]]}},{"type":"Feature","properties":{"id":"fdf6798cc77b","name":"臺南市將軍區苓和國民小學","level":"國小","basis":"both","data_ym":"202009"},"geometry":{"type":"Polygon","coordinates":[[[120.162496,23.220063],[120.162469,23.219786],[120.161965,23.219815],[120.161961,23.219781],[120.162165,23.219771],[120.162152,23.219646],[120.162173,23.219642],[120.162168,23.219599],[120.162454,23.219579],[120.16241,23.219152],[120.162116,23.21915],[120.162116,23.219146],[120.162111,23.219146],[120.162086,23.218901],[120.160929,23.21886],[120.161022,23.219947],[120.161038,23.220073],[120.161271,23.22077],[120.161846,23.220719],[120.161782,23.220098],[120.161987,23.220091],[120.162496,23.220063]]]}},{"type":"Feature","properties":{"id":"54bc61f71727","name":"臺南市將軍區長平國民小學","level":"國小","basis":"both","data_ym":"201208"},"geometry":{"type":"Polygon","coordinates":[[[120.107011,23.219569],[120.107195,23.218371],[120.107195,23.218334],[120.107189,23.21831],[120.106692,23.218278],[120.106222,23.21824],[120.106186,23.218534],[120.106215,23.218536],[120.106209,23.218586],[120.10618,23.218584],[120.106036,23.219727],[120.106984,23.219789],[120.107011,23.219569]]]}},{"type":"Feature","properties":{"id":"66d9a61bb30f","name":"臺南市將軍區鯤鯓國民小學","level":"國小","basis":"both","data_ym":"202209"},"geometry":{"type":"Polygon","coordinates":[[[120.089175,23.188096],[120.08919,23.188084],[120.089343,23.18809],[120.089335,23.187802],[120.089317,23.187767],[120.088969,23.18776],[120.088675,23.187763],[120.088335,23.187756],[120.088323,23.188051],[120.088314,23.188111],[120.088307,23.188218],[120.088309,23.188243],[120.088363,23.188495],[120.088471,23.188898],[120.088497,23.188911],[120.089263,23.188821],[120.089175,23.188096]]]}},{"type":"Feature","properties":{"id":"1ecdb58f1010","name":"臺南市左鎮區左鎮國民小學","level":"國小","basis":"name","data_ym":"201705"},"geometry":{"type":"Polygon","coordinates":[[[120.404518,23.05606],[120.404472,23.055943],[120.404344,23.05596],[120.404339,23.055918],[120.40444,23.055903],[120.404341,23.05551],[120.40422,23.055533],[120.404155,23.055293],[120.404346,23.055249],[120.404321,23.05515],[120.404272,23.055154],[120.404149,23.055048],[120.403983,23.05492],[120.403922,23.0549],[120.40386,23.054894],[120.403792,23.054921],[120.403699,23.054972],[120.403604,23.055084],[120.403529,23.0552],[120.403377,23.055912],[120.403439,23.056193],[120.403736,23.05628],[120.404102,23.056314],[120.404097,23.05643],[120.404386,23.056425],[120.404378,23.056372],[120.404605,23.056357],[120.404518,23.05606]]]}},{"type":"Feature","properties":{"id":"33dd212978d9","name":"臺南市新化區[那]拔國民小學","level":"國小","basis":"name","data_ym":"202308"},"geometry":{"type":"Polygon","coordinates":[[[120.348886,23.06974],[120.349019,23.069604],[120.349333,23.069344],[120.349419,23.069284],[120.349635,23.069102],[120.349725,23.069017],[120.349874,23.068838],[120.349984,23.06868],[120.349999,23.068632],[120.350006,23.068567],[120.350001,23.068511],[120.349993,23.068478],[120.349731,23.067995],[120.349624,23.067978],[120.349588,23.067981],[120.349558,23.068098],[120.349459,23.068081],[120.349345,23.068033],[120.349115,23.067984],[120.349097,23.068042],[120.348934,23.068009],[120.348916,23.06813],[120.348855,23.068156],[120.348733,23.067973],[120.348589,23.068028],[120.348554,23.068053],[120.348553,23.068074],[120.34854,23.068077],[120.348349,23.068222],[120.348095,23.068424],[120.347926,23.068535],[120.348238,23.069099],[120.348325,23.069217],[120.348455,23.069465],[120.348562,23.069628],[120.348589,23.069681],[120.348634,23.069668],[120.348677,23.069784],[120.348886,23.06974]]]}},{"type":"Feature","properties":{"id":"33656a0f8ef3","name":"臺南市新化區大新國民小學","level":"國小","basis":"both","data_ym":"201705"},"geometry":{"type":"Polygon","coordinates":[[[120.299796,23.039496],[120.299813,23.039453],[120.299834,23.039459],[120.299856,23.039373],[120.299867,23.039376],[120.299872,23.039358],[120.300017,23.039051],[120.300177,23.038743],[120.300371,23.038758],[120.300401,23.038767],[120.300452,23.038492],[120.300474,23.038405],[120.300362,23.038383],[120.300305,23.03838],[120.300301,23.038393],[120.300234,23.038376],[120.300171,23.038376],[120.30011,23.038387],[120.299961,23.03848],[120.299318,23.038189],[120.299205,23.038143],[120.299334,23.037939],[120.299204,23.037914],[120.299158,23.037958],[120.299038,23.037963],[120.298992,23.037932],[120.298756,23.038165],[120.298134,23.038805],[120.298349,23.0389],[120.298425,23.038968],[120.298447,23.038992],[120.298445,23.038996],[120.299574,23.039476],[120.299707,23.0395],[120.299796,23.039496]]]}},{"type":"Feature","properties":{"id":"b8f729daac40","name":"臺南市新化區新化國民小學","level":"國小","basis":"both","data_ym":"202209"},"geometry":{"type":"Polygon","coordinates":[[[120.312459,23.037538],[120.31269,23.037035],[120.312544,23.037052],[120.312526,23.037049],[120.312512,23.037041],[120.312503,23.03702],[120.312516,23.036923],[120.312542,23.036844],[120.312745,23.036858],[120.312933,23.03644],[120.312842,23.036423],[120.312854,23.036371],[120.312196,23.036262],[120.312186,23.036267],[120.31165,23.036182],[120.311513,23.036175],[120.31142,23.036218],[120.311367,23.036343],[120.311278,23.036528],[120.311167,23.036731],[120.311097,23.036821],[120.311003,23.036961],[120.310749,23.037288],[120.310722,23.037328],[120.310692,23.037397],[120.310687,23.037421],[120.310686,23.037481],[120.310699,23.037514],[120.310759,23.037573],[120.310782,23.037609],[120.310812,23.0377],[120.310843,23.037812],[120.311104,23.038224],[120.311196,23.038385],[120.311156,23.038401],[120.311198,23.038483],[120.311767,23.038358],[120.312077,23.038283],[120.312127,23.038231],[120.312297,23.037905],[120.312459,23.037538]]]}},{"type":"Feature","properties":{"id":"c5365fd6440c","name":"臺南市新化區正新國民小學","level":"國小","basis":"both","data_ym":"201208"},"geometry":{"type":"Polygon","coordinates":[[[120.302562,23.033102],[120.302666,23.032859],[120.303068,23.032909],[120.303078,23.032857],[120.303143,23.032695],[120.303137,23.032684],[120.303129,23.03268],[120.302787,23.032634],[120.302764,23.032587],[120.302879,23.032205],[120.302979,23.031913],[120.302823,23.031863],[120.302666,23.031821],[120.302669,23.031816],[120.302241,23.031678],[120.302214,23.031715],[120.302174,23.031807],[120.302072,23.032118],[120.302059,23.03217],[120.302064,23.032207],[120.302078,23.032236],[120.30209,23.032254],[120.302092,23.032247],[120.302113,23.032256],[120.302114,23.032275],[120.302132,23.032298],[120.302138,23.032337],[120.302149,23.032352],[120.302145,23.032377],[120.302119,23.032412],[120.301962,23.032584],[120.301943,23.032611],[120.301924,23.032682],[120.301875,23.032747],[120.301872,23.032744],[120.301881,23.032681],[120.301903,23.032583],[120.301879,23.032633],[120.301849,23.032713],[120.301829,23.032747],[120.301677,23.032891],[120.301642,23.032936],[120.301612,23.032986],[120.301588,23.03306],[120.301575,23.033126],[120.301581,23.033229],[120.301577,23.033302],[120.301533,23.033693],[120.301489,23.033875],[120.302179,23.033893],[120.30221,23.033857],[120.302214,23.033717],[120.302364,23.033623],[120.302562,23.033102]]]}},{"type":"Feature","properties":{"id":"04059b7dd958","name":"臺南市新市區大社國民小學","level":"國小","basis":"both","data_ym":"201208"},"geometry":{"type":"Polygon","coordinates":[[[120.319259,23.086277],[120.318924,23.086153],[120.318814,23.08656],[120.318695,23.086968],[120.319407,23.087285],[120.3198,23.087396],[120.320372,23.087545],[120.320535,23.086769],[120.320127,23.086707],[120.320152,23.086573],[120.319259,23.086277]]]}},{"type":"Feature","properties":{"id":"a8b9d050cf29","name":"臺南市新市區新市國民小學","level":"國小","basis":"both","data_ym":"201208"},"geometry":{"type":"Polygon","coordinates":[[[120.296875,23.079867],[120.296509,23.07781],[120.295519,23.07783],[120.295354,23.078382],[120.29555,23.078407],[120.295526,23.078855],[120.295517,23.07893],[120.295516,23.079097],[120.295536,23.079171],[120.295559,23.079214],[120.295599,23.079253],[120.295681,23.079298],[120.296875,23.079867]]]}},{"type":"Feature","properties":{"id":"72bed461db64","name":"臺南市新營區新橋國民小學","level":"國小","basis":"name","data_ym":"201702"},"geometry":{"type":"Polygon","coordinates":[[[120.278069,23.268736],[120.27818,23.268421],[120.278311,23.268319],[120.278391,23.268264],[120.278644,23.268071],[120.278707,23.268012],[120.278637,23.267914],[120.278485,23.267739],[120.278478,23.267735],[120.278451,23.267735],[120.278049,23.26775],[120.277569,23.267751],[120.27696,23.267735],[120.276919,23.267727],[120.276849,23.267695],[120.276804,23.26769],[120.276795,23.268421],[120.276772,23.268708],[120.276781,23.268711],[120.27756,23.268731],[120.278069,23.268736]]]}},{"type":"Feature","properties":{"id":"c973c65055ad","name":"臺南市東區大同國民小學","level":"國小","basis":"both","data_ym":"202209"},"geometry":{"type":"Polygon","coordinates":[[[120.215522,22.972747],[120.215526,22.972731],[120.215445,22.972715],[120.215441,22.972732],[120.215426,22.972729],[120.215215,22.973761],[120.21523,22.973767],[120.215225,22.973813],[120.215773,22.973996],[120.216073,22.974112],[120.216228,22.974182],[120.216455,22.973711],[120.216608,22.973364],[120.2166,22.973361],[120.216704,22.973137],[120.216759,22.973005],[120.216083,22.972856],[120.215522,22.972747]]]}},{"type":"Feature","properties":{"id":"c088b4298933","name":"臺南市東區崇學國民小學","level":"國小","basis":"both","data_ym":"202009"},"geometry":{"type":"Polygon","coordinates":[[[120.224484,22.977987],[120.224433,22.977981],[120.224426,22.977983],[120.224165,22.978175],[120.222863,22.979083],[120.222831,22.979118],[120.22283,22.979154],[120.223184,22.97954],[120.223702,22.980091],[120.223743,22.980095],[120.223787,22.98008],[120.224574,22.979485],[120.225279,22.978961],[120.225286,22.978948],[120.225288,22.978929],[120.225279,22.978901],[120.225077,22.978656],[120.224484,22.977987]]]}},{"type":"Feature","properties":{"id":"f949beeffe5b","name":"臺南市東區復興國民小學","level":"國小","basis":"both","data_ym":"201808"},"geometry":{"type":"Polygon","coordinates":[[[120.239445,22.982627],[120.239372,22.982345],[120.239291,22.981723],[120.239239,22.981369],[120.239224,22.980099],[120.239125,22.980152],[120.239019,22.980188],[120.238808,22.980222],[120.238495,22.98028],[120.238445,22.980325],[120.238046,22.981588],[120.238025,22.981644],[120.238015,22.981651],[120.237733,22.981612],[120.237636,22.982156],[120.237847,22.982165],[120.23791,22.982156],[120.23793,22.982095],[120.238117,22.982116],[120.238033,22.982594],[120.238196,22.982665],[120.238198,22.982713],[120.238187,22.982836],[120.238707,22.982777],[120.239445,22.982627]]]}},{"type":"Feature","properties":{"id":"8bbb35eee536","name":"臺南市東區德高國民小學","level":"國小","basis":"both","data_ym":"202009"},"geometry":{"type":"Polygon","coordinates":[[[120.23596,22.96415],[120.235979,22.963966],[120.236379,22.96399],[120.237029,22.964003],[120.237033,22.963969],[120.237363,22.962303],[120.237358,22.962294],[120.2369,22.96214],[120.23646,22.961985],[120.236418,22.961992],[120.235824,22.96276],[120.2358,22.962843],[120.235747,22.963224],[120.235761,22.963226],[120.235746,22.963323],[120.235739,22.963322],[120.235734,22.963366],[120.235727,22.963365],[120.235715,22.963456],[120.235598,22.96412],[120.235587,22.96415],[120.235636,22.96417],[120.23596,22.96415]]]}},{"type":"Feature","properties":{"id":"4c95e283c13f","name":"臺南市東區裕文國民小學","level":"國小","basis":"both","data_ym":"201208"},"geometry":{"type":"Polygon","coordinates":[[[120.246349,22.98242],[120.246315,22.982389],[120.245232,22.982387],[120.245189,22.982424],[120.24519,22.984136],[120.246318,22.984135],[120.246349,22.98242]]]}},{"type":"Feature","properties":{"id":"3f031ec1f876","name":"臺南市柳營區新山國民小學","level":"國小","basis":"both","data_ym":"201408"},"geometry":{"type":"Polygon","coordinates":[[[120.388085,23.266952],[120.3884,23.266751],[120.388748,23.266583],[120.38869,23.2665],[120.388282,23.266562],[120.388069,23.26606],[120.387754,23.266171],[120.38767,23.266221],[120.387668,23.266232],[120.387673,23.266249],[120.387553,23.266294],[120.387508,23.266273],[120.387249,23.266781],[120.387288,23.2668],[120.387437,23.2668],[120.387499,23.266825],[120.387454,23.267019],[120.387501,23.267162],[120.387519,23.267201],[120.387607,23.267347],[120.387719,23.267309],[120.387689,23.267227],[120.387687,23.267201],[120.387699,23.267177],[120.387717,23.267163],[120.387839,23.267112],[120.387933,23.267086],[120.38804,23.267037],[120.38805,23.266997],[120.388085,23.266952]]]}},{"type":"Feature","properties":{"id":"7949285e92e2","name":"臺南市柳營區果毅國民小學","level":"國小","basis":"both","data_ym":"202009"},"geometry":{"type":"Polygon","coordinates":[[[120.37389,23.257737],[120.37372,23.257145],[120.373814,23.257111],[120.373744,23.256929],[120.373549,23.256962],[120.373071,23.257026],[120.372823,23.257049],[120.372863,23.25726],[120.372175,23.257312],[120.372207,23.257556],[120.371978,23.257594],[120.371902,23.257601],[120.371894,23.257595],[120.371779,23.257611],[120.371584,23.257626],[120.371564,23.257713],[120.371562,23.257882],[120.371584,23.25835],[120.371603,23.258369],[120.371845,23.258382],[120.372449,23.258404],[120.372906,23.258439],[120.373166,23.258451],[120.372991,23.257829],[120.37389,23.257737]]]}},{"type":"Feature","properties":{"id":"4cd8346e8939","name":"臺南市楠西區楠西國民小學","level":"國小","basis":"both","data_ym":"201208"},"geometry":{"type":"Polygon","coordinates":[[[120.485567,23.173308],[120.484261,23.173298],[120.484259,23.17482],[120.485499,23.174788],[120.48555,23.174273],[120.485564,23.174032],[120.485567,23.173308]]]}},{"type":"Feature","properties":{"id":"d10350146c89","name":"臺南市歸仁區保西國民小學","level":"國小","basis":"both","data_ym":"201705"},"geometry":{"type":"Polygon","coordinates":[[[120.294263,22.991772],[120.293682,22.991664],[120.293421,22.991646],[120.293281,22.991651],[120.293235,22.991898],[120.293271,22.992023],[120.293237,22.992031],[120.293316,22.992308],[120.29346,22.992777],[120.293721,22.99282],[120.293785,22.992835],[120.293781,22.992857],[120.293958,22.992923],[120.294052,22.992947],[120.294039,22.992996],[120.294105,22.993021],[120.294088,22.993117],[120.294052,22.993267],[120.294369,22.9933],[120.294435,22.993303],[120.294709,22.993283],[120.294804,22.992986],[120.294969,22.992659],[120.295087,22.992193],[120.295148,22.99193],[120.294932,22.99188],[120.294554,22.991804],[120.294436,22.991787],[120.294263,22.991772]]]}},{"type":"Feature","properties":{"id":"6559f0b7b4b4","name":"臺南市歸仁區大潭國民小學","level":"國小","basis":"both","data_ym":"202009"},"geometry":{"type":"Polygon","coordinates":[[[120.271685,22.913136],[120.271663,22.913129],[120.271481,22.913246],[120.271125,22.913487],[120.271547,22.914435],[120.271583,22.914444],[120.271805,22.914468],[120.272081,22.914507],[120.272361,22.914559],[120.272453,22.91453],[120.272489,22.913816],[120.272472,22.913528],[120.272427,22.913326],[120.272399,22.913311],[120.271696,22.913284],[120.271689,22.913145],[120.271685,22.913136]]]}},{"type":"Feature","properties":{"id":"b67d13fc41d7","name":"臺南市歸仁區文化國民小學","level":"國小","basis":"both","data_ym":"201609"},"geometry":{"type":"Polygon","coordinates":[[[120.290098,22.970597],[120.290087,22.970597],[120.289773,22.970701],[120.288972,22.970808],[120.288335,22.970905],[120.288316,22.970931],[120.288323,22.971166],[120.28836,22.971899],[120.288391,22.97193],[120.288743,22.971925],[120.290127,22.971861],[120.29016,22.971828],[120.290133,22.97076],[120.290125,22.970616],[120.290098,22.970597]]]}},{"type":"Feature","properties":{"id":"636a7b96a15b","name":"臺南市歸仁區歸仁國民小學","level":"國小","basis":"both","data_ym":"202209"},"geometry":{"type":"Polygon","coordinates":[[[120.29579,22.970307],[120.296145,22.970315],[120.296134,22.970858],[120.296574,22.970866],[120.296574,22.970872],[120.29668,22.970876],[120.29667,22.971237],[120.296672,22.971342],[120.296693,22.971342],[120.29669,22.971483],[120.296666,22.971481],[120.296667,22.971557],[120.296634,22.971557],[120.296634,22.971563],[120.296646,22.971564],[120.296643,22.971609],[120.296633,22.971609],[120.296609,22.97229],[120.296617,22.972371],[120.296615,22.972417],[120.29662,22.972464],[120.297401,22.972142],[120.297414,22.971792],[120.29764,22.971798],[120.297753,22.970651],[120.297789,22.970165],[120.297777,22.97011],[120.297331,22.970039],[120.29707,22.970022],[120.295792,22.969975],[120.295784,22.970124],[120.295785,22.970128],[120.2958,22.970129],[120.2958,22.970176],[120.29579,22.970307]]]}},{"type":"Feature","properties":{"id":"315ba69bc2cd","name":"臺南市歸仁區歸南國民小學","level":"國小","basis":"both","data_ym":"202306"},"geometry":{"type":"Polygon","coordinates":[[[120.28947,22.964807],[120.289452,22.964591],[120.289431,22.9642],[120.289414,22.964063],[120.289393,22.963377],[120.288412,22.963426],[120.287826,22.963444],[120.287847,22.963808],[120.287868,22.963841],[120.287868,22.963979],[120.287878,22.964113],[120.2879,22.964169],[120.287903,22.964278],[120.287869,22.964316],[120.287897,22.9649],[120.288693,22.964789],[120.288778,22.964781],[120.288878,22.96487],[120.288943,22.964919],[120.289399,22.964903],[120.289393,22.96481],[120.28947,22.964807]]]}},{"type":"Feature","properties":{"id":"b1acda1dbb72","name":"臺南市永康區三村國民小學","level":"國小","basis":"both","data_ym":"202209"},"geometry":{"type":"Polygon","coordinates":[[[120.236341,23.043861],[120.23685,23.043696],[120.23745,23.043489],[120.237812,23.043354],[120.237707,23.043042],[120.237736,23.043023],[120.237714,23.042984],[120.237803,23.042933],[120.237692,23.042719],[120.237696,23.042568],[120.238063,23.042359],[120.237946,23.042197],[120.237856,23.04209],[120.237809,23.042043],[120.237229,23.04151],[120.236532,23.041914],[120.236556,23.042106],[120.236562,23.042279],[120.236608,23.042656],[120.236616,23.042679],[120.236634,23.042688],[120.236651,23.042761],[120.23669,23.042826],[120.236719,23.043023],[120.236555,23.043093],[120.236341,23.043191],[120.2362,23.043227],[120.236215,23.043246],[120.236069,23.043339],[120.236095,23.043406],[120.236143,23.043665],[120.236259,23.043789],[120.236291,23.043764],[120.236341,23.043861]]]}},{"type":"Feature","properties":{"id":"fb865937a903","name":"臺南市永康區五王國民小學","level":"國小","basis":"both","data_ym":"201705"},"geometry":{"type":"Polygon","coordinates":[[[120.237671,23.008607],[120.237665,23.008604],[120.236132,23.008592],[120.235738,23.009784],[120.236486,23.009932],[120.236489,23.009946],[120.237298,23.010122],[120.237435,23.009605],[120.237697,23.008663],[120.237697,23.008641],[120.237671,23.008607]]]}},{"type":"Feature","properties":{"id":"ef349b976047","name":"臺南市永康區勝利國民小學","level":"國小","basis":"both","data_ym":"202209"},"geometry":{"type":"Polygon","coordinates":[[[120.230976,23.004293],[120.230905,23.003089],[120.229383,23.00315],[120.22931,23.003162],[120.22937,23.003378],[120.229391,23.003424],[120.229434,23.003487],[120.229566,23.003717],[120.229671,23.00391],[120.229947,23.004376],[120.230053,23.004593],[120.230906,23.004542],[120.230942,23.004535],[120.230961,23.004524],[120.230989,23.004494],[120.230994,23.004475],[120.230976,23.004293]]]}},{"type":"Feature","properties":{"id":"7059438b418e","name":"臺南市永康區大灣國民小學","level":"國小","basis":"both","data_ym":"202209"},"geometry":{"type":"Polygon","coordinates":[[[120.267883,23.006073],[120.268332,23.00585],[120.268343,23.00587],[120.268383,23.005895],[120.268436,23.005865],[120.26845,23.005891],[120.268481,23.005873],[120.268492,23.005891],[120.268507,23.005883],[120.268529,23.00592],[120.268536,23.005916],[120.268534,23.005912],[120.268573,23.005892],[120.26859,23.005922],[120.26864,23.005896],[120.268623,23.005866],[120.268659,23.005847],[120.268661,23.005849],[120.268664,23.005844],[120.26868,23.005843],[120.268762,23.00553],[120.268945,23.005546],[120.268977,23.005439],[120.268982,23.00544],[120.269024,23.005304],[120.269031,23.005305],[120.269031,23.005255],[120.269057,23.005217],[120.269023,23.005196],[120.269044,23.005165],[120.269022,23.005161],[120.269017,23.005116],[120.269011,23.005115],[120.268993,23.005019],[120.268974,23.004965],[120.268886,23.004472],[120.26887,23.00443],[120.268766,23.004275],[120.268665,23.004051],[120.268018,23.00434],[120.267977,23.004355],[120.267905,23.004366],[120.267984,23.004563],[120.267743,23.004671],[120.267419,23.004809],[120.26733,23.004842],[120.267137,23.004931],[120.267058,23.004962],[120.267027,23.00498],[120.266973,23.004996],[120.266991,23.005044],[120.266945,23.005103],[120.266943,23.005101],[120.266945,23.005106],[120.2669,23.005157],[120.266849,23.005182],[120.266845,23.005192],[120.266776,23.005229],[120.26719,23.006003],[120.26769,23.005766],[120.267883,23.006073]]]}},{"type":"Feature","properties":{"id":"7c48a02b8011","name":"臺南市永康區崑山國民小學","level":"國小","basis":"both","data_ym":"201808"},"geometry":{"type":"Polygon","coordinates":[[[120.257631,23.007934],[120.257831,23.007871],[120.257838,23.007892],[120.259246,23.007436],[120.259361,23.007396],[120.259296,23.007107],[120.259091,23.006438],[120.258912,23.005929],[120.258243,23.006124],[120.258241,23.00612],[120.258141,23.006148],[120.258145,23.006155],[120.257094,23.006486],[120.257631,23.007934]]]}},{"type":"Feature","properties":{"id":"7e1082399ffc","name":"臺南市永康區復興國民小學","level":"國小","basis":"both","data_ym":"201705"},"geometry":{"type":"Polygon","coordinates":[[[120.23984,23.00208],[120.239847,23.001835],[120.239926,23.001836],[120.239924,23.000885],[120.239892,23.000854],[120.23813,23.000831],[120.238124,23.001498],[120.238318,23.001507],[120.238332,23.001513],[120.238469,23.001634],[120.238436,23.001667],[120.238771,23.002022],[120.239126,23.002034],[120.239524,23.002066],[120.23984,23.00208]]]}},{"type":"Feature","properties":{"id":"a9d6decd6627","name":"臺南市永康區永信國民小學","level":"國小","basis":"both","data_ym":"202306"},"geometry":{"type":"Polygon","coordinates":[[[120.250152,23.017616],[120.250164,23.016865],[120.250053,23.016313],[120.249451,23.01631],[120.247978,23.016313],[120.248065,23.016517],[120.248096,23.016606],[120.248403,23.017595],[120.248717,23.017598],[120.249006,23.017589],[120.249402,23.017586],[120.24971,23.017606],[120.24977,23.017603],[120.250152,23.017616]]]}},{"type":"Feature","properties":{"id":"f53911afb3e0","name":"臺南市永康區永康國民小學","level":"國小","basis":"both","data_ym":"201705"},"geometry":{"type":"Polygon","coordinates":[[[120.256134,23.027244],[120.256359,23.026433],[120.256353,23.026432],[120.256361,23.026383],[120.256373,23.026385],[120.256458,23.026086],[120.256461,23.026085],[120.256484,23.026],[120.256477,23.025998],[120.256492,23.025937],[120.256198,23.025868],[120.255991,23.02581],[120.255672,23.025703],[120.255655,23.025753],[120.255252,23.025636],[120.254605,23.02543],[120.254473,23.025382],[120.254209,23.026496],[120.254923,23.026647],[120.255131,23.026962],[120.255476,23.027099],[120.255888,23.027087],[120.256118,23.027239],[120.256134,23.027244]]]}},{"type":"Feature","properties":{"id":"13e0b03c1d2c","name":"臺南市永康區西勢國民小學","level":"國小","basis":"both","data_ym":"201808"},"geometry":{"type":"Polygon","coordinates":[[[120.27622,23.018688],[120.276227,23.01866],[120.276237,23.018663],[120.276243,23.018652],[120.276416,23.018475],[120.276647,23.018278],[120.276673,23.018282],[120.276929,23.01804],[120.276512,23.017669],[120.276342,23.017624],[120.275529,23.018059],[120.275558,23.018275],[120.275604,23.018434],[120.275497,23.018435],[120.275503,23.018503],[120.275068,23.018566],[120.275367,23.019055],[120.275412,23.019079],[120.27617,23.019052],[120.27617,23.018989],[120.276201,23.018799],[120.276226,23.01869],[120.27622,23.018688]]]}},{"type":"Feature","properties":{"id":"f8af6059463e","name":"臺南市私立亞洲高級餐旅職業學校","level":"高中職","basis":"name","data_ym":"202009"},"geometry":{"type":"Polygon","coordinates":[[[120.202792,22.974332],[120.202633,22.97434],[120.201675,22.974323],[120.201669,22.974393],[120.201571,22.974385],[120.201558,22.974504],[120.201533,22.974629],[120.201513,22.974687],[120.201506,22.974896],[120.202568,22.97491],[120.202568,22.974919],[120.202662,22.974928],[120.202663,22.974924],[120.202997,22.974979],[120.203042,22.974901],[120.203124,22.974855],[120.202841,22.974319],[120.202792,22.974332]]]}},{"type":"Feature","properties":{"id":"e60a37c43a77","name":"臺南市私立光華女子高級中學1","level":"高中職","basis":"name","data_ym":"201706"},"geometry":{"type":"Polygon","coordinates":[[[120.216269,22.989127],[120.216244,22.988854],[120.216202,22.988859],[120.216123,22.988849],[120.216076,22.988853],[120.215934,22.988888],[120.215948,22.98894],[120.215882,22.988983],[120.215884,22.989139],[120.216269,22.989127]]]}},{"type":"Feature","properties":{"id":"5507f618eecf","name":"臺南市私立六信高級中學","level":"高中職","basis":"both","data_ym":"202009"},"geometry":{"type":"Polygon","coordinates":[[[120.202792,22.974332],[120.202757,22.97427],[120.202752,22.974146],[120.202508,22.97368],[120.202447,22.973708],[120.202134,22.9737],[120.202134,22.973666],[120.201967,22.973649],[120.201967,22.973643],[120.201846,22.973631],[120.201759,22.973617],[120.20176,22.973581],[120.201695,22.973601],[120.201676,22.973795],[120.201696,22.973794],[120.201694,22.974027],[120.201698,22.974027],[120.201697,22.974088],[120.201683,22.974323],[120.202633,22.97434],[120.202792,22.974332]]]}},{"type":"Feature","properties":{"id":"1dfee7e282c9","name":"臺南市私立南英高級商工職業學校","level":"高中職","basis":"name","data_ym":"201808"},"geometry":{"type":"Polygon","coordinates":[[[120.200044,22.985166],[120.200031,22.985153],[120.197967,22.985167],[120.197966,22.985257],[120.197971,22.985347],[120.197964,22.986262],[120.20007,22.98624],[120.200088,22.986228],[120.200086,22.986169],[120.200092,22.986169],[120.200088,22.986093],[120.200082,22.986079],[120.200044,22.985166]]]}},{"type":"Feature","properties":{"id":"eff59fadf094","name":"臺南市私立黎明高級中學","level":"高中職","basis":"both","data_ym":"202501"},"geometry":{"type":"Polygon","coordinates":[[[120.248374,23.173332],[120.248384,23.173214],[120.248422,23.173218],[120.249366,23.173423],[120.24952,23.173447],[120.249464,23.173223],[120.249473,23.17321],[120.249063,23.173001],[120.248658,23.172785],[120.248102,23.172508],[120.247852,23.172371],[120.247856,23.172356],[120.247498,23.172336],[120.246215,23.172286],[120.246263,23.172821],[120.2463,23.17302],[120.246395,23.173398],[120.246653,23.174333],[120.248269,23.174373],[120.248284,23.174023],[120.248374,23.173332]]]}},{"type":"Feature","properties":{"id":"73d7daf94157","name":"臺南市私立德光高級中學","level":"高中職","basis":"both","data_ym":"201208"},"geometry":{"type":"Polygon","coordinates":[[[120.221699,22.979797],[120.222015,22.979578],[120.222022,22.97954],[120.222021,22.979521],[120.221951,22.979436],[120.221803,22.979143],[120.221719,22.979004],[120.221318,22.978492],[120.221257,22.978475],[120.22111,22.978588],[120.219853,22.979456],[120.219846,22.9795],[120.220265,22.98001],[120.220283,22.980021],[120.22031,22.980019],[120.220744,22.979718],[120.22084,22.979728],[120.221167,22.980131],[120.221216,22.98014],[120.221699,22.979797]]]}},{"type":"Feature","properties":{"id":"2ce7d1bce8f7","name":"臺南市私立新榮高級中學","level":"高中職","basis":"name","data_ym":"201702"},"geometry":{"type":"Polygon","coordinates":[[[120.315828,23.270174],[120.315966,23.270172],[120.316391,23.269929],[120.316454,23.269887],[120.316728,23.269586],[120.316804,23.269466],[120.316878,23.269398],[120.317024,23.269296],[120.317246,23.269185],[120.317431,23.269099],[120.317407,23.268255],[120.317402,23.268234],[120.317392,23.268221],[120.317382,23.268218],[120.315549,23.268243],[120.314993,23.26826],[120.315004,23.268425],[120.315014,23.268924],[120.315486,23.268922],[120.315473,23.269251],[120.315448,23.269444],[120.315449,23.269592],[120.315475,23.269592],[120.315475,23.269793],[120.315652,23.26985],[120.315823,23.270051],[120.315828,23.270174]]]}},{"type":"Feature","properties":{"id":"db074da86b0f","name":"臺南市私立昭明國民中學","level":"國中","basis":"both","data_ym":"202009"},"geometry":{"type":"Polygon","coordinates":[[[120.144248,23.14304],[120.144346,23.1413],[120.144077,23.141309],[120.142721,23.141321],[120.141513,23.141346],[120.141492,23.141846],[120.141566,23.141847],[120.141549,23.142131],[120.141523,23.142131],[120.141514,23.14227],[120.141239,23.142259],[120.141813,23.142723],[120.142285,23.142747],[120.142705,23.142761],[120.142715,23.142767],[120.142726,23.142788],[120.14271,23.142971],[120.144248,23.14304]]]}},{"type":"Feature","properties":{"id":"3cf1136ba41e","name":"臺南市私立港明高級中學","level":"高中職","basis":"both","data_ym":"201705"},"geometry":{"type":"Polygon","coordinates":[[[120.197098,23.120046],[120.197116,23.119904],[120.197109,23.119905],[120.197108,23.119769],[120.197115,23.119769],[120.197114,23.119724],[120.197129,23.119724],[120.197126,23.119564],[120.197129,23.119484],[120.197085,23.119477],[120.197111,23.119309],[120.197082,23.119305],[120.197106,23.119139],[120.197043,23.119131],[120.197061,23.118978],[120.19687,23.11895],[120.196912,23.118652],[120.196669,23.118626],[120.196678,23.118517],[120.196728,23.118304],[120.196474,23.118228],[120.196519,23.118019],[120.195024,23.1179],[120.194985,23.118305],[120.19481,23.118291],[120.194912,23.118956],[120.195933,23.119459],[120.197098,23.120046]]]}},{"type":"Feature","properties":{"id":"2ecf0b5e3ecc","name":"臺南市私立瀛海高級中學","level":"高中職","basis":"name","data_ym":"201705"},"geometry":{"type":"Polygon","coordinates":[[[120.212233,23.035912],[120.212408,23.035577],[120.212608,23.035616],[120.212723,23.035633],[120.212768,23.035646],[120.212781,23.035623],[120.212947,23.035168],[120.212632,23.035117],[120.212315,23.034781],[120.212225,23.034754],[120.212231,23.034864],[120.211585,23.034671],[120.211377,23.034919],[120.211325,23.034975],[120.211363,23.034988],[120.211361,23.035015],[120.211348,23.035064],[120.211311,23.035107],[120.211259,23.035128],[120.211191,23.035142],[120.210139,23.036311],[120.210141,23.036316],[120.210161,23.03634],[120.210266,23.036364],[120.210695,23.036436],[120.211568,23.036374],[120.211604,23.036368],[120.211627,23.036358],[120.211639,23.036348],[120.211664,23.036279],[120.211691,23.036255],[120.212108,23.036192],[120.212145,23.03609],[120.212156,23.036076],[120.21218,23.035988],[120.212202,23.035987],[120.212233,23.035912]]]}},{"type":"Feature","properties":{"id":"c9d1cde49181","name":"臺南市私立陽明高級工商職業學校","level":"高中職","basis":"name","data_ym":"202501"},"geometry":{"type":"Polygon","coordinates":[[[120.328269,23.19311],[120.328357,23.192684],[120.3286,23.191911],[120.328872,23.191874],[120.328855,23.191741],[120.329484,23.19184],[120.329496,23.192283],[120.329544,23.19243],[120.329573,23.192434],[120.329569,23.19271],[120.329976,23.192779],[120.330173,23.192424],[120.33025,23.192291],[120.330296,23.192189],[120.33032,23.192098],[120.330363,23.191894],[120.330386,23.191837],[120.330418,23.191798],[120.330495,23.191726],[120.330506,23.19169],[120.330501,23.191648],[120.330479,23.19161],[120.33035,23.19149],[120.330195,23.191381],[120.330043,23.191297],[120.329994,23.191277],[120.329866,23.191234],[120.329827,23.191214],[120.329795,23.191181],[120.329767,23.191134],[120.329686,23.190907],[120.329488,23.190951],[120.32933,23.19092],[120.32909,23.190925],[120.328985,23.190783],[120.3285,23.190618],[120.328516,23.190579],[120.328168,23.190475],[120.32813,23.190478],[120.328074,23.190497],[120.328022,23.190534],[120.327997,23.190571],[120.327966,23.190639],[120.327963,23.190691],[120.32797,23.190748],[120.327999,23.190795],[120.32803,23.190872],[120.328041,23.190943],[120.328021,23.191062],[120.327989,23.191162],[120.32796,23.191202],[120.327887,23.191251],[120.327691,23.191343],[120.32741,23.191543],[120.327311,23.191672],[120.327288,23.19173],[120.327227,23.191917],[120.327103,23.192371],[120.327048,23.192499],[120.327039,23.19253],[120.326887,23.192521],[120.326809,23.192508],[120.326696,23.192462],[120.326646,23.192412],[120.326562,23.192455],[120.32659,23.192486],[120.326633,23.192547],[120.326776,23.192693],[120.326937,23.19276],[120.326935,23.192824],[120.327156,23.192874],[120.327218,23.192801],[120.327323,23.192821],[120.327351,23.192915],[120.328269,23.19311]]]}},{"type":"Feature","properties":{"id":"138aa5091215","name":"臺南市立下營國民中學","level":"國中","basis":"both","data_ym":"201208"},"geometry":{"type":"Polygon","coordinates":[[[120.272054,23.239758],[120.272281,23.238939],[120.272304,23.23891],[120.272322,23.238902],[120.272346,23.2389],[120.272864,23.238958],[120.272049,23.237087],[120.27139,23.237031],[120.271327,23.237946],[120.270759,23.238987],[120.270759,23.238994],[120.270789,23.239093],[120.270802,23.239085],[120.272054,23.239758]]]}},{"type":"Feature","properties":{"id":"2818878cd931","name":"臺南市立中山國民中學","level":"國中","basis":"both","data_ym":"201705"},"geometry":{"type":"Polygon","coordinates":[[[120.203213,22.984825],[120.203348,22.984801],[120.203353,22.984831],[120.203965,22.984712],[120.203973,22.984696],[120.203814,22.983313],[120.203802,22.983314],[120.203734,22.982672],[120.203713,22.982644],[120.201892,22.982666],[120.201819,22.982723],[120.201856,22.984821],[120.202077,22.984823],[120.202081,22.985003],[120.202594,22.984994],[120.203214,22.984864],[120.203213,22.984825]]]}},{"type":"Feature","properties":{"id":"bd39ec9a6507","name":"臺南市立九份子國民中小學","level":"國中","basis":"moe","data_ym":"202209"},"geometry":{"type":"Polygon","coordinates":[[[120.18408,23.021591],[120.183994,23.021841],[120.183939,23.021883],[120.183617,23.021797],[120.183449,23.021778],[120.183398,23.021768],[120.183311,23.021726],[120.183143,23.021599],[120.182928,23.02154],[120.182459,23.023007],[120.1828,23.023101],[120.183272,23.023218],[120.183271,23.023223],[120.183336,23.023238],[120.183338,23.023233],[120.183664,23.02331],[120.184304,23.023471],[120.184329,23.023474],[120.184378,23.023441],[120.184447,23.023168],[120.184695,23.022121],[120.184774,23.021772],[120.18475,23.02176],[120.184703,23.021718],[120.184661,23.02171],[120.184624,23.021688],[120.184591,23.021683],[120.184546,23.021689],[120.184522,23.021684],[120.184502,23.021673],[120.184453,23.021636],[120.184405,23.021624],[120.18438,23.021624],[120.184357,23.02163],[120.184326,23.021626],[120.184295,23.021615],[120.184261,23.021583],[120.184242,23.021576],[120.184166,23.021581],[120.184123,23.021569],[120.184111,23.021569],[120.184089,23.02158],[120.18408,23.021591]]]}},{"type":"Feature","properties":{"id":"a2c3035960f9","name":"臺南市立仁德文賢國民中學","level":"國中","basis":"both","data_ym":"201808"},"geometry":{"type":"Polygon","coordinates":[[[120.234918,22.922796],[120.235043,22.92267],[120.234827,22.922459],[120.234655,22.922338],[120.234435,22.922208],[120.234411,22.922167],[120.234416,22.922111],[120.234545,22.92198],[120.235187,22.921404],[120.235033,22.921249],[120.235077,22.921204],[120.234928,22.921078],[120.234582,22.92087],[120.234419,22.920799],[120.234276,22.920683],[120.234046,22.920624],[120.233687,22.920542],[120.233443,22.920577],[120.233436,22.920795],[120.233294,22.921945],[120.233228,22.922442],[120.23386,22.92254],[120.233985,22.922589],[120.234132,22.922776],[120.234343,22.922623],[120.234501,22.922648],[120.23462,22.922695],[120.234773,22.922659],[120.234918,22.922796]]]}},{"type":"Feature","properties":{"id":"05553e16b386","name":"臺南市立佳興國民中學","level":"國中","basis":"both","data_ym":"201705"},"geometry":{"type":"Polygon","coordinates":[[[120.196719,23.182972],[120.19672,23.182166],[120.196126,23.182147],[120.196125,23.182084],[120.195674,23.182063],[120.195674,23.182038],[120.195589,23.182034],[120.19554,23.182204],[120.195459,23.182196],[120.195409,23.182736],[120.195386,23.182896],[120.195318,23.183465],[120.195671,23.183469],[120.196725,23.183454],[120.196719,23.182972]]]}},{"type":"Feature","properties":{"id":"31fa6f27f85a","name":"臺南市立佳里國中後港校區","level":"大專","basis":"branch","data_ym":"202208"},"geometry":{"type":"Polygon","coordinates":[[[120.134937,23.188705],[120.135002,23.188364],[120.134927,23.188348],[120.134922,23.188328],[120.135035,23.187722],[120.135041,23.187661],[120.134003,23.187766],[120.134004,23.187777],[120.133964,23.188006],[120.133909,23.18827],[120.133872,23.188478],[120.133864,23.188489],[120.133847,23.188493],[120.133802,23.188489],[120.133471,23.188385],[120.133306,23.188322],[120.133115,23.188258],[120.133132,23.188944],[120.133703,23.189105],[120.13367,23.189162],[120.135176,23.189421],[120.135369,23.188804],[120.134937,23.188705]]]}},{"type":"Feature","properties":{"id":"b270f15a537d","name":"臺南市立北門國民中學","level":"國中","basis":"both","data_ym":"202209"},"geometry":{"type":"Polygon","coordinates":[[[120.128633,23.253868],[120.128794,23.253829],[120.128819,23.253835],[120.129104,23.252937],[120.129068,23.252924],[120.12911,23.252795],[120.129145,23.252803],[120.129212,23.252592],[120.128699,23.252488],[120.126248,23.251971],[120.126399,23.252774],[120.126516,23.253422],[120.126592,23.253727],[120.126613,23.253749],[120.126633,23.253758],[120.126685,23.253763],[120.126795,23.253759],[120.127022,23.25374],[120.127411,23.253648],[120.12768,23.253592],[120.127815,23.253583],[120.127852,23.253585],[120.127894,23.253593],[120.127941,23.253613],[120.127972,23.253635],[120.127995,23.253661],[120.128022,23.253729],[120.128092,23.253952],[120.12811,23.253983],[120.128128,23.253992],[120.12815,23.253997],[120.12818,23.253992],[120.128633,23.253868]]]}},{"type":"Feature","properties":{"id":"66a9c3efe83c","name":"臺南市立南化國民中學","level":"國中","basis":"both","data_ym":"201705"},"geometry":{"type":"Polygon","coordinates":[[[120.480451,23.045735],[120.481257,23.045431],[120.481502,23.045504],[120.481598,23.045586],[120.481901,23.045379],[120.481086,23.044314],[120.480958,23.044215],[120.48078,23.044154],[120.480635,23.044115],[120.480302,23.044064],[120.480055,23.044119],[120.479755,23.044256],[120.479803,23.044323],[120.479273,23.044622],[120.479677,23.045252],[120.479831,23.045174],[120.479793,23.045125],[120.47983,23.045101],[120.479908,23.0452],[120.4799,23.045204],[120.48009,23.045508],[120.480016,23.04555],[120.480451,23.045735]]]}},{"type":"Feature","properties":{"id":"68f5177835ba","name":"臺南市立南寧高級中學","level":"高中職","basis":"both","data_ym":"202009"},"geometry":{"type":"Polygon","coordinates":[[[120.187717,22.936259],[120.18776,22.936087],[120.187778,22.935974],[120.18779,22.935931],[120.187107,22.935594],[120.186697,22.935405],[120.1867,22.935398],[120.186586,22.935344],[120.186582,22.93535],[120.185921,22.935033],[120.185928,22.935022],[120.185827,22.934975],[120.185822,22.934985],[120.18562,22.934884],[120.185377,22.935345],[120.185071,22.935822],[120.184809,22.936275],[120.185235,22.936483],[120.187088,22.937364],[120.187717,22.936259]]]}},{"type":"Feature","properties":{"id":"4a1a7b1768fc","name":"臺南市立善化國民中學","level":"國中","basis":"both","data_ym":"201705"},"geometry":{"type":"Polygon","coordinates":[[[120.288003,23.147113],[120.288009,23.146775],[120.287952,23.146776],[120.287905,23.146591],[120.287591,23.14657],[120.286198,23.146456],[120.286191,23.146475],[120.286166,23.146697],[120.286125,23.147227],[120.286072,23.147767],[120.286076,23.147776],[120.287066,23.147902],[120.287268,23.147932],[120.287904,23.14801],[120.287913,23.147998],[120.287967,23.147696],[120.287986,23.147559],[120.288003,23.147113]]]}},{"type":"Feature","properties":{"id":"17a2fc9c0cb9","name":"臺南市立土城高級中學","level":"高中職","basis":"both","data_ym":"201208"},"geometry":{"type":"Polygon","coordinates":[[[120.15078,23.055715],[120.15075,23.05569],[120.150716,23.05569],[120.149894,23.056046],[120.148785,23.056536],[120.148316,23.056751],[120.148838,23.057633],[120.149168,23.058167],[120.149155,23.058173],[120.149157,23.058178],[120.152039,23.056982],[120.15078,23.055715]]]}},{"type":"Feature","properties":{"id":"0cf00065b12a","name":"臺南市立大成國民中學","level":"國中","basis":"both","data_ym":"201808"},"geometry":{"type":"Polygon","coordinates":[[[120.197871,22.977817],[120.197871,22.977801],[120.197832,22.977802],[120.19781,22.979517],[120.20033,22.979482],[120.200325,22.978364],[120.200316,22.977916],[120.200216,22.977913],[120.200186,22.977888],[120.199845,22.977871],[120.199828,22.977861],[120.197871,22.977817]]]}},{"type":"Feature","properties":{"id":"14c53c582480","name":"臺南市立大灣高級中學","level":"高中職","basis":"both","data_ym":"201705"},"geometry":{"type":"Polygon","coordinates":[[[120.274243,23.006582],[120.274187,23.005708],[120.272802,23.005726],[120.272756,23.005772],[120.272558,23.005776],[120.272524,23.005738],[120.271583,23.005734],[120.271818,23.007555],[120.274114,23.007527],[120.274292,23.007515],[120.274274,23.007251],[120.274243,23.006582]]]}},{"type":"Feature","properties":{"id":"a9e491f27fb9","name":"臺南市立學甲國民中學","level":"國中","basis":"both","data_ym":"201702"},"geometry":{"type":"Polygon","coordinates":[[[120.184737,23.238951],[120.185151,23.238334],[120.185375,23.238459],[120.18577,23.237852],[120.185105,23.236468],[120.18341,23.236743],[120.183391,23.236764],[120.183374,23.23679],[120.183359,23.23683],[120.183452,23.237256],[120.183653,23.238102],[120.183676,23.238178],[120.183732,23.23826],[120.184085,23.238576],[120.184776,23.239234],[120.184804,23.239234],[120.18488,23.239215],[120.18497,23.239077],[120.184737,23.238951]]]}},{"type":"Feature","properties":{"id":"9b5a11681915","name":"臺南市立安南國民中學","level":"國中","basis":"both","data_ym":"202009"},"geometry":{"type":"Polygon","coordinates":[[[120.178357,23.05013],[120.179278,23.050058],[120.179354,23.050041],[120.179533,23.049935],[120.179743,23.049883],[120.179767,23.049848],[120.179594,23.048977],[120.178705,23.048388],[120.177643,23.04862],[120.177536,23.050203],[120.177568,23.050235],[120.177951,23.050265],[120.178357,23.05013]]]}},{"type":"Feature","properties":{"id":"f4cdddd33512","name":"臺南市立安定國民中學","level":"國中","basis":"both","data_ym":"201705"},"geometry":{"type":"Polygon","coordinates":[[[120.234188,23.115584],[120.23449,23.115326],[120.234907,23.114983],[120.234574,23.114643],[120.234053,23.115073],[120.233995,23.115125],[120.233823,23.114963],[120.234418,23.114483],[120.234119,23.114175],[120.233506,23.113558],[120.232842,23.114121],[120.232463,23.114429],[120.232057,23.114784],[120.232391,23.115132],[120.232952,23.115704],[120.233231,23.11547],[120.233669,23.115932],[120.233393,23.116145],[120.233769,23.116522],[120.233868,23.116611],[120.233871,23.116609],[120.233985,23.116201],[120.234153,23.115664],[120.23417,23.115614],[120.234188,23.115584]]]}},{"type":"Feature","properties":{"id":"117dce05ad17","name":"臺南市立安平國民中學","level":"國中","basis":"both","data_ym":"201208"},"geometry":{"type":"Polygon","coordinates":[[[120.16933,22.995547],[120.169295,22.995517],[120.168196,22.995632],[120.167703,22.99568],[120.167654,22.997665],[120.167922,22.997671],[120.168259,22.997667],[120.168828,22.997645],[120.169531,22.99757],[120.16933,22.995547]]]}},{"type":"Feature","properties":{"id":"2eaacedcf9d7","name":"臺南市立將軍國民中學","level":"國中","basis":"both","data_ym":"202009"},"geometry":{"type":"Polygon","coordinates":[[[120.150459,23.207668],[120.150982,23.206885],[120.151436,23.206227],[120.150786,23.206095],[120.150059,23.205934],[120.149906,23.205907],[120.149518,23.205853],[120.148834,23.205764],[120.148624,23.206778],[120.148507,23.207387],[120.149,23.207452],[120.149053,23.207456],[120.149119,23.207451],[120.149332,23.207419],[120.149403,23.207416],[120.149428,23.207423],[120.149437,23.207431],[120.149444,23.207446],[120.149444,23.207458],[120.149456,23.207476],[120.149452,23.207478],[120.150459,23.207668]]]}},{"type":"Feature","properties":{"id":"31945c335b8e","name":"臺南市立將軍幼兒園","level":"其他","basis":"none","data_ym":"201408"},"geometry":{"type":"Polygon","coordinates":[[[120.118407,23.220814],[120.118392,23.220153],[120.118387,23.220089],[120.118109,23.220075],[120.118123,23.219932],[120.118137,23.219911],[120.118164,23.219605],[120.118028,23.219588],[120.117919,23.219601],[120.117561,23.219602],[120.117627,23.220223],[120.11785,23.220217],[120.117871,23.2208],[120.118407,23.220814]]]}},{"type":"Feature","properties":{"id":"a6ef521215a8","name":"臺南市立山上國民中學","level":"國中","basis":"both","data_ym":"202009"},"geometry":{"type":"Polygon","coordinates":[[[120.358149,23.104796],[120.358461,23.104273],[120.35879,23.104317],[120.358811,23.104211],[120.358818,23.104212],[120.358976,23.103402],[120.358969,23.103361],[120.358949,23.103352],[120.358722,23.103333],[120.358357,23.103279],[120.358059,23.103225],[120.357545,23.10312],[120.357293,23.103093],[120.357275,23.103097],[120.357165,23.103244],[120.357031,23.103448],[120.357023,23.103465],[120.356958,23.103883],[120.356937,23.103971],[120.35688,23.104099],[120.356999,23.104158],[120.356947,23.104255],[120.356898,23.104228],[120.356811,23.104544],[120.357841,23.104723],[120.358149,23.104796]]]}},{"type":"Feature","properties":{"id":"4b0dbd42da21","name":"臺南市立復興國民中學","level":"國中","basis":"both","data_ym":"201705"},"geometry":{"type":"Polygon","coordinates":[[[120.239224,22.980099],[120.239239,22.981369],[120.239291,22.981723],[120.239372,22.982345],[120.239445,22.982627],[120.239924,22.982527],[120.241283,22.982542],[120.241281,22.981824],[120.241227,22.981171],[120.241027,22.980254],[120.241035,22.979911],[120.241032,22.979809],[120.241015,22.979809],[120.241011,22.979714],[120.240875,22.979717],[120.240538,22.979707],[120.240261,22.979793],[120.240038,22.979831],[120.239871,22.979864],[120.239618,22.979929],[120.239224,22.980099]]]}},{"type":"Feature","properties":{"id":"34eaf822ca3c","name":"臺南市立文賢國民中學","level":"國中","basis":"both","data_ym":"201208"},"geometry":{"type":"Polygon","coordinates":[[[120.196251,23.006389],[120.197841,23.006382],[120.197797,23.004676],[120.197049,23.004689],[120.196991,23.004686],[120.196182,23.004702],[120.196167,23.00472],[120.19619,23.005742],[120.196186,23.005742],[120.196216,23.006356],[120.196251,23.006389]]]}},{"type":"Feature","properties":{"id":"c9cd867ba741","name":"臺南市立楠西國民中學","level":"國中","basis":"both","data_ym":"201702"},"geometry":{"type":"Polygon","coordinates":[[[120.485211,23.181857],[120.485055,23.181735],[120.485018,23.181776],[120.484637,23.181836],[120.484274,23.181873],[120.483585,23.181917],[120.483391,23.181941],[120.483211,23.181957],[120.483228,23.182125],[120.483288,23.18237],[120.483432,23.18269],[120.483539,23.182989],[120.483562,23.183078],[120.483642,23.183097],[120.483622,23.183229],[120.483631,23.18329],[120.483583,23.183423],[120.483615,23.183476],[120.483651,23.183583],[120.483769,23.183721],[120.48401,23.183801],[120.484791,23.183334],[120.485267,23.183292],[120.48527,23.183261],[120.485239,23.182379],[120.485824,23.182353],[120.485465,23.182085],[120.485181,23.181889],[120.485211,23.181857]]]}},{"type":"Feature","properties":{"id":"982c578e466d","name":"臺南市立歸仁國民中學","level":"國中","basis":"both","data_ym":"202209"},"geometry":{"type":"Polygon","coordinates":[[[120.293952,22.973062],[120.293936,22.972719],[120.293622,22.972746],[120.293596,22.972445],[120.293584,22.972138],[120.293609,22.971204],[120.293633,22.971204],[120.293634,22.971131],[120.29386,22.971131],[120.293863,22.970966],[120.295126,22.970981],[120.294902,22.969935],[120.293501,22.969809],[120.293498,22.969867],[120.293463,22.969866],[120.293455,22.970104],[120.293279,22.970105],[120.29328,22.970092],[120.293111,22.970092],[120.293111,22.9701],[120.292621,22.970107],[120.292669,22.970774],[120.292705,22.971149],[120.292757,22.971885],[120.2928,22.971883],[120.292901,22.973215],[120.292912,22.973225],[120.292942,22.973225],[120.293952,22.973062]]]}},{"type":"Feature","properties":{"id":"678072b0ac7e","name":"臺南市立民德國民中學","level":"國中","basis":"both","data_ym":"201808"},"geometry":{"type":"Polygon","coordinates":[[[120.205667,23.005897],[120.205391,23.005372],[120.205371,23.005386],[120.205343,23.005356],[120.205321,23.005356],[120.205313,23.005363],[120.205233,23.005286],[120.205251,23.005267],[120.205265,23.005228],[120.205146,23.00513],[120.20509,23.005091],[120.205088,23.005092],[120.204762,23.004835],[120.204598,23.004711],[120.204592,23.00471],[120.204573,23.004692],[120.204413,23.004487],[120.204334,23.004431],[120.204201,23.004306],[120.204069,23.004377],[120.203654,23.00483],[120.203292,23.005215],[120.203221,23.005279],[120.203247,23.005307],[120.202953,23.005519],[120.2041,23.006554],[120.204277,23.006722],[120.204742,23.00644],[120.205629,23.005948],[120.205667,23.005897]]]}},{"type":"Feature","properties":{"id":"88fb9d87c862","name":"臺南市立永仁高級中學","level":"高中職","basis":"both","data_ym":"201705"},"geometry":{"type":"Polygon","coordinates":[[[120.2417,23.002967],[120.241655,23.002374],[120.242385,23.00222],[120.242437,23.00218],[120.242518,23.00219],[120.242552,23.002182],[120.242758,23.0022],[120.242997,23.002315],[120.243062,23.002327],[120.243109,23.002297],[120.243216,23.002242],[120.244055,23.001907],[120.244005,23.001782],[120.243803,23.001628],[120.243632,23.001597],[120.243468,23.001278],[120.243352,23.001183],[120.243164,23.001042],[120.242998,23.000925],[120.242814,23.000778],[120.242734,23.000707],[120.24267,23.000732],[120.242594,23.000557],[120.242582,23.000561],[120.242351,23.000575],[120.242291,23.000556],[120.242231,23.000611],[120.242223,23.000647],[120.241927,23.000917],[120.241681,23.001014],[120.241684,23.001021],[120.241522,23.001088],[120.241555,23.001164],[120.241496,23.001186],[120.241226,23.00126],[120.241153,23.001234],[120.241138,23.001494],[120.241017,23.001582],[120.24096,23.001581],[120.240958,23.001975],[120.240935,23.002097],[120.240914,23.002791],[120.240768,23.002777],[120.240341,23.002753],[120.24034,23.002821],[120.240328,23.002839],[120.240146,23.002956],[120.240146,23.002947],[120.240059,23.002945],[120.240046,23.003789],[120.241761,23.003862],[120.241779,23.00385],[120.2417,23.002967]]]}},{"type":"Feature","properties":{"id":"d2dc29b2fd59","name":"臺南市立海佃國民中學","level":"國中","basis":"both","data_ym":"201808"},"geometry":{"type":"Polygon","coordinates":[[[120.198977,23.028842],[120.199296,23.027541],[120.199358,23.027329],[120.199155,23.02729],[120.199104,23.02755],[120.198882,23.02753],[120.198422,23.027518],[120.19823,23.027501],[120.197966,23.027487],[120.197926,23.027513],[120.197599,23.028929],[120.197625,23.028945],[120.198977,23.028842]]]}},{"type":"Feature","properties":{"id":"20f72d04a469","name":"臺南市立竹橋國民中學","level":"國中","basis":"both","data_ym":"201208"},"geometry":{"type":"Polygon","coordinates":[[[120.141776,23.101744],[120.141614,23.101689],[120.141608,23.101707],[120.141466,23.103433],[120.142276,23.103455],[120.142253,23.103853],[120.142448,23.103878],[120.142579,23.102038],[120.141776,23.101744]]]}},{"type":"Feature","properties":{"id":"37b1603c6e06","name":"臺南市立關廟國民中學","level":"國中","basis":"both","data_ym":"202209"},"geometry":{"type":"Polygon","coordinates":[[[120.324342,22.96235],[120.324254,22.96186],[120.324278,22.961646],[120.324283,22.961548],[120.324307,22.961482],[120.32432,22.961481],[120.324314,22.961193],[120.324652,22.961168],[120.324673,22.961194],[120.324898,22.961168],[120.3249,22.961145],[120.324836,22.960583],[120.324825,22.960561],[120.324813,22.96056],[120.324639,22.960585],[120.324624,22.960638],[120.323373,22.960858],[120.323343,22.960837],[120.32211,22.961059],[120.322132,22.961574],[120.322185,22.961717],[120.322169,22.962079],[120.322075,22.962625],[120.32219,22.962703],[120.322782,22.963008],[120.322904,22.962866],[120.322952,22.962784],[120.323141,22.962217],[120.3232,22.96215],[120.323404,22.962285],[120.323471,22.962391],[120.323485,22.962429],[120.323631,22.962487],[120.323722,22.962361],[120.323831,22.962407],[120.324342,22.96235]]]}},{"type":"Feature","properties":{"id":"e9f25860f7b6","name":"臺南市立鹽行國民中學","level":"國中","basis":"both","data_ym":"202106"},"geometry":{"type":"Polygon","coordinates":[[[120.245495,23.046392],[120.245473,23.046395],[120.245453,23.046406],[120.24544,23.046422],[120.245434,23.046442],[120.245366,23.048152],[120.245368,23.048172],[120.245377,23.048193],[120.245393,23.04821],[120.245411,23.048221],[120.247182,23.048934],[120.247244,23.047642],[120.247285,23.046457],[120.245495,23.046392]]]}},{"type":"Feature","properties":{"id":"ebdec2e2481f","name":"臺南市立龍崎國民中學","level":"國中","basis":"both","data_ym":"201705"},"geometry":{"type":"Polygon","coordinates":[[[120.36112,22.968639],[120.361069,22.968492],[120.360976,22.968389],[120.360917,22.968338],[120.360892,22.968327],[120.360835,22.968339],[120.360812,22.968333],[120.360585,22.968415],[120.360495,22.96843],[120.360103,22.968579],[120.360031,22.9686],[120.359961,22.968611],[120.359883,22.968609],[120.359797,22.968615],[120.359661,22.968635],[120.359082,22.968804],[120.35916,22.96921],[120.359184,22.969361],[120.359466,22.970064],[120.361038,22.969589],[120.361209,22.969485],[120.361181,22.969397],[120.361119,22.969254],[120.361109,22.969218],[120.361095,22.969124],[120.361093,22.969071],[120.361099,22.968969],[120.361119,22.968827],[120.36112,22.968639]]]}},{"type":"Feature","properties":{"id":"2d1ac4b5bfda","name":"臺南市西港區成功國民小學","level":"國小","basis":"both","data_ym":"201705"},"geometry":{"type":"Polygon","coordinates":[[[120.180064,23.122169],[120.181198,23.122166],[120.181477,23.122071],[120.18149,23.1209],[120.181279,23.120907],[120.180113,23.12097],[120.180096,23.120986],[120.180073,23.121727],[120.180064,23.122169]]]}},{"type":"Feature","properties":{"id":"3ab1734e1f69","name":"臺南市西港區西港國民小學","level":"國小","basis":"both","data_ym":"201208"},"geometry":{"type":"Polygon","coordinates":[[[120.199411,23.122228],[120.198898,23.122206],[120.198818,23.122206],[120.198806,23.122446],[120.19879,23.122623],[120.198752,23.123417],[120.200317,23.123479],[120.20036,23.122584],[120.200354,23.122582],[120.200355,23.122544],[120.200209,23.122539],[120.200219,23.122278],[120.199411,23.122228]]]}},{"type":"Feature","properties":{"id":"fd202d3db68f","name":"臺南市關廟區五甲國民小學","level":"國小","basis":"both","data_ym":"201808"},"geometry":{"type":"Polygon","coordinates":[[[120.334991,22.958233],[120.334995,22.958148],[120.334855,22.958159],[120.334396,22.958077],[120.333957,22.958025],[120.33377,22.958746],[120.333739,22.958893],[120.333768,22.958941],[120.335441,22.959383],[120.33547,22.959308],[120.335509,22.958642],[120.335489,22.958633],[120.335501,22.958553],[120.335281,22.958543],[120.335208,22.958242],[120.334991,22.958233]]]}},{"type":"Feature","properties":{"id":"e2db283eb5d4","name":"臺南市關廟區保東國民小學","level":"國小","basis":"both","data_ym":"201705"},"geometry":{"type":"Polygon","coordinates":[[[120.30906,22.993943],[120.308759,22.993928],[120.308723,22.994147],[120.308708,22.994278],[120.308671,22.994465],[120.308643,22.994676],[120.309124,22.994716],[120.309963,22.994734],[120.310046,22.994747],[120.310137,22.994774],[120.310271,22.994836],[120.310272,22.994543],[120.310262,22.994436],[120.310245,22.994276],[120.310183,22.993956],[120.30906,22.993943]]]}},{"type":"Feature","properties":{"id":"6aae529dd7f6","name":"臺南市關廟區崇和國民小學","level":"國小","basis":"both","data_ym":"202009"},"geometry":{"type":"Polygon","coordinates":[[[120.352241,22.905167],[120.352287,22.905029],[120.352432,22.905066],[120.352435,22.905053],[120.352476,22.905063],[120.352748,22.904097],[120.35178,22.903863],[120.351652,22.904305],[120.351538,22.904762],[120.351481,22.904971],[120.351482,22.905011],[120.351494,22.905028],[120.351526,22.90504],[120.352076,22.905124],[120.352241,22.905167]]]}},{"type":"Feature","properties":{"id":"127e5fc73c01","name":"臺南市關廟區新光國民小學","level":"國小","basis":"both","data_ym":"201705"},"geometry":{"type":"Polygon","coordinates":[[[120.353221,22.971347],[120.353217,22.970892],[120.353066,22.970899],[120.352752,22.971178],[120.352775,22.971694],[120.352787,22.971845],[120.3528,22.971865],[120.352832,22.971973],[120.352871,22.972065],[120.352912,22.972122],[120.352981,22.972188],[120.353064,22.972232],[120.353184,22.972274],[120.353282,22.972291],[120.353359,22.972292],[120.353538,22.972264],[120.353573,22.972103],[120.353585,22.972026],[120.35367,22.971648],[120.353695,22.971455],[120.353316,22.971409],[120.353319,22.971354],[120.353221,22.971347]]]}},{"type":"Feature","properties":{"id":"796a1f2c6d92","name":"臺南市關廟區深坑國民小學","level":"國小","basis":"both","data_ym":"201208"},"geometry":{"type":"Polygon","coordinates":[[[120.33369,22.940321],[120.333771,22.939948],[120.333812,22.939786],[120.333634,22.939733],[120.333574,22.939695],[120.333077,22.939505],[120.333065,22.939523],[120.333035,22.939524],[120.333,22.939543],[120.33299,22.939535],[120.332722,22.939866],[120.332762,22.939903],[120.332589,22.940107],[120.332555,22.940132],[120.332726,22.94019],[120.333002,22.94027],[120.333056,22.940265],[120.333175,22.940188],[120.33324,22.940167],[120.333272,22.940161],[120.333304,22.940162],[120.333371,22.940178],[120.333448,22.940204],[120.333684,22.940324],[120.33369,22.940321]]]}},{"type":"Feature","properties":{"id":"1c710011a1c6","name":"臺南市關廟區關廟國民小學","level":"國小","basis":"both","data_ym":"201208"},"geometry":{"type":"Polygon","coordinates":[[[120.326095,22.963236],[120.326058,22.963234],[120.325682,22.963262],[120.325575,22.963286],[120.325067,22.963479],[120.324854,22.963572],[120.324697,22.963632],[120.324597,22.963658],[120.324579,22.96367],[120.324576,22.963684],[120.324642,22.964166],[120.324724,22.964702],[120.324733,22.964723],[120.324806,22.964784],[120.324821,22.964789],[120.325079,22.964756],[120.325349,22.964743],[120.32551,22.96469],[120.325771,22.964643],[120.325936,22.964603],[120.325977,22.964595],[120.326042,22.964594],[120.326208,22.964541],[120.326199,22.964106],[120.326149,22.963286],[120.326095,22.963236]]]}},{"type":"Feature","properties":{"id":"78c4f60704cf","name":"臺南市鹽水區坔頭港國民小學","level":"國小","basis":"both","data_ym":"202204"},"geometry":{"type":"Polygon","coordinates":[[[120.249478,23.254954],[120.250431,23.254854],[120.250405,23.254715],[120.250327,23.25471],[120.250273,23.254286],[120.249646,23.254317],[120.249436,23.254848],[120.249403,23.254919],[120.249385,23.254949],[120.249478,23.254945],[120.249478,23.254954]]]}},{"type":"Feature","properties":{"id":"3ea357562977","name":"臺南市鹽水區竹埔國民小學","level":"國小","basis":"both","data_ym":"201408"},"geometry":{"type":"Polygon","coordinates":[[[120.246643,23.26734],[120.246418,23.266978],[120.246248,23.266691],[120.246119,23.266451],[120.24605,23.2663],[120.245743,23.266315],[120.245121,23.266358],[120.245334,23.267008],[120.24567,23.267008],[120.245713,23.267004],[120.24579,23.267299],[120.245805,23.267337],[120.245812,23.267344],[120.245881,23.267368],[120.245971,23.267383],[120.246159,23.267373],[120.246628,23.267359],[120.246643,23.26734]]]}},{"type":"Feature","properties":{"id":"10a336de8e02","name":"臺南市麻豆區培文國民小學","level":"國小","basis":"both","data_ym":"201208"},"geometry":{"type":"Polygon","coordinates":[[[120.244418,23.177334],[120.242824,23.177262],[120.242787,23.177318],[120.242746,23.178559],[120.244202,23.178844],[120.244268,23.17882],[120.244418,23.177334]]]}},{"type":"Feature","properties":{"id":"02f845641114","name":"臺南市麻豆區大山國民小學","level":"國小","basis":"both","data_ym":"201208"},"geometry":{"type":"Polygon","coordinates":[[[120.221757,23.191083],[120.22063,23.191028],[120.220617,23.191043],[120.220474,23.191035],[120.220459,23.191019],[120.220258,23.19101],[120.220205,23.19105],[120.220186,23.191094],[120.220179,23.191158],[120.22008,23.192455],[120.221736,23.192536],[120.221749,23.191693],[120.221764,23.19113],[120.221757,23.191083]]]}},{"type":"Feature","properties":{"id":"94b3b0aa3b52","name":"臺南市麻豆區文正國民小學","level":"國小","basis":"both","data_ym":"201806"},"geometry":{"type":"Polygon","coordinates":[[[120.266015,23.186437],[120.265625,23.186398],[120.265588,23.186544],[120.265517,23.18655],[120.265317,23.187725],[120.265463,23.187791],[120.265951,23.187991],[120.265968,23.187998],[120.26605,23.188011],[120.266108,23.188052],[120.266796,23.188336],[120.266822,23.188174],[120.266838,23.187982],[120.266844,23.187839],[120.266844,23.187474],[120.266803,23.187163],[120.26683,23.186526],[120.266206,23.186502],[120.266015,23.186437]]]}},{"type":"Feature","properties":{"id":"1034d1b8496e","name":"臺南市麻豆區港尾國民小學","level":"國小","basis":"both","data_ym":"202009"},"geometry":{"type":"Polygon","coordinates":[[[120.207462,23.20581],[120.207517,23.205767],[120.208015,23.204682],[120.207981,23.204687],[120.207978,23.204695],[120.207191,23.204726],[120.206499,23.204744],[120.206448,23.204752],[120.206428,23.204778],[120.206414,23.204914],[120.20637,23.20567],[120.206448,23.205799],[120.207462,23.20581]]]}},{"type":"Feature","properties":{"id":"3d4039dce4e9","name":"臺南市麻豆區麻豆國民小學","level":"國小","basis":"both","data_ym":"202209"},"geometry":{"type":"Polygon","coordinates":[[[120.254093,23.185275],[120.254066,23.185247],[120.252561,23.185252],[120.25254,23.185281],[120.253352,23.186803],[120.253521,23.187154],[120.254176,23.187338],[120.254175,23.187342],[120.254381,23.187403],[120.25436,23.187465],[120.254408,23.187479],[120.254574,23.187353],[120.254925,23.18711],[120.254991,23.18706],[120.25486,23.186941],[120.254695,23.1868],[120.254958,23.186546],[120.254958,23.186535],[120.254728,23.186382],[120.254547,23.186229],[120.25438,23.18603],[120.254212,23.185822],[120.254148,23.185725],[120.254134,23.185688],[120.254114,23.185686],[120.254055,23.185654],[120.25396,23.185568],[120.25404,23.185438],[120.254101,23.185438],[120.254093,23.185275]]]}},{"type":"Feature","properties":{"id":"e17cb16d9304","name":"長榮大學","level":"大專","basis":"both","data_ym":"202209"},"geometry":{"type":"Polygon","coordinates":[[[120.274373,22.906886],[120.274943,22.90646],[120.275069,22.906589],[120.275321,22.906196],[120.275519,22.905672],[120.275558,22.905438],[120.276439,22.905525],[120.276443,22.905475],[120.27636,22.905415],[120.275984,22.905012],[120.275832,22.904837],[120.275719,22.904715],[120.275692,22.904637],[120.275711,22.904513],[120.27549,22.904189],[120.275447,22.904099],[120.275461,22.903775],[120.275335,22.902755],[120.275292,22.902681],[120.275203,22.902604],[120.275083,22.902566],[120.275022,22.902535],[120.274954,22.902495],[120.274881,22.902442],[120.274788,22.902356],[120.274741,22.90232],[120.274254,22.902074],[120.274013,22.901929],[120.273743,22.901747],[120.273724,22.90174],[120.273635,22.901725],[120.27363,22.901685],[120.273605,22.901629],[120.273372,22.901416],[120.273315,22.901356],[120.273272,22.901285],[120.273205,22.901055],[120.273019,22.90096],[120.272609,22.90087],[120.272398,22.900788],[120.272342,22.900777],[120.272252,22.900772],[120.272169,22.900794],[120.272084,22.900871],[120.272056,22.900958],[120.272048,22.901022],[120.272026,22.901099],[120.271997,22.901173],[120.271967,22.901235],[120.271866,22.901393],[120.271849,22.901435],[120.271852,22.901507],[120.271827,22.901574],[120.271816,22.901616],[120.271789,22.901785],[120.271723,22.902131],[120.271705,22.902266],[120.271657,22.902787],[120.271648,22.903069],[120.271626,22.90321],[120.27162,22.903226],[120.271608,22.90324],[120.271509,22.903288],[120.271554,22.903349],[120.27156,22.903369],[120.27156,22.903391],[120.271529,22.903444],[120.271331,22.903616],[120.271007,22.903881],[120.270761,22.904053],[120.270694,22.904129],[120.270665,22.90419],[120.270624,22.904343],[120.270508,22.904695],[120.270433,22.905101],[120.270414,22.905247],[120.270409,22.905329],[120.270411,22.905438],[120.270396,22.905841],[120.270402,22.905951],[120.270429,22.906008],[120.270489,22.906058],[120.270598,22.9061],[120.270842,22.906164],[120.270858,22.906163],[120.270899,22.90615],[120.271036,22.906045],[120.271051,22.906039],[120.271179,22.906048],[120.271431,22.906123],[120.271776,22.906162],[120.271893,22.90619],[120.27192,22.906202],[120.271943,22.906219],[120.272009,22.906283],[120.272065,22.906477],[120.272077,22.906642],[120.272088,22.906654],[120.272101,22.906658],[120.272116,22.90666],[120.272193,22.906642],[120.272401,22.90658],[120.272544,22.906549],[120.272577,22.90655],[120.27266,22.906574],[120.272755,22.906626],[120.272775,22.90663],[120.273161,22.906637],[120.273458,22.906675],[120.273812,22.906707],[120.274063,22.906751],[120.274237,22.906822],[120.274373,22.906886]]]}},{"type":"Feature","properties":{"id":"ee8397f466f1","name":"國立成功大學東寧校區","level":"大專","basis":"branch","data_ym":"202408"},"geometry":{"type":"Polygon","coordinates":[[[120.223248,22.993311],[120.223363,22.993292],[120.223493,22.993324],[120.223534,22.993375],[120.223538,22.993475],[120.223526,22.993528],[120.22367,22.993518],[120.223751,22.993504],[120.223759,22.9935],[120.223602,22.991584],[120.223598,22.991548],[120.223585,22.99153],[120.22355,22.991511],[120.223087,22.991648],[120.222882,22.991716],[120.222774,22.991743],[120.222758,22.991742],[120.222524,22.99182],[120.222521,22.991839],[120.222524,22.991866],[120.222588,22.992154],[120.222619,22.99231],[120.222627,22.992401],[120.222625,22.992442],[120.222589,22.992545],[120.22246,22.992854],[120.222453,22.992878],[120.222327,22.993665],[120.222357,22.99369],[120.222377,22.993698],[120.222534,22.993676],[120.222735,22.993633],[120.222941,22.993576],[120.222933,22.993524],[120.222973,22.993507],[120.223053,22.993485],[120.223124,22.993435],[120.223248,22.993311]]]}}]}