{"type":"FeatureCollection","county":"臺東縣","features":[{"type":"Feature","properties":{"id":"32d84e6d0af9","name":"臺東縣卑南鄉富山實驗國民小學","level":"國小","basis":"name","data_ym":"202508"},"geometry":{"type":"Polygon","coordinates":[[[121.190647,22.821115],[121.190489,22.820467],[121.189656,22.820656],[121.189219,22.820744],[121.189303,22.821103],[121.189292,22.821105],[121.189426,22.821742],[121.189479,22.821735],[121.189814,22.821651],[121.190279,22.821528],[121.190737,22.821425],[121.190704,22.821301],[121.190647,22.821115]]]}},{"type":"Feature","properties":{"id":"6ebd268e4c19","name":"國立臺東專科學校","level":"大專","basis":"both","data_ym":"202508"},"geometry":{"type":"Polygon","coordinates":[[[121.122483,22.758789],[121.122574,22.758749],[121.12258,22.758765],[121.122614,22.758768],[121.122636,22.758763],[121.122651,22.758756],[121.122677,22.758731],[121.122667,22.758713],[121.122736,22.758691],[121.122778,22.758691],[121.122836,22.758703],[121.12322,22.758522],[121.123162,22.758385],[121.123179,22.758378],[121.122992,22.757951],[121.122979,22.757956],[121.122453,22.756724],[121.122428,22.756672],[121.122349,22.756471],[121.122354,22.75647],[121.122335,22.756418],[121.122328,22.756421],[121.122182,22.756089],[121.121754,22.756225],[121.121654,22.756254],[121.121581,22.756263],[121.121452,22.75627],[121.121115,22.75626],[121.12106,22.756262],[121.120967,22.756272],[121.120906,22.756294],[121.120822,22.756343],[121.120761,22.756386],[121.12027,22.757078],[121.120176,22.757202],[121.120127,22.757252],[121.120047,22.757301],[121.119653,22.757476],[121.119864,22.757851],[121.120102,22.758238],[121.120233,22.758174],[121.120295,22.758313],[121.12077,22.759665],[121.121507,22.759338],[121.122415,22.758885],[121.122444,22.758831],[121.122483,22.758789]]]}},{"type":"Feature","properties":{"id":"c8a5523dde70","name":"臺東縣達仁鄉土坂vusam文化實驗國民小學","level":"國小","basis":"name","data_ym":"202508"},"geometry":{"type":"Polygon","coordinates":[[[120.888539,22.454217],[120.888266,22.453439],[120.888071,22.453157],[120.887976,22.453077],[120.887843,22.452971],[120.887781,22.452928],[120.88773,22.452908],[120.8876,22.452899],[120.887553,22.452907],[120.887187,22.453031],[120.886972,22.453089],[120.886745,22.453161],[120.886699,22.453172],[120.886964,22.453372],[120.886959,22.453377],[120.886978,22.453392],[120.886982,22.453386],[120.887091,22.453468],[120.887358,22.453715],[120.887867,22.454155],[120.887985,22.454025],[120.888178,22.454227],[120.88841,22.454504],[120.888495,22.454416],[120.888591,22.454398],[120.888539,22.454217]]]}},{"type":"Feature","properties":{"id":"8c939db4d951","name":"臺東縣大武鄉大鳥國民小學愛國埔分校","level":"大專","basis":"branch","data_ym":"202508"},"geometry":{"type":"Polygon","coordinates":[[[120.922848,22.457866],[120.922722,22.457415],[120.922708,22.457378],[120.92269,22.457295],[120.922669,22.457228],[120.922568,22.457252],[120.922378,22.457273],[120.922352,22.457519],[120.922351,22.457571],[120.922102,22.457559],[120.922115,22.457654],[120.922111,22.457807],[120.922116,22.457829],[120.922127,22.457846],[120.922158,22.457874],[120.922215,22.457904],[120.922254,22.45791],[120.922661,22.457915],[120.922773,22.457895],[120.922848,22.457866]]]}},{"type":"Feature","properties":{"id":"93be72fd2017","name":"國立臺東大學","level":"大專","basis":"both","data_ym":"202508"},"geometry":{"type":"Polygon","coordinates":[[[121.065627,22.742168],[121.065819,22.741968],[121.067613,22.739993],[121.068428,22.739108],[121.069039,22.738435],[121.069823,22.737581],[121.07041,22.736922],[121.070562,22.736762],[121.070846,22.736434],[121.071284,22.735952],[121.071084,22.735811],[121.070558,22.735402],[121.069526,22.734613],[121.069099,22.734292],[121.06944,22.733882],[121.069553,22.733738],[121.069501,22.733698],[121.069523,22.733673],[121.068424,22.732806],[121.067548,22.732134],[121.066895,22.731606],[121.066543,22.731354],[121.066443,22.731292],[121.066381,22.731273],[121.066332,22.731265],[121.066286,22.731266],[121.06623,22.731279],[121.066179,22.731307],[121.066112,22.731387],[121.06571,22.73193],[121.065535,22.732154],[121.065424,22.732316],[121.065315,22.732502],[121.065183,22.732761],[121.064887,22.733513],[121.064817,22.733739],[121.064781,22.733944],[121.064749,22.734334],[121.064719,22.734525],[121.064672,22.734706],[121.064584,22.735004],[121.064589,22.735016],[121.064705,22.735083],[121.064716,22.735033],[121.064902,22.735135],[121.065026,22.735189],[121.065015,22.735394],[121.064892,22.735747],[121.064871,22.735874],[121.064859,22.736049],[121.064832,22.736211],[121.064791,22.736332],[121.064702,22.736484],[121.064584,22.736663],[121.064568,22.736703],[121.064502,22.737163],[121.064458,22.737412],[121.06431,22.737905],[121.064268,22.738087],[121.064263,22.738157],[121.064276,22.738233],[121.064321,22.738354],[121.064379,22.738441],[121.064453,22.738519],[121.064623,22.738646],[121.064717,22.738707],[121.06516,22.738912],[121.065192,22.738918],[121.065366,22.738987],[121.065284,22.739087],[121.065165,22.739195],[121.06477,22.739448],[121.06426,22.740016],[121.064206,22.74009],[121.064163,22.740183],[121.064148,22.740233],[121.064131,22.740366],[121.064132,22.74044],[121.064149,22.740535],[121.064167,22.740593],[121.064217,22.740707],[121.064445,22.741],[121.064485,22.741086],[121.064505,22.741162],[121.064564,22.741653],[121.064578,22.741701],[121.064613,22.741755],[121.06465,22.741787],[121.064766,22.741853],[121.065124,22.741992],[121.065171,22.741994],[121.065184,22.741986],[121.065345,22.742058],[121.065358,22.742085],[121.065375,22.742103],[121.065444,22.742146],[121.065627,22.742168]]]}},{"type":"Feature","properties":{"id":"edfae494310a","name":"臺東縣立賓茂國民中學1","level":"國中","basis":"both","data_ym":"202505"},"geometry":{"type":"Polygon","coordinates":[[[120.967747,22.534027],[120.967417,22.532889],[120.967306,22.532911],[120.967008,22.532984],[120.966891,22.533009],[120.966884,22.533029],[120.966884,22.533046],[120.966956,22.533328],[120.967177,22.53416],[120.967747,22.534027]]]}},{"type":"Feature","properties":{"id":"d5631958dd23","name":"臺東縣綠島鄉綠島國民小學","level":"國小","basis":"both","data_ym":"202412"},"geometry":{"type":"Polygon","coordinates":[[[121.469944,22.674116],[121.470096,22.674037],[121.470121,22.674061],[121.470357,22.673928],[121.470647,22.673745],[121.47006,22.673333],[121.46991,22.673213],[121.469847,22.673169],[121.469641,22.673321],[121.469608,22.673282],[121.469626,22.673269],[121.46955,22.673176],[121.469345,22.673323],[121.469224,22.673176],[121.469143,22.673232],[121.469146,22.673245],[121.469418,22.673605],[121.469489,22.673715],[121.469722,22.67404],[121.469812,22.674151],[121.469944,22.674116]]]}},{"type":"Feature","properties":{"id":"1e5159aab0da","name":"臺東縣海端鄉初來國民小學新武分校","level":"大專","basis":"branch","data_ym":"202412"},"geometry":{"type":"Polygon","coordinates":[[[121.125383,23.132286],[121.125215,23.132213],[121.124926,23.132643],[121.124929,23.132651],[121.12517,23.132798],[121.125398,23.132946],[121.125446,23.132965],[121.125693,23.132978],[121.125693,23.132931],[121.125649,23.132853],[121.125648,23.132815],[121.125674,23.132668],[121.125698,23.132493],[121.125715,23.132484],[121.125711,23.132465],[121.125551,23.132368],[121.125383,23.132286]]]}},{"type":"Feature","properties":{"id":"38d7762dd2ca","name":"臺東縣海端鄉霧鹿國民小學利稻分校","level":"大專","basis":"branch","data_ym":"202412"},"geometry":{"type":"Polygon","coordinates":[[[121.025719,23.186163],[121.02565,23.185988],[121.025147,23.186171],[121.024769,23.186279],[121.024796,23.186432],[121.024672,23.186456],[121.024668,23.186512],[121.024784,23.187225],[121.025082,23.187185],[121.025058,23.187003],[121.025804,23.186895],[121.025763,23.186347],[121.025696,23.186176],[121.025719,23.186163]]]}},{"type":"Feature","properties":{"id":"bc2567851c46","name":"國立臺東大學臺東校區1","level":"其他","basis":"none","data_ym":"202412"},"geometry":{"type":"Polygon","coordinates":[[[121.146972,22.750894],[121.146409,22.750326],[121.146423,22.750379],[121.146431,22.750449],[121.146433,22.750784],[121.146442,22.751105],[121.146428,22.751211],[121.146329,22.751447],[121.146176,22.751709],[121.146036,22.751918],[121.146004,22.751955],[121.146002,22.751981],[121.146007,22.751987],[121.146766,22.751353],[121.14662,22.751201],[121.146972,22.750894]]]}},{"type":"Feature","properties":{"id":"063d8f41d05e","name":"臺東縣臺東市復興國民小學","level":"國小","basis":"name","data_ym":"202410"},"geometry":{"type":"Polygon","coordinates":[[[121.151894,22.747731],[121.151993,22.74759],[121.152105,22.747398],[121.152109,22.7474],[121.152197,22.747254],[121.152304,22.747321],[121.152616,22.74672],[121.151781,22.74584],[121.151688,22.745888],[121.151608,22.745901],[121.151558,22.745929],[121.151375,22.746051],[121.151321,22.746131],[121.151233,22.746247],[121.151118,22.746436],[121.151055,22.746558],[121.150903,22.746951],[121.151625,22.7477],[121.151748,22.747591],[121.151788,22.747632],[121.151782,22.747636],[121.151844,22.747695],[121.151853,22.747688],[121.151894,22.747731]]]}},{"type":"Feature","properties":{"id":"c2cd1acec15b","name":"國立臺東高級中學","level":"高中職","basis":"both","data_ym":"202410"},"geometry":{"type":"Polygon","coordinates":[[[121.146712,22.748226],[121.147073,22.747923],[121.147078,22.747929],[121.147951,22.747186],[121.14774,22.746978],[121.148197,22.7466],[121.147261,22.745714],[121.147225,22.745746],[121.14722,22.745744],[121.147216,22.745748],[121.147167,22.745729],[121.14717,22.745725],[121.147117,22.745705],[121.147069,22.745679],[121.147043,22.745653],[121.146768,22.745437],[121.146773,22.745432],[121.146648,22.745317],[121.146415,22.745132],[121.146445,22.745078],[121.146027,22.744919],[121.145991,22.744923],[121.145265,22.74626],[121.14485,22.747035],[121.144648,22.747394],[121.144641,22.747423],[121.144649,22.74745],[121.144673,22.747469],[121.145771,22.748004],[121.14623,22.74822],[121.146712,22.748226]]]}},{"type":"Feature","properties":{"id":"e3ee2a3e8875","name":"臺東縣立都蘭國民中學","level":"國中","basis":"both","data_ym":"202410"},"geometry":{"type":"Polygon","coordinates":[[[121.224084,22.875748],[121.224286,22.875559],[121.2244,22.875587],[121.22486,22.875294],[121.224634,22.875069],[121.224554,22.875009],[121.224573,22.874975],[121.224643,22.874896],[121.224638,22.874891],[121.224669,22.874859],[121.224673,22.874863],[121.224742,22.874798],[121.224985,22.874547],[121.224993,22.874526],[121.224993,22.874503],[121.224989,22.87447],[121.224574,22.873988],[121.22454,22.873931],[121.224835,22.873714],[121.224585,22.873422],[121.224501,22.873409],[121.224421,22.873479],[121.224259,22.873669],[121.224143,22.873835],[121.223838,22.874157],[121.223718,22.874265],[121.223445,22.874491],[121.223419,22.874535],[121.223387,22.874632],[121.223335,22.874725],[121.223656,22.874984],[121.223493,22.87516],[121.223662,22.875346],[121.223941,22.875603],[121.224084,22.875748]]]}},{"type":"Feature","properties":{"id":"5fa0ef31ae29","name":"臺東縣東河鄉都蘭國民小學","level":"國小","basis":"both","data_ym":"202410"},"geometry":{"type":"Polygon","coordinates":[[[121.227942,22.878216],[121.227966,22.877965],[121.227809,22.877629],[121.22767,22.877468],[121.227497,22.877258],[121.227297,22.876973],[121.227256,22.876992],[121.227077,22.877051],[121.226843,22.8771],[121.226645,22.877111],[121.226457,22.877114],[121.226381,22.877112],[121.226253,22.877095],[121.226244,22.877134],[121.226291,22.877144],[121.226503,22.877441],[121.226404,22.877516],[121.226127,22.877784],[121.226619,22.878265],[121.226865,22.878097],[121.227037,22.878295],[121.227262,22.878535],[121.227331,22.878623],[121.227375,22.878656],[121.227617,22.878787],[121.227639,22.878785],[121.227669,22.878776],[121.227859,22.878508],[121.227917,22.878346],[121.227942,22.878216]]]}},{"type":"Feature","properties":{"id":"8b5d095b1d8b","name":"臺東縣臺東市光明國民小學","level":"國小","basis":"name","data_ym":"202410"},"geometry":{"type":"Polygon","coordinates":[[[121.129856,22.768923],[121.129442,22.76841],[121.12883,22.768802],[121.12915,22.769278],[121.129142,22.769283],[121.12921,22.769387],[121.129223,22.769392],[121.12961,22.769154],[121.129835,22.76898],[121.129866,22.768929],[121.129856,22.768923]]]}},{"type":"Feature","properties":{"id":"e58eea640d44","name":"臺東縣臺東市仁愛國民小學","level":"國小","basis":"name","data_ym":"202410"},"geometry":{"type":"Polygon","coordinates":[[[121.158696,22.756092],[121.158655,22.756091],[121.158563,22.756163],[121.157479,22.757039],[121.158846,22.758465],[121.159737,22.757735],[121.159756,22.757715],[121.159758,22.75769],[121.159816,22.757647],[121.159812,22.757643],[121.159953,22.757535],[121.159989,22.757529],[121.159995,22.75744],[121.158696,22.756092]]]}},{"type":"Feature","properties":{"id":"f3a80b248cda","name":"臺東縣私立公東高級工業職業學校","level":"高中職","basis":"name","data_ym":"202410"},"geometry":{"type":"Polygon","coordinates":[[[121.134647,22.768962],[121.134697,22.768825],[121.134711,22.768829],[121.134724,22.768789],[121.134733,22.768685],[121.134782,22.768591],[121.134819,22.768546],[121.135217,22.768837],[121.135365,22.768831],[121.135682,22.768499],[121.135905,22.768275],[121.135824,22.768202],[121.135702,22.768139],[121.135594,22.768071],[121.135549,22.768052],[121.135812,22.767724],[121.134937,22.767007],[121.134891,22.767057],[121.13488,22.767079],[121.134805,22.76715],[121.134673,22.767031],[121.134677,22.767027],[121.134645,22.766993],[121.134238,22.766651],[121.134254,22.766628],[121.134241,22.766617],[121.134326,22.766509],[121.134273,22.766474],[121.134106,22.766407],[121.133822,22.767181],[121.134162,22.767442],[121.133785,22.767788],[121.133675,22.767924],[121.13353,22.768089],[121.133514,22.768115],[121.133571,22.768155],[121.133577,22.768149],[121.133615,22.768179],[121.133611,22.768183],[121.133793,22.768312],[121.133806,22.768297],[121.133907,22.768373],[121.133896,22.768385],[121.133943,22.768414],[121.134127,22.768543],[121.134341,22.768724],[121.134538,22.768881],[121.134647,22.768962]]]}},{"type":"Feature","properties":{"id":"b4bebaf1aab8","name":"臺東縣長濱鄉竹湖國民小學","level":"國小","basis":"both","data_ym":"202410"},"geometry":{"type":"Polygon","coordinates":[[[121.42873,23.286499],[121.428661,23.286316],[121.42877,23.286281],[121.428734,23.286173],[121.428855,23.286142],[121.428837,23.286093],[121.428818,23.286099],[121.428816,23.286094],[121.428813,23.286095],[121.428756,23.28595],[121.42876,23.28593],[121.42878,23.285911],[121.428992,23.285795],[121.429198,23.285703],[121.429141,23.285548],[121.428981,23.285078],[121.428915,23.284925],[121.428774,23.284646],[121.428591,23.284788],[121.42847,23.285048],[121.428399,23.285157],[121.428249,23.285296],[121.428296,23.285366],[121.42831,23.285423],[121.428298,23.285453],[121.428156,23.285558],[121.428378,23.28576],[121.428521,23.285903],[121.428464,23.285969],[121.428329,23.286046],[121.428373,23.28612],[121.428466,23.286256],[121.428381,23.286307],[121.428406,23.286345],[121.428497,23.2863],[121.428486,23.286336],[121.428487,23.286348],[121.428496,23.286366],[121.428468,23.286375],[121.428453,23.286354],[121.4284,23.286378],[121.428443,23.28646],[121.428448,23.286458],[121.428461,23.28648],[121.428517,23.286455],[121.428559,23.286555],[121.42873,23.286499]]]}},{"type":"Feature","properties":{"id":"f48f65ccf3b8","name":"臺東縣成功鎮忠孝國民小學","level":"國小","basis":"both","data_ym":"202410"},"geometry":{"type":"Polygon","coordinates":[[[121.400212,23.156937],[121.400068,23.156542],[121.399363,23.156719],[121.399519,23.157213],[121.399522,23.157412],[121.399123,23.157574],[121.399037,23.157649],[121.39901,23.157692],[121.398987,23.157777],[121.398885,23.157829],[121.398842,23.157882],[121.398824,23.157934],[121.398806,23.157952],[121.398765,23.157965],[121.398665,23.157971],[121.398765,23.158209],[121.398778,23.158218],[121.398793,23.15822],[121.399055,23.158172],[121.399241,23.158131],[121.399719,23.158054],[121.400287,23.157937],[121.400232,23.157673],[121.400416,23.157627],[121.400212,23.156937]]]}},{"type":"Feature","properties":{"id":"9ebc57bf7023","name":"臺東縣成功鎮三仙國民小學","level":"國小","basis":"both","data_ym":"202410"},"geometry":{"type":"Polygon","coordinates":[[[121.393935,23.119744],[121.393607,23.119591],[121.392929,23.120196],[121.393377,23.120749],[121.39352,23.120919],[121.393604,23.121009],[121.393639,23.121016],[121.393657,23.121012],[121.393922,23.120773],[121.393991,23.120724],[121.394105,23.120658],[121.394443,23.120444],[121.393832,23.119889],[121.393935,23.119744]]]}},{"type":"Feature","properties":{"id":"ed82ff6c46e9","name":"臺東縣立泰源國民中學","level":"國中","basis":"both","data_ym":"202410"},"geometry":{"type":"Polygon","coordinates":[[[121.290236,23.002197],[121.29026,23.002186],[121.290279,23.002225],[121.290367,23.002168],[121.290626,23.002047],[121.290632,23.002018],[121.290565,23.001785],[121.290509,23.001714],[121.290496,23.001686],[121.290492,23.00166],[121.290516,23.001556],[121.290496,23.001557],[121.290499,23.001414],[121.290498,23.001388],[121.29049,23.001357],[121.29036,23.001161],[121.290293,23.001082],[121.290239,23.001047],[121.290216,23.001039],[121.290177,23.001031],[121.289901,23.000999],[121.289751,23.000988],[121.289688,23.000989],[121.289649,23.000996],[121.289587,23.001014],[121.289541,23.001036],[121.289487,23.001071],[121.289395,23.001164],[121.289355,23.001214],[121.289275,23.001292],[121.289228,23.001343],[121.289211,23.001377],[121.289205,23.001408],[121.289211,23.001434],[121.289221,23.001454],[121.289366,23.001617],[121.289497,23.001793],[121.289686,23.002119],[121.28984,23.002417],[121.29025,23.00223],[121.290236,23.002197]]]}},{"type":"Feature","properties":{"id":"2e487a768b12","name":"臺東縣海端鄉崁頂國民小學","level":"國小","basis":"both","data_ym":"202410"},"geometry":{"type":"Polygon","coordinates":[[[121.147041,23.043926],[121.146488,23.04378],[121.146373,23.043785],[121.14631,23.044948],[121.146147,23.04495],[121.146122,23.045171],[121.14615,23.045173],[121.146189,23.045423],[121.146774,23.045451],[121.146771,23.045079],[121.147145,23.045071],[121.147143,23.044042],[121.147139,23.043938],[121.147041,23.043926]]]}},{"type":"Feature","properties":{"id":"d3d97a85ef9c","name":"臺東縣東河鄉興隆國民小學","level":"國小","basis":"both","data_ym":"202411"},"geometry":{"type":"Polygon","coordinates":[[[121.248777,22.895013],[121.248635,22.894767],[121.248403,22.894947],[121.248382,22.894953],[121.248357,22.894953],[121.248303,22.894898],[121.248237,22.894796],[121.248147,22.894695],[121.248089,22.894734],[121.247769,22.894858],[121.248109,22.895713],[121.248229,22.896004],[121.248238,22.896015],[121.248284,22.896026],[121.249119,22.895619],[121.249134,22.895607],[121.249137,22.895595],[121.249119,22.895538],[121.24899,22.895329],[121.248777,22.895013]]]}},{"type":"Feature","properties":{"id":"0d4165717303","name":"臺東縣私立均一高級中學","level":"高中職","basis":"both","data_ym":"202411"},"geometry":{"type":"Polygon","coordinates":[[[121.125127,22.771994],[121.125297,22.771878],[121.125372,22.771868],[121.125425,22.771792],[121.125566,22.771698],[121.126585,22.770959],[121.126973,22.770878],[121.126973,22.770875],[121.127298,22.770805],[121.127959,22.770335],[121.127286,22.769393],[121.126942,22.769551],[121.126249,22.769955],[121.12617,22.769987],[121.126288,22.770126],[121.126167,22.770197],[121.12621,22.77026],[121.126099,22.770321],[121.126042,22.770359],[121.125959,22.770544],[121.125614,22.770844],[121.125384,22.770986],[121.125214,22.770896],[121.125134,22.770914],[121.125007,22.77096],[121.124948,22.770964],[121.12487,22.770977],[121.124826,22.770998],[121.124749,22.771048],[121.124728,22.771074],[121.124708,22.771112],[121.124695,22.77118],[121.124758,22.771188],[121.12462,22.771984],[121.12455,22.771976],[121.124516,22.772131],[121.124793,22.772035],[121.125127,22.771994]]]}},{"type":"Feature","properties":{"id":"c5f95c9e12e1","name":"臺東縣長濱鄉寧埔國民小學","level":"國小","basis":"both","data_ym":"202411"},"geometry":{"type":"Polygon","coordinates":[[[121.414999,23.244915],[121.414707,23.244112],[121.414688,23.24408],[121.414676,23.244071],[121.414644,23.244062],[121.414554,23.244064],[121.414205,23.244122],[121.41415,23.243969],[121.414106,23.243941],[121.414072,23.243924],[121.413669,23.243778],[121.413514,23.243715],[121.413392,23.243653],[121.41323,23.243921],[121.413265,23.243935],[121.413298,23.243958],[121.413573,23.244206],[121.413647,23.244254],[121.413672,23.24428],[121.413725,23.244365],[121.413762,23.244405],[121.413818,23.244452],[121.413893,23.244495],[121.413989,23.244537],[121.41405,23.244583],[121.414392,23.24492],[121.414443,23.244953],[121.414522,23.244979],[121.414999,23.244915]]]}},{"type":"Feature","properties":{"id":"c31605fc1969","name":"臺東縣成功鎮信義國民小學","level":"國小","basis":"both","data_ym":"202412"},"geometry":{"type":"Polygon","coordinates":[[[121.331145,23.026413],[121.33061,23.02561],[121.330145,23.025919],[121.32994,23.026066],[121.32979,23.02616],[121.329423,23.026358],[121.329417,23.026364],[121.329534,23.026951],[121.329613,23.027263],[121.329628,23.027349],[121.329679,23.027567],[121.329694,23.027612],[121.329705,23.027626],[121.32974,23.027635],[121.32976,23.027631],[121.33088,23.026953],[121.331327,23.0267],[121.331145,23.026413]]]}},{"type":"Feature","properties":{"id":"86dc87363dec","name":"臺東縣東河鄉泰源國民小學","level":"國小","basis":"both","data_ym":"202012"},"geometry":{"type":"Polygon","coordinates":[[[121.283921,22.999386],[121.284184,22.999243],[121.284605,22.999243],[121.284742,22.999232],[121.284993,22.999063],[121.284944,22.998992],[121.285026,22.998973],[121.28548,22.998676],[121.285413,22.998589],[121.285407,22.998592],[121.285378,22.998553],[121.285365,22.998563],[121.285254,22.99841],[121.285266,22.998403],[121.285204,22.998325],[121.285191,22.998328],[121.28518,22.998323],[121.284998,22.998118],[121.284902,22.997993],[121.284884,22.997979],[121.28486,22.997968],[121.284836,22.997963],[121.284241,22.99835],[121.283842,22.998658],[121.283879,22.998686],[121.283806,22.999041],[121.283824,22.999131],[121.283921,22.999386]]]}},{"type":"Feature","properties":{"id":"bc2ad0d9c9c9","name":"臺東縣東河鄉東河國民小學","level":"國小","basis":"both","data_ym":"201811"},"geometry":{"type":"Polygon","coordinates":[[[121.304901,22.970839],[121.304885,22.970747],[121.304838,22.970635],[121.304797,22.970578],[121.304717,22.970489],[121.304288,22.970761],[121.304111,22.97056],[121.303432,22.971031],[121.303627,22.97126],[121.303822,22.97148],[121.304012,22.971674],[121.304077,22.971753],[121.304316,22.972084],[121.303975,22.97228],[121.304224,22.972613],[121.304937,22.972162],[121.304914,22.971107],[121.304901,22.970839]]]}},{"type":"Feature","properties":{"id":"a1d82495254f","name":"臺東縣臺東市豐源國民小學","level":"國小","basis":"name","data_ym":"201611"},"geometry":{"type":"Polygon","coordinates":[[[121.10893,22.730222],[121.107868,22.729708],[121.107713,22.729958],[121.107689,22.729943],[121.107372,22.730472],[121.108489,22.731033],[121.10893,22.730222]]]}},{"type":"Feature","properties":{"id":"012b6108bbca","name":"臺東縣臺東市豐里國民小學","level":"國小","basis":"name","data_ym":"201702"},"geometry":{"type":"Polygon","coordinates":[[[121.122822,22.737027],[121.121552,22.736404],[121.121421,22.73661],[121.121174,22.736888],[121.120554,22.73762],[121.120527,22.737662],[121.122059,22.738377],[121.122822,22.737027]]]}},{"type":"Feature","properties":{"id":"c5d00943b498","name":"臺東縣立東海國民中學","level":"國中","basis":"both","data_ym":"201704"},"geometry":{"type":"Polygon","coordinates":[[[121.148765,22.746419],[121.148772,22.746407],[121.148804,22.746415],[121.148845,22.746436],[121.14886,22.746439],[121.148874,22.746436],[121.149005,22.746332],[121.149595,22.745835],[121.149596,22.745711],[121.149617,22.745687],[121.149632,22.74566],[121.149659,22.74563],[121.149981,22.745325],[121.150612,22.744753],[121.150643,22.744713],[121.150648,22.744695],[121.150639,22.744674],[121.150291,22.744346],[121.149905,22.743993],[121.149901,22.743976],[121.149184,22.744667],[121.148781,22.744306],[121.147323,22.745636],[121.147393,22.745703],[121.147502,22.745695],[121.147539,22.745775],[121.148289,22.746483],[121.14854,22.746451],[121.148538,22.746434],[121.14875,22.746423],[121.148765,22.746419]]]}},{"type":"Feature","properties":{"id":"5fb9d6413ee9","name":"臺東縣臺東市豐榮國民小學","level":"國小","basis":"name","data_ym":"201611"},"geometry":{"type":"Polygon","coordinates":[[[121.1372,22.747615],[121.137328,22.747401],[121.137422,22.747437],[121.137489,22.747298],[121.137546,22.747276],[121.137866,22.747221],[121.137893,22.747223],[121.137921,22.747176],[121.137269,22.74686],[121.137272,22.746854],[121.137196,22.746814],[121.137182,22.746836],[121.137106,22.746799],[121.137124,22.746763],[121.136484,22.746458],[121.136425,22.746425],[121.13635,22.746605],[121.136224,22.746552],[121.136071,22.746859],[121.135809,22.747332],[121.135667,22.747604],[121.135667,22.747629],[121.135721,22.747711],[121.135952,22.747819],[121.136065,22.747864],[121.13644,22.74804],[121.136417,22.748084],[121.136865,22.748302],[121.137148,22.747791],[121.137136,22.747709],[121.1372,22.747615]]]}},{"type":"Feature","properties":{"id":"86507855eaac","name":"國立臺東大學臺東校區","level":"大專","basis":"branch","data_ym":"202212"},"geometry":{"type":"Polygon","coordinates":[[[121.146214,22.750034],[121.14642,22.749857],[121.147039,22.750512],[121.146902,22.750622],[121.1471,22.750829],[121.14721,22.750734],[121.147295,22.750674],[121.147624,22.750415],[121.147959,22.750183],[121.148057,22.750108],[121.148179,22.75024],[121.148439,22.750499],[121.148578,22.750422],[121.148901,22.750235],[121.14889,22.750166],[121.148464,22.749746],[121.148196,22.749507],[121.147981,22.749334],[121.147748,22.749179],[121.147499,22.749016],[121.147155,22.748845],[121.145735,22.748158],[121.145438,22.748699],[121.145297,22.749149],[121.145266,22.749274],[121.145241,22.749313],[121.145239,22.74933],[121.145457,22.749488],[121.145503,22.749528],[121.145584,22.749638],[121.145648,22.749712],[121.145681,22.749745],[121.145722,22.749776],[121.145785,22.749809],[121.145972,22.749879],[121.146059,22.749921],[121.146128,22.749966],[121.14619,22.750011],[121.146214,22.750034]]]}},{"type":"Feature","properties":{"id":"dee015e12bc2","name":"臺東縣立瑞源國民中學","level":"國中","basis":"both","data_ym":"202211"},"geometry":{"type":"Polygon","coordinates":[[[121.157226,22.974569],[121.157196,22.974065],[121.157189,22.974066],[121.157187,22.973952],[121.157191,22.973335],[121.15713,22.973333],[121.157113,22.973016],[121.155602,22.973031],[121.155621,22.973682],[121.155678,22.974564],[121.155711,22.975001],[121.156196,22.974963],[121.156177,22.97461],[121.157226,22.974569]]]}},{"type":"Feature","properties":{"id":"620f7612ee4d","name":"臺東縣鹿野鄉瑞豐國民小學","level":"國小","basis":"both","data_ym":"201006"},"geometry":{"type":"Polygon","coordinates":[[[121.136947,22.97954],[121.137015,22.979517],[121.137023,22.979539],[121.137299,22.97945],[121.137287,22.97939],[121.137268,22.979342],[121.137349,22.979319],[121.137392,22.979418],[121.137732,22.979312],[121.137706,22.979252],[121.137466,22.978592],[121.137382,22.978343],[121.137364,22.978321],[121.137344,22.97832],[121.136888,22.978494],[121.136002,22.978812],[121.135914,22.978852],[121.135786,22.978974],[121.135782,22.978982],[121.135785,22.979019],[121.13592,22.979239],[121.136232,22.979731],[121.136947,22.97954]]]}},{"type":"Feature","properties":{"id":"a10fdce9768b","name":"臺東縣延平鄉武陵國民小學","level":"國小","basis":"both","data_ym":"202012"},"geometry":{"type":"Polygon","coordinates":[[[121.117045,22.970526],[121.117092,22.970369],[121.11729,22.970367],[121.117291,22.970361],[121.117331,22.970366],[121.117477,22.970364],[121.117501,22.96979],[121.117517,22.969756],[121.117508,22.969687],[121.117513,22.969586],[121.117218,22.969266],[121.117146,22.969177],[121.117068,22.969178],[121.117066,22.969144],[121.117073,22.969132],[121.117045,22.96908],[121.11667,22.969264],[121.1165,22.969405],[121.116492,22.969497],[121.116269,22.969491],[121.116196,22.969552],[121.116015,22.969572],[121.115881,22.969544],[121.115227,22.96972],[121.115333,22.969907],[121.115357,22.969959],[121.115382,22.970027],[121.115389,22.970076],[121.115388,22.970104],[121.115381,22.970129],[121.115333,22.970189],[121.115258,22.970245],[121.115262,22.970327],[121.115959,22.970493],[121.116012,22.970496],[121.116514,22.970459],[121.116706,22.970457],[121.116878,22.970473],[121.11694,22.970487],[121.117045,22.970526]]]}},{"type":"Feature","properties":{"id":"172df65762ee","name":"臺東縣鹿野鄉瑞源國民小學","level":"國小","basis":"both","data_ym":"202211"},"geometry":{"type":"Polygon","coordinates":[[[121.156308,22.95779],[121.155808,22.956815],[121.154597,22.95728],[121.154588,22.957291],[121.154725,22.957607],[121.154784,22.957757],[121.154886,22.957976],[121.154917,22.95803],[121.15498,22.958113],[121.155126,22.958291],[121.156308,22.95779]]]}},{"type":"Feature","properties":{"id":"01ec13a8a2e6","name":"臺東縣鹿野鄉永安國民小學","level":"國小","basis":"both","data_ym":"201006"},"geometry":{"type":"Polygon","coordinates":[[[121.129414,22.93401],[121.129188,22.932811],[121.12725,22.933142],[121.127459,22.934382],[121.127471,22.934396],[121.128283,22.934258],[121.128924,22.93411],[121.129414,22.93401]]]}},{"type":"Feature","properties":{"id":"8dc6a50d1ece","name":"臺東縣鹿野鄉龍田國民小學","level":"國小","basis":"both","data_ym":"201006"},"geometry":{"type":"Polygon","coordinates":[[[121.125267,22.904335],[121.125242,22.903885],[121.124215,22.90392],[121.123405,22.903943],[121.123423,22.904377],[121.123456,22.904902],[121.123481,22.905389],[121.123527,22.905434],[121.12478,22.905409],[121.125243,22.905382],[121.125398,22.905378],[121.12536,22.905015],[121.125398,22.904939],[121.125404,22.904913],[121.125408,22.904797],[121.125403,22.904764],[121.125389,22.904725],[121.125368,22.904706],[121.125329,22.904681],[121.12531,22.904651],[121.125267,22.904335]]]}},{"type":"Feature","properties":{"id":"e8393336265d","name":"臺東縣延平鄉鸞山國民小學","level":"國小","basis":"both","data_ym":"201704"},"geometry":{"type":"Polygon","coordinates":[[[121.150087,22.898748],[121.150393,22.898578],[121.150608,22.89848],[121.150607,22.898477],[121.150544,22.898438],[121.150376,22.898241],[121.150285,22.898112],[121.150183,22.897989],[121.150039,22.897792],[121.149844,22.897507],[121.149727,22.897475],[121.149545,22.897471],[121.149477,22.897478],[121.149404,22.897497],[121.149317,22.897573],[121.149147,22.897395],[121.149015,22.897516],[121.149005,22.897611],[121.149372,22.898054],[121.149324,22.898094],[121.149396,22.898167],[121.149436,22.898134],[121.149525,22.898256],[121.149642,22.898404],[121.149655,22.898411],[121.149698,22.898417],[121.14977,22.898417],[121.149815,22.8984],[121.149867,22.898473],[121.149863,22.898477],[121.149881,22.8985],[121.149889,22.8985],[121.149915,22.898538],[121.149902,22.898546],[121.149932,22.898587],[121.149953,22.898578],[121.150021,22.898679],[121.150037,22.89867],[121.150087,22.898748]]]}},{"type":"Feature","properties":{"id":"94c37febfbbf","name":"臺東縣立鹿野國民中學","level":"國中","basis":"both","data_ym":"201811"},"geometry":{"type":"Polygon","coordinates":[[[121.133702,22.908306],[121.134642,22.908253],[121.134739,22.908258],[121.134775,22.908281],[121.135759,22.90823],[121.135785,22.908225],[121.135791,22.908211],[121.135751,22.906672],[121.135147,22.906694],[121.135112,22.905762],[121.135043,22.905761],[121.135077,22.906693],[121.13505,22.906691],[121.135015,22.906698],[121.13462,22.906851],[121.134579,22.906874],[121.134559,22.906894],[121.134527,22.906912],[121.134488,22.906921],[121.134132,22.906936],[121.134121,22.906746],[121.134117,22.90674],[121.133906,22.906738],[121.133425,22.906756],[121.13353,22.908306],[121.133702,22.908306]]]}},{"type":"Feature","properties":{"id":"f46f91286bac","name":"臺東縣鹿野鄉鹿野國民小學","level":"國小","basis":"both","data_ym":"201006"},"geometry":{"type":"Polygon","coordinates":[[[121.137391,22.906796],[121.136686,22.906706],[121.136609,22.906752],[121.136582,22.90685],[121.136552,22.907043],[121.136402,22.908396],[121.136347,22.908981],[121.13634,22.909125],[121.136286,22.909721],[121.136934,22.909769],[121.137016,22.909723],[121.137135,22.90969],[121.137158,22.909678],[121.13718,22.90963],[121.137203,22.909413],[121.137295,22.908695],[121.137354,22.907747],[121.137391,22.906796]]]}},{"type":"Feature","properties":{"id":"0d874f0b8f67","name":"臺東縣卑南鄉富山國民小學利吉分校","level":"大專","basis":"branch","data_ym":"201611"},"geometry":{"type":"Polygon","coordinates":[[[121.13822,22.837559],[121.138179,22.837534],[121.137585,22.837735],[121.137817,22.838168],[121.137838,22.838195],[121.137975,22.838339],[121.138012,22.838388],[121.138034,22.838426],[121.138053,22.838468],[121.13807,22.838521],[121.13808,22.83858],[121.138097,22.838738],[121.13813,22.838849],[121.138158,22.838918],[121.138183,22.838954],[121.1382,22.838963],[121.138224,22.838967],[121.138243,22.838966],[121.138266,22.838957],[121.139071,22.838547],[121.138868,22.838178],[121.138822,22.838112],[121.138657,22.837951],[121.138424,22.837738],[121.138274,22.837601],[121.13822,22.837559]]]}},{"type":"Feature","properties":{"id":"c39735ee06f2","name":"臺東縣臺東市岩灣國民小學","level":"國小","basis":"name","data_ym":"202211"},"geometry":{"type":"Polygon","coordinates":[[[121.124396,22.806731],[121.124396,22.806718],[121.124426,22.806719],[121.124447,22.80645],[121.125163,22.806494],[121.125181,22.806494],[121.125205,22.806485],[121.12523,22.806452],[121.125349,22.804635],[121.12534,22.804626],[121.125327,22.804625],[121.124452,22.804869],[121.124448,22.804875],[121.124444,22.805544],[121.124434,22.806028],[121.124421,22.806135],[121.124402,22.806205],[121.124336,22.806366],[121.124314,22.806682],[121.124306,22.806681],[121.124304,22.806728],[121.124396,22.806731]]]}},{"type":"Feature","properties":{"id":"7c10f19624ab","name":"臺東縣臺東市卑南國民小學","level":"國小","basis":"name","data_ym":"202211"},"geometry":{"type":"Polygon","coordinates":[[[121.119075,22.782907],[121.119599,22.782532],[121.119602,22.782535],[121.119622,22.782516],[121.119984,22.782257],[121.120013,22.782258],[121.12024,22.782081],[121.119874,22.781773],[121.119626,22.781575],[121.119484,22.781449],[121.119221,22.781263],[121.119151,22.781201],[121.119017,22.781102],[121.118941,22.781078],[121.118521,22.780893],[121.118119,22.781278],[121.118169,22.781314],[121.11809,22.781584],[121.118074,22.781872],[121.118077,22.782132],[121.118151,22.782182],[121.118095,22.78229],[121.118059,22.782305],[121.118172,22.782411],[121.118238,22.782457],[121.118356,22.782504],[121.11858,22.782573],[121.118624,22.782596],[121.118777,22.782694],[121.119075,22.782907]]]}},{"type":"Feature","properties":{"id":"9a4c60512246","name":"臺東縣臺東市南王國民小學","level":"國小","basis":"name","data_ym":"201006"},"geometry":{"type":"Polygon","coordinates":[[[121.114083,22.787776],[121.11403,22.787815],[121.114082,22.787941],[121.114137,22.788143],[121.114149,22.788268],[121.114135,22.788391],[121.114118,22.788462],[121.114082,22.788539],[121.114035,22.788601],[121.113965,22.788661],[121.11381,22.788751],[121.113614,22.788828],[121.11328,22.788891],[121.113807,22.789491],[121.114484,22.789006],[121.114854,22.788698],[121.114856,22.788688],[121.114854,22.788678],[121.114618,22.788394],[121.114083,22.787776]]]}},{"type":"Feature","properties":{"id":"729b92e69a43","name":"臺東縣立卑南國民中學","level":"國中","basis":"both","data_ym":"202211"},"geometry":{"type":"Polygon","coordinates":[[[121.112317,22.788089],[121.112266,22.788087],[121.112179,22.78814],[121.111845,22.788394],[121.111751,22.788457],[121.11096,22.789038],[121.110985,22.78908],[121.110995,22.789112],[121.111023,22.78916],[121.111039,22.78922],[121.111049,22.789231],[121.111163,22.789298],[121.111196,22.789329],[121.111244,22.789394],[121.111319,22.789538],[121.111343,22.789601],[121.111372,22.789656],[121.111411,22.789709],[121.111688,22.790026],[121.111779,22.790137],[121.111801,22.790167],[121.1119,22.790345],[121.112037,22.790515],[121.112185,22.790712],[121.112362,22.790572],[121.113233,22.789925],[121.113609,22.789636],[121.113671,22.789583],[121.113671,22.789576],[121.113517,22.789397],[121.112722,22.788492],[121.112493,22.788209],[121.112408,22.788129],[121.112369,22.788109],[121.112317,22.788089]]]}},{"type":"Feature","properties":{"id":"1703bae90f6d","name":"臺東縣臺東市富岡國民小學","level":"國小","basis":"name","data_ym":"201006"},"geometry":{"type":"Polygon","coordinates":[[[121.195084,22.795846],[121.194549,22.795112],[121.194323,22.794825],[121.194302,22.79482],[121.194269,22.794834],[121.194144,22.794939],[121.194089,22.794891],[121.193804,22.795171],[121.193728,22.795108],[121.193418,22.79545],[121.193353,22.795393],[121.193055,22.795696],[121.194062,22.796725],[121.195084,22.795846]]]}},{"type":"Feature","properties":{"id":"e956fa7290ec","name":"國立臺東專科學校精勤校區1","level":"其他","basis":"none","data_ym":"201704"},"geometry":{"type":"Polygon","coordinates":[[[121.122845,22.754653],[121.122497,22.753923],[121.122179,22.754035],[121.122024,22.753658],[121.121457,22.753823],[121.121442,22.753862],[121.121934,22.75499],[121.122845,22.754653]]]}},{"type":"Feature","properties":{"id":"4cd89fbc6555","name":"國立空中大學臺東學習指導中心","level":"其他","basis":"none","data_ym":"202212"},"geometry":{"type":"Polygon","coordinates":[[[121.122442,22.754952],[121.122013,22.755118],[121.122002,22.755179],[121.122004,22.755194],[121.122132,22.755495],[121.122421,22.75539],[121.122555,22.755229],[121.122554,22.755214],[121.122442,22.754952]]]}},{"type":"Feature","properties":{"id":"e09a65b5a4d2","name":"國立臺東專科學校精勤校區5","level":"其他","basis":"none","data_ym":"202212"},"geometry":{"type":"Polygon","coordinates":[[[121.122442,22.754952],[121.122554,22.755214],[121.122555,22.755229],[121.122421,22.75539],[121.122132,22.755495],[121.12228,22.755846],[121.122588,22.755719],[121.122662,22.755695],[121.122863,22.755641],[121.123016,22.755585],[121.123164,22.755519],[121.123223,22.755483],[121.12335,22.75538],[121.123655,22.755112],[121.12387,22.754963],[121.124167,22.754813],[121.124205,22.754805],[121.124316,22.754799],[121.124234,22.754793],[121.124093,22.75477],[121.124015,22.75475],[121.123761,22.75466],[121.123551,22.754596],[121.123504,22.754588],[121.123448,22.754586],[121.123368,22.754596],[121.123328,22.754609],[121.122442,22.754952]]]}},{"type":"Feature","properties":{"id":"c560407d10a8","name":"臺東縣臺東市康樂國民小學","level":"國小","basis":"name","data_ym":"202211"},"geometry":{"type":"Polygon","coordinates":[[[121.119913,22.754595],[121.119115,22.754309],[121.118878,22.754412],[121.117985,22.754702],[121.118488,22.755977],[121.120223,22.755403],[121.119913,22.754595]]]}},{"type":"Feature","properties":{"id":"7f9fa2e91332","name":"國立臺東專科學校精勤校區","level":"大專","basis":"branch","data_ym":"202012"},"geometry":{"type":"Polygon","coordinates":[[[121.124236,22.758043],[121.124221,22.758013],[121.124419,22.757924],[121.124505,22.757941],[121.125316,22.75759],[121.125195,22.757305],[121.125127,22.75733],[121.125023,22.757086],[121.124949,22.757111],[121.124823,22.756793],[121.124645,22.756385],[121.124655,22.756381],[121.124641,22.756347],[121.124627,22.756352],[121.12462,22.756333],[121.12464,22.756326],[121.124524,22.756038],[121.12449,22.756052],[121.124253,22.755464],[121.124053,22.754913],[121.123979,22.754945],[121.123906,22.754987],[121.123743,22.755093],[121.123261,22.755496],[121.123164,22.755551],[121.123073,22.755596],[121.122896,22.75566],[121.12268,22.755722],[121.122292,22.755875],[121.123286,22.758148],[121.123567,22.75804],[121.123689,22.758307],[121.124144,22.758102],[121.124161,22.758079],[121.124236,22.758043]]]}},{"type":"Feature","properties":{"id":"9f6102be4b17","name":"國立臺東專科學校精勤校區2","level":"其他","basis":"none","data_ym":"202012"},"geometry":{"type":"Polygon","coordinates":[[[121.125367,22.758098],[121.125334,22.758036],[121.12533,22.758038],[121.125281,22.757928],[121.125029,22.758047],[121.12356,22.758716],[121.12355,22.758739],[121.123756,22.759219],[121.124804,22.75885],[121.125563,22.758572],[121.125445,22.758327],[121.125495,22.75831],[121.125403,22.7582],[121.125359,22.758102],[121.125367,22.758098]]]}},{"type":"Feature","properties":{"id":"d9ab5205423d","name":"國立臺東專科學校精勤校區3","level":"其他","basis":"none","data_ym":"201704"},"geometry":{"type":"Polygon","coordinates":[[[121.12414,22.760594],[121.123973,22.760193],[121.122381,22.760809],[121.122526,22.761185],[121.123002,22.760995],[121.123376,22.760857],[121.123475,22.760828],[121.123668,22.760781],[121.123758,22.760748],[121.124013,22.760642],[121.12414,22.760594]]]}},{"type":"Feature","properties":{"id":"5f855890b7d7","name":"國立臺東專科學校精勤校區4","level":"其他","basis":"none","data_ym":"201704"},"geometry":{"type":"Polygon","coordinates":[[[121.126233,22.760121],[121.126124,22.759861],[121.124331,22.760537],[121.124861,22.761754],[121.125576,22.761504],[121.126674,22.761105],[121.126557,22.760831],[121.126233,22.760121]]]}},{"type":"Feature","properties":{"id":"270ab797f82a","name":"臺東縣臺東市豐年國民小學","level":"國小","basis":"name","data_ym":"202211"},"geometry":{"type":"Polygon","coordinates":[[[121.112244,22.772013],[121.112204,22.771554],[121.111836,22.771572],[121.111241,22.771632],[121.110689,22.771656],[121.1105,22.771677],[121.110434,22.771681],[121.110314,22.771709],[121.11028,22.771703],[121.110247,22.771676],[121.110153,22.771645],[121.110034,22.771828],[121.110057,22.771846],[121.110156,22.771907],[121.110218,22.771961],[121.11029,22.772035],[121.110345,22.772099],[121.110436,22.772219],[121.110453,22.772236],[121.110598,22.772328],[121.110834,22.772464],[121.110888,22.772475],[121.110994,22.772467],[121.111802,22.772322],[121.11192,22.772292],[121.112257,22.772227],[121.112266,22.772221],[121.112272,22.772206],[121.112244,22.772013]]]}},{"type":"Feature","properties":{"id":"baee29636c1f","name":"臺東縣臺東市東海國民小學","level":"國小","basis":"name","data_ym":"201006"},"geometry":{"type":"Polygon","coordinates":[[[121.139695,22.751391],[121.139668,22.75139],[121.138817,22.752552],[121.138814,22.752569],[121.138824,22.75258],[121.139227,22.752743],[121.13953,22.752898],[121.140131,22.753192],[121.140175,22.753184],[121.140578,22.752476],[121.140807,22.752029],[121.140805,22.752018],[121.140789,22.752004],[121.139695,22.751391]]]}},{"type":"Feature","properties":{"id":"9cee1c4c6d89","name":"國立臺東大學附設實驗國民小學","level":"國小","basis":"name","data_ym":"202211"},"geometry":{"type":"Polygon","coordinates":[[[121.147488,22.755876],[121.148747,22.754848],[121.148744,22.754837],[121.147951,22.754003],[121.147933,22.753996],[121.14791,22.753993],[121.147891,22.753997],[121.146651,22.75501],[121.147199,22.755584],[121.147451,22.755866],[121.147472,22.755876],[121.147488,22.755876]]]}},{"type":"Feature","properties":{"id":"d7d394a59ed4","name":"國立臺東高級商業職業學校","level":"高中職","basis":"name","data_ym":"201006"},"geometry":{"type":"Polygon","coordinates":[[[121.145852,22.75966],[121.145862,22.759652],[121.145871,22.759621],[121.145866,22.758923],[121.145868,22.758206],[121.145865,22.757368],[121.145762,22.757338],[121.144844,22.757337],[121.144844,22.75737],[121.144756,22.757369],[121.144726,22.757358],[121.144701,22.757338],[121.144054,22.757338],[121.14404,22.759658],[121.144535,22.759656],[121.145707,22.759662],[121.145852,22.75966]]]}},{"type":"Feature","properties":{"id":"de88df8b6e91","name":"國立臺東女子高級中學","level":"高中職","basis":"name","data_ym":"201704"},"geometry":{"type":"Polygon","coordinates":[[[121.15456,22.759431],[121.15454,22.759429],[121.154454,22.759469],[121.153884,22.75993],[121.153243,22.760461],[121.153012,22.760631],[121.15276,22.760835],[121.152501,22.761055],[121.152971,22.761548],[121.153518,22.762109],[121.153753,22.762343],[121.153931,22.762532],[121.155554,22.761221],[121.155813,22.761007],[121.155542,22.76074],[121.155632,22.760638],[121.155702,22.760578],[121.15456,22.759431]]]}},{"type":"Feature","properties":{"id":"10f5c0a59e7c","name":"臺東縣臺東市寶桑國民小學","level":"國小","basis":"name","data_ym":"201810"},"geometry":{"type":"Polygon","coordinates":[[[121.151303,22.762042],[121.151306,22.761488],[121.150609,22.761486],[121.150609,22.761494],[121.150589,22.761493],[121.150588,22.761568],[121.150416,22.761565],[121.150418,22.761452],[121.150458,22.761451],[121.150459,22.761411],[121.150354,22.761411],[121.150361,22.763423],[121.151228,22.763412],[121.151265,22.763368],[121.151289,22.762729],[121.151303,22.762042]]]}},{"type":"Feature","properties":{"id":"25341d007b7b","name":"臺東縣立新生國民中學","level":"國中","basis":"both","data_ym":"201006"},"geometry":{"type":"Polygon","coordinates":[[[121.134741,22.764678],[121.135523,22.763861],[121.135297,22.763666],[121.134907,22.763342],[121.135236,22.763016],[121.135854,22.762378],[121.135971,22.762276],[121.135966,22.762262],[121.135204,22.761635],[121.134075,22.762306],[121.134041,22.762336],[121.134016,22.762369],[121.133996,22.762416],[121.133977,22.762506],[121.133969,22.762578],[121.134062,22.762593],[121.134048,22.762687],[121.133959,22.762677],[121.133898,22.7633],[121.133796,22.764093],[121.134214,22.764469],[121.134359,22.764329],[121.134741,22.764678]]]}},{"type":"Feature","properties":{"id":"5e8646ecfc26","name":"臺東縣臺東市新生國民小學","level":"國小","basis":"name","data_ym":"202211"},"geometry":{"type":"Polygon","coordinates":[[[121.141972,22.764858],[121.141985,22.764828],[121.142248,22.764832],[121.142307,22.764771],[121.142407,22.764853],[121.142557,22.764853],[121.142558,22.764842],[121.143159,22.764845],[121.143175,22.764833],[121.14319,22.764814],[121.143197,22.764787],[121.143202,22.764512],[121.143213,22.763669],[121.143207,22.763631],[121.143194,22.763608],[121.143164,22.763581],[121.142652,22.763165],[121.142636,22.763164],[121.142627,22.76317],[121.142561,22.763231],[121.142228,22.763479],[121.141988,22.763672],[121.14163,22.763976],[121.141269,22.764264],[121.141263,22.76428],[121.141266,22.764299],[121.141794,22.764863],[121.141972,22.764858]]]}},{"type":"Feature","properties":{"id":"4ca526edd504","name":"臺東縣臺東市馬蘭國民小學","level":"國小","basis":"name","data_ym":"201006"},"geometry":{"type":"Polygon","coordinates":[[[121.13537,22.764998],[121.135302,22.764983],[121.134794,22.765504],[121.135133,22.765799],[121.13569,22.766269],[121.135729,22.766275],[121.136208,22.765776],[121.136223,22.765726],[121.13537,22.764998]]]}},{"type":"Feature","properties":{"id":"f5734da1a7c3","name":"臺東縣立寶桑國民中學","level":"國中","basis":"both","data_ym":"201704"},"geometry":{"type":"Polygon","coordinates":[[[121.145076,22.770639],[121.145297,22.770323],[121.145398,22.770193],[121.145703,22.76985],[121.145826,22.769665],[121.145906,22.769525],[121.146102,22.769208],[121.146303,22.768866],[121.145561,22.76841],[121.145538,22.768134],[121.145503,22.768114],[121.145126,22.768117],[121.145054,22.768071],[121.144625,22.768611],[121.144583,22.768611],[121.144575,22.768646],[121.144377,22.768941],[121.144122,22.769273],[121.143998,22.769428],[121.143961,22.769484],[121.143935,22.769483],[121.143936,22.769539],[121.1441,22.76971],[121.144149,22.769705],[121.144422,22.769979],[121.144661,22.770204],[121.144849,22.770393],[121.144833,22.770475],[121.144969,22.770608],[121.144977,22.770537],[121.145076,22.770639]]]}},{"type":"Feature","properties":{"id":"262981776b02","name":"臺東縣長濱鄉樟原國民小學","level":"國小","basis":"both","data_ym":"201412"},"geometry":{"type":"Polygon","coordinates":[[[121.482645,23.412691],[121.482558,23.412246],[121.482445,23.412216],[121.482385,23.412095],[121.482373,23.412103],[121.482333,23.412082],[121.482222,23.411977],[121.482133,23.4119],[121.4818,23.412023],[121.481818,23.412076],[121.481498,23.41218],[121.481212,23.412314],[121.48115,23.412202],[121.4811,23.412235],[121.48106,23.412296],[121.481047,23.412332],[121.481044,23.412362],[121.481059,23.412422],[121.481123,23.412593],[121.481123,23.412615],[121.48112,23.412634],[121.481021,23.412928],[121.481025,23.412927],[121.481147,23.412603],[121.481194,23.412622],[121.481137,23.412748],[121.481084,23.412893],[121.48108,23.412938],[121.481088,23.412976],[121.481116,23.41301],[121.481213,23.413084],[121.481305,23.413148],[121.481364,23.413183],[121.481381,23.413185],[121.481467,23.413178],[121.481628,23.413153],[121.481766,23.413122],[121.481887,23.413088],[121.481939,23.413064],[121.482054,23.412995],[121.482193,23.412903],[121.482271,23.41286],[121.482417,23.4128],[121.482645,23.412691]]]}},{"type":"Feature","properties":{"id":"bad69c258f11","name":"臺東縣長濱鄉三間國民小學","level":"國小","basis":"both","data_ym":"201412"},"geometry":{"type":"Polygon","coordinates":[[[121.468687,23.356013],[121.468635,23.355813],[121.46863,23.355815],[121.468571,23.355646],[121.468591,23.35564],[121.46859,23.355635],[121.468546,23.355551],[121.468347,23.355032],[121.467815,23.355176],[121.46778,23.355152],[121.467644,23.355192],[121.467614,23.355099],[121.467421,23.355126],[121.467426,23.355375],[121.467423,23.355564],[121.467416,23.355622],[121.467374,23.355783],[121.467375,23.355809],[121.467395,23.355834],[121.467464,23.355869],[121.467504,23.355903],[121.46762,23.356101],[121.467643,23.356133],[121.467661,23.35615],[121.467683,23.356157],[121.46772,23.356162],[121.467796,23.356155],[121.468687,23.356013]]]}},{"type":"Feature","properties":{"id":"bbb286a5e34b","name":"臺東縣立長濱國民中學","level":"國中","basis":"both","data_ym":"201611"},"geometry":{"type":"Polygon","coordinates":[[[121.459849,23.315767],[121.459742,23.315708],[121.459955,23.315309],[121.460002,23.315256],[121.460588,23.315056],[121.460602,23.315038],[121.460653,23.314722],[121.460244,23.31431],[121.459982,23.314032],[121.45981,23.314104],[121.459581,23.31379],[121.459283,23.31399],[121.459139,23.314075],[121.459022,23.314114],[121.458913,23.314119],[121.458865,23.314116],[121.458638,23.314222],[121.458646,23.31425],[121.45828,23.314337],[121.45802,23.314426],[121.458015,23.314519],[121.458052,23.314607],[121.45805,23.314623],[121.458059,23.314624],[121.458198,23.31493],[121.458415,23.315175],[121.458622,23.315195],[121.458634,23.315289],[121.458912,23.315351],[121.458906,23.315375],[121.458877,23.315369],[121.458869,23.315407],[121.458955,23.315438],[121.458961,23.31543],[121.458985,23.315444],[121.458982,23.315448],[121.459051,23.315473],[121.459287,23.315511],[121.459241,23.315535],[121.459263,23.315568],[121.459251,23.315573],[121.459275,23.315619],[121.459286,23.315654],[121.459299,23.315675],[121.459323,23.3157],[121.459345,23.31574],[121.459353,23.315736],[121.459374,23.315771],[121.459328,23.315862],[121.459508,23.316034],[121.459535,23.316047],[121.45967,23.316057],[121.45971,23.316046],[121.459765,23.315994],[121.45982,23.315907],[121.459848,23.315841],[121.459849,23.315767]]]}},{"type":"Feature","properties":{"id":"7f9ee6e5fe19","name":"臺東縣長濱鄉長濱國民小學","level":"國小","basis":"both","data_ym":"202211"},"geometry":{"type":"Polygon","coordinates":[[[121.452466,23.317166],[121.452406,23.317086],[121.452383,23.317092],[121.452231,23.316925],[121.451991,23.316674],[121.452061,23.316607],[121.452165,23.316777],[121.452227,23.316825],[121.452264,23.316843],[121.452304,23.316853],[121.452336,23.316809],[121.452308,23.316793],[121.452407,23.316697],[121.452516,23.316559],[121.452579,23.316425],[121.45271,23.316203],[121.452682,23.316185],[121.452552,23.316077],[121.452456,23.315993],[121.452473,23.315851],[121.452679,23.315845],[121.452797,23.315781],[121.452886,23.31572],[121.452806,23.315679],[121.452785,23.315717],[121.452709,23.315731],[121.452679,23.315776],[121.452516,23.315675],[121.452575,23.315581],[121.452488,23.315529],[121.452442,23.315528],[121.452304,23.315435],[121.4523,23.315419],[121.452255,23.31534],[121.45227,23.315315],[121.452112,23.315218],[121.451894,23.315076],[121.451846,23.315131],[121.451778,23.315201],[121.451686,23.315287],[121.451681,23.315283],[121.451666,23.315296],[121.451671,23.315301],[121.451566,23.315392],[121.451564,23.31539],[121.451459,23.31549],[121.451471,23.315501],[121.451357,23.315608],[121.451361,23.315614],[121.451334,23.31563],[121.451182,23.315772],[121.451182,23.31587],[121.451077,23.316384],[121.451445,23.3168],[121.451278,23.316968],[121.451481,23.317258],[121.451403,23.317316],[121.451668,23.3176],[121.451864,23.317779],[121.452526,23.317231],[121.452466,23.317166]]]}},{"type":"Feature","properties":{"id":"f7de8acd40e0","name":"臺東縣成功鎮忠孝國民小學博愛分校","level":"大專","basis":"branch","data_ym":"201810"},"geometry":{"type":"Polygon","coordinates":[[[121.395521,23.192225],[121.395966,23.192018],[121.395888,23.191807],[121.396183,23.191729],[121.396206,23.191037],[121.396235,23.190738],[121.396238,23.190514],[121.396144,23.190532],[121.396002,23.190572],[121.395961,23.190592],[121.395935,23.190612],[121.395473,23.191151],[121.395247,23.191428],[121.395248,23.191445],[121.395293,23.191537],[121.395347,23.191666],[121.395374,23.19175],[121.395421,23.192009],[121.395452,23.192125],[121.395488,23.19221],[121.395503,23.192225],[121.395521,23.192225]]]}},{"type":"Feature","properties":{"id":"1fb205435b66","name":"臺東縣成功鎮三民國民小學","level":"國小","basis":"both","data_ym":"202211"},"geometry":{"type":"Polygon","coordinates":[[[121.371726,23.102261],[121.371736,23.102171],[121.371798,23.102163],[121.371856,23.102144],[121.372171,23.102123],[121.372283,23.102088],[121.372303,23.102127],[121.37238,23.102088],[121.372346,23.102035],[121.372292,23.101972],[121.37227,23.101916],[121.372398,23.101868],[121.372231,23.101511],[121.371891,23.10097],[121.371823,23.100871],[121.371774,23.100859],[121.371557,23.100957],[121.371489,23.100833],[121.371117,23.100989],[121.371107,23.101027],[121.371159,23.101128],[121.370755,23.101316],[121.370781,23.10137],[121.370651,23.101433],[121.370843,23.101844],[121.3709,23.101954],[121.371039,23.101894],[121.371185,23.102213],[121.371312,23.102224],[121.371342,23.102215],[121.371446,23.1022],[121.371441,23.102188],[121.371495,23.102175],[121.371556,23.102195],[121.371553,23.102246],[121.371726,23.102261]]]}},{"type":"Feature","properties":{"id":"f4157b4839da","name":"臺東縣立新港國民中學","level":"國中","basis":"both","data_ym":"201810"},"geometry":{"type":"Polygon","coordinates":[[[121.376016,23.10061],[121.375867,23.100564],[121.375705,23.100948],[121.375316,23.101086],[121.375317,23.101121],[121.375606,23.101815],[121.375663,23.101904],[121.375665,23.102045],[121.375703,23.102127],[121.3765,23.102432],[121.376561,23.10241],[121.377135,23.101087],[121.377128,23.101072],[121.376193,23.100724],[121.376211,23.10068],[121.376016,23.10061]]]}},{"type":"Feature","properties":{"id":"287b2dfc2cce","name":"臺東縣成功鎮成功國民小學","level":"國小","basis":"both","data_ym":"201704"},"geometry":{"type":"Polygon","coordinates":[[[121.383095,23.103001],[121.383329,23.102908],[121.383836,23.103105],[121.38385,23.103102],[121.383864,23.103088],[121.384209,23.102365],[121.384179,23.102313],[121.384055,23.102144],[121.38395,23.102028],[121.383827,23.101913],[121.383444,23.101644],[121.383346,23.101593],[121.383186,23.101689],[121.38313,23.101736],[121.383068,23.1018],[121.382993,23.101888],[121.382882,23.102039],[121.382583,23.101938],[121.382565,23.101988],[121.382589,23.101994],[121.382225,23.10284],[121.382364,23.102896],[121.38242,23.102927],[121.382461,23.10296],[121.3826,23.103108],[121.382638,23.103121],[121.382668,23.103126],[121.382722,23.103126],[121.383095,23.103001]]]}},{"type":"Feature","properties":{"id":"f36a439be5c3","name":"國立成功商業水產職業學校","level":"高中職","basis":"name","data_ym":"202211"},"geometry":{"type":"Polygon","coordinates":[[[121.382032,23.104164],[121.381708,23.104049],[121.381687,23.104049],[121.38112,23.105445],[121.381302,23.105509],[121.381531,23.105581],[121.381214,23.106373],[121.382165,23.107396],[121.382338,23.107312],[121.382501,23.107185],[121.382881,23.106916],[121.383001,23.10682],[121.38304,23.106781],[121.383163,23.106626],[121.383213,23.106535],[121.383589,23.105612],[121.383831,23.105086],[121.383871,23.105037],[121.383913,23.104999],[121.384038,23.104945],[121.383364,23.104654],[121.383004,23.104526],[121.382032,23.104164]]]}},{"type":"Feature","properties":{"id":"927eed1afaa3","name":"臺東縣成功鎮三民國民小學和平分校","level":"大專","basis":"branch","data_ym":"202012"},"geometry":{"type":"Polygon","coordinates":[[[121.352327,23.074342],[121.352257,23.074337],[121.352041,23.074439],[121.352067,23.074476],[121.351859,23.074598],[121.351675,23.074686],[121.351544,23.074771],[121.351736,23.075017],[121.352075,23.075494],[121.352563,23.075219],[121.352557,23.075201],[121.352716,23.075114],[121.352655,23.075014],[121.35267,23.075007],[121.35262,23.074928],[121.352618,23.074886],[121.352627,23.074862],[121.352626,23.074838],[121.352388,23.074433],[121.352327,23.074342]]]}},{"type":"Feature","properties":{"id":"13dc1d2068ec","name":"臺東縣東河鄉北源國民小學","level":"國小","basis":"both","data_ym":"201006"},"geometry":{"type":"Polygon","coordinates":[[[121.292616,23.039948],[121.293321,23.039419],[121.293531,23.039248],[121.293277,23.039039],[121.293187,23.038975],[121.293142,23.03895],[121.292956,23.038912],[121.292354,23.038747],[121.292233,23.038719],[121.2922,23.038815],[121.29217,23.038865],[121.292116,23.038921],[121.291977,23.03903],[121.291838,23.039153],[121.291903,23.039269],[121.29199,23.039386],[121.292027,23.039427],[121.292276,23.039657],[121.292616,23.039948]]]}},{"type":"Feature","properties":{"id":"807aade810f1","name":"臺東縣海端鄉錦屏國民小學","level":"國小","basis":"both","data_ym":"202211"},"geometry":{"type":"Polygon","coordinates":[[[121.17638,23.132622],[121.176717,23.132217],[121.176887,23.13196],[121.176878,23.131934],[121.176874,23.13189],[121.176893,23.131729],[121.176883,23.131715],[121.176858,23.131699],[121.176236,23.131326],[121.17611,23.131246],[121.175959,23.131452],[121.176053,23.131519],[121.175876,23.131803],[121.175813,23.131773],[121.175708,23.131712],[121.175531,23.131935],[121.175381,23.1321],[121.175797,23.132419],[121.175907,23.132283],[121.17638,23.132622]]]}},{"type":"Feature","properties":{"id":"101667a8605a","name":"臺東縣池上鄉大坡國民小學","level":"國小","basis":"both","data_ym":"201006"},"geometry":{"type":"Polygon","coordinates":[[[121.231222,23.125474],[121.231138,23.125343],[121.231203,23.125291],[121.231297,23.12526],[121.231417,23.125193],[121.231106,23.124636],[121.230854,23.124736],[121.230434,23.124914],[121.230224,23.124992],[121.230214,23.124986],[121.230121,23.125029],[121.230226,23.125256],[121.230003,23.125401],[121.230085,23.12549],[121.230187,23.125398],[121.23032,23.125544],[121.23023,23.125613],[121.230388,23.125794],[121.230487,23.125761],[121.231222,23.125474]]]}},{"type":"Feature","properties":{"id":"df5f9188f045","name":"臺東縣池上鄉福原國民小學1","level":"國小","basis":"both","data_ym":"201705"},"geometry":{"type":"Polygon","coordinates":[[[121.214446,23.125746],[121.213888,23.125364],[121.213678,23.125648],[121.214219,23.126012],[121.214446,23.125746]]]}},{"type":"Feature","properties":{"id":"f8bee94fb71d","name":"臺東縣池上鄉福原國民小學","level":"國小","basis":"both","data_ym":"201705"},"geometry":{"type":"Polygon","coordinates":[[[121.215679,23.124901],[121.214519,23.12407],[121.214507,23.124068],[121.214182,23.124477],[121.214151,23.124451],[121.213844,23.124816],[121.213588,23.125132],[121.213945,23.125361],[121.214317,23.125613],[121.214659,23.125833],[121.214914,23.126012],[121.215106,23.125991],[121.215124,23.125977],[121.215896,23.125046],[121.215679,23.124901]]]}},{"type":"Feature","properties":{"id":"91dcb8d696b5","name":"臺東縣立海端國民中學","level":"國中","basis":"both","data_ym":"201006"},"geometry":{"type":"Polygon","coordinates":[[[121.17659,23.099154],[121.176501,23.098843],[121.176325,23.098901],[121.176244,23.098901],[121.175801,23.09884],[121.175547,23.098788],[121.175393,23.098765],[121.175241,23.098774],[121.175046,23.098794],[121.174945,23.098742],[121.174754,23.098657],[121.174525,23.098646],[121.174324,23.09866],[121.174018,23.098751],[121.173976,23.098816],[121.173949,23.098932],[121.173976,23.099057],[121.17406,23.099245],[121.174151,23.099415],[121.174183,23.099463],[121.174312,23.09963],[121.174402,23.099735],[121.174529,23.099749],[121.174607,23.099814],[121.174748,23.100063],[121.17524,23.101],[121.175401,23.101053],[121.176184,23.100828],[121.176025,23.100279],[121.175872,23.09978],[121.175968,23.099591],[121.176142,23.099503],[121.176197,23.099269],[121.176437,23.099194],[121.17659,23.099154]]]}},{"type":"Feature","properties":{"id":"3adb361d0cae","name":"臺東縣海端鄉海端國民小學","level":"國小","basis":"both","data_ym":"202211"},"geometry":{"type":"Polygon","coordinates":[[[121.176732,23.101538],[121.17675,23.101114],[121.176352,23.101131],[121.176116,23.101163],[121.175867,23.101212],[121.175687,23.10103],[121.175415,23.101114],[121.175428,23.101237],[121.17547,23.101378],[121.175672,23.101703],[121.175706,23.101706],[121.175743,23.101768],[121.175771,23.101968],[121.175967,23.101945],[121.176709,23.10188],[121.176732,23.101538]]]}},{"type":"Feature","properties":{"id":"387bf089ea3d","name":"臺東縣海端鄉初來國民小學","level":"國小","basis":"both","data_ym":"201704"},"geometry":{"type":"Polygon","coordinates":[[[121.169844,23.117364],[121.169878,23.11735],[121.169742,23.117077],[121.169903,23.117003],[121.169786,23.116816],[121.169804,23.116806],[121.169747,23.116697],[121.169637,23.11653],[121.169515,23.116381],[121.16876,23.116725],[121.168987,23.117077],[121.169055,23.117175],[121.169102,23.117147],[121.169257,23.11736],[121.169295,23.117423],[121.169329,23.117498],[121.169844,23.117364]]]}},{"type":"Feature","properties":{"id":"659f08c1b83e","name":"臺東縣立池上國民中學1","level":"國中","basis":"both","data_ym":"202211"},"geometry":{"type":"Polygon","coordinates":[[[121.203964,23.115089],[121.203646,23.114626],[121.203519,23.114698],[121.203483,23.114648],[121.203273,23.114781],[121.20331,23.114836],[121.203199,23.114905],[121.203237,23.114973],[121.20349,23.115358],[121.203964,23.115089]]]}},{"type":"Feature","properties":{"id":"99641f0b1b86","name":"臺東縣立池上國民中學","level":"國中","basis":"both","data_ym":"202211"},"geometry":{"type":"Polygon","coordinates":[[[121.204134,23.115177],[121.204956,23.116345],[121.205158,23.116639],[121.205682,23.116335],[121.205653,23.116298],[121.205712,23.116258],[121.20572,23.116255],[121.205745,23.116298],[121.205767,23.116285],[121.206156,23.115986],[121.206239,23.115939],[121.206355,23.115885],[121.205691,23.114922],[121.205398,23.114509],[121.204193,23.115142],[121.204134,23.115177]]]}},{"type":"Feature","properties":{"id":"5880caf27825","name":"臺東縣關山鎮德高國民小學","level":"國小","basis":"both","data_ym":"201704"},"geometry":{"type":"Polygon","coordinates":[[[121.178312,23.074164],[121.177942,23.073242],[121.177904,23.073132],[121.177796,23.073163],[121.177728,23.073165],[121.177571,23.073158],[121.177556,23.073151],[121.177547,23.073141],[121.177491,23.073041],[121.177188,23.073167],[121.177181,23.073195],[121.177093,23.073406],[121.177028,23.073484],[121.177129,23.073705],[121.17723,23.073664],[121.177484,23.074169],[121.177588,23.074363],[121.178312,23.074164]]]}},{"type":"Feature","properties":{"id":"b299d831ad7c","name":"臺東縣池上鄉萬安國民小學","level":"國小","basis":"both","data_ym":"201810"},"geometry":{"type":"Polygon","coordinates":[[[121.218321,23.095256],[121.21841,23.095381],[121.218542,23.095592],[121.218717,23.095822],[121.218822,23.095868],[121.218842,23.096014],[121.219112,23.095883],[121.219182,23.095834],[121.21923,23.095795],[121.219279,23.095747],[121.219306,23.095708],[121.21934,23.09565],[121.219379,23.095553],[121.219146,23.094959],[121.219136,23.094961],[121.219114,23.094872],[121.219091,23.094808],[121.219042,23.094733],[121.218931,23.094607],[121.218912,23.094589],[121.218906,23.094594],[121.218892,23.094579],[121.218881,23.094586],[121.218871,23.094576],[121.218862,23.09458],[121.218831,23.094547],[121.218705,23.09468],[121.218559,23.094879],[121.218391,23.095133],[121.218321,23.095256]]]}},{"type":"Feature","properties":{"id":"0b4ede21b6d9","name":"國立關山高級工商職業學校","level":"高中職","basis":"name","data_ym":"201810"},"geometry":{"type":"Polygon","coordinates":[[[121.160293,23.049096],[121.159614,23.047318],[121.159572,23.047309],[121.159231,23.047387],[121.159205,23.047389],[121.159204,23.047382],[121.159128,23.047399],[121.15913,23.047409],[121.159125,23.047429],[121.158979,23.047465],[121.158953,23.04745],[121.158253,23.047609],[121.158251,23.047604],[121.15819,23.047615],[121.158193,23.047623],[121.157651,23.047746],[121.157836,23.04832],[121.157924,23.048544],[121.157963,23.048656],[121.157994,23.048791],[121.158037,23.048916],[121.158398,23.049792],[121.159159,23.049515],[121.159478,23.049407],[121.160005,23.049201],[121.160293,23.049096]]]}},{"type":"Feature","properties":{"id":"6a7b2a60e74d","name":"臺東縣關山鎮關山國民小學","level":"國小","basis":"both","data_ym":"201611"},"geometry":{"type":"Polygon","coordinates":[[[121.165093,23.050797],[121.164623,23.049545],[121.163776,23.049816],[121.16375,23.049855],[121.163444,23.049957],[121.163416,23.04994],[121.162911,23.050107],[121.16339,23.051346],[121.16343,23.051363],[121.165051,23.050835],[121.165069,23.050823],[121.165093,23.050797]]]}},{"type":"Feature","properties":{"id":"cefb58dda452","name":"臺東縣立關山國民中學","level":"國中","basis":"both","data_ym":"201006"},"geometry":{"type":"Polygon","coordinates":[[[121.160726,23.044815],[121.160015,23.042981],[121.159859,23.043008],[121.159409,23.043579],[121.15912,23.044063],[121.158768,23.044201],[121.158492,23.044065],[121.158456,23.044089],[121.158391,23.044118],[121.158312,23.044143],[121.158146,23.044182],[121.158235,23.044464],[121.158252,23.044493],[121.158277,23.0445],[121.15829,23.044509],[121.158393,23.044711],[121.158624,23.045181],[121.158736,23.04549],[121.159128,23.045372],[121.159242,23.045319],[121.160696,23.04484],[121.160726,23.044815]]]}},{"type":"Feature","properties":{"id":"199b0d5b2242","name":"臺東縣池上鄉萬安國民小學振興分校","level":"大專","basis":"branch","data_ym":"202205"},"geometry":{"type":"Polygon","coordinates":[[[121.195455,23.042803],[121.195438,23.042775],[121.19541,23.042787],[121.195394,23.042753],[121.195374,23.042761],[121.195275,23.042589],[121.195097,23.042651],[121.195045,23.042681],[121.195076,23.042725],[121.194704,23.042905],[121.194654,23.04322],[121.194649,23.043294],[121.194653,23.043339],[121.194664,23.043397],[121.194688,23.04348],[121.194704,23.043515],[121.194752,23.043591],[121.194806,23.043651],[121.194853,23.043692],[121.194937,23.04375],[121.195073,23.043821],[121.19515,23.04385],[121.195216,23.04387],[121.195777,23.043951],[121.19595,23.043984],[121.196104,23.044027],[121.196175,23.044062],[121.196229,23.044098],[121.196274,23.044138],[121.196382,23.044034],[121.196153,23.043805],[121.195963,23.043774],[121.195836,23.043569],[121.195437,23.042871],[121.195449,23.042867],[121.195426,23.042818],[121.195455,23.042803]]]}},{"type":"Feature","properties":{"id":"c19424fa09fe","name":"臺東縣關山鎮月眉國民小學","level":"國小","basis":"both","data_ym":"201006"},"geometry":{"type":"Polygon","coordinates":[[[121.149166,23.009172],[121.149028,23.008796],[121.147801,23.008981],[121.14798,23.010121],[121.148294,23.010087],[121.149324,23.009881],[121.149294,23.00977],[121.149276,23.009622],[121.149257,23.009532],[121.149166,23.009172]]]}},{"type":"Feature","properties":{"id":"8e3830f778c9","name":"臺東縣關山鎮電光國民小學","level":"國小","basis":"both","data_ym":"201611"},"geometry":{"type":"Polygon","coordinates":[[[121.173767,23.005738],[121.172867,23.005613],[121.172747,23.006387],[121.173368,23.006488],[121.173316,23.0069],[121.173479,23.006796],[121.173535,23.006766],[121.173608,23.006741],[121.17374,23.006713],[121.174104,23.006626],[121.174309,23.00657],[121.174319,23.006355],[121.174304,23.005856],[121.17423,23.005813],[121.174195,23.0058],[121.173985,23.005775],[121.173766,23.005742],[121.173767,23.005738]]]}},{"type":"Feature","properties":{"id":"ba4d4c1d6280","name":"臺東縣卑南鄉溫泉國民小學","level":"國小","basis":"both","data_ym":"202407"},"geometry":{"type":"Polygon","coordinates":[[[121.026253,22.698334],[121.025541,22.698334],[121.025898,22.698658],[121.026253,22.698334]]]}},{"type":"Feature","properties":{"id":"d0a929b45b9e","name":"臺東縣卑南鄉溫泉國民小學","level":"國小","basis":"both","data_ym":"202407"},"geometry":{"type":"Polygon","coordinates":[[[121.025541,22.698334],[121.026253,22.698334],[121.026513,22.698097],[121.026639,22.698224],[121.026667,22.698203],[121.026736,22.698278],[121.027092,22.697913],[121.025951,22.697345],[121.025897,22.697345],[121.025798,22.697369],[121.025634,22.697416],[121.025106,22.697939],[121.025541,22.698334]]]}},{"type":"Feature","properties":{"id":"542ee65384b1","name":"臺東縣私立育仁高級中學","level":"國中","basis":"moe","data_ym":"202501"},"geometry":{"type":"Polygon","coordinates":[[[121.092852,22.772596],[121.091928,22.772578],[121.091786,22.772582],[121.09136,22.772563],[121.090806,22.772436],[121.090816,22.773616],[121.090889,22.77368],[121.090928,22.773696],[121.090927,22.773703],[121.091022,22.773723],[121.091028,22.773697],[121.091721,22.773815],[121.09192,22.773836],[121.092113,22.773849],[121.092381,22.77385],[121.092375,22.773728],[121.092594,22.77372],[121.092639,22.773757],[121.092668,22.77439],[121.0931,22.774385],[121.093091,22.774028],[121.093039,22.773572],[121.092986,22.773334],[121.092852,22.772596]]]}},{"type":"Feature","properties":{"id":"5d420c3885ba","name":"臺東縣立豐田國民中學","level":"國中","basis":"both","data_ym":"202407"},"geometry":{"type":"Polygon","coordinates":[[[121.090806,22.772436],[121.09136,22.772563],[121.091786,22.772582],[121.091928,22.772578],[121.092852,22.772596],[121.092555,22.771134],[121.091802,22.771151],[121.091759,22.771083],[121.091513,22.771065],[121.091514,22.770806],[121.09146,22.770855],[121.091298,22.770973],[121.091197,22.771037],[121.091049,22.771116],[121.090571,22.771337],[121.090399,22.771424],[121.090293,22.771471],[121.089682,22.771677],[121.089627,22.7717],[121.089607,22.771714],[121.089595,22.771731],[121.089593,22.771904],[121.089781,22.772106],[121.090806,22.772436]]]}},{"type":"Feature","properties":{"id":"ee1a2282574a","name":"臺東縣臺東市建和國民小學","level":"國小","basis":"name","data_ym":"202407"},"geometry":{"type":"Polygon","coordinates":[[[121.048239,22.71662],[121.048165,22.716687],[121.048513,22.717044],[121.048965,22.717535],[121.049076,22.717445],[121.049071,22.717432],[121.049077,22.717421],[121.049279,22.717275],[121.049168,22.717162],[121.049218,22.717118],[121.049251,22.717106],[121.049322,22.71705],[121.049358,22.717084],[121.049402,22.717056],[121.049475,22.716994],[121.049458,22.716978],[121.049588,22.716873],[121.048844,22.716064],[121.04838,22.716444],[121.048317,22.716535],[121.048239,22.71662]]]}},{"type":"Feature","properties":{"id":"34bc8e39bbf3","name":"臺東縣立知本國民中學","level":"國中","basis":"both","data_ym":"202407"},"geometry":{"type":"Polygon","coordinates":[[[121.048536,22.71707],[121.048165,22.716687],[121.048239,22.71662],[121.04811,22.716511],[121.047986,22.716366],[121.047978,22.716332],[121.047991,22.716297],[121.048006,22.716271],[121.048202,22.716079],[121.048552,22.715753],[121.04832,22.715505],[121.047847,22.716003],[121.047746,22.716088],[121.047694,22.716125],[121.047473,22.715932],[121.047282,22.716193],[121.046846,22.71681],[121.046798,22.716861],[121.046701,22.716948],[121.046599,22.71705],[121.046735,22.717206],[121.046353,22.717596],[121.047023,22.718246],[121.047391,22.717903],[121.047625,22.717585],[121.047773,22.717435],[121.047956,22.717608],[121.048038,22.717537],[121.048254,22.717313],[121.048536,22.71707]]]}},{"type":"Feature","properties":{"id":"773841231eb7","name":"臺東縣達仁鄉安朔國民小學新化分校","level":"大專","basis":"branch","data_ym":"202407"},"geometry":{"type":"Polygon","coordinates":[[[120.857477,22.381347],[120.857359,22.381222],[120.857174,22.381233],[120.857078,22.381138],[120.856858,22.381217],[120.856819,22.381322],[120.856584,22.381495],[120.856231,22.381924],[120.856274,22.381961],[120.856433,22.382073],[120.856463,22.382089],[120.856501,22.382097],[120.857137,22.381999],[120.857208,22.381985],[120.85727,22.381962],[120.857363,22.381898],[120.857402,22.381876],[120.857333,22.381813],[120.857433,22.381651],[120.857388,22.381616],[120.857505,22.381464],[120.857477,22.381347]]]}},{"type":"Feature","properties":{"id":"a3aa977c4061","name":"臺東縣立大武國民中學","level":"國中","basis":"both","data_ym":"202407"},"geometry":{"type":"Polygon","coordinates":[[[120.907715,22.364776],[120.907592,22.364521],[120.907511,22.364318],[120.907374,22.363962],[120.907301,22.363727],[120.90622,22.364033],[120.906151,22.36383],[120.905968,22.363852],[120.90613,22.364395],[120.905582,22.36453],[120.905211,22.364638],[120.903931,22.364857],[120.904103,22.365876],[120.904904,22.365815],[120.905489,22.365724],[120.905876,22.365656],[120.90587,22.365632],[120.906942,22.365389],[120.907801,22.365179],[120.907832,22.365144],[120.907849,22.365111],[120.90786,22.36508],[120.907858,22.365047],[120.907787,22.364896],[120.907715,22.364776]]]}},{"type":"Feature","properties":{"id":"cd7bf5524373","name":"臺東縣金峰鄉新興國民小學","level":"國小","basis":"both","data_ym":"202407"},"geometry":{"type":"Polygon","coordinates":[[[121.004186,22.631403],[121.00415,22.63135],[121.004317,22.631252],[121.004394,22.631198],[121.004446,22.631214],[121.004557,22.630695],[121.004547,22.630696],[121.004523,22.630713],[121.004342,22.63074],[121.004244,22.630766],[121.00419,22.630763],[121.003576,22.630639],[121.003351,22.63059],[121.003235,22.630553],[121.003185,22.630605],[121.003127,22.630752],[121.003031,22.6311],[121.003084,22.631118],[121.003006,22.631394],[121.002953,22.631384],[121.002881,22.631669],[121.002841,22.631932],[121.003333,22.631897],[121.003443,22.631886],[121.003463,22.63188],[121.003575,22.631818],[121.003993,22.631524],[121.004186,22.631403]]]}},{"type":"Feature","properties":{"id":"8bb83fb661e9","name":"臺東縣金峰鄉介達國民小學","level":"國小","basis":"both","data_ym":"202407"},"geometry":{"type":"Polygon","coordinates":[[[120.99647,22.605109],[120.996698,22.604511],[120.996668,22.604466],[120.996658,22.604459],[120.996239,22.604329],[120.995828,22.604165],[120.995566,22.604086],[120.995508,22.604268],[120.995314,22.604224],[120.995221,22.604537],[120.99514,22.604763],[120.995225,22.604791],[120.995209,22.604772],[120.99525,22.604656],[120.995279,22.604664],[120.995247,22.604758],[120.995248,22.604766],[120.995263,22.604782],[120.995342,22.604818],[120.995837,22.604959],[120.996409,22.605139],[120.99647,22.605109]]]}},{"type":"Feature","properties":{"id":"1645c99a266e","name":"臺東縣太麻里鄉美和國民小學","level":"國小","basis":"both","data_ym":"202407"},"geometry":{"type":"Polygon","coordinates":[[[121.044695,22.688525],[121.044956,22.688365],[121.045028,22.688405],[121.045103,22.688326],[121.045106,22.688266],[121.045174,22.688211],[121.045173,22.688207],[121.045202,22.688182],[121.045204,22.688187],[121.045327,22.688083],[121.044877,22.687304],[121.044833,22.687294],[121.044757,22.687314],[121.044109,22.687731],[121.043925,22.687883],[121.044695,22.688525]]]}},{"type":"Feature","properties":{"id":"03c7b548ba4a","name":"臺東縣立桃源國民中學","level":"國中","basis":"both","data_ym":"202407"},"geometry":{"type":"Polygon","coordinates":[[[121.081409,22.90366],[121.081535,22.903221],[121.081611,22.902999],[121.081685,22.90283],[121.081822,22.902582],[121.081867,22.902486],[121.081993,22.902007],[121.081993,22.901969],[121.081975,22.90194],[121.081941,22.90191],[121.081904,22.901893],[121.08109,22.901697],[121.081,22.901681],[121.080871,22.901668],[121.080777,22.901663],[121.080669,22.901666],[121.08063,22.901679],[121.080609,22.901691],[121.080567,22.901723],[121.080535,22.901754],[121.080289,22.902068],[121.080211,22.902151],[121.080189,22.902093],[121.080216,22.902074],[121.08025,22.902041],[121.080516,22.901699],[121.080535,22.90168],[121.080578,22.901649],[121.08064,22.901619],[121.080696,22.901602],[121.080151,22.901566],[121.079882,22.901591],[121.079794,22.901695],[121.079792,22.901939],[121.079768,22.902211],[121.079727,22.902461],[121.079581,22.902741],[121.079289,22.90286],[121.079409,22.903107],[121.079568,22.903552],[121.079877,22.903549],[121.079879,22.903598],[121.080227,22.903464],[121.080433,22.903407],[121.080456,22.903405],[121.080473,22.903413],[121.080614,22.903776],[121.080477,22.903951],[121.08058,22.904186],[121.080826,22.90426],[121.081173,22.904377],[121.08121,22.904165],[121.081362,22.903674],[121.081409,22.90366]]]}},{"type":"Feature","properties":{"id":"db19da17716e","name":"國立臺東大學附屬特殊教育學校","level":"特殊","basis":"both","data_ym":"202407"},"geometry":{"type":"Polygon","coordinates":[[[121.106514,22.769573],[121.106938,22.769241],[121.107051,22.769387],[121.107282,22.769232],[121.107627,22.768952],[121.107734,22.769099],[121.107964,22.768945],[121.108158,22.769457],[121.108725,22.769391],[121.108295,22.768521],[121.108273,22.768532],[121.108148,22.768259],[121.10625,22.768606],[121.106083,22.768619],[121.106074,22.768636],[121.105984,22.768644],[121.105912,22.76869],[121.106175,22.769018],[121.106287,22.76929],[121.106368,22.76926],[121.106514,22.769573]]]}},{"type":"Feature","properties":{"id":"601971def31f","name":"臺東縣大武鄉大鳥國民小學","level":"國小","basis":"both","data_ym":"202407"},"geometry":{"type":"Polygon","coordinates":[[[120.91099,22.382565],[120.910472,22.38239],[120.910355,22.382446],[120.910091,22.383115],[120.910073,22.383232],[120.910045,22.38334],[120.910152,22.383375],[120.91046,22.383514],[120.910688,22.38361],[120.91078,22.383641],[120.910841,22.38365],[120.910908,22.383644],[120.910982,22.383621],[120.911072,22.383577],[120.911142,22.383532],[120.911207,22.383477],[120.911272,22.383406],[120.911313,22.383341],[120.911308,22.383291],[120.911307,22.38322],[120.911393,22.382719],[120.911301,22.382698],[120.911271,22.382632],[120.91099,22.382565]]]}},{"type":"Feature","properties":{"id":"c54ee7fb484b","name":"臺東縣立賓茂國民中學","level":"國中","basis":"both","data_ym":"202407"},"geometry":{"type":"Polygon","coordinates":[[[120.967422,22.532834],[120.967136,22.531852],[120.966627,22.531954],[120.966654,22.532072],[120.966343,22.532145],[120.966363,22.532223],[120.966242,22.532255],[120.96625,22.532285],[120.966018,22.53234],[120.965915,22.53244],[120.96576,22.532484],[120.965753,22.532499],[120.965924,22.533163],[120.966218,22.533091],[120.967422,22.532834]]]}},{"type":"Feature","properties":{"id":"0d32631688e3","name":"臺東縣立賓茂國民中學2","level":"國中","basis":"both","data_ym":"202407"},"geometry":{"type":"Polygon","coordinates":[[[120.966888,22.533399],[120.966565,22.53346],[120.966657,22.533833],[120.966996,22.533751],[120.966902,22.53341],[120.966898,22.533402],[120.966888,22.533399]]]}},{"type":"Feature","properties":{"id":"cfaaa0b6b809","name":"臺東縣達仁鄉臺坂國民小學","level":"國小","basis":"both","data_ym":"202204"},"geometry":{"type":"Polygon","coordinates":[[[120.907973,22.477118],[120.907603,22.476923],[120.907185,22.476929],[120.907104,22.476726],[120.906514,22.476928],[120.906604,22.477157],[120.907045,22.477003],[120.907064,22.476999],[120.907082,22.477004],[120.907094,22.477043],[120.907129,22.477118],[120.907225,22.477437],[120.907278,22.477573],[120.907307,22.477663],[120.907328,22.477701],[120.907359,22.47772],[120.907443,22.477754],[120.90755,22.477812],[120.907615,22.477836],[120.907703,22.477854],[120.907887,22.477878],[120.907996,22.477906],[120.907973,22.477118]]]}},{"type":"Feature","properties":{"id":"2b38561143bf","name":"臺東縣太麻里鄉大溪國民小學","level":"國小","basis":"both","data_ym":"202010"},"geometry":{"type":"Polygon","coordinates":[[[120.941716,22.461156],[120.941687,22.461117],[120.941643,22.461127],[120.940623,22.461567],[120.940396,22.461693],[120.940457,22.461885],[120.940527,22.462292],[120.940693,22.462371],[120.940947,22.462441],[120.941158,22.462474],[120.941472,22.462502],[120.941646,22.462504],[120.941721,22.462495],[120.942213,22.462392],[120.942347,22.462343],[120.942066,22.461741],[120.942041,22.461708],[120.941988,22.461614],[120.941775,22.461265],[120.941716,22.461156]]]}},{"type":"Feature","properties":{"id":"9aba4aa4736f","name":"臺東縣大武鄉尚武國民小學","level":"國小","basis":"both","data_ym":"201006"},"geometry":{"type":"Polygon","coordinates":[[[120.888497,22.340587],[120.888698,22.340532],[120.888706,22.340553],[120.8888,22.340537],[120.888804,22.34052],[120.888807,22.340372],[120.888819,22.340336],[120.888842,22.340309],[120.888907,22.340266],[120.889229,22.340095],[120.889578,22.339923],[120.889319,22.339323],[120.8893,22.339253],[120.88904,22.33931],[120.888917,22.339352],[120.888824,22.339429],[120.888689,22.339467],[120.888533,22.339445],[120.888457,22.339416],[120.888285,22.339435],[120.888093,22.339464],[120.887909,22.339471],[120.887871,22.339496],[120.887843,22.339541],[120.887838,22.339984],[120.887905,22.340057],[120.888001,22.340136],[120.88812,22.340186],[120.888165,22.340217],[120.888178,22.340255],[120.888173,22.340409],[120.888245,22.340433],[120.888264,22.340573],[120.888497,22.340587]]]}},{"type":"Feature","properties":{"id":"a251be17b655","name":"臺東縣達仁鄉安朔國民小學","level":"國小","basis":"both","data_ym":"202010"},"geometry":{"type":"Polygon","coordinates":[[[120.867956,22.293734],[120.867605,22.293666],[120.867477,22.294249],[120.86834,22.294441],[120.86846,22.294329],[120.86849,22.294234],[120.868504,22.294202],[120.868527,22.294175],[120.868601,22.294125],[120.868653,22.294102],[120.868797,22.294053],[120.868945,22.294015],[120.868954,22.294001],[120.86894,22.293987],[120.868702,22.293922],[120.868151,22.293791],[120.867956,22.293734]]]}},{"type":"Feature","properties":{"id":"7e61b1e7ba0f","name":"臺東縣太麻里鄉大王國民小學","level":"國小","basis":"both","data_ym":"201006"},"geometry":{"type":"Polygon","coordinates":[[[121.003741,22.612357],[121.003717,22.612355],[121.003592,22.612404],[121.003068,22.612619],[121.003056,22.612667],[121.003058,22.612678],[121.003627,22.613658],[121.003641,22.613674],[121.003773,22.613781],[121.004014,22.613997],[121.004115,22.614114],[121.004498,22.613833],[121.004497,22.61383],[121.004625,22.613701],[121.004877,22.613512],[121.004646,22.613404],[121.004563,22.613346],[121.004304,22.61307],[121.004317,22.613061],[121.00394,22.612593],[121.003741,22.612357]]]}},{"type":"Feature","properties":{"id":"24bdd7da3acf","name":"臺東縣立大王國民中學","level":"國中","basis":"both","data_ym":"201704"},"geometry":{"type":"Polygon","coordinates":[[[121.006891,22.615618],[121.006718,22.615416],[121.006697,22.615433],[121.006639,22.615369],[121.006662,22.61535],[121.00636,22.614932],[121.006273,22.614758],[121.006175,22.614619],[121.005851,22.614843],[121.005799,22.614773],[121.005463,22.614977],[121.005391,22.615028],[121.005392,22.615189],[121.005549,22.615354],[121.005586,22.615386],[121.005984,22.615944],[121.005996,22.616103],[121.005947,22.616125],[121.005983,22.616169],[121.006135,22.616398],[121.006252,22.616558],[121.006809,22.6165],[121.007329,22.616202],[121.006891,22.615618]]]}},{"type":"Feature","properties":{"id":"0a270a21a25e","name":"臺東縣金峰鄉嘉蘭國民小學","level":"國小","basis":"both","data_ym":"201006"},"geometry":{"type":"Polygon","coordinates":[[[120.962325,22.595178],[120.962121,22.59514],[120.962071,22.595141],[120.96207,22.595118],[120.961953,22.595124],[120.961928,22.595102],[120.961766,22.595113],[120.961753,22.595065],[120.961385,22.595039],[120.961362,22.595032],[120.961255,22.59503],[120.961198,22.595299],[120.961445,22.595413],[120.961425,22.595479],[120.961551,22.595645],[120.961661,22.595773],[120.961679,22.595813],[120.961754,22.595888],[120.961802,22.595945],[120.961919,22.596007],[120.961938,22.596025],[120.961997,22.596048],[120.962076,22.596117],[120.962127,22.596181],[120.962197,22.596252],[120.96224,22.596288],[120.962309,22.596336],[120.962251,22.596238],[120.962235,22.596179],[120.962251,22.595967],[120.962323,22.595271],[120.962325,22.595178]]]}},{"type":"Feature","properties":{"id":"8d117b8e3bfa","name":"臺東縣太麻里鄉香蘭國民小學","level":"國小","basis":"both","data_ym":"201511"},"geometry":{"type":"Polygon","coordinates":[[[120.993982,22.587758],[120.993942,22.587696],[120.99405,22.587649],[120.994158,22.587589],[120.99416,22.58758],[120.993904,22.58712],[120.993835,22.587008],[120.99383,22.587004],[120.993819,22.587003],[120.993783,22.587017],[120.9934,22.587217],[120.993126,22.587383],[120.993567,22.588156],[120.993613,22.588229],[120.9941,22.587968],[120.993982,22.587758]]]}},{"type":"Feature","properties":{"id":"55afd68e2b39","name":"臺東縣金峰鄉賓茂國民小學","level":"國小","basis":"both","data_ym":"202010"},"geometry":{"type":"Polygon","coordinates":[[[120.956256,22.531841],[120.956299,22.531644],[120.956278,22.531639],[120.955622,22.531634],[120.955043,22.531586],[120.955015,22.531587],[120.954897,22.531629],[120.954847,22.53164],[120.954683,22.531649],[120.95466,22.531641],[120.954397,22.531837],[120.954083,22.531903],[120.954169,22.532418],[120.954268,22.532467],[120.95453,22.532559],[120.95498,22.532686],[120.955046,22.532699],[120.955778,22.532655],[120.955913,22.53264],[120.955762,22.53211],[120.955754,22.532045],[120.955988,22.531994],[120.95607,22.531981],[120.956239,22.531966],[120.95625,22.531932],[120.956256,22.531841]]]}},{"type":"Feature","properties":{"id":"b46983e3123a","name":"臺東縣臺東市知本國民小學","level":"國小","basis":"name","data_ym":"201611"},"geometry":{"type":"Polygon","coordinates":[[[121.053512,22.706083],[121.05384,22.706069],[121.053841,22.706081],[121.054242,22.706076],[121.05424,22.706026],[121.054371,22.706012],[121.05438,22.706065],[121.054581,22.706054],[121.054589,22.706049],[121.054609,22.706015],[121.054879,22.705961],[121.05491,22.705915],[121.054901,22.705844],[121.054942,22.705823],[121.054872,22.70536],[121.055008,22.705339],[121.055263,22.705273],[121.055458,22.705194],[121.055522,22.705158],[121.055343,22.704903],[121.055338,22.704885],[121.055198,22.704654],[121.055058,22.704728],[121.054988,22.704617],[121.054299,22.704727],[121.054159,22.704758],[121.054074,22.704786],[121.053469,22.705028],[121.053463,22.705109],[121.05348,22.70556],[121.05347,22.705578],[121.053469,22.705598],[121.053512,22.706083]]]}},{"type":"Feature","properties":{"id":"41f6b08d0de8","name":"臺東縣太麻里鄉三和國民小學","level":"國小","basis":"both","data_ym":"201704"},"geometry":{"type":"Polygon","coordinates":[[[121.037883,22.672535],[121.037341,22.671945],[121.036836,22.672297],[121.037057,22.672487],[121.037013,22.672522],[121.03689,22.672638],[121.03708,22.672827],[121.03716,22.672918],[121.037278,22.6729],[121.037391,22.672877],[121.037378,22.672842],[121.037494,22.672793],[121.037656,22.672691],[121.037883,22.672535]]]}},{"type":"Feature","properties":{"id":"056c240d1e38","name":"臺東縣延平鄉桃源國民小學","level":"國小","basis":"both","data_ym":"201704"},"geometry":{"type":"Polygon","coordinates":[[[121.08409,22.902223],[121.083556,22.902127],[121.083302,22.902831],[121.083813,22.902982],[121.08409,22.902223]]]}},{"type":"Feature","properties":{"id":"1001777d00e0","name":"臺東縣立初鹿國民中學","level":"國中","basis":"both","data_ym":"202211"},"geometry":{"type":"Polygon","coordinates":[[[121.092757,22.850913],[121.092919,22.850863],[121.092939,22.850854],[121.092976,22.85082],[121.093019,22.850767],[121.093038,22.850731],[121.093084,22.850592],[121.093134,22.85052],[121.093191,22.850469],[121.093261,22.850436],[121.093394,22.850401],[121.09346,22.850377],[121.09351,22.85035],[121.093939,22.850064],[121.093968,22.84999],[121.094008,22.84973],[121.09401,22.849593],[121.094001,22.849218],[121.093968,22.84889],[121.09395,22.848782],[121.093925,22.848698],[121.093853,22.848585],[121.093799,22.848536],[121.093742,22.848506],[121.093671,22.848478],[121.093552,22.84845],[121.093391,22.848421],[121.093281,22.848421],[121.093075,22.848438],[121.092692,22.848479],[121.092226,22.848541],[121.092138,22.848553],[121.092101,22.848581],[121.092113,22.848831],[121.092184,22.850888],[121.092317,22.850883],[121.09232,22.850917],[121.092618,22.850909],[121.092622,22.850987],[121.092716,22.850931],[121.092757,22.850913]]]}},{"type":"Feature","properties":{"id":"0b6de0642e05","name":"臺東縣卑南鄉初鹿國民小學","level":"國小","basis":"both","data_ym":"201006"},"geometry":{"type":"Polygon","coordinates":[[[121.092254,22.860106],[121.092216,22.859447],[121.092079,22.859457],[121.092071,22.859378],[121.091999,22.859389],[121.091974,22.859286],[121.091915,22.859307],[121.091777,22.859374],[121.091773,22.859351],[121.091721,22.859361],[121.091673,22.859416],[121.09162,22.859463],[121.091564,22.859533],[121.09152,22.859577],[121.091488,22.859598],[121.091363,22.859653],[121.090993,22.859785],[121.091065,22.860379],[121.091147,22.860934],[121.091255,22.860895],[121.091484,22.860827],[121.091697,22.860772],[121.09204,22.86071],[121.09221,22.860686],[121.092245,22.860676],[121.092302,22.86063],[121.092278,22.860316],[121.092254,22.860106]]]}},{"type":"Feature","properties":{"id":"408023a862be","name":"臺東縣卑南族花環部落學校","level":"其他","basis":"none","data_ym":"201704"},"geometry":{"type":"Polygon","coordinates":[[[121.096598,22.827187],[121.09652,22.82711],[121.095832,22.827314],[121.096009,22.827963],[121.096143,22.828198],[121.096548,22.828071],[121.097033,22.827825],[121.097063,22.82778],[121.097101,22.827598],[121.097086,22.827519],[121.09704,22.827375],[121.096769,22.827279],[121.096683,22.827242],[121.096598,22.827187]]]}},{"type":"Feature","properties":{"id":"b207bf7503e3","name":"臺東縣卑南鄉東成國民小學","level":"國小","basis":"both","data_ym":"201006"},"geometry":{"type":"Polygon","coordinates":[[[121.083123,22.835842],[121.082915,22.835072],[121.082862,22.835046],[121.082786,22.835027],[121.082614,22.83501],[121.082377,22.835004],[121.082264,22.83501],[121.081982,22.835054],[121.081995,22.835174],[121.081771,22.835271],[121.081818,22.835487],[121.081898,22.8359],[121.082245,22.83584],[121.082338,22.835993],[121.083123,22.835842]]]}},{"type":"Feature","properties":{"id":"49a0ec644e81","name":"臺東縣卑南鄉賓朗國民小學","level":"國小","basis":"both","data_ym":"201704"},"geometry":{"type":"Polygon","coordinates":[[[121.093622,22.806472],[121.093162,22.806364],[121.093017,22.806858],[121.092972,22.80698],[121.092963,22.807028],[121.092854,22.807409],[121.092725,22.807833],[121.092679,22.807968],[121.092779,22.807999],[121.092818,22.808002],[121.092972,22.807504],[121.09395,22.80741],[121.093956,22.807393],[121.094123,22.807147],[121.094215,22.807046],[121.094282,22.806966],[121.094372,22.80691],[121.094381,22.806879],[121.094424,22.806853],[121.094431,22.806833],[121.094451,22.80671],[121.09445,22.80669],[121.094439,22.806675],[121.093622,22.806472]]]}},{"type":"Feature","properties":{"id":"b4264fb9ceeb","name":"臺東縣臺東市豐田國民小學","level":"國小","basis":"name","data_ym":"202211"},"geometry":{"type":"Polygon","coordinates":[[[121.086902,22.775037],[121.086893,22.774659],[121.085467,22.77468],[121.085469,22.774772],[121.085454,22.774775],[121.085446,22.775088],[121.085436,22.775222],[121.085444,22.775766],[121.085847,22.775753],[121.086879,22.775734],[121.08687,22.775469],[121.086871,22.775212],[121.086912,22.775211],[121.086902,22.775037]]]}},{"type":"Feature","properties":{"id":"214d7c0ff285","name":"臺東縣海端鄉廣原國民小學1","level":"國小","basis":"both","data_ym":"201006"},"geometry":{"type":"Polygon","coordinates":[[[121.20684,23.14903],[121.206912,23.148852],[121.206772,23.148794],[121.206254,23.148519],[121.206035,23.148825],[121.206099,23.148865],[121.206038,23.148944],[121.205961,23.148935],[121.205657,23.149504],[121.206313,23.149866],[121.206297,23.149891],[121.206429,23.149963],[121.206493,23.14985],[121.206691,23.14937],[121.20684,23.14903]]]}},{"type":"Feature","properties":{"id":"2bf6e6f4db0f","name":"臺東縣海端鄉廣原國民小學","level":"國小","basis":"both","data_ym":"201812"},"geometry":{"type":"Polygon","coordinates":[[[121.20706,23.150211],[121.207247,23.150053],[121.207375,23.15017],[121.207514,23.150035],[121.207401,23.149925],[121.207628,23.149725],[121.207221,23.149328],[121.207405,23.149154],[121.207234,23.148981],[121.206989,23.148853],[121.206969,23.148912],[121.206911,23.149048],[121.206689,23.149535],[121.206592,23.149767],[121.20706,23.150211]]]}},{"type":"Feature","properties":{"id":"fab6ffe969e3","name":"臺東縣蘭嶼鄉朗島國民小學","level":"國小","basis":"both","data_ym":"202012"},"geometry":{"type":"Polygon","coordinates":[[[121.528969,22.079589],[121.528805,22.079359],[121.528711,22.079419],[121.528686,22.079387],[121.528542,22.079482],[121.528518,22.079446],[121.528423,22.0795],[121.528347,22.079388],[121.528352,22.079385],[121.528295,22.079307],[121.528179,22.079242],[121.528158,22.079228],[121.528133,22.079197],[121.527715,22.079451],[121.527822,22.079641],[121.526771,22.080096],[121.526784,22.08012],[121.527838,22.080336],[121.527899,22.080346],[121.527942,22.080345],[121.528002,22.080338],[121.528102,22.080317],[121.528157,22.080286],[121.528198,22.080252],[121.528969,22.079589]]]}},{"type":"Feature","properties":{"id":"4b979247907b","name":"臺東縣立蘭嶼高級中學","level":"高中職","basis":"both","data_ym":"202012"},"geometry":{"type":"Polygon","coordinates":[[[121.512013,22.049991],[121.512076,22.049793],[121.51207,22.049791],[121.512094,22.049739],[121.512169,22.04977],[121.512367,22.049311],[121.512258,22.049278],[121.512322,22.049101],[121.512364,22.048966],[121.512382,22.048967],[121.51242,22.04884],[121.512468,22.048631],[121.512469,22.048592],[121.512456,22.048563],[121.512445,22.048548],[121.512425,22.048532],[121.512332,22.048502],[121.512198,22.048433],[121.512153,22.04848],[121.512027,22.048442],[121.511964,22.048416],[121.5119,22.048387],[121.511852,22.04836],[121.51171,22.048254],[121.51165,22.048219],[121.511592,22.048189],[121.511512,22.048157],[121.511412,22.04814],[121.511336,22.048139],[121.511201,22.048156],[121.511145,22.048157],[121.51108,22.04815],[121.510931,22.048115],[121.510554,22.047998],[121.51048,22.047992],[121.510432,22.048003],[121.510418,22.048012],[121.510391,22.048042],[121.510325,22.048173],[121.510207,22.048456],[121.510184,22.048487],[121.510148,22.048519],[121.510137,22.048557],[121.510144,22.048578],[121.510242,22.048761],[121.510313,22.048869],[121.510361,22.048923],[121.510807,22.049343],[121.511109,22.049588],[121.511198,22.049683],[121.511256,22.049762],[121.511375,22.049939],[121.511554,22.04989],[121.511608,22.049941],[121.511623,22.049979],[121.511732,22.049924],[121.512013,22.049991]]]}},{"type":"Feature","properties":{"id":"7b21875aee66","name":"臺東縣蘭嶼鄉東清國民小學","level":"國小","basis":"both","data_ym":"202012"},"geometry":{"type":"Polygon","coordinates":[[[121.564721,22.057195],[121.565214,22.057091],[121.565227,22.057085],[121.564926,22.05656],[121.564867,22.056477],[121.5648,22.056418],[121.56475,22.056398],[121.5643,22.056292],[121.564353,22.05656],[121.564312,22.056667],[121.564308,22.056896],[121.564138,22.056965],[121.564157,22.057013],[121.564153,22.057015],[121.564169,22.057052],[121.564172,22.057051],[121.564246,22.057236],[121.564461,22.057167],[121.564465,22.057177],[121.564532,22.057152],[121.564573,22.057247],[121.564721,22.057195]]]}},{"type":"Feature","properties":{"id":"e30b468b7bc2","name":"臺東縣蘭嶼鄉椰油國民小學","level":"國小","basis":"both","data_ym":"202012"},"geometry":{"type":"Polygon","coordinates":[[[121.517183,22.046199],[121.517287,22.046055],[121.51732,22.046071],[121.517267,22.046138],[121.517384,22.046043],[121.517427,22.04599],[121.517524,22.045842],[121.517596,22.045702],[121.517771,22.045318],[121.517968,22.044923],[121.518107,22.044655],[121.517925,22.044575],[121.517716,22.044462],[121.517588,22.04457],[121.517278,22.044419],[121.516735,22.045237],[121.516806,22.045562],[121.517026,22.045844],[121.516938,22.046248],[121.517083,22.046263],[121.517101,22.046257],[121.517183,22.046199]]]}},{"type":"Feature","properties":{"id":"3cb40d2bf4d9","name":"臺東縣蘭嶼鄉蘭嶼國民小學","level":"國小","basis":"both","data_ym":"202209"},"geometry":{"type":"Polygon","coordinates":[[[121.563423,22.019417],[121.563446,22.019375],[121.563485,22.019385],[121.56358,22.019286],[121.563639,22.019193],[121.56365,22.019135],[121.563644,22.019036],[121.56361,22.018919],[121.563557,22.018826],[121.563527,22.018784],[121.563214,22.018567],[121.563141,22.018511],[121.563079,22.018458],[121.562926,22.0186],[121.562481,22.018997],[121.56231,22.019157],[121.56229,22.019138],[121.562241,22.019039],[121.562136,22.01916],[121.562246,22.019195],[121.56199,22.019441],[121.562131,22.019553],[121.56241,22.019789],[121.562468,22.019826],[121.562531,22.019837],[121.562571,22.019832],[121.562757,22.019791],[121.562834,22.019764],[121.562987,22.019695],[121.563111,22.019635],[121.56331,22.019513],[121.563423,22.019417]]]}},{"type":"Feature","properties":{"id":"ac0f8e15134d","name":"臺東縣卑南鄉利嘉國民小學","level":"國小","basis":"both","data_ym":"202412"},"geometry":{"type":"Polygon","coordinates":[[[121.062243,22.777584],[121.062431,22.777449],[121.062452,22.777475],[121.062549,22.777387],[121.062733,22.777564],[121.063072,22.77731],[121.063102,22.777345],[121.063196,22.777281],[121.063843,22.77708],[121.063483,22.77666],[121.063006,22.776041],[121.062264,22.776331],[121.062077,22.776411],[121.06185,22.776494],[121.061852,22.776622],[121.061931,22.776741],[121.06199,22.776856],[121.061591,22.77711],[121.061767,22.777298],[121.061812,22.777336],[121.062001,22.777473],[121.062182,22.77762],[121.062189,22.77762],[121.062243,22.777584]]]}},{"type":"Feature","properties":{"id":"3f4d6c668a00","name":"國立臺東大學附屬體育高級中學附設國民中學","level":"國中","basis":"name","data_ym":"202501"},"geometry":{"type":"Polygon","coordinates":[[[121.080589,22.765858],[121.080963,22.765648],[121.081409,22.76539],[121.07957,22.761053],[121.078417,22.761472],[121.078059,22.761609],[121.077528,22.761801],[121.077027,22.761976],[121.075807,22.76242],[121.075315,22.762588],[121.072432,22.763637],[121.072932,22.765486],[121.074679,22.765665],[121.076334,22.765801],[121.076371,22.7658],[121.077085,22.765869],[121.077492,22.765915],[121.078437,22.766012],[121.07918,22.766079],[121.080126,22.766152],[121.08029,22.76604],[121.080589,22.765858]]]}},{"type":"Feature","properties":{"id":"e807a0a70392","name":"臺東縣卑南鄉大南國民小學","level":"國小","basis":"both","data_ym":"202211"},"geometry":{"type":"Polygon","coordinates":[[[121.044434,22.765347],[121.044066,22.765227],[121.043757,22.765118],[121.043688,22.765075],[121.043984,22.764799],[121.044191,22.764431],[121.043521,22.764],[121.043386,22.764033],[121.04327,22.76417],[121.043172,22.764143],[121.042944,22.764321],[121.043002,22.764379],[121.042999,22.764383],[121.043008,22.764391],[121.042995,22.764404],[121.043,22.76441],[121.042948,22.76446],[121.042709,22.764752],[121.043461,22.765323],[121.043494,22.765344],[121.043579,22.765234],[121.043665,22.765276],[121.043944,22.765335],[121.044202,22.765415],[121.044612,22.765619],[121.044713,22.765455],[121.044434,22.765347]]]}},{"type":"Feature","properties":{"id":"d67870529b63","name":"臺東縣卑南鄉太平國民小學","level":"國小","basis":"both","data_ym":"201006"},"geometry":{"type":"Polygon","coordinates":[[[121.077143,22.79159],[121.077428,22.791377],[121.076412,22.790263],[121.075393,22.791046],[121.075531,22.791224],[121.075564,22.791281],[121.075573,22.791318],[121.075634,22.791274],[121.075873,22.791492],[121.075876,22.791489],[121.076064,22.791666],[121.07618,22.791782],[121.076204,22.791799],[121.076597,22.791481],[121.076974,22.791914],[121.077243,22.791704],[121.077143,22.79159]]]}},{"type":"Feature","properties":{"id":"17cebae76156","name":"臺東縣延平鄉紅葉國民小學","level":"國小","basis":"both","data_ym":"202211"},"geometry":{"type":"Polygon","coordinates":[[[121.064306,22.893638],[121.064066,22.892733],[121.063325,22.892845],[121.063262,22.89261],[121.06303,22.892664],[121.063292,22.8936],[121.063307,22.89369],[121.063321,22.893707],[121.063375,22.893735],[121.063475,22.893753],[121.06362,22.893768],[121.063534,22.893395],[121.063728,22.893356],[121.063826,22.89379],[121.064023,22.893811],[121.064161,22.89381],[121.064154,22.893728],[121.064307,22.893672],[121.064306,22.893638]]]}},{"type":"Feature","properties":{"id":"39b9cfd798aa","name":"臺東縣海端鄉加拿國民小學","level":"國小","basis":"both","data_ym":"201812"},"geometry":{"type":"Polygon","coordinates":[[[121.131597,23.002107],[121.131276,23.00083],[121.131192,23.000861],[121.130754,23.000949],[121.130591,23.000987],[121.130558,23.001006],[121.130541,23.001027],[121.130538,23.001093],[121.130591,23.001385],[121.130678,23.001812],[121.130721,23.00206],[121.131293,23.002148],[121.131433,23.002194],[121.13145,23.002194],[121.131501,23.002183],[121.131564,23.002155],[121.131583,23.002135],[121.131597,23.002107]]]}},{"type":"Feature","properties":{"id":"24bc4bbe8c01","name":"臺東縣海端鄉霧鹿國民小學","level":"國小","basis":"both","data_ym":"201611"},"geometry":{"type":"Polygon","coordinates":[[[121.040739,23.169211],[121.04119,23.169325],[121.041777,23.169687],[121.042212,23.169156],[121.04228,23.169149],[121.04236,23.169035],[121.042164,23.168894],[121.042135,23.16893],[121.041504,23.168505],[121.041162,23.168926],[121.041069,23.168874],[121.041009,23.16895],[121.040892,23.168907],[121.040773,23.168875],[121.040707,23.168845],[121.040689,23.16894],[121.040686,23.169009],[121.04069,23.169056],[121.040708,23.16914],[121.040739,23.169211]]]}},{"type":"Feature","properties":{"id":"fc13e69bac31","name":"臺東縣立綠島國民中學","level":"國中","basis":"both","data_ym":"201006"},"geometry":{"type":"Polygon","coordinates":[[[121.470803,22.672687],[121.470725,22.672612],[121.470703,22.672617],[121.470357,22.672791],[121.470292,22.672807],[121.470518,22.673109],[121.47019,22.673315],[121.470654,22.673646],[121.470704,22.673687],[121.470986,22.673887],[121.471039,22.673921],[121.471051,22.673919],[121.471626,22.673682],[121.471463,22.673468],[121.471159,22.673143],[121.470923,22.672917],[121.470768,22.672728],[121.470803,22.672687]]]}},{"type":"Feature","properties":{"id":"560731b3aa31","name":"臺東縣綠島鄉公館國民小學","level":"國小","basis":"both","data_ym":"201704"},"geometry":{"type":"Polygon","coordinates":[[[121.493398,22.674785],[121.493264,22.674478],[121.493248,22.674411],[121.493233,22.674103],[121.493215,22.674057],[121.493196,22.674029],[121.493177,22.674019],[121.493134,22.674019],[121.492984,22.674065],[121.492871,22.674077],[121.492774,22.674072],[121.492637,22.674046],[121.492543,22.674037],[121.492451,22.674052],[121.492411,22.674041],[121.492453,22.6742],[121.492619,22.67417],[121.492626,22.67436],[121.492596,22.674595],[121.492603,22.674644],[121.492677,22.674804],[121.492733,22.674782],[121.492813,22.674953],[121.492879,22.67496],[121.492917,22.674957],[121.493434,22.674857],[121.493398,22.674785]]]}},{"type":"Feature","properties":{"id":"3e0805e3629f","name":"臺東縣臺東市新園國民小學","level":"國小","basis":"name","data_ym":"201810"},"geometry":{"type":"Polygon","coordinates":[[[121.06294,22.7653],[121.063123,22.764747],[121.063132,22.764731],[121.062695,22.76468],[121.062632,22.764679],[121.062632,22.764689],[121.062584,22.764688],[121.062584,22.764699],[121.062464,22.764689],[121.062242,22.765081],[121.062259,22.765086],[121.062248,22.765119],[121.062223,22.765113],[121.062199,22.765148],[121.062112,22.765431],[121.062086,22.765585],[121.062866,22.765646],[121.06294,22.7653]]]}}]}