{"type":"FeatureCollection","county":"花蓮縣","features":[{"type":"Feature","properties":{"id":"1c14f6587429","name":"花蓮縣立平和國民中學1","level":"國中","basis":"both","data_ym":"202601"},"geometry":{"type":"Polygon","coordinates":[[[121.518413,23.884761],[121.518824,23.884319],[121.518807,23.88432],[121.518733,23.884266],[121.519061,23.883704],[121.518886,23.883575],[121.518871,23.883568],[121.518765,23.883526],[121.518351,23.883389],[121.518269,23.883382],[121.518138,23.883423],[121.517972,23.883497],[121.517837,23.883623],[121.517715,23.883776],[121.517627,23.883959],[121.51806,23.884361],[121.518022,23.884407],[121.517627,23.884267],[121.517552,23.884179],[121.517458,23.884139],[121.517231,23.884591],[121.517093,23.884899],[121.516988,23.885147],[121.516712,23.885773],[121.516537,23.886211],[121.516537,23.886223],[121.516547,23.886238],[121.516583,23.886257],[121.516697,23.886296],[121.517386,23.886521],[121.517437,23.886535],[121.517494,23.886537],[121.517517,23.886528],[121.517546,23.886504],[121.517629,23.886399],[121.51771,23.886257],[121.517757,23.886156],[121.517819,23.885959],[121.517835,23.885922],[121.517848,23.885901],[121.517921,23.885832],[121.517943,23.885599],[121.51803,23.885184],[121.518051,23.885107],[121.518068,23.885075],[121.518133,23.884995],[121.518413,23.884761]]]}},{"type":"Feature","properties":{"id":"77824e59c318","name":"花蓮縣吉安鄉南華國民小學","level":"國小","basis":"both","data_ym":"202601"},"geometry":{"type":"Polygon","coordinates":[[[121.548061,23.948891],[121.548021,23.948584],[121.547662,23.948655],[121.547645,23.94859],[121.547763,23.948571],[121.547971,23.948523],[121.548007,23.948477],[121.547935,23.947924],[121.547764,23.946699],[121.547693,23.946668],[121.546726,23.947138],[121.54696,23.947665],[121.547132,23.948111],[121.547187,23.948216],[121.547531,23.949001],[121.548061,23.948891]]]}},{"type":"Feature","properties":{"id":"397e1ce9eb7b","name":"花蓮縣花蓮市中正國民小學","level":"國小","basis":"name","data_ym":"202512"},"geometry":{"type":"Polygon","coordinates":[[[121.601029,23.970774],[121.600926,23.970652],[121.600915,23.970659],[121.600648,23.970368],[121.599146,23.971675],[121.599142,23.971732],[121.599788,23.972155],[121.599834,23.9721],[121.599875,23.97206],[121.600114,23.971872],[121.600295,23.971737],[121.600428,23.971645],[121.600722,23.971409],[121.60115,23.971076],[121.600928,23.970848],[121.601029,23.970774]]]}},{"type":"Feature","properties":{"id":"6d87a9af117f","name":"上騰學校財團法人花蓮縣上騰高級工商職業學校","level":"高中職","basis":"name","data_ym":"202601"},"geometry":{"type":"Polygon","coordinates":[[[121.559205,23.972371],[121.55867,23.971543],[121.557914,23.971962],[121.557513,23.972179],[121.557505,23.972169],[121.557495,23.972169],[121.556512,23.97271],[121.556452,23.972747],[121.556447,23.972758],[121.557005,23.973641],[121.558518,23.972785],[121.558496,23.972752],[121.559205,23.972371]]]}},{"type":"Feature","properties":{"id":"d06e8103adcd","name":"花蓮縣私立海星小學1","level":"其他","basis":"none","data_ym":"202601"},"geometry":{"type":"Polygon","coordinates":[[[121.625638,23.99173],[121.625064,23.991075],[121.624821,23.99124],[121.625116,23.991592],[121.625384,23.991895],[121.625638,23.99173]]]}},{"type":"Feature","properties":{"id":"a4594d81b2c0","name":"花蓮縣私立海星國民小學","level":"國小","basis":"both","data_ym":"202601"},"geometry":{"type":"Polygon","coordinates":[[[121.624968,23.991593],[121.624919,23.991582],[121.624078,23.992185],[121.624427,23.992584],[121.625269,23.991976],[121.625269,23.991937],[121.624968,23.991593]]]}},{"type":"Feature","properties":{"id":"3534c38129eb","name":"慈濟學校財團法人慈濟大學建國校區","level":"大專","basis":"branch","data_ym":"202601"},"geometry":{"type":"Polygon","coordinates":[[[121.567999,23.997284],[121.568026,23.997148],[121.567697,23.997091],[121.567521,23.997067],[121.567308,23.997051],[121.566785,23.997037],[121.566769,23.996972],[121.566813,23.99692],[121.566754,23.996831],[121.566554,23.996685],[121.566418,23.996437],[121.566329,23.996302],[121.566254,23.996178],[121.566175,23.996076],[121.566161,23.996041],[121.566109,23.996024],[121.566097,23.996004],[121.566062,23.996001],[121.566006,23.996006],[121.565928,23.996027],[121.565765,23.996093],[121.565771,23.996109],[121.565617,23.996169],[121.565559,23.996198],[121.565507,23.996232],[121.565512,23.996252],[121.565388,23.996319],[121.565282,23.996068],[121.565181,23.996113],[121.565156,23.996148],[121.565135,23.996193],[121.565133,23.996216],[121.565177,23.996344],[121.565069,23.996373],[121.565039,23.99629],[121.565011,23.996245],[121.564984,23.996226],[121.564953,23.996218],[121.564899,23.996227],[121.564428,23.99637],[121.563759,23.996587],[121.561313,23.997325],[121.560986,23.997729],[121.561132,23.997727],[121.562162,23.99778],[121.563085,23.997267],[121.563094,23.997306],[121.562753,23.997748],[121.563315,23.997739],[121.563515,23.997796],[121.563777,23.998153],[121.563793,23.998316],[121.563714,23.998415],[121.563744,23.998536],[121.563723,23.99857],[121.563599,23.998604],[121.564183,23.998781],[121.564947,23.999024],[121.565738,23.999227],[121.566483,23.999404],[121.566267,23.998984],[121.566495,23.998871],[121.566684,23.998742],[121.566785,23.998589],[121.566861,23.998401],[121.566908,23.998245],[121.566752,23.997816],[121.56691,23.99778],[121.566725,23.99715],[121.567385,23.997185],[121.567606,23.997208],[121.567999,23.997284]]]}},{"type":"Feature","properties":{"id":"5c44aec22658","name":"國立花蓮高級工業職業學校","level":"高中職","basis":"name","data_ym":"202511"},"geometry":{"type":"Polygon","coordinates":[[[121.62054,23.998856],[121.620731,23.998304],[121.620787,23.998325],[121.621142,23.997243],[121.621144,23.997234],[121.621129,23.997201],[121.620511,23.99702],[121.619415,23.996714],[121.618877,23.996555],[121.618663,23.996497],[121.618651,23.996536],[121.618603,23.996526],[121.618514,23.996989],[121.618578,23.997001],[121.618534,23.997197],[121.618517,23.99735],[121.618485,23.997351],[121.618039,23.997241],[121.617615,23.998612],[121.617483,23.999113],[121.617444,23.999333],[121.617426,23.999474],[121.617426,23.999511],[121.617452,23.999553],[121.617515,23.999565],[121.617569,23.999582],[121.617828,23.999672],[121.619755,24.000277],[121.62002,24.000379],[121.620116,24.000429],[121.620609,23.998907],[121.620581,23.99888],[121.62054,23.998856]]]}},{"type":"Feature","properties":{"id":"22aad551856d","name":"花蓮縣秀林鄉水源國民小學","level":"國小","basis":"both","data_ym":"202601"},"geometry":{"type":"Polygon","coordinates":[[[121.556832,24.002997],[121.556645,24.002984],[121.556575,24.003071],[121.556193,24.003277],[121.555798,24.003523],[121.555835,24.003613],[121.555858,24.003712],[121.555893,24.003825],[121.55594,24.00394],[121.556083,24.004143],[121.556184,24.004255],[121.556216,24.004285],[121.556263,24.004307],[121.556327,24.004317],[121.556378,24.004338],[121.556463,24.004386],[121.556685,24.004548],[121.556706,24.004555],[121.556785,24.004562],[121.556835,24.004559],[121.55683,24.004536],[121.55739,24.004376],[121.557459,24.004366],[121.55724,24.004057],[121.556973,24.003692],[121.557086,24.003612],[121.55711,24.003504],[121.556832,24.002997]]]}},{"type":"Feature","properties":{"id":"9de85e44c660","name":"花蓮縣花蓮市國福國民小學","level":"國小","basis":"name","data_ym":"202601"},"geometry":{"type":"Polygon","coordinates":[[[121.580264,24.008556],[121.580006,24.008479],[121.579921,24.008432],[121.579619,24.008249],[121.579366,24.008087],[121.579027,24.008339],[121.579171,24.00849],[121.579175,24.008487],[121.579264,24.008579],[121.579261,24.008581],[121.579443,24.008766],[121.579526,24.008868],[121.579463,24.008921],[121.579519,24.00897],[121.579444,24.00902],[121.579522,24.009065],[121.579946,24.009271],[121.580485,24.009521],[121.580741,24.009306],[121.580876,24.009171],[121.581152,24.008865],[121.581156,24.008849],[121.580264,24.008556]]]}},{"type":"Feature","properties":{"id":"e50890d40677","name":"國立東華大學美崙校區(創新研究園區)","level":"其他","basis":"none","data_ym":"202601"},"geometry":{"type":"Polygon","coordinates":[[[121.619119,24.010632],[121.619168,24.010588],[121.619182,24.010601],[121.61948,24.010357],[121.619483,24.010359],[121.61966,24.010228],[121.619979,24.009988],[121.62017,24.009827],[121.620345,24.009693],[121.620675,24.009429],[121.620862,24.009295],[121.621128,24.009073],[121.621134,24.009079],[121.621386,24.008871],[121.62185,24.008509],[121.621761,24.008494],[121.620935,24.008237],[121.62059,24.008183],[121.620441,24.008147],[121.620316,24.008098],[121.620099,24.008038],[121.620069,24.008047],[121.619954,24.008026],[121.619955,24.008016],[121.619889,24.008006],[121.619718,24.007997],[121.619631,24.008035],[121.618891,24.007801],[121.618759,24.007768],[121.618668,24.007754],[121.618251,24.00776],[121.618075,24.007777],[121.618011,24.007789],[121.617983,24.007783],[121.617623,24.007741],[121.617631,24.00769],[121.617434,24.007671],[121.617423,24.007673],[121.617372,24.007662],[121.617358,24.007645],[121.61735,24.007627],[121.6173,24.007484],[121.617257,24.007375],[121.61723,24.007318],[121.616986,24.007514],[121.616766,24.007699],[121.616693,24.007753],[121.616677,24.007909],[121.616583,24.007984],[121.616459,24.007974],[121.61605,24.008319],[121.617441,24.009813],[121.617669,24.010078],[121.618156,24.010586],[121.618229,24.010527],[121.618312,24.010623],[121.618242,24.01068],[121.618346,24.010813],[121.618591,24.011083],[121.61913,24.010643],[121.619119,24.010632]]]}},{"type":"Feature","properties":{"id":"17c982a94518","name":"花蓮縣立新城國民中學","level":"國中","basis":"both","data_ym":"202601"},"geometry":{"type":"Polygon","coordinates":[[[121.604807,24.031099],[121.60482,24.03107],[121.604838,24.031077],[121.605207,24.030105],[121.604977,24.030039],[121.604533,24.029901],[121.603683,24.029647],[121.603647,24.029658],[121.603575,24.029795],[121.603333,24.030212],[121.603481,24.03023],[121.603457,24.030507],[121.603439,24.030841],[121.603447,24.030842],[121.603445,24.030854],[121.603711,24.030907],[121.604287,24.031004],[121.60439,24.03104],[121.60442,24.03097],[121.604807,24.031099]]]}},{"type":"Feature","properties":{"id":"2c9e807b7f9e","name":"花蓮縣新城鄉北埔國民小學","level":"國小","basis":"both","data_ym":"202601"},"geometry":{"type":"Polygon","coordinates":[[[121.605749,24.033075],[121.605767,24.033061],[121.606005,24.03232],[121.605993,24.032306],[121.606059,24.032096],[121.606086,24.032083],[121.606268,24.03148],[121.605069,24.031141],[121.60502,24.031168],[121.604453,24.032635],[121.604477,24.032654],[121.604544,24.032681],[121.605731,24.033074],[121.605749,24.033075]]]}},{"type":"Feature","properties":{"id":"99e08f0f61f2","name":"花蓮縣秀林鄉佳民國民小學","level":"國小","basis":"both","data_ym":"202601"},"geometry":{"type":"Polygon","coordinates":[[[121.599888,24.053895],[121.599135,24.052916],[121.59894,24.053002],[121.59902,24.053143],[121.598358,24.053416],[121.598199,24.05349],[121.598196,24.053502],[121.598201,24.053504],[121.598184,24.05359],[121.598179,24.053589],[121.598141,24.053775],[121.597993,24.054327],[121.598051,24.054333],[121.598129,24.054363],[121.598151,24.054384],[121.598332,24.05462],[121.598522,24.054558],[121.598626,24.05451],[121.599888,24.053895]]]}},{"type":"Feature","properties":{"id":"24659d5406ec","name":"花蓮縣秀林鄉景美國民小學","level":"國小","basis":"both","data_ym":"202512"},"geometry":{"type":"Polygon","coordinates":[[[121.606554,24.083235],[121.60664,24.083214],[121.606647,24.083238],[121.606729,24.083219],[121.606571,24.082836],[121.6064,24.082374],[121.60639,24.082376],[121.606355,24.082292],[121.606367,24.082287],[121.606272,24.082056],[121.606203,24.082067],[121.606103,24.082103],[121.60605,24.082137],[121.60594,24.082275],[121.605625,24.082467],[121.605869,24.083109],[121.606165,24.083009],[121.606281,24.083344],[121.606389,24.083278],[121.606453,24.083255],[121.606554,24.083235]]]}},{"type":"Feature","properties":{"id":"bde827f625b2","name":"花蓮縣秀林鄉秀林國民小學","level":"國小","basis":"both","data_ym":"202601"},"geometry":{"type":"Polygon","coordinates":[[[121.624593,24.118153],[121.624712,24.118088],[121.624832,24.118151],[121.625101,24.118004],[121.624946,24.117708],[121.624697,24.117309],[121.624816,24.117213],[121.624589,24.117009],[121.62453,24.116968],[121.624474,24.116953],[121.624397,24.116957],[121.6243,24.116985],[121.624123,24.117047],[121.624012,24.117114],[121.623972,24.117157],[121.623941,24.11725],[121.623934,24.117399],[121.62398,24.117527],[121.624249,24.118016],[121.624387,24.118255],[121.624593,24.118153]]]}},{"type":"Feature","properties":{"id":"9d9685baebf3","name":"花蓮縣立秀林國民中學","level":"國中","basis":"both","data_ym":"202601"},"geometry":{"type":"Polygon","coordinates":[[[121.654038,24.12562],[121.654045,24.125619],[121.654396,24.125927],[121.654425,24.125921],[121.655002,24.125345],[121.655351,24.124969],[121.655404,24.12491],[121.655402,24.12487],[121.655393,24.124847],[121.655359,24.124799],[121.655332,24.124774],[121.655238,24.124765],[121.65514,24.124762],[121.655111,24.124772],[121.654627,24.125244],[121.654544,24.125177],[121.654604,24.125115],[121.654363,24.124902],[121.654181,24.124704],[121.654023,24.124551],[121.654082,24.124492],[121.653888,24.124279],[121.653022,24.125159],[121.653216,24.125318],[121.652852,24.125704],[121.652982,24.125813],[121.652854,24.125954],[121.653315,24.126333],[121.653405,24.126249],[121.653809,24.12584],[121.65395,24.125711],[121.654038,24.12562]]]}},{"type":"Feature","properties":{"id":"9637a095f991","name":"花蓮縣秀林鄉西寶國民小學","level":"國小","basis":"both","data_ym":"202601"},"geometry":{"type":"Polygon","coordinates":[[[121.483316,24.206642],[121.483199,24.206506],[121.482893,24.206619],[121.482831,24.20658],[121.482752,24.206517],[121.482724,24.206538],[121.482577,24.206482],[121.482532,24.206521],[121.482497,24.206538],[121.482427,24.206509],[121.482377,24.206479],[121.482361,24.206465],[121.482223,24.206462],[121.482235,24.20638],[121.482052,24.206366],[121.482025,24.206382],[121.48195,24.206379],[121.481947,24.206453],[121.482029,24.206456],[121.482018,24.206547],[121.482161,24.206638],[121.48201,24.206854],[121.482094,24.206901],[121.48196,24.207081],[121.482006,24.207114],[121.481964,24.207355],[121.481952,24.207481],[121.482435,24.207483],[121.482481,24.207448],[121.482622,24.207301],[121.482802,24.207189],[121.48297,24.20711],[121.483045,24.207042],[121.483055,24.206998],[121.483316,24.206642]]]}},{"type":"Feature","properties":{"id":"501b0d99dd4a","name":"花蓮縣壽豐鄉平和國民小學","level":"國小","basis":"both","data_ym":"202110"},"geometry":{"type":"Polygon","coordinates":[[[121.520081,23.883967],[121.520066,23.88395],[121.52007,23.883948],[121.519907,23.883755],[121.519726,23.883923],[121.519519,23.883748],[121.519505,23.883662],[121.519406,23.883546],[121.5193,23.883664],[121.519255,23.883802],[121.519255,23.883856],[121.51924,23.883882],[121.519164,23.883953],[121.519129,23.883963],[121.519089,23.883959],[121.518999,23.884178],[121.519056,23.884212],[121.519276,23.884389],[121.51954,23.884589],[121.519732,23.884751],[121.520146,23.884409],[121.519904,23.884136],[121.520019,23.884041],[121.520006,23.884026],[121.520081,23.883967]]]}},{"type":"Feature","properties":{"id":"fdf798488ca5","name":"花蓮縣立平和國民中學","level":"國中","basis":"both","data_ym":"202205"},"geometry":{"type":"Polygon","coordinates":[[[121.51848,23.88647],[121.518577,23.886422],[121.518582,23.886423],[121.518588,23.886434],[121.518661,23.886401],[121.518739,23.886397],[121.5188,23.886378],[121.51884,23.886356],[121.518911,23.886299],[121.519009,23.886197],[121.519138,23.886055],[121.519227,23.885973],[121.519304,23.885866],[121.519493,23.88567],[121.519619,23.885582],[121.51917,23.885068],[121.518866,23.884727],[121.518826,23.884688],[121.518767,23.884641],[121.518758,23.884614],[121.518763,23.884571],[121.518818,23.884431],[121.518765,23.884436],[121.518751,23.884448],[121.518721,23.884497],[121.518679,23.884594],[121.518541,23.884743],[121.518176,23.885069],[121.518133,23.885156],[121.518117,23.885199],[121.518,23.885699],[121.517989,23.885842],[121.517991,23.885907],[121.51801,23.885946],[121.518398,23.886368],[121.518393,23.886371],[121.51848,23.88647]]]}},{"type":"Feature","properties":{"id":"ec0917b5adc7","name":"花蓮縣壽豐鄉志學國民小學","level":"國小","basis":"both","data_ym":"202110"},"geometry":{"type":"Polygon","coordinates":[[[121.531923,23.905112],[121.532179,23.904995],[121.532278,23.904933],[121.532224,23.904848],[121.532488,23.904709],[121.53225,23.904399],[121.531982,23.903985],[121.531885,23.903819],[121.53187,23.903831],[121.531847,23.903806],[121.531868,23.90379],[121.531816,23.903706],[121.531559,23.903349],[121.530844,23.903765],[121.531005,23.904136],[121.531069,23.904259],[121.531061,23.90438],[121.531335,23.904855],[121.531292,23.904877],[121.531429,23.905122],[121.531464,23.905107],[121.531571,23.905308],[121.531923,23.905112]]]}},{"type":"Feature","properties":{"id":"5406d4b8ba32","name":"國立東華大學","level":"大專","basis":"both","data_ym":"201711"},"geometry":{"type":"Polygon","coordinates":[[[121.538407,23.904144],[121.538428,23.904142],[121.538805,23.904305],[121.538826,23.904308],[121.538848,23.904304],[121.538876,23.90429],[121.53971,23.90351],[121.539722,23.903503],[121.53973,23.903503],[121.540131,23.903115],[121.541739,23.901601],[121.544998,23.902913],[121.545025,23.902864],[121.54504,23.902851],[121.54505,23.902847],[121.545079,23.902855],[121.545567,23.903053],[121.545663,23.903096],[121.547953,23.904015],[121.547974,23.90402],[121.548002,23.904019],[121.548063,23.904003],[121.548095,23.90398],[121.548206,23.903874],[121.548272,23.903818],[121.548308,23.903781],[121.548357,23.903708],[121.550128,23.900571],[121.550685,23.899564],[121.550892,23.899206],[121.551174,23.898668],[121.552721,23.895496],[121.552752,23.89542],[121.552766,23.895366],[121.552767,23.895347],[121.55276,23.895329],[121.552737,23.895312],[121.548651,23.893629],[121.548658,23.893618],[121.5485,23.893556],[121.548496,23.893565],[121.547637,23.893206],[121.547408,23.893117],[121.54697,23.89293],[121.546549,23.892767],[121.54624,23.892639],[121.54595,23.892613],[121.545734,23.892579],[121.545624,23.892553],[121.545162,23.892362],[121.545097,23.89239],[121.544987,23.892417],[121.544926,23.892419],[121.544877,23.892413],[121.544777,23.89238],[121.544757,23.892422],[121.544703,23.8924],[121.544722,23.892355],[121.544618,23.89231],[121.544215,23.892154],[121.544015,23.892054],[121.543956,23.892009],[121.543912,23.891963],[121.543876,23.891898],[121.543842,23.89182],[121.543451,23.891656],[121.543412,23.891638],[121.543297,23.891573],[121.543216,23.891518],[121.543043,23.891384],[121.542956,23.891303],[121.542914,23.891269],[121.542882,23.891251],[121.542563,23.891121],[121.54159,23.890713],[121.538751,23.889557],[121.5377,23.889119],[121.535808,23.888343],[121.535406,23.888181],[121.535379,23.888182],[121.535352,23.88819],[121.535322,23.888209],[121.535303,23.888245],[121.535254,23.888448],[121.534976,23.889761],[121.534899,23.890167],[121.53481,23.890593],[121.534334,23.892809],[121.534308,23.892903],[121.534171,23.893227],[121.534157,23.893286],[121.534112,23.893516],[121.534027,23.893901],[121.533648,23.895698],[121.533578,23.896053],[121.533476,23.896518],[121.533432,23.89675],[121.533303,23.897363],[121.533268,23.89751],[121.5328,23.899733],[121.532192,23.90268],[121.532187,23.902703],[121.532187,23.902753],[121.532199,23.902825],[121.532213,23.90286],[121.532255,23.90292],[121.53227,23.902935],[121.532346,23.902979],[121.53335,23.90339],[121.533669,23.903528],[121.534167,23.903728],[121.534929,23.904047],[121.53528,23.904229],[121.535404,23.904313],[121.535433,23.904328],[121.535539,23.904371],[121.53642,23.904788],[121.537069,23.90505],[121.53781,23.90536],[121.537829,23.905342],[121.537845,23.905311],[121.538064,23.904869],[121.538407,23.904144]]]}},{"type":"Feature","properties":{"id":"4df627405a75","name":"花蓮縣秀林鄉文蘭國民小學","level":"國小","basis":"both","data_ym":"202309"},"geometry":{"type":"Polygon","coordinates":[[[121.501963,23.921212],[121.501943,23.921201],[121.501928,23.921201],[121.50188,23.921216],[121.501784,23.921283],[121.501609,23.921415],[121.501584,23.921427],[121.501534,23.921443],[121.501404,23.921507],[121.501367,23.92153],[121.501227,23.921653],[121.500999,23.921832],[121.501065,23.921894],[121.501038,23.921919],[121.500911,23.92206],[121.500731,23.922268],[121.501257,23.9227],[121.501812,23.922722],[121.501997,23.922815],[121.501995,23.92277],[121.501998,23.922721],[121.502043,23.922637],[121.502155,23.922368],[121.502147,23.922295],[121.502148,23.922268],[121.502155,23.922248],[121.502176,23.922222],[121.502341,23.922099],[121.502351,23.92206],[121.502351,23.922045],[121.502251,23.921801],[121.502083,23.921416],[121.502015,23.921283],[121.501963,23.921212]]]}},{"type":"Feature","properties":{"id":"b215eeb8039c","name":"玉山神學院","level":"大專","basis":"name","data_ym":"202309"},"geometry":{"type":"Polygon","coordinates":[[[121.505486,23.933586],[121.505555,23.933548],[121.50569,23.933348],[121.505778,23.933297],[121.505811,23.933282],[121.505896,23.933258],[121.505976,23.933261],[121.505997,23.933267],[121.506375,23.933332],[121.50649,23.932957],[121.506606,23.932632],[121.506676,23.932407],[121.506693,23.932347],[121.506779,23.931951],[121.506877,23.931424],[121.506884,23.931314],[121.506759,23.931286],[121.506677,23.931131],[121.506579,23.930826],[121.506401,23.930502],[121.50621,23.930578],[121.506099,23.930492],[121.505829,23.930633],[121.505945,23.930882],[121.505976,23.931012],[121.505932,23.931145],[121.505817,23.931219],[121.505139,23.931228],[121.504643,23.931394],[121.504593,23.931838],[121.504477,23.932324],[121.504464,23.932466],[121.504481,23.932582],[121.504528,23.932796],[121.50455,23.933039],[121.504541,23.933477],[121.504566,23.933546],[121.504587,23.933567],[121.504632,23.933591],[121.504701,23.933594],[121.504828,23.933586],[121.505095,23.933582],[121.505287,23.933601],[121.505424,23.933602],[121.505486,23.933586]]]}},{"type":"Feature","properties":{"id":"33d0be0930aa","name":"花蓮縣吉安鄉光華國民小學","level":"國小","basis":"both","data_ym":"201804"},"geometry":{"type":"Polygon","coordinates":[[[121.579053,23.934962],[121.578936,23.93497],[121.578797,23.934987],[121.578456,23.935038],[121.576724,23.935312],[121.576714,23.93532],[121.577245,23.936158],[121.577507,23.936563],[121.577699,23.936844],[121.57802,23.936604],[121.578118,23.936538],[121.578182,23.936504],[121.579056,23.936109],[121.579615,23.935839],[121.579614,23.935803],[121.579481,23.935608],[121.579053,23.934962]]]}},{"type":"Feature","properties":{"id":"7a2ff0df0214","name":"花蓮縣秀林鄉銅蘭國民小學","level":"國小","basis":"both","data_ym":"201711"},"geometry":{"type":"Polygon","coordinates":[[[121.50753,23.947788],[121.507498,23.947699],[121.507791,23.947613],[121.507584,23.947135],[121.507494,23.947162],[121.507415,23.946966],[121.506753,23.947165],[121.506845,23.947466],[121.506914,23.947757],[121.506981,23.947739],[121.507073,23.947961],[121.50753,23.947788]]]}},{"type":"Feature","properties":{"id":"20a42f48f8bd","name":"國立花蓮高級農業職業學校畜產保健科","level":"其他","basis":"none","data_ym":"201711"},"geometry":{"type":"Polygon","coordinates":[[[121.586641,23.955357],[121.586594,23.955344],[121.584619,23.956096],[121.584573,23.956119],[121.584577,23.956128],[121.584511,23.956151],[121.584966,23.957122],[121.585061,23.957187],[121.586471,23.957713],[121.587974,23.957115],[121.587982,23.95702],[121.587905,23.956982],[121.58792,23.956959],[121.587374,23.956667],[121.587251,23.956649],[121.58706,23.95625],[121.587042,23.956231],[121.586641,23.955357]]]}},{"type":"Feature","properties":{"id":"7a4fc187e8e7","name":"花蓮縣吉安鄉化仁國民小學","level":"國小","basis":"both","data_ym":"201711"},"geometry":{"type":"Polygon","coordinates":[[[121.596564,23.962477],[121.596479,23.962365],[121.59646,23.962324],[121.596298,23.96158],[121.596218,23.961379],[121.596187,23.961312],[121.595873,23.961499],[121.59533,23.961834],[121.595409,23.962471],[121.595426,23.962469],[121.595435,23.962569],[121.595447,23.962569],[121.595471,23.962856],[121.5955,23.962863],[121.595514,23.962936],[121.595542,23.96296],[121.595665,23.96317],[121.595859,23.963465],[121.59589,23.963467],[121.596377,23.963172],[121.5968,23.962906],[121.596788,23.962796],[121.596564,23.962477]]]}},{"type":"Feature","properties":{"id":"9473c7feec39","name":"花蓮縣吉安鄉稻香國民小學","level":"國小","basis":"both","data_ym":"201711"},"geometry":{"type":"Polygon","coordinates":[[[121.5697,23.962992],[121.569194,23.9622],[121.568046,23.962822],[121.56856,23.963606],[121.5697,23.962992]]]}},{"type":"Feature","properties":{"id":"e4c2f8adf709","name":"花蓮縣秀林鄉銅門國民小學","level":"國小","basis":"both","data_ym":"202309"},"geometry":{"type":"Polygon","coordinates":[[[121.493806,23.96565],[121.494005,23.965526],[121.49398,23.965498],[121.493926,23.965529],[121.493431,23.96485],[121.493169,23.965019],[121.492895,23.965232],[121.492769,23.965093],[121.49271,23.965141],[121.492703,23.965135],[121.492613,23.965206],[121.492658,23.965251],[121.492516,23.965356],[121.492802,23.965746],[121.492763,23.96596],[121.493026,23.96604],[121.493069,23.96604],[121.493251,23.965999],[121.493785,23.965902],[121.493953,23.965866],[121.49387,23.965739],[121.493806,23.96565]]]}},{"type":"Feature","properties":{"id":"10d26bab940f","name":"花蓮縣立化仁國民中學","level":"國中","basis":"both","data_ym":"201107"},"geometry":{"type":"Polygon","coordinates":[[[121.5946,23.966171],[121.594425,23.965979],[121.594401,23.965998],[121.59351,23.965017],[121.593496,23.965012],[121.593482,23.965015],[121.593322,23.965127],[121.593331,23.965156],[121.593206,23.965245],[121.593194,23.965233],[121.592503,23.965696],[121.592574,23.965769],[121.593586,23.966883],[121.593649,23.966891],[121.593894,23.966713],[121.594217,23.966459],[121.5946,23.966171]]]}},{"type":"Feature","properties":{"id":"ea765616b074","name":"花蓮縣花蓮市信義國民小學","level":"國小","basis":"name","data_ym":"202309"},"geometry":{"type":"Polygon","coordinates":[[[121.606138,23.97073],[121.606119,23.970729],[121.605992,23.970881],[121.605697,23.97126],[121.606247,23.97161],[121.606272,23.971625],[121.606285,23.971627],[121.606298,23.971622],[121.606715,23.971105],[121.606138,23.97073]]]}},{"type":"Feature","properties":{"id":"edbca6abdb6b","name":"花蓮縣吉安鄉宜昌國民小學","level":"國小","basis":"both","data_ym":"201107"},"geometry":{"type":"Polygon","coordinates":[[[121.586982,23.970854],[121.586004,23.970188],[121.585566,23.969878],[121.584566,23.970413],[121.584547,23.970467],[121.585503,23.971303],[121.58582,23.971588],[121.586082,23.971813],[121.586902,23.971002],[121.586874,23.970977],[121.586982,23.970854]]]}},{"type":"Feature","properties":{"id":"91b6d6b247e6","name":"上騰學校財團法人花蓮縣上騰高級工商職業學校1","level":"高中職","basis":"name","data_ym":"202110"},"geometry":{"type":"Polygon","coordinates":[[[121.55506,23.972309],[121.555625,23.971997],[121.555806,23.971886],[121.555305,23.971097],[121.555273,23.971181],[121.555235,23.971378],[121.555251,23.971431],[121.555249,23.971482],[121.555238,23.971534],[121.555202,23.971621],[121.554931,23.972199],[121.554973,23.972212],[121.55499,23.972204],[121.55506,23.972309]]]}},{"type":"Feature","properties":{"id":"5cc3b348e841","name":"花蓮縣花蓮市中原國民小學","level":"國小","basis":"name","data_ym":"201107"},"geometry":{"type":"Polygon","coordinates":[[[121.5963,23.972129],[121.596449,23.971957],[121.596535,23.972027],[121.596819,23.971729],[121.596626,23.971559],[121.596593,23.971516],[121.596587,23.971493],[121.596533,23.971465],[121.596187,23.971146],[121.596084,23.971061],[121.595436,23.970482],[121.595339,23.970539],[121.595116,23.970753],[121.595169,23.970791],[121.595098,23.970858],[121.595055,23.970821],[121.594738,23.971124],[121.594968,23.971332],[121.595597,23.971967],[121.595978,23.972363],[121.596099,23.972481],[121.596359,23.972201],[121.596326,23.972175],[121.596344,23.972157],[121.5963,23.972129]]]}},{"type":"Feature","properties":{"id":"c14f6309ded9","name":"國立花蓮特殊教育學校","level":"特殊","basis":"both","data_ym":"201107"},"geometry":{"type":"Polygon","coordinates":[[[121.585396,23.971408],[121.584401,23.970551],[121.584095,23.970667],[121.584117,23.970709],[121.583848,23.970855],[121.583822,23.970815],[121.583292,23.971103],[121.583716,23.971672],[121.583825,23.971831],[121.584386,23.972591],[121.585086,23.972175],[121.585787,23.971769],[121.585804,23.971753],[121.585396,23.971408]]]}},{"type":"Feature","properties":{"id":"20551439618b","name":"花蓮縣立宜昌國民中學","level":"國中","basis":"both","data_ym":"202309"},"geometry":{"type":"Polygon","coordinates":[[[121.587006,23.970829],[121.586874,23.970977],[121.586902,23.971002],[121.586082,23.971813],[121.586441,23.972105],[121.586582,23.972253],[121.587079,23.972851],[121.587281,23.972838],[121.587493,23.972878],[121.58765,23.972898],[121.587846,23.97296],[121.588039,23.973032],[121.588903,23.972152],[121.588721,23.972013],[121.587896,23.971437],[121.587017,23.970836],[121.587006,23.970829]]]}},{"type":"Feature","properties":{"id":"ed610b58fdf4","name":"花蓮縣吉安鄉吉安國民小學","level":"國小","basis":"both","data_ym":"201711"},"geometry":{"type":"Polygon","coordinates":[[[121.56295,23.973231],[121.562723,23.972885],[121.56272,23.972885],[121.561635,23.973491],[121.561985,23.974005],[121.562707,23.975086],[121.563197,23.97482],[121.563148,23.974735],[121.563407,23.974587],[121.563209,23.974247],[121.563509,23.974086],[121.563065,23.973397],[121.563018,23.973395],[121.562933,23.973263],[121.56295,23.973231]]]}},{"type":"Feature","properties":{"id":"477e8bf86068","name":"花蓮縣花蓮市忠孝國民小學","level":"國小","basis":"name","data_ym":"201804"},"geometry":{"type":"Polygon","coordinates":[[[121.598705,23.976373],[121.598803,23.975625],[121.598853,23.975308],[121.598819,23.975272],[121.598825,23.975223],[121.598804,23.975221],[121.598821,23.97511],[121.598587,23.975086],[121.598523,23.975583],[121.598142,23.975544],[121.598079,23.97607],[121.59807,23.976351],[121.598062,23.976473],[121.598246,23.976616],[121.598309,23.976659],[121.598371,23.97666],[121.598705,23.976373]]]}},{"type":"Feature","properties":{"id":"04fc86c02dcb","name":"花蓮縣立花崗國民中學","level":"國中","basis":"both","data_ym":"202110"},"geometry":{"type":"Polygon","coordinates":[[[121.613482,23.978014],[121.613513,23.977909],[121.613555,23.977629],[121.613589,23.977192],[121.613601,23.976688],[121.613072,23.976728],[121.613035,23.97633],[121.612651,23.976366],[121.612658,23.976455],[121.612651,23.976456],[121.612662,23.976553],[121.612225,23.976589],[121.612248,23.976771],[121.611966,23.976792],[121.612044,23.977524],[121.612077,23.977681],[121.612638,23.978042],[121.612845,23.978191],[121.613134,23.977826],[121.61312,23.977818],[121.613137,23.977796],[121.613482,23.978014]]]}},{"type":"Feature","properties":{"id":"1c587d3c33f3","name":"花蓮縣花蓮市北濱國民小學","level":"國小","basis":"name","data_ym":"201107"},"geometry":{"type":"Polygon","coordinates":[[[121.616435,23.977056],[121.616414,23.977054],[121.616081,23.977339],[121.615969,23.977416],[121.615778,23.977572],[121.616184,23.977968],[121.616318,23.978111],[121.616589,23.978381],[121.616713,23.978495],[121.616808,23.978419],[121.616704,23.978151],[121.616622,23.977901],[121.616557,23.977659],[121.616524,23.9775],[121.616477,23.977091],[121.616466,23.97707],[121.616435,23.977056]]]}},{"type":"Feature","properties":{"id":"4f102b3e19b5","name":"花蓮縣花蓮市明義國民小學","level":"國小","basis":"name","data_ym":"201804"},"geometry":{"type":"Polygon","coordinates":[[[121.60313,23.977808],[121.602113,23.97911],[121.603086,23.97974],[121.604303,23.978141],[121.604076,23.977989],[121.604107,23.977957],[121.603878,23.977806],[121.603786,23.977923],[121.60313,23.977808]]]}},{"type":"Feature","properties":{"id":"56332774e3bd","name":"花蓮縣立國風國民中學","level":"國中","basis":"both","data_ym":"202110"},"geometry":{"type":"Polygon","coordinates":[[[121.59564,23.979857],[121.595841,23.979672],[121.59583,23.979532],[121.595846,23.979438],[121.595933,23.979229],[121.595953,23.979195],[121.596028,23.979119],[121.596248,23.979005],[121.59634,23.978967],[121.596368,23.978949],[121.595815,23.978246],[121.595683,23.978092],[121.595222,23.977513],[121.595147,23.977426],[121.593895,23.978336],[121.594235,23.979056],[121.59461,23.979832],[121.594746,23.979749],[121.594749,23.979753],[121.594778,23.979736],[121.594839,23.979798],[121.595091,23.980112],[121.595116,23.980105],[121.59564,23.979857]]]}},{"type":"Feature","properties":{"id":"f2693defd04a","name":"國立花蓮女子高級中學","level":"高中職","basis":"name","data_ym":"202110"},"geometry":{"type":"Polygon","coordinates":[[[121.615696,23.977728],[121.614671,23.978612],[121.614646,23.978674],[121.61458,23.978745],[121.614482,23.97884],[121.614459,23.978898],[121.6144,23.979005],[121.614424,23.979087],[121.614451,23.979151],[121.614529,23.97924],[121.615621,23.980339],[121.61565,23.98034],[121.615707,23.980291],[121.61717,23.979116],[121.617177,23.979097],[121.616894,23.97875],[121.616817,23.978662],[121.616604,23.978848],[121.616483,23.978736],[121.616575,23.978651],[121.616542,23.978617],[121.616559,23.978604],[121.615696,23.977728]]]}},{"type":"Feature","properties":{"id":"862ceedf19c2","name":"花蓮縣花蓮市明禮國民小學","level":"國小","basis":"name","data_ym":"201804"},"geometry":{"type":"Polygon","coordinates":[[[121.610403,23.980743],[121.610601,23.980752],[121.610632,23.980747],[121.61102,23.980615],[121.611227,23.980528],[121.611286,23.980498],[121.611562,23.980288],[121.611596,23.980273],[121.611616,23.980271],[121.611653,23.980219],[121.611529,23.98014],[121.610736,23.979606],[121.610667,23.979599],[121.609915,23.980573],[121.609948,23.980614],[121.610287,23.980798],[121.61035,23.980759],[121.610368,23.980751],[121.610403,23.980743]]]}},{"type":"Feature","properties":{"id":"9407b19a5f1a","name":"國立花蓮高級農業職業學校","level":"高中職","basis":"name","data_ym":"201804"},"geometry":{"type":"Polygon","coordinates":[[[121.601246,23.983759],[121.601109,23.983212],[121.600792,23.983275],[121.600251,23.983359],[121.60012,23.983369],[121.599715,23.983443],[121.599311,23.981706],[121.599264,23.981719],[121.599173,23.981228],[121.599118,23.980896],[121.599008,23.980483],[121.59878,23.979706],[121.598446,23.979879],[121.598245,23.979964],[121.598059,23.980031],[121.597834,23.980099],[121.597367,23.980217],[121.595097,23.980771],[121.595222,23.981072],[121.596964,23.984632],[121.59806,23.984419],[121.599985,23.984036],[121.601204,23.983821],[121.601228,23.983802],[121.601246,23.983759]]]}},{"type":"Feature","properties":{"id":"1e08e8415dea","name":"國立花蓮高級中學1","level":"高中職","basis":"both","data_ym":"201911"},"geometry":{"type":"Polygon","coordinates":[[[121.624561,23.986646],[121.624036,23.986001],[121.623814,23.986162],[121.623661,23.985996],[121.623541,23.986089],[121.623595,23.986151],[121.623446,23.986261],[121.624106,23.987018],[121.624537,23.986707],[121.624561,23.986646]]]}},{"type":"Feature","properties":{"id":"6fecfd532ab5","name":"國立花蓮高級商業職業學校","level":"高中職","basis":"name","data_ym":"201107"},"geometry":{"type":"Polygon","coordinates":[[[121.603811,23.986214],[121.603704,23.986099],[121.603696,23.986104],[121.603559,23.985957],[121.60349,23.986019],[121.603385,23.986104],[121.603333,23.986037],[121.603299,23.98598],[121.603278,23.985928],[121.603239,23.985806],[121.603161,23.985693],[121.603072,23.985762],[121.602973,23.98568],[121.60288,23.985792],[121.602871,23.985788],[121.602748,23.985944],[121.602606,23.985838],[121.602253,23.986308],[121.601813,23.986864],[121.60188,23.986905],[121.601753,23.987098],[121.601761,23.987102],[121.601743,23.987131],[121.603493,23.987547],[121.604203,23.98772],[121.604244,23.987691],[121.604316,23.987488],[121.604509,23.986881],[121.604463,23.986783],[121.604338,23.986677],[121.603944,23.986356],[121.603898,23.986323],[121.603784,23.986253],[121.603811,23.986214]]]}},{"type":"Feature","properties":{"id":"247f194b981b","name":"國立花蓮高級中學","level":"高中職","basis":"both","data_ym":"202307"},"geometry":{"type":"Polygon","coordinates":[[[121.625144,23.98491],[121.624307,23.985639],[121.624333,23.985661],[121.624192,23.985769],[121.624935,23.986667],[121.625787,23.987672],[121.626987,23.98682],[121.626997,23.986794],[121.626997,23.986782],[121.626789,23.986592],[121.626291,23.986106],[121.62624,23.986143],[121.626214,23.986116],[121.626098,23.986202],[121.625672,23.985719],[121.625573,23.985782],[121.625216,23.985374],[121.625439,23.985201],[121.625144,23.98491]]]}},{"type":"Feature","properties":{"id":"637e859c3fbc","name":"花蓮縣吉安鄉北昌國民小學","level":"國小","basis":"both","data_ym":"201912"},"geometry":{"type":"Polygon","coordinates":[[[121.592471,23.987508],[121.591809,23.986669],[121.590986,23.987183],[121.5907,23.987369],[121.590564,23.987462],[121.591148,23.988238],[121.591203,23.988251],[121.591769,23.987938],[121.592044,23.987791],[121.592458,23.98756],[121.592471,23.987508]]]}},{"type":"Feature","properties":{"id":"37fc3f0b7c71","name":"國立東華大學附設實驗國民小學","level":"國小","basis":"name","data_ym":"202309"},"geometry":{"type":"Polygon","coordinates":[[[121.623306,23.989725],[121.623262,23.989711],[121.623116,23.989805],[121.623047,23.989828],[121.622939,23.989847],[121.622438,23.989904],[121.622412,23.989912],[121.62237,23.989945],[121.622463,23.990652],[121.622532,23.991121],[121.622599,23.991228],[121.622945,23.99166],[121.623245,23.992009],[121.623312,23.991936],[121.623468,23.991724],[121.623524,23.991628],[121.623654,23.991371],[121.623776,23.991099],[121.623797,23.991074],[121.624192,23.990777],[121.624187,23.990724],[121.623754,23.990241],[121.623306,23.989725]]]}},{"type":"Feature","properties":{"id":"414149f5ba43","name":"花蓮縣花蓮市明恥國民小學","level":"國小","basis":"name","data_ym":"201507"},"geometry":{"type":"Polygon","coordinates":[[[121.631918,23.990572],[121.63105,23.990461],[121.630044,23.991186],[121.630032,23.991224],[121.630027,23.991261],[121.630282,23.991568],[121.630728,23.992084],[121.631684,23.992197],[121.631792,23.991395],[121.631918,23.990572]]]}},{"type":"Feature","properties":{"id":"dd0911549d09","name":"花蓮縣花蓮市中華國民小學","level":"國小","basis":"name","data_ym":"201711"},"geometry":{"type":"Polygon","coordinates":[[[121.607524,23.993532],[121.607571,23.99353],[121.607606,23.993513],[121.60763,23.993484],[121.607834,23.992658],[121.607862,23.992609],[121.607896,23.992569],[121.607974,23.992205],[121.607987,23.992208],[121.60803,23.992024],[121.607569,23.991239],[121.607029,23.991125],[121.606487,23.993323],[121.60745,23.993523],[121.607524,23.993532]]]}},{"type":"Feature","properties":{"id":"c8c1082acd11","name":"花蓮縣花蓮市鑄強國民小學","level":"國小","basis":"name","data_ym":"201804"},"geometry":{"type":"Polygon","coordinates":[[[121.626583,23.993492],[121.625639,23.992408],[121.624817,23.992996],[121.625174,23.99342],[121.62542,23.993244],[121.62548,23.993233],[121.625507,23.993244],[121.626045,23.993865],[121.626583,23.993492]]]}},{"type":"Feature","properties":{"id":"8ebbf3a824a0","name":"花蓮縣吉安鄉太昌國民小學","level":"國小","basis":"both","data_ym":"201711"},"geometry":{"type":"Polygon","coordinates":[[[121.566283,23.995593],[121.565861,23.994763],[121.566456,23.994527],[121.566407,23.99443],[121.566096,23.994521],[121.565729,23.99388],[121.565767,23.993861],[121.565554,23.993484],[121.565159,23.992831],[121.564444,23.993206],[121.564578,23.993464],[121.564459,23.993496],[121.564534,23.993657],[121.564483,23.993683],[121.564643,23.993968],[121.564634,23.993989],[121.564645,23.994076],[121.564664,23.994159],[121.564873,23.994044],[121.564895,23.994085],[121.565098,23.994],[121.565235,23.994192],[121.564353,23.994692],[121.565036,23.995656],[121.565108,23.995611],[121.565425,23.995867],[121.565697,23.995767],[121.56584,23.995705],[121.565877,23.995722],[121.566283,23.995593]]]}},{"type":"Feature","properties":{"id":"6ff021447a1a","name":"花蓮縣花蓮市明廉國民小學","level":"國小","basis":"name","data_ym":"201107"},"geometry":{"type":"Polygon","coordinates":[[[121.594174,23.994176],[121.594029,23.994283],[121.593494,23.99471],[121.594474,23.995831],[121.594502,23.995839],[121.594533,23.995836],[121.594559,23.995816],[121.59492,23.995333],[121.595346,23.994789],[121.594431,23.993958],[121.594174,23.994176]]]}},{"type":"Feature","properties":{"id":"f1b3c0ac18db","name":"慈濟學校財團法人慈濟大學","level":"大專","basis":"both","data_ym":"202110"},"geometry":{"type":"Polygon","coordinates":[[[121.590988,23.995772],[121.590829,23.995438],[121.590929,23.995328],[121.591009,23.995294],[121.591176,23.995264],[121.591325,23.995258],[121.591442,23.995265],[121.591522,23.995238],[121.59212,23.994742],[121.5927,23.994249],[121.592244,23.993728],[121.591563,23.992967],[121.591561,23.992962],[121.591611,23.992967],[121.591323,23.99264],[121.591321,23.992694],[121.590864,23.992216],[121.590513,23.9916],[121.590542,23.991586],[121.590507,23.991528],[121.59048,23.991541],[121.590407,23.991412],[121.590387,23.991395],[121.590298,23.991247],[121.589963,23.991427],[121.590056,23.991581],[121.589994,23.991617],[121.589854,23.991368],[121.589489,23.990787],[121.589155,23.990273],[121.589105,23.990248],[121.589059,23.990251],[121.588418,23.990598],[121.587875,23.990918],[121.587851,23.990936],[121.587848,23.990943],[121.587818,23.991208],[121.587821,23.99122],[121.587882,23.991313],[121.58835,23.992119],[121.588347,23.992147],[121.588309,23.992185],[121.588506,23.992338],[121.588185,23.992577],[121.588405,23.992738],[121.588691,23.99255],[121.588708,23.992572],[121.588346,23.992814],[121.588259,23.992853],[121.58805,23.992935],[121.58804,23.992945],[121.588025,23.992969],[121.588021,23.993001],[121.588097,23.993261],[121.588137,23.993339],[121.588482,23.993258],[121.588753,23.993575],[121.5886,23.993699],[121.588462,23.993785],[121.588539,23.993916],[121.588573,23.994037],[121.588571,23.994169],[121.588578,23.994217],[121.588621,23.99432],[121.588655,23.994374],[121.588839,23.99451],[121.588846,23.994544],[121.58884,23.994661],[121.588843,23.994705],[121.588876,23.994775],[121.588912,23.99483],[121.589245,23.995212],[121.589847,23.995916],[121.590139,23.996248],[121.590988,23.995772]]]}},{"type":"Feature","properties":{"id":"00cfe8e42dd5","name":"慈濟學校財團法人慈濟科技大學1","level":"大專","basis":"both","data_ym":"202110"},"geometry":{"type":"Polygon","coordinates":[[[121.560849,23.996934],[121.561077,23.996823],[121.561134,23.996913],[121.56163,23.996729],[121.561684,23.99672],[121.562202,23.996662],[121.562283,23.996882],[121.565023,23.996039],[121.565168,23.996003],[121.565169,23.995981],[121.565114,23.995892],[121.564983,23.9957],[121.564329,23.995918],[121.563984,23.995627],[121.563692,23.99537],[121.563611,23.995323],[121.563573,23.995324],[121.563504,23.99535],[121.562998,23.995506],[121.562956,23.995517],[121.562897,23.995512],[121.561284,23.995963],[121.560456,23.996212],[121.560781,23.996869],[121.560761,23.996876],[121.560799,23.996967],[121.560854,23.996948],[121.560849,23.996934]]]}},{"type":"Feature","properties":{"id":"cbb85aeb45d7","name":"慈濟學校財團法人慈濟大學1","level":"大專","basis":"both","data_ym":"202110"},"geometry":{"type":"Polygon","coordinates":[[[121.586547,23.997791],[121.586593,23.997788],[121.586598,23.997797],[121.586802,23.997786],[121.586803,23.997782],[121.586837,23.997783],[121.587372,23.997741],[121.587938,23.997308],[121.588463,23.997406],[121.588461,23.997402],[121.58856,23.997353],[121.588623,23.997375],[121.58875,23.997455],[121.588789,23.997463],[121.588816,23.997463],[121.588839,23.997457],[121.588969,23.997383],[121.589064,23.997315],[121.589241,23.997167],[121.589374,23.997096],[121.589603,23.996999],[121.589808,23.996904],[121.589909,23.996864],[121.589938,23.996861],[121.589969,23.996865],[121.590016,23.996882],[121.590093,23.996968],[121.590289,23.997229],[121.590314,23.99723],[121.590354,23.997214],[121.590464,23.996963],[121.590401,23.99688],[121.590482,23.996801],[121.590105,23.99629],[121.589809,23.995951],[121.589491,23.995573],[121.588997,23.995006],[121.588827,23.994817],[121.588787,23.994744],[121.588733,23.994728],[121.588563,23.99488],[121.588287,23.995142],[121.588217,23.995202],[121.587981,23.995353],[121.587712,23.995488],[121.58733,23.995661],[121.587281,23.995678],[121.587033,23.995684],[121.586632,23.995672],[121.58661,23.995677],[121.58696,23.996206],[121.586962,23.996215],[121.58655,23.996244],[121.586415,23.996224],[121.586398,23.996258],[121.586346,23.996295],[121.58632,23.996302],[121.586135,23.996325],[121.58607,23.99634],[121.586023,23.996368],[121.585906,23.996484],[121.585826,23.996584],[121.58579,23.996636],[121.585789,23.996696],[121.585796,23.996733],[121.585888,23.996876],[121.58552,23.997048],[121.585325,23.997229],[121.585305,23.997282],[121.585575,23.997538],[121.58603,23.998033],[121.586554,23.9978],[121.586547,23.997791]]]}},{"type":"Feature","properties":{"id":"172a5368d0d3","name":"花蓮縣立自強國民中學","level":"國中","basis":"both","data_ym":"202110"},"geometry":{"type":"Polygon","coordinates":[[[121.599801,23.997923],[121.599567,23.99749],[121.599582,23.997446],[121.599539,23.997358],[121.599489,23.997337],[121.599284,23.99693],[121.599245,23.996946],[121.59923,23.996918],[121.597703,23.997599],[121.598626,23.998538],[121.598636,23.998541],[121.599337,23.998165],[121.599801,23.997923]]]}},{"type":"Feature","properties":{"id":"ad9693131770","name":"花蓮縣立美崙國民中學","level":"國中","basis":"both","data_ym":"201804"},"geometry":{"type":"Polygon","coordinates":[[[121.629163,23.997182],[121.629014,23.997016],[121.629131,23.996927],[121.628982,23.99676],[121.629213,23.996595],[121.629196,23.996568],[121.628938,23.996265],[121.628892,23.9963],[121.628874,23.99632],[121.628573,23.996516],[121.628424,23.996364],[121.627542,23.997008],[121.627574,23.997046],[121.627379,23.997187],[121.627366,23.997176],[121.62694,23.997531],[121.627302,23.99793],[121.627701,23.998394],[121.627753,23.998448],[121.627856,23.998531],[121.628018,23.998601],[121.628168,23.998648],[121.628308,23.99868],[121.628903,23.998776],[121.629547,23.998867],[121.629913,23.998925],[121.630284,23.997794],[121.630013,23.997479],[121.629714,23.997416],[121.629581,23.997383],[121.629204,23.997217],[121.629163,23.997182]]]}},{"type":"Feature","properties":{"id":"29117d56c80c","name":"慈濟學校財團法人慈濟大學人文社會學院校區","level":"大專","basis":"branch","data_ym":"202110"},"geometry":{"type":"Polygon","coordinates":[[[121.568026,23.997148],[121.567999,23.997284],[121.568108,23.997306],[121.56841,23.997382],[121.568889,23.997537],[121.569366,23.997733],[121.570031,23.998069],[121.56918,24.000379],[121.571283,24.001001],[121.573181,24.00169],[121.573215,24.001665],[121.573441,24.001083],[121.573538,24.000849],[121.57363,24.00046],[121.573715,24.000029],[121.573636,23.999883],[121.573732,23.999603],[121.573801,23.99957],[121.573983,23.998602],[121.574042,23.998111],[121.574047,23.997954],[121.574072,23.997621],[121.573985,23.997584],[121.573032,23.997891],[121.572958,23.997669],[121.572434,23.997947],[121.572371,23.997865],[121.571562,23.998196],[121.571057,23.997886],[121.570912,23.997793],[121.570671,23.99763],[121.569946,23.9972],[121.569682,23.997086],[121.569496,23.997645],[121.569171,23.99749],[121.568679,23.997318],[121.568438,23.997247],[121.568026,23.997148]]]}},{"type":"Feature","properties":{"id":"6d93e3afdd21","name":"慈濟學校財團法人慈濟大學附屬高級中學","level":"高中職","basis":"name","data_ym":"202110"},"geometry":{"type":"Polygon","coordinates":[[[121.575893,24.001188],[121.576579,24.001038],[121.576675,24.001224],[121.577148,24.000997],[121.577291,24.001151],[121.577495,24.001342],[121.577868,24.001134],[121.578098,24.001315],[121.578448,24.001816],[121.578935,24.001429],[121.578679,24.001128],[121.57886,24.000981],[121.578529,24.000662],[121.578459,24.000752],[121.577908,24.000626],[121.577826,24.000667],[121.577753,24.000612],[121.577291,24.000556],[121.577104,24.000335],[121.576903,24.000126],[121.576784,24.000206],[121.576668,24.000322],[121.576591,24.000424],[121.576502,24.000438],[121.576488,24.000508],[121.576556,24.000596],[121.576172,24.000868],[121.575905,24.00028],[121.575717,24.000028],[121.576065,23.999965],[121.576313,23.999947],[121.576852,23.999696],[121.577187,23.999589],[121.577453,23.999515],[121.577623,23.999485],[121.577928,23.999473],[121.57836,23.999429],[121.578376,23.999151],[121.578269,23.998945],[121.578021,23.998644],[121.5778,23.998357],[121.576713,23.998074],[121.576474,23.997808],[121.576693,23.997519],[121.57664,23.997423],[121.576588,23.997295],[121.576585,23.997199],[121.576795,23.997014],[121.57707,23.996957],[121.577503,23.996957],[121.577591,23.99696],[121.577458,23.996549],[121.576915,23.996372],[121.576805,23.996378],[121.576692,23.996359],[121.575923,23.99657],[121.575777,23.996603],[121.575565,23.996664],[121.575222,23.996733],[121.575007,23.996841],[121.574583,23.996979],[121.574453,23.997063],[121.574508,23.997221],[121.574499,23.997224],[121.574503,23.997236],[121.574493,23.997239],[121.574506,23.997281],[121.574511,23.997318],[121.574512,23.997382],[121.574502,23.997415],[121.574488,23.997441],[121.574456,23.997467],[121.574314,23.997542],[121.574242,23.997675],[121.574219,23.998268],[121.574174,23.998496],[121.574103,23.999034],[121.57401,23.999465],[121.573995,23.999571],[121.574066,23.99976],[121.573987,23.999986],[121.573886,24.000033],[121.573822,24.000546],[121.573743,24.000843],[121.573537,24.001361],[121.573377,24.001738],[121.574453,24.002189],[121.575334,24.001483],[121.575689,24.001338],[121.575893,24.001188]]]}},{"type":"Feature","properties":{"id":"05f90b08d3c8","name":"花蓮縣私立四維高級中學","level":"高中職","basis":"both","data_ym":"202309"},"geometry":{"type":"Polygon","coordinates":[[[121.592947,24.002199],[121.592494,24.00181],[121.593105,24.001342],[121.593099,24.001255],[121.593087,24.001207],[121.593049,24.001122],[121.592728,24.000651],[121.592688,24.000585],[121.592567,24.000654],[121.592476,24.000588],[121.592366,24.000664],[121.592105,24.000404],[121.591926,24.000212],[121.591662,23.999973],[121.59119,24.000597],[121.591267,24.000662],[121.591342,24.000732],[121.591286,24.000782],[121.591434,24.000891],[121.591397,24.000931],[121.591371,24.000913],[121.591202,24.001105],[121.591438,24.001259],[121.591254,24.001447],[121.591418,24.001578],[121.591296,24.001729],[121.59144,24.001851],[121.591696,24.002097],[121.592161,24.002073],[121.592503,24.002207],[121.592738,24.002397],[121.592947,24.002199]]]}},{"type":"Feature","properties":{"id":"604640cfc290","name":"花蓮縣花蓮市復興國民小學","level":"國小","basis":"name","data_ym":"201107"},"geometry":{"type":"Polygon","coordinates":[[[121.619577,24.007453],[121.619614,24.007429],[121.619626,24.007437],[121.619754,24.007348],[121.61989,24.006981],[121.619955,24.006788],[121.619949,24.006777],[121.618529,24.006379],[121.618387,24.006417],[121.618074,24.006729],[121.618011,24.007178],[121.619237,24.007543],[121.619361,24.007573],[121.619418,24.007526],[121.619577,24.007453]]]}},{"type":"Feature","properties":{"id":"1e201a055dcc","name":"花蓮縣私立海星高級中學","level":"高中職","basis":"both","data_ym":"201711"},"geometry":{"type":"Polygon","coordinates":[[[121.61498,24.008831],[121.614401,24.007951],[121.614061,24.007418],[121.613919,24.007351],[121.613915,24.00735],[121.613882,24.007382],[121.613859,24.007368],[121.613875,24.007338],[121.613659,24.007237],[121.613378,24.007095],[121.613237,24.007034],[121.612915,24.006931],[121.612848,24.00727],[121.612803,24.007432],[121.612775,24.007576],[121.612635,24.008329],[121.612618,24.008451],[121.612623,24.008476],[121.612976,24.008847],[121.613031,24.00892],[121.613134,24.009088],[121.613358,24.009509],[121.613627,24.010034],[121.613668,24.010066],[121.613938,24.009835],[121.614637,24.009215],[121.614768,24.00911],[121.614763,24.009104],[121.615022,24.00889],[121.61498,24.008831]]]}},{"type":"Feature","properties":{"id":"5db4287629a8","name":"花蓮縣新城鄉嘉里國民小學","level":"國小","basis":"both","data_ym":"201804"},"geometry":{"type":"Polygon","coordinates":[[[121.608966,24.015219],[121.609145,24.014851],[121.609206,24.014875],[121.609192,24.014898],[121.609208,24.014906],[121.609366,24.01496],[121.609369,24.014954],[121.609585,24.014503],[121.609632,24.014381],[121.609453,24.014317],[121.609561,24.014073],[121.609651,24.013902],[121.609418,24.013811],[121.609013,24.013994],[121.608994,24.014148],[121.608875,24.014157],[121.608771,24.014308],[121.608555,24.014641],[121.608309,24.015031],[121.608294,24.015068],[121.608902,24.01533],[121.608928,24.015292],[121.608966,24.015219]]]}},{"type":"Feature","properties":{"id":"a36c1d477785","name":"花蓮縣新城鄉康樂國民小學","level":"國小","basis":"both","data_ym":"201711"},"geometry":{"type":"Polygon","coordinates":[[[121.607976,24.051807],[121.607636,24.051688],[121.607558,24.051897],[121.60746,24.052206],[121.607367,24.052465],[121.60806,24.052695],[121.608173,24.052729],[121.608235,24.052698],[121.608515,24.051915],[121.608511,24.051906],[121.608358,24.051881],[121.608233,24.051866],[121.607976,24.051807]]]}},{"type":"Feature","properties":{"id":"35437a908366","name":"花蓮縣秀林鄉三棧國民小學","level":"國小","basis":"both","data_ym":"201107"},"geometry":{"type":"Polygon","coordinates":[[[121.607229,24.102669],[121.607228,24.102637],[121.606937,24.102442],[121.606778,24.102658],[121.606599,24.102514],[121.606498,24.10241],[121.605992,24.10279],[121.606087,24.10286],[121.606353,24.103082],[121.606403,24.103112],[121.606303,24.103252],[121.60628,24.103343],[121.606279,24.103378],[121.606641,24.103374],[121.606718,24.103342],[121.606833,24.103283],[121.606879,24.103248],[121.607026,24.103095],[121.6071,24.10299],[121.607175,24.102843],[121.607229,24.102669]]]}},{"type":"Feature","properties":{"id":"da88a8f0b2c5","name":"花蓮縣新城鄉新城國民小學","level":"國小","basis":"both","data_ym":"201107"},"geometry":{"type":"Polygon","coordinates":[[[121.651676,24.127145],[121.65134,24.126883],[121.650314,24.127911],[121.651043,24.128521],[121.651523,24.128067],[121.652101,24.127501],[121.651676,24.127145]]]}},{"type":"Feature","properties":{"id":"48479563758d","name":"花蓮縣秀林鄉富世國民小學","level":"國小","basis":"both","data_ym":"201107"},"geometry":{"type":"Polygon","coordinates":[[[121.630823,24.14732],[121.629728,24.146586],[121.629203,24.147192],[121.628782,24.147692],[121.629223,24.14799],[121.629489,24.148145],[121.629796,24.148288],[121.630228,24.147778],[121.630823,24.14732]]]}},{"type":"Feature","properties":{"id":"56a49b0e6424","name":"花蓮縣秀林鄉崇德國民小學","level":"國小","basis":"both","data_ym":"201107"},"geometry":{"type":"Polygon","coordinates":[[[121.65322,24.161948],[121.65294,24.161318],[121.652022,24.161634],[121.652324,24.162419],[121.652348,24.162431],[121.65331,24.162137],[121.65322,24.161948]]]}},{"type":"Feature","properties":{"id":"2133bf547eda","name":"花蓮縣秀林鄉和平國民小學","level":"國小","basis":"both","data_ym":"201107"},"geometry":{"type":"Polygon","coordinates":[[[121.749369,24.307636],[121.748557,24.307389],[121.748265,24.308063],[121.748673,24.308214],[121.748578,24.308489],[121.748976,24.308637],[121.748881,24.308856],[121.748954,24.308869],[121.749473,24.30905],[121.749774,24.308281],[121.749186,24.308099],[121.749369,24.307636]]]}},{"type":"Feature","properties":{"id":"862b93a50b6f","name":"花蓮縣鳳林鎮大榮國民小學","level":"國小","basis":"both","data_ym":"202509"},"geometry":{"type":"Polygon","coordinates":[[[121.468854,23.754569],[121.468464,23.753636],[121.466844,23.754231],[121.467224,23.755144],[121.468854,23.754569]]]}},{"type":"Feature","properties":{"id":"4192ba3d542b","name":"花蓮縣壽豐鄉豐裡國民小學","level":"國小","basis":"both","data_ym":"202509"},"geometry":{"type":"Polygon","coordinates":[[[121.50849,23.84155],[121.508209,23.841149],[121.507926,23.841331],[121.507077,23.841849],[121.506949,23.841922],[121.507167,23.842223],[121.507727,23.842977],[121.507991,23.843318],[121.508916,23.842784],[121.508775,23.842578],[121.50886,23.842519],[121.508611,23.842181],[121.50885,23.842042],[121.50849,23.84155]]]}},{"type":"Feature","properties":{"id":"2a0506e3048c","name":"花蓮縣壽豐鄉月眉國民小學","level":"國小","basis":"both","data_ym":"202509"},"geometry":{"type":"Polygon","coordinates":[[[121.557057,23.867813],[121.557178,23.867637],[121.557158,23.867636],[121.557036,23.867562],[121.557012,23.867566],[121.5569,23.867602],[121.556849,23.86761],[121.556818,23.867609],[121.556773,23.867596],[121.556709,23.86756],[121.556695,23.867558],[121.556683,23.867563],[121.556355,23.867857],[121.555482,23.868668],[121.555584,23.868752],[121.555734,23.868782],[121.556341,23.869229],[121.556475,23.869092],[121.556704,23.868882],[121.557453,23.868114],[121.557057,23.867813]]]}},{"type":"Feature","properties":{"id":"ad4642244a03","name":"花蓮縣鳳林鎮鳳林國民小學","level":"國小","basis":"both","data_ym":"202307"},"geometry":{"type":"Polygon","coordinates":[[[121.447217,23.74295],[121.447015,23.742455],[121.446851,23.742066],[121.446505,23.742188],[121.445967,23.74239],[121.445893,23.742262],[121.445058,23.742625],[121.445208,23.742907],[121.445282,23.74306],[121.445306,23.743093],[121.445326,23.743096],[121.445809,23.742927],[121.446418,23.744148],[121.447553,23.743738],[121.447217,23.74295]]]}},{"type":"Feature","properties":{"id":"983d225a011b","name":"花蓮縣立鳳林國民中學","level":"國中","basis":"both","data_ym":"201509"},"geometry":{"type":"Polygon","coordinates":[[[121.449122,23.742707],[121.449091,23.742703],[121.44829,23.742993],[121.449428,23.745707],[121.449498,23.745722],[121.450239,23.745457],[121.45026,23.745413],[121.449591,23.743831],[121.449122,23.742707]]]}},{"type":"Feature","properties":{"id":"9bf82adbba2f","name":"花蓮縣鳳林鎮鳳仁國民小學","level":"國小","basis":"both","data_ym":"202111"},"geometry":{"type":"Polygon","coordinates":[[[121.452729,23.751311],[121.452369,23.750447],[121.452166,23.750516],[121.452115,23.750398],[121.452042,23.750424],[121.452021,23.750377],[121.4515,23.75056],[121.451475,23.750585],[121.451887,23.751541],[121.452083,23.752014],[121.452414,23.751902],[121.452734,23.751395],[121.452742,23.751362],[121.452729,23.751311]]]}},{"type":"Feature","properties":{"id":"c9157fa20a5a","name":"花蓮縣鳳林鎮北林國民小學","level":"國小","basis":"both","data_ym":"201107"},"geometry":{"type":"Polygon","coordinates":[[[121.469163,23.771749],[121.468795,23.77085],[121.467953,23.771141],[121.468329,23.772043],[121.468707,23.771914],[121.469163,23.771749]]]}},{"type":"Feature","properties":{"id":"113f142f26e2","name":"花蓮縣壽豐鄉水璉國民小學","level":"國小","basis":"both","data_ym":"202309"},"geometry":{"type":"Polygon","coordinates":[[[121.564399,23.782263],[121.564597,23.782141],[121.564482,23.78219],[121.564472,23.782146],[121.564639,23.782089],[121.564665,23.782084],[121.564687,23.782083],[121.564731,23.78209],[121.564745,23.782094],[121.564778,23.782117],[121.564816,23.781943],[121.564809,23.781896],[121.564642,23.781731],[121.564289,23.78197],[121.564102,23.782085],[121.564039,23.782112],[121.563989,23.782123],[121.563927,23.782113],[121.563843,23.782075],[121.56372,23.782046],[121.563517,23.782029],[121.563243,23.782064],[121.562886,23.782085],[121.563103,23.78238],[121.563567,23.783116],[121.563543,23.783146],[121.563703,23.783392],[121.564128,23.783086],[121.564325,23.782965],[121.564515,23.782836],[121.5646,23.78277],[121.564689,23.782693],[121.564399,23.782263]]]}},{"type":"Feature","properties":{"id":"1e9694fde29c","name":"花蓮縣萬榮鄉見晴國民小學","level":"國小","basis":"both","data_ym":"202111"},"geometry":{"type":"Polygon","coordinates":[[[121.452351,23.783998],[121.45225,23.783237],[121.451803,23.783287],[121.451383,23.783326],[121.451494,23.78416],[121.4518,23.784128],[121.451796,23.784073],[121.452351,23.783998]]]}},{"type":"Feature","properties":{"id":"e3c526a9471e","name":"花蓮縣立南平中學","level":"高中職","basis":"both","data_ym":"202111"},"geometry":{"type":"Polygon","coordinates":[[[121.457945,23.784132],[121.457893,23.784019],[121.457754,23.783187],[121.457736,23.78319],[121.457742,23.783222],[121.457636,23.78324],[121.457624,23.783208],[121.45678,23.783349],[121.455964,23.78349],[121.456066,23.784253],[121.456236,23.784173],[121.456518,23.784076],[121.456633,23.784054],[121.456887,23.784046],[121.456934,23.78428],[121.457116,23.784261],[121.457505,23.784197],[121.457945,23.784132]]]}},{"type":"Feature","properties":{"id":"41ba9de12047","name":"花蓮縣鳳林鎮林榮國民小學","level":"國小","basis":"both","data_ym":"201509"},"geometry":{"type":"Polygon","coordinates":[[[121.452792,23.801596],[121.45329,23.800676],[121.453025,23.800558],[121.452922,23.800741],[121.452199,23.800412],[121.451948,23.800882],[121.452174,23.80098],[121.452016,23.80135],[121.45246,23.801535],[121.452296,23.801814],[121.452038,23.80223],[121.452337,23.802375],[121.452792,23.801596]]]}},{"type":"Feature","properties":{"id":"ec913aaceda0","name":"花蓮縣萬榮鄉西林國民小學","level":"國小","basis":"both","data_ym":"201509"},"geometry":{"type":"Polygon","coordinates":[[[121.440991,23.810855],[121.440874,23.810859],[121.440239,23.811396],[121.440383,23.811528],[121.4407,23.811836],[121.440967,23.812139],[121.441698,23.811508],[121.441733,23.811487],[121.441149,23.810896],[121.441062,23.810869],[121.440991,23.810855]]]}},{"type":"Feature","properties":{"id":"4835acfc7e3b","name":"花蓮縣壽豐鄉溪口國民小學","level":"國小","basis":"both","data_ym":"202110"},"geometry":{"type":"Polygon","coordinates":[[[121.472058,23.820219],[121.472412,23.819976],[121.472458,23.820036],[121.472495,23.820023],[121.47253,23.820024],[121.472546,23.820027],[121.47258,23.820045],[121.472757,23.820209],[121.47279,23.82022],[121.472815,23.820215],[121.472887,23.820182],[121.473143,23.820048],[121.473165,23.820049],[121.47317,23.820056],[121.473376,23.819918],[121.47349,23.81983],[121.473466,23.819798],[121.473528,23.819753],[121.473722,23.819636],[121.473662,23.819562],[121.47372,23.819525],[121.473594,23.819392],[121.473847,23.819224],[121.473612,23.818996],[121.473475,23.818856],[121.472991,23.819281],[121.472643,23.818862],[121.472539,23.818915],[121.472532,23.818919],[121.472672,23.819091],[121.472634,23.819117],[121.47244,23.819222],[121.472573,23.819446],[121.472051,23.819732],[121.471785,23.819384],[121.471374,23.819632],[121.471545,23.819849],[121.471837,23.820234],[121.471854,23.820248],[121.471908,23.820253],[121.471985,23.820241],[121.472058,23.820219]]]}},{"type":"Feature","properties":{"id":"b0779ae5ee7d","name":"花蓮縣立壽豐國民中學","level":"國中","basis":"both","data_ym":"202309"},"geometry":{"type":"Polygon","coordinates":[[[121.500456,23.844142],[121.500051,23.843622],[121.499378,23.844019],[121.498805,23.844366],[121.49891,23.844488],[121.499378,23.84493],[121.499544,23.845107],[121.499767,23.845349],[121.500215,23.845896],[121.50136,23.845202],[121.501149,23.84493],[121.500834,23.844612],[121.500456,23.844142]]]}},{"type":"Feature","properties":{"id":"5362298bd6fb","name":"花蓮縣壽豐鄉豐山國民小學","level":"國小","basis":"both","data_ym":"201711"},"geometry":{"type":"Polygon","coordinates":[[[121.492651,23.845737],[121.492643,23.845731],[121.49173,23.846232],[121.491131,23.846573],[121.491161,23.846677],[121.491168,23.846689],[121.491168,23.8467],[121.491237,23.846933],[121.491918,23.847215],[121.492492,23.847439],[121.492696,23.847307],[121.492617,23.847077],[121.492464,23.84657],[121.49237,23.846462],[121.492292,23.846337],[121.49224,23.84618],[121.492385,23.846142],[121.49249,23.846108],[121.492579,23.846057],[121.492548,23.846014],[121.492691,23.845925],[121.492688,23.845896],[121.492651,23.845737]]]}},{"type":"Feature","properties":{"id":"772c4a73f6bb","name":"花蓮縣壽豐鄉壽豐國民小學","level":"國小","basis":"both","data_ym":"202110"},"geometry":{"type":"Polygon","coordinates":[[[121.506785,23.869151],[121.507075,23.869564],[121.507187,23.869501],[121.507338,23.869707],[121.506867,23.869989],[121.507502,23.870835],[121.508725,23.870097],[121.508056,23.869173],[121.507871,23.868926],[121.507656,23.868656],[121.507611,23.868647],[121.506785,23.869151]]]}},{"type":"Feature","properties":{"id":"bfbfe72f17e5","name":"花蓮縣立富里國民中學","level":"國中","basis":"both","data_ym":"202508"},"geometry":{"type":"Polygon","coordinates":[[[121.249756,23.176104],[121.250016,23.175403],[121.250094,23.174719],[121.250111,23.174327],[121.249845,23.174247],[121.249526,23.174167],[121.249542,23.174108],[121.249226,23.17402],[121.249205,23.174032],[121.248959,23.174249],[121.248953,23.174258],[121.248884,23.174666],[121.248806,23.175283],[121.248649,23.175437],[121.248773,23.175672],[121.24893,23.176055],[121.248997,23.176026],[121.249053,23.176128],[121.249182,23.176337],[121.249306,23.176605],[121.249601,23.176526],[121.249608,23.176519],[121.249756,23.176104]]]}},{"type":"Feature","properties":{"id":"4316be03ccaa","name":"花蓮縣卓溪鄉太平國民小學","level":"國小","basis":"both","data_ym":"202410"},"geometry":{"type":"Polygon","coordinates":[[[121.320126,23.405353],[121.320239,23.405477],[121.319909,23.405727],[121.31991,23.405746],[121.320038,23.405842],[121.31983,23.406097],[121.32007,23.406282],[121.320101,23.406285],[121.320155,23.40622],[121.320354,23.40635],[121.320513,23.40623],[121.320485,23.406193],[121.320613,23.406093],[121.320576,23.406053],[121.320819,23.405863],[121.320758,23.405772],[121.320823,23.405395],[121.320826,23.405194],[121.320761,23.405149],[121.320433,23.405426],[121.320212,23.405246],[121.320126,23.405353]]]}},{"type":"Feature","properties":{"id":"f0108506cb3c","name":"花蓮縣豐濱鄉新社國民小學","level":"國小","basis":"both","data_ym":"202411"},"geometry":{"type":"Polygon","coordinates":[[[121.536321,23.651714],[121.535981,23.651302],[121.535604,23.651607],[121.535367,23.651825],[121.535277,23.651894],[121.535136,23.652016],[121.535343,23.652317],[121.535624,23.652195],[121.535777,23.652111],[121.536321,23.651714]]]}},{"type":"Feature","properties":{"id":"66a618fac154","name":"花蓮縣玉里鎮大禹國民小學","level":"國小","basis":"both","data_ym":"202410"},"geometry":{"type":"Polygon","coordinates":[[[121.329527,23.380084],[121.32947,23.379437],[121.328787,23.379532],[121.328349,23.3796],[121.328264,23.379617],[121.327925,23.379716],[121.327942,23.379944],[121.327964,23.379978],[121.328015,23.379974],[121.328042,23.380028],[121.328147,23.380306],[121.329116,23.380146],[121.329527,23.380084]]]}},{"type":"Feature","properties":{"id":"bbe699799b61","name":"花蓮縣玉里鎮高寮國民小學","level":"國小","basis":"both","data_ym":"202410"},"geometry":{"type":"Polygon","coordinates":[[[121.360696,23.382566],[121.360308,23.382177],[121.360097,23.382065],[121.360063,23.382094],[121.359981,23.382144],[121.359943,23.382155],[121.359821,23.382177],[121.359688,23.382207],[121.359554,23.382218],[121.359544,23.382229],[121.359531,23.382231],[121.359515,23.382232],[121.359488,23.382223],[121.359478,23.382354],[121.359484,23.382377],[121.359579,23.382404],[121.359528,23.382482],[121.359512,23.382418],[121.359488,23.382403],[121.359454,23.382399],[121.359388,23.3824],[121.358897,23.382443],[121.358845,23.382476],[121.358839,23.382511],[121.358981,23.383317],[121.358995,23.383332],[121.359143,23.383322],[121.359455,23.383291],[121.35978,23.383248],[121.36001,23.383228],[121.360727,23.383127],[121.360759,23.383075],[121.360696,23.382566]]]}},{"type":"Feature","properties":{"id":"50eab4522e07","name":"花蓮縣卓溪鄉卓溪國民小學","level":"國小","basis":"both","data_ym":"202410"},"geometry":{"type":"Polygon","coordinates":[[[121.303149,23.346369],[121.303124,23.346296],[121.304001,23.346067],[121.303937,23.345809],[121.303878,23.345607],[121.303617,23.344781],[121.303525,23.344707],[121.303511,23.3447],[121.302286,23.344965],[121.302273,23.345012],[121.302424,23.34548],[121.302803,23.345695],[121.302901,23.346044],[121.302673,23.346333],[121.302662,23.346358],[121.302659,23.346398],[121.302943,23.346324],[121.302961,23.346375],[121.303004,23.346364],[121.303018,23.346405],[121.303149,23.346369]]]}},{"type":"Feature","properties":{"id":"3ed12ce9d10f","name":"國立玉里高級中學","level":"高中職","basis":"both","data_ym":"202410"},"geometry":{"type":"Polygon","coordinates":[[[121.319921,23.347793],[121.319782,23.347508],[121.319893,23.347416],[121.320089,23.3472],[121.320222,23.347086],[121.320498,23.346862],[121.320718,23.346705],[121.321091,23.346501],[121.321329,23.346362],[121.321547,23.346136],[121.321499,23.346006],[121.321336,23.345592],[121.32105,23.344772],[121.320541,23.343382],[121.32017,23.34223],[121.319468,23.342395],[121.319019,23.342506],[121.318769,23.34256],[121.318786,23.34268],[121.318663,23.342701],[121.318632,23.34271],[121.318958,23.343602],[121.319068,23.343886],[121.319401,23.34481],[121.31939,23.344852],[121.319253,23.344889],[121.319254,23.344904],[121.318555,23.345093],[121.31855,23.345079],[121.318038,23.345216],[121.318055,23.345263],[121.31803,23.345282],[121.318582,23.346813],[121.318565,23.346819],[121.318585,23.346875],[121.318603,23.34687],[121.318608,23.346884],[121.318922,23.346913],[121.318996,23.346894],[121.319031,23.346988],[121.318956,23.347013],[121.318948,23.347028],[121.319409,23.347782],[121.319197,23.347994],[121.319583,23.347902],[121.319921,23.347793]]]}},{"type":"Feature","properties":{"id":"388cbef0d45e","name":"花蓮縣玉里鎮長良國民小學","level":"國小","basis":"both","data_ym":"202410"},"geometry":{"type":"Polygon","coordinates":[[[121.286516,23.285109],[121.286646,23.285028],[121.287138,23.284745],[121.287154,23.284256],[121.287121,23.284226],[121.28712,23.284124],[121.287165,23.284099],[121.287172,23.284003],[121.287177,23.283847],[121.286839,23.283862],[121.286203,23.283936],[121.285827,23.284057],[121.28583,23.284151],[121.285534,23.284295],[121.285425,23.284615],[121.285419,23.284657],[121.285422,23.284714],[121.28545,23.284925],[121.285462,23.284979],[121.285478,23.285012],[121.285536,23.285078],[121.285548,23.285087],[121.285594,23.285101],[121.285661,23.285112],[121.285795,23.285083],[121.28593,23.285067],[121.286166,23.285052],[121.286166,23.285084],[121.286199,23.285179],[121.286233,23.2853],[121.286263,23.285311],[121.286282,23.285312],[121.286516,23.285109]]]}},{"type":"Feature","properties":{"id":"175ff4bf5b43","name":"花蓮縣立東里國民中學","level":"國中","basis":"both","data_ym":"202410"},"geometry":{"type":"Polygon","coordinates":[[[121.303105,23.26449],[121.30344,23.264349],[121.30346,23.264272],[121.303653,23.263885],[121.303692,23.263821],[121.303705,23.263769],[121.303624,23.262686],[121.303609,23.262234],[121.303623,23.261963],[121.303616,23.2619],[121.303578,23.261832],[121.303512,23.261743],[121.303489,23.261721],[121.303447,23.26169],[121.30316,23.261862],[121.303088,23.261769],[121.303024,23.2617],[121.302939,23.261698],[121.302779,23.261718],[121.302427,23.261793],[121.301837,23.262019],[121.301889,23.262125],[121.301348,23.262383],[121.301158,23.262537],[121.301042,23.262668],[121.301008,23.262713],[121.300966,23.262883],[121.300966,23.262945],[121.300981,23.263002],[121.301179,23.263338],[121.301241,23.263464],[121.301333,23.263739],[121.301345,23.263833],[121.301345,23.263921],[121.301327,23.264096],[121.301477,23.264019],[121.302008,23.263762],[121.302043,23.263826],[121.301777,23.263955],[121.301655,23.264023],[121.301778,23.264416],[121.301698,23.264436],[121.301753,23.264599],[121.302104,23.264516],[121.302161,23.264506],[121.302224,23.264506],[121.302279,23.264519],[121.30231,23.264539],[121.30245,23.264676],[121.30247,23.264685],[121.30276,23.264713],[121.302848,23.26469],[121.302933,23.264628],[121.303018,23.264535],[121.303105,23.26449]]]}},{"type":"Feature","properties":{"id":"262da15641cb","name":"花蓮縣富里鄉東里國民小學","level":"國小","basis":"both","data_ym":"202410"},"geometry":{"type":"Polygon","coordinates":[[[121.303105,23.26449],[121.303018,23.264535],[121.302933,23.264628],[121.302848,23.26469],[121.30276,23.264713],[121.302755,23.264746],[121.302464,23.264723],[121.302436,23.264714],[121.302404,23.265372],[121.302386,23.265552],[121.302635,23.265966],[121.302624,23.265972],[121.302768,23.266189],[121.302852,23.266135],[121.302831,23.26611],[121.302993,23.266017],[121.30305,23.266037],[121.303081,23.266054],[121.303111,23.266076],[121.303203,23.266163],[121.303326,23.266089],[121.303209,23.26593],[121.303272,23.265894],[121.303387,23.26606],[121.303582,23.265955],[121.303599,23.265978],[121.30344,23.266072],[121.303475,23.266129],[121.303591,23.266296],[121.303807,23.266141],[121.303822,23.266113],[121.303828,23.265914],[121.303842,23.265797],[121.303973,23.265471],[121.303702,23.26531],[121.303563,23.265201],[121.303427,23.265062],[121.303237,23.264833],[121.303105,23.26449]]]}},{"type":"Feature","properties":{"id":"f27bd24e7a99","name":"花蓮縣立富北國民中學","level":"國中","basis":"both","data_ym":"202410"},"geometry":{"type":"Polygon","coordinates":[[[121.280024,23.224392],[121.27986,23.224388],[121.279845,23.224391],[121.279622,23.224612],[121.279599,23.22464],[121.279591,23.224661],[121.279592,23.224697],[121.279478,23.224784],[121.279416,23.224865],[121.279385,23.224925],[121.279365,23.224983],[121.279353,23.225033],[121.27935,23.225294],[121.279355,23.225376],[121.279366,23.225429],[121.279422,23.22553],[121.279506,23.225667],[121.279741,23.226156],[121.27987,23.226389],[121.280029,23.226581],[121.279985,23.226613],[121.28001,23.226643],[121.280672,23.226144],[121.280703,23.226098],[121.280718,23.226014],[121.280738,23.225966],[121.28092,23.225719],[121.280927,23.225673],[121.280796,23.225505],[121.280787,23.225485],[121.280791,23.225431],[121.280821,23.22535],[121.280815,23.225319],[121.280777,23.225225],[121.28077,23.225172],[121.280774,23.225133],[121.280772,23.225094],[121.280765,23.225068],[121.280743,23.225023],[121.280624,23.224884],[121.280322,23.224554],[121.280286,23.224528],[121.280098,23.224494],[121.280087,23.224487],[121.280073,23.224413],[121.280068,23.224402],[121.280024,23.224392]]]}},{"type":"Feature","properties":{"id":"a83242db463e","name":"花蓮縣富里鄉富里國民小學","level":"國小","basis":"both","data_ym":"202410"},"geometry":{"type":"Polygon","coordinates":[[[121.248953,23.172815],[121.249265,23.17273],[121.249235,23.172649],[121.249366,23.172611],[121.249285,23.172369],[121.24929,23.172368],[121.249258,23.172271],[121.249249,23.172274],[121.249223,23.172204],[121.249769,23.172029],[121.249605,23.17171],[121.249563,23.171642],[121.249539,23.171613],[121.249501,23.171579],[121.249216,23.171386],[121.249095,23.17132],[121.249062,23.171307],[121.24902,23.1713],[121.248967,23.1713],[121.248178,23.171437],[121.24779,23.171491],[121.248181,23.172725],[121.248203,23.172737],[121.248212,23.172735],[121.24882,23.172554],[121.248834,23.1726],[121.24861,23.172667],[121.248678,23.172773],[121.248714,23.172807],[121.248741,23.172814],[121.248773,23.172814],[121.248942,23.172768],[121.248953,23.172815]]]}},{"type":"Feature","properties":{"id":"85570d63b4ac","name":"花蓮縣豐濱鄉豐濱國民小學","level":"國小","basis":"both","data_ym":"202410"},"geometry":{"type":"Polygon","coordinates":[[[121.521305,23.598549],[121.520878,23.597853],[121.520213,23.598192],[121.520043,23.597981],[121.519931,23.597853],[121.519864,23.5979],[121.519818,23.597858],[121.519743,23.597864],[121.519692,23.597874],[121.519545,23.597993],[121.51945,23.598083],[121.519387,23.598259],[121.519383,23.598417],[121.519392,23.598472],[121.519421,23.598522],[121.519473,23.598578],[121.519573,23.598669],[121.519628,23.598701],[121.519712,23.598736],[121.520128,23.598841],[121.520403,23.598845],[121.52099,23.59883],[121.521025,23.598806],[121.521064,23.598789],[121.521218,23.598753],[121.521339,23.598709],[121.521321,23.5986],[121.521305,23.598549]]]}},{"type":"Feature","properties":{"id":"0265438a7b3b","name":"花蓮縣玉里鎮松浦國民小學","level":"國小","basis":"both","data_ym":"202411"},"geometry":{"type":"Polygon","coordinates":[[[121.373703,23.429643],[121.373467,23.42942],[121.373693,23.429195],[121.373794,23.429075],[121.373956,23.429214],[121.374125,23.429055],[121.373941,23.428917],[121.374061,23.428783],[121.373668,23.428502],[121.373655,23.428502],[121.373645,23.428507],[121.373363,23.42829],[121.373219,23.42819],[121.37323,23.428177],[121.373157,23.428125],[121.373148,23.428139],[121.372981,23.428027],[121.372824,23.428205],[121.372754,23.428303],[121.372662,23.428395],[121.372527,23.428541],[121.372241,23.428895],[121.372215,23.428937],[121.372212,23.428927],[121.37218,23.428934],[121.37221,23.429042],[121.372247,23.429141],[121.372293,23.429169],[121.37237,23.429196],[121.372441,23.429208],[121.372759,23.429443],[121.373133,23.429633],[121.372889,23.429772],[121.372988,23.430009],[121.373113,23.430058],[121.373405,23.43011],[121.373797,23.429725],[121.373703,23.429643]]]}},{"type":"Feature","properties":{"id":"1a654c7604c7","name":"花蓮縣立玉里國民中學","level":"國中","basis":"both","data_ym":"202411"},"geometry":{"type":"Polygon","coordinates":[[[121.313746,23.336312],[121.313767,23.336314],[121.3139,23.335945],[121.31388,23.33594],[121.313924,23.335767],[121.31375,23.335719],[121.313744,23.335735],[121.313631,23.335698],[121.313664,23.335608],[121.313572,23.33558],[121.313276,23.335441],[121.313354,23.335258],[121.312312,23.335352],[121.312327,23.335499],[121.312486,23.33663],[121.312517,23.33665],[121.313746,23.336312]]]}},{"type":"Feature","properties":{"id":"a64a1de53445","name":"花蓮縣卓溪鄉卓楓國民小學","level":"國小","basis":"both","data_ym":"202411"},"geometry":{"type":"Polygon","coordinates":[[[121.271983,23.244189],[121.272812,23.243927],[121.272449,23.242656],[121.271602,23.242971],[121.271225,23.243084],[121.271353,23.243442],[121.271545,23.243383],[121.27165,23.243637],[121.271852,23.244044],[121.271885,23.244033],[121.271894,23.244047],[121.271901,23.24405],[121.271916,23.244044],[121.271983,23.244189]]]}},{"type":"Feature","properties":{"id":"f79d65dfee22","name":"花蓮縣豐濱鄉靜浦國民小學","level":"國小","basis":"both","data_ym":"201107"},"geometry":{"type":"Polygon","coordinates":[[[121.495454,23.461176],[121.495377,23.461059],[121.495306,23.461083],[121.49525,23.460974],[121.495199,23.460971],[121.495058,23.461033],[121.494773,23.461138],[121.494919,23.461478],[121.494961,23.461591],[121.494896,23.461691],[121.494851,23.461771],[121.49488,23.461832],[121.494873,23.462079],[121.494818,23.462095],[121.494849,23.462186],[121.494849,23.462195],[121.494819,23.462203],[121.494828,23.462296],[121.494885,23.462489],[121.494895,23.462565],[121.494917,23.462632],[121.495097,23.462499],[121.495211,23.462391],[121.495334,23.462303],[121.495524,23.462183],[121.495431,23.462041],[121.495496,23.462007],[121.495442,23.46192],[121.495639,23.461812],[121.495646,23.461805],[121.495649,23.4618],[121.495645,23.461794],[121.495652,23.461785],[121.495604,23.461705],[121.495628,23.461687],[121.495545,23.461546],[121.495606,23.461493],[121.495589,23.46142],[121.495454,23.461176]]]}},{"type":"Feature","properties":{"id":"1191ae9e63c4","name":"花蓮縣豐濱鄉港口國民小學","level":"國小","basis":"both","data_ym":"201611"},"geometry":{"type":"Polygon","coordinates":[[[121.496424,23.467464],[121.496089,23.467435],[121.496121,23.467616],[121.496198,23.467857],[121.496198,23.46829],[121.496147,23.468448],[121.496133,23.468529],[121.496145,23.468588],[121.496213,23.468782],[121.496216,23.468804],[121.496209,23.468836],[121.496289,23.468858],[121.496311,23.468876],[121.496501,23.468906],[121.496761,23.468939],[121.497219,23.46899],[121.497222,23.468987],[121.49723,23.468786],[121.497235,23.468484],[121.49724,23.468468],[121.49725,23.468452],[121.497304,23.468411],[121.497314,23.468397],[121.497339,23.468346],[121.497318,23.468275],[121.497244,23.468212],[121.497238,23.468201],[121.497248,23.468054],[121.497315,23.467693],[121.497301,23.467669],[121.497319,23.46766],[121.497325,23.467626],[121.496726,23.467496],[121.496424,23.467464]]]}},{"type":"Feature","properties":{"id":"a685369def35","name":"花蓮縣立玉東國民中學","level":"國中","basis":"both","data_ym":"201810"},"geometry":{"type":"Polygon","coordinates":[[[121.371169,23.41625],[121.370969,23.416143],[121.370834,23.416205],[121.370732,23.416259],[121.37067,23.416303],[121.370117,23.416739],[121.370057,23.416797],[121.370907,23.417959],[121.37123,23.41775],[121.371348,23.41768],[121.371429,23.417649],[121.371525,23.417624],[121.371608,23.417618],[121.371731,23.4176],[121.371716,23.41755],[121.371713,23.417509],[121.37172,23.417396],[121.371759,23.417303],[121.37185,23.417148],[121.372042,23.416864],[121.37162,23.416523],[121.371582,23.416485],[121.371169,23.41625]]]}},{"type":"Feature","properties":{"id":"c9bebfb9e866","name":"花蓮縣玉里鎮觀音國民小學","level":"國小","basis":"both","data_ym":"201811"},"geometry":{"type":"Polygon","coordinates":[[[121.357152,23.395122],[121.357285,23.395019],[121.357417,23.395186],[121.357802,23.394984],[121.357878,23.394872],[121.358,23.394776],[121.357989,23.394741],[121.357969,23.394707],[121.357927,23.394684],[121.357862,23.394667],[121.3577,23.394647],[121.357443,23.394391],[121.357336,23.394246],[121.357168,23.394005],[121.35715,23.393963],[121.357137,23.393893],[121.357109,23.393861],[121.356868,23.394096],[121.356301,23.394361],[121.356065,23.394442],[121.35544,23.394681],[121.355328,23.394766],[121.355404,23.394808],[121.355559,23.394869],[121.35567,23.394904],[121.356605,23.395161],[121.35671,23.395067],[121.356786,23.395146],[121.356828,23.395165],[121.35697,23.395218],[121.357027,23.395246],[121.357079,23.395292],[121.357148,23.395308],[121.357268,23.395264],[121.357152,23.395122]]]}},{"type":"Feature","properties":{"id":"9ec93f968fc2","name":"花蓮縣玉里鎮中城國民小學","level":"國小","basis":"both","data_ym":"202211"},"geometry":{"type":"Polygon","coordinates":[[[121.316275,23.325182],[121.316479,23.325161],[121.317348,23.325167],[121.317367,23.32514],[121.317489,23.325136],[121.3175,23.325175],[121.317882,23.325176],[121.317909,23.325155],[121.318048,23.324764],[121.318055,23.324765],[121.318111,23.324606],[121.318104,23.324604],[121.318354,23.323879],[121.318276,23.323874],[121.317883,23.323974],[121.317004,23.324171],[121.316027,23.324413],[121.316275,23.325182]]]}},{"type":"Feature","properties":{"id":"5918d1524202","name":"花蓮縣玉里鎮玉里國民小學","level":"國小","basis":"both","data_ym":"202211"},"geometry":{"type":"Polygon","coordinates":[[[121.319422,23.329024],[121.319486,23.328916],[121.319496,23.328918],[121.319522,23.328856],[121.319546,23.328867],[121.319623,23.328683],[121.319599,23.328675],[121.319643,23.328582],[121.319684,23.328572],[121.319934,23.327983],[121.319925,23.327955],[121.318927,23.327583],[121.318902,23.32759],[121.318459,23.328582],[121.318317,23.328918],[121.319267,23.329536],[121.319437,23.329143],[121.319432,23.329087],[121.319408,23.32908],[121.319424,23.329037],[121.319422,23.329024]]]}},{"type":"Feature","properties":{"id":"58f94a72a471","name":"花蓮縣立玉里國民中學1","level":"國中","basis":"both","data_ym":"202010"},"geometry":{"type":"Polygon","coordinates":[[[121.311808,23.336551],[121.312194,23.33649],[121.312039,23.335396],[121.311339,23.335505],[121.310453,23.335662],[121.310545,23.336079],[121.310719,23.336824],[121.310944,23.336766],[121.310944,23.336763],[121.311184,23.336704],[121.311553,23.336668],[121.311819,23.336617],[121.311808,23.336551]]]}},{"type":"Feature","properties":{"id":"90e87ceb95e7","name":"花蓮縣玉里鎮源城國民小學","level":"國小","basis":"both","data_ym":"201611"},"geometry":{"type":"Polygon","coordinates":[[[121.300428,23.321319],[121.300279,23.321275],[121.300141,23.321306],[121.300075,23.321313],[121.300009,23.321296],[121.299858,23.321219],[121.299677,23.321212],[121.299646,23.321161],[121.299612,23.321164],[121.299551,23.321044],[121.299486,23.321016],[121.299087,23.321264],[121.299062,23.321273],[121.299035,23.321274],[121.299011,23.321268],[121.298963,23.321246],[121.298742,23.321272],[121.298766,23.321424],[121.298763,23.321438],[121.298747,23.321462],[121.298559,23.321678],[121.298407,23.32178],[121.298775,23.321958],[121.29883,23.321978],[121.298912,23.321993],[121.299072,23.322015],[121.299721,23.322058],[121.300087,23.322065],[121.300227,23.322073],[121.300277,23.322084],[121.300287,23.322006],[121.300177,23.321686],[121.300241,23.321668],[121.300189,23.321518],[121.300441,23.321461],[121.300428,23.321319]]]}},{"type":"Feature","properties":{"id":"72d1d7f78a55","name":"花蓮縣玉里鎮樂合國民小學","level":"國小","basis":"both","data_ym":"201706"},"geometry":{"type":"Polygon","coordinates":[[[121.339876,23.320367],[121.339709,23.320315],[121.339617,23.32032],[121.339556,23.320307],[121.339272,23.320546],[121.339167,23.320862],[121.33912,23.321055],[121.339078,23.321176],[121.339061,23.321288],[121.339059,23.321338],[121.339066,23.321373],[121.339087,23.321413],[121.339124,23.321445],[121.339322,23.321533],[121.33946,23.321573],[121.339509,23.321578],[121.339645,23.321561],[121.339706,23.321545],[121.339748,23.32153],[121.339774,23.32151],[121.339887,23.321393],[121.339973,23.321321],[121.340232,23.321165],[121.340259,23.32114],[121.340268,23.321109],[121.340261,23.321061],[121.34022,23.320972],[121.340022,23.320584],[121.340061,23.32057],[121.340019,23.320469],[121.339876,23.320367]]]}},{"type":"Feature","properties":{"id":"0eae676bf7d6","name":"花蓮縣卓溪鄉卓清國民小學","level":"國小","basis":"both","data_ym":"201810"},"geometry":{"type":"Polygon","coordinates":[[[121.272971,23.278392],[121.273105,23.277446],[121.272795,23.277416],[121.272465,23.277373],[121.272418,23.277844],[121.272345,23.277838],[121.272308,23.278214],[121.27229,23.278212],[121.272276,23.278359],[121.272864,23.278391],[121.272967,23.278395],[121.272971,23.278392]]]}},{"type":"Feature","properties":{"id":"695b45e83260","name":"花蓮縣卓溪鄉卓樂國民小學","level":"國小","basis":"both","data_ym":"201706"},"geometry":{"type":"Polygon","coordinates":[[[121.26815,23.296395],[121.268178,23.295935],[121.268184,23.295886],[121.268188,23.295885],[121.26819,23.295804],[121.268171,23.295728],[121.268156,23.295728],[121.268151,23.295609],[121.267649,23.295625],[121.267648,23.295579],[121.267645,23.295574],[121.26738,23.295602],[121.267369,23.295521],[121.26711,23.295571],[121.266995,23.295603],[121.266961,23.295627],[121.266905,23.295692],[121.266898,23.295707],[121.266906,23.295747],[121.26706,23.295926],[121.267063,23.29597],[121.267133,23.295972],[121.267244,23.296071],[121.267341,23.296091],[121.267442,23.296101],[121.267448,23.296061],[121.267583,23.296083],[121.267568,23.296204],[121.267663,23.296214],[121.267655,23.296324],[121.267667,23.296358],[121.267678,23.296363],[121.268048,23.296393],[121.268123,23.296398],[121.26815,23.296395]]]}},{"type":"Feature","properties":{"id":"13b403c07520","name":"花蓮縣富里鄉吳江國民小學","level":"國小","basis":"both","data_ym":"201810"},"geometry":{"type":"Polygon","coordinates":[[[121.323194,23.278906],[121.323372,23.278894],[121.323552,23.278903],[121.323439,23.278322],[121.323078,23.278457],[121.323023,23.278454],[121.322515,23.278293],[121.322308,23.278425],[121.321799,23.278696],[121.32179,23.278706],[121.32175,23.27884],[121.32175,23.278845],[121.3218,23.278849],[121.321836,23.278888],[121.32181,23.278911],[121.322252,23.279421],[121.322944,23.278983],[121.323083,23.278931],[121.323194,23.278906]]]}},{"type":"Feature","properties":{"id":"dd9639258565","name":"花蓮縣富里鄉萬寧國民小學","level":"國小","basis":"both","data_ym":"201706"},"geometry":{"type":"Polygon","coordinates":[[[121.298792,23.253099],[121.298773,23.253085],[121.298763,23.253085],[121.298397,23.253163],[121.298293,23.253192],[121.298163,23.253253],[121.2979,23.253419],[121.2972,23.253843],[121.297156,23.253871],[121.297196,23.253942],[121.297077,23.253995],[121.297048,23.253996],[121.297037,23.254169],[121.297039,23.2542],[121.297262,23.254208],[121.297446,23.254223],[121.297564,23.254238],[121.297788,23.254243],[121.298209,23.254241],[121.298261,23.254209],[121.298307,23.254133],[121.298355,23.253999],[121.298385,23.25393],[121.298465,23.253861],[121.298568,23.253746],[121.298673,23.253677],[121.298867,23.253594],[121.298861,23.253503],[121.298834,23.253307],[121.298803,23.253115],[121.298792,23.253099]]]}},{"type":"Feature","properties":{"id":"cdbe28d8cc68","name":"花蓮縣富里鄉東竹國民小學","level":"國小","basis":"both","data_ym":"201107"},"geometry":{"type":"Polygon","coordinates":[[[121.279978,23.215402],[121.280112,23.215287],[121.280352,23.215093],[121.280641,23.214889],[121.280853,23.21473],[121.281134,23.214544],[121.281173,23.214541],[121.281118,23.214431],[121.281074,23.214451],[121.280839,23.213965],[121.280758,23.213785],[121.280719,23.213676],[121.280703,23.213588],[121.280707,23.213277],[121.280701,23.213236],[121.280683,23.213165],[121.280549,23.212822],[121.280533,23.212806],[121.280502,23.21279],[121.280112,23.212719],[121.280082,23.212718],[121.280061,23.21272],[121.280026,23.212734],[121.279402,23.213158],[121.278763,23.21364],[121.278651,23.213717],[121.278545,23.213803],[121.2789,23.214245],[121.279229,23.214626],[121.279576,23.215059],[121.279728,23.215239],[121.279774,23.215352],[121.279801,23.215386],[121.279857,23.215341],[121.279903,23.215314],[121.279978,23.215402]]]}},{"type":"Feature","properties":{"id":"cca4b1b76e0c","name":"花蓮縣卓溪鄉古風國民小學","level":"國小","basis":"both","data_ym":"201704"},"geometry":{"type":"Polygon","coordinates":[[[121.265968,23.219884],[121.265217,23.218814],[121.265074,23.218899],[121.265007,23.21879],[121.264723,23.218943],[121.26478,23.219047],[121.264507,23.21919],[121.26445,23.21909],[121.264251,23.219197],[121.264246,23.219207],[121.264243,23.219266],[121.26425,23.21936],[121.264267,23.219479],[121.264296,23.219561],[121.264458,23.219796],[121.264575,23.219956],[121.264742,23.220171],[121.26499,23.220513],[121.265968,23.219884]]]}},{"type":"Feature","properties":{"id":"92f27b4009ea","name":"花蓮縣富里鄉永豐國民小學","level":"國小","basis":"both","data_ym":"201107"},"geometry":{"type":"Polygon","coordinates":[[[121.267135,23.154347],[121.267123,23.153647],[121.266918,23.153722],[121.266928,23.153752],[121.266813,23.153783],[121.266579,23.153823],[121.266546,23.153823],[121.26646,23.1538],[121.266296,23.153775],[121.266258,23.153761],[121.266222,23.153736],[121.26619,23.153703],[121.26614,23.153633],[121.266034,23.153448],[121.266006,23.153423],[121.265954,23.1534],[121.266026,23.15376],[121.266044,23.153903],[121.266072,23.154197],[121.266097,23.15462],[121.266111,23.154703],[121.266127,23.15475],[121.266179,23.154852],[121.266335,23.155094],[121.266407,23.15519],[121.266441,23.155217],[121.266501,23.155249],[121.266584,23.155267],[121.266637,23.15527],[121.266707,23.155266],[121.266908,23.15523],[121.267175,23.155168],[121.267292,23.154634],[121.267135,23.154347]]]}},{"type":"Feature","properties":{"id":"e5e65e76ef11","name":"花蓮縣富里鄉明里國民小學","level":"國小","basis":"both","data_ym":"202211"},"geometry":{"type":"Polygon","coordinates":[[[121.249434,23.201587],[121.249383,23.201406],[121.249266,23.200933],[121.249111,23.200936],[121.248724,23.200964],[121.248307,23.201006],[121.248393,23.201615],[121.248428,23.201615],[121.248452,23.201632],[121.248694,23.201642],[121.248799,23.20164],[121.248848,23.201636],[121.248979,23.201607],[121.249173,23.201585],[121.24921,23.201589],[121.249331,23.201656],[121.249434,23.201587]]]}},{"type":"Feature","properties":{"id":"8d8f094213c3","name":"花蓮縣富里鄉學田國民小學","level":"國小","basis":"both","data_ym":"201107"},"geometry":{"type":"Polygon","coordinates":[[[121.228124,23.15524],[121.227721,23.154552],[121.22727,23.154787],[121.226484,23.155182],[121.226292,23.155251],[121.226735,23.156031],[121.227948,23.155438],[121.227896,23.155344],[121.228124,23.15524]]]}},{"type":"Feature","properties":{"id":"a2a5f590f720","name":"花蓮縣瑞穗鄉奇美國民小學","level":"國小","basis":"both","data_ym":"201107"},"geometry":{"type":"Polygon","coordinates":[[[121.44663,23.497452],[121.446853,23.497083],[121.446858,23.497052],[121.446858,23.497026],[121.446743,23.496671],[121.446367,23.496783],[121.446122,23.496319],[121.445747,23.496543],[121.445459,23.496663],[121.445345,23.496719],[121.445343,23.496823],[121.445435,23.496995],[121.445433,23.497043],[121.445531,23.497216],[121.445388,23.49729],[121.445379,23.497303],[121.44534,23.497396],[121.445467,23.497544],[121.445504,23.497584],[121.445527,23.4976],[121.44558,23.49762],[121.445615,23.497618],[121.445785,23.497539],[121.445842,23.497618],[121.446024,23.497534],[121.446059,23.497542],[121.446351,23.497422],[121.446407,23.4975],[121.446416,23.497532],[121.446402,23.497646],[121.446403,23.497727],[121.446408,23.497912],[121.446426,23.497912],[121.446512,23.49768],[121.44663,23.497452]]]}},{"type":"Feature","properties":{"id":"a2d343f2c168","name":"花蓮縣立豐濱國民中學","level":"國中","basis":"both","data_ym":"202012"},"geometry":{"type":"Polygon","coordinates":[[[121.521518,23.601449],[121.521597,23.60141],[121.521679,23.601424],[121.521812,23.601363],[121.521727,23.601211],[121.52203,23.601087],[121.522001,23.600978],[121.522071,23.600965],[121.522066,23.600895],[121.521984,23.600607],[121.521941,23.600564],[121.521827,23.600295],[121.521871,23.600277],[121.521869,23.600157],[121.521851,23.600126],[121.521867,23.600104],[121.521616,23.599979],[121.521583,23.599957],[121.521511,23.599884],[121.521301,23.5999],[121.521006,23.600051],[121.52096,23.599979],[121.520446,23.600219],[121.520417,23.600323],[121.520513,23.60049],[121.520338,23.600713],[121.520208,23.600891],[121.520317,23.601141],[121.520305,23.601289],[121.52038,23.601455],[121.520466,23.601423],[121.52079,23.601282],[121.520735,23.601161],[121.521128,23.601008],[121.521416,23.601562],[121.521493,23.601527],[121.521494,23.601507],[121.521518,23.601449]]]}},{"type":"Feature","properties":{"id":"bce6da77de2c","name":"花蓮縣玉里鎮德武國民小學","level":"國小","basis":"both","data_ym":"202407"},"geometry":{"type":"Polygon","coordinates":[[[121.40463,23.466158],[121.404574,23.466513],[121.40457,23.46656],[121.404827,23.466598],[121.4054,23.466649],[121.405474,23.466644],[121.405557,23.466628],[121.405697,23.466592],[121.405913,23.46659],[121.405934,23.466269],[121.405929,23.466157],[121.405927,23.465998],[121.405904,23.465941],[121.405861,23.465733],[121.405249,23.465767],[121.405099,23.46578],[121.404858,23.465812],[121.404802,23.466187],[121.40463,23.466158]]]}},{"type":"Feature","properties":{"id":"ff721877ae0d","name":"花蓮縣萬榮鄉紅葉國民小學","level":"國小","basis":"both","data_ym":"201810"},"geometry":{"type":"Polygon","coordinates":[[[121.344992,23.493772],[121.344775,23.493668],[121.344459,23.494859],[121.344444,23.494934],[121.34443,23.495044],[121.34442,23.495207],[121.344448,23.495211],[121.344877,23.495175],[121.34489,23.495173],[121.344889,23.495169],[121.344999,23.495161],[121.345259,23.495116],[121.346177,23.494984],[121.346096,23.494634],[121.345981,23.494237],[121.345907,23.493958],[121.345252,23.493845],[121.344992,23.493772]]]}},{"type":"Feature","properties":{"id":"ebe2ce591a6c","name":"花蓮縣瑞穗鄉瑞穗國民小學","level":"國小","basis":"both","data_ym":"201611"},"geometry":{"type":"Polygon","coordinates":[[[121.375648,23.497309],[121.373307,23.49695],[121.373301,23.496952],[121.373124,23.498036],[121.374488,23.498264],[121.37543,23.498384],[121.37547,23.49818],[121.375509,23.498181],[121.375512,23.498126],[121.375571,23.498127],[121.375648,23.497309]]]}},{"type":"Feature","properties":{"id":"20ddec156518","name":"花蓮縣立瑞穗國民中學","level":"國中","basis":"both","data_ym":"201611"},"geometry":{"type":"Polygon","coordinates":[[[121.375648,23.497309],[121.375571,23.498127],[121.375512,23.498126],[121.375509,23.498181],[121.37547,23.49818],[121.37543,23.498384],[121.374488,23.498264],[121.373124,23.498036],[121.373051,23.49834],[121.373007,23.498628],[121.372981,23.498908],[121.373064,23.499279],[121.373101,23.499529],[121.373093,23.499563],[121.373131,23.499939],[121.373215,23.500077],[121.37336,23.50017],[121.373691,23.500315],[121.374175,23.50043],[121.375124,23.500371],[121.375083,23.500012],[121.375539,23.49996],[121.375591,23.499951],[121.375595,23.499883],[121.375803,23.499858],[121.375812,23.499851],[121.375828,23.499622],[121.375871,23.499158],[121.375836,23.499138],[121.375848,23.49898],[121.375863,23.498975],[121.37599,23.497448],[121.375926,23.497352],[121.375648,23.497309]]]}},{"type":"Feature","properties":{"id":"eaed997d81c7","name":"花蓮縣瑞穗鄉瑞美國民小學","level":"國小","basis":"both","data_ym":"201611"},"geometry":{"type":"Polygon","coordinates":[[[121.39042,23.492275],[121.390472,23.492383],[121.390484,23.492418],[121.390552,23.492884],[121.390599,23.493442],[121.390678,23.493846],[121.391087,23.493736],[121.390997,23.493444],[121.391257,23.493431],[121.391329,23.493668],[121.391406,23.493648],[121.391396,23.493598],[121.391467,23.493574],[121.391669,23.493539],[121.391761,23.493535],[121.391767,23.493549],[121.392054,23.493472],[121.392416,23.493337],[121.392424,23.493107],[121.392393,23.493014],[121.392354,23.492949],[121.392268,23.492837],[121.392227,23.492798],[121.392133,23.49265],[121.391753,23.492543],[121.391753,23.49254],[121.391552,23.492482],[121.391496,23.492387],[121.391424,23.492196],[121.391319,23.492255],[121.391082,23.49227],[121.391063,23.492162],[121.390551,23.492208],[121.39042,23.492275]]]}},{"type":"Feature","properties":{"id":"d1d94b02b2ba","name":"花蓮縣瑞穗鄉舞鶴國民小學","level":"國小","basis":"both","data_ym":"201611"},"geometry":{"type":"Polygon","coordinates":[[[121.352365,23.457932],[121.352337,23.457912],[121.351432,23.458118],[121.351621,23.45852],[121.352231,23.459767],[121.352661,23.46077],[121.353491,23.460513],[121.353289,23.459975],[121.353575,23.459881],[121.353377,23.459611],[121.353271,23.459489],[121.352935,23.459198],[121.352897,23.459156],[121.352831,23.459097],[121.352365,23.457932]]]}},{"type":"Feature","properties":{"id":"c9f6f8422a10","name":"花蓮縣玉里鎮春日國民小學","level":"國小","basis":"both","data_ym":"202012"},"geometry":{"type":"Polygon","coordinates":[[[121.392277,23.450939],[121.392268,23.45094],[121.392257,23.45095],[121.392231,23.450996],[121.392151,23.451212],[121.392116,23.451295],[121.392004,23.451501],[121.391929,23.45161],[121.391856,23.451691],[121.391791,23.451815],[121.391812,23.451837],[121.392121,23.452271],[121.392067,23.452603],[121.392116,23.452634],[121.392223,23.452738],[121.392271,23.452776],[121.392298,23.45279],[121.392331,23.4528],[121.392499,23.452833],[121.39275,23.452874],[121.393282,23.453065],[121.3933,23.453068],[121.393341,23.45306],[121.393379,23.453039],[121.393414,23.452996],[121.393466,23.452952],[121.393684,23.452845],[121.393741,23.452822],[121.393764,23.45279],[121.393576,23.452468],[121.393158,23.451857],[121.392969,23.451604],[121.392803,23.451412],[121.392665,23.451277],[121.392436,23.451067],[121.392277,23.450939]]]}},{"type":"Feature","properties":{"id":"8efff9bf30b5","name":"花蓮縣卓溪鄉立山國民小學","level":"國小","basis":"both","data_ym":"201107"},"geometry":{"type":"Polygon","coordinates":[[[121.320426,23.431305],[121.320477,23.431295],[121.320562,23.431298],[121.32123,23.431122],[121.321243,23.431096],[121.320898,23.429807],[121.320879,23.429785],[121.320353,23.42991],[121.320383,23.430082],[121.320051,23.430169],[121.320103,23.430388],[121.320205,23.430725],[121.320294,23.431071],[121.32035,23.431053],[121.320426,23.431305]]]}},{"type":"Feature","properties":{"id":"f92401802692","name":"花蓮縣玉里鎮三民國民小學","level":"國小","basis":"both","data_ym":"201611"},"geometry":{"type":"Polygon","coordinates":[[[121.348307,23.431164],[121.348334,23.431137],[121.348486,23.430941],[121.348593,23.430838],[121.348752,23.430723],[121.349043,23.430545],[121.349103,23.430492],[121.348494,23.429397],[121.348367,23.42945],[121.347535,23.429736],[121.347625,23.429952],[121.34764,23.429947],[121.347838,23.430437],[121.34803,23.431189],[121.348151,23.431157],[121.348183,23.431228],[121.348307,23.431164]]]}},{"type":"Feature","properties":{"id":"db16514f9169","name":"花蓮縣立三民國民中學","level":"國中","basis":"both","data_ym":"202011"},"geometry":{"type":"Polygon","coordinates":[[[121.350624,23.433165],[121.350076,23.432216],[121.350007,23.432251],[121.349971,23.43219],[121.349221,23.432577],[121.349121,23.432391],[121.348885,23.432507],[121.348924,23.432583],[121.348893,23.432589],[121.348901,23.43262],[121.348938,23.432713],[121.348985,23.432784],[121.348943,23.432812],[121.348905,23.432941],[121.349046,23.433223],[121.349038,23.433356],[121.349487,23.434034],[121.350014,23.433701],[121.350624,23.433165]]]}},{"type":"Feature","properties":{"id":"8e80a9c76b2d","name":"花蓮縣卓溪鄉崙山國民小學","level":"國小","basis":"both","data_ym":"202012"},"geometry":{"type":"Polygon","coordinates":[[[121.34555,23.439092],[121.345359,23.438834],[121.344944,23.438479],[121.34534,23.438212],[121.345172,23.438021],[121.345009,23.437926],[121.344848,23.437939],[121.344298,23.438056],[121.344223,23.437983],[121.344156,23.43813],[121.34394,23.438448],[121.343792,23.438729],[121.343854,23.438822],[121.343809,23.438864],[121.343855,23.438908],[121.343899,23.438873],[121.344144,23.439095],[121.344479,23.439435],[121.344722,23.439708],[121.344961,23.439585],[121.34555,23.439092]]]}},{"type":"Feature","properties":{"id":"6ca03d5e4611","name":"花蓮縣萬榮鄉明利國民小學","level":"國小","basis":"both","data_ym":"201509"},"geometry":{"type":"Polygon","coordinates":[[[121.412692,23.706425],[121.413705,23.706189],[121.413783,23.706087],[121.413137,23.705294],[121.412735,23.704837],[121.412722,23.704881],[121.412211,23.704957],[121.412253,23.705148],[121.412251,23.705232],[121.412228,23.705376],[121.412206,23.705452],[121.412132,23.705556],[121.412106,23.70554],[121.411881,23.705843],[121.412025,23.705869],[121.412076,23.70591],[121.412029,23.706076],[121.412199,23.706343],[121.412653,23.7063],[121.412692,23.706425]]]}},{"type":"Feature","properties":{"id":"15c484a8109b","name":"花蓮縣立萬榮國民中學","level":"國中","basis":"both","data_ym":"201509"},"geometry":{"type":"Polygon","coordinates":[[[121.418966,23.708],[121.418859,23.707461],[121.417826,23.707469],[121.417822,23.707453],[121.416844,23.707437],[121.416652,23.707424],[121.416884,23.708715],[121.416896,23.708719],[121.416996,23.708719],[121.41803,23.708563],[121.418044,23.708545],[121.41877,23.708432],[121.418956,23.708396],[121.41903,23.708372],[121.419065,23.708354],[121.419111,23.708318],[121.419055,23.708024],[121.418966,23.708]]]}},{"type":"Feature","properties":{"id":"a8e120951a64","name":"花蓮縣鳳林鎮長橋國民小學","level":"國小","basis":"both","data_ym":"201107"},"geometry":{"type":"Polygon","coordinates":[[[121.420305,23.709954],[121.420175,23.709261],[121.419987,23.708318],[121.419304,23.708425],[121.419264,23.708444],[121.419436,23.709389],[121.419519,23.709422],[121.419544,23.709582],[121.419482,23.709649],[121.419486,23.709672],[121.419608,23.709654],[121.419654,23.709904],[121.419534,23.709924],[121.41956,23.71006],[121.420305,23.709954]]]}},{"type":"Feature","properties":{"id":"55d94dffb65a","name":"花蓮縣萬榮鄉萬榮國民小學","level":"國小","basis":"both","data_ym":"202010"},"geometry":{"type":"Polygon","coordinates":[[[121.410932,23.716381],[121.411666,23.716054],[121.411572,23.715917],[121.411431,23.715448],[121.411412,23.715396],[121.411395,23.715296],[121.411379,23.715077],[121.410859,23.715088],[121.410839,23.715178],[121.410811,23.71549],[121.410794,23.715497],[121.41065,23.715464],[121.410635,23.715514],[121.410793,23.715556],[121.410768,23.715838],[121.410804,23.715933],[121.410871,23.715996],[121.410863,23.71613],[121.410852,23.716214],[121.410829,23.716277],[121.410824,23.716373],[121.410912,23.716349],[121.410932,23.716381]]]}},{"type":"Feature","properties":{"id":"8634494d09c2","name":"花蓮縣光復鄉光復國民小學","level":"國小","basis":"both","data_ym":"201509"},"geometry":{"type":"Polygon","coordinates":[[[121.426524,23.67466],[121.426892,23.674521],[121.427115,23.67455],[121.427179,23.674586],[121.427367,23.674718],[121.427407,23.674684],[121.427467,23.674652],[121.427869,23.674467],[121.427876,23.674448],[121.427697,23.67411],[121.427441,23.67361],[121.427328,23.673639],[121.427334,23.673655],[121.427228,23.673684],[121.42713,23.673433],[121.426419,23.673506],[121.425979,23.673584],[121.425191,23.67377],[121.425074,23.673938],[121.425095,23.6741],[121.425121,23.674358],[121.425186,23.674732],[121.425302,23.67517],[121.425543,23.675087],[121.425539,23.675049],[121.426082,23.674866],[121.426524,23.67466]]]}},{"type":"Feature","properties":{"id":"7c4971d5dd26","name":"花蓮縣光復鄉大進國民小學","level":"國小","basis":"both","data_ym":"202211"},"geometry":{"type":"Polygon","coordinates":[[[121.420039,23.654572],[121.41966,23.653809],[121.41938,23.653929],[121.419386,23.65395],[121.419439,23.654063],[121.419455,23.654106],[121.418895,23.654332],[121.419166,23.654867],[121.419418,23.655383],[121.420272,23.65502],[121.420039,23.654572]]]}},{"type":"Feature","properties":{"id":"44c85832fcb9","name":"國立光復高級商工職業學校","level":"高中職","basis":"name","data_ym":"201107"},"geometry":{"type":"Polygon","coordinates":[[[121.428828,23.667438],[121.427513,23.666345],[121.427482,23.666364],[121.426917,23.667599],[121.426672,23.668018],[121.42667,23.668029],[121.426682,23.668097],[121.426773,23.668533],[121.426838,23.668902],[121.426907,23.669204],[121.42693,23.669284],[121.426966,23.669363],[121.427088,23.669616],[121.427112,23.669662],[121.427122,23.66967],[121.427157,23.669678],[121.42717,23.669678],[121.427927,23.669316],[121.42959,23.668531],[121.429603,23.668508],[121.429609,23.66849],[121.4296,23.668465],[121.429207,23.667866],[121.429118,23.667746],[121.429042,23.667653],[121.428906,23.667512],[121.428828,23.667438]]]}},{"type":"Feature","properties":{"id":"526eb97ec98a","name":"花蓮縣立光復國民中學1","level":"國中","basis":"both","data_ym":"202010"},"geometry":{"type":"Polygon","coordinates":[[[121.426574,23.671227],[121.42728,23.670893],[121.426965,23.670301],[121.426918,23.670302],[121.426715,23.670395],[121.426682,23.670388],[121.426573,23.670262],[121.426532,23.670261],[121.426008,23.670474],[121.426344,23.671145],[121.426469,23.671096],[121.4265,23.671116],[121.426574,23.671227]]]}},{"type":"Feature","properties":{"id":"c2aedbd0b70e","name":"花蓮縣立光復國民中學","level":"國中","basis":"both","data_ym":"201509"},"geometry":{"type":"Polygon","coordinates":[[[121.425372,23.66948],[121.42536,23.669484],[121.425181,23.669749],[121.424692,23.670505],[121.424702,23.670561],[121.424626,23.670681],[121.424573,23.67069],[121.424462,23.670857],[121.424451,23.670883],[121.42445,23.670912],[121.424459,23.670958],[121.424891,23.671931],[121.424939,23.672051],[121.424987,23.672054],[121.426302,23.671559],[121.426384,23.671522],[121.426387,23.671512],[121.426384,23.671478],[121.426007,23.670715],[121.425448,23.669609],[121.425388,23.669494],[121.425372,23.66948]]]}},{"type":"Feature","properties":{"id":"42e9a584a6af","name":"花蓮縣光復鄉太巴塱國民小學","level":"國小","basis":"both","data_ym":"201712"},"geometry":{"type":"Polygon","coordinates":[[[121.448274,23.66153],[121.44916,23.660499],[121.448991,23.660373],[121.448979,23.66036],[121.448738,23.659991],[121.448467,23.659544],[121.448412,23.659467],[121.4484,23.659462],[121.448384,23.659467],[121.448334,23.659498],[121.447783,23.659881],[121.447759,23.660012],[121.447681,23.660046],[121.447577,23.660018],[121.447393,23.660141],[121.446911,23.660415],[121.446905,23.66043],[121.446906,23.660445],[121.446916,23.660468],[121.447046,23.660632],[121.447625,23.66144],[121.447635,23.661447],[121.44766,23.661451],[121.447679,23.661441],[121.44805,23.661182],[121.448274,23.66153]]]}},{"type":"Feature","properties":{"id":"6c1644eab4e3","name":"花蓮縣光復鄉大興國民小學","level":"國小","basis":"both","data_ym":"201107"},"geometry":{"type":"Polygon","coordinates":[[[121.398331,23.632477],[121.398359,23.632467],[121.39837,23.63249],[121.398546,23.632417],[121.398623,23.632393],[121.398579,23.632276],[121.398713,23.632225],[121.398546,23.631861],[121.398281,23.631306],[121.398651,23.631033],[121.398491,23.63082],[121.39847,23.630704],[121.39837,23.630696],[121.398157,23.631024],[121.397975,23.631217],[121.398106,23.63142],[121.397818,23.631585],[121.397462,23.6318],[121.397768,23.632211],[121.397724,23.632281],[121.398244,23.632549],[121.398343,23.632501],[121.398331,23.632477]]]}},{"type":"Feature","properties":{"id":"200d438bdc26","name":"花蓮縣光復鄉西富國民小學","level":"國小","basis":"both","data_ym":"202012"},"geometry":{"type":"Polygon","coordinates":[[[121.430435,23.636443],[121.430259,23.636018],[121.430206,23.636047],[121.42943,23.636333],[121.42946,23.636465],[121.429503,23.63661],[121.42958,23.636944],[121.429619,23.636964],[121.430356,23.636695],[121.430488,23.636652],[121.430494,23.636635],[121.430493,23.636617],[121.430435,23.636443]]]}},{"type":"Feature","properties":{"id":"eb23e1208004","name":"花蓮縣萬榮鄉馬遠國民小學","level":"國小","basis":"both","data_ym":"202012"},"geometry":{"type":"Polygon","coordinates":[[[121.361993,23.576961],[121.362071,23.576959],[121.362146,23.576856],[121.362132,23.57678],[121.362128,23.576699],[121.362116,23.576617],[121.362091,23.576553],[121.362058,23.57651],[121.362003,23.576469],[121.361935,23.57657],[121.361413,23.576302],[121.361388,23.576341],[121.361256,23.576569],[121.361284,23.576583],[121.36111,23.576882],[121.36108,23.577122],[121.361081,23.577301],[121.361065,23.577382],[121.361042,23.577455],[121.361377,23.577538],[121.361441,23.577366],[121.361564,23.577224],[121.36173,23.577088],[121.361874,23.576982],[121.36193,23.576968],[121.361993,23.576961]]]}},{"type":"Feature","properties":{"id":"919c3fdb9f07","name":"花蓮縣瑞穗鄉富源國民小學","level":"國小","basis":"both","data_ym":"201107"},"geometry":{"type":"Polygon","coordinates":[[[121.374812,23.579473],[121.375055,23.57939],[121.375674,23.579399],[121.375749,23.578799],[121.37583,23.578237],[121.375865,23.578097],[121.375937,23.577866],[121.375903,23.577858],[121.375893,23.577811],[121.375818,23.577711],[121.37582,23.577487],[121.37583,23.57741],[121.37575,23.577356],[121.375105,23.577732],[121.375049,23.578184],[121.374733,23.578178],[121.374571,23.578122],[121.374528,23.579491],[121.374812,23.579473]]]}},{"type":"Feature","properties":{"id":"31193e04dca9","name":"花蓮縣立富源國民中學","level":"國中","basis":"both","data_ym":"202211"},"geometry":{"type":"Polygon","coordinates":[[[121.384372,23.587723],[121.384003,23.587565],[121.383806,23.58765],[121.383751,23.587706],[121.383519,23.587809],[121.383304,23.587912],[121.383519,23.588261],[121.384455,23.58972],[121.385164,23.58933],[121.385436,23.589174],[121.385547,23.589093],[121.385569,23.589065],[121.385525,23.588998],[121.385416,23.588782],[121.385211,23.588361],[121.385165,23.588282],[121.385125,23.588228],[121.385089,23.58819],[121.384723,23.587928],[121.38452,23.587802],[121.384372,23.587723]]]}},{"type":"Feature","properties":{"id":"bc557b23afac","name":"花蓮縣瑞穗鄉瑞北國民小學","level":"國小","basis":"both","data_ym":"201907"},"geometry":{"type":"Polygon","coordinates":[[[121.379689,23.525305],[121.379643,23.525155],[121.379587,23.525138],[121.37948,23.525152],[121.379475,23.525093],[121.379308,23.525085],[121.379279,23.525301],[121.379263,23.525306],[121.379095,23.5252],[121.378359,23.525364],[121.378491,23.525985],[121.379781,23.52569],[121.379689,23.525305]]]}},{"type":"Feature","properties":{"id":"60d4049aaf55","name":"花蓮縣瑞穗鄉鶴岡國民小學","level":"國小","basis":"both","data_ym":"201107"},"geometry":{"type":"Polygon","coordinates":[[[121.390701,23.522425],[121.390654,23.522421],[121.389936,23.522418],[121.389917,23.522426],[121.389916,23.522795],[121.389928,23.523427],[121.389944,23.524587],[121.389964,23.524605],[121.390263,23.524696],[121.390413,23.524609],[121.390526,23.524462],[121.390587,23.524252],[121.390576,23.524251],[121.39066,23.523899],[121.390692,23.523746],[121.390768,23.523531],[121.390781,23.523409],[121.390783,23.523221],[121.390771,23.52253],[121.390765,23.522477],[121.390756,23.522456],[121.390744,23.522443],[121.390701,23.522425]]]}}]}