{"type":"FeatureCollection","county":"高雄市","features":[{"type":"Feature","properties":{"id":"29ee476450c1","name":"天主教道明學校財團法人高雄市道明高級中學","level":"高中職","basis":"name","data_ym":"202508"},"geometry":{"type":"Polygon","coordinates":[[[120.323856,22.634257],[120.323594,22.633112],[120.321225,22.633648],[120.32123,22.633671],[120.320439,22.633854],[120.32037,22.634044],[120.320708,22.635053],[120.32136,22.634849],[120.321357,22.634841],[120.321382,22.634834],[120.321385,22.634841],[120.321406,22.634835],[120.321408,22.634821],[120.321506,22.634794],[120.32189,22.634819],[120.32253,22.634725],[120.32275,22.634667],[120.322923,22.635207],[120.32297,22.635165],[120.323074,22.635126],[120.323131,22.635058],[120.323757,22.634875],[120.323905,22.635176],[120.324022,22.635148],[120.323825,22.634263],[120.323856,22.634257]]]}},{"type":"Feature","properties":{"id":"bb884824805a","name":"高雄市左營區新上國民小學","level":"國小","basis":"both","data_ym":"202508"},"geometry":{"type":"Polygon","coordinates":[[[120.31167,22.657926],[120.311684,22.657022],[120.311701,22.656311],[120.310263,22.656557],[120.310284,22.656619],[120.310293,22.656664],[120.310299,22.656663],[120.310304,22.656677],[120.31031,22.656707],[120.310278,22.656754],[120.310282,22.657847],[120.310297,22.658941],[120.310854,22.658935],[120.310884,22.658928],[120.310905,22.658908],[120.310913,22.658881],[120.310925,22.657934],[120.31167,22.657926]]]}},{"type":"Feature","properties":{"id":"8caa09465342","name":"高雄市立龍華國民中學","level":"國中","basis":"both","data_ym":"202508"},"geometry":{"type":"Polygon","coordinates":[[[120.310297,22.658941],[120.310282,22.657847],[120.310278,22.656754],[120.31031,22.656707],[120.310304,22.656677],[120.310299,22.656663],[120.310293,22.656664],[120.310284,22.656619],[120.310263,22.656557],[120.309059,22.656744],[120.309038,22.656753],[120.309028,22.656776],[120.309019,22.658209],[120.309021,22.658916],[120.309026,22.658942],[120.309044,22.658951],[120.310297,22.658941]]]}},{"type":"Feature","properties":{"id":"cf8d67fd50a8","name":"國立高雄科技大學楠梓校區","level":"大專","basis":"branch","data_ym":"202508"},"geometry":{"type":"Polygon","coordinates":[[[120.317414,22.724914],[120.317186,22.72524],[120.316958,22.725169],[120.316499,22.725033],[120.316472,22.725033],[120.316396,22.72505],[120.316365,22.725062],[120.316332,22.725085],[120.316059,22.72564],[120.31601,22.725696],[120.315994,22.725702],[120.315979,22.725703],[120.315961,22.725701],[120.315944,22.725693],[120.315927,22.725676],[120.315864,22.725598],[120.315309,22.724961],[120.315193,22.72482],[120.315187,22.724815],[120.314956,22.724817],[120.314957,22.72469],[120.314812,22.724687],[120.314812,22.724556],[120.314093,22.724758],[120.313661,22.724871],[120.313069,22.725033],[120.312764,22.725137],[120.312556,22.72522],[120.312401,22.725288],[120.312117,22.725432],[120.311838,22.725588],[120.31171,22.72567],[120.311461,22.725843],[120.311262,22.725999],[120.311127,22.72611],[120.31099,22.726233],[120.310827,22.726394],[120.310763,22.72646],[120.310754,22.726477],[120.310746,22.726521],[120.310751,22.726553],[120.310769,22.726585],[120.310883,22.726645],[120.311207,22.726831],[120.311443,22.726981],[120.311767,22.72721],[120.312038,22.727414],[120.312183,22.727532],[120.312454,22.727767],[120.314296,22.726901],[120.314605,22.726762],[120.314675,22.726811],[120.314729,22.726869],[120.314948,22.727073],[120.315753,22.727971],[120.315973,22.728209],[120.316014,22.7282],[120.31624,22.728113],[120.316244,22.728123],[120.316333,22.72809],[120.316617,22.727963],[120.316858,22.727841],[120.31727,22.727597],[120.317533,22.727421],[120.31754,22.727429],[120.317824,22.727227],[120.318413,22.726735],[120.31845,22.726699],[120.318756,22.72645],[120.318862,22.726373],[120.318952,22.726321],[120.317414,22.724914]]]}},{"type":"Feature","properties":{"id":"f17cce98d0c5","name":"高雄市立楠梓特殊學校","level":"特殊","basis":"moe","data_ym":"202508"},"geometry":{"type":"Polygon","coordinates":[[[120.315973,22.728209],[120.315753,22.727971],[120.314948,22.727073],[120.314729,22.726869],[120.314675,22.726811],[120.314605,22.726762],[120.314296,22.726901],[120.312454,22.727767],[120.313132,22.7284],[120.313768,22.729002],[120.313984,22.729191],[120.314332,22.728763],[120.314396,22.728702],[120.314469,22.728655],[120.314753,22.7285],[120.315038,22.728381],[120.315758,22.728258],[120.315973,22.728209]]]}},{"type":"Feature","properties":{"id":"49773418c087","name":"高雄市楠梓區藍田國民小學(興建中)","level":"國小","basis":"both","data_ym":"202511"},"geometry":{"type":"Polygon","coordinates":[[[120.288788,22.730295],[120.288751,22.730272],[120.287458,22.730382],[120.287435,22.730402],[120.287428,22.730416],[120.287447,22.730771],[120.287531,22.73211],[120.287539,22.732135],[120.287553,22.732151],[120.287611,22.732179],[120.288841,22.732251],[120.288864,22.732253],[120.288887,22.732245],[120.288914,22.732227],[120.288926,22.732204],[120.288798,22.730314],[120.288788,22.730295]]]}},{"type":"Feature","properties":{"id":"55b7ee658a09","name":"高雄市林園區林園國民小學","level":"國小","basis":"both","data_ym":"202508"},"geometry":{"type":"Polygon","coordinates":[[[120.394374,22.508621],[120.394402,22.508455],[120.394379,22.508453],[120.394387,22.508419],[120.394357,22.508415],[120.394383,22.508118],[120.394482,22.50732],[120.394044,22.507146],[120.394035,22.507185],[120.393833,22.507165],[120.393766,22.507138],[120.393762,22.506992],[120.393767,22.506992],[120.393767,22.506962],[120.393584,22.506964],[120.393276,22.506976],[120.393268,22.506994],[120.393229,22.506995],[120.393229,22.506979],[120.393199,22.506981],[120.393199,22.506976],[120.393124,22.506979],[120.393125,22.507014],[120.393136,22.507014],[120.393136,22.507022],[120.393054,22.507027],[120.392591,22.507016],[120.392546,22.507307],[120.392536,22.507949],[120.392623,22.507956],[120.392618,22.508013],[120.39336,22.508057],[120.393355,22.508255],[120.39339,22.508256],[120.393391,22.508237],[120.393531,22.50824],[120.39353,22.50826],[120.393568,22.508261],[120.393565,22.50859],[120.393864,22.508601],[120.39398,22.508603],[120.39398,22.5086],[120.394374,22.508621]]]}},{"type":"Feature","properties":{"id":"91692396fd9b","name":"高雄市小港區鳳林國民小學","level":"國小","basis":"both","data_ym":"202508"},"geometry":{"type":"Polygon","coordinates":[[[120.342747,22.526666],[120.343535,22.525786],[120.342603,22.525093],[120.341665,22.526001],[120.341682,22.526016],[120.341751,22.526098],[120.341796,22.526135],[120.341768,22.526172],[120.341886,22.526246],[120.341831,22.526342],[120.341838,22.526421],[120.341795,22.526463],[120.341788,22.526512],[120.34185,22.5265],[120.341945,22.526497],[120.342518,22.526625],[120.342516,22.526631],[120.342561,22.526643],[120.342714,22.526671],[120.342747,22.526666]]]}},{"type":"Feature","properties":{"id":"a4d49267b910","name":"高雄市立潮寮國民中學","level":"國中","basis":"both","data_ym":"202508"},"geometry":{"type":"Polygon","coordinates":[[[120.424198,22.56518],[120.425353,22.563774],[120.425665,22.563422],[120.425596,22.563378],[120.425572,22.563251],[120.425618,22.563239],[120.4256,22.563179],[120.425129,22.563006],[120.42472,22.562848],[120.424298,22.562692],[120.423992,22.562642],[120.423449,22.562569],[120.423457,22.562692],[120.423353,22.562707],[120.423714,22.563835],[120.423775,22.563817],[120.423794,22.563869],[120.424198,22.56518]]]}},{"type":"Feature","properties":{"id":"c674d2f48a20","name":"高雄市前鎮區明正國民小學","level":"國小","basis":"both","data_ym":"202508"},"geometry":{"type":"Polygon","coordinates":[[[120.327315,22.581369],[120.327348,22.581329],[120.327355,22.581335],[120.327389,22.581297],[120.327381,22.581291],[120.327986,22.58058],[120.326859,22.579782],[120.326776,22.579796],[120.326784,22.57985],[120.326173,22.580589],[120.32618,22.580633],[120.327073,22.581252],[120.32718,22.581318],[120.327283,22.581393],[120.327315,22.581369]]]}},{"type":"Feature","properties":{"id":"24c7c772b8aa","name":"高雄市鳳山區五福國民小學","level":"國小","basis":"both","data_ym":"202508"},"geometry":{"type":"Polygon","coordinates":[[[120.327059,22.589494],[120.326873,22.589365],[120.326868,22.58937],[120.325619,22.588519],[120.32486,22.58921],[120.32653,22.590347],[120.32714,22.589555],[120.327056,22.589498],[120.327059,22.589494]]]}},{"type":"Feature","properties":{"id":"91e570b30009","name":"高雄市立鳳翔國民中學","level":"國中","basis":"both","data_ym":"202508"},"geometry":{"type":"Polygon","coordinates":[[[120.349154,22.597324],[120.349038,22.596192],[120.34889,22.596235],[120.348829,22.596319],[120.348836,22.596354],[120.348279,22.596506],[120.348268,22.596494],[120.34819,22.596504],[120.348148,22.596528],[120.348094,22.596448],[120.347936,22.596482],[120.347359,22.596626],[120.347361,22.596663],[120.347352,22.596694],[120.347332,22.596715],[120.347299,22.596733],[120.347261,22.596744],[120.347417,22.598149],[120.349154,22.597324]]]}},{"type":"Feature","properties":{"id":"ff2527dd3b51","name":"高雄市鳳山區五甲國民小學","level":"國小","basis":"both","data_ym":"202508"},"geometry":{"type":"Polygon","coordinates":[[[120.335713,22.598896],[120.334912,22.597979],[120.334791,22.597849],[120.334736,22.597889],[120.334712,22.597864],[120.334599,22.597948],[120.334579,22.597921],[120.33418,22.598213],[120.334122,22.598143],[120.334132,22.598137],[120.334055,22.598014],[120.333679,22.598158],[120.333768,22.598266],[120.333652,22.598322],[120.333707,22.59838],[120.33375,22.598412],[120.333825,22.598444],[120.333871,22.598472],[120.333905,22.598504],[120.334887,22.599655],[120.334899,22.599653],[120.335344,22.599325],[120.335756,22.598994],[120.335787,22.598959],[120.335771,22.598951],[120.335713,22.598896]]]}},{"type":"Feature","properties":{"id":"55c1132b06e4","name":"高雄市立中崙國民中學","level":"國中","basis":"both","data_ym":"202508"},"geometry":{"type":"Polygon","coordinates":[[[120.354362,22.602114],[120.354311,22.602063],[120.353276,22.602132],[120.35323,22.602154],[120.353211,22.602171],[120.353187,22.602214],[120.353183,22.602261],[120.353238,22.603393],[120.353247,22.603497],[120.353258,22.603542],[120.353577,22.604547],[120.353663,22.604496],[120.353709,22.604438],[120.353954,22.604179],[120.353984,22.604125],[120.354091,22.604107],[120.354118,22.603828],[120.354159,22.603498],[120.354288,22.602658],[120.354362,22.602114]]]}},{"type":"Feature","properties":{"id":"c39e1db58045","name":"高雄市鳳山區誠正國民小學","level":"國小","basis":"both","data_ym":"202508"},"geometry":{"type":"Polygon","coordinates":[[[120.364373,22.617068],[120.364395,22.616956],[120.364453,22.616892],[120.364693,22.616915],[120.364787,22.615959],[120.364589,22.615744],[120.36456,22.615641],[120.363055,22.615553],[120.363055,22.615598],[120.363092,22.615718],[120.363113,22.616095],[120.363098,22.616417],[120.36304,22.616882],[120.363027,22.617012],[120.363602,22.617056],[120.363606,22.617005],[120.363916,22.617035],[120.363958,22.617036],[120.364017,22.61705],[120.364192,22.617064],[120.364204,22.617047],[120.364279,22.617049],[120.364293,22.617052],[120.364307,22.617065],[120.364373,22.617068]]]}},{"type":"Feature","properties":{"id":"35a40d8129bc","name":"高雄市立中正高級中學","level":"高中職","basis":"both","data_ym":"202508"},"geometry":{"type":"Polygon","coordinates":[[[120.339368,22.625922],[120.339352,22.625927],[120.33935,22.625922],[120.339271,22.62595],[120.339272,22.625953],[120.338763,22.626118],[120.338751,22.626148],[120.338765,22.626186],[120.338493,22.626274],[120.338465,22.626241],[120.33707,22.626689],[120.337024,22.627001],[120.337017,22.627108],[120.337084,22.627115],[120.337082,22.627204],[120.337559,22.627225],[120.33875,22.627266],[120.339816,22.62767],[120.339905,22.627709],[120.339886,22.627484],[120.339449,22.626126],[120.339368,22.625922]]]}},{"type":"Feature","properties":{"id":"d8d4efaae999","name":"高雄韓國國際學校","level":"其他","basis":"none","data_ym":"202508"},"geometry":{"type":"Polygon","coordinates":[[[120.278321,22.630423],[120.278221,22.630281],[120.278156,22.6303],[120.278143,22.630378],[120.278115,22.630422],[120.278011,22.630518],[120.277952,22.630598],[120.277918,22.630724],[120.277928,22.630795],[120.278173,22.631304],[120.278273,22.631267],[120.278301,22.63125],[120.27829,22.631199],[120.278291,22.631168],[120.278301,22.63114],[120.278327,22.631106],[120.278335,22.63109],[120.278501,22.63101],[120.278298,22.630729],[120.2782,22.630558],[120.278268,22.63051],[120.278321,22.630423]]]}},{"type":"Feature","properties":{"id":"4c8152d49ed6","name":"高雄市大寮區後庄國民小學","level":"國小","basis":"both","data_ym":"202508"},"geometry":{"type":"Polygon","coordinates":[[[120.390168,22.637707],[120.389833,22.637539],[120.389812,22.637574],[120.389743,22.637567],[120.389753,22.637548],[120.389703,22.637527],[120.389695,22.637542],[120.389676,22.637532],[120.389671,22.63754],[120.389511,22.637471],[120.389543,22.637395],[120.388758,22.637004],[120.388381,22.637882],[120.388386,22.637897],[120.388377,22.637917],[120.388396,22.637925],[120.388409,22.637963],[120.38951,22.638399],[120.389806,22.63851],[120.389851,22.638498],[120.390188,22.637726],[120.390168,22.637707]]]}},{"type":"Feature","properties":{"id":"da406e0dcdaf","name":"高雄市立陽明國民中學","level":"國中","basis":"both","data_ym":"202508"},"geometry":{"type":"Polygon","coordinates":[[[120.341312,22.64385],[120.341115,22.642864],[120.3411,22.642866],[120.341095,22.642838],[120.341035,22.642849],[120.34104,22.642877],[120.339603,22.643126],[120.340089,22.645416],[120.341552,22.645108],[120.341572,22.6451],[120.341587,22.645087],[120.341597,22.645066],[120.341597,22.645044],[120.341312,22.64385]]]}},{"type":"Feature","properties":{"id":"c6910e49518e","name":"高雄市三民區東光國民小學","level":"國小","basis":"both","data_ym":"202508"},"geometry":{"type":"Polygon","coordinates":[[[120.341136,22.649245],[120.339823,22.64764],[120.339036,22.648187],[120.338322,22.648712],[120.339624,22.650324],[120.341136,22.649245]]]}},{"type":"Feature","properties":{"id":"92ed39b10f74","name":"高雄市鼓山區內惟國民小學","level":"國小","basis":"both","data_ym":"202508"},"geometry":{"type":"Polygon","coordinates":[[[120.277902,22.657525],[120.277615,22.657154],[120.277336,22.657328],[120.277333,22.657324],[120.277311,22.657339],[120.277011,22.656927],[120.277036,22.656911],[120.277033,22.656907],[120.276958,22.656953],[120.276875,22.656839],[120.276705,22.656563],[120.276409,22.656557],[120.276406,22.656582],[120.275669,22.656577],[120.275579,22.656636],[120.275565,22.656664],[120.275591,22.656994],[120.275688,22.656987],[120.275952,22.657242],[120.276181,22.657476],[120.276149,22.657515],[120.276633,22.657912],[120.276755,22.658007],[120.276731,22.658028],[120.276515,22.658178],[120.276615,22.658328],[120.277902,22.657525]]]}},{"type":"Feature","properties":{"id":"8fd250b82a6b","name":"文藻學校財團法人文藻外語大學","level":"大專","basis":"both","data_ym":"202508"},"geometry":{"type":"Polygon","coordinates":[[[120.319924,22.670755],[120.320029,22.670697],[120.320179,22.67063],[120.320543,22.67048],[120.320464,22.670228],[120.320325,22.670263],[120.320253,22.670272],[120.320207,22.67027],[120.320102,22.670244],[120.319903,22.67022],[120.319831,22.670221],[120.319839,22.669885],[120.319828,22.669717],[120.319553,22.669724],[120.31956,22.669588],[120.319592,22.669489],[120.319597,22.66949],[120.319613,22.669439],[120.319826,22.669484],[120.32009,22.669482],[120.320213,22.66942],[120.320079,22.668988],[120.319897,22.669035],[120.319604,22.669013],[120.319584,22.668937],[120.319434,22.668936],[120.319428,22.668932],[120.319412,22.668676],[120.319286,22.668681],[120.319283,22.668655],[120.319096,22.668666],[120.319084,22.668597],[120.319017,22.668584],[120.31889,22.668589],[120.318789,22.668638],[120.318685,22.668751],[120.318581,22.66888],[120.318454,22.668877],[120.318333,22.66881],[120.318105,22.668897],[120.317548,22.669086],[120.317427,22.669218],[120.317486,22.669527],[120.317518,22.669527],[120.317598,22.669628],[120.317658,22.669758],[120.318032,22.670509],[120.318151,22.670732],[120.318196,22.670709],[120.318234,22.670781],[120.318187,22.6708],[120.318346,22.671118],[120.318371,22.671159],[120.318424,22.671226],[120.318491,22.671291],[120.318552,22.671333],[120.318628,22.67138],[120.319061,22.671608],[120.319245,22.671534],[120.319314,22.671502],[120.319374,22.671462],[120.319433,22.671414],[120.319466,22.671377],[120.319488,22.671376],[120.319486,22.671355],[120.319531,22.671294],[120.319572,22.671216],[120.31961,22.671117],[120.319645,22.671049],[120.319688,22.67098],[120.319751,22.670902],[120.319831,22.670823],[120.319924,22.670755]]]}},{"type":"Feature","properties":{"id":"3f2e2c596fee","name":"高雄市楠梓區楠陽國民小學","level":"國小","basis":"both","data_ym":"202508"},"geometry":{"type":"Polygon","coordinates":[[[120.330568,22.724564],[120.330349,22.724462],[120.330317,22.724462],[120.330301,22.724477],[120.330244,22.724564],[120.330153,22.724716],[120.330034,22.724939],[120.329973,22.725066],[120.329832,22.725397],[120.329751,22.725622],[120.329712,22.725761],[120.329694,22.725801],[120.329704,22.725811],[120.330069,22.726016],[120.331542,22.726831],[120.331574,22.726799],[120.331656,22.726668],[120.332122,22.725813],[120.332417,22.725343],[120.332106,22.72531],[120.331922,22.72526],[120.331725,22.725195],[120.331563,22.725124],[120.33133,22.725013],[120.330942,22.724827],[120.330783,22.724744],[120.33081,22.724701],[120.330568,22.724564]]]}},{"type":"Feature","properties":{"id":"e2576d601ac3","name":"國立高雄科技大學第一校區(西校區)","level":"其他","basis":"none","data_ym":"202508"},"geometry":{"type":"Polygon","coordinates":[[[120.332116,22.757148],[120.332248,22.757149],[120.332332,22.757142],[120.332356,22.757137],[120.332368,22.757126],[120.332481,22.757124],[120.332495,22.757114],[120.332738,22.75651],[120.33291,22.756051],[120.333137,22.755299],[120.333467,22.754093],[120.33362,22.753483],[120.333678,22.753234],[120.333664,22.75289],[120.333693,22.752488],[120.333712,22.75232],[120.333747,22.752192],[120.333799,22.751894],[120.333795,22.751882],[120.333781,22.751862],[120.331768,22.751822],[120.330366,22.751787],[120.32748,22.751726],[120.327432,22.751759],[120.327426,22.751772],[120.327403,22.752741],[120.327354,22.75274],[120.327358,22.752424],[120.327353,22.752409],[120.32734,22.7524],[120.326638,22.752352],[120.326639,22.752312],[120.327322,22.752347],[120.327332,22.752347],[120.327361,22.752327],[120.327366,22.752238],[120.327341,22.752181],[120.327343,22.751883],[120.327348,22.751774],[120.327346,22.751763],[120.32731,22.751722],[120.326257,22.751699],[120.326338,22.752268],[120.326048,22.752945],[120.325611,22.75293],[120.325025,22.7533],[120.324895,22.753507],[120.324761,22.753818],[120.324751,22.754301],[120.324825,22.754979],[120.324918,22.75518],[120.325151,22.755467],[120.32537,22.755643],[120.325517,22.755672],[120.325735,22.755534],[120.326316,22.755277],[120.326764,22.755188],[120.327111,22.754972],[120.327287,22.754804],[120.328024,22.754798],[120.328839,22.754824],[120.330446,22.754857],[120.331404,22.754912],[120.331431,22.755146],[120.331417,22.755804],[120.331398,22.756086],[120.331306,22.756261],[120.331308,22.756598],[120.331524,22.756849],[120.331803,22.757156],[120.332116,22.757148]]]}},{"type":"Feature","properties":{"id":"abca7db20faf","name":"高雄市茂林區多納國民小學","level":"國小","basis":"both","data_ym":"202508"},"geometry":{"type":"Polygon","coordinates":[[[120.716592,22.910418],[120.716622,22.910419],[120.71681,22.910386],[120.716726,22.910162],[120.716608,22.910061],[120.716498,22.909934],[120.716406,22.909813],[120.71629,22.909609],[120.71586,22.909713],[120.715754,22.910106],[120.716003,22.91006],[120.716024,22.91015],[120.715985,22.910162],[120.716013,22.910273],[120.716056,22.910264],[120.716009,22.910059],[120.716039,22.910052],[120.716092,22.910256],[120.716198,22.910234],[120.716224,22.910345],[120.716247,22.910487],[120.716592,22.910418]]]}},{"type":"Feature","properties":{"id":"0e968975d981","name":"高雄市小港區明義國民小學","level":"國小","basis":"both","data_ym":"202509"},"geometry":{"type":"Polygon","coordinates":[[[120.367982,22.583861],[120.367992,22.582829],[120.367459,22.582822],[120.367428,22.582848],[120.367355,22.582848],[120.367353,22.582827],[120.367339,22.58282],[120.367327,22.582825],[120.367323,22.582837],[120.367266,22.582837],[120.367266,22.582848],[120.367073,22.582849],[120.366979,22.582816],[120.366467,22.582809],[120.366439,22.58388],[120.366484,22.583939],[120.368031,22.583977],[120.368032,22.583863],[120.367982,22.583861]]]}},{"type":"Feature","properties":{"id":"642d077e6a36","name":"高雄市仁武區灣內國民小學","level":"國小","basis":"both","data_ym":"202509"},"geometry":{"type":"Polygon","coordinates":[[[120.348287,22.686191],[120.348204,22.685974],[120.347968,22.686071],[120.347791,22.686123],[120.347646,22.686161],[120.347491,22.68619],[120.347319,22.686212],[120.347219,22.686219],[120.347127,22.687399],[120.347133,22.687414],[120.347457,22.687506],[120.347707,22.687563],[120.347837,22.687587],[120.348146,22.687627],[120.348426,22.687648],[120.34862,22.687644],[120.348792,22.687626],[120.348867,22.687615],[120.34898,22.68759],[120.348936,22.687517],[120.348622,22.686862],[120.348287,22.686191]]]}},{"type":"Feature","properties":{"id":"7b1735d76844","name":"高雄市仁武區仁武國民小學","level":"國小","basis":"both","data_ym":"202509"},"geometry":{"type":"Polygon","coordinates":[[[120.350149,22.701766],[120.350167,22.701718],[120.350276,22.701277],[120.350285,22.701169],[120.350306,22.701071],[120.350467,22.700391],[120.349996,22.700307],[120.349832,22.700288],[120.349621,22.700247],[120.349628,22.700233],[120.348712,22.700068],[120.348707,22.700093],[120.348466,22.700049],[120.348297,22.70087],[120.348255,22.701049],[120.348596,22.701111],[120.348497,22.701503],[120.348982,22.701591],[120.349324,22.701679],[120.349461,22.701738],[120.349517,22.701473],[120.349725,22.701519],[120.349687,22.701694],[120.349994,22.701751],[120.349999,22.701734],[120.350149,22.701766]]]}},{"type":"Feature","properties":{"id":"04179e1c4180","name":"輔英科技大學","level":"大專","basis":"both","data_ym":"202509"},"geometry":{"type":"Polygon","coordinates":[[[120.390923,22.604351],[120.390971,22.604315],[120.390983,22.60433],[120.391218,22.603972],[120.391436,22.603799],[120.391413,22.603771],[120.391509,22.603685],[120.391418,22.603239],[120.39147,22.602435],[120.391556,22.602295],[120.391504,22.601935],[120.391341,22.601953],[120.39127,22.601923],[120.391103,22.601756],[120.390585,22.601102],[120.39041,22.60069],[120.390353,22.600527],[120.390349,22.600415],[120.390354,22.600323],[120.390385,22.600214],[120.390436,22.600067],[120.390545,22.59988],[120.390581,22.599684],[120.390652,22.59949],[120.390613,22.59931],[120.390588,22.599292],[120.390593,22.599198],[120.3906,22.599169],[120.390573,22.599155],[120.39041,22.599034],[120.39028,22.59892],[120.389939,22.598691],[120.389805,22.598681],[120.389702,22.59873],[120.389421,22.599152],[120.389174,22.599256],[120.389121,22.599291],[120.389095,22.599323],[120.389065,22.599375],[120.389052,22.599435],[120.389069,22.600143],[120.388703,22.600404],[120.388667,22.600412],[120.388353,22.600542],[120.388531,22.601073],[120.388327,22.601201],[120.388361,22.601788],[120.388298,22.601899],[120.388128,22.602005],[120.387688,22.602307],[120.387775,22.602501],[120.387776,22.602602],[120.387745,22.602709],[120.387732,22.602775],[120.387734,22.60284],[120.387763,22.602928],[120.387853,22.603148],[120.388003,22.604089],[120.388043,22.604192],[120.38822,22.604311],[120.388196,22.604436],[120.388286,22.604651],[120.388372,22.604782],[120.388934,22.605273],[120.38917,22.605038],[120.390823,22.604961],[120.390755,22.60464],[120.390921,22.604371],[120.390932,22.604362],[120.390923,22.604351]]]}},{"type":"Feature","properties":{"id":"4fb374a8c64a","name":"佛光山學校財團法人高雄市普門高級中學","level":"高中職","basis":"name","data_ym":"202509"},"geometry":{"type":"Polygon","coordinates":[[[120.448655,22.718431],[120.448637,22.718362],[120.448467,22.718399],[120.448165,22.717811],[120.448304,22.717555],[120.448133,22.717039],[120.447603,22.716506],[120.447291,22.716038],[120.447193,22.716068],[120.44716,22.716017],[120.447149,22.715703],[120.447094,22.71566],[120.446752,22.715686],[120.446684,22.715589],[120.446493,22.715205],[120.446414,22.714875],[120.446074,22.714868],[120.44607,22.715221],[120.445024,22.715183],[120.444863,22.71509],[120.444777,22.715218],[120.444677,22.715352],[120.444663,22.715377],[120.444625,22.715378],[120.444248,22.715418],[120.444271,22.715545],[120.444282,22.715744],[120.444283,22.715924],[120.444272,22.716164],[120.44428,22.716358],[120.444275,22.716473],[120.444278,22.716524],[120.444285,22.716546],[120.444483,22.716549],[120.444481,22.716794],[120.445705,22.71682],[120.445853,22.717523],[120.445872,22.717666],[120.445855,22.717692],[120.445714,22.717799],[120.44563,22.717821],[120.445641,22.717943],[120.445819,22.717871],[120.445796,22.718138],[120.446404,22.718055],[120.446665,22.718045],[120.447381,22.71812],[120.447423,22.717782],[120.447443,22.717763],[120.44765,22.717823],[120.447667,22.718158],[120.448304,22.718247],[120.448412,22.718496],[120.448387,22.718576],[120.448402,22.71906],[120.448409,22.719113],[120.448449,22.719182],[120.448473,22.719202],[120.44868,22.719248],[120.448686,22.718707],[120.448655,22.718431]]]}},{"type":"Feature","properties":{"id":"a5cb6a503d2f","name":"高雄市楠梓區楠梓國民小學","level":"國小","basis":"both","data_ym":"202509"},"geometry":{"type":"Polygon","coordinates":[[[120.329448,22.732507],[120.329505,22.732226],[120.329211,22.732143],[120.328914,22.732131],[120.328775,22.732151],[120.328535,22.732143],[120.328472,22.732371],[120.328305,22.732327],[120.328101,22.732958],[120.327943,22.733306],[120.327684,22.733677],[120.327542,22.73386],[120.32789,22.733976],[120.328083,22.73403],[120.328413,22.734117],[120.328805,22.7342],[120.328923,22.734235],[120.328972,22.734266],[120.328991,22.734284],[120.329144,22.734478],[120.330134,22.733876],[120.329835,22.733556],[120.329357,22.733055],[120.329376,22.732958],[120.329448,22.732507]]]}},{"type":"Feature","properties":{"id":"26a90b780ac7","name":"高雄市橋頭區甲圍國民小學","level":"國小","basis":"both","data_ym":"202509"},"geometry":{"type":"Polygon","coordinates":[[[120.293867,22.735995],[120.294121,22.735876],[120.294436,22.735715],[120.295,22.735464],[120.294918,22.735077],[120.294856,22.7351],[120.294657,22.734726],[120.293689,22.7352],[120.293331,22.735383],[120.29318,22.735448],[120.293419,22.735965],[120.29351,22.735935],[120.293555,22.735952],[120.293696,22.7359],[120.293734,22.735968],[120.293833,22.735922],[120.293867,22.735995]]]}},{"type":"Feature","properties":{"id":"7bf218aa9d3b","name":"高雄市立楠梓國民中學","level":"國中","basis":"both","data_ym":"202509"},"geometry":{"type":"Polygon","coordinates":[[[120.329002,22.734363],[120.327512,22.733884],[120.326943,22.734632],[120.326138,22.735666],[120.326153,22.735711],[120.325928,22.73602],[120.325924,22.736033],[120.32595,22.736076],[120.325962,22.736084],[120.326341,22.736165],[120.32681,22.736237],[120.327408,22.736273],[120.327476,22.73627],[120.327546,22.736259],[120.328515,22.734948],[120.329117,22.734526],[120.329002,22.734363]]]}},{"type":"Feature","properties":{"id":"56afb6119777","name":"高雄市林園區汕尾國民小學","level":"國小","basis":"both","data_ym":"202311"},"geometry":{"type":"Polygon","coordinates":[[[120.412361,22.479708],[120.412001,22.479547],[120.411967,22.479603],[120.411883,22.479566],[120.411806,22.479547],[120.412149,22.478978],[120.411918,22.478863],[120.411527,22.478688],[120.411132,22.478741],[120.411118,22.478732],[120.41103,22.47887],[120.411023,22.478875],[120.410998,22.478882],[120.410859,22.479073],[120.411029,22.479224],[120.411265,22.479477],[120.411722,22.479684],[120.411792,22.4797],[120.411856,22.479725],[120.412259,22.479903],[120.412361,22.479708]]]}},{"type":"Feature","properties":{"id":"c6224db26f84","name":"高雄市立中芸國民中學","level":"國中","basis":"both","data_ym":"201512"},"geometry":{"type":"Polygon","coordinates":[[[120.39545,22.483777],[120.395425,22.483769],[120.394459,22.484517],[120.394365,22.484604],[120.394304,22.484667],[120.394217,22.484791],[120.394149,22.484932],[120.394105,22.485094],[120.394094,22.485206],[120.394116,22.485345],[120.394161,22.485488],[120.394319,22.485862],[120.394509,22.48635],[120.394759,22.486261],[120.395344,22.48608],[120.396111,22.485827],[120.396133,22.485813],[120.396139,22.485787],[120.396048,22.485629],[120.395746,22.484935],[120.395728,22.484886],[120.395593,22.483979],[120.395585,22.483963],[120.39545,22.483777]]]}},{"type":"Feature","properties":{"id":"d2d7f2809dd2","name":"高雄市林園區中芸國民小學","level":"國小","basis":"both","data_ym":"202203"},"geometry":{"type":"Polygon","coordinates":[[[120.39541,22.488572],[120.396017,22.488161],[120.396036,22.488185],[120.396193,22.488077],[120.396178,22.488054],[120.396198,22.488005],[120.396234,22.487969],[120.396297,22.487895],[120.396336,22.487822],[120.396405,22.48773],[120.396482,22.487655],[120.396529,22.487613],[120.397054,22.487271],[120.397015,22.48719],[120.397013,22.487146],[120.397027,22.487097],[120.397058,22.4871],[120.397068,22.487025],[120.396903,22.486956],[120.396848,22.486947],[120.396718,22.486906],[120.396627,22.48691],[120.396609,22.486893],[120.396546,22.486898],[120.396542,22.486872],[120.39657,22.486868],[120.39655,22.486854],[120.396533,22.486855],[120.396526,22.486839],[120.396501,22.486841],[120.396498,22.486838],[120.396487,22.486842],[120.396484,22.486839],[120.396478,22.486843],[120.396452,22.486845],[120.396293,22.486901],[120.395986,22.487014],[120.394922,22.487429],[120.395362,22.488551],[120.395382,22.488565],[120.39541,22.488572]]]}},{"type":"Feature","properties":{"id":"52f2b5ab3d52","name":"高雄市林園區港埔國民小學","level":"國小","basis":"both","data_ym":"201208"},"geometry":{"type":"Polygon","coordinates":[[[120.378793,22.504129],[120.378814,22.503934],[120.378796,22.503937],[120.378784,22.503925],[120.378771,22.503919],[120.377321,22.50418],[120.37744,22.504759],[120.378725,22.504579],[120.378793,22.504129]]]}},{"type":"Feature","properties":{"id":"7e4228841a9d","name":"高雄市林園區王公國民小學","level":"國小","basis":"both","data_ym":"201512"},"geometry":{"type":"Polygon","coordinates":[[[120.388402,22.50405],[120.388391,22.503994],[120.388108,22.504006],[120.388097,22.504016],[120.388035,22.504015],[120.387309,22.504064],[120.387436,22.505682],[120.388582,22.505603],[120.388518,22.504804],[120.388489,22.504505],[120.388425,22.504128],[120.388402,22.50405]]]}},{"type":"Feature","properties":{"id":"7aa8645c556b","name":"高雄市立林園高級中學","level":"高中職","basis":"both","data_ym":"201208"},"geometry":{"type":"Polygon","coordinates":[[[120.395057,22.514602],[120.394912,22.513154],[120.394896,22.513133],[120.394849,22.513115],[120.394553,22.513135],[120.393638,22.513211],[120.393486,22.513218],[120.393379,22.51321],[120.393357,22.513313],[120.393378,22.513489],[120.393186,22.51345],[120.392592,22.513295],[120.392404,22.51324],[120.392325,22.513223],[120.392327,22.513217],[120.392131,22.513099],[120.391975,22.512952],[120.391404,22.513489],[120.393277,22.515259],[120.393696,22.51494],[120.393707,22.514937],[120.393755,22.514896],[120.394144,22.514775],[120.394335,22.514723],[120.394688,22.514645],[120.394881,22.514617],[120.395057,22.514602]]]}},{"type":"Feature","properties":{"id":"f493ce04be63","name":"高雄市小港區鳳鳴國民小學","level":"國小","basis":"both","data_ym":"201208"},"geometry":{"type":"Polygon","coordinates":[[[120.357878,22.515099],[120.35778,22.515003],[120.357769,22.515013],[120.357149,22.514366],[120.357026,22.514249],[120.356796,22.513988],[120.356026,22.514738],[120.356012,22.514757],[120.356006,22.514779],[120.356012,22.514812],[120.356026,22.514831],[120.35707,22.515823],[120.357085,22.515833],[120.357102,22.515838],[120.35713,22.515836],[120.357152,22.515822],[120.357878,22.515099]]]}},{"type":"Feature","properties":{"id":"2d79f05bb704","name":"高雄市立鳳林國民中學","level":"國中","basis":"both","data_ym":"201208"},"geometry":{"type":"Polygon","coordinates":[[[120.349204,22.521204],[120.348124,22.520276],[120.346854,22.521388],[120.346824,22.521426],[120.346812,22.521472],[120.346812,22.521496],[120.346828,22.521541],[120.34686,22.521577],[120.347954,22.522432],[120.349204,22.521204]]]}},{"type":"Feature","properties":{"id":"84fe791c9be1","name":"高雄市林園區金潭國民小學","level":"國小","basis":"both","data_ym":"202203"},"geometry":{"type":"Polygon","coordinates":[[[120.397014,22.529016],[120.397115,22.52897],[120.397219,22.528951],[120.397676,22.52878],[120.397799,22.528668],[120.397539,22.528265],[120.39709,22.527521],[120.396838,22.527644],[120.396357,22.527816],[120.395991,22.527967],[120.395985,22.527956],[120.395976,22.527957],[120.395795,22.528033],[120.39584,22.528128],[120.395589,22.528234],[120.395475,22.52829],[120.39551,22.528361],[120.395367,22.528421],[120.395618,22.528862],[120.395835,22.528868],[120.395877,22.528847],[120.39653,22.528584],[120.39659,22.528554],[120.396609,22.528609],[120.396931,22.529007],[120.39695,22.529016],[120.397014,22.529016]]]}},{"type":"Feature","properties":{"id":"fa129058d856","name":"高雄市大寮區昭明國民小學","level":"國小","basis":"both","data_ym":"202107"},"geometry":{"type":"Polygon","coordinates":[[[120.408883,22.54246],[120.409283,22.541831],[120.409361,22.541694],[120.409394,22.54161],[120.409416,22.541539],[120.409443,22.541389],[120.409448,22.541297],[120.40944,22.541111],[120.409355,22.54114],[120.409339,22.54112],[120.409306,22.541093],[120.409261,22.541104],[120.409192,22.541135],[120.409048,22.54123],[120.408688,22.541307],[120.408694,22.541329],[120.408449,22.541382],[120.408452,22.541393],[120.408357,22.541417],[120.408353,22.541403],[120.40769,22.541547],[120.407791,22.541953],[120.407957,22.541923],[120.408021,22.542192],[120.408077,22.542482],[120.408102,22.542483],[120.408122,22.54254],[120.408883,22.54246]]]}},{"type":"Feature","properties":{"id":"91a95b933bf4","name":"高雄市大寮區昭明國民小學新厝分校","level":"大專","basis":"branch","data_ym":"201208"},"geometry":{"type":"Polygon","coordinates":[[[120.405867,22.560201],[120.405576,22.560252],[120.40547,22.560363],[120.405527,22.560536],[120.405647,22.560948],[120.405697,22.560976],[120.405727,22.561007],[120.405843,22.560993],[120.406053,22.560976],[120.40586,22.56037],[120.405867,22.560201]]]}},{"type":"Feature","properties":{"id":"7420d83e87c9","name":"高雄市小港區坪頂國民小學","level":"國小","basis":"both","data_ym":"201208"},"geometry":{"type":"Polygon","coordinates":[[[120.391946,22.561373],[120.392783,22.561382],[120.392913,22.561378],[120.392932,22.561373],[120.392966,22.561344],[120.392979,22.561308],[120.392983,22.561279],[120.39298,22.559955],[120.391639,22.55995],[120.391586,22.560137],[120.391568,22.56018],[120.391438,22.560388],[120.391358,22.560485],[120.39147,22.561128],[120.391531,22.561423],[120.391562,22.561435],[120.39171,22.5614],[120.39186,22.561379],[120.391946,22.561373]]]}},{"type":"Feature","properties":{"id":"3cddb992c87a","name":"高雄市小港區鳳陽國民小學","level":"國小","basis":"both","data_ym":"201710"},"geometry":{"type":"Polygon","coordinates":[[[120.370748,22.560848],[120.369651,22.560813],[120.369613,22.560824],[120.369605,22.560833],[120.36958,22.561461],[120.369584,22.561464],[120.369583,22.56149],[120.369601,22.56149],[120.369598,22.561558],[120.369616,22.561559],[120.369614,22.561665],[120.369571,22.561701],[120.369558,22.562033],[120.369567,22.56206],[120.369585,22.562079],[120.370684,22.562131],[120.370754,22.562131],[120.370784,22.562115],[120.370794,22.56209],[120.370796,22.562061],[120.370799,22.560906],[120.370792,22.56089],[120.370748,22.560848]]]}},{"type":"Feature","properties":{"id":"16ec2de192bf","name":"高雄市小港區小港國民小學","level":"國小","basis":"both","data_ym":"201510"},"geometry":{"type":"Polygon","coordinates":[[[120.335875,22.560476],[120.335417,22.560129],[120.334444,22.561548],[120.33546,22.562133],[120.335482,22.562127],[120.336339,22.560839],[120.335875,22.560476]]]}},{"type":"Feature","properties":{"id":"338ee009545e","name":"高雄市小港區二苓國民小學","level":"國小","basis":"both","data_ym":"201512"},"geometry":{"type":"Polygon","coordinates":[[[120.353807,22.564299],[120.353786,22.564174],[120.354256,22.563697],[120.352265,22.563677],[120.352247,22.563691],[120.352196,22.563919],[120.352134,22.56411],[120.352116,22.564148],[120.353021,22.564739],[120.353045,22.564691],[120.353291,22.564701],[120.353382,22.564756],[120.353807,22.564299]]]}},{"type":"Feature","properties":{"id":"affbd33f158d","name":"高雄市立小港高級中學","level":"高中職","basis":"both","data_ym":"201208"},"geometry":{"type":"Polygon","coordinates":[[[120.358369,22.56378],[120.355759,22.563734],[120.355724,22.563752],[120.355683,22.563781],[120.354937,22.564669],[120.354908,22.564716],[120.354886,22.564769],[120.354859,22.565199],[120.354862,22.565223],[120.354915,22.565241],[120.358304,22.565307],[120.358343,22.565295],[120.358378,22.565269],[120.358384,22.565234],[120.358413,22.563818],[120.358394,22.563795],[120.358369,22.56378]]]}},{"type":"Feature","properties":{"id":"c215406284e5","name":"高雄市大寮區潮寮國民小學","level":"國小","basis":"both","data_ym":"201908"},"geometry":{"type":"Polygon","coordinates":[[[120.425331,22.564286],[120.425226,22.56411],[120.424859,22.564545],[120.424526,22.564921],[120.424271,22.565233],[120.424616,22.566115],[120.425792,22.565793],[120.425394,22.564404],[120.425331,22.564286]]]}},{"type":"Feature","properties":{"id":"f76110d2f439","name":"國立高雄餐旅大學","level":"大專","basis":"both","data_ym":"201710"},"geometry":{"type":"Polygon","coordinates":[[[120.373722,22.560828],[120.37119,22.560812],[120.371197,22.562258],[120.371067,22.563439],[120.370917,22.564747],[120.370886,22.565577],[120.370864,22.565629],[120.371594,22.565886],[120.371918,22.566016],[120.37263,22.566253],[120.373046,22.566534],[120.373066,22.566542],[120.373081,22.566542],[120.373107,22.566529],[120.373118,22.566511],[120.373268,22.566008],[120.373334,22.565774],[120.373394,22.565538],[120.373448,22.565301],[120.373496,22.565063],[120.373538,22.564825],[120.373574,22.564585],[120.37361,22.564252],[120.373779,22.560875],[120.37377,22.560852],[120.373758,22.56084],[120.373738,22.56083],[120.373722,22.560828]]]}},{"type":"Feature","properties":{"id":"00c2ec9c8d0c","name":"高雄市小港區漢民國民小學","level":"國小","basis":"both","data_ym":"202203"},"geometry":{"type":"Polygon","coordinates":[[[120.360197,22.565544],[120.360186,22.565536],[120.359964,22.56554],[120.358583,22.565515],[120.358556,22.56553],[120.358539,22.565551],[120.358506,22.566678],[120.358529,22.566692],[120.35856,22.566694],[120.359809,22.566683],[120.359865,22.566674],[120.359897,22.566652],[120.35992,22.566627],[120.360195,22.565569],[120.360197,22.565544]]]}},{"type":"Feature","properties":{"id":"5aa34070b022","name":"高雄市立中山國民中學","level":"國中","basis":"both","data_ym":"201712"},"geometry":{"type":"Polygon","coordinates":[[[120.356056,22.566703],[120.35612,22.566677],[120.356447,22.566681],[120.356486,22.566712],[120.356812,22.566709],[120.356825,22.565481],[120.355742,22.565465],[120.354914,22.565443],[120.354871,22.565462],[120.354846,22.565483],[120.354792,22.566659],[120.354802,22.566701],[120.354813,22.56671],[120.356056,22.566703]]]}},{"type":"Feature","properties":{"id":"56b38789bb00","name":"高雄市立空中大學","level":"大專","basis":"name","data_ym":"201208"},"geometry":{"type":"Polygon","coordinates":[[[120.346724,22.566988],[120.346808,22.566019],[120.346833,22.565865],[120.346597,22.565825],[120.34593,22.56587],[120.345562,22.566361],[120.345593,22.566389],[120.345652,22.566425],[120.345354,22.566815],[120.345707,22.56679],[120.345758,22.567438],[120.345924,22.567448],[120.3467,22.567438],[120.346714,22.56743],[120.346724,22.566988]]]}},{"type":"Feature","properties":{"id":"b1b32424badf","name":"高雄市立小港國民中學","level":"國中","basis":"both","data_ym":"201908"},"geometry":{"type":"Polygon","coordinates":[[[120.33823,22.565822],[120.33831,22.565601],[120.338119,22.56554],[120.338096,22.565604],[120.337678,22.565465],[120.337663,22.565506],[120.337481,22.565454],[120.337434,22.565585],[120.337177,22.56552],[120.336821,22.565401],[120.336682,22.565862],[120.336604,22.566071],[120.336477,22.566368],[120.336437,22.566451],[120.336361,22.566585],[120.336263,22.566725],[120.336258,22.566748],[120.336263,22.566771],[120.336281,22.566793],[120.337405,22.567624],[120.337436,22.567635],[120.337467,22.567629],[120.337486,22.567614],[120.337957,22.567064],[120.338245,22.566694],[120.338532,22.566291],[120.338725,22.56596],[120.33823,22.565822]]]}},{"type":"Feature","properties":{"id":"877d5cf9726e","name":"國立高雄餐旅大學附屬餐旅高級中等學校","level":"高中職","basis":"name","data_ym":"201510"},"geometry":{"type":"Polygon","coordinates":[[[120.372305,22.566394],[120.371631,22.566167],[120.371609,22.566186],[120.371609,22.56619],[120.371515,22.566199],[120.371463,22.566124],[120.37146,22.56611],[120.37085,22.565905],[120.370968,22.567835],[120.372335,22.567745],[120.37238,22.567739],[120.372413,22.567721],[120.37242,22.567685],[120.372354,22.566437],[120.372344,22.566416],[120.372305,22.566394]]]}},{"type":"Feature","properties":{"id":"5ca4fbd40b9f","name":"高雄市小港區華山國民小學","level":"國小","basis":"both","data_ym":"202311"},"geometry":{"type":"Polygon","coordinates":[[[120.366273,22.566556],[120.366054,22.566529],[120.365872,22.566534],[120.365459,22.566527],[120.36548,22.56696],[120.36522,22.56745],[120.365724,22.567737],[120.366125,22.567974],[120.366221,22.567858],[120.366667,22.567357],[120.366985,22.56699],[120.366985,22.566959],[120.366622,22.566697],[120.366508,22.566631],[120.366353,22.566575],[120.366273,22.566556]]]}},{"type":"Feature","properties":{"id":"0efa2c0753bf","name":"高雄市小港區港和國民小學","level":"國小","basis":"both","data_ym":"201208"},"geometry":{"type":"Polygon","coordinates":[[[120.338066,22.567198],[120.338036,22.567201],[120.338012,22.567218],[120.337011,22.568388],[120.336824,22.568609],[120.336813,22.568634],[120.336811,22.568648],[120.336816,22.568674],[120.336831,22.568697],[120.336842,22.568706],[120.337649,22.569318],[120.33766,22.569322],[120.337683,22.569324],[120.337715,22.56931],[120.338972,22.567852],[120.338094,22.567209],[120.338066,22.567198]]]}},{"type":"Feature","properties":{"id":"01dc6e29f95e","name":"高雄市小港區太平國民小學","level":"國小","basis":"both","data_ym":"202203"},"geometry":{"type":"Polygon","coordinates":[[[120.372027,22.571216],[120.372025,22.571092],[120.371916,22.571106],[120.371144,22.571262],[120.3712,22.572541],[120.371205,22.572569],[120.371224,22.572588],[120.371248,22.572596],[120.372094,22.572548],[120.372083,22.572276],[120.372069,22.572113],[120.372054,22.571839],[120.372027,22.571216]]]}},{"type":"Feature","properties":{"id":"8144b7fd6057","name":"高雄市小港區青山國民小學","level":"國小","basis":"both","data_ym":"202311"},"geometry":{"type":"Polygon","coordinates":[[[120.361705,22.573105],[120.361022,22.572301],[120.360899,22.572179],[120.360904,22.572099],[120.361033,22.571995],[120.361007,22.571974],[120.361032,22.571934],[120.360992,22.571895],[120.361038,22.571811],[120.361242,22.571647],[120.361062,22.571504],[120.359625,22.572584],[120.359262,22.57287],[120.359194,22.572804],[120.358978,22.572975],[120.359,22.573158],[120.361705,22.573105]]]}},{"type":"Feature","properties":{"id":"b128c3fcf151","name":"高雄市前鎮區佛公國民小學","level":"國小","basis":"both","data_ym":"201712"},"geometry":{"type":"Polygon","coordinates":[[[120.320483,22.572191],[120.320087,22.571903],[120.320038,22.571909],[120.31994,22.572032],[120.31935,22.572725],[120.319024,22.573115],[120.319018,22.573135],[120.319045,22.573184],[120.31912,22.573244],[120.319924,22.573816],[120.319945,22.573826],[120.319992,22.573819],[120.320057,22.573747],[120.321035,22.572601],[120.32104,22.57259],[120.321034,22.57258],[120.320483,22.572191]]]}},{"type":"Feature","properties":{"id":"864a347c2190","name":"高雄市旗津區中洲國民小學","level":"國小","basis":"both","data_ym":"201908"},"geometry":{"type":"Polygon","coordinates":[[[120.294857,22.57742],[120.294951,22.577298],[120.294992,22.577302],[120.29526,22.576945],[120.294316,22.576382],[120.294411,22.576254],[120.294309,22.576173],[120.293519,22.577137],[120.293659,22.577237],[120.294518,22.577822],[120.294546,22.577828],[120.294589,22.577822],[120.294622,22.577798],[120.294872,22.577454],[120.294857,22.57742]]]}},{"type":"Feature","properties":{"id":"f70b634f80df","name":"高雄市前鎮區仁愛國民小學","level":"國小","basis":"both","data_ym":"201510"},"geometry":{"type":"Polygon","coordinates":[[[120.317753,22.582278],[120.318326,22.581636],[120.317544,22.580808],[120.316598,22.581967],[120.31761,22.582318],[120.317753,22.582278]]]}},{"type":"Feature","properties":{"id":"bb9ebde8f55d","name":"高雄市小港區桂林國民小學","level":"國小","basis":"both","data_ym":"201510"},"geometry":{"type":"Polygon","coordinates":[[[120.351075,22.58215],[120.351036,22.582122],[120.349667,22.582169],[120.349643,22.582181],[120.349639,22.582199],[120.349678,22.583377],[120.34969,22.583407],[120.349725,22.58342],[120.351104,22.583368],[120.351119,22.583358],[120.351083,22.582166],[120.351075,22.58215]]]}},{"type":"Feature","properties":{"id":"99a889468749","name":"高雄市立前鎮國民中學","level":"國中","basis":"both","data_ym":"201208"},"geometry":{"type":"Polygon","coordinates":[[[120.321454,22.581117],[120.3211,22.58084],[120.320088,22.58209],[120.320096,22.582148],[120.319507,22.582885],[120.319503,22.582899],[120.319503,22.582929],[120.319514,22.582943],[120.319532,22.58295],[120.319757,22.583029],[120.319776,22.583076],[120.321092,22.583525],[120.32206,22.583843],[120.322112,22.583819],[120.322267,22.583344],[120.322668,22.582071],[120.322633,22.582061],[120.322595,22.582042],[120.322564,22.582019],[120.322548,22.581983],[120.322553,22.581948],[120.322566,22.581905],[120.321454,22.581117]]]}},{"type":"Feature","properties":{"id":"640faf04dbb7","name":"高雄市立明義國民中學","level":"國中","basis":"both","data_ym":"201208"},"geometry":{"type":"Polygon","coordinates":[[[120.368278,22.584719],[120.368515,22.584427],[120.36932,22.58335],[120.369289,22.583308],[120.369297,22.582673],[120.369345,22.582378],[120.369365,22.582035],[120.369367,22.581594],[120.369395,22.581376],[120.369396,22.581254],[120.368981,22.581229],[120.368734,22.581228],[120.368433,22.581249],[120.368364,22.581257],[120.368299,22.581273],[120.368257,22.581291],[120.368209,22.581327],[120.368175,22.581378],[120.368144,22.581439],[120.368104,22.584323],[120.368092,22.584323],[120.368087,22.584534],[120.368092,22.584534],[120.368086,22.58472],[120.368278,22.584719]]]}},{"type":"Feature","properties":{"id":"3d1cae300c81","name":"高雄市前鎮區紅毛港國民小學","level":"國小","basis":"both","data_ym":"201710"},"geometry":{"type":"Polygon","coordinates":[[[120.332949,22.584626],[120.334521,22.584682],[120.334523,22.583709],[120.334501,22.583682],[120.334505,22.58366],[120.33448,22.583656],[120.334475,22.583651],[120.334486,22.583574],[120.334518,22.58358],[120.334537,22.583502],[120.334498,22.583494],[120.334503,22.583465],[120.334534,22.583465],[120.33455,22.583179],[120.334543,22.583157],[120.334526,22.58315],[120.33386,22.58314],[120.333146,22.584265],[120.332949,22.584626]]]}},{"type":"Feature","properties":{"id":"681cc248a2e8","name":"高雄市立明義國民中學中安分校","level":"大專","basis":"branch","data_ym":"201710"},"geometry":{"type":"Polygon","coordinates":[[[120.334521,22.584682],[120.332887,22.584625],[120.332205,22.585884],[120.332355,22.585966],[120.333852,22.585745],[120.33385,22.585702],[120.333906,22.585691],[120.333911,22.585709],[120.333996,22.58569],[120.333992,22.585673],[120.334282,22.585612],[120.334486,22.585481],[120.334521,22.584682]]]}},{"type":"Feature","properties":{"id":"1c1ed016b79f","name":"高雄市立興仁國民中學","level":"國中","basis":"both","data_ym":"201510"},"geometry":{"type":"Polygon","coordinates":[[[120.314196,22.586102],[120.31236,22.584734],[120.311703,22.585504],[120.313588,22.586858],[120.313772,22.586634],[120.314197,22.586131],[120.314196,22.586102]]]}},{"type":"Feature","properties":{"id":"91ce9ca12177","name":"高雄市前鎮區前鎮國民小學","level":"國小","basis":"name","data_ym":"201510"},"geometry":{"type":"Polygon","coordinates":[[[120.310191,22.585509],[120.309099,22.584713],[120.307566,22.586528],[120.308975,22.586977],[120.310191,22.585509]]]}},{"type":"Feature","properties":{"id":"06fba93f7c48","name":"高雄市旗津區大汕國民小學","level":"國小","basis":"both","data_ym":"201510"},"geometry":{"type":"Polygon","coordinates":[[[120.287482,22.587964],[120.287904,22.588129],[120.288008,22.587905],[120.288196,22.587977],[120.288222,22.587915],[120.288252,22.587901],[120.288453,22.587548],[120.288527,22.587438],[120.288392,22.587313],[120.287773,22.586816],[120.287737,22.58686],[120.287561,22.586738],[120.287619,22.586678],[120.287563,22.586636],[120.286515,22.587837],[120.286906,22.588224],[120.287321,22.588005],[120.287453,22.587997],[120.287482,22.587964]]]}},{"type":"Feature","properties":{"id":"27ecf4fb1c75","name":"高雄市前鎮區前鎮國民小學生態校園","level":"其他","basis":"none","data_ym":"202203"},"geometry":{"type":"Polygon","coordinates":[[[120.309589,22.588711],[120.309703,22.588557],[120.30979,22.588554],[120.31003,22.588734],[120.309975,22.588795],[120.310041,22.588851],[120.310197,22.588959],[120.310264,22.58898],[120.310286,22.58904],[120.310416,22.589125],[120.31049,22.589188],[120.310512,22.58918],[120.310713,22.589432],[120.311394,22.588735],[120.310948,22.588383],[120.310865,22.588329],[120.310779,22.58828],[120.31069,22.588236],[120.310598,22.588197],[120.310085,22.588036],[120.30989,22.587995],[120.309781,22.587983],[120.309757,22.587993],[120.30974,22.588011],[120.309581,22.588461],[120.309524,22.588642],[120.309524,22.588649],[120.309538,22.588668],[120.309589,22.588711]]]}},{"type":"Feature","properties":{"id":"6fd6fd7e9886","name":"高雄市立前鎮高級中學","level":"高中職","basis":"both","data_ym":"201208"},"geometry":{"type":"Polygon","coordinates":[[[120.320593,22.587444],[120.319462,22.58666],[120.319019,22.587382],[120.318802,22.587701],[120.318469,22.588093],[120.318116,22.588548],[120.31801,22.588668],[120.317918,22.588756],[120.31781,22.588834],[120.317669,22.588917],[120.317679,22.588963],[120.318707,22.589713],[120.320311,22.587875],[120.32057,22.58756],[120.320558,22.587521],[120.320565,22.587477],[120.320593,22.587444]]]}},{"type":"Feature","properties":{"id":"f638a5d9f02f","name":"高雄市立旗津國民中學","level":"國中","basis":"both","data_ym":"201908"},"geometry":{"type":"Polygon","coordinates":[[[120.287875,22.588118],[120.287482,22.587964],[120.287453,22.587997],[120.287321,22.588005],[120.286906,22.588224],[120.286515,22.587837],[120.286484,22.587873],[120.286468,22.587879],[120.28646,22.587887],[120.286454,22.587908],[120.286317,22.588064],[120.286279,22.588086],[120.286276,22.588096],[120.28628,22.588107],[120.286141,22.588266],[120.286152,22.58832],[120.285967,22.588528],[120.28584,22.588558],[120.28519,22.589305],[120.28548,22.589456],[120.285467,22.589562],[120.285521,22.589661],[120.285333,22.590021],[120.285593,22.590208],[120.285778,22.590194],[120.285835,22.590125],[120.286077,22.589873],[120.286474,22.589499],[120.28685,22.589209],[120.286989,22.589123],[120.287304,22.588883],[120.287417,22.588788],[120.287637,22.588554],[120.287698,22.588465],[120.287784,22.588306],[120.287875,22.588118]]]}},{"type":"Feature","properties":{"id":"0b0ea352c689","name":"高雄市大寮區大寮國民小學","level":"國小","basis":"both","data_ym":"202107"},"geometry":{"type":"Polygon","coordinates":[[[120.416566,22.591074],[120.416831,22.591032],[120.416865,22.59105],[120.416916,22.591048],[120.41694,22.591011],[120.416859,22.590463],[120.41685,22.590355],[120.416602,22.590372],[120.41652,22.589797],[120.416448,22.589469],[120.416211,22.589452],[120.414993,22.589426],[120.414983,22.590295],[120.416046,22.590285],[120.416015,22.590727],[120.416032,22.590969],[120.416067,22.591185],[120.416303,22.591147],[120.416325,22.591121],[120.416566,22.591074]]]}},{"type":"Feature","properties":{"id":"adc0f9a8386a","name":"高雄市前鎮區鎮昌國民小學","level":"國小","basis":"name","data_ym":"201208"},"geometry":{"type":"Polygon","coordinates":[[[120.318591,22.58985],[120.317791,22.589262],[120.316821,22.590409],[120.317605,22.590988],[120.31815,22.590365],[120.3182,22.590311],[120.318591,22.58985]]]}},{"type":"Feature","properties":{"id":"c2e662933edc","name":"高雄市鳳山區過埤國民小學","level":"國小","basis":"both","data_ym":"201208"},"geometry":{"type":"Polygon","coordinates":[[[120.36274,22.5918],[120.362659,22.590255],[120.362626,22.59022],[120.361232,22.590336],[120.361298,22.591527],[120.361318,22.591527],[120.361338,22.591861],[120.362721,22.59182],[120.36274,22.5918]]]}},{"type":"Feature","properties":{"id":"7dabccc08948","name":"高雄市立福誠高級中學","level":"高中職","basis":"both","data_ym":"201510"},"geometry":{"type":"Polygon","coordinates":[[[120.322002,22.591912],[120.322751,22.591028],[120.32277,22.591047],[120.322858,22.590942],[120.323119,22.591118],[120.323299,22.591232],[120.323878,22.591626],[120.324631,22.590697],[120.324631,22.590662],[120.324615,22.590628],[120.324358,22.590416],[120.324098,22.590192],[120.324068,22.590223],[120.324007,22.590175],[120.324002,22.590139],[120.323114,22.589385],[120.323101,22.589398],[120.3229,22.589214],[120.322814,22.589129],[120.322772,22.589109],[120.322768,22.589115],[120.322752,22.589104],[120.322721,22.589141],[120.322746,22.589163],[120.32086,22.591392],[120.321236,22.591649],[120.321348,22.591721],[120.32142,22.591748],[120.321773,22.591853],[120.322002,22.591912]]]}},{"type":"Feature","properties":{"id":"58a089bc6ce1","name":"高雄市私立高英高級工商職業學校","level":"高中職","basis":"name","data_ym":"201208"},"geometry":{"type":"Polygon","coordinates":[[[120.400424,22.594709],[120.400556,22.594415],[120.40063,22.59433],[120.400697,22.594353],[120.40075,22.594209],[120.400724,22.594201],[120.40071,22.594238],[120.400699,22.594234],[120.400691,22.594257],[120.400658,22.594245],[120.40066,22.594136],[120.400712,22.594018],[120.401003,22.59346],[120.401132,22.593263],[120.400296,22.592981],[120.399858,22.592837],[120.399817,22.592851],[120.399356,22.594125],[120.399174,22.594603],[120.399159,22.594609],[120.399138,22.594586],[120.399042,22.594663],[120.399024,22.594693],[120.399022,22.594712],[120.398989,22.594788],[120.398966,22.594816],[120.399031,22.594959],[120.399141,22.595056],[120.399424,22.595274],[120.399946,22.595489],[120.399926,22.59553],[120.399974,22.595555],[120.400106,22.595588],[120.400191,22.595427],[120.400349,22.595159],[120.400376,22.594828],[120.400424,22.594709]]]}},{"type":"Feature","properties":{"id":"7a8c1b1c53a3","name":"高雄市鳳山區南成國民小學","level":"國小","basis":"both","data_ym":"201712"},"geometry":{"type":"Polygon","coordinates":[[[120.33693,22.594561],[120.335703,22.593736],[120.335605,22.593748],[120.334938,22.594613],[120.334932,22.594666],[120.335202,22.594858],[120.335544,22.595087],[120.335569,22.595125],[120.33614,22.595516],[120.336198,22.595511],[120.336931,22.594597],[120.33693,22.594561]]]}},{"type":"Feature","properties":{"id":"09cc446d2375","name":"高雄市鳳山區鳳翔國民小學","level":"國小","basis":"both","data_ym":"201710"},"geometry":{"type":"Polygon","coordinates":[[[120.341021,22.595958],[120.341056,22.595912],[120.341066,22.595922],[120.34108,22.595926],[120.341095,22.595924],[120.34111,22.595915],[120.341117,22.595905],[120.34112,22.595892],[120.341114,22.595872],[120.34112,22.595857],[120.341118,22.595848],[120.341111,22.595839],[120.341169,22.595762],[120.341156,22.595757],[120.341331,22.595535],[120.341349,22.595542],[120.341423,22.595436],[120.341476,22.595453],[120.341852,22.594968],[120.341863,22.59495],[120.341869,22.594928],[120.341862,22.594905],[120.340416,22.593919],[120.340385,22.593909],[120.340351,22.593914],[120.340334,22.593923],[120.340278,22.594055],[120.340248,22.594135],[120.340215,22.594255],[120.34017,22.594452],[120.34014,22.594656],[120.340129,22.59496],[120.340116,22.595132],[120.340104,22.595198],[120.340059,22.595334],[120.340058,22.59547],[120.340077,22.595535],[120.340107,22.595593],[120.340658,22.596313],[120.34068,22.596333],[120.340703,22.596345],[120.340757,22.59635],[120.340776,22.596338],[120.341057,22.595984],[120.341021,22.595958]]]}},{"type":"Feature","properties":{"id":"712b1ce2df56","name":"高雄市鳳山區福誠國民小學","level":"國小","basis":"both","data_ym":"201908"},"geometry":{"type":"Polygon","coordinates":[[[120.324849,22.595831],[120.324509,22.595688],[120.323572,22.596838],[120.32464,22.597552],[120.324809,22.597626],[120.325182,22.597729],[120.325501,22.596568],[120.325623,22.596097],[120.324845,22.595843],[120.324849,22.595831]]]}},{"type":"Feature","properties":{"id":"91e89d8d46c1","name":"高雄市鳳山區中崙國民小學","level":"國小","basis":"both","data_ym":"201710"},"geometry":{"type":"Polygon","coordinates":[[[120.349271,22.599476],[120.350266,22.59943],[120.350266,22.599436],[120.350314,22.599434],[120.350314,22.599427],[120.350544,22.599417],[120.350544,22.599423],[120.350593,22.599421],[120.350592,22.599415],[120.350978,22.599397],[120.351006,22.599382],[120.351009,22.599354],[120.350934,22.597893],[120.350038,22.598476],[120.349285,22.599395],[120.349262,22.599425],[120.349259,22.599449],[120.349271,22.599476]]]}},{"type":"Feature","properties":{"id":"e8c4c72d8ba8","name":"高雄市立五甲國民中學","level":"國中","basis":"both","data_ym":"201510"},"geometry":{"type":"Polygon","coordinates":[[[120.328417,22.599247],[120.329214,22.598246],[120.328752,22.597876],[120.328493,22.597638],[120.328459,22.597597],[120.328021,22.59803],[120.327953,22.598073],[120.327937,22.598095],[120.32768,22.598343],[120.327652,22.598376],[120.327249,22.598779],[120.32724,22.598777],[120.327145,22.598876],[120.327001,22.599002],[120.32699,22.599038],[120.328171,22.599451],[120.328223,22.599454],[120.328279,22.599431],[120.328417,22.599247]]]}},{"type":"Feature","properties":{"id":"3408439cbc18","name":"中山學校財團法人高雄市中山高級工商職業學校","level":"高中職","basis":"name","data_ym":"202305"},"geometry":{"type":"Polygon","coordinates":[[[120.394013,22.600236],[120.394063,22.600198],[120.394145,22.600273],[120.394152,22.600267],[120.394204,22.600311],[120.394211,22.600304],[120.394243,22.600331],[120.394417,22.600373],[120.394437,22.600393],[120.394449,22.600382],[120.394469,22.600404],[120.394479,22.600395],[120.394581,22.60045],[120.394568,22.600473],[120.394647,22.600507],[120.394825,22.600315],[120.394651,22.599972],[120.394631,22.599918],[120.394556,22.599921],[120.394535,22.599917],[120.394521,22.599908],[120.39451,22.599894],[120.394498,22.599824],[120.394599,22.599584],[120.394582,22.599527],[120.394575,22.599459],[120.394291,22.599128],[120.394121,22.598328],[120.393914,22.597929],[120.39354,22.598076],[120.393249,22.598137],[120.393048,22.598156],[120.39278,22.598326],[120.392629,22.598393],[120.392566,22.598411],[120.392565,22.598407],[120.392522,22.598417],[120.392379,22.598463],[120.392299,22.598482],[120.392215,22.598487],[120.392055,22.598507],[120.392005,22.598522],[120.391959,22.598544],[120.391878,22.598598],[120.391811,22.598656],[120.391755,22.598663],[120.391709,22.59866],[120.391507,22.5986],[120.391454,22.598599],[120.391325,22.598611],[120.391273,22.598616],[120.391241,22.598626],[120.391199,22.598652],[120.391157,22.598688],[120.39114,22.598719],[120.39113,22.598744],[120.391122,22.598784],[120.391109,22.598901],[120.391047,22.599056],[120.391037,22.599134],[120.391041,22.599182],[120.391087,22.599272],[120.391208,22.599408],[120.391257,22.599477],[120.39128,22.599569],[120.391289,22.599664],[120.391427,22.599707],[120.391491,22.599736],[120.391728,22.599858],[120.391916,22.599949],[120.393545,22.600823],[120.393648,22.600653],[120.39389,22.600355],[120.393992,22.600262],[120.394013,22.600236]]]}},{"type":"Feature","properties":{"id":"547018af6381","name":"高雄市前鎮區瑞祥國民小學","level":"國小","basis":"both","data_ym":"201510"},"geometry":{"type":"Polygon","coordinates":[[[120.327687,22.60026],[120.326328,22.599674],[120.325864,22.601103],[120.325871,22.60117],[120.325887,22.601207],[120.3266,22.601677],[120.326617,22.601684],[120.326628,22.601684],[120.326652,22.601672],[120.327698,22.600275],[120.327696,22.600266],[120.327687,22.60026]]]}},{"type":"Feature","properties":{"id":"3cae0c3a0fab","name":"高雄市立瑞祥高級中學","level":"高中職","basis":"both","data_ym":"201510"},"geometry":{"type":"Polygon","coordinates":[[[120.32422,22.600223],[120.324189,22.600225],[120.324184,22.60023],[120.323794,22.600758],[120.323703,22.600868],[120.323633,22.600947],[120.323486,22.601092],[120.32327,22.601293],[120.323106,22.601428],[120.322876,22.601594],[120.322688,22.601716],[120.322671,22.601737],[120.324108,22.603127],[120.325422,22.601524],[120.325524,22.601211],[120.325526,22.601178],[120.325524,22.601144],[120.325513,22.601118],[120.325493,22.601091],[120.325455,22.601058],[120.324661,22.600527],[120.32422,22.600223]]]}},{"type":"Feature","properties":{"id":"08187cf127be","name":"高雄市私立正義高級中學","level":"高中職","basis":"both","data_ym":"201208"},"geometry":{"type":"Polygon","coordinates":[[[120.339689,22.603053],[120.340049,22.60259],[120.339762,22.602398],[120.339255,22.603053],[120.339446,22.603175],[120.33937,22.603274],[120.339438,22.603317],[120.339657,22.603042],[120.33966,22.603044],[120.339664,22.603038],[120.339689,22.603053]]]}},{"type":"Feature","properties":{"id":"fd7224bdd52e","name":"高雄市立大寮國民中學","level":"國中","basis":"both","data_ym":"201908"},"geometry":{"type":"Polygon","coordinates":[[[120.39362,22.604175],[120.394251,22.603785],[120.394263,22.60379],[120.394526,22.604008],[120.394546,22.60402],[120.394567,22.604022],[120.39458,22.604019],[120.39476,22.603902],[120.394783,22.603882],[120.394656,22.603633],[120.39465,22.603615],[120.394652,22.603603],[120.394738,22.603437],[120.394839,22.60326],[120.394871,22.603213],[120.39489,22.603207],[120.395241,22.603238],[120.395335,22.603197],[120.395379,22.603172],[120.395407,22.603148],[120.395427,22.603111],[120.395433,22.603077],[120.395434,22.603017],[120.395427,22.602982],[120.395405,22.602948],[120.395358,22.602899],[120.395304,22.602857],[120.395226,22.602788],[120.395181,22.602743],[120.39515,22.602698],[120.394994,22.602541],[120.394837,22.602484],[120.394763,22.602481],[120.394613,22.602487],[120.394517,22.602483],[120.394374,22.602388],[120.394342,22.602343],[120.39433,22.602247],[120.394318,22.60205],[120.393894,22.602064],[120.393824,22.602081],[120.393465,22.602242],[120.39319,22.602022],[120.392943,22.601874],[120.392882,22.601818],[120.392834,22.601726],[120.392774,22.601676],[120.392747,22.601728],[120.392554,22.601827],[120.392386,22.602],[120.39222,22.602101],[120.392151,22.602156],[120.392198,22.602271],[120.391907,22.602419],[120.392123,22.602834],[120.39173,22.603003],[120.391869,22.603309],[120.391563,22.603672],[120.391491,22.603793],[120.39174,22.603893],[120.391747,22.603883],[120.391948,22.603967],[120.39196,22.603946],[120.392086,22.6039],[120.392359,22.603787],[120.39238,22.603737],[120.392558,22.603666],[120.392999,22.603478],[120.393164,22.603857],[120.393423,22.603767],[120.393449,22.603858],[120.393513,22.604015],[120.39362,22.604175]]]}},{"type":"Feature","properties":{"id":"95049ea51832","name":"高雄市鳳山區正義國民小學","level":"國小","basis":"both","data_ym":"201510"},"geometry":{"type":"Polygon","coordinates":[[[120.3403,22.604132],[120.340365,22.604047],[120.340401,22.604049],[120.340618,22.603758],[120.339612,22.603131],[120.339147,22.603727],[120.338718,22.604258],[120.338718,22.60429],[120.338723,22.604319],[120.338745,22.604344],[120.33963,22.604965],[120.339657,22.604974],[120.339687,22.604974],[120.339719,22.604963],[120.340257,22.604242],[120.340253,22.604202],[120.340304,22.604135],[120.3403,22.604132]]]}},{"type":"Feature","properties":{"id":"083866637481","name":"高雄市立獅甲國民中學","level":"國中","basis":"both","data_ym":"202110"},"geometry":{"type":"Polygon","coordinates":[[[120.309112,22.604294],[120.307936,22.603901],[120.307313,22.603734],[120.306713,22.605301],[120.307276,22.60551],[120.30738,22.605215],[120.308172,22.605442],[120.309112,22.604294]]]}},{"type":"Feature","properties":{"id":"5191732610a6","name":"高雄市大寮區永芳國民小學","level":"國小","basis":"both","data_ym":"201208"},"geometry":{"type":"Polygon","coordinates":[[[120.394457,22.606751],[120.394517,22.606733],[120.394511,22.606742],[120.394795,22.606657],[120.394974,22.606434],[120.395292,22.606431],[120.395214,22.60596],[120.395178,22.605666],[120.395261,22.605285],[120.395339,22.605029],[120.395085,22.604901],[120.395105,22.604844],[120.395115,22.604774],[120.39507,22.604775],[120.395016,22.604761],[120.394854,22.604693],[120.394688,22.605006],[120.394497,22.604909],[120.394191,22.604764],[120.394121,22.604896],[120.394036,22.605024],[120.393919,22.605145],[120.39379,22.605213],[120.394457,22.606751]]]}},{"type":"Feature","properties":{"id":"98c68a994f7b","name":"高雄市前鎮區獅甲國民小學","level":"國小","basis":"both","data_ym":"202203"},"geometry":{"type":"Polygon","coordinates":[[[120.307276,22.60551],[120.306713,22.605301],[120.306511,22.605859],[120.306158,22.606784],[120.306176,22.606807],[120.306193,22.606817],[120.306867,22.607042],[120.306902,22.607032],[120.306929,22.607008],[120.307234,22.60662],[120.307253,22.606618],[120.307272,22.606606],[120.307282,22.606587],[120.307279,22.606564],[120.307906,22.605766],[120.307276,22.60551]]]}},{"type":"Feature","properties":{"id":"e9f8cee5b976","name":"高雄市前鎮區瑞豐國民小學","level":"國小","basis":"both","data_ym":"201208"},"geometry":{"type":"Polygon","coordinates":[[[120.337938,22.606468],[120.337983,22.606102],[120.336932,22.606028],[120.336933,22.606017],[120.336792,22.606014],[120.336792,22.606018],[120.336668,22.606009],[120.336656,22.606209],[120.336489,22.606197],[120.336488,22.606221],[120.336,22.606192],[120.335882,22.60755],[120.33589,22.607575],[120.335917,22.607585],[120.337771,22.607731],[120.337778,22.607727],[120.337957,22.606472],[120.337938,22.606468]]]}},{"type":"Feature","properties":{"id":"289bb076f847","name":"高雄市大寮區山頂國民小學","level":"國小","basis":"both","data_ym":"201512"},"geometry":{"type":"Polygon","coordinates":[[[120.389869,22.607503],[120.390453,22.606996],[120.390463,22.60701],[120.39076,22.606743],[120.390402,22.60638],[120.390049,22.606695],[120.389849,22.606495],[120.389692,22.606637],[120.389231,22.606209],[120.38921,22.606224],[120.38879,22.60662],[120.388763,22.606602],[120.388393,22.606964],[120.38848,22.607283],[120.388497,22.607389],[120.388492,22.607462],[120.388438,22.60765],[120.388415,22.607748],[120.388422,22.607823],[120.38847,22.607892],[120.388533,22.607932],[120.389196,22.60809],[120.389275,22.608029],[120.389869,22.607503]]]}},{"type":"Feature","properties":{"id":"4ef74db3b000","name":"高雄市立成功特殊教育學校","level":"特殊","basis":"both","data_ym":"202203"},"geometry":{"type":"Polygon","coordinates":[[[120.301311,22.608641],[120.301962,22.60693],[120.301971,22.606933],[120.301989,22.606889],[120.302014,22.606897],[120.302113,22.606639],[120.302063,22.606621],[120.302395,22.605768],[120.302217,22.60571],[120.302208,22.605733],[120.302063,22.605686],[120.302074,22.605662],[120.301872,22.605594],[120.300732,22.608493],[120.301259,22.608669],[120.301288,22.608662],[120.3013,22.608655],[120.301311,22.608641]]]}},{"type":"Feature","properties":{"id":"d28fb98ae6be","name":"高雄市前鎮區民權國民小學","level":"國小","basis":"both","data_ym":"201710"},"geometry":{"type":"Polygon","coordinates":[[[120.315978,22.608252],[120.315609,22.607905],[120.315585,22.60793],[120.314921,22.607399],[120.314857,22.607397],[120.314824,22.607419],[120.314416,22.607808],[120.314093,22.608131],[120.314085,22.608159],[120.314089,22.608176],[120.314097,22.608186],[120.314658,22.608807],[120.314674,22.608821],[120.314689,22.608827],[120.314726,22.608822],[120.315552,22.608468],[120.315537,22.60844],[120.315978,22.608252]]]}},{"type":"Feature","properties":{"id":"770e35b1fba2","name":"高雄市前鎮區樂群國民小學","level":"國小","basis":"both","data_ym":"201510"},"geometry":{"type":"Polygon","coordinates":[[[120.322117,22.608989],[120.322082,22.608596],[120.322243,22.608584],[120.322445,22.608575],[120.322494,22.608576],[120.322699,22.608556],[120.322944,22.608539],[120.32329,22.608522],[120.323301,22.607558],[120.323223,22.607481],[120.321624,22.607575],[120.321656,22.608063],[120.321673,22.608481],[120.321633,22.608497],[120.321691,22.608674],[120.321756,22.608656],[120.321976,22.609],[120.322117,22.608989]]]}},{"type":"Feature","properties":{"id":"a8b648e47b92","name":"高雄市私立光禾華德福實驗學校","level":"高中職","basis":"moe","data_ym":"202311"},"geometry":{"type":"Polygon","coordinates":[[[120.428261,22.607793],[120.428651,22.60576],[120.428476,22.605638],[120.427754,22.605918],[120.427662,22.606283],[120.427508,22.606255],[120.42747,22.606469],[120.427311,22.606437],[120.427322,22.606387],[120.427305,22.606384],[120.427307,22.60636],[120.427294,22.606345],[120.427285,22.606343],[120.427264,22.606343],[120.427255,22.606348],[120.427249,22.606354],[120.427244,22.606372],[120.427227,22.606369],[120.427216,22.606418],[120.42675,22.606324],[120.425822,22.606711],[120.425721,22.60728],[120.42569,22.607535],[120.42571,22.608086],[120.425838,22.609077],[120.427944,22.609419],[120.428261,22.607793]]]}},{"type":"Feature","properties":{"id":"5e22a3826385","name":"高雄市前鎮區復興國民小學","level":"國小","basis":"both","data_ym":"201510"},"geometry":{"type":"Polygon","coordinates":[[[120.311026,22.607473],[120.310968,22.607471],[120.310217,22.608171],[120.310462,22.608438],[120.310663,22.608678],[120.311112,22.609273],[120.311134,22.609286],[120.311194,22.609261],[120.312069,22.608771],[120.311761,22.608349],[120.311275,22.607748],[120.311026,22.607473]]]}},{"type":"Feature","properties":{"id":"1d19914e636f","name":"高雄市旗津區旗津國民小學","level":"國小","basis":"both","data_ym":"201908"},"geometry":{"type":"Polygon","coordinates":[[[120.270964,22.609211],[120.271018,22.609135],[120.271078,22.609169],[120.271109,22.609129],[120.271227,22.608949],[120.271269,22.608976],[120.271287,22.608957],[120.271476,22.609084],[120.272207,22.608041],[120.271385,22.607568],[120.271341,22.607585],[120.270669,22.608449],[120.270849,22.608584],[120.270806,22.60864],[120.270971,22.60875],[120.270852,22.608884],[120.270801,22.60897],[120.270739,22.6091],[120.270964,22.609211]]]}},{"type":"Feature","properties":{"id":"eee5bc0faa90","name":"國立高雄海洋科技大學旗津校區","level":"大專","basis":"branch","data_ym":"201510"},"geometry":{"type":"Polygon","coordinates":[[[120.272572,22.609466],[120.272678,22.609327],[120.272845,22.609429],[120.272898,22.609353],[120.272966,22.609394],[120.273329,22.608883],[120.273275,22.608816],[120.273322,22.608769],[120.273426,22.608608],[120.273467,22.608564],[120.273515,22.608546],[120.273616,22.608524],[120.273729,22.608513],[120.273742,22.608501],[120.273929,22.608232],[120.27311,22.607742],[120.273154,22.607683],[120.272852,22.607496],[120.272108,22.608536],[120.272215,22.608598],[120.272148,22.6087],[120.27215,22.608717],[120.272113,22.60878],[120.272076,22.608759],[120.272056,22.608761],[120.272045,22.608772],[120.272046,22.608786],[120.272054,22.608798],[120.272013,22.608841],[120.271899,22.608829],[120.271779,22.608996],[120.272572,22.609466]]]}},{"type":"Feature","properties":{"id":"1e995acb3f4d","name":"高雄市立瑞豐國民中學","level":"國中","basis":"both","data_ym":"201804"},"geometry":{"type":"Polygon","coordinates":[[[120.331746,22.609081],[120.330676,22.609005],[120.33064,22.609011],[120.330612,22.609033],[120.3306,22.609065],[120.330434,22.611042],[120.330435,22.611059],[120.330442,22.611074],[120.330462,22.611092],[120.330488,22.6111],[120.331579,22.61118],[120.331606,22.611176],[120.331622,22.611167],[120.331633,22.611154],[120.331642,22.611129],[120.331801,22.609139],[120.331795,22.609112],[120.331783,22.609096],[120.331766,22.609086],[120.331746,22.609081]]]}},{"type":"Feature","properties":{"id":"0803236455f4","name":"高雄市立中正高級工業職業學校","level":"高中職","basis":"name","data_ym":"201908"},"geometry":{"type":"Polygon","coordinates":[[[120.319901,22.610789],[120.319469,22.609369],[120.318957,22.60954],[120.31736,22.610085],[120.317325,22.6101],[120.317306,22.610115],[120.317709,22.61141],[120.319828,22.61092],[120.319901,22.610789]]]}},{"type":"Feature","properties":{"id":"511616a6150b","name":"高雄市立光華國民中學","level":"國中","basis":"both","data_ym":"201510"},"geometry":{"type":"Polygon","coordinates":[[[120.323877,22.611454],[120.323502,22.609948],[120.323472,22.609936],[120.323445,22.609938],[120.322094,22.610202],[120.322065,22.610219],[120.322141,22.610483],[120.322218,22.610893],[120.322516,22.611778],[120.322907,22.611707],[120.323479,22.611561],[120.323877,22.611454]]]}},{"type":"Feature","properties":{"id":"1defaadc8006","name":"高雄市鳳山區新甲國民小學","level":"國小","basis":"both","data_ym":"202102"},"geometry":{"type":"Polygon","coordinates":[[[120.341241,22.613874],[120.341259,22.613017],[120.341222,22.61298],[120.341173,22.612962],[120.339451,22.612942],[120.339426,22.612956],[120.33941,22.612985],[120.339267,22.613968],[120.339633,22.614002],[120.339707,22.613971],[120.339703,22.613849],[120.339741,22.613818],[120.339739,22.613782],[120.340476,22.61378],[120.340471,22.613707],[120.340659,22.613706],[120.340659,22.614069],[120.341232,22.614111],[120.341241,22.613874]]]}},{"type":"Feature","properties":{"id":"5ada7cd93e9b","name":"高雄市苓雅區成功國民小學","level":"國小","basis":"both","data_ym":"202303"},"geometry":{"type":"Polygon","coordinates":[[[120.297516,22.614065],[120.29783,22.613296],[120.297872,22.613181],[120.297528,22.613082],[120.297209,22.613004],[120.297173,22.612956],[120.296814,22.612882],[120.296872,22.612742],[120.296457,22.612602],[120.296068,22.613602],[120.29702,22.613886],[120.297024,22.613906],[120.297042,22.613922],[120.297067,22.613923],[120.297089,22.613906],[120.297168,22.61393],[120.297165,22.613949],[120.297516,22.614065]]]}},{"type":"Feature","properties":{"id":"763c5394f342","name":"高雄市前鎮區愛群國民小學","level":"國小","basis":"both","data_ym":"202311"},"geometry":{"type":"Polygon","coordinates":[[[120.313488,22.615022],[120.313497,22.614758],[120.313486,22.614484],[120.313456,22.614151],[120.313423,22.613873],[120.313384,22.613626],[120.313066,22.613661],[120.312378,22.613746],[120.311792,22.613829],[120.311784,22.613847],[120.311861,22.614285],[120.311935,22.614919],[120.311951,22.614931],[120.31196,22.614936],[120.312377,22.614971],[120.312803,22.614991],[120.312879,22.614817],[120.313178,22.614835],[120.31317,22.615008],[120.313488,22.615022]]]}},{"type":"Feature","properties":{"id":"cba06fc7565d","name":"國立鳳新高級中學","level":"高中職","basis":"both","data_ym":"202203"},"geometry":{"type":"Polygon","coordinates":[[[120.341435,22.615162],[120.342011,22.615203],[120.342948,22.615246],[120.343297,22.615266],[120.343436,22.615278],[120.343475,22.615148],[120.343513,22.615044],[120.343663,22.614748],[120.34379,22.614561],[120.343893,22.614381],[120.343948,22.614264],[120.343989,22.61416],[120.344027,22.614042],[120.344067,22.613878],[120.344089,22.613736],[120.344118,22.613381],[120.344126,22.613124],[120.344114,22.613102],[120.344088,22.613095],[120.343284,22.613035],[120.343047,22.613026],[120.342108,22.61296],[120.341594,22.612968],[120.341549,22.61299],[120.341525,22.613036],[120.341435,22.615162]]]}},{"type":"Feature","properties":{"id":"b002274773e2","name":"高雄市前鎮區光華國民小學","level":"國小","basis":"both","data_ym":"201510"},"geometry":{"type":"Polygon","coordinates":[[[120.320911,22.61412],[120.319668,22.614161],[120.319655,22.614164],[120.31964,22.614173],[120.319631,22.614188],[120.319629,22.6142],[120.319682,22.615374],[120.319685,22.615388],[120.319697,22.615404],[120.319724,22.615414],[120.320946,22.615488],[120.320959,22.615487],[120.320974,22.615479],[120.320983,22.615465],[120.320985,22.615454],[120.320944,22.614156],[120.320934,22.614132],[120.320911,22.61412]]]}},{"type":"Feature","properties":{"id":"bef0de2665ef","name":"高雄市苓雅區苓洲國民小學","level":"國小","basis":"both","data_ym":"201510"},"geometry":{"type":"Polygon","coordinates":[[[120.301278,22.61474],[120.299727,22.61421],[120.299271,22.615384],[120.299287,22.615408],[120.299307,22.61542],[120.300811,22.615915],[120.300819,22.615914],[120.300844,22.615886],[120.301278,22.61474]]]}},{"type":"Feature","properties":{"id":"a742eebe1d79","name":"高雄市立英明國民中學","level":"國中","basis":"both","data_ym":"201208"},"geometry":{"type":"Polygon","coordinates":[[[120.325007,22.615915],[120.325074,22.615621],[120.325136,22.615248],[120.325166,22.614984],[120.325164,22.614962],[120.325148,22.614934],[120.325119,22.614916],[120.323784,22.614488],[120.323752,22.614489],[120.323732,22.614501],[120.323719,22.614528],[120.323588,22.616158],[120.3241,22.616202],[120.324133,22.61587],[120.324329,22.615883],[120.325007,22.615915]]]}},{"type":"Feature","properties":{"id":"fd38cbe80fe4","name":"高雄市大寮區忠義國民小學","level":"國小","basis":"both","data_ym":"202312"},"geometry":{"type":"Polygon","coordinates":[[[120.384801,22.616326],[120.384065,22.615532],[120.384066,22.615517],[120.384777,22.614903],[120.384626,22.614743],[120.384345,22.614454],[120.383155,22.614381],[120.382505,22.614704],[120.382175,22.615097],[120.382642,22.61605],[120.382751,22.615998],[120.382873,22.616181],[120.382901,22.616205],[120.382992,22.616324],[120.383063,22.616407],[120.383116,22.616432],[120.383167,22.616445],[120.383238,22.616408],[120.383454,22.616708],[120.383541,22.616744],[120.383607,22.616719],[120.383656,22.616709],[120.383863,22.616917],[120.383927,22.616886],[120.384056,22.616804],[120.384127,22.616766],[120.384105,22.616737],[120.384242,22.616644],[120.38427,22.61668],[120.384333,22.616638],[120.384425,22.616592],[120.384447,22.616604],[120.384801,22.616326]]]}},{"type":"Feature","properties":{"id":"3c92c210faa0","name":"高雄市立鳳甲國民中學","level":"國中","basis":"both","data_ym":"201208"},"geometry":{"type":"Polygon","coordinates":[[[120.343436,22.615278],[120.343297,22.615266],[120.342948,22.615246],[120.342011,22.615203],[120.341435,22.615162],[120.341356,22.616721],[120.341361,22.616747],[120.341401,22.616783],[120.34144,22.616806],[120.343198,22.617018],[120.343235,22.617008],[120.343256,22.616995],[120.343264,22.616975],[120.343344,22.616168],[120.343351,22.61613],[120.343348,22.616129],[120.343418,22.615412],[120.343436,22.615278]]]}},{"type":"Feature","properties":{"id":"a7a0cf50a7b2","name":"高雄市鳳山區鳳西國民小學","level":"國小","basis":"both","data_ym":"201208"},"geometry":{"type":"Polygon","coordinates":[[[120.35762,22.616144],[120.35759,22.616143],[120.357353,22.616312],[120.357053,22.616504],[120.35699,22.616547],[120.356983,22.616558],[120.358079,22.617875],[120.358153,22.617894],[120.358711,22.617536],[120.359349,22.617121],[120.359352,22.617113],[120.359349,22.617105],[120.359292,22.617063],[120.358614,22.616623],[120.358299,22.616463],[120.35762,22.616144]]]}},{"type":"Feature","properties":{"id":"e83a55f43cf1","name":"高雄市鳳山區忠孝國民小學","level":"國小","basis":"both","data_ym":"202203"},"geometry":{"type":"Polygon","coordinates":[[[120.351381,22.616129],[120.351315,22.615807],[120.350481,22.615784],[120.350298,22.61594],[120.350241,22.61597],[120.350009,22.616133],[120.34954,22.616442],[120.349333,22.6166],[120.349126,22.61673],[120.349245,22.61718],[120.34927,22.617189],[120.349321,22.617355],[120.3493,22.617377],[120.349556,22.618353],[120.349591,22.618367],[120.350126,22.618036],[120.350139,22.617977],[120.350234,22.617928],[120.350285,22.617933],[120.351068,22.617443],[120.351303,22.617288],[120.351466,22.617193],[120.351589,22.617115],[120.351445,22.616509],[120.351511,22.616508],[120.351488,22.61618],[120.351388,22.61618],[120.351381,22.616129]]]}},{"type":"Feature","properties":{"id":"a660b8d769f7","name":"高雄市苓雅區福康國民小學","level":"國小","basis":"both","data_ym":"201208"},"geometry":{"type":"Polygon","coordinates":[[[120.330351,22.618094],[120.329934,22.618049],[120.329929,22.618071],[120.329814,22.618058],[120.329819,22.618031],[120.328634,22.617889],[120.328495,22.618874],[120.330219,22.61909],[120.330596,22.619133],[120.33066,22.618661],[120.330288,22.618611],[120.330351,22.618094]]]}},{"type":"Feature","properties":{"id":"00ed99058a01","name":"高雄市立苓雅國民中學","level":"國中","basis":"both","data_ym":"201510"},"geometry":{"type":"Polygon","coordinates":[[[120.305728,22.618087],[120.305708,22.618084],[120.305665,22.618103],[120.305255,22.619165],[120.305273,22.619201],[120.306646,22.619658],[120.306684,22.619641],[120.307095,22.618578],[120.307083,22.618553],[120.307064,22.618536],[120.305728,22.618087]]]}},{"type":"Feature","properties":{"id":"a13b36861710","name":"高雄市立忠孝國民中學","level":"國中","basis":"both","data_ym":"201710"},"geometry":{"type":"Polygon","coordinates":[[[120.347205,22.619272],[120.347205,22.618888],[120.345739,22.618891],[120.345557,22.62056],[120.345588,22.620637],[120.345624,22.620695],[120.345691,22.620758],[120.345738,22.620776],[120.345772,22.620783],[120.347255,22.61984],[120.347232,22.619802],[120.347329,22.619735],[120.34724,22.619613],[120.347218,22.619448],[120.347205,22.619272]]]}},{"type":"Feature","properties":{"id":"4fa3fdfc1b93","name":"高雄市立鳳西國民中學","level":"國中","basis":"both","data_ym":"201208"},"geometry":{"type":"Polygon","coordinates":[[[120.353632,22.620032],[120.352727,22.618824],[120.352139,22.619114],[120.35208,22.619146],[120.352152,22.619519],[120.352171,22.619646],[120.35236,22.620442],[120.352466,22.620949],[120.352676,22.621513],[120.3527,22.62154],[120.352716,22.62155],[120.352748,22.62156],[120.354094,22.62059],[120.353905,22.62037],[120.353632,22.620032]]]}},{"type":"Feature","properties":{"id":"4d019ed76c67","name":"高雄市苓雅區五權國民小學","level":"國小","basis":"both","data_ym":"201412"},"geometry":{"type":"Polygon","coordinates":[[[120.324583,22.621933],[120.324797,22.62137],[120.324818,22.621376],[120.325026,22.620815],[120.325018,22.620779],[120.323572,22.620308],[120.323504,22.620331],[120.323091,22.621458],[120.324009,22.621772],[120.324007,22.621776],[120.324198,22.621836],[120.324529,22.62195],[120.324583,22.621933]]]}},{"type":"Feature","properties":{"id":"b1c259a5370c","name":"高雄市私立復華高級中學","level":"高中職","basis":"both","data_ym":"202203"},"geometry":{"type":"Polygon","coordinates":[[[120.314494,22.621253],[120.314504,22.621227],[120.314511,22.621229],[120.314522,22.6212],[120.314556,22.621211],[120.314589,22.621125],[120.314577,22.621121],[120.314606,22.621046],[120.314585,22.621039],[120.314598,22.621005],[120.313518,22.620645],[120.31343,22.620684],[120.313002,22.621791],[120.314419,22.622265],[120.314765,22.621353],[120.314498,22.621264],[120.314501,22.621255],[120.314494,22.621253]]]}},{"type":"Feature","properties":{"id":"176a321c84ea","name":"高雄市鹽埕區忠孝國民小學","level":"國小","basis":"both","data_ym":"201510"},"geometry":{"type":"Polygon","coordinates":[[[120.285275,22.621996],[120.285449,22.62191],[120.285465,22.621937],[120.285536,22.621902],[120.284885,22.620685],[120.284851,22.620659],[120.284835,22.620655],[120.284281,22.620921],[120.284277,22.620949],[120.284284,22.620968],[120.284946,22.622189],[120.285291,22.622024],[120.285275,22.621996]]]}},{"type":"Feature","properties":{"id":"a62a0f639690","name":"高雄市立高雄女子高級中學","level":"高中職","basis":"name","data_ym":"201510"},"geometry":{"type":"Polygon","coordinates":[[[120.293945,22.622382],[120.293965,22.622331],[120.294302,22.622444],[120.294557,22.621896],[120.294785,22.621332],[120.294799,22.621279],[120.294783,22.621209],[120.293792,22.62088],[120.29375,22.620875],[120.292279,22.620863],[120.292071,22.621538],[120.292601,22.62254],[120.293755,22.62292],[120.293963,22.622387],[120.293945,22.622382]]]}},{"type":"Feature","properties":{"id":"95869664d70d","name":"高雄市大寮區翁園國民小學","level":"國小","basis":"both","data_ym":"202311"},"geometry":{"type":"Polygon","coordinates":[[[120.407847,22.621826],[120.406875,22.621769],[120.40684,22.622953],[120.407028,22.622954],[120.40712,22.622948],[120.40727,22.622961],[120.407606,22.623092],[120.407712,22.623063],[120.407763,22.623088],[120.407806,22.623053],[120.40796,22.623186],[120.40848,22.623435],[120.408645,22.623523],[120.408716,22.623453],[120.408701,22.623401],[120.408834,22.623276],[120.408891,22.623176],[120.408874,22.623066],[120.40882,22.622998],[120.40876,22.622909],[120.408732,22.622851],[120.408729,22.622809],[120.408733,22.622759],[120.408741,22.622723],[120.408775,22.622653],[120.408819,22.622605],[120.408353,22.622269],[120.408051,22.622],[120.407847,22.621826]]]}},{"type":"Feature","properties":{"id":"84dc4ed02379","name":"高雄市苓雅區四維國民小學","level":"國小","basis":"both","data_ym":"201208"},"geometry":{"type":"Polygon","coordinates":[[[120.314228,22.622394],[120.312937,22.621958],[120.312507,22.623073],[120.312548,22.623154],[120.313877,22.623599],[120.314278,22.622525],[120.314289,22.62247],[120.314271,22.622414],[120.314228,22.622394]]]}},{"type":"Feature","properties":{"id":"569faffe0340","name":"高雄市私立三信高級家事商業職業學校","level":"高中職","basis":"name","data_ym":"201808"},"geometry":{"type":"Polygon","coordinates":[[[120.329599,22.6223],[120.327773,22.621707],[120.327172,22.623264],[120.328994,22.623869],[120.329599,22.6223]]]}},{"type":"Feature","properties":{"id":"e755fec68517","name":"高雄市鳳山區大東國民小學","level":"國小","basis":"both","data_ym":"201510"},"geometry":{"type":"Polygon","coordinates":[[[120.363847,22.623827],[120.363765,22.623649],[120.363758,22.623644],[120.363652,22.623405],[120.36362,22.623372],[120.363009,22.623437],[120.363006,22.623459],[120.3626,22.623525],[120.362596,22.623487],[120.362123,22.623543],[120.361986,22.623603],[120.362235,22.624218],[120.363296,22.624014],[120.363847,22.623827]]]}},{"type":"Feature","properties":{"id":"71401855b282","name":"高雄市鹽埕區鹽埕國民小學","level":"國小","basis":"both","data_ym":"202309"},"geometry":{"type":"Polygon","coordinates":[[[120.282089,22.623976],[120.282738,22.623662],[120.282763,22.623708],[120.282834,22.623676],[120.282899,22.623791],[120.282998,22.623742],[120.282908,22.623591],[120.28297,22.623562],[120.282961,22.623547],[120.283036,22.623508],[120.283272,22.623395],[120.283408,22.623335],[120.283329,22.623197],[120.283425,22.62315],[120.282848,22.622097],[120.282839,22.622085],[120.282814,22.622078],[120.281429,22.622741],[120.282089,22.623976]]]}},{"type":"Feature","properties":{"id":"20190d7b583e","name":"高雄市立鹽埕國民中學","level":"國中","basis":"both","data_ym":"202203"},"geometry":{"type":"Polygon","coordinates":[[[120.287808,22.622767],[120.288035,22.62317],[120.288099,22.623276],[120.288097,22.623285],[120.288059,22.623305],[120.288165,22.623498],[120.288119,22.623689],[120.287826,22.623813],[120.287734,22.623859],[120.287671,22.623946],[120.287737,22.623946],[120.288569,22.624153],[120.288574,22.624151],[120.288805,22.623332],[120.288969,22.622564],[120.28868,22.622522],[120.288659,22.622513],[120.288656,22.622504],[120.288673,22.622365],[120.288673,22.622359],[120.288656,22.622358],[120.288577,22.622391],[120.287808,22.622767]]]}},{"type":"Feature","properties":{"id":"e086475e436d","name":"高雄市鹽埕區光榮國民小學","level":"國小","basis":"both","data_ym":"201908"},"geometry":{"type":"Polygon","coordinates":[[[120.287671,22.623946],[120.287734,22.623859],[120.287826,22.623813],[120.288119,22.623689],[120.288165,22.623498],[120.288059,22.623305],[120.288097,22.623285],[120.288099,22.623276],[120.288035,22.62317],[120.287808,22.622767],[120.286576,22.623368],[120.287036,22.624222],[120.287671,22.623946]]]}},{"type":"Feature","properties":{"id":"e26e8afc9a71","name":"國立中山大學1","level":"大專","basis":"both","data_ym":"202203"},"geometry":{"type":"Polygon","coordinates":[[[120.264202,22.624376],[120.264257,22.624311],[120.264532,22.624312],[120.264531,22.62425],[120.264547,22.62425],[120.264547,22.624225],[120.26453,22.624225],[120.264529,22.624167],[120.265762,22.624153],[120.265782,22.624139],[120.265795,22.624119],[120.265793,22.623331],[120.265776,22.622334],[120.26576,22.622191],[120.265721,22.621959],[120.265714,22.621867],[120.265698,22.621846],[120.265679,22.621841],[120.265662,22.621642],[120.265632,22.621677],[120.265552,22.621722],[120.263334,22.622264],[120.262853,22.62239],[120.261112,22.622881],[120.261086,22.622935],[120.261996,22.623356],[120.262128,22.623423],[120.262488,22.623588],[120.262742,22.623696],[120.263883,22.624228],[120.263887,22.62422],[120.264133,22.624336],[120.264129,22.624342],[120.264202,22.624376]]]}},{"type":"Feature","properties":{"id":"13a54dadf038","name":"高雄市鼓山區鼓山國民小學","level":"國小","basis":"both","data_ym":"202203"},"geometry":{"type":"Polygon","coordinates":[[[120.272419,22.623762],[120.272399,22.623774],[120.272403,22.62378],[120.272327,22.623821],[120.272324,22.623816],[120.272295,22.623833],[120.271857,22.623206],[120.270775,22.623811],[120.270765,22.623828],[120.270954,22.624111],[120.271459,22.624827],[120.272663,22.62414],[120.272419,22.623762]]]}},{"type":"Feature","properties":{"id":"df3806b0844b","name":"高雄市苓雅區福東國民小學","level":"國小","basis":"both","data_ym":"201509"},"geometry":{"type":"Polygon","coordinates":[[[120.328898,22.624017],[120.327229,22.623463],[120.327171,22.623477],[120.327152,22.623491],[120.327135,22.623514],[120.32665,22.624758],[120.326661,22.624779],[120.326672,22.624788],[120.3282,22.6253],[120.328381,22.625357],[120.328898,22.624017]]]}},{"type":"Feature","properties":{"id":"8dc56a3b2ba8","name":"高雄市鳳山區鳳山國民小學","level":"國小","basis":"both","data_ym":"202203"},"geometry":{"type":"Polygon","coordinates":[[[120.355676,22.625697],[120.355801,22.625606],[120.355841,22.625623],[120.355879,22.625616],[120.35614,22.625629],[120.35621,22.625577],[120.356347,22.625458],[120.356313,22.625415],[120.356334,22.6254],[120.356415,22.625484],[120.356472,22.625438],[120.356443,22.625409],[120.356462,22.625394],[120.356434,22.625364],[120.356475,22.625334],[120.356448,22.625309],[120.356523,22.625248],[120.356756,22.625117],[120.356811,22.624924],[120.356793,22.62492],[120.356622,22.62458],[120.356601,22.62459],[120.356549,22.624486],[120.355706,22.623381],[120.355678,22.623355],[120.355333,22.623517],[120.355269,22.623555],[120.355168,22.623595],[120.354549,22.623865],[120.35456,22.623889],[120.354595,22.623931],[120.354824,22.624133],[120.354872,22.624185],[120.355045,22.624429],[120.355033,22.624463],[120.355547,22.625313],[120.355622,22.625452],[120.355641,22.625519],[120.355676,22.625697]]]}},{"type":"Feature","properties":{"id":"4da2b00dab27","name":"高雄市立高雄高級商業職業學校","level":"高中職","basis":"name","data_ym":"201509"},"geometry":{"type":"Polygon","coordinates":[[[120.310709,22.626122],[120.311505,22.624059],[120.309952,22.62353],[120.309646,22.624323],[120.308952,22.624092],[120.308899,22.624115],[120.308418,22.625362],[120.310709,22.626122]]]}},{"type":"Feature","properties":{"id":"0076f4d46a9a","name":"高雄市立新興高級中學","level":"高中職","basis":"both","data_ym":"201510"},"geometry":{"type":"Polygon","coordinates":[[[120.304753,22.624537],[120.303365,22.624067],[120.302944,22.625189],[120.30293,22.625237],[120.302857,22.62617],[120.304185,22.626611],[120.30421,22.626198],[120.304288,22.625856],[120.304433,22.625409],[120.304753,22.624537]]]}},{"type":"Feature","properties":{"id":"f8b70f6b3beb","name":"高雄市前金區前金國民小學","level":"國小","basis":"both","data_ym":"202402"},"geometry":{"type":"Polygon","coordinates":[[[120.29499,22.625778],[120.294416,22.625593],[120.294528,22.625298],[120.29369,22.62501],[120.293643,22.625018],[120.293608,22.625045],[120.293579,22.62508],[120.293219,22.626034],[120.293166,22.626161],[120.293175,22.626188],[120.293195,22.62621],[120.294592,22.626672],[120.294624,22.626672],[120.29465,22.626653],[120.29499,22.625778]]]}},{"type":"Feature","properties":{"id":"a05e10ce268e","name":"高雄市立鳳山國民中學","level":"國中","basis":"both","data_ym":"201908"},"geometry":{"type":"Polygon","coordinates":[[[120.370759,22.625565],[120.370285,22.625941],[120.3715,22.627004],[120.371681,22.626831],[120.37196,22.626585],[120.372395,22.626216],[120.37237,22.626184],[120.372454,22.62612],[120.37248,22.626148],[120.373143,22.625612],[120.373241,22.625526],[120.373229,22.625482],[120.373201,22.625455],[120.371866,22.624889],[120.371845,22.624937],[120.371801,22.624951],[120.371713,22.624904],[120.37175,22.624834],[120.371512,22.624726],[120.371475,22.624799],[120.371432,22.624784],[120.371184,22.625272],[120.371142,22.625254],[120.371127,22.625283],[120.370759,22.625565]]]}},{"type":"Feature","properties":{"id":"099c4c80d11a","name":"高雄市新興區新興國民小學","level":"國小","basis":"both","data_ym":"201510"},"geometry":{"type":"Polygon","coordinates":[[[120.305794,22.625623],[120.304765,22.62529],[120.304572,22.625896],[120.304531,22.626049],[120.30449,22.626235],[120.304474,22.626357],[120.304459,22.626558],[120.304453,22.62691],[120.304459,22.62711],[120.305617,22.627146],[120.305617,22.626637],[120.305633,22.626393],[120.305656,22.626186],[120.305731,22.62583],[120.305794,22.625623]]]}},{"type":"Feature","properties":{"id":"6fdb5942dc81","name":"國立高雄師範大學","level":"大專","basis":"both","data_ym":"202509"},"geometry":{"type":"Polygon","coordinates":[[[120.322294,22.623497],[120.320934,22.623044],[120.320881,22.623067],[120.319409,22.626878],[120.322334,22.627853],[120.323358,22.625199],[120.32265,22.624963],[120.3229,22.624315],[120.322873,22.624276],[120.322155,22.624041],[120.322155,22.624],[120.322141,22.623919],[120.322294,22.623497]]]}},{"type":"Feature","properties":{"id":"e8271945d926","name":"高雄市鳳山區曹公國民小學","level":"國小","basis":"both","data_ym":"202203"},"geometry":{"type":"Polygon","coordinates":[[[120.357828,22.628266],[120.357924,22.627666],[120.357959,22.62767],[120.357959,22.627664],[120.357972,22.627665],[120.357984,22.627589],[120.357973,22.627588],[120.357982,22.627531],[120.357974,22.62753],[120.357974,22.627526],[120.35795,22.627524],[120.357953,22.627504],[120.357944,22.627502],[120.357956,22.627429],[120.357965,22.62743],[120.357968,22.627411],[120.357971,22.627412],[120.35799,22.627311],[120.357985,22.627311],[120.357989,22.627283],[120.357956,22.627279],[120.357958,22.627267],[120.357666,22.627232],[120.357665,22.627244],[120.357533,22.627234],[120.357472,22.627261],[120.357467,22.627302],[120.357463,22.627301],[120.357454,22.627354],[120.35746,22.627355],[120.357373,22.628043],[120.35733,22.628038],[120.357319,22.628126],[120.35732,22.628143],[120.357333,22.628164],[120.357357,22.628176],[120.357828,22.628266]]]}},{"type":"Feature","properties":{"id":"46381e272a83","name":"高雄市新興區大同國民小學","level":"國小","basis":"both","data_ym":"201510"},"geometry":{"type":"Polygon","coordinates":[[[120.299689,22.627022],[120.298087,22.626473],[120.297611,22.627705],[120.299216,22.628237],[120.299689,22.627022]]]}},{"type":"Feature","properties":{"id":"06a1c61ea7c0","name":"高雄市鳳山區中正國民小學","level":"國小","basis":"both","data_ym":"201510"},"geometry":{"type":"Polygon","coordinates":[[[120.375139,22.628741],[120.375688,22.628738],[120.375689,22.628754],[120.375784,22.628749],[120.375783,22.628737],[120.375911,22.628729],[120.376166,22.62827],[120.376687,22.628499],[120.376935,22.62814],[120.376005,22.627679],[120.374998,22.627228],[120.374942,22.627225],[120.374649,22.627281],[120.373895,22.627256],[120.373911,22.627739],[120.37396,22.628832],[120.374003,22.628831],[120.37402,22.628809],[120.375059,22.628776],[120.375139,22.628741]]]}},{"type":"Feature","properties":{"id":"855fc5f373eb","name":"高雄市立五福國民中學","level":"國中","basis":"both","data_ym":"202311"},"geometry":{"type":"Polygon","coordinates":[[[120.315306,22.62997],[120.31582,22.629933],[120.316736,22.629893],[120.31707,22.62986],[120.317274,22.629853],[120.317808,22.629813],[120.318124,22.628981],[120.316382,22.628412],[120.315645,22.628159],[120.315218,22.629237],[120.315216,22.629263],[120.315244,22.629572],[120.315273,22.629968],[120.315305,22.629966],[120.315306,22.62997]]]}},{"type":"Feature","properties":{"id":"9c46fe0f8775","name":"高雄市鳳山區瑞興國民小學","level":"國小","basis":"both","data_ym":"202311"},"geometry":{"type":"Polygon","coordinates":[[[120.369391,22.629688],[120.368458,22.628765],[120.368416,22.628768],[120.367817,22.629276],[120.367461,22.629403],[120.367458,22.629446],[120.367694,22.629986],[120.368241,22.630611],[120.368283,22.630616],[120.369391,22.629688]]]}},{"type":"Feature","properties":{"id":"c05345d28948","name":"高雄市苓雅區中正國民小學","level":"國小","basis":"both","data_ym":"201208"},"geometry":{"type":"Polygon","coordinates":[[[120.335074,22.630043],[120.334516,22.628456],[120.334107,22.62859],[120.334011,22.628391],[120.333687,22.628498],[120.333639,22.628498],[120.332717,22.628763],[120.332697,22.628778],[120.332696,22.6288],[120.333194,22.630081],[120.333363,22.630527],[120.33337,22.63053],[120.333399,22.630522],[120.335074,22.630043]]]}},{"type":"Feature","properties":{"id":"090c59a7d99c","name":"高雄市大寮區溪寮國民小學","level":"國小","basis":"both","data_ym":"202311"},"geometry":{"type":"Polygon","coordinates":[[[120.421009,22.629873],[120.420949,22.629845],[120.420927,22.629873],[120.420895,22.629845],[120.420841,22.629829],[120.420784,22.629829],[120.420763,22.629836],[120.42074,22.629829],[120.420746,22.629812],[120.420692,22.629798],[120.420684,22.629816],[120.420568,22.629789],[120.420447,22.629735],[120.420267,22.629699],[120.42017,22.629656],[120.419428,22.630547],[120.419402,22.630593],[120.420293,22.631046],[120.420703,22.631192],[120.421025,22.629911],[120.421022,22.629895],[120.421009,22.629873]]]}},{"type":"Feature","properties":{"id":"6cdb76958ea7","name":"高雄市立前金國民中學","level":"國中","basis":"both","data_ym":"201512"},"geometry":{"type":"Polygon","coordinates":[[[120.291557,22.629689],[120.290078,22.629197],[120.28965,22.630288],[120.291107,22.630771],[120.291148,22.63075],[120.291557,22.629689]]]}},{"type":"Feature","properties":{"id":"666c0caf22d4","name":"高雄市鳳山區中山國民小學","level":"國小","basis":"both","data_ym":"201510"},"geometry":{"type":"Polygon","coordinates":[[[120.351636,22.631021],[120.351531,22.630495],[120.351507,22.630095],[120.351512,22.629811],[120.350558,22.629904],[120.34999,22.629948],[120.349997,22.630209],[120.350063,22.630534],[120.349964,22.630547],[120.349972,22.630588],[120.349941,22.630593],[120.349943,22.630619],[120.34992,22.63062],[120.34994,22.630686],[120.350074,22.630671],[120.350204,22.631253],[120.350299,22.631242],[120.350487,22.631205],[120.350537,22.63118],[120.351579,22.631033],[120.351636,22.631021]]]}},{"type":"Feature","properties":{"id":"ec74e0538993","name":"高雄市立青年國民中學","level":"國中","basis":"both","data_ym":"202407"},"geometry":{"type":"Polygon","coordinates":[[[120.349298,22.630267],[120.349114,22.630302],[120.347947,22.630461],[120.34685,22.630587],[120.347078,22.631757],[120.348528,22.631504],[120.349459,22.631349],[120.349298,22.630267]]]}},{"type":"Feature","properties":{"id":"efc71c20c055","name":"高雄市新興區信義國民小學","level":"國小","basis":"both","data_ym":"201512"},"geometry":{"type":"Polygon","coordinates":[[[120.31164,22.63212],[120.311552,22.630943],[120.311335,22.630958],[120.311336,22.630982],[120.311186,22.630987],[120.311186,22.630964],[120.310376,22.63101],[120.310479,22.632301],[120.311182,22.632246],[120.311175,22.632151],[120.31164,22.63212]]]}},{"type":"Feature","properties":{"id":"938d5b20bca8","name":"國立鳳山高級中學","level":"高中職","basis":"both","data_ym":"202311"},"geometry":{"type":"Polygon","coordinates":[[[120.344688,22.632683],[120.344987,22.632585],[120.344931,22.632403],[120.34686,22.63156],[120.346857,22.631546],[120.346867,22.631543],[120.346848,22.631493],[120.346668,22.630485],[120.346582,22.629965],[120.346473,22.629416],[120.345833,22.629434],[120.345797,22.629458],[120.345655,22.629464],[120.345639,22.629442],[120.344762,22.629467],[120.344673,22.629526],[120.344718,22.63106],[120.3447,22.63152],[120.344704,22.631917],[120.344693,22.632246],[120.344688,22.632683]]]}},{"type":"Feature","properties":{"id":"c82bc7bbcc54","name":"高雄市前金區建國國民小學","level":"國小","basis":"both","data_ym":"201510"},"geometry":{"type":"Polygon","coordinates":[[[120.298465,22.631987],[120.297479,22.631653],[120.297441,22.631667],[120.297021,22.632739],[120.298065,22.633081],[120.298475,22.632003],[120.298465,22.631987]]]}},{"type":"Feature","properties":{"id":"685c3c68535f","name":"國立中山大學2","level":"大專","basis":"both","data_ym":"201710"},"geometry":{"type":"Polygon","coordinates":[[[120.262186,22.632994],[120.262222,22.632906],[120.262253,22.632799],[120.262305,22.632561],[120.262351,22.632385],[120.26239,22.632295],[120.262398,22.632284],[120.262411,22.63228],[120.262375,22.632184],[120.262463,22.632103],[120.262596,22.631992],[120.262646,22.631945],[120.262682,22.631899],[120.262715,22.631789],[120.262723,22.631726],[120.262722,22.631584],[120.262749,22.631499],[120.262825,22.631372],[120.263082,22.631062],[120.263113,22.63101],[120.263127,22.630964],[120.263147,22.63085],[120.263143,22.630758],[120.263117,22.630585],[120.263116,22.630507],[120.263132,22.630422],[120.263149,22.630354],[120.263229,22.630126],[120.263233,22.630021],[120.26323,22.62995],[120.263268,22.629736],[120.263336,22.629502],[120.263378,22.629381],[120.263435,22.629273],[120.263471,22.629171],[120.263471,22.629055],[120.263458,22.62899],[120.263396,22.628813],[120.263387,22.628773],[120.263393,22.628644],[120.263428,22.62859],[120.263495,22.628537],[120.263536,22.62851],[120.263653,22.628451],[120.263769,22.6284],[120.264003,22.628318],[120.264202,22.6283],[120.264235,22.628293],[120.264302,22.62826],[120.264321,22.628216],[120.264331,22.628174],[120.264332,22.628061],[120.264345,22.628],[120.264361,22.627951],[120.264303,22.627678],[120.264082,22.627691],[120.264085,22.627667],[120.263776,22.627629],[120.263667,22.627704],[120.2633,22.627923],[120.26257,22.628382],[120.261814,22.629808],[120.261917,22.630101],[120.260636,22.632517],[120.261508,22.63282],[120.261515,22.63282],[120.261492,22.632845],[120.261464,22.632867],[120.26139,22.632901],[120.261346,22.632907],[120.261299,22.632905],[120.261164,22.632886],[120.26096,22.632843],[120.260862,22.632851],[120.260819,22.632869],[120.260774,22.6329],[120.260743,22.632933],[120.26072,22.632969],[120.260706,22.633024],[120.260705,22.633059],[120.260726,22.633131],[120.260752,22.633167],[120.260795,22.633202],[120.260898,22.633263],[120.260966,22.633299],[120.26108,22.633346],[120.261235,22.633389],[120.261329,22.633404],[120.261475,22.633417],[120.261559,22.63342],[120.261633,22.633414],[120.26176,22.63339],[120.261832,22.633364],[120.261892,22.633336],[120.261945,22.633303],[120.261992,22.63326],[120.262037,22.633207],[120.262133,22.633081],[120.262186,22.632994]]]}},{"type":"Feature","properties":{"id":"a3ecf8c8a10e","name":"高雄市鳳山區文山國民小學","level":"國小","basis":"both","data_ym":"201208"},"geometry":{"type":"Polygon","coordinates":[[[120.360276,22.633914],[120.359989,22.632476],[120.358618,22.632717],[120.358907,22.634123],[120.360276,22.633914]]]}},{"type":"Feature","properties":{"id":"a47108519fcc","name":"高雄市新興區七賢國民小學","level":"國小","basis":"both","data_ym":"201208"},"geometry":{"type":"Polygon","coordinates":[[[120.307499,22.634071],[120.307395,22.632754],[120.306312,22.632828],[120.306288,22.632853],[120.306386,22.634128],[120.306412,22.634148],[120.307499,22.634071]]]}},{"type":"Feature","properties":{"id":"5226a55b26d7","name":"高雄市立大仁國民中學","level":"國中","basis":"both","data_ym":"202203"},"geometry":{"type":"Polygon","coordinates":[[[120.329966,22.634792],[120.330365,22.634782],[120.330482,22.634783],[120.330468,22.634732],[120.3305,22.634723],[120.330114,22.633648],[120.330133,22.633642],[120.330008,22.633272],[120.329961,22.632946],[120.329868,22.632814],[120.329792,22.632825],[120.329774,22.632766],[120.329145,22.632955],[120.329222,22.633149],[120.329291,22.633375],[120.32938,22.633605],[120.329522,22.634027],[120.329603,22.634035],[120.329613,22.63453],[120.32962,22.634686],[120.329772,22.634736],[120.329966,22.634792]]]}},{"type":"Feature","properties":{"id":"5dfd4b61a474","name":"高雄市立壽山國民中學","level":"國中","basis":"both","data_ym":"201208"},"geometry":{"type":"Polygon","coordinates":[[[120.278167,22.634527],[120.27832,22.634471],[120.278648,22.634793],[120.278739,22.634751],[120.278851,22.634688],[120.27906,22.63451],[120.279036,22.634417],[120.278964,22.634254],[120.278932,22.634161],[120.279331,22.633394],[120.279376,22.63332],[120.279012,22.63313],[120.27892,22.633071],[120.278879,22.63282],[120.278618,22.632824],[120.278444,22.632845],[120.278367,22.632809],[120.278271,22.632778],[120.27819,22.632917],[120.278019,22.633112],[120.277821,22.633224],[120.277678,22.633215],[120.277576,22.633247],[120.277486,22.63323],[120.277438,22.633211],[120.277142,22.633545],[120.277096,22.633564],[120.276893,22.63374],[120.276892,22.633787],[120.277544,22.634477],[120.277724,22.634559],[120.27806,22.634826],[120.278236,22.634727],[120.278167,22.634527]]]}},{"type":"Feature","properties":{"id":"5c8c1f748f70","name":"高雄市三民區河濱國民小學","level":"國小","basis":"both","data_ym":"201412"},"geometry":{"type":"Polygon","coordinates":[[[120.28801,22.633394],[120.287235,22.632918],[120.287132,22.633211],[120.287113,22.633205],[120.287105,22.633228],[120.286924,22.63317],[120.286934,22.633142],[120.286794,22.633091],[120.286417,22.634046],[120.286268,22.634485],[120.287468,22.634894],[120.287488,22.63488],[120.288027,22.633455],[120.288024,22.633426],[120.28801,22.633394]]]}},{"type":"Feature","properties":{"id":"ea41cdbf1133","name":"國立中山大學","level":"大專","basis":"both","data_ym":"202309"},"geometry":{"type":"Polygon","coordinates":[[[120.265211,22.629451],[120.265348,22.629438],[120.265707,22.629447],[120.266283,22.629651],[120.266473,22.629761],[120.26667,22.629774],[120.266971,22.629842],[120.267155,22.629825],[120.267562,22.629754],[120.267857,22.629646],[120.268146,22.629665],[120.268349,22.629605],[120.268796,22.629437],[120.269006,22.629493],[120.269183,22.629512],[120.269307,22.629494],[120.269511,22.629349],[120.269465,22.629076],[120.269462,22.629024],[120.269373,22.628607],[120.269287,22.628273],[120.269245,22.628133],[120.2692,22.628009],[120.269451,22.627941],[120.26948,22.627904],[120.269644,22.6278],[120.269722,22.627764],[120.270038,22.62758],[120.270528,22.627347],[120.270744,22.627169],[120.270957,22.626947],[120.27103,22.626863],[120.271022,22.626798],[120.270912,22.626668],[120.270813,22.626742],[120.27073,22.626792],[120.27057,22.626875],[120.270296,22.626994],[120.270237,22.627013],[120.270153,22.62703],[120.27006,22.627039],[120.269959,22.627044],[120.26974,22.627045],[120.269681,22.627049],[120.269623,22.627059],[120.269585,22.627071],[120.269361,22.627172],[120.269227,22.627248],[120.269133,22.627308],[120.269068,22.627355],[120.269007,22.627416],[120.268798,22.62735],[120.268717,22.627308],[120.268656,22.627264],[120.268602,22.627212],[120.268551,22.627155],[120.268508,22.627078],[120.268437,22.626926],[120.268388,22.626846],[120.268346,22.626787],[120.268158,22.626536],[120.268095,22.626459],[120.267978,22.626333],[120.267938,22.626267],[120.267838,22.62607],[120.267775,22.625891],[120.267734,22.625806],[120.26765,22.625699],[120.267592,22.625643],[120.267538,22.625599],[120.267528,22.625471],[120.267469,22.625122],[120.267299,22.624722],[120.267188,22.624542],[120.267187,22.624436],[120.267153,22.624101],[120.26712,22.623976],[120.267071,22.623819],[120.267002,22.623686],[120.266901,22.623565],[120.26682,22.623495],[120.266765,22.62343],[120.266722,22.623331],[120.266697,22.623106],[120.26664,22.623107],[120.266149,22.623438],[120.265889,22.623437],[120.265895,22.62416],[120.265921,22.62416],[120.265923,22.624323],[120.265888,22.624322],[120.265888,22.624371],[120.26578,22.624375],[120.265779,22.62432],[120.26563,22.624316],[120.265026,22.624317],[120.265012,22.624324],[120.265004,22.624339],[120.265001,22.624363],[120.265004,22.625134],[120.264999,22.625172],[120.26499,22.625198],[120.264977,22.625222],[120.264945,22.625253],[120.264688,22.625409],[120.264649,22.625437],[120.264565,22.625519],[120.264532,22.625569],[120.264513,22.625625],[120.264502,22.625704],[120.264509,22.625906],[120.264508,22.626122],[120.264455,22.626526],[120.26438,22.627043],[120.264374,22.627164],[120.26437,22.627299],[120.264378,22.627499],[120.264398,22.627672],[120.264432,22.627862],[120.26445,22.627929],[120.264522,22.628005],[120.264569,22.628044],[120.264597,22.628055],[120.264643,22.628064],[120.264681,22.628059],[120.264737,22.62803],[120.264817,22.627976],[120.264871,22.628037],[120.264674,22.628184],[120.264545,22.628274],[120.264479,22.628312],[120.264416,22.62833],[120.264028,22.62837],[120.26398,22.628379],[120.263867,22.628426],[120.263707,22.628486],[120.26357,22.62856],[120.263541,22.628585],[120.263509,22.628637],[120.263498,22.62866],[120.263494,22.628687],[120.263496,22.628724],[120.263513,22.628761],[120.263544,22.628761],[120.263544,22.628833],[120.263523,22.628843],[120.263516,22.628886],[120.263541,22.629073],[120.26354,22.629184],[120.263531,22.629232],[120.26352,22.629264],[120.263443,22.629406],[120.263422,22.629458],[120.263387,22.629574],[120.263335,22.62977],[120.263307,22.6299],[120.263296,22.629983],[120.263292,22.630118],[120.263287,22.630161],[120.263276,22.630197],[120.263226,22.630313],[120.263208,22.630363],[120.26319,22.63044],[120.263176,22.630537],[120.263175,22.630576],[120.263206,22.63078],[120.263205,22.630878],[120.263195,22.630961],[120.263178,22.631021],[120.263152,22.631073],[120.262854,22.631442],[120.262815,22.631517],[120.262803,22.631582],[120.262802,22.631631],[120.26282,22.631801],[120.262815,22.631846],[120.262792,22.631901],[120.262773,22.631925],[120.262589,22.632093],[120.262563,22.632124],[120.262551,22.632148],[120.262537,22.632197],[120.262511,22.632492],[120.262482,22.632695],[120.262337,22.633184],[120.262312,22.633257],[120.26225,22.633393],[120.26222,22.633432],[120.262153,22.633484],[120.261976,22.633578],[120.261923,22.633601],[120.261817,22.633637],[120.261513,22.633726],[120.261312,22.633803],[120.26123,22.633841],[120.261219,22.633875],[120.261108,22.633924],[120.261045,22.633969],[120.26096,22.633999],[120.260891,22.634087],[120.260803,22.634265],[120.260769,22.634321],[120.260709,22.634385],[120.260639,22.634442],[120.260531,22.634519],[120.260412,22.634587],[120.260246,22.634664],[120.26103,22.634967],[120.261527,22.634584],[120.262036,22.634571],[120.262153,22.634554],[120.262343,22.634544],[120.262619,22.634191],[120.262755,22.634073],[120.262765,22.633927],[120.262718,22.633834],[120.262746,22.63375],[120.262807,22.633737],[120.262849,22.633632],[120.263079,22.633492],[120.263144,22.633397],[120.263326,22.632928],[120.263333,22.6327],[120.263585,22.631989],[120.263589,22.631882],[120.263759,22.631695],[120.26385,22.631649],[120.263987,22.631394],[120.264407,22.63094],[120.264955,22.629707],[120.2651,22.629519],[120.265211,22.629451]]]}},{"type":"Feature","properties":{"id":"656690f93e10","name":"高雄市鳳山區文華國民小學","level":"國小","basis":"both","data_ym":"201510"},"geometry":{"type":"Polygon","coordinates":[[[120.35334,22.634911],[120.353203,22.634283],[120.351654,22.634563],[120.351631,22.634579],[120.351619,22.634603],[120.351805,22.635654],[120.353451,22.635359],[120.353431,22.63525],[120.353393,22.635186],[120.35334,22.634911]]]}},{"type":"Feature","properties":{"id":"35c76792fff5","name":"高雄市立高雄特殊教育學校","level":"特殊","basis":"both","data_ym":"201912"},"geometry":{"type":"Polygon","coordinates":[[[120.322923,22.635207],[120.32275,22.634667],[120.32253,22.634725],[120.32189,22.634819],[120.321506,22.634794],[120.321408,22.634821],[120.321288,22.635842],[120.322296,22.635569],[120.3223,22.635579],[120.322389,22.635554],[120.322385,22.635541],[120.322971,22.635386],[120.322919,22.635209],[120.322923,22.635207]]]}},{"type":"Feature","properties":{"id":"e23b821de671","name":"高雄市大寮區中庄國民小學","level":"國小","basis":"both","data_ym":"201510"},"geometry":{"type":"Polygon","coordinates":[[[120.397991,22.635759],[120.398033,22.63526],[120.398025,22.635177],[120.397886,22.634521],[120.396853,22.634515],[120.396853,22.634507],[120.396747,22.634508],[120.396747,22.634514],[120.396596,22.634513],[120.396595,22.6347],[120.396693,22.6347],[120.396688,22.635166],[120.396675,22.635387],[120.396845,22.635491],[120.396729,22.6359],[120.39794,22.6362],[120.397962,22.636183],[120.397991,22.635759]]]}},{"type":"Feature","properties":{"id":"115cf33624f1","name":"國立鳳山高級商工職業學校","level":"高中職","basis":"name","data_ym":"201510"},"geometry":{"type":"Polygon","coordinates":[[[120.357517,22.635615],[120.357991,22.634794],[120.35814,22.634525],[120.358126,22.634429],[120.357921,22.633419],[120.354789,22.633974],[120.355005,22.635086],[120.355789,22.634965],[120.356082,22.636354],[120.357088,22.636178],[120.357138,22.636165],[120.357184,22.636144],[120.357207,22.636128],[120.357517,22.635615]]]}},{"type":"Feature","properties":{"id":"b206fb70fe96","name":"新光學校財團法人高雄市新光高級中學","level":"國中","basis":"moe","data_ym":"201712"},"geometry":{"type":"Polygon","coordinates":[[[120.390423,22.636323],[120.390461,22.636271],[120.390497,22.636294],[120.390686,22.63604],[120.39046,22.635872],[120.390735,22.635456],[120.390553,22.635322],[120.390604,22.635259],[120.390368,22.635097],[120.390353,22.63512],[120.390336,22.635109],[120.390354,22.635049],[120.390304,22.635072],[120.390247,22.635034],[120.390239,22.635045],[120.3901,22.634954],[120.390118,22.63492],[120.389799,22.634708],[120.389755,22.634809],[120.3896,22.635114],[120.389106,22.635831],[120.390258,22.63662],[120.390459,22.636346],[120.390423,22.636323]]]}},{"type":"Feature","properties":{"id":"7db51f066230","name":"高雄市苓雅區凱旋國民小學","level":"國小","basis":"both","data_ym":"202203"},"geometry":{"type":"Polygon","coordinates":[[[120.321288,22.635842],[120.3214,22.634891],[120.320653,22.635131],[120.320427,22.635299],[120.320332,22.635304],[120.320148,22.634856],[120.319955,22.634822],[120.319262,22.636642],[120.32105,22.6365],[120.321028,22.635911],[120.321288,22.635842]]]}},{"type":"Feature","properties":{"id":"4e00004a67c0","name":"高雄市立中庄國民中學","level":"國中","basis":"both","data_ym":"201510"},"geometry":{"type":"Polygon","coordinates":[[[120.401733,22.636375],[120.401752,22.636285],[120.40185,22.636301],[120.401901,22.636084],[120.401919,22.636031],[120.401361,22.635914],[120.400316,22.636241],[120.400101,22.636241],[120.399736,22.637684],[120.400133,22.63778],[120.401536,22.638078],[120.401901,22.636598],[120.40171,22.636563],[120.401754,22.63638],[120.401733,22.636375]]]}},{"type":"Feature","properties":{"id":"34e3fb429f57","name":"高雄市三民區三民國民小學","level":"國小","basis":"both","data_ym":"202108"},"geometry":{"type":"Polygon","coordinates":[[[120.292101,22.637251],[120.291747,22.637137],[120.291906,22.636695],[120.290259,22.636135],[120.290085,22.636512],[120.289863,22.637024],[120.290223,22.637189],[120.290664,22.637515],[120.290975,22.63765],[120.291454,22.637841],[120.291483,22.637771],[120.291795,22.637929],[120.291817,22.637917],[120.291836,22.637915],[120.291866,22.637921],[120.292101,22.637251]]]}},{"type":"Feature","properties":{"id":"2abf071b6fff","name":"高雄市立高雄高級中學","level":"高中職","basis":"both","data_ym":"201908"},"geometry":{"type":"Polygon","coordinates":[[[120.300148,22.63857],[120.300121,22.637991],[120.29969,22.637962],[120.299256,22.637952],[120.29792,22.638018],[120.297475,22.638031],[120.296926,22.638036],[120.296659,22.63803],[120.296634,22.638222],[120.296509,22.638219],[120.296499,22.638289],[120.296512,22.638303],[120.296551,22.63831],[120.296546,22.63836],[120.296509,22.638351],[120.296484,22.638378],[120.296451,22.638602],[120.296438,22.638819],[120.29642,22.639327],[120.296389,22.639895],[120.296879,22.639901],[120.297524,22.639878],[120.298371,22.639823],[120.299228,22.639755],[120.299463,22.639726],[120.300367,22.639581],[120.300196,22.638849],[120.300148,22.63857]]]}},{"type":"Feature","properties":{"id":"a1afcaed9d72","name":"高雄市三民區光武國民小學","level":"國小","basis":"both","data_ym":"202303"},"geometry":{"type":"Polygon","coordinates":[[[120.33348,22.63834],[120.333763,22.63961],[120.333937,22.640428],[120.335192,22.640208],[120.335188,22.640181],[120.335198,22.640157],[120.335021,22.639253],[120.334808,22.638202],[120.334789,22.638163],[120.334747,22.638133],[120.334702,22.63812],[120.33348,22.63834]]]}},{"type":"Feature","properties":{"id":"86cfe3d02fa9","name":"高雄市立民族國民中學","level":"國中","basis":"both","data_ym":"201712"},"geometry":{"type":"Polygon","coordinates":[[[120.333937,22.640428],[120.333763,22.63961],[120.33348,22.63834],[120.332434,22.63853],[120.3324,22.638552],[120.332384,22.638575],[120.332371,22.638604],[120.332372,22.638645],[120.332474,22.639196],[120.33248,22.639258],[120.33245,22.639963],[120.332431,22.640561],[120.332433,22.640573],[120.332457,22.640591],[120.33298,22.640566],[120.333101,22.640554],[120.333396,22.640517],[120.333937,22.640428]]]}},{"type":"Feature","properties":{"id":"61f59ebd2777","name":"高雄市鼓山區鼓岩國民小學","level":"國小","basis":"both","data_ym":"202407"},"geometry":{"type":"Polygon","coordinates":[[[120.281932,22.639188],[120.281498,22.640549],[120.281519,22.640561],[120.281492,22.640639],[120.282126,22.640837],[120.282586,22.640997],[120.2826,22.640967],[120.282731,22.641024],[120.283029,22.640509],[120.283052,22.640454],[120.28308,22.640344],[120.283109,22.640185],[120.283124,22.640184],[120.283135,22.640125],[120.283124,22.640123],[120.283197,22.639772],[120.282942,22.639701],[120.283049,22.639395],[120.281976,22.639072],[120.281932,22.639188]]]}},{"type":"Feature","properties":{"id":"ae2cbd9bd2fa","name":"高雄市鳳山區文德國民小學","level":"國小","basis":"both","data_ym":"201208"},"geometry":{"type":"Polygon","coordinates":[[[120.352849,22.640526],[120.352993,22.641611],[120.354574,22.641348],[120.354459,22.640262],[120.352849,22.640526]]]}},{"type":"Feature","properties":{"id":"7bd08823b147","name":"高雄市鳳山區鎮北國民小學","level":"國小","basis":"name","data_ym":"201510"},"geometry":{"type":"Polygon","coordinates":[[[120.368646,22.642708],[120.368551,22.641841],[120.36741,22.641952],[120.367594,22.643084],[120.36766,22.643436],[120.367686,22.643441],[120.368651,22.643359],[120.368687,22.643351],[120.368708,22.643331],[120.368717,22.643314],[120.368706,22.643194],[120.368646,22.642708]]]}},{"type":"Feature","properties":{"id":"930bff4a05c4","name":"高雄市三民區民族國民小學","level":"國小","basis":"both","data_ym":"201509"},"geometry":{"type":"Polygon","coordinates":[[[120.319216,22.643917],[120.319556,22.643799],[120.319839,22.643737],[120.320021,22.643715],[120.32023,22.643703],[120.321056,22.64375],[120.321069,22.643735],[120.321014,22.643068],[120.321009,22.643049],[120.320997,22.643034],[120.32098,22.643023],[120.320951,22.643018],[120.318036,22.643224],[120.318007,22.643233],[120.317988,22.643254],[120.317982,22.643282],[120.318027,22.643827],[120.318115,22.64382],[120.318127,22.643972],[120.318119,22.643972],[120.318141,22.644289],[120.318365,22.644198],[120.319216,22.643917]]]}},{"type":"Feature","properties":{"id":"156618102a57","name":"高雄市三民區愛國國民小學","level":"國小","basis":"both","data_ym":"201509"},"geometry":{"type":"Polygon","coordinates":[[[120.313935,22.643344],[120.313926,22.643322],[120.312818,22.643403],[120.312923,22.644578],[120.312947,22.644599],[120.314022,22.644528],[120.314047,22.6445],[120.313967,22.643385],[120.313935,22.643344]]]}},{"type":"Feature","properties":{"id":"a90a7c4a18e7","name":"高雄市私立樹德高級家事商業職業學校","level":"高中職","basis":"name","data_ym":"201908"},"geometry":{"type":"Polygon","coordinates":[[[120.329522,22.644747],[120.329423,22.644246],[120.329134,22.644295],[120.329103,22.644136],[120.32913,22.64413],[120.3291,22.644017],[120.329119,22.644016],[120.32912,22.644037],[120.329169,22.644031],[120.329121,22.64379],[120.329149,22.643785],[120.328876,22.643247],[120.328828,22.64327],[120.328768,22.643163],[120.328717,22.643187],[120.328609,22.643033],[120.328663,22.643004],[120.328502,22.642817],[120.328346,22.642834],[120.328258,22.642853],[120.328172,22.642878],[120.328088,22.64291],[120.328007,22.642948],[120.327929,22.642993],[120.327639,22.643174],[120.327616,22.643197],[120.327607,22.643222],[120.327607,22.643247],[120.327795,22.644028],[120.328397,22.64392],[120.328594,22.644944],[120.32928,22.644824],[120.329273,22.644791],[120.329522,22.644747]]]}},{"type":"Feature","properties":{"id":"1c5943293199","name":"高雄市立正興國民中學","level":"國中","basis":"both","data_ym":"201509"},"geometry":{"type":"Polygon","coordinates":[[[120.321127,22.644603],[120.321085,22.644029],[120.321082,22.644029],[120.321069,22.643993],[120.321026,22.643963],[120.320995,22.643953],[120.320889,22.64394],[120.320452,22.643915],[120.32029,22.643911],[120.320075,22.643915],[120.319983,22.64393],[120.319733,22.643988],[120.319399,22.64409],[120.318206,22.644497],[120.31825,22.64516],[120.320594,22.644736],[120.321081,22.644651],[120.321127,22.644603]]]}},{"type":"Feature","properties":{"id":"a4260d3c7bb5","name":"高雄市三民區博愛國民小學","level":"國小","basis":"both","data_ym":"201510"},"geometry":{"type":"Polygon","coordinates":[[[120.308737,22.64591],[120.308676,22.645248],[120.308649,22.645217],[120.308607,22.645197],[120.308552,22.645188],[120.306589,22.645307],[120.30654,22.645323],[120.306519,22.645354],[120.306573,22.646041],[120.308737,22.64591]]]}},{"type":"Feature","properties":{"id":"c1e8c6d604f9","name":"高雄市三民區正興國民小學","level":"國小","basis":"both","data_ym":"201509"},"geometry":{"type":"Polygon","coordinates":[[[120.326865,22.646171],[120.326975,22.646153],[120.327031,22.646177],[120.328074,22.646009],[120.328115,22.645984],[120.328129,22.645966],[120.328138,22.645944],[120.328141,22.645913],[120.327847,22.644551],[120.327827,22.644529],[120.32779,22.644527],[120.326365,22.644743],[120.326226,22.645189],[120.326111,22.645506],[120.326062,22.645651],[120.325986,22.645927],[120.325886,22.646375],[120.326872,22.646215],[120.326865,22.646171]]]}},{"type":"Feature","properties":{"id":"28e6075f5629","name":"高雄市三民區陽明國民小學","level":"國小","basis":"both","data_ym":"202311"},"geometry":{"type":"Polygon","coordinates":[[[120.335973,22.646728],[120.336033,22.646315],[120.336138,22.645915],[120.336153,22.645844],[120.336285,22.644999],[120.336343,22.644583],[120.336336,22.644561],[120.336325,22.644547],[120.336299,22.64454],[120.335377,22.644481],[120.335357,22.644484],[120.335335,22.6445],[120.335322,22.644526],[120.335222,22.645078],[120.335195,22.645199],[120.335161,22.645318],[120.335122,22.645436],[120.335076,22.645552],[120.335025,22.645666],[120.334968,22.645777],[120.334777,22.646092],[120.334962,22.646239],[120.335179,22.646403],[120.335315,22.646497],[120.335454,22.64663],[120.335487,22.646623],[120.335705,22.646766],[120.335759,22.646807],[120.335963,22.646944],[120.335967,22.6468],[120.335973,22.646728]]]}},{"type":"Feature","properties":{"id":"9cd0e4fd734d","name":"高雄市立三民國民中學","level":"國中","basis":"both","data_ym":"201509"},"geometry":{"type":"Polygon","coordinates":[[[120.308737,22.64591],[120.306573,22.646041],[120.306606,22.646456],[120.306674,22.647182],[120.306716,22.647194],[120.306746,22.647216],[120.306755,22.647244],[120.308782,22.647096],[120.308819,22.647051],[120.308737,22.64591]]]}},{"type":"Feature","properties":{"id":"bdf05fdde3c7","name":"正修科技大學1","level":"大專","basis":"both","data_ym":"201510"},"geometry":{"type":"Polygon","coordinates":[[[120.352119,22.647254],[120.351634,22.647111],[120.351501,22.647645],[120.351619,22.647795],[120.351653,22.647749],[120.351797,22.647651],[120.351992,22.647486],[120.352023,22.64745],[120.352051,22.647409],[120.352086,22.647342],[120.352119,22.647254]]]}},{"type":"Feature","properties":{"id":"7e4ba2a98d91","name":"高雄市三民區十全國民小學","level":"國小","basis":"both","data_ym":"201908"},"geometry":{"type":"Polygon","coordinates":[[[120.299019,22.646662],[120.298925,22.646606],[120.297686,22.646698],[120.297643,22.646721],[120.297623,22.646748],[120.297612,22.646785],[120.297714,22.647927],[120.2982,22.647888],[120.298652,22.647862],[120.299107,22.647825],[120.299047,22.646968],[120.299019,22.646662]]]}},{"type":"Feature","properties":{"id":"17b8ad6e737a","name":"高雄市立文山高級中學","level":"高中職","basis":"both","data_ym":"201908"},"geometry":{"type":"Polygon","coordinates":[[[120.354184,22.647879],[120.354153,22.647099],[120.354149,22.646576],[120.354153,22.646552],[120.354138,22.646029],[120.353839,22.646165],[120.353716,22.64623],[120.353458,22.646345],[120.353348,22.646519],[120.353277,22.646475],[120.353136,22.646499],[120.353046,22.646493],[120.352763,22.646556],[120.352391,22.646685],[120.352364,22.646961],[120.352243,22.647379],[120.352232,22.647436],[120.352239,22.647435],[120.352245,22.647538],[120.35217,22.647607],[120.351951,22.647933],[120.351983,22.648034],[120.352168,22.648365],[120.352335,22.648397],[120.35316,22.648577],[120.353224,22.648586],[120.353407,22.648601],[120.353498,22.648598],[120.353649,22.648567],[120.354166,22.648439],[120.354202,22.648313],[120.354217,22.648192],[120.354223,22.648081],[120.354214,22.647962],[120.354184,22.647879]]]}},{"type":"Feature","properties":{"id":"f5eaffa3ea83","name":"高雄醫學大學","level":"大專","basis":"both","data_ym":"201509"},"geometry":{"type":"Polygon","coordinates":[[[120.311274,22.646682],[120.310855,22.646712],[120.310859,22.646774],[120.310553,22.646788],[120.310553,22.64682],[120.310229,22.646838],[120.310228,22.646808],[120.30906,22.646896],[120.309029,22.646888],[120.309258,22.649672],[120.309312,22.649694],[120.311374,22.648182],[120.311311,22.647321],[120.311274,22.646682]]]}},{"type":"Feature","properties":{"id":"2e16771cb054","name":"高雄市私立育英醫護管理專科學校","level":"大專","basis":"both","data_ym":"201509"},"geometry":{"type":"Polygon","coordinates":[[[120.333761,22.650174],[120.333012,22.649256],[120.332201,22.649818],[120.332449,22.650089],[120.332104,22.650386],[120.332689,22.650979],[120.333019,22.650736],[120.33375,22.650222],[120.333761,22.650201],[120.333761,22.650174]]]}},{"type":"Feature","properties":{"id":"a4c7449643fa","name":"高雄市立高雄高級工業職業學校","level":"高中職","basis":"name","data_ym":"202311"},"geometry":{"type":"Polygon","coordinates":[[[120.327441,22.651224],[120.327424,22.651037],[120.327421,22.650781],[120.32743,22.650234],[120.32751,22.650234],[120.327524,22.649934],[120.327545,22.648586],[120.327816,22.648587],[120.327818,22.648148],[120.327834,22.647915],[120.327852,22.647915],[120.327862,22.647609],[120.327894,22.647182],[120.327914,22.646699],[120.327912,22.646635],[120.327377,22.646628],[120.32716,22.64666],[120.32705,22.646656],[120.32704,22.647289],[120.327031,22.647546],[120.325963,22.647527],[120.325955,22.647614],[120.325549,22.647612],[120.325527,22.647897],[120.325507,22.648023],[120.325482,22.648148],[120.325421,22.648369],[120.32538,22.648489],[120.325333,22.648607],[120.325309,22.649086],[120.325271,22.649994],[120.3252,22.65013],[120.327441,22.651224]]]}},{"type":"Feature","properties":{"id":"68cc85ff518c","name":"正修學校財團法人正修科技大學","level":"大專","basis":"both","data_ym":"202203"},"geometry":{"type":"Polygon","coordinates":[[[120.348139,22.647865],[120.348065,22.648155],[120.348059,22.64829],[120.348084,22.648849],[120.348151,22.648993],[120.348172,22.649015],[120.348202,22.649003],[120.348238,22.649012],[120.348268,22.64908],[120.348329,22.649113],[120.348465,22.649052],[120.348875,22.648908],[120.349112,22.648808],[120.349295,22.649143],[120.34936,22.649276],[120.348992,22.649403],[120.349085,22.649649],[120.349455,22.649585],[120.34968,22.649601],[120.350097,22.649543],[120.350126,22.649779],[120.350113,22.649867],[120.350084,22.649961],[120.350044,22.649998],[120.350001,22.650012],[120.349411,22.650049],[120.349378,22.650058],[120.349336,22.650094],[120.349206,22.650096],[120.349012,22.650158],[120.348629,22.650363],[120.349275,22.651836],[120.349283,22.651844],[120.349296,22.651852],[120.349349,22.651862],[120.349397,22.651859],[120.349427,22.651849],[120.350042,22.651542],[120.350685,22.651232],[120.351039,22.651068],[120.351048,22.65105],[120.351053,22.651029],[120.35105,22.650987],[120.351,22.650832],[120.350802,22.650275],[120.350768,22.650136],[120.350752,22.650019],[120.35074,22.649661],[120.350744,22.649437],[120.350757,22.649304],[120.350798,22.649082],[120.350881,22.648826],[120.350922,22.648733],[120.350968,22.648646],[120.351004,22.648585],[120.351165,22.648344],[120.351195,22.64826],[120.351315,22.647781],[120.351315,22.647715],[120.351337,22.647605],[120.351358,22.647609],[120.351537,22.6469],[120.351467,22.646835],[120.351373,22.646805],[120.351297,22.646734],[120.350384,22.647473],[120.350486,22.64759],[120.350367,22.647639],[120.350108,22.647713],[120.349961,22.647734],[120.349813,22.647779],[120.349564,22.647901],[120.349439,22.647847],[120.349287,22.647811],[120.349066,22.647795],[120.348822,22.647786],[120.34853,22.647765],[120.348171,22.647757],[120.348139,22.647865]]]}},{"type":"Feature","properties":{"id":"93ae6045de1e","name":"國立高雄科技大學","level":"大專","basis":"both","data_ym":"201509"},"geometry":{"type":"Polygon","coordinates":[[[120.327912,22.646635],[120.327914,22.646699],[120.327894,22.647182],[120.327862,22.647609],[120.327852,22.647915],[120.327834,22.647915],[120.327818,22.648148],[120.327816,22.648587],[120.327545,22.648586],[120.327524,22.649934],[120.32751,22.650234],[120.32743,22.650234],[120.327421,22.650781],[120.327424,22.651037],[120.327442,22.651224],[120.328975,22.651972],[120.329328,22.651718],[120.32935,22.649392],[120.329369,22.647884],[120.329372,22.646716],[120.327951,22.6467],[120.327938,22.646635],[120.327912,22.646635]]]}},{"type":"Feature","properties":{"id":"886cc12f10b0","name":"高雄市鼓山區九如國民小學","level":"國小","basis":"both","data_ym":"201509"},"geometry":{"type":"Polygon","coordinates":[[[120.278786,22.65228],[120.278782,22.651887],[120.278752,22.651867],[120.278724,22.651835],[120.276364,22.651913],[120.276345,22.65192],[120.276318,22.65194],[120.276293,22.651964],[120.276287,22.651977],[120.276239,22.652232],[120.277033,22.652416],[120.277353,22.652477],[120.277426,22.652483],[120.278754,22.652475],[120.278774,22.652472],[120.278779,22.652461],[120.278786,22.65228]]]}},{"type":"Feature","properties":{"id":"559cad19ed61","name":"高雄市私立立志高級中學","level":"高中職","basis":"both","data_ym":"201908"},"geometry":{"type":"Polygon","coordinates":[[[120.326431,22.652123],[120.326397,22.652121],[120.326355,22.652127],[120.326274,22.652161],[120.325722,22.652559],[120.325668,22.652633],[120.325611,22.65276],[120.325592,22.652783],[120.325562,22.652804],[120.325736,22.653012],[120.326227,22.653577],[120.326974,22.653029],[120.327058,22.652972],[120.326548,22.652352],[120.326629,22.652297],[120.326517,22.652165],[120.326478,22.652134],[120.326431,22.652123]]]}},{"type":"Feature","properties":{"id":"0df59f316cdb","name":"高雄市立鼓山高級中學","level":"高中職","basis":"both","data_ym":"201509"},"geometry":{"type":"Polygon","coordinates":[[[120.275271,22.653531],[120.275417,22.652915],[120.275772,22.652955],[120.27606,22.651652],[120.276037,22.651647],[120.276039,22.651637],[120.275893,22.651607],[120.275891,22.651617],[120.274899,22.651416],[120.274904,22.651397],[120.274785,22.651372],[120.27478,22.651391],[120.274638,22.651362],[120.274641,22.651341],[120.273547,22.651119],[120.273559,22.651236],[120.273578,22.651362],[120.273951,22.652908],[120.273985,22.652992],[120.274116,22.653267],[120.274147,22.653296],[120.274182,22.653314],[120.275271,22.653531]]]}},{"type":"Feature","properties":{"id":"6d519d09c6d0","name":"高雄市私立大榮高級中學","level":"高中職","basis":"both","data_ym":"202308"},"geometry":{"type":"Polygon","coordinates":[[[120.281098,22.652331],[120.280774,22.652136],[120.280698,22.652038],[120.280428,22.652073],[120.279257,22.652041],[120.279236,22.653227],[120.279249,22.653228],[120.279337,22.653259],[120.279336,22.653267],[120.279503,22.653319],[120.279632,22.653376],[120.279494,22.653616],[120.280265,22.653609],[120.280265,22.653626],[120.28117,22.653627],[120.281149,22.653259],[120.281145,22.653248],[120.281119,22.652639],[120.281115,22.652639],[120.281098,22.652331]]]}},{"type":"Feature","properties":{"id":"ca369c4d51d4","name":"高雄市私立中華藝術學校南校區","level":"大專","basis":"branch","data_ym":"201509"},"geometry":{"type":"Polygon","coordinates":[[[120.289857,22.654219],[120.288311,22.654289],[120.28829,22.654298],[120.288275,22.654318],[120.28827,22.654338],[120.288288,22.654692],[120.288298,22.654712],[120.288314,22.654727],[120.288334,22.654737],[120.288357,22.65474],[120.289882,22.654675],[120.2899,22.654667],[120.289915,22.654654],[120.289925,22.654637],[120.28993,22.654618],[120.289914,22.654271],[120.289908,22.65425],[120.289896,22.654234],[120.289878,22.654223],[120.289857,22.654219]]]}},{"type":"Feature","properties":{"id":"df5a63e728fb","name":"高雄市鳥松區大華國民小學","level":"國小","basis":"both","data_ym":"201509"},"geometry":{"type":"Polygon","coordinates":[[[120.342156,22.654779],[120.340669,22.6531],[120.340305,22.653355],[120.340311,22.653402],[120.340219,22.653464],[120.34016,22.653457],[120.33939,22.653999],[120.339552,22.654208],[120.33982,22.654569],[120.340111,22.654903],[120.340253,22.655094],[120.340592,22.655507],[120.340746,22.655438],[120.340827,22.655409],[120.340807,22.655376],[120.342135,22.654883],[120.342133,22.654837],[120.342141,22.654809],[120.342156,22.654779]]]}},{"type":"Feature","properties":{"id":"53d39e465ab1","name":"高雄市私立中華藝術學校","level":"其他","basis":"none","data_ym":"202311"},"geometry":{"type":"Polygon","coordinates":[[[120.289985,22.655764],[120.289945,22.654919],[120.289935,22.654891],[120.289913,22.654869],[120.288473,22.654928],[120.288319,22.654942],[120.288307,22.654959],[120.2883,22.654989],[120.28834,22.655833],[120.289528,22.655779],[120.289985,22.655764]]]}},{"type":"Feature","properties":{"id":"2e33cbe63237","name":"高雄市大樹區九曲國民小學","level":"國小","basis":"both","data_ym":"202311"},"geometry":{"type":"Polygon","coordinates":[[[120.42459,22.655581],[120.424577,22.655515],[120.424526,22.655524],[120.424443,22.65551],[120.424378,22.655487],[120.424295,22.655438],[120.424268,22.655292],[120.423416,22.655058],[120.423316,22.655258],[120.423335,22.655265],[120.423036,22.655902],[120.423023,22.655896],[120.422992,22.655959],[120.423006,22.655965],[120.422878,22.656212],[120.422882,22.656214],[120.42287,22.656248],[120.422852,22.656286],[120.422836,22.656308],[120.422829,22.656305],[120.422765,22.656429],[120.424219,22.656456],[120.424549,22.655591],[120.42459,22.655581]]]}},{"type":"Feature","properties":{"id":"9a32271803c4","name":"高雄市立鼎金國民中學","level":"國中","basis":"both","data_ym":"201509"},"geometry":{"type":"Polygon","coordinates":[[[120.322366,22.655054],[120.32139,22.65391],[120.320925,22.654245],[120.320884,22.654192],[120.32069,22.653975],[120.320596,22.653879],[120.320075,22.654283],[120.319744,22.654522],[120.320852,22.656138],[120.322366,22.655054]]]}},{"type":"Feature","properties":{"id":"799b3b9ec17d","name":"高雄市鼓山區龍華國民小學","level":"國小","basis":"both","data_ym":"201509"},"geometry":{"type":"Polygon","coordinates":[[[120.299846,22.655468],[120.297189,22.654843],[120.297168,22.654847],[120.297149,22.654856],[120.297127,22.654873],[120.297119,22.654892],[120.297151,22.655843],[120.297158,22.656424],[120.29717,22.656459],[120.297189,22.656485],[120.297217,22.656497],[120.297239,22.6565],[120.298321,22.656452],[120.299849,22.656393],[120.299884,22.656383],[120.299909,22.656358],[120.299924,22.656323],[120.299929,22.656301],[120.299915,22.655549],[120.29991,22.655527],[120.299893,22.6555],[120.299866,22.65548],[120.299846,22.655468]]]}},{"type":"Feature","properties":{"id":"933ac3adf3e5","name":"高雄市三民區鼎金國民小學","level":"國小","basis":"both","data_ym":"201509"},"geometry":{"type":"Polygon","coordinates":[[[120.322607,22.65533],[120.322382,22.65511],[120.32118,22.65597],[120.320887,22.65619],[120.321444,22.657002],[120.321458,22.657017],[120.321477,22.657027],[120.321499,22.657031],[120.321521,22.657027],[120.32154,22.657018],[120.323219,22.655784],[120.323067,22.655576],[120.322791,22.655464],[120.322757,22.655443],[120.322607,22.65533]]]}},{"type":"Feature","properties":{"id":"1ac272655763","name":"高雄市三民區莊敬國民小學","level":"國小","basis":"both","data_ym":"201509"},"geometry":{"type":"Polygon","coordinates":[[[120.324533,22.65513],[120.324503,22.655126],[120.324483,22.65514],[120.322869,22.656341],[120.323209,22.656758],[120.323864,22.657518],[120.323928,22.6575],[120.324878,22.657187],[120.324914,22.657171],[120.325363,22.656801],[120.325388,22.656766],[120.325393,22.656741],[120.32507,22.655673],[120.325056,22.65565],[120.324568,22.655158],[120.324533,22.65513]]]}},{"type":"Feature","properties":{"id":"570676e681b8","name":"高雄市鼓山區中山國民小學","level":"國小","basis":"both","data_ym":"201709"},"geometry":{"type":"Polygon","coordinates":[[[120.28994,22.6562],[120.288431,22.65627],[120.288385,22.656278],[120.288362,22.656298],[120.28835,22.656316],[120.288348,22.656348],[120.288329,22.656368],[120.288327,22.656385],[120.288374,22.657345],[120.288383,22.657384],[120.288406,22.657412],[120.288446,22.657432],[120.288459,22.657432],[120.290017,22.657362],[120.29006,22.657334],[120.290072,22.657317],[120.290024,22.656297],[120.290016,22.656268],[120.289993,22.656224],[120.289969,22.656206],[120.28994,22.6562]]]}},{"type":"Feature","properties":{"id":"fc6d97ea780c","name":"高雄市立大樹國民中學","level":"國中","basis":"both","data_ym":"202311"},"geometry":{"type":"Polygon","coordinates":[[[120.423924,22.657407],[120.42392,22.657393],[120.423951,22.657282],[120.423983,22.657289],[120.424006,22.657208],[120.423968,22.657199],[120.424001,22.657067],[120.424192,22.656456],[120.422764,22.656429],[120.422516,22.656928],[120.422406,22.657217],[120.422355,22.657375],[120.422327,22.657516],[120.422325,22.657551],[120.422355,22.657937],[120.422363,22.657974],[120.422376,22.658001],[120.422398,22.658031],[120.422457,22.658074],[120.422451,22.658106],[120.422503,22.65815],[120.422685,22.65823],[120.422909,22.658292],[120.423159,22.65833],[120.423403,22.658352],[120.423421,22.65835],[120.423441,22.658339],[120.423468,22.658305],[120.423636,22.657874],[120.423782,22.657468],[120.423805,22.657437],[120.423924,22.657407]]]}},{"type":"Feature","properties":{"id":"2ace62309b05","name":"高雄市立七賢國民中學","level":"國中","basis":"both","data_ym":"201908"},"geometry":{"type":"Polygon","coordinates":[[[120.289977,22.657602],[120.289964,22.657582],[120.288565,22.657642],[120.288526,22.657712],[120.288486,22.657761],[120.288537,22.658833],[120.288564,22.658839],[120.288584,22.658854],[120.288614,22.6589],[120.28862,22.658924],[120.290023,22.658868],[120.290033,22.658842],[120.290056,22.658827],[120.290072,22.658825],[120.290015,22.657625],[120.289977,22.657602]]]}},{"type":"Feature","properties":{"id":"459e249c10d9","name":"高雄市鳥松區仁美國民小學","level":"國小","basis":"both","data_ym":"201510"},"geometry":{"type":"Polygon","coordinates":[[[120.393043,22.659495],[120.393854,22.659273],[120.393864,22.659272],[120.393868,22.659288],[120.394005,22.659256],[120.395177,22.658933],[120.395056,22.658517],[120.394857,22.657962],[120.393154,22.658339],[120.393114,22.658374],[120.393054,22.658441],[120.393013,22.65846],[120.392997,22.65846],[120.393018,22.658507],[120.393072,22.658593],[120.393149,22.658682],[120.393241,22.658773],[120.393289,22.658896],[120.393292,22.658932],[120.393286,22.659031],[120.393426,22.658998],[120.39348,22.659224],[120.393092,22.659292],[120.393037,22.659425],[120.393043,22.659495]]]}},{"type":"Feature","properties":{"id":"712ad4cc3c89","name":"高雄市立明華國民中學","level":"國中","basis":"both","data_ym":"201208"},"geometry":{"type":"Polygon","coordinates":[[[120.302984,22.662447],[120.302938,22.661401],[120.302892,22.661405],[120.302863,22.661361],[120.302843,22.661349],[120.302808,22.661342],[120.300897,22.661325],[120.300868,22.661326],[120.300867,22.661333],[120.30029,22.661328],[120.30025,22.66136],[120.300254,22.66234],[120.300267,22.662372],[120.300283,22.662392],[120.300287,22.662486],[120.301568,22.662485],[120.302984,22.662447]]]}},{"type":"Feature","properties":{"id":"4d05cd15f1d7","name":"高雄市立三民高級中學","level":"高中職","basis":"both","data_ym":"201509"},"geometry":{"type":"Polygon","coordinates":[[[120.328362,22.662548],[120.328395,22.662099],[120.328139,22.662189],[120.327756,22.661413],[120.327873,22.661362],[120.327889,22.661395],[120.328311,22.661208],[120.32847,22.661144],[120.328538,22.660331],[120.327296,22.660196],[120.326595,22.66014],[120.325442,22.660028],[120.324895,22.660132],[120.32562,22.661994],[120.32615,22.663041],[120.326333,22.663384],[120.326341,22.663392],[120.326373,22.663398],[120.326418,22.66339],[120.326858,22.663173],[120.327198,22.663017],[120.327196,22.662991],[120.327727,22.662808],[120.328305,22.662618],[120.328335,22.662597],[120.32835,22.662576],[120.328362,22.662548]]]}},{"type":"Feature","properties":{"id":"2d1b9776eaea","name":"高雄市三民區河堤國民小學","level":"國小","basis":"both","data_ym":"202203"},"geometry":{"type":"Polygon","coordinates":[[[120.315763,22.662355],[120.315727,22.662333],[120.315156,22.662378],[120.314272,22.662438],[120.314243,22.662493],[120.314084,22.662501],[120.314007,22.66254],[120.314011,22.662565],[120.314006,22.662566],[120.314074,22.66286],[120.313771,22.662969],[120.313935,22.663639],[120.313952,22.663673],[120.313977,22.663684],[120.314019,22.663684],[120.315892,22.663515],[120.315834,22.663036],[120.315763,22.662355]]]}},{"type":"Feature","properties":{"id":"a9f4808e21b6","name":"高雄市鳥松區鳥松國民小學","level":"國小","basis":"both","data_ym":"201710"},"geometry":{"type":"Polygon","coordinates":[[[120.3623,22.662943],[120.362335,22.662682],[120.362326,22.662679],[120.362039,22.662689],[120.361521,22.662715],[120.361523,22.662769],[120.361473,22.662857],[120.361444,22.662879],[120.361417,22.662891],[120.361347,22.662909],[120.361276,22.662906],[120.361202,22.662802],[120.361193,22.662723],[120.361011,22.662729],[120.36092,22.663876],[120.362028,22.664045],[120.362061,22.664048],[120.362086,22.66404],[120.362115,22.664023],[120.362153,22.663995],[120.362233,22.663365],[120.3623,22.662943]]]}},{"type":"Feature","properties":{"id":"64e106dc8941","name":"高雄市私立道明外僑學校","level":"其他","basis":"none","data_ym":"201509"},"geometry":{"type":"Polygon","coordinates":[[[120.2932,22.665952],[120.293337,22.665792],[120.293514,22.665911],[120.293789,22.665592],[120.294202,22.665901],[120.294473,22.66559],[120.294499,22.665568],[120.294596,22.665442],[120.294764,22.665247],[120.294843,22.66517],[120.294858,22.665148],[120.294975,22.66503],[120.294644,22.664769],[120.294466,22.664657],[120.29443,22.664638],[120.294362,22.664563],[120.294284,22.664523],[120.294213,22.664528],[120.293416,22.663986],[120.29324,22.664185],[120.29317,22.66413],[120.293113,22.664318],[120.293085,22.664445],[120.292836,22.664385],[120.292808,22.664504],[120.292743,22.664727],[120.292702,22.664841],[120.292616,22.665044],[120.292848,22.665132],[120.292769,22.665283],[120.292735,22.665336],[120.292701,22.665406],[120.292612,22.665527],[120.29289,22.665732],[120.2932,22.665952]]]}},{"type":"Feature","properties":{"id":"eb53fbd36bca","name":"高雄市立鳥松國民中學","level":"國中","basis":"both","data_ym":"201509"},"geometry":{"type":"Polygon","coordinates":[[[120.372123,22.667614],[120.372171,22.667621],[120.372401,22.667704],[120.372406,22.6677],[120.37254,22.667305],[120.372762,22.666701],[120.372775,22.666705],[120.372817,22.666575],[120.372614,22.666507],[120.372323,22.666372],[120.372244,22.666354],[120.371795,22.666279],[120.371766,22.666261],[120.371565,22.666065],[120.371545,22.666056],[120.371482,22.666064],[120.371184,22.666338],[120.371205,22.666361],[120.371119,22.666452],[120.371116,22.666455],[120.371083,22.666427],[120.370791,22.666714],[120.370762,22.666755],[120.370745,22.666794],[120.370946,22.666946],[120.371195,22.667122],[120.371241,22.667168],[120.371337,22.667278],[120.371375,22.667344],[120.371395,22.667404],[120.371402,22.667534],[120.371395,22.66757],[120.371398,22.667613],[120.37142,22.667659],[120.371448,22.667688],[120.371471,22.667704],[120.371531,22.667733],[120.371615,22.667762],[120.371668,22.667775],[120.371938,22.667809],[120.371967,22.667807],[120.372002,22.667793],[120.372024,22.667774],[120.37205,22.667734],[120.372094,22.667639],[120.372105,22.667624],[120.372123,22.667614]]]}},{"type":"Feature","properties":{"id":"cb2027ce9346","name":"高雄市立三民高級家事商業職業學校","level":"高中職","basis":"name","data_ym":"202203"},"geometry":{"type":"Polygon","coordinates":[[[120.303117,22.667693],[120.303085,22.665976],[120.303083,22.665951],[120.303064,22.665936],[120.303041,22.665932],[120.302849,22.66593],[120.302849,22.665934],[120.302649,22.665937],[120.301395,22.665947],[120.301395,22.666005],[120.301317,22.666006],[120.301317,22.665968],[120.301114,22.665974],[120.301082,22.665943],[120.300276,22.665955],[120.300259,22.665962],[120.300244,22.665993],[120.30023,22.666393],[120.300205,22.666607],[120.30019,22.666712],[120.300111,22.667118],[120.300097,22.667215],[120.300093,22.667295],[120.300286,22.667305],[120.300285,22.66748],[120.300289,22.667525],[120.300313,22.667607],[120.300339,22.667645],[120.300382,22.667692],[120.300428,22.667732],[120.300503,22.667776],[120.300616,22.667828],[120.300698,22.667857],[120.302885,22.667867],[120.303117,22.667693]]]}},{"type":"Feature","properties":{"id":"4f4f140f183c","name":"天主教明誠學校財團法人高雄市明誠高級中學","level":"高中職","basis":"name","data_ym":"201808"},"geometry":{"type":"Polygon","coordinates":[[[120.293026,22.666287],[120.292981,22.666247],[120.292974,22.666255],[120.292699,22.666044],[120.292532,22.665926],[120.29249,22.665978],[120.292461,22.666023],[120.292181,22.665832],[120.292093,22.665941],[120.292057,22.665916],[120.292011,22.665974],[120.29202,22.66598],[120.291936,22.666073],[120.291894,22.666094],[120.291862,22.666093],[120.291726,22.666192],[120.291631,22.666244],[120.291573,22.666287],[120.291392,22.666405],[120.291526,22.666615],[120.290772,22.667059],[120.291822,22.667984],[120.292655,22.666999],[120.292503,22.666884],[120.292659,22.666713],[120.292695,22.666661],[120.293026,22.666287]]]}},{"type":"Feature","properties":{"id":"a924ffd3981f","name":"高雄市左營區新莊國民小學","level":"國小","basis":"both","data_ym":"201509"},"geometry":{"type":"Polygon","coordinates":[[[120.310339,22.670388],[120.310113,22.669848],[120.310062,22.669861],[120.310047,22.669797],[120.310035,22.669799],[120.309982,22.669595],[120.309771,22.669002],[120.309747,22.669011],[120.309688,22.668886],[120.309659,22.668859],[120.309625,22.668852],[120.309579,22.668852],[120.309221,22.668949],[120.307983,22.669236],[120.308016,22.669341],[120.307611,22.669549],[120.307619,22.669583],[120.30762,22.669619],[120.307615,22.669654],[120.307595,22.669709],[120.307935,22.670513],[120.30796,22.670556],[120.308085,22.670711],[120.308316,22.670704],[120.308566,22.67067],[120.308767,22.670653],[120.309292,22.670572],[120.309374,22.670563],[120.309446,22.670545],[120.309477,22.670527],[120.309524,22.670478],[120.30955,22.670462],[120.310339,22.670388]]]}},{"type":"Feature","properties":{"id":"a10b8f4cb175","name":"高雄市三民區獅湖國民小學","level":"國小","basis":"both","data_ym":"201208"},"geometry":{"type":"Polygon","coordinates":[[[120.323797,22.671769],[120.32267,22.671166],[120.32259,22.67113],[120.322336,22.67107],[120.322199,22.671049],[120.32206,22.671044],[120.321886,22.671068],[120.321719,22.671109],[120.321703,22.671104],[120.32155,22.670656],[120.321518,22.670643],[120.320851,22.670793],[120.321484,22.672852],[120.321502,22.672881],[120.321533,22.672899],[120.32157,22.672902],[120.32179,22.672863],[120.321913,22.672836],[120.322155,22.67277],[120.322274,22.672731],[120.322508,22.672643],[120.322681,22.672567],[120.322792,22.672512],[120.323009,22.672393],[120.323217,22.67226],[120.323318,22.67219],[120.323416,22.672115],[120.323603,22.671957],[120.323671,22.671897],[120.323797,22.671769]]]}},{"type":"Feature","properties":{"id":"ba87effc1804","name":"高雄市左營區勝利國民小學","level":"國小","basis":"both","data_ym":"202407"},"geometry":{"type":"Polygon","coordinates":[[[120.294394,22.673574],[120.296409,22.672132],[120.295832,22.671437],[120.295412,22.671731],[120.295439,22.671764],[120.295234,22.671881],[120.295184,22.671914],[120.295108,22.671899],[120.294072,22.67278],[120.294051,22.672759],[120.293757,22.673043],[120.294355,22.673533],[120.294394,22.673574]]]}},{"type":"Feature","properties":{"id":"1c9a99aa785b","name":"高雄市左營區永清國民小學","level":"國小","basis":"both","data_ym":"202311"},"geometry":{"type":"Polygon","coordinates":[[[120.286853,22.67531],[120.288451,22.675272],[120.289261,22.675269],[120.289467,22.675262],[120.289441,22.674617],[120.289438,22.674473],[120.289443,22.674358],[120.288113,22.673347],[120.287765,22.673625],[120.287715,22.673677],[120.28778,22.673919],[120.287834,22.674067],[120.287852,22.674149],[120.288149,22.674823],[120.288247,22.675064],[120.28679,22.675036],[120.286793,22.675206],[120.286802,22.675221],[120.286822,22.675241],[120.28685,22.675249],[120.286853,22.67531]]]}},{"type":"Feature","properties":{"id":"9af52112f536","name":"高雄市立海青高級工商職業學校","level":"高中職","basis":"name","data_ym":"201509"},"geometry":{"type":"Polygon","coordinates":[[[120.286435,22.674094],[120.285764,22.67371],[120.285651,22.673835],[120.285287,22.673578],[120.284968,22.67334],[120.283909,22.67384],[120.283891,22.674496],[120.284399,22.674505],[120.284377,22.675305],[120.286296,22.675316],[120.286337,22.675301],[120.286374,22.675278],[120.286405,22.675249],[120.286429,22.675215],[120.286446,22.675174],[120.286437,22.675146],[120.286366,22.675028],[120.286344,22.674925],[120.286349,22.674829],[120.286363,22.674806],[120.286425,22.674653],[120.286424,22.674473],[120.286435,22.674094]]]}},{"type":"Feature","properties":{"id":"51366ce26b46","name":"高雄市立大義國民中學","level":"國中","basis":"both","data_ym":"201908"},"geometry":{"type":"Polygon","coordinates":[[[120.292804,22.675505],[120.293254,22.675168],[120.293622,22.674885],[120.292447,22.673658],[120.292053,22.673987],[120.29167,22.674288],[120.291406,22.674492],[120.290866,22.67488],[120.290848,22.674905],[120.29085,22.674935],[120.290864,22.674953],[120.291801,22.675688],[120.292363,22.675264],[120.292474,22.67522],[120.292504,22.675239],[120.292645,22.67536],[120.292804,22.675505]]]}},{"type":"Feature","properties":{"id":"c2d4d86e7bc6","name":"高雄市立大灣國民中學","level":"國中","basis":"both","data_ym":"202205"},"geometry":{"type":"Polygon","coordinates":[[[120.34324,22.674916],[120.342635,22.674575],[120.342595,22.674575],[120.342593,22.674602],[120.341503,22.674582],[120.34146,22.674823],[120.341432,22.675286],[120.341412,22.675551],[120.341292,22.67655],[120.343761,22.67669],[120.343771,22.676663],[120.343848,22.676372],[120.343884,22.67627],[120.343945,22.676122],[120.343993,22.676029],[120.344057,22.675919],[120.344121,22.675821],[120.344204,22.675711],[120.344069,22.675674],[120.343949,22.675568],[120.343965,22.67546],[120.343846,22.675382],[120.343507,22.675369],[120.343363,22.675348],[120.343332,22.675271],[120.34337,22.675256],[120.34324,22.674916]]]}},{"type":"Feature","properties":{"id":"7c0764803907","name":"財團法人高雄美國學校","level":"其他","basis":"none","data_ym":"201711"},"geometry":{"type":"Polygon","coordinates":[[[120.293622,22.674885],[120.293254,22.675168],[120.292829,22.675485],[120.292683,22.675606],[120.292443,22.675835],[120.292281,22.676013],[120.29271,22.676435],[120.292716,22.676428],[120.292904,22.676612],[120.293392,22.677046],[120.293439,22.67704],[120.293968,22.676238],[120.294154,22.675943],[120.29434,22.675664],[120.293622,22.674885]]]}},{"type":"Feature","properties":{"id":"8b9a88df486b","name":"高雄市左營區新民國民小學","level":"國小","basis":"both","data_ym":"201509"},"geometry":{"type":"Polygon","coordinates":[[[120.314156,22.677244],[120.314191,22.677234],[120.314252,22.677236],[120.314268,22.677266],[120.314497,22.677178],[120.314888,22.677055],[120.314927,22.67704],[120.314963,22.677019],[120.314995,22.676993],[120.315022,22.676962],[120.315043,22.676928],[120.315059,22.676892],[120.315068,22.676853],[120.31507,22.676814],[120.315065,22.676774],[120.315054,22.676736],[120.315037,22.6767],[120.314169,22.675232],[120.314132,22.675201],[120.314119,22.675199],[120.3141,22.675201],[120.312867,22.675826],[120.312825,22.675854],[120.312802,22.675882],[120.312792,22.675914],[120.312992,22.676533],[120.313029,22.676565],[120.31307,22.676631],[120.313081,22.676673],[120.313081,22.676719],[120.313067,22.676769],[120.313331,22.677587],[120.313348,22.677612],[120.313366,22.677624],[120.313387,22.677628],[120.313419,22.677623],[120.313939,22.677394],[120.314128,22.677321],[120.314114,22.677288],[120.314114,22.677275],[120.314156,22.677244]]]}},{"type":"Feature","properties":{"id":"0890c8df46c6","name":"高雄市立左營國民中學","level":"國中","basis":"both","data_ym":"201712"},"geometry":{"type":"Polygon","coordinates":[[[120.304989,22.679007],[120.305627,22.679705],[120.306096,22.680183],[120.306867,22.679529],[120.307272,22.679199],[120.307741,22.678808],[120.307737,22.678777],[120.307165,22.677997],[120.306623,22.678307],[120.306391,22.678038],[120.30601,22.678312],[120.304989,22.679007]]]}},{"type":"Feature","properties":{"id":"c600b3ae734d","name":"高雄市仁武區登發國民小學","level":"國小","basis":"both","data_ym":"202310"},"geometry":{"type":"Polygon","coordinates":[[[120.354224,22.679062],[120.353802,22.678833],[120.353143,22.67845],[120.352438,22.679557],[120.353011,22.679907],[120.353281,22.680091],[120.353846,22.680462],[120.35386,22.680461],[120.354162,22.680138],[120.354357,22.679892],[120.354505,22.679638],[120.3547,22.679324],[120.354243,22.679087],[120.354224,22.679062]]]}},{"type":"Feature","properties":{"id":"9db4ae0a4fe6","name":"高雄市左營區新光國民小學","level":"國小","basis":"both","data_ym":"201712"},"geometry":{"type":"Polygon","coordinates":[[[120.306096,22.680183],[120.305627,22.679705],[120.304989,22.679007],[120.304931,22.679016],[120.304812,22.679007],[120.304756,22.678993],[120.304696,22.678953],[120.304644,22.678899],[120.304607,22.678845],[120.304561,22.678756],[120.30454,22.678741],[120.304524,22.678739],[120.304498,22.678747],[120.303608,22.679315],[120.303602,22.679346],[120.303616,22.679393],[120.303642,22.679436],[120.303783,22.679604],[120.304183,22.680018],[120.30443,22.680254],[120.305187,22.680886],[120.305233,22.680886],[120.305272,22.680874],[120.305338,22.680822],[120.306096,22.680183]]]}},{"type":"Feature","properties":{"id":"fce9527f50fa","name":"高雄市立福山國民中學","level":"國中","basis":"both","data_ym":"201208"},"geometry":{"type":"Polygon","coordinates":[[[120.315561,22.680978],[120.3153,22.680193],[120.315421,22.679403],[120.31532,22.679403],[120.31501,22.679416],[120.314702,22.679442],[120.314438,22.67947],[120.314277,22.679489],[120.314104,22.67952],[120.313888,22.67957],[120.313859,22.679586],[120.313847,22.679605],[120.313844,22.679626],[120.313866,22.679901],[120.313891,22.680567],[120.313906,22.680741],[120.313929,22.680913],[120.313959,22.681085],[120.314014,22.681319],[120.314021,22.681335],[120.314033,22.681348],[120.314058,22.681359],[120.314086,22.681358],[120.315561,22.680978]]]}},{"type":"Feature","properties":{"id":"dbb53fc6897f","name":"高雄市大樹區小坪國民小學","level":"國小","basis":"both","data_ym":"202311"},"geometry":{"type":"Polygon","coordinates":[[[120.412536,22.682106],[120.412656,22.681904],[120.412746,22.681764],[120.412917,22.681545],[120.413024,22.68142],[120.412893,22.6813],[120.412948,22.68119],[120.412825,22.681137],[120.412749,22.681286],[120.412352,22.681086],[120.412252,22.681052],[120.412016,22.681355],[120.411968,22.681436],[120.411945,22.681465],[120.411691,22.681513],[120.411627,22.681555],[120.41153,22.681677],[120.411252,22.681956],[120.411388,22.682073],[120.411397,22.682066],[120.412003,22.682552],[120.412166,22.682384],[120.412232,22.682324],[120.41231,22.68227],[120.412451,22.682202],[120.41248,22.682178],[120.412505,22.68215],[120.412536,22.682106]]]}},{"type":"Feature","properties":{"id":"c25509c130d6","name":"高雄市立新莊高級中學","level":"高中職","basis":"both","data_ym":"201208"},"geometry":{"type":"Polygon","coordinates":[[[120.315421,22.679403],[120.3153,22.680193],[120.315561,22.680978],[120.315631,22.680962],[120.315661,22.680962],[120.31572,22.680975],[120.31577,22.681006],[120.31579,22.681027],[120.315816,22.681073],[120.316476,22.682991],[120.31649,22.683049],[120.316489,22.683108],[120.316485,22.683124],[120.316504,22.683128],[120.317417,22.682415],[120.318085,22.683199],[120.318085,22.68318],[120.317799,22.681633],[120.317162,22.680216],[120.317103,22.679491],[120.317092,22.679463],[120.317076,22.679449],[120.317044,22.679441],[120.316775,22.679447],[120.316547,22.679441],[120.315997,22.679415],[120.31564,22.679403],[120.315421,22.679403]]]}},{"type":"Feature","properties":{"id":"57231eb23ef3","name":"高雄市左營區舊城國民小學","level":"國小","basis":"both","data_ym":"201509"},"geometry":{"type":"Polygon","coordinates":[[[120.292738,22.68423],[120.293263,22.683425],[120.293278,22.683379],[120.293274,22.683356],[120.293259,22.68333],[120.293173,22.683256],[120.292998,22.683119],[120.292914,22.683071],[120.29292,22.683059],[120.292773,22.682996],[120.292617,22.682941],[120.292383,22.682863],[120.29205,22.682762],[120.291975,22.682756],[120.29183,22.682755],[120.291626,22.682788],[120.2915,22.682826],[120.291341,22.6829],[120.291261,22.682943],[120.291254,22.683058],[120.292132,22.683805],[120.292144,22.683793],[120.292288,22.683898],[120.292269,22.683929],[120.292612,22.684225],[120.292738,22.68423]]]}},{"type":"Feature","properties":{"id":"2d79c71d6ab4","name":"高雄市左營區福山國民小學","level":"國小","basis":"both","data_ym":"201208"},"geometry":{"type":"Polygon","coordinates":[[[120.318085,22.683199],[120.317417,22.682415],[120.316504,22.683128],[120.316485,22.683124],[120.316475,22.683166],[120.316448,22.68322],[120.31641,22.683267],[120.31569,22.683834],[120.315677,22.683849],[120.31567,22.683866],[120.315672,22.683893],[120.315682,22.68391],[120.316259,22.684576],[120.316272,22.684588],[120.316289,22.684595],[120.316308,22.684596],[120.316326,22.684592],[120.316342,22.684583],[120.318065,22.683231],[120.318083,22.683208],[120.318085,22.683199]]]}},{"type":"Feature","properties":{"id":"2f48f54db106","name":"高雄市立仁武特殊教育學校","level":"特殊","basis":"both","data_ym":"202310"},"geometry":{"type":"Polygon","coordinates":[[[120.348126,22.684854],[120.348432,22.684361],[120.348482,22.684387],[120.348702,22.684005],[120.34863,22.683967],[120.348615,22.683988],[120.347193,22.683341],[120.347185,22.683359],[120.34715,22.683346],[120.347166,22.683311],[120.347037,22.683253],[120.347011,22.683298],[120.346882,22.683237],[120.3469,22.683202],[120.346813,22.683164],[120.346791,22.683203],[120.346714,22.683168],[120.346727,22.683137],[120.346058,22.682818],[120.345069,22.684703],[120.34558,22.684907],[120.345611,22.684788],[120.346945,22.684839],[120.347405,22.684934],[120.347572,22.685013],[120.347799,22.685013],[120.347921,22.684994],[120.347968,22.68498],[120.348045,22.684941],[120.348081,22.684911],[120.348126,22.684854]]]}},{"type":"Feature","properties":{"id":"2699188b2c39","name":"高雄市大樹區龍目國民小學","level":"國小","basis":"both","data_ym":"201509"},"geometry":{"type":"Polygon","coordinates":[[[120.408815,22.688384],[120.408369,22.688174],[120.408292,22.688312],[120.408233,22.68835],[120.408017,22.68838],[120.407975,22.688398],[120.408029,22.688426],[120.408054,22.688448],[120.40811,22.688524],[120.408135,22.688575],[120.408144,22.68861],[120.408163,22.688757],[120.408171,22.688778],[120.408189,22.68879],[120.408265,22.688808],[120.408468,22.68888],[120.408829,22.688983],[120.408894,22.688981],[120.409141,22.688902],[120.409145,22.688881],[120.409121,22.688853],[120.409036,22.688788],[120.408953,22.688745],[120.408821,22.688686],[120.408796,22.688669],[120.408789,22.688645],[120.408796,22.688608],[120.408769,22.68855],[120.408815,22.688384]]]}},{"type":"Feature","properties":{"id":"f27ae9918793","name":"高雄市左營區明德國民小學","level":"國小","basis":"both","data_ym":"201509"},"geometry":{"type":"Polygon","coordinates":[[[120.290347,22.687551],[120.289574,22.687179],[120.28948,22.687206],[120.289257,22.687902],[120.289252,22.687947],[120.28925,22.688584],[120.289247,22.688587],[120.28926,22.688591],[120.289319,22.688588],[120.289369,22.688579],[120.289501,22.688535],[120.289587,22.688522],[120.289674,22.688524],[120.289759,22.688541],[120.28984,22.688573],[120.289912,22.688618],[120.28997,22.688671],[120.290175,22.68891],[120.29019,22.68865],[120.290447,22.68865],[120.290456,22.688392],[120.290434,22.688033],[120.290424,22.687779],[120.29036,22.687779],[120.290347,22.687551]]]}},{"type":"Feature","properties":{"id":"2c9ffb9d26ca","name":"高雄市大樹區大樹國民小學","level":"國小","basis":"both","data_ym":"202107"},"geometry":{"type":"Polygon","coordinates":[[[120.434995,22.689551],[120.435044,22.68955],[120.435272,22.689564],[120.435323,22.689514],[120.435275,22.689171],[120.435216,22.688882],[120.435139,22.688631],[120.434947,22.688212],[120.43493,22.688221],[120.434906,22.688176],[120.434903,22.688178],[120.43478,22.687976],[120.4348,22.687965],[120.434736,22.687862],[120.434639,22.687733],[120.434308,22.687673],[120.434108,22.687778],[120.433991,22.687834],[120.433948,22.687871],[120.433925,22.687904],[120.433904,22.687964],[120.433822,22.688311],[120.433733,22.688808],[120.433661,22.689025],[120.433737,22.689119],[120.433847,22.689168],[120.434055,22.689249],[120.43422,22.68928],[120.434332,22.689317],[120.434359,22.689337],[120.434425,22.68945],[120.434445,22.689469],[120.434509,22.68951],[120.434608,22.689552],[120.434769,22.689611],[120.434829,22.689583],[120.434886,22.689567],[120.434995,22.689551]]]}},{"type":"Feature","properties":{"id":"16e4950cc24c","name":"高雄市仁武區八卦國民小學","level":"國小","basis":"both","data_ym":"202203"},"geometry":{"type":"Polygon","coordinates":[[[120.332967,22.689487],[120.333054,22.689403],[120.333181,22.689289],[120.333633,22.6889],[120.333104,22.688371],[120.333052,22.688313],[120.332622,22.687919],[120.331345,22.688817],[120.331785,22.689541],[120.331998,22.689429],[120.332096,22.689424],[120.332172,22.689446],[120.332224,22.689487],[120.332279,22.68955],[120.332294,22.689572],[120.332237,22.689615],[120.332418,22.689852],[120.332718,22.689661],[120.332861,22.689564],[120.332967,22.689487]]]}},{"type":"Feature","properties":{"id":"b7a641c1f382","name":"高雄市立立德國民中學","level":"國中","basis":"both","data_ym":"201509"},"geometry":{"type":"Polygon","coordinates":[[[120.290347,22.687551],[120.29036,22.687779],[120.290424,22.687779],[120.290434,22.688033],[120.290456,22.688392],[120.290447,22.68865],[120.29019,22.68865],[120.290175,22.68891],[120.290342,22.689106],[120.290548,22.689325],[120.290731,22.689676],[120.290807,22.689864],[120.290906,22.690203],[120.290915,22.690215],[120.291379,22.69022],[120.291403,22.690214],[120.291416,22.690209],[120.291441,22.690012],[120.291728,22.689147],[120.291808,22.689132],[120.291858,22.689017],[120.291892,22.688906],[120.291897,22.688879],[120.291892,22.688801],[120.291857,22.688761],[120.290991,22.687876],[120.290829,22.687781],[120.290347,22.687551]]]}},{"type":"Feature","properties":{"id":"c5bccdfc1138","name":"高雄市左營區左營國民小學","level":"國小","basis":"both","data_ym":"202205"},"geometry":{"type":"Polygon","coordinates":[[[120.294089,22.692451],[120.294085,22.691085],[120.294093,22.691085],[120.294085,22.690883],[120.294083,22.690453],[120.292529,22.690471],[120.292543,22.69238],[120.292989,22.69238],[120.292989,22.692412],[120.293025,22.692415],[120.29303,22.692421],[120.294089,22.692451]]]}},{"type":"Feature","properties":{"id":"ed627178b394","name":"高雄市左營區文府國民小學","level":"國小","basis":"both","data_ym":"201509"},"geometry":{"type":"Polygon","coordinates":[[[120.315955,22.691415],[120.315448,22.691286],[120.315389,22.691343],[120.315338,22.691306],[120.315352,22.691291],[120.315337,22.691278],[120.315351,22.691263],[120.315309,22.691229],[120.315251,22.69129],[120.315244,22.691289],[120.315193,22.691248],[120.315179,22.69126],[120.315165,22.691247],[120.315149,22.69126],[120.315136,22.691249],[120.315127,22.691256],[120.315035,22.691189],[120.314992,22.691124],[120.3146,22.690984],[120.314534,22.690988],[120.31449,22.691018],[120.313789,22.691706],[120.313777,22.69173],[120.313781,22.69176],[120.314888,22.69284],[120.314924,22.692817],[120.316165,22.691626],[120.315955,22.691415]]]}},{"type":"Feature","properties":{"id":"47e70c9a516b","name":"高雄市立左營高級中學","level":"高中職","basis":"both","data_ym":"201711"},"geometry":{"type":"Polygon","coordinates":[[[120.297504,22.692433],[120.297517,22.692431],[120.29752,22.692436],[120.297638,22.692374],[120.297627,22.692354],[120.297589,22.692343],[120.297565,22.6923],[120.297819,22.692177],[120.297855,22.692135],[120.297872,22.692096],[120.29795,22.692055],[120.297796,22.691827],[120.29784,22.691803],[120.297739,22.691658],[120.297347,22.691818],[120.297294,22.691717],[120.297285,22.69168],[120.297276,22.691663],[120.297249,22.691635],[120.297218,22.691579],[120.296908,22.691737],[120.296866,22.691742],[120.296759,22.69181],[120.296603,22.691586],[120.296475,22.691651],[120.296458,22.691627],[120.296403,22.691652],[120.296211,22.691763],[120.296073,22.691849],[120.296044,22.691806],[120.295981,22.691849],[120.296011,22.691892],[120.295825,22.692009],[120.295807,22.692011],[120.295725,22.692065],[120.295624,22.691936],[120.295599,22.691951],[120.295392,22.693394],[120.295416,22.693428],[120.295433,22.693439],[120.297459,22.693408],[120.297425,22.693313],[120.297412,22.693233],[120.297394,22.693231],[120.297345,22.693129],[120.297274,22.692941],[120.297133,22.692603],[120.297504,22.692433]]]}},{"type":"Feature","properties":{"id":"157eb343c3bf","name":"高雄市立左營高級中學1","level":"高中職","basis":"both","data_ym":"201806"},"geometry":{"type":"Polygon","coordinates":[[[120.29409,22.692172],[120.294089,22.692451],[120.29303,22.692421],[120.293175,22.692589],[120.293228,22.692667],[120.293233,22.69268],[120.293549,22.69262],[120.293583,22.692618],[120.293597,22.692624],[120.293604,22.692632],[120.293646,22.692759],[120.293963,22.693447],[120.294022,22.693446],[120.294169,22.693465],[120.294231,22.693487],[120.295155,22.693472],[120.295166,22.693461],[120.29531,22.692539],[120.295194,22.692513],[120.295137,22.692486],[120.29507,22.692437],[120.294999,22.692318],[120.29497,22.692282],[120.294884,22.692179],[120.294788,22.692076],[120.294601,22.691848],[120.294581,22.691834],[120.294517,22.69185],[120.294163,22.692185],[120.29409,22.692172]]]}},{"type":"Feature","properties":{"id":"570056510f3c","name":"高雄市立文府國民中學","level":"國中","basis":"both","data_ym":"201808"},"geometry":{"type":"Polygon","coordinates":[[[120.315955,22.691415],[120.316165,22.691626],[120.314924,22.692817],[120.314888,22.69284],[120.314885,22.692837],[120.315177,22.693118],[120.315345,22.693249],[120.315496,22.693347],[120.315654,22.693428],[120.31581,22.693487],[120.316137,22.69356],[120.316129,22.693614],[120.31631,22.693634],[120.316479,22.693643],[120.31671,22.693674],[120.316718,22.693669],[120.316723,22.693643],[120.316844,22.693655],[120.316842,22.693677],[120.316848,22.693688],[120.316867,22.693693],[120.317024,22.69371],[120.317542,22.693802],[120.319036,22.692645],[120.318188,22.691693],[120.317674,22.692146],[120.31764,22.692164],[120.317615,22.692166],[120.31759,22.69216],[120.317568,22.692148],[120.316829,22.691534],[120.3168,22.69155],[120.316746,22.691522],[120.316682,22.691504],[120.316562,22.691485],[120.316281,22.69145],[120.316193,22.691449],[120.316091,22.691439],[120.315955,22.691415]]]}},{"type":"Feature","properties":{"id":"8a77422f49a3","name":"高雄市左營區屏山國民小學","level":"國小","basis":"both","data_ym":"202404"},"geometry":{"type":"Polygon","coordinates":[[[120.301742,22.694613],[120.30259,22.694612],[120.302566,22.69448],[120.30254,22.694231],[120.30252,22.693716],[120.300628,22.693725],[120.300627,22.693795],[120.300577,22.69383],[120.300576,22.694016],[120.300587,22.694159],[120.300608,22.694341],[120.300624,22.694434],[120.300668,22.694631],[120.300732,22.694855],[120.300821,22.695072],[120.301198,22.694882],[120.301314,22.694833],[120.301446,22.694769],[120.301462,22.694758],[120.301485,22.694728],[120.301742,22.694613]]]}},{"type":"Feature","properties":{"id":"454021993306","name":"高雄市仁武區烏林國民小學","level":"國小","basis":"both","data_ym":"202311"},"geometry":{"type":"Polygon","coordinates":[[[120.373991,22.697898],[120.373526,22.697582],[120.373095,22.697351],[120.37305,22.697526],[120.373011,22.69756],[120.373048,22.697622],[120.37305,22.697636],[120.373047,22.69765],[120.373037,22.697661],[120.372795,22.697788],[120.372755,22.697785],[120.372742,22.697775],[120.372697,22.697718],[120.372594,22.697572],[120.372487,22.697638],[120.37251,22.69777],[120.372514,22.697849],[120.372509,22.697929],[120.37246,22.698222],[120.372434,22.698301],[120.372349,22.698439],[120.372587,22.698497],[120.372738,22.69854],[120.372886,22.698588],[120.373155,22.698685],[120.373289,22.698722],[120.373562,22.698785],[120.373712,22.698807],[120.374211,22.69891],[120.374184,22.698686],[120.374048,22.698312],[120.374059,22.698299],[120.374047,22.69827],[120.374056,22.698266],[120.373998,22.698113],[120.374093,22.697989],[120.373991,22.697898]]]}},{"type":"Feature","properties":{"id":"0122a354b2ad","name":"高雄市立仁武高級中學","level":"高中職","basis":"both","data_ym":"201509"},"geometry":{"type":"Polygon","coordinates":[[[120.357152,22.701637],[120.355288,22.700987],[120.35435,22.703114],[120.355237,22.703288],[120.355483,22.703331],[120.355567,22.70333],[120.355629,22.703315],[120.356577,22.70293],[120.356615,22.702904],[120.356638,22.702879],[120.356947,22.702151],[120.357164,22.701664],[120.357152,22.701637]]]}},{"type":"Feature","properties":{"id":"75949c7957f0","name":"高雄市大樹區大樹國民小學和山分校","level":"大專","basis":"branch","data_ym":"202311"},"geometry":{"type":"Polygon","coordinates":[[[120.418141,22.703738],[120.418,22.703367],[120.417882,22.703409],[120.417812,22.70347],[120.417695,22.7035],[120.4177,22.703513],[120.417602,22.703539],[120.417604,22.703551],[120.417555,22.703566],[120.417589,22.703702],[120.417613,22.703751],[120.417691,22.703879],[120.418141,22.703738]]]}},{"type":"Feature","properties":{"id":"d93fd28097ff","name":"高雄市大樹區姑山國民小學","level":"國小","basis":"both","data_ym":"201709"},"geometry":{"type":"Polygon","coordinates":[[[120.438322,22.708739],[120.43826,22.70865],[120.438178,22.708702],[120.438154,22.708673],[120.437955,22.708778],[120.437949,22.708811],[120.437711,22.708841],[120.43723,22.708879],[120.437239,22.709667],[120.437269,22.709737],[120.437273,22.709873],[120.437287,22.709921],[120.437825,22.70995],[120.437776,22.709564],[120.437773,22.709316],[120.437779,22.709274],[120.437789,22.709242],[120.437803,22.709229],[120.438029,22.709195],[120.438144,22.709154],[120.43848,22.708975],[120.438377,22.708824],[120.438347,22.70882],[120.438312,22.708762],[120.438322,22.708739]]]}},{"type":"Feature","properties":{"id":"a52afbaad7b9","name":"高雄市仁武區竹後國民小學","level":"國小","basis":"both","data_ym":"201711"},"geometry":{"type":"Polygon","coordinates":[[[120.335445,22.709354],[120.334902,22.709237],[120.334681,22.70953],[120.334352,22.709949],[120.334309,22.710011],[120.335253,22.710703],[120.33543,22.710485],[120.335506,22.710369],[120.335524,22.710336],[120.335541,22.710293],[120.335566,22.71021],[120.335583,22.71012],[120.335704,22.709408],[120.335459,22.709378],[120.335446,22.709374],[120.335445,22.709354]]]}},{"type":"Feature","properties":{"id":"e7cdbde27e0a","name":"高雄市楠梓區油廠國民小學","level":"國小","basis":"both","data_ym":"202203"},"geometry":{"type":"Polygon","coordinates":[[[120.304411,22.710754],[120.304745,22.709949],[120.304266,22.709755],[120.304179,22.709781],[120.303489,22.70978],[120.303522,22.709202],[120.303561,22.70916],[120.303569,22.708404],[120.303582,22.708029],[120.30266,22.708005],[120.30262,22.708011],[120.302589,22.708026],[120.302521,22.710118],[120.303457,22.71014],[120.303447,22.710487],[120.303524,22.710455],[120.303555,22.710459],[120.304411,22.710754]]]}},{"type":"Feature","properties":{"id":"71cac63395bf","name":"國立中山大學附屬國光高級中學","level":"高中職","basis":"both","data_ym":"202203"},"geometry":{"type":"Polygon","coordinates":[[[120.303582,22.708029],[120.303569,22.708404],[120.303561,22.70916],[120.303522,22.709202],[120.303489,22.70978],[120.304179,22.709781],[120.304266,22.709755],[120.304745,22.709949],[120.304483,22.710584],[120.304557,22.710614],[120.30452,22.710698],[120.304541,22.710743],[120.305664,22.711161],[120.306177,22.70999],[120.306527,22.709213],[120.306493,22.709202],[120.306451,22.709307],[120.306276,22.709308],[120.306285,22.709272],[120.306378,22.709093],[120.306494,22.709077],[120.30656,22.708979],[120.306585,22.708929],[120.306459,22.708876],[120.306485,22.708802],[120.306565,22.708634],[120.305723,22.708131],[120.305681,22.708109],[120.305636,22.708093],[120.305588,22.708083],[120.30554,22.708079],[120.303582,22.708029]]]}},{"type":"Feature","properties":{"id":"025a75c3154e","name":"高雄市楠梓區莒光國民小學","level":"國小","basis":"both","data_ym":"201908"},"geometry":{"type":"Polygon","coordinates":[[[120.297136,22.71189],[120.296578,22.711563],[120.296519,22.711519],[120.296022,22.71124],[120.295579,22.711745],[120.295339,22.711564],[120.29528,22.711627],[120.295254,22.711618],[120.295244,22.711619],[120.295232,22.711628],[120.295227,22.711653],[120.295488,22.71185],[120.295035,22.71237],[120.296561,22.712804],[120.297136,22.71189]]]}},{"type":"Feature","properties":{"id":"ae70b4787e29","name":"國立中山大學仁武校區","level":"大專","basis":"branch","data_ym":"202212"},"geometry":{"type":"Polygon","coordinates":[[[120.352059,22.71455],[120.35258,22.712595],[120.352631,22.712379],[120.352696,22.712074],[120.352756,22.711752],[120.352799,22.711424],[120.352677,22.711404],[120.352577,22.711381],[120.352501,22.711348],[120.352386,22.711314],[120.352248,22.711288],[120.350768,22.711212],[120.350269,22.711197],[120.349827,22.711167],[120.349585,22.711156],[120.349535,22.71115],[120.348606,22.711119],[120.347789,22.711085],[120.347736,22.71109],[120.347659,22.711113],[120.347563,22.711167],[120.347464,22.711232],[120.347424,22.71125],[120.347368,22.711249],[120.3473,22.711218],[120.347187,22.711182],[120.346821,22.711212],[120.346579,22.711189],[120.346256,22.711328],[120.346216,22.711425],[120.346187,22.711538],[120.346149,22.711753],[120.346136,22.711865],[120.346115,22.712208],[120.34612,22.712378],[120.346199,22.713367],[120.346269,22.714081],[120.346319,22.71453],[120.348,22.714539],[120.349536,22.71454],[120.352059,22.71455]]]}},{"type":"Feature","properties":{"id":"d11bd1387734","name":"高雄市立右昌國民中學","level":"國中","basis":"both","data_ym":"202203"},"geometry":{"type":"Polygon","coordinates":[[[120.287035,22.713704],[120.286838,22.713477],[120.286621,22.713206],[120.286517,22.713276],[120.286272,22.713102],[120.28609,22.713239],[120.286095,22.713244],[120.286039,22.713286],[120.286035,22.713281],[120.286017,22.713295],[120.285867,22.713375],[120.284986,22.714134],[120.285337,22.714491],[120.286235,22.715387],[120.286569,22.715087],[120.286493,22.715003],[120.287403,22.714223],[120.28741,22.714195],[120.287409,22.714176],[120.287398,22.714157],[120.287048,22.713735],[120.287029,22.713709],[120.287035,22.713704]]]}},{"type":"Feature","properties":{"id":"cf57458ea788","name":"高雄市楠梓區右昌國民小學","level":"國小","basis":"both","data_ym":"201509"},"geometry":{"type":"Polygon","coordinates":[[[120.292129,22.713633],[120.291244,22.713413],[120.29094,22.714437],[120.2911,22.714653],[120.291091,22.714696],[120.29161,22.714848],[120.291557,22.714981],[120.29232,22.715256],[120.2929,22.715472],[120.293502,22.714086],[120.293478,22.714064],[120.293463,22.714042],[120.293448,22.713991],[120.292129,22.713633]]]}},{"type":"Feature","properties":{"id":"cec9cff1bc04","name":"高雄市立溪埔國民中學","level":"國中","basis":"both","data_ym":"201509"},"geometry":{"type":"Polygon","coordinates":[[[120.441893,22.719679],[120.442007,22.719639],[120.442205,22.719642],[120.442307,22.719663],[120.44354,22.719554],[120.443546,22.719229],[120.443529,22.719195],[120.443527,22.719142],[120.443503,22.719144],[120.443494,22.719126],[120.443492,22.719031],[120.443519,22.718971],[120.443456,22.718643],[120.443438,22.718622],[120.442935,22.718625],[120.442419,22.718658],[120.442294,22.718676],[120.44202,22.718773],[120.44168,22.718915],[120.441759,22.719085],[120.441893,22.719679]]]}},{"type":"Feature","properties":{"id":"fd0c2434909c","name":"高雄市立國昌國民中學","level":"國中","basis":"both","data_ym":"202311"},"geometry":{"type":"Polygon","coordinates":[[[120.286339,22.720766],[120.286738,22.720144],[120.286999,22.720276],[120.287067,22.720159],[120.286813,22.720027],[120.286947,22.719819],[120.285859,22.719164],[120.285761,22.719101],[120.285755,22.719111],[120.28574,22.719102],[120.285607,22.719019],[120.285623,22.718996],[120.285518,22.718932],[120.285503,22.718953],[120.285227,22.718786],[120.284123,22.719484],[120.284108,22.719499],[120.284106,22.719504],[120.285684,22.720417],[120.286339,22.720766]]]}},{"type":"Feature","properties":{"id":"2c0dc985d8b1","name":"高雄市楠梓區加昌國民小學","level":"國小","basis":"both","data_ym":"201208"},"geometry":{"type":"Polygon","coordinates":[[[120.297559,22.720665],[120.297687,22.720371],[120.297616,22.720343],[120.297787,22.719938],[120.296841,22.719622],[120.296813,22.719621],[120.296792,22.719657],[120.296162,22.72127],[120.29618,22.721293],[120.296202,22.721304],[120.296467,22.721394],[120.297167,22.721661],[120.297361,22.721204],[120.297414,22.721068],[120.297323,22.721035],[120.297437,22.720793],[120.297504,22.720816],[120.297559,22.720665]]]}},{"type":"Feature","properties":{"id":"94a337ff321d","name":"高雄市大樹區溪埔國民小學","level":"國小","basis":"both","data_ym":"202311"},"geometry":{"type":"Polygon","coordinates":[[[120.442367,22.723492],[120.443221,22.723306],[120.443232,22.723146],[120.443249,22.723011],[120.44325,22.722969],[120.443317,22.722571],[120.443282,22.722539],[120.442954,22.722602],[120.442259,22.722753],[120.44168,22.722888],[120.441204,22.722993],[120.440932,22.723074],[120.44089,22.723099],[120.440871,22.723132],[120.440874,22.723228],[120.440914,22.723409],[120.44093,22.723516],[120.441264,22.723458],[120.441849,22.723347],[120.441941,22.723552],[120.442367,22.723492]]]}},{"type":"Feature","properties":{"id":"39c276a59180","name":"高雄市楠梓區後勁國民小學","level":"國小","basis":"both","data_ym":"201509"},"geometry":{"type":"Polygon","coordinates":[[[120.313017,22.721906],[120.312742,22.722474],[120.314511,22.723149],[120.314544,22.723124],[120.314782,22.721957],[120.31478,22.721929],[120.314768,22.721919],[120.314148,22.721676],[120.31413,22.721655],[120.314105,22.721654],[120.313575,22.721446],[120.313597,22.721396],[120.313335,22.721288],[120.313316,22.72133],[120.313282,22.721314],[120.313017,22.721906]]]}},{"type":"Feature","properties":{"id":"f2254eaeabc8","name":"高雄市大社區觀音國民小學","level":"國小","basis":"both","data_ym":"201509"},"geometry":{"type":"Polygon","coordinates":[[[120.356803,22.723568],[120.35673,22.722884],[120.356678,22.72265],[120.356668,22.722377],[120.356648,22.722226],[120.356123,22.722157],[120.355701,22.722109],[120.355626,22.722126],[120.355537,22.722125],[120.354953,22.722039],[120.354648,22.721999],[120.354634,22.722004],[120.35462,22.722015],[120.35461,22.722036],[120.354481,22.723265],[120.354484,22.723287],[120.354488,22.72329],[120.355911,22.723462],[120.35591,22.72347],[120.356073,22.723491],[120.356074,22.723482],[120.356636,22.723561],[120.356803,22.723568]]]}},{"type":"Feature","properties":{"id":"6c3aee16a7b9","name":"高雄市立後勁國民中學","level":"國中","basis":"both","data_ym":"201908"},"geometry":{"type":"Polygon","coordinates":[[[120.316486,22.723308],[120.316845,22.722962],[120.316939,22.722855],[120.316948,22.722825],[120.316949,22.722774],[120.316289,22.722518],[120.315631,22.72225],[120.315618,22.722238],[120.315614,22.722222],[120.315006,22.721979],[120.314983,22.721987],[120.314928,22.722048],[120.314912,22.722052],[120.314894,22.722048],[120.314694,22.723008],[120.314684,22.723044],[120.314664,22.72304],[120.314644,22.72312],[120.314664,22.723125],[120.31466,22.72315],[120.314661,22.723169],[120.314668,22.723185],[120.315191,22.723388],[120.315176,22.723411],[120.315251,22.72344],[120.315185,22.723574],[120.315298,22.723813],[120.315404,22.724019],[120.315583,22.723925],[120.315776,22.723815],[120.315962,22.723701],[120.316098,22.72361],[120.316203,22.723534],[120.316393,22.723386],[120.316486,22.723308]]]}},{"type":"Feature","properties":{"id":"b0c2d12a9884","name":"高雄市私立義大國際高級中學","level":"高中職","basis":"both","data_ym":"201509"},"geometry":{"type":"Polygon","coordinates":[[[120.403995,22.728977],[120.404582,22.728715],[120.405089,22.728522],[120.405528,22.728511],[120.405556,22.728271],[120.405496,22.728255],[120.405474,22.728232],[120.405462,22.728206],[120.405449,22.728155],[120.405433,22.728135],[120.405247,22.728039],[120.405211,22.728015],[120.405187,22.727989],[120.405159,22.727944],[120.405123,22.72787],[120.404871,22.727273],[120.404826,22.72719],[120.404542,22.726816],[120.404511,22.726787],[120.404488,22.726778],[120.404462,22.726783],[120.404443,22.726794],[120.403536,22.727393],[120.40377,22.727694],[120.403554,22.727833],[120.404018,22.72853],[120.403792,22.728658],[120.403897,22.728915],[120.403946,22.7289],[120.403995,22.728977]]]}},{"type":"Feature","properties":{"id":"b4bc0ca1e4b5","name":"義守大學","level":"大專","basis":"both","data_ym":"202107"},"geometry":{"type":"Polygon","coordinates":[[[120.407361,22.728491],[120.407374,22.728411],[120.407506,22.728011],[120.407485,22.727987],[120.407183,22.727917],[120.407025,22.72787],[120.407016,22.727861],[120.407016,22.727846],[120.407029,22.727824],[120.407107,22.727722],[120.40728,22.727507],[120.407351,22.727449],[120.407404,22.727434],[120.40746,22.727405],[120.407524,22.727363],[120.407569,22.727309],[120.407663,22.727168],[120.407723,22.727097],[120.407782,22.727058],[120.407898,22.727004],[120.407922,22.726988],[120.407942,22.726968],[120.40797,22.726922],[120.40803,22.72678],[120.408051,22.726741],[120.40818,22.726577],[120.40847,22.72635],[120.408574,22.726254],[120.408616,22.726204],[120.408645,22.726156],[120.408666,22.726108],[120.408687,22.726029],[120.408695,22.725978],[120.4087,22.725896],[120.408697,22.725852],[120.408673,22.725735],[120.40876,22.72557],[120.408835,22.725446],[120.408932,22.725335],[120.409002,22.725268],[120.409067,22.725185],[120.409082,22.725155],[120.409089,22.725119],[120.409085,22.72508],[120.409066,22.725002],[120.409018,22.72485],[120.408962,22.724751],[120.40895,22.724695],[120.408953,22.724608],[120.408972,22.724541],[120.408985,22.724458],[120.40898,22.724424],[120.408964,22.724369],[120.408943,22.724315],[120.40889,22.724246],[120.408827,22.72418],[120.408716,22.724112],[120.408588,22.723997],[120.408559,22.723923],[120.408569,22.72386],[120.408593,22.723792],[120.408614,22.72376],[120.408633,22.723717],[120.408643,22.723653],[120.408641,22.723551],[120.408618,22.723511],[120.408579,22.723482],[120.408523,22.723455],[120.408398,22.723413],[120.408259,22.723385],[120.408139,22.723379],[120.408043,22.723394],[120.407953,22.723441],[120.407821,22.723606],[120.40772,22.723705],[120.407554,22.723745],[120.40748,22.723739],[120.407413,22.723713],[120.407305,22.723645],[120.407214,22.723564],[120.407114,22.723456],[120.406943,22.723199],[120.406876,22.72315],[120.406802,22.723113],[120.406153,22.722984],[120.405981,22.722981],[120.405347,22.723114],[120.404998,22.722946],[120.404968,22.722949],[120.404918,22.722984],[120.404565,22.723383],[120.404536,22.723436],[120.404518,22.723497],[120.404507,22.723566],[120.404505,22.723691],[120.404484,22.723747],[120.404448,22.723805],[120.404315,22.723961],[120.404288,22.723998],[120.404292,22.724045],[120.40435,22.724157],[120.403378,22.724637],[120.403476,22.724808],[120.403401,22.725137],[120.403414,22.725164],[120.403452,22.725201],[120.403496,22.725269],[120.404076,22.725524],[120.404413,22.725645],[120.404243,22.725352],[120.404302,22.725323],[120.404625,22.725891],[120.404845,22.726263],[120.404878,22.72633],[120.404901,22.726398],[120.404902,22.726435],[120.404892,22.726479],[120.404874,22.726517],[120.404857,22.72654],[120.404832,22.726567],[120.404795,22.726596],[120.404627,22.726691],[120.404609,22.726712],[120.404605,22.726726],[120.40461,22.726751],[120.404624,22.726774],[120.404702,22.726857],[120.40484,22.727036],[120.404885,22.727095],[120.404933,22.72717],[120.405008,22.727336],[120.405184,22.727773],[120.405231,22.727874],[120.405262,22.727918],[120.405293,22.727946],[120.405376,22.727995],[120.405643,22.728109],[120.40566,22.728104],[120.405823,22.728248],[120.405804,22.728357],[120.405737,22.728901],[120.40574,22.728919],[120.405988,22.728919],[120.406057,22.728927],[120.406127,22.728941],[120.406178,22.728957],[120.40623,22.728983],[120.406271,22.729008],[120.406328,22.729056],[120.406536,22.72876],[120.40647,22.728683],[120.406676,22.728511],[120.406736,22.728579],[120.406999,22.728451],[120.406999,22.728414],[120.407361,22.728491]]]}},{"type":"Feature","properties":{"id":"2406cd758f4d","name":"高雄市楠梓區援中國民小學","level":"國小","basis":"both","data_ym":"201509"},"geometry":{"type":"Polygon","coordinates":[[[120.278171,22.729306],[120.278367,22.729101],[120.278404,22.729137],[120.278447,22.729109],[120.27858,22.728964],[120.278867,22.728577],[120.279035,22.728331],[120.279032,22.728315],[120.278539,22.727978],[120.27839,22.727847],[120.278398,22.727839],[120.278094,22.727625],[120.277634,22.727947],[120.277195,22.728269],[120.277757,22.728848],[120.27769,22.728924],[120.278171,22.729306]]]}},{"type":"Feature","properties":{"id":"bfce64d4de5c","name":"高雄市立中山高級中學","level":"高中職","basis":"both","data_ym":"202311"},"geometry":{"type":"Polygon","coordinates":[[[120.29459,22.728624],[120.294372,22.726968],[120.29436,22.726943],[120.294337,22.726932],[120.29431,22.726922],[120.293693,22.727028],[120.292943,22.7274],[120.292777,22.727497],[120.292775,22.727415],[120.291971,22.72763],[120.292011,22.727854],[120.291994,22.727864],[120.292045,22.728241],[120.292066,22.728449],[120.29209,22.728448],[120.292125,22.728712],[120.292113,22.728725],[120.292237,22.729763],[120.292247,22.729765],[120.29353,22.729632],[120.293894,22.729591],[120.294034,22.72958],[120.294662,22.7295],[120.294685,22.72948],[120.294693,22.729464],[120.29459,22.728624]]]}},{"type":"Feature","properties":{"id":"e6d45f894443","name":"高雄市立蚵寮國民中學","level":"國中","basis":"both","data_ym":"201908"},"geometry":{"type":"Polygon","coordinates":[[[120.257892,22.729698],[120.257964,22.729696],[120.257999,22.729701],[120.258005,22.72971],[120.258442,22.729693],[120.258566,22.729505],[120.258781,22.729504],[120.259603,22.729528],[120.259685,22.729236],[120.259812,22.728854],[120.259988,22.728449],[120.26005,22.728273],[120.260115,22.727973],[120.260142,22.727873],[120.26022,22.727649],[120.260259,22.727439],[120.259817,22.727146],[120.25871,22.72849],[120.258723,22.728502],[120.25868,22.728554],[120.258702,22.728568],[120.25851,22.728807],[120.258463,22.728778],[120.257705,22.729685],[120.257757,22.729711],[120.257802,22.729716],[120.257845,22.729711],[120.257892,22.729698]]]}},{"type":"Feature","properties":{"id":"38bec2c27e3a","name":"高雄市立大社國民中學","level":"國中","basis":"both","data_ym":"201712"},"geometry":{"type":"Polygon","coordinates":[[[120.358171,22.730514],[120.358233,22.730512],[120.358155,22.730167],[120.358115,22.730127],[120.358053,22.730085],[120.357976,22.730005],[120.357908,22.729783],[120.35789,22.729706],[120.357884,22.729618],[120.357889,22.729544],[120.357892,22.729544],[120.357881,22.729418],[120.357881,22.729323],[120.357853,22.729323],[120.357864,22.729219],[120.357958,22.72915],[120.357918,22.729112],[120.357879,22.729044],[120.357838,22.728958],[120.357817,22.728926],[120.357025,22.728927],[120.356999,22.728932],[120.35697,22.728945],[120.356917,22.729025],[120.356886,22.729043],[120.356097,22.729032],[120.355503,22.729013],[120.355495,22.729229],[120.355465,22.729249],[120.355458,22.729869],[120.355463,22.729869],[120.355458,22.730364],[120.355433,22.730364],[120.35543,22.730776],[120.355521,22.730771],[120.356696,22.730654],[120.357298,22.730589],[120.358171,22.730514]]]}},{"type":"Feature","properties":{"id":"f59d1106a5d7","name":"高雄市立翠屏國民中小學","level":"國中","basis":"moe","data_ym":"202509"},"geometry":{"type":"Polygon","coordinates":[[[120.300517,22.728773],[120.30054,22.728499],[120.298688,22.72788],[120.298543,22.727854],[120.298475,22.729318],[120.298481,22.729361],[120.298501,22.729405],[120.29853,22.729446],[120.298645,22.729581],[120.298672,22.729621],[120.298693,22.729701],[120.298691,22.729835],[120.29863,22.730497],[120.298749,22.730644],[120.298948,22.730878],[120.299014,22.730966],[120.299164,22.731139],[120.299233,22.7312],[120.299321,22.731265],[120.2994,22.731294],[120.299439,22.731287],[120.299487,22.731269],[120.299532,22.731242],[120.299571,22.731191],[120.299589,22.731125],[120.299611,22.730756],[120.299649,22.730289],[120.299658,22.73021],[120.299677,22.730111],[120.299758,22.7298],[120.29981,22.729664],[120.299934,22.729393],[120.300074,22.729152],[120.300131,22.729073],[120.300174,22.729023],[120.300267,22.728935],[120.300363,22.72886],[120.300445,22.728808],[120.300517,22.728773]]]}},{"type":"Feature","properties":{"id":"2896cc2ec424","name":"高雄市大社區大社國民小學","level":"國小","basis":"both","data_ym":"201711"},"geometry":{"type":"Polygon","coordinates":[[[120.346334,22.731777],[120.34668,22.731734],[120.346683,22.731753],[120.346992,22.731724],[120.34693,22.731539],[120.346909,22.731545],[120.346883,22.731479],[120.346794,22.731222],[120.346785,22.731158],[120.346727,22.730977],[120.346707,22.730983],[120.346653,22.730815],[120.346672,22.730809],[120.34656,22.730485],[120.346508,22.730356],[120.346491,22.730361],[120.346414,22.730149],[120.3464,22.730153],[120.346378,22.730072],[120.346326,22.729958],[120.346298,22.729885],[120.346172,22.729923],[120.346134,22.729906],[120.345644,22.730065],[120.34564,22.730054],[120.345579,22.730074],[120.345587,22.730097],[120.344907,22.730309],[120.345047,22.730687],[120.345296,22.731399],[120.345468,22.731981],[120.345651,22.731936],[120.345686,22.731924],[120.345918,22.731888],[120.345955,22.73187],[120.346111,22.731839],[120.346243,22.731806],[120.346335,22.731793],[120.346334,22.731777]]]}},{"type":"Feature","properties":{"id":"b0753bc04b1a","name":"高雄市梓官區蚵寮國民小學","level":"國小","basis":"both","data_ym":"202107"},"geometry":{"type":"Polygon","coordinates":[[[120.249468,22.734056],[120.24954,22.73392],[120.249556,22.733922],[120.24959,22.73386],[120.249597,22.733834],[120.249709,22.733633],[120.24978,22.733606],[120.249348,22.733367],[120.249317,22.733413],[120.249201,22.733343],[120.249231,22.733296],[120.249004,22.733153],[120.24876,22.733011],[120.248708,22.732973],[120.248696,22.732965],[120.248694,22.732969],[120.24864,22.732935],[120.248641,22.732933],[120.248308,22.732735],[120.248177,22.732648],[120.248093,22.732601],[120.248075,22.732626],[120.248066,22.732653],[120.247954,22.732831],[120.247927,22.73282],[120.247821,22.733037],[120.247778,22.733259],[120.247782,22.733269],[120.248017,22.733413],[120.248429,22.733638],[120.248581,22.733711],[120.248813,22.733833],[120.249418,22.734138],[120.249426,22.734112],[120.249461,22.73408],[120.249468,22.734056]]]}},{"type":"Feature","properties":{"id":"75a7ef8984e5","name":"國立高雄大學","level":"大專","basis":"both","data_ym":"201908"},"geometry":{"type":"Polygon","coordinates":[[[120.289718,22.736566],[120.289758,22.736563],[120.289779,22.736575],[120.289792,22.736597],[120.289888,22.736706],[120.289949,22.736747],[120.290044,22.736781],[120.290083,22.736788],[120.290128,22.736785],[120.290157,22.73677],[120.290184,22.736746],[120.290192,22.736691],[120.290294,22.734717],[120.290374,22.733277],[120.290407,22.733281],[120.29042,22.733288],[120.290435,22.733303],[120.290446,22.733161],[120.290463,22.732653],[120.290456,22.732609],[120.290448,22.732585],[120.290427,22.732562],[120.290364,22.732553],[120.28854,22.732499],[120.287565,22.732452],[120.286209,22.732374],[120.282282,22.732191],[120.282114,22.732176],[120.28201,22.732157],[120.281849,22.732119],[120.281538,22.732029],[120.281404,22.731978],[120.281239,22.731906],[120.281118,22.731846],[120.280864,22.731693],[120.28074,22.731612],[120.280664,22.731552],[120.280428,22.731386],[120.279665,22.730892],[120.278575,22.730204],[120.27816,22.729947],[120.278131,22.729934],[120.278119,22.729934],[120.278085,22.729959],[120.277979,22.730084],[120.277923,22.730049],[120.277907,22.730047],[120.277884,22.730054],[120.276224,22.732279],[120.275351,22.733485],[120.276443,22.733624],[120.276495,22.733635],[120.276504,22.733644],[120.277059,22.73532],[120.277331,22.736158],[120.277793,22.737515],[120.27781,22.737525],[120.277822,22.737525],[120.278376,22.737368],[120.279756,22.736987],[120.282199,22.736296],[120.282944,22.736089],[120.283053,22.736101],[120.283253,22.736177],[120.285136,22.735643],[120.285174,22.735646],[120.285214,22.735661],[120.285242,22.735694],[120.285279,22.735815],[120.285851,22.73753],[120.285871,22.73755],[120.285927,22.737572],[120.285957,22.737571],[120.287846,22.737031],[120.288861,22.736736],[120.289718,22.736566]]]}},{"type":"Feature","properties":{"id":"52a92fb3f317","name":"高雄市大樹區興田國民小學","level":"國小","basis":"both","data_ym":"201509"},"geometry":{"type":"Polygon","coordinates":[[[120.446272,22.740525],[120.446233,22.740226],[120.445998,22.740346],[120.445771,22.740396],[120.445598,22.74041],[120.445553,22.740423],[120.445512,22.740462],[120.445506,22.740481],[120.445508,22.740499],[120.445539,22.74068],[120.445561,22.740874],[120.445573,22.740937],[120.445597,22.740995],[120.445621,22.741023],[120.44565,22.741047],[120.445737,22.74111],[120.446124,22.74106],[120.446121,22.741017],[120.44628,22.740998],[120.446214,22.740527],[120.446272,22.740525]]]}},{"type":"Feature","properties":{"id":"14b649ae5f69","name":"高雄市立楠梓高級中學","level":"高中職","basis":"both","data_ym":"201509"},"geometry":{"type":"Polygon","coordinates":[[[120.334111,22.74162],[120.334095,22.741612],[120.333993,22.74166],[120.330708,22.743325],[120.330702,22.74334],[120.330702,22.743356],[120.331571,22.744926],[120.331584,22.744933],[120.331601,22.744936],[120.331758,22.744842],[120.331803,22.744827],[120.331842,22.74482],[120.332229,22.744801],[120.332276,22.744795],[120.332296,22.744783],[120.332593,22.744171],[120.333069,22.743175],[120.33314,22.743037],[120.333154,22.743017],[120.333176,22.742992],[120.333239,22.742947],[120.333906,22.742527],[120.33412,22.742383],[120.334126,22.742371],[120.334127,22.742343],[120.334114,22.74219],[120.334113,22.742125],[120.334116,22.742063],[120.334141,22.741842],[120.334133,22.741677],[120.334123,22.741637],[120.334111,22.74162]]]}},{"type":"Feature","properties":{"id":"67afd83dc541","name":"育英醫護管理專科學校大社校區(預定地)","level":"其他","basis":"none","data_ym":"202509"},"geometry":{"type":"Polygon","coordinates":[[[120.37704,22.747823],[120.377271,22.747813],[120.377424,22.747845],[120.377596,22.747783],[120.377943,22.747453],[120.377904,22.747416],[120.378016,22.747365],[120.37768,22.746262],[120.377661,22.746268],[120.377612,22.746317],[120.377597,22.746322],[120.377562,22.746321],[120.377521,22.746299],[120.377485,22.74623],[120.377445,22.746105],[120.377427,22.746072],[120.377405,22.746042],[120.377377,22.746019],[120.377336,22.745994],[120.377249,22.745961],[120.377209,22.745941],[120.377156,22.745901],[120.377116,22.745844],[120.377075,22.745744],[120.377054,22.745706],[120.377019,22.745661],[120.376985,22.745632],[120.376952,22.745613],[120.376916,22.745599],[120.376789,22.74558],[120.376697,22.745551],[120.376674,22.745539],[120.376532,22.74544],[120.37643,22.745396],[120.376371,22.745366],[120.376258,22.745287],[120.376216,22.745264],[120.376181,22.745256],[120.376142,22.745254],[120.376116,22.745257],[120.37607,22.74527],[120.376018,22.745294],[120.375971,22.745326],[120.375947,22.74535],[120.375929,22.745382],[120.375922,22.74541],[120.375914,22.74562],[120.375906,22.745673],[120.375882,22.745722],[120.375832,22.745773],[120.375792,22.745798],[120.375745,22.745809],[120.375683,22.745811],[120.375498,22.745804],[120.375433,22.74581],[120.375387,22.74583],[120.37536,22.745855],[120.375332,22.745903],[120.375326,22.745932],[120.375325,22.745959],[120.375342,22.746021],[120.375392,22.746159],[120.375633,22.746775],[120.375655,22.746813],[120.375674,22.746834],[120.375714,22.746868],[120.37572,22.746884],[120.375727,22.746936],[120.375726,22.746954],[120.375719,22.746971],[120.375796,22.746961],[120.375816,22.746979],[120.375836,22.746985],[120.375898,22.747136],[120.376008,22.747188],[120.376099,22.747427],[120.376259,22.74761],[120.376248,22.747674],[120.376287,22.747994],[120.376582,22.748085],[120.376599,22.748147],[120.376764,22.748172],[120.376882,22.748172],[120.376886,22.748029],[120.376854,22.747913],[120.37704,22.747823]]]}},{"type":"Feature","properties":{"id":"448be66841f1","name":"高雄市大社區嘉誠國民小學","level":"國小","basis":"both","data_ym":"201208"},"geometry":{"type":"Polygon","coordinates":[[[120.380749,22.748164],[120.38035,22.74746],[120.379379,22.747965],[120.37931,22.74801],[120.379308,22.748047],[120.379356,22.748199],[120.379508,22.748833],[120.379548,22.748919],[120.379582,22.748963],[120.379643,22.748992],[120.380141,22.749101],[120.380315,22.749153],[120.380499,22.749219],[120.380542,22.749227],[120.380557,22.749225],[120.380585,22.749202],[120.380655,22.749112],[120.380785,22.748919],[120.380928,22.748671],[120.38094,22.748606],[120.380967,22.748563],[120.380749,22.748164]]]}},{"type":"Feature","properties":{"id":"23be35a714e9","name":"高雄市橋頭區興糖國民小學","level":"國小","basis":"both","data_ym":"201208"},"geometry":{"type":"Polygon","coordinates":[[[120.317122,22.751011],[120.317319,22.750706],[120.318022,22.751135],[120.318044,22.751115],[120.318584,22.750246],[120.318603,22.75022],[120.318669,22.750165],[120.318684,22.750145],[120.318693,22.750122],[120.318687,22.750103],[120.318679,22.750094],[120.31864,22.750074],[120.318557,22.750039],[120.31853,22.750024],[120.317993,22.749564],[120.317757,22.749371],[120.316651,22.750484],[120.316612,22.75046],[120.316489,22.750627],[120.316587,22.750697],[120.317122,22.751011]]]}},{"type":"Feature","properties":{"id":"8573dd2e1042","name":"高雄市橋頭區仕隆國民小學","level":"國小","basis":"both","data_ym":"202310"},"geometry":{"type":"Polygon","coordinates":[[[120.310834,22.751369],[120.31123,22.751872],[120.311299,22.751901],[120.311367,22.751863],[120.311471,22.752004],[120.311623,22.752172],[120.311644,22.752129],[120.311677,22.752082],[120.311709,22.752047],[120.311759,22.752004],[120.311917,22.751897],[120.312049,22.751792],[120.312272,22.751557],[120.312168,22.751397],[120.311904,22.751026],[120.311236,22.750113],[120.311226,22.750106],[120.311159,22.750098],[120.311144,22.750087],[120.311133,22.750054],[120.311123,22.750039],[120.311115,22.750036],[120.310773,22.750216],[120.310692,22.750269],[120.310565,22.750359],[120.310372,22.750512],[120.310134,22.750688],[120.310268,22.750913],[120.310288,22.750953],[120.310548,22.751186],[120.310597,22.751209],[120.310626,22.751176],[120.310739,22.751276],[120.310834,22.751369]]]}},{"type":"Feature","properties":{"id":"9a3dadbc4d5e","name":"高雄市燕巢區鳳雄國民小學","level":"國小","basis":"both","data_ym":"201711"},"geometry":{"type":"Polygon","coordinates":[[[120.358656,22.751754],[120.358634,22.751749],[120.358051,22.751828],[120.35765,22.751887],[120.357674,22.752251],[120.357659,22.752252],[120.357682,22.752448],[120.357828,22.753481],[120.358426,22.75342],[120.358618,22.753378],[120.358806,22.753326],[120.358786,22.75305],[120.358672,22.751787],[120.358656,22.751754]]]}},{"type":"Feature","properties":{"id":"52b96d55f973","name":"國立高雄科技大學第一校區","level":"大專","basis":"branch","data_ym":"202509"},"geometry":{"type":"Polygon","coordinates":[[[120.341546,22.758865],[120.341533,22.758607],[120.341539,22.758541],[120.341562,22.758489],[120.34162,22.75843],[120.34172,22.758367],[120.341687,22.758314],[120.341678,22.758273],[120.341723,22.758121],[120.341731,22.757867],[120.341729,22.757733],[120.341692,22.757532],[120.341651,22.757384],[120.341619,22.757331],[120.341592,22.757303],[120.341562,22.757284],[120.34153,22.757274],[120.341495,22.757272],[120.341465,22.757278],[120.341437,22.757293],[120.341378,22.757346],[120.341317,22.757384],[120.341162,22.757446],[120.341056,22.757455],[120.340975,22.75745],[120.340912,22.757435],[120.340853,22.757406],[120.340792,22.757365],[120.340743,22.757308],[120.340712,22.757246],[120.340703,22.757168],[120.340702,22.757099],[120.340716,22.757019],[120.340731,22.75698],[120.340732,22.756968],[120.340713,22.756753],[120.340717,22.756685],[120.340708,22.756638],[120.340685,22.756607],[120.340622,22.756545],[120.340363,22.756305],[120.339769,22.75571],[120.339645,22.755605],[120.339551,22.755531],[120.33922,22.755347],[120.338926,22.755192],[120.33879,22.75513],[120.338727,22.755113],[120.33836,22.755065],[120.33819,22.755056],[120.338007,22.75507],[120.337926,22.755088],[120.337846,22.755142],[120.337699,22.755286],[120.337552,22.755504],[120.337496,22.755558],[120.337415,22.755591],[120.337283,22.755656],[120.337239,22.755682],[120.337159,22.755718],[120.337045,22.755758],[120.336953,22.755784],[120.336845,22.755799],[120.336793,22.755799],[120.336743,22.755793],[120.336547,22.755716],[120.336348,22.755604],[120.336182,22.755461],[120.336104,22.755278],[120.336066,22.755004],[120.336008,22.754444],[120.335998,22.754112],[120.33597,22.753766],[120.335567,22.753273],[120.335339,22.752989],[120.335203,22.752811],[120.334965,22.752862],[120.33482,22.752876],[120.334715,22.752881],[120.334527,22.752866],[120.334246,22.752822],[120.333822,22.75467],[120.333766,22.754858],[120.332814,22.757833],[120.332829,22.75797],[120.333725,22.75831],[120.334136,22.75838],[120.334682,22.758481],[120.335782,22.758632],[120.335975,22.758656],[120.336,22.758654],[120.33619,22.758677],[120.336444,22.758702],[120.336472,22.758721],[120.336499,22.75873],[120.340305,22.759292],[120.340725,22.759345],[120.340908,22.759355],[120.34102,22.759351],[120.341163,22.759335],[120.341276,22.759317],[120.341553,22.75924],[120.34173,22.759181],[120.341666,22.75908],[120.341596,22.758947],[120.341546,22.758865]]]}},{"type":"Feature","properties":{"id":"d1f98c7f5a56","name":"高雄市立橋頭國民中學","level":"國中","basis":"both","data_ym":"201712"},"geometry":{"type":"Polygon","coordinates":[[[120.308025,22.75931],[120.307534,22.759075],[120.307485,22.759087],[120.307263,22.758991],[120.30727,22.758976],[120.306596,22.758686],[120.306541,22.758814],[120.306274,22.759283],[120.306106,22.7595],[120.3061,22.759532],[120.306002,22.759682],[120.305873,22.759914],[120.305598,22.760427],[120.305593,22.760443],[120.305599,22.760474],[120.306083,22.760684],[120.306817,22.760994],[120.306979,22.761075],[120.307929,22.761477],[120.308323,22.760659],[120.307527,22.760304],[120.308025,22.75931]]]}},{"type":"Feature","properties":{"id":"03436679d840","name":"高雄市美濃區吉東國民小學","level":"國小","basis":"both","data_ym":"201509"},"geometry":{"type":"Polygon","coordinates":[[[120.546514,22.853042],[120.54642,22.852862],[120.544992,22.853451],[120.545474,22.854429],[120.546083,22.854158],[120.546551,22.853965],[120.546971,22.853781],[120.546737,22.853403],[120.54671,22.853397],[120.546675,22.853364],[120.546638,22.853305],[120.546645,22.853248],[120.546514,22.853042]]]}},{"type":"Feature","properties":{"id":"2c361befd2be","name":"高雄市美濃區吉洋國民小學","level":"國小","basis":"both","data_ym":"201509"},"geometry":{"type":"Polygon","coordinates":[[[120.522242,22.860723],[120.522199,22.860509],[120.521013,22.860656],[120.520094,22.860834],[120.520106,22.8609],[120.520194,22.861284],[120.520268,22.861636],[120.520319,22.861858],[120.521679,22.861618],[120.522378,22.8615],[120.522264,22.860947],[120.522254,22.860897],[120.522258,22.860881],[120.522254,22.860862],[120.522244,22.860857],[120.522242,22.860723]]]}},{"type":"Feature","properties":{"id":"4c232d9742d2","name":"高雄市美濃區龍山國民小學","level":"國小","basis":"both","data_ym":"201711"},"geometry":{"type":"Polygon","coordinates":[[[120.556721,22.865067],[120.55712,22.864808],[120.557224,22.864851],[120.55752,22.864648],[120.557204,22.863574],[120.557167,22.863472],[120.556987,22.863605],[120.556762,22.863744],[120.556501,22.86393],[120.556399,22.863991],[120.555825,22.864139],[120.555817,22.864364],[120.555829,22.864497],[120.555843,22.864591],[120.555691,22.864612],[120.555911,22.864811],[120.556048,22.864908],[120.556109,22.864933],[120.556562,22.865037],[120.556721,22.865067]]]}},{"type":"Feature","properties":{"id":"728ba96e7e47","name":"高雄市立南隆國民中學","level":"國中","basis":"both","data_ym":"202311"},"geometry":{"type":"Polygon","coordinates":[[[120.535307,22.86569],[120.535217,22.865432],[120.535143,22.865453],[120.534915,22.865544],[120.534904,22.86552],[120.53472,22.865225],[120.534324,22.865347],[120.533805,22.865519],[120.533653,22.865595],[120.533656,22.865607],[120.533611,22.865629],[120.533609,22.865621],[120.533598,22.865627],[120.533597,22.865624],[120.533501,22.865672],[120.533199,22.865867],[120.533043,22.865984],[120.533409,22.866676],[120.533423,22.866719],[120.533463,22.866989],[120.53346,22.866994],[120.5335,22.867101],[120.533665,22.867042],[120.53401,22.866905],[120.534156,22.866837],[120.534144,22.866816],[120.534153,22.866809],[120.534445,22.866632],[120.535319,22.866117],[120.535096,22.865799],[120.535238,22.86572],[120.535307,22.86569]]]}},{"type":"Feature","properties":{"id":"83d6c2eb632c","name":"高雄市立龍肚國民中學","level":"國中","basis":"both","data_ym":"201410"},"geometry":{"type":"Polygon","coordinates":[[[120.572039,22.879274],[120.571497,22.877222],[120.571162,22.877504],[120.570974,22.877655],[120.570564,22.87797],[120.570654,22.878299],[120.570622,22.87831],[120.570432,22.878399],[120.570922,22.879514],[120.570935,22.879521],[120.572039,22.879274]]]}},{"type":"Feature","properties":{"id":"57acf527df01","name":"高雄市美濃區中壇國民小學","level":"國小","basis":"both","data_ym":"201208"},"geometry":{"type":"Polygon","coordinates":[[[120.530553,22.884703],[120.531019,22.884667],[120.531043,22.884632],[120.531738,22.884562],[120.531599,22.883225],[120.531582,22.883226],[120.53158,22.883235],[120.530235,22.883331],[120.530222,22.883341],[120.530307,22.884401],[120.5305,22.884389],[120.53052,22.884684],[120.530551,22.884682],[120.530553,22.884703]]]}},{"type":"Feature","properties":{"id":"b55a13c589f9","name":"高雄市立茂林國民中學","level":"國中","basis":"both","data_ym":"201707"},"geometry":{"type":"Polygon","coordinates":[[[120.664433,22.88531],[120.664239,22.884468],[120.664116,22.884462],[120.663939,22.884484],[120.663765,22.884543],[120.663533,22.884647],[120.663449,22.88472],[120.663413,22.884765],[120.663401,22.884794],[120.663399,22.88484],[120.663413,22.884885],[120.663449,22.884971],[120.663515,22.885084],[120.663553,22.885071],[120.663576,22.885123],[120.663545,22.885139],[120.66362,22.885294],[120.663707,22.885271],[120.663797,22.885159],[120.664168,22.885347],[120.664348,22.885362],[120.664433,22.88531]]]}},{"type":"Feature","properties":{"id":"0cbe7e97fd51","name":"高雄市私立旗美高級商工職業學校","level":"高中職","basis":"name","data_ym":"201509"},"geometry":{"type":"Polygon","coordinates":[[[120.518772,22.885123],[120.519577,22.884937],[120.519573,22.884885],[120.519713,22.88487],[120.519726,22.884915],[120.520071,22.884908],[120.520423,22.884889],[120.520708,22.884835],[120.520878,22.884825],[120.520874,22.884791],[120.520899,22.884789],[120.520945,22.884673],[120.521126,22.884163],[120.521,22.884102],[120.520536,22.883832],[120.520499,22.883804],[120.520469,22.88376],[120.520304,22.883696],[120.520091,22.883572],[120.519924,22.883518],[120.519361,22.88341],[120.519303,22.883449],[120.519207,22.88346],[120.519052,22.884059],[120.518964,22.884374],[120.518772,22.885123]]]}},{"type":"Feature","properties":{"id":"a58beede0706","name":"高雄市茂林區茂林國民小學","level":"國小","basis":"both","data_ym":"201509"},"geometry":{"type":"Polygon","coordinates":[[[120.664799,22.885668],[120.664604,22.885586],[120.664259,22.885629],[120.663999,22.886008],[120.664045,22.886032],[120.664026,22.886054],[120.663888,22.886171],[120.663983,22.88622],[120.664056,22.886248],[120.664417,22.886335],[120.664606,22.886398],[120.664681,22.886009],[120.664745,22.885984],[120.664799,22.885668]]]}},{"type":"Feature","properties":{"id":"d655b34fe1a2","name":"高雄市美濃區龍肚國民小學","level":"國小","basis":"both","data_ym":"202311"},"geometry":{"type":"Polygon","coordinates":[[[120.579443,22.886433],[120.580056,22.886334],[120.580126,22.886341],[120.580484,22.886307],[120.580828,22.886247],[120.581115,22.88623],[120.581109,22.885938],[120.58113,22.885296],[120.580655,22.885318],[120.580405,22.885263],[120.580151,22.885225],[120.580096,22.885224],[120.58,22.885235],[120.579772,22.885288],[120.579252,22.885436],[120.579261,22.885493],[120.579271,22.885497],[120.57932,22.885772],[120.579335,22.885769],[120.579342,22.885803],[120.579326,22.885806],[120.579443,22.886433]]]}},{"type":"Feature","properties":{"id":"538d4a516ef4","name":"高雄市立美濃國民中學","level":"國中","basis":"both","data_ym":"201410"},"geometry":{"type":"Polygon","coordinates":[[[120.544642,22.895201],[120.544484,22.894466],[120.54442,22.894095],[120.54444,22.894095],[120.544416,22.893885],[120.544392,22.893886],[120.54409,22.89264],[120.543681,22.892572],[120.543483,22.892525],[120.543322,22.892475],[120.543155,22.892454],[120.542978,22.892448],[120.542784,22.892462],[120.542352,22.892546],[120.542199,22.892619],[120.54206,22.892733],[120.541969,22.892924],[120.541907,22.893145],[120.541853,22.893428],[120.541835,22.893495],[120.542289,22.893897],[120.542327,22.893883],[120.543062,22.894526],[120.543138,22.894514],[120.543174,22.894628],[120.543317,22.894759],[120.543573,22.894981],[120.543696,22.895106],[120.543741,22.895165],[120.543802,22.89526],[120.543825,22.895309],[120.543878,22.895444],[120.54391,22.895549],[120.543959,22.895548],[120.544642,22.895201]]]}},{"type":"Feature","properties":{"id":"8b7d86e9c680","name":"高雄市美濃區福安國民小學","level":"國小","basis":"both","data_ym":"201801"},"geometry":{"type":"Polygon","coordinates":[[[120.520066,22.898709],[120.520269,22.897784],[120.52011,22.897757],[120.520177,22.897415],[120.519946,22.89728],[120.519933,22.897296],[120.519889,22.897311],[120.519351,22.897281],[120.519349,22.897269],[120.518574,22.897241],[120.518622,22.897615],[120.518695,22.89835],[120.518716,22.898489],[120.518737,22.898501],[120.519109,22.898565],[120.519134,22.898569],[120.519149,22.898559],[120.520021,22.898732],[120.520039,22.898733],[120.520051,22.898729],[120.520066,22.898709]]]}},{"type":"Feature","properties":{"id":"25d673a02f63","name":"高雄市六龜區新威國民小學","level":"國小","basis":"name","data_ym":"201906"},"geometry":{"type":"Polygon","coordinates":[[[120.626756,22.897005],[120.626586,22.896796],[120.626342,22.896899],[120.626518,22.897241],[120.626506,22.897247],[120.62682,22.897758],[120.626838,22.897795],[120.626934,22.89804],[120.627024,22.898294],[120.627091,22.89855],[120.627246,22.899104],[120.627369,22.899056],[120.627592,22.898924],[120.627795,22.898784],[120.627986,22.898641],[120.627681,22.89812],[120.627417,22.897692],[120.627288,22.897508],[120.627118,22.897342],[120.626992,22.897236],[120.626826,22.897084],[120.626756,22.897005]]]}},{"type":"Feature","properties":{"id":"da23b82daf90","name":"高雄市美濃區東門國民小學","level":"國小","basis":"both","data_ym":"201801"},"geometry":{"type":"Polygon","coordinates":[[[120.553766,22.90062],[120.553717,22.900331],[120.553675,22.900031],[120.554119,22.899986],[120.55403,22.899407],[120.553965,22.898928],[120.552819,22.899093],[120.552939,22.89996],[120.553028,22.900558],[120.553146,22.900552],[120.553324,22.900554],[120.553318,22.900508],[120.553632,22.900467],[120.55363,22.90057],[120.553766,22.90062]]]}},{"type":"Feature","properties":{"id":"b01cd3345e83","name":"高雄市美濃區美濃國民小學","level":"國小","basis":"both","data_ym":"202310"},"geometry":{"type":"Polygon","coordinates":[[[120.543232,22.900795],[120.543308,22.900784],[120.543438,22.900797],[120.543621,22.90077],[120.543635,22.900764],[120.543652,22.90047],[120.543668,22.900325],[120.543694,22.899963],[120.543727,22.899822],[120.543726,22.89979],[120.543749,22.899596],[120.54374,22.899413],[120.543727,22.899405],[120.543397,22.899498],[120.543325,22.899581],[120.543182,22.899558],[120.543134,22.899572],[120.543142,22.899592],[120.542858,22.899679],[120.542841,22.899708],[120.542793,22.899722],[120.542778,22.899714],[120.542612,22.899748],[120.542614,22.899761],[120.54254,22.9004],[120.542488,22.900781],[120.543127,22.900821],[120.543114,22.900798],[120.543232,22.900795]]]}},{"type":"Feature","properties":{"id":"b36e9c40c745","name":"高雄市美濃區廣興國民小學","level":"國小","basis":"both","data_ym":"201208"},"geometry":{"type":"Polygon","coordinates":[[[120.568225,22.917249],[120.567114,22.917046],[120.567073,22.917961],[120.567012,22.918662],[120.568101,22.918719],[120.56813,22.918129],[120.568115,22.918071],[120.568093,22.917928],[120.568104,22.917819],[120.568147,22.917727],[120.568175,22.917652],[120.568225,22.917249]]]}},{"type":"Feature","properties":{"id":"7936a2617964","name":"國立陽明交通大學高雄校區","level":"大專","basis":"branch","data_ym":"202504"},"geometry":{"type":"Polygon","coordinates":[[[120.299692,22.676938],[120.299659,22.676941],[120.299639,22.67695],[120.299001,22.677399],[120.299021,22.677423],[120.298316,22.677923],[120.298717,22.67837],[120.298728,22.678392],[120.298879,22.678364],[120.299204,22.678271],[120.29979,22.678062],[120.300294,22.677819],[120.300378,22.677752],[120.30038,22.677738],[120.300376,22.677726],[120.300295,22.677637],[120.300092,22.677383],[120.299745,22.676963],[120.299713,22.676943],[120.299692,22.676938]]]}},{"type":"Feature","properties":{"id":"1f7e2658170a","name":"高雄市立甲仙國民中學","level":"國中","basis":"both","data_ym":"202509"},"geometry":{"type":"Polygon","coordinates":[[[120.591383,23.081473],[120.591569,23.081468],[120.59163,23.081474],[120.591641,23.081468],[120.591652,23.081347],[120.592389,23.081391],[120.592399,23.08138],[120.592404,23.08133],[120.5925,23.081324],[120.592523,23.081326],[120.592485,23.081216],[120.592465,23.081125],[120.592484,23.081107],[120.592325,23.080964],[120.592239,23.080865],[120.592141,23.080725],[120.59213,23.08071],[120.592143,23.080614],[120.592137,23.080601],[120.592088,23.080542],[120.591954,23.080494],[120.591696,23.080472],[120.591375,23.080452],[120.591378,23.080413],[120.59123,23.080407],[120.591228,23.080438],[120.590717,23.080427],[120.590673,23.080429],[120.590617,23.080445],[120.590563,23.080475],[120.590518,23.080512],[120.590404,23.0807],[120.590294,23.080807],[120.590166,23.080897],[120.590122,23.08091],[120.590101,23.08091],[120.590111,23.081003],[120.59013,23.081078],[120.590121,23.081162],[120.590019,23.081311],[120.590063,23.081365],[120.590108,23.081457],[120.590157,23.081589],[120.590214,23.081669],[120.590378,23.081655],[120.590512,23.081659],[120.590526,23.08159],[120.590522,23.081507],[120.590594,23.081417],[120.590618,23.081411],[120.590727,23.081445],[120.590684,23.081556],[120.590762,23.081557],[120.590873,23.081531],[120.59121,23.08147],[120.591383,23.081473]]]}},{"type":"Feature","properties":{"id":"bc6886c6d7d8","name":"樹人醫護管理專科學校湖內校區","level":"大專","basis":"branch","data_ym":"202508"},"geometry":{"type":"Polygon","coordinates":[[[120.250696,22.873802],[120.251246,22.873735],[120.251248,22.873699],[120.251235,22.873652],[120.251252,22.873648],[120.251254,22.873606],[120.251599,22.87354],[120.251631,22.873538],[120.25163,22.873518],[120.251586,22.873445],[120.251132,22.873251],[120.251021,22.873138],[120.250911,22.873073],[120.250779,22.872953],[120.250768,22.872927],[120.250684,22.872821],[120.250639,22.872702],[120.250433,22.872612],[120.250389,22.872613],[120.25033,22.872623],[120.25008,22.872529],[120.250024,22.872511],[120.24973,22.872436],[120.249524,22.87252],[120.249465,22.872638],[120.249455,22.872729],[120.249002,22.872823],[120.248984,22.872806],[120.248848,22.87327],[120.248798,22.873411],[120.248688,22.873808],[120.248733,22.873815],[120.248925,22.87382],[120.248973,22.873849],[120.249594,22.873837],[120.25034,22.873747],[120.250611,22.87377],[120.250627,22.873779],[120.250589,22.87383],[120.25065,22.87387],[120.250696,22.873802]]]}},{"type":"Feature","properties":{"id":"7ffd6f09730c","name":"樹德科技大學1","level":"大專","basis":"both","data_ym":"202506"},"geometry":{"type":"Polygon","coordinates":[[[120.373603,22.766001],[120.374093,22.765399],[120.374139,22.765328],[120.374153,22.765178],[120.374151,22.764956],[120.374199,22.764881],[120.374267,22.764921],[120.374299,22.764933],[120.374357,22.76494],[120.37443,22.764932],[120.374476,22.764918],[120.374533,22.764883],[120.374492,22.764849],[120.374517,22.764837],[120.37457,22.7648],[120.374577,22.76479],[120.374556,22.764777],[120.374531,22.764794],[120.374444,22.764744],[120.374462,22.764718],[120.374331,22.764642],[120.37427,22.764614],[120.373967,22.764419],[120.37388,22.76437],[120.373884,22.764353],[120.373866,22.764337],[120.372561,22.763556],[120.372446,22.76349],[120.372435,22.763506],[120.372304,22.763429],[120.372315,22.763415],[120.371345,22.762839],[120.370407,22.764248],[120.37158,22.76496],[120.371749,22.764741],[120.372102,22.764908],[120.372281,22.765002],[120.372491,22.765036],[120.372512,22.765051],[120.372519,22.765041],[120.372576,22.76505],[120.37286,22.765142],[120.372945,22.765178],[120.373298,22.765387],[120.373313,22.765427],[120.373304,22.765447],[120.373053,22.765822],[120.373244,22.765922],[120.37325,22.765913],[120.373433,22.766024],[120.373603,22.766001]]]}},{"type":"Feature","properties":{"id":"1675ee99d0c0","name":"高雄市立燕巢國民中學","level":"國中","basis":"both","data_ym":"202506"},"geometry":{"type":"Polygon","coordinates":[[[120.363612,22.786749],[120.363647,22.786746],[120.363682,22.786753],[120.363994,22.786869],[120.364041,22.786876],[120.364083,22.786868],[120.364104,22.786861],[120.364134,22.786841],[120.364441,22.786126],[120.364645,22.785679],[120.36475,22.78547],[120.364833,22.785323],[120.364588,22.785167],[120.363454,22.784529],[120.363336,22.784685],[120.3635,22.784886],[120.363506,22.784907],[120.363489,22.784924],[120.363357,22.784922],[120.363255,22.78495],[120.363179,22.784995],[120.363128,22.785056],[120.362968,22.785278],[120.362929,22.785237],[120.362858,22.785268],[120.362821,22.785319],[120.362788,22.785345],[120.362653,22.785415],[120.362685,22.78573],[120.362694,22.785729],[120.362703,22.785842],[120.362696,22.785842],[120.362707,22.78595],[120.36244,22.785985],[120.362475,22.786485],[120.362675,22.786493],[120.36268,22.786576],[120.362683,22.786576],[120.362678,22.7867],[120.362824,22.786703],[120.362955,22.786711],[120.363011,22.786723],[120.363336,22.786858],[120.363484,22.786896],[120.363535,22.786874],[120.363612,22.786749]]]}},{"type":"Feature","properties":{"id":"94f89e132e86","name":"高雄市永安區維新國民小學","level":"國小","basis":"both","data_ym":"202506"},"geometry":{"type":"Polygon","coordinates":[[[120.246728,22.804619],[120.246757,22.804562],[120.246783,22.804538],[120.246938,22.804448],[120.247153,22.804354],[120.247292,22.80432],[120.247437,22.804306],[120.247597,22.804313],[120.247714,22.804329],[120.247957,22.80438],[120.247979,22.804381],[120.248031,22.804331],[120.248178,22.804096],[120.248189,22.804046],[120.24818,22.803998],[120.248167,22.803982],[120.247942,22.803866],[120.247865,22.803819],[120.247557,22.803548],[120.247432,22.803413],[120.247328,22.803341],[120.247261,22.803306],[120.24715,22.803276],[120.247091,22.803265],[120.246943,22.803249],[120.246831,22.803245],[120.246445,22.803247],[120.24655,22.804284],[120.246658,22.804282],[120.246697,22.80445],[120.246695,22.804606],[120.246702,22.804606],[120.246702,22.804634],[120.246695,22.804634],[120.246695,22.804663],[120.246728,22.804619]]]}},{"type":"Feature","properties":{"id":"da38081c2257","name":"高雄市永安區永安國民小學","level":"國小","basis":"both","data_ym":"202506"},"geometry":{"type":"Polygon","coordinates":[[[120.22537,22.815647],[120.225671,22.814728],[120.22567,22.81472],[120.225645,22.814675],[120.22562,22.814647],[120.225159,22.814613],[120.22517,22.81411],[120.224241,22.814102],[120.224236,22.814304],[120.224182,22.814303],[120.224177,22.814825],[120.224157,22.814978],[120.22415,22.815251],[120.224156,22.815252],[120.224154,22.815338],[120.224147,22.815338],[120.224139,22.815682],[120.224142,22.815689],[120.224262,22.815695],[120.224517,22.815697],[120.225268,22.815716],[120.225315,22.815712],[120.225333,22.815705],[120.225344,22.815693],[120.22537,22.815647]]]}},{"type":"Feature","properties":{"id":"7dbbdeccabb0","name":"高雄市立永安國民中學","level":"國中","basis":"both","data_ym":"202506"},"geometry":{"type":"Polygon","coordinates":[[[120.241221,22.82221],[120.240734,22.822178],[120.240327,22.822179],[120.240275,22.822183],[120.239834,22.822145],[120.239774,22.822544],[120.239741,22.822806],[120.23969,22.823283],[120.239823,22.823301],[120.23991,22.823319],[120.240153,22.823382],[120.2406,22.823507],[120.240829,22.82356],[120.241058,22.823594],[120.241317,22.82362],[120.241324,22.823562],[120.241311,22.823472],[120.241307,22.823376],[120.24126,22.822771],[120.241233,22.822507],[120.241221,22.82221]]]}},{"type":"Feature","properties":{"id":"9c4c3506d194","name":"高雄市路竹區一甲國民小學","level":"國小","basis":"both","data_ym":"202506"},"geometry":{"type":"Polygon","coordinates":[[[120.270235,22.875374],[120.270225,22.874862],[120.270243,22.874862],[120.270243,22.874803],[120.270242,22.874794],[120.270232,22.874794],[120.270231,22.874775],[120.270221,22.874742],[120.270234,22.874119],[120.270012,22.874129],[120.270011,22.874112],[120.26947,22.87414],[120.268942,22.874172],[120.268977,22.874584],[120.268922,22.874592],[120.268972,22.87539],[120.269037,22.875446],[120.269059,22.875458],[120.269379,22.875456],[120.26942,22.875419],[120.269471,22.875404],[120.270235,22.875374]]]}},{"type":"Feature","properties":{"id":"1cb98ca47326","name":"高雄市阿蓮區阿蓮國民小學","level":"國小","basis":"both","data_ym":"202506"},"geometry":{"type":"Polygon","coordinates":[[[120.329422,22.884372],[120.329441,22.884202],[120.329433,22.88401],[120.329473,22.884015],[120.329471,22.883983],[120.329477,22.88394],[120.329494,22.883898],[120.329525,22.883862],[120.32999,22.883641],[120.330317,22.883477],[120.330243,22.883318],[120.330264,22.883309],[120.330247,22.883272],[120.330314,22.883243],[120.330241,22.8831],[120.330268,22.883089],[120.330167,22.882862],[120.330101,22.882815],[120.330029,22.882812],[120.329897,22.882816],[120.329772,22.882827],[120.329575,22.882866],[120.329421,22.882888],[120.329149,22.882886],[120.329112,22.882876],[120.328691,22.882803],[120.328674,22.882785],[120.328363,22.882967],[120.328374,22.882981],[120.328374,22.882994],[120.328204,22.883108],[120.327983,22.883271],[120.327932,22.883342],[120.327856,22.883462],[120.327691,22.883752],[120.328281,22.883866],[120.329178,22.884009],[120.329146,22.884324],[120.329136,22.884323],[120.329136,22.884337],[120.329422,22.884372]]]}},{"type":"Feature","properties":{"id":"ca42ebda7fd0","name":"高雄市阿蓮區中路國民小學1","level":"國小","basis":"both","data_ym":"202506"},"geometry":{"type":"Polygon","coordinates":[[[120.299104,22.894384],[120.299102,22.894316],[120.298717,22.894342],[120.298717,22.894314],[120.298593,22.894328],[120.298592,22.894301],[120.298384,22.894321],[120.298373,22.894233],[120.298299,22.894216],[120.298202,22.894229],[120.298114,22.894273],[120.298096,22.894352],[120.298109,22.894458],[120.299104,22.894384]]]}},{"type":"Feature","properties":{"id":"25a43ff21966","name":"國立旗山高級農工職業學校","level":"高中職","basis":"name","data_ym":"202506"},"geometry":{"type":"Polygon","coordinates":[[[120.482649,22.903513],[120.483701,22.903195],[120.483561,22.903082],[120.483462,22.902952],[120.483394,22.902851],[120.483323,22.902684],[120.483037,22.901822],[120.482804,22.901044],[120.48277,22.900917],[120.482748,22.900923],[120.482725,22.900854],[120.482734,22.900843],[120.482656,22.900613],[120.482599,22.900461],[120.482529,22.900329],[120.482303,22.899967],[120.481525,22.900136],[120.480549,22.900374],[120.480585,22.90051],[120.480647,22.900493],[120.480664,22.900538],[120.480675,22.900592],[120.480773,22.900812],[120.480826,22.900863],[120.480891,22.900848],[120.480894,22.900853],[120.480926,22.901006],[120.480922,22.901007],[120.480979,22.901336],[120.480807,22.901388],[120.480817,22.901425],[120.480269,22.90155],[120.479312,22.901825],[120.479338,22.902031],[120.479377,22.902281],[120.479447,22.902447],[120.479489,22.902525],[120.479529,22.902574],[120.479615,22.902657],[120.479735,22.902754],[120.479884,22.902886],[120.48008,22.903081],[120.480181,22.903204],[120.480228,22.90329],[120.480261,22.903419],[120.480288,22.903711],[120.480292,22.903716],[120.480318,22.90372],[120.480368,22.903711],[120.480465,22.903677],[120.480568,22.903626],[120.481157,22.90337],[120.481205,22.903351],[120.481228,22.90335],[120.481261,22.903366],[120.481317,22.903459],[120.481447,22.903694],[120.481504,22.903783],[120.481564,22.903848],[120.48157,22.903849],[120.481783,22.903788],[120.482649,22.903513]]]}},{"type":"Feature","properties":{"id":"efb45e5304c6","name":"高雄市內門區觀亭國民小學","level":"國小","basis":"both","data_ym":"202506"},"geometry":{"type":"Polygon","coordinates":[[[120.453768,22.918017],[120.453807,22.918],[120.453889,22.918221],[120.454017,22.918131],[120.454137,22.918089],[120.454134,22.918076],[120.454401,22.917975],[120.454398,22.917954],[120.454448,22.917932],[120.454359,22.917761],[120.454516,22.917714],[120.454483,22.917681],[120.454385,22.917548],[120.45433,22.917454],[120.4543,22.917387],[120.454277,22.917316],[120.454266,22.917252],[120.454264,22.917227],[120.454275,22.917117],[120.454192,22.917116],[120.45408,22.917141],[120.453993,22.916879],[120.453959,22.916743],[120.453294,22.916955],[120.452769,22.917129],[120.452763,22.917139],[120.452766,22.917158],[120.453002,22.917798],[120.453018,22.917853],[120.453509,22.917697],[120.453522,22.9177],[120.453714,22.918271],[120.453787,22.918251],[120.453717,22.918046],[120.453768,22.918017]]]}},{"type":"Feature","properties":{"id":"010b6c01dc59","name":"高雄市立內門國民中學","level":"國中","basis":"both","data_ym":"202506"},"geometry":{"type":"Polygon","coordinates":[[[120.453449,22.922445],[120.453501,22.92241],[120.453498,22.922405],[120.454126,22.922328],[120.454125,22.922238],[120.454217,22.922068],[120.454275,22.9221],[120.454266,22.922113],[120.454301,22.92213],[120.454503,22.921871],[120.454389,22.921798],[120.454382,22.921808],[120.454363,22.921796],[120.454352,22.921812],[120.454115,22.921655],[120.453986,22.920671],[120.453851,22.920243],[120.453629,22.920312],[120.453644,22.920394],[120.453613,22.920432],[120.453166,22.920596],[120.453076,22.920645],[120.453029,22.920684],[120.45297,22.920767],[120.452944,22.920948],[120.452936,22.921176],[120.452956,22.92132],[120.452945,22.921368],[120.45292,22.921407],[120.452765,22.921493],[120.452943,22.921737],[120.453089,22.921983],[120.453146,22.922101],[120.453287,22.922322],[120.453274,22.92235],[120.453299,22.92236],[120.453311,22.922335],[120.453449,22.922393],[120.45345,22.922411],[120.453454,22.922411],[120.453433,22.922425],[120.453449,22.922445]]]}},{"type":"Feature","properties":{"id":"bc4d47d09b81","name":"義守大學醫學院區","level":"其他","basis":"none","data_ym":"202508"},"geometry":{"type":"Polygon","coordinates":[[[120.364526,22.764865],[120.364658,22.764461],[120.364307,22.76434],[120.364123,22.76429],[120.364052,22.764258],[120.364011,22.764216],[120.363973,22.764145],[120.363942,22.764077],[120.363893,22.763907],[120.363845,22.763768],[120.363802,22.763665],[120.363749,22.763591],[120.363667,22.763536],[120.363564,22.763475],[120.36356,22.763441],[120.363496,22.763321],[120.363334,22.762975],[120.363506,22.762713],[120.363351,22.762449],[120.363301,22.762497],[120.363156,22.762563],[120.363048,22.762566],[120.362921,22.762559],[120.362818,22.762527],[120.362635,22.762431],[120.362573,22.762375],[120.362491,22.76232],[120.362416,22.76229],[120.36236,22.762274],[120.362209,22.762261],[120.362012,22.762292],[120.361933,22.762325],[120.361816,22.762363],[120.361739,22.762372],[120.361627,22.762378],[120.361575,22.76239],[120.361467,22.762459],[120.3614,22.762465],[120.361293,22.762446],[120.361094,22.762481],[120.360611,22.76262],[120.360549,22.762624],[120.360506,22.762616],[120.360441,22.762589],[120.360238,22.762331],[120.360104,22.762128],[120.36001,22.76195],[120.360002,22.76194],[120.359989,22.761937],[120.35995,22.761947],[120.359921,22.762342],[120.359878,22.762722],[120.359844,22.763096],[120.359794,22.763457],[120.359804,22.763497],[120.359826,22.763524],[120.359905,22.76356],[120.360111,22.763633],[120.36133,22.763986],[120.361707,22.764086],[120.361711,22.764069],[120.361791,22.764093],[120.361969,22.764132],[120.361995,22.764152],[120.362124,22.764193],[120.362648,22.764328],[120.363515,22.764577],[120.363752,22.764644],[120.363766,22.764642],[120.363881,22.764683],[120.364435,22.764836],[120.364526,22.764865]]]}},{"type":"Feature","properties":{"id":"abd108bcbb7a","name":"高雄市內門區內門國民小學","level":"國小","basis":"both","data_ym":"202507"},"geometry":{"type":"Polygon","coordinates":[[[120.460426,22.939745],[120.46102,22.939732],[120.461215,22.939735],[120.461245,22.938871],[120.46073,22.938855],[120.460758,22.938422],[120.460506,22.938476],[120.460154,22.938756],[120.460133,22.938765],[120.459952,22.938768],[120.459942,22.938775],[120.45988,22.938864],[120.459849,22.938893],[120.459764,22.938905],[120.459803,22.939033],[120.459814,22.939125],[120.45981,22.939153],[120.459781,22.939146],[120.459773,22.939148],[120.459769,22.93916],[120.459781,22.939242],[120.459773,22.939633],[120.459913,22.939617],[120.460158,22.939633],[120.46024,22.939608],[120.460303,22.939604],[120.46044,22.939617],[120.460426,22.939745]]]}},{"type":"Feature","properties":{"id":"afbe11580a7b","name":"高雄市內門區金竹國民小學","level":"國小","basis":"both","data_ym":"202509"},"geometry":{"type":"Polygon","coordinates":[[[120.515083,23.008982],[120.514871,23.008482],[120.514272,23.008711],[120.514165,23.008768],[120.514083,23.008786],[120.514033,23.008792],[120.513819,23.008847],[120.513783,23.008863],[120.513718,23.008919],[120.513774,23.008996],[120.513853,23.009129],[120.514099,23.009521],[120.514228,23.009458],[120.514307,23.0094],[120.514343,23.009382],[120.51439,23.00934],[120.514848,23.00919],[120.515001,23.009118],[120.515031,23.009091],[120.515065,23.009034],[120.515083,23.008982]]]}},{"type":"Feature","properties":{"id":"8ec25c641e66","name":"高雄市六龜區新發國民小學","level":"國小","basis":"both","data_ym":"202509"},"geometry":{"type":"Polygon","coordinates":[[[120.662444,23.032468],[120.662655,23.032452],[120.663134,23.032453],[120.663185,23.032536],[120.663302,23.032528],[120.663329,23.032433],[120.663296,23.032245],[120.663253,23.032198],[120.663176,23.031919],[120.663291,23.031887],[120.663255,23.031751],[120.663186,23.031621],[120.661893,23.031817],[120.661967,23.032244],[120.66204,23.03223],[120.662154,23.032449],[120.662245,23.032753],[120.662355,23.032741],[120.662529,23.032631],[120.662444,23.032468]]]}},{"type":"Feature","properties":{"id":"a4c809801278","name":"高雄市桃源區建山國民小學","level":"國小","basis":"both","data_ym":"202509"},"geometry":{"type":"Polygon","coordinates":[[[120.683172,23.104784],[120.683081,23.104656],[120.682837,23.104628],[120.68271,23.104528],[120.682651,23.104581],[120.682728,23.104646],[120.682646,23.104658],[120.682627,23.104638],[120.682594,23.104665],[120.682584,23.104667],[120.682326,23.104882],[120.682163,23.104953],[120.682181,23.104987],[120.682133,23.105036],[120.68214,23.105074],[120.682336,23.105279],[120.682628,23.105536],[120.682581,23.105576],[120.682753,23.105766],[120.682857,23.105681],[120.682772,23.105557],[120.683202,23.105227],[120.683227,23.105172],[120.683223,23.105119],[120.683206,23.105076],[120.683148,23.105013],[120.683277,23.10489],[120.683172,23.104784]]]}},{"type":"Feature","properties":{"id":"2fd392830030","name":"高雄市立寶來國民中學","level":"國中","basis":"both","data_ym":"202509"},"geometry":{"type":"Polygon","coordinates":[[[120.703545,23.110349],[120.703532,23.110312],[120.703534,23.110271],[120.703636,23.110161],[120.703785,23.110115],[120.703789,23.110069],[120.704018,23.11],[120.703927,23.109963],[120.703931,23.109934],[120.703951,23.109871],[120.70397,23.109844],[120.70399,23.109826],[120.704047,23.109796],[120.704084,23.109743],[120.704186,23.109793],[120.704377,23.109697],[120.704425,23.109724],[120.704587,23.109525],[120.703456,23.108916],[120.703285,23.10868],[120.703128,23.108531],[120.703107,23.10855],[120.702884,23.108348],[120.702851,23.108369],[120.702807,23.108386],[120.702755,23.108475],[120.702597,23.108578],[120.702233,23.108745],[120.701518,23.109248],[120.701997,23.109609],[120.702196,23.109717],[120.702563,23.109929],[120.70291,23.110123],[120.702777,23.110321],[120.702838,23.110356],[120.702815,23.110391],[120.703056,23.110535],[120.703212,23.110331],[120.703378,23.110443],[120.703545,23.110349]]]}},{"type":"Feature","properties":{"id":"ec8ac1693a39","name":"高雄市桃源區樟山國民小學","level":"國小","basis":"both","data_ym":"202507"},"geometry":{"type":"Polygon","coordinates":[[[120.819504,23.253372],[120.819506,23.253252],[120.820032,23.253287],[120.820062,23.253123],[120.820095,23.25281],[120.819994,23.252809],[120.819851,23.252486],[120.819728,23.252471],[120.819741,23.252367],[120.819734,23.25223],[120.819282,23.252223],[120.819242,23.252453],[120.819233,23.252474],[120.819212,23.252486],[120.819201,23.252487],[120.818878,23.252439],[120.818743,23.253035],[120.818609,23.253061],[120.818594,23.253393],[120.819076,23.253398],[120.819504,23.253372]]]}},{"type":"Feature","properties":{"id":"5142fa35085c","name":"高雄馬禮遜美國學校","level":"其他","basis":"none","data_ym":"201808"},"geometry":{"type":"Polygon","coordinates":[[[120.373181,22.750949],[120.373389,22.750835],[120.373357,22.750736],[120.373541,22.750595],[120.373584,22.750534],[120.373643,22.750391],[120.373735,22.750286],[120.373888,22.74997],[120.374074,22.749799],[120.37422,22.749715],[120.374248,22.749669],[120.374501,22.749602],[120.374386,22.749247],[120.374332,22.748975],[120.373477,22.749216],[120.372843,22.7493],[120.37268,22.749338],[120.372673,22.749315],[120.372428,22.749379],[120.372442,22.749423],[120.372343,22.749459],[120.372315,22.749364],[120.372206,22.749379],[120.372203,22.749397],[120.372151,22.74947],[120.372133,22.749521],[120.372128,22.749572],[120.372132,22.749632],[120.372153,22.749697],[120.372181,22.749721],[120.372262,22.749762],[120.372278,22.749802],[120.372309,22.749907],[120.372369,22.750188],[120.372404,22.750882],[120.372423,22.751019],[120.372798,22.750943],[120.372832,22.750943],[120.372863,22.750955],[120.373115,22.751121],[120.373124,22.751123],[120.373171,22.75109],[120.373181,22.750949]]]}},{"type":"Feature","properties":{"id":"0b680724729b","name":"高雄市私立高苑工商職業學校","level":"高中職","basis":"both","data_ym":"201208"},"geometry":{"type":"Polygon","coordinates":[[[120.290785,22.759958],[120.29123,22.759103],[120.291875,22.759403],[120.292846,22.757697],[120.292231,22.757544],[120.291991,22.757498],[120.291839,22.75749],[120.291742,22.757494],[120.291566,22.757517],[120.291469,22.757535],[120.290653,22.758852],[120.290141,22.758622],[120.289728,22.759478],[120.290057,22.759634],[120.290785,22.759958]]]}},{"type":"Feature","properties":{"id":"b373ddf4cfda","name":"高雄市梓官區梓官國民小學","level":"國小","basis":"both","data_ym":"202307"},"geometry":{"type":"Polygon","coordinates":[[[120.264641,22.760407],[120.264696,22.760051],[120.264907,22.760077],[120.264946,22.759833],[120.265003,22.759777],[120.265121,22.759793],[120.265309,22.759847],[120.265382,22.759818],[120.265802,22.75984],[120.265829,22.759158],[120.265515,22.759128],[120.265517,22.759062],[120.265101,22.759147],[120.265007,22.759151],[120.264243,22.75914],[120.263278,22.759103],[120.263338,22.759545],[120.263431,22.760188],[120.263441,22.760224],[120.263462,22.760241],[120.263481,22.760246],[120.263563,22.760254],[120.264641,22.760407]]]}},{"type":"Feature","properties":{"id":"1e1f287db043","name":"高雄市橋頭區五林國民小學","level":"國小","basis":"both","data_ym":"201412"},"geometry":{"type":"Polygon","coordinates":[[[120.294098,22.758686],[120.292829,22.758233],[120.291812,22.760193],[120.292224,22.760348],[120.292717,22.76055],[120.292923,22.760618],[120.292852,22.760863],[120.293837,22.761206],[120.293892,22.760704],[120.294098,22.758686]]]}},{"type":"Feature","properties":{"id":"728cf252163b","name":"高雄市橋頭區橋頭國民小學","level":"國小","basis":"both","data_ym":"201712"},"geometry":{"type":"Polygon","coordinates":[[[120.305557,22.760589],[120.305538,22.760587],[120.305504,22.760594],[120.304889,22.761692],[120.304951,22.76178],[120.304996,22.76183],[120.305095,22.761923],[120.30539,22.762153],[120.305452,22.762197],[120.305809,22.76242],[120.305955,22.762519],[120.305994,22.762519],[120.306015,22.76251],[120.306037,22.76249],[120.306741,22.761183],[120.306748,22.761161],[120.306732,22.76115],[120.306726,22.761133],[120.306731,22.761116],[120.306742,22.761108],[120.305557,22.760589]]]}},{"type":"Feature","properties":{"id":"1d72d45af6b8","name":"法務部矯正署明陽中學","level":"高中職","basis":"name","data_ym":"202107"},"geometry":{"type":"Polygon","coordinates":[[[120.372267,22.762838],[120.374028,22.762273],[120.37403,22.762255],[120.373977,22.762118],[120.373451,22.760844],[120.373158,22.760084],[120.372934,22.759534],[120.372921,22.759518],[120.372213,22.759783],[120.372043,22.759836],[120.371444,22.760036],[120.371192,22.760115],[120.372238,22.762764],[120.37226,22.762759],[120.372291,22.762773],[120.3723,22.7628],[120.372293,22.762801],[120.372281,22.76283],[120.372266,22.762835],[120.372267,22.762838]]]}},{"type":"Feature","properties":{"id":"a9b362b45440","name":"高雄市彌陀區南安國民小學","level":"國小","basis":"both","data_ym":"202107"},"geometry":{"type":"Polygon","coordinates":[[[120.244683,22.762699],[120.244645,22.762644],[120.24452,22.762743],[120.244027,22.763199],[120.24377,22.76336],[120.24357,22.763498],[120.243508,22.763552],[120.243333,22.763733],[120.243318,22.763755],[120.243317,22.763787],[120.243337,22.763877],[120.243379,22.764147],[120.243399,22.764147],[120.243407,22.764155],[120.243409,22.764167],[120.243598,22.764194],[120.243738,22.764207],[120.243952,22.764203],[120.244027,22.764192],[120.244163,22.764158],[120.244282,22.76414],[120.244372,22.764138],[120.244386,22.764103],[120.24439,22.763976],[120.244389,22.763783],[120.244373,22.763584],[120.244383,22.763525],[120.244427,22.763507],[120.244517,22.763321],[120.244632,22.762928],[120.244683,22.762699]]]}},{"type":"Feature","properties":{"id":"752fbcdcb4e1","name":"高雄市立梓官國民中學","level":"國中","basis":"both","data_ym":"201208"},"geometry":{"type":"Polygon","coordinates":[[[120.264205,22.764384],[120.264213,22.764349],[120.264301,22.764368],[120.264322,22.764288],[120.264414,22.76403],[120.264041,22.762946],[120.264018,22.762856],[120.264012,22.762802],[120.264013,22.762758],[120.264033,22.762651],[120.264083,22.762495],[120.264152,22.762334],[120.264115,22.762305],[120.26303,22.761969],[120.262521,22.763367],[120.262656,22.763456],[120.262709,22.763484],[120.262702,22.763502],[120.262718,22.763513],[120.262667,22.763669],[120.263026,22.763847],[120.263501,22.764112],[120.263752,22.764242],[120.264205,22.764384]]]}},{"type":"Feature","properties":{"id":"a451912ec936","name":"樹德科技大學","level":"大專","basis":"both","data_ym":"201208"},"geometry":{"type":"Polygon","coordinates":[[[120.376656,22.765106],[120.376979,22.764726],[120.377019,22.764663],[120.377035,22.764526],[120.377037,22.764439],[120.3771,22.764126],[120.377124,22.763868],[120.377157,22.763718],[120.377233,22.762958],[120.377225,22.76291],[120.377204,22.762866],[120.37719,22.762854],[120.377183,22.762815],[120.377142,22.762732],[120.376901,22.762332],[120.376854,22.762242],[120.376824,22.762125],[120.376796,22.761955],[120.376824,22.76178],[120.37686,22.761639],[120.376925,22.761494],[120.376958,22.761387],[120.377007,22.761349],[120.377121,22.761286],[120.377128,22.761267],[120.377139,22.761177],[120.37713,22.761115],[120.377046,22.760983],[120.377405,22.759661],[120.378296,22.759506],[120.378291,22.759499],[120.378258,22.759376],[120.378235,22.759257],[120.378211,22.759194],[120.378166,22.759152],[120.378123,22.759129],[120.377805,22.75905],[120.37771,22.759059],[120.377532,22.759115],[120.377438,22.759127],[120.377369,22.759116],[120.377158,22.759006],[120.377094,22.758995],[120.377006,22.758995],[120.376926,22.759014],[120.376766,22.75908],[120.376548,22.759191],[120.376331,22.759329],[120.376296,22.759345],[120.376215,22.759396],[120.376094,22.75944],[120.376025,22.759448],[120.375944,22.759448],[120.375752,22.759432],[120.375704,22.759442],[120.37565,22.759461],[120.375503,22.759533],[120.375106,22.759761],[120.37506,22.759795],[120.375024,22.759843],[120.375003,22.759887],[120.374987,22.759966],[120.374961,22.760143],[120.374936,22.760235],[120.374913,22.76029],[120.374894,22.760332],[120.374876,22.760358],[120.374825,22.76041],[120.374791,22.760435],[120.374733,22.760468],[120.374465,22.760563],[120.374127,22.760706],[120.37409,22.760705],[120.373918,22.760676],[120.373868,22.76068],[120.373805,22.760689],[120.373494,22.760769],[120.373482,22.760779],[120.373523,22.760876],[120.37357,22.760864],[120.373608,22.760864],[120.373679,22.760888],[120.373768,22.760891],[120.373843,22.76087],[120.373895,22.760886],[120.373935,22.760918],[120.374064,22.761122],[120.374412,22.76103],[120.374432,22.76104],[120.374429,22.761075],[120.374278,22.761493],[120.374257,22.761586],[120.374225,22.761682],[120.374216,22.761757],[120.374218,22.761872],[120.374215,22.761949],[120.374192,22.762077],[120.374171,22.762291],[120.374228,22.76249],[120.374307,22.762788],[120.374428,22.763143],[120.374529,22.763333],[120.374831,22.76382],[120.374847,22.764446],[120.374834,22.764697],[120.374938,22.764754],[120.375066,22.764726],[120.375143,22.764611],[120.375129,22.76457],[120.375256,22.764648],[120.375259,22.764644],[120.375299,22.764671],[120.375297,22.764673],[120.375391,22.764731],[120.37538,22.764736],[120.375288,22.764858],[120.375303,22.764958],[120.375334,22.764998],[120.375512,22.765112],[120.375591,22.764997],[120.375606,22.765043],[120.375634,22.765038],[120.375669,22.765021],[120.375708,22.764981],[120.375631,22.76494],[120.375633,22.764927],[120.375686,22.764854],[120.376317,22.765246],[120.376141,22.76549],[120.376568,22.76574],[120.376574,22.76574],[120.376613,22.765667],[120.376623,22.765614],[120.376624,22.765492],[120.376609,22.765375],[120.376605,22.765252],[120.37662,22.765176],[120.376656,22.765106]]]}},{"type":"Feature","properties":{"id":"2868feba7baf","name":"高雄市燕巢區橫山國民小學","level":"國小","basis":"both","data_ym":"201208"},"geometry":{"type":"Polygon","coordinates":[[[120.380139,22.769161],[120.380209,22.769062],[120.380442,22.768709],[120.380299,22.768595],[120.37968,22.768126],[120.379297,22.767823],[120.379237,22.767901],[120.379226,22.767894],[120.379086,22.768085],[120.379062,22.768239],[120.379024,22.768311],[120.37904,22.768318],[120.379006,22.768402],[120.37898,22.768394],[120.378956,22.768463],[120.379166,22.768513],[120.379197,22.76853],[120.379204,22.768548],[120.379202,22.768576],[120.37975,22.76882],[120.379699,22.768902],[120.379951,22.76905],[120.38006,22.769161],[120.380097,22.769137],[120.380139,22.769161]]]}},{"type":"Feature","properties":{"id":"08b5972fc922","name":"國立高雄科技大學燕巢校區","level":"大專","basis":"branch","data_ym":"202107"},"geometry":{"type":"Polygon","coordinates":[[[120.402974,22.775559],[120.403042,22.775554],[120.403069,22.775558],[120.40321,22.775617],[120.403319,22.775624],[120.403557,22.775621],[120.403582,22.775617],[120.403609,22.775602],[120.403634,22.775583],[120.403999,22.775231],[120.404006,22.775215],[120.403976,22.774992],[120.403934,22.774959],[120.403684,22.774883],[120.403671,22.77487],[120.403662,22.774842],[120.403677,22.77458],[120.403662,22.774486],[120.40364,22.774425],[120.403634,22.774377],[120.40364,22.774331],[120.403654,22.774283],[120.403677,22.774253],[120.403798,22.77416],[120.403828,22.774127],[120.403855,22.774089],[120.403912,22.773972],[120.403898,22.773925],[120.40391,22.773833],[120.403923,22.773825],[120.403889,22.773725],[120.403924,22.773709],[120.403917,22.773692],[120.404102,22.773641],[120.404194,22.773611],[120.403827,22.773438],[120.40358,22.773332],[120.403386,22.773238],[120.403173,22.773117],[120.403196,22.773077],[120.40307,22.773015],[120.403086,22.772986],[120.402902,22.772896],[120.402814,22.772846],[120.402684,22.772784],[120.402476,22.772696],[120.402344,22.772652],[120.402148,22.772607],[120.401788,22.772543],[120.401252,22.772466],[120.400681,22.772395],[120.400422,22.772376],[120.399898,22.772316],[120.399896,22.772302],[120.399663,22.772282],[120.399276,22.772276],[120.399003,22.772287],[120.398477,22.772328],[120.398164,22.772361],[120.397363,22.772431],[120.396953,22.77249],[120.396662,22.772522],[120.396546,22.772525],[120.396559,22.77263],[120.396577,22.77269],[120.396624,22.772782],[120.396677,22.772819],[120.396688,22.772823],[120.396698,22.77282],[120.396726,22.772805],[120.396745,22.772809],[120.396923,22.772873],[120.397039,22.772899],[120.39716,22.772916],[120.397275,22.772957],[120.397427,22.773004],[120.397489,22.772994],[120.397515,22.772999],[120.397601,22.773027],[120.39765,22.773061],[120.397695,22.773074],[120.39792,22.773111],[120.397926,22.773124],[120.398345,22.773126],[120.398511,22.773105],[120.399004,22.773122],[120.399181,22.773139],[120.399315,22.773189],[120.399367,22.773199],[120.399447,22.773204],[120.399631,22.773192],[120.399798,22.773196],[120.399838,22.773201],[120.39989,22.773221],[120.400126,22.773397],[120.400197,22.773426],[120.400244,22.773454],[120.400262,22.773473],[120.400287,22.773562],[120.400305,22.773587],[120.400324,22.773602],[120.40038,22.773631],[120.400436,22.773645],[120.400536,22.773638],[120.400842,22.7736],[120.400926,22.773612],[120.401263,22.773753],[120.401281,22.773751],[120.401324,22.773702],[120.401477,22.773792],[120.401552,22.773813],[120.401653,22.773827],[120.401776,22.773832],[120.402544,22.773834],[120.402663,22.773842],[120.402727,22.773856],[120.402779,22.773877],[120.402896,22.773954],[120.402977,22.774038],[120.403006,22.774083],[120.403048,22.774182],[120.403061,22.77425],[120.403063,22.774312],[120.403063,22.774922],[120.402885,22.774973],[120.402755,22.775035],[120.402565,22.775166],[120.402512,22.775215],[120.402429,22.775444],[120.402432,22.775481],[120.402438,22.775529],[120.402469,22.775595],[120.402495,22.775609],[120.402577,22.775624],[120.402646,22.775626],[120.402974,22.775559]]]}},{"type":"Feature","properties":{"id":"cb8d36c3552e","name":"高雄市旗山區嶺口國民小學1","level":"國小","basis":"both","data_ym":"202107"},"geometry":{"type":"Polygon","coordinates":[[[120.449573,22.775839],[120.449609,22.775713],[120.449598,22.775711],[120.449595,22.775718],[120.449494,22.775688],[120.449415,22.775683],[120.449376,22.775817],[120.449442,22.775831],[120.449565,22.775841],[120.449573,22.775839]]]}},{"type":"Feature","properties":{"id":"14b7dac59bea","name":"高雄市旗山區嶺口國民小學","level":"國小","basis":"both","data_ym":"202107"},"geometry":{"type":"Polygon","coordinates":[[[120.449507,22.776043],[120.449509,22.77597],[120.449493,22.775923],[120.44947,22.775889],[120.449452,22.775877],[120.449328,22.775848],[120.449291,22.775863],[120.449261,22.77589],[120.449228,22.775908],[120.449138,22.775944],[120.449013,22.776001],[120.448984,22.776008],[120.448964,22.776008],[120.448943,22.776],[120.448816,22.775909],[120.448758,22.775882],[120.448728,22.775885],[120.448678,22.775916],[120.448661,22.775923],[120.448643,22.775923],[120.448609,22.775921],[120.448522,22.775892],[120.44846,22.775861],[120.448235,22.776098],[120.448956,22.77629],[120.448945,22.776355],[120.448968,22.776402],[120.449118,22.776438],[120.44923,22.776457],[120.449268,22.776445],[120.449282,22.776429],[120.449345,22.776347],[120.449435,22.776217],[120.449476,22.776134],[120.449507,22.776043]]]}},{"type":"Feature","properties":{"id":"ebbd54d74fb3","name":"高雄市燕巢區深水國民小學","level":"國小","basis":"both","data_ym":"201711"},"geometry":{"type":"Polygon","coordinates":[[[120.405875,22.777661],[120.405857,22.77763],[120.405811,22.777512],[120.405798,22.777512],[120.40576,22.777501],[120.405745,22.777339],[120.405613,22.777065],[120.405568,22.77704],[120.405565,22.776993],[120.405095,22.776965],[120.405049,22.776928],[120.404787,22.776882],[120.404733,22.776888],[120.404614,22.776953],[120.404538,22.777011],[120.404497,22.777191],[120.404496,22.777251],[120.404536,22.777333],[120.40459,22.777394],[120.404682,22.777469],[120.40482,22.777509],[120.404987,22.777545],[120.405122,22.777568],[120.405237,22.777625],[120.405276,22.777679],[120.405643,22.777655],[120.405669,22.777639],[120.405711,22.777689],[120.405845,22.777798],[120.405904,22.777665],[120.405881,22.777664],[120.405875,22.777661]]]}},{"type":"Feature","properties":{"id":"9ef5f6007a38","name":"高雄市立彌陀國民中學","level":"國中","basis":"both","data_ym":"202006"},"geometry":{"type":"Polygon","coordinates":[[[120.246782,22.776436],[120.24677,22.776424],[120.246758,22.776422],[120.246745,22.776428],[120.246736,22.776422],[120.246724,22.776428],[120.246679,22.776279],[120.246657,22.776176],[120.246664,22.776176],[120.246684,22.776192],[120.246721,22.776131],[120.246699,22.776109],[120.24663,22.775852],[120.246452,22.775883],[120.246436,22.775895],[120.246277,22.775909],[120.245551,22.775893],[120.245554,22.776006],[120.245009,22.776141],[120.244992,22.776174],[120.245005,22.776635],[120.245016,22.776737],[120.245084,22.777106],[120.24509,22.777198],[120.245075,22.777461],[120.245063,22.777586],[120.24509,22.777599],[120.245144,22.777607],[120.245211,22.77761],[120.245767,22.77759],[120.246366,22.777584],[120.246659,22.777564],[120.246908,22.777537],[120.247033,22.777517],[120.247065,22.77749],[120.247084,22.777462],[120.247074,22.77741],[120.247064,22.777367],[120.246968,22.777312],[120.247001,22.777211],[120.246974,22.777196],[120.246911,22.776928],[120.246891,22.776888],[120.246889,22.776853],[120.246901,22.776838],[120.246885,22.776799],[120.246846,22.776658],[120.246829,22.776525],[120.246808,22.776517],[120.246798,22.776503],[120.246806,22.776469],[120.246779,22.776448],[120.246782,22.776436]]]}},{"type":"Feature","properties":{"id":"078bd9786dde","name":"國立高雄科技大學燕巢校區1","level":"其他","basis":"none","data_ym":"202107"},"geometry":{"type":"Polygon","coordinates":[[[120.401373,22.775372],[120.401511,22.775104],[120.401525,22.775054],[120.401663,22.774929],[120.401672,22.774908],[120.401669,22.774873],[120.401542,22.774598],[120.401513,22.774545],[120.4015,22.7745],[120.40148,22.774457],[120.401467,22.774445],[120.401438,22.774433],[120.401372,22.774422],[120.401125,22.774412],[120.401065,22.774405],[120.400983,22.77438],[120.400827,22.774297],[120.400621,22.774334],[120.400618,22.774511],[120.400604,22.7746],[120.400583,22.77465],[120.400561,22.774671],[120.400519,22.7747],[120.400386,22.77476],[120.400311,22.77478],[120.400248,22.774786],[120.400196,22.774783],[120.4001,22.774771],[120.400049,22.774758],[120.399891,22.774692],[120.399667,22.774586],[120.399588,22.774531],[120.399538,22.774473],[120.399469,22.774364],[120.39925,22.773942],[120.399191,22.773883],[120.399125,22.773853],[120.398892,22.773829],[120.398383,22.773707],[120.398325,22.773699],[120.398092,22.773698],[120.397911,22.773687],[120.3977,22.773637],[120.397675,22.773636],[120.397651,22.773651],[120.397566,22.773758],[120.397547,22.773811],[120.397546,22.773839],[120.397455,22.773987],[120.397413,22.774214],[120.397411,22.774274],[120.397421,22.77431],[120.397475,22.774392],[120.397628,22.774566],[120.397781,22.774689],[120.39783,22.774719],[120.397862,22.774732],[120.3979,22.774736],[120.39803,22.77472],[120.398278,22.774709],[120.398685,22.774699],[120.399157,22.774702],[120.399194,22.774697],[120.399261,22.774674],[120.399419,22.774605],[120.399497,22.774683],[120.399587,22.774748],[120.399764,22.774859],[120.399768,22.774867],[120.399766,22.7749],[120.399677,22.775067],[120.399663,22.775105],[120.399664,22.775196],[120.399675,22.775313],[120.399668,22.775466],[120.399492,22.776002],[120.3994,22.776199],[120.399374,22.776241],[120.399372,22.776286],[120.39939,22.776301],[120.399397,22.776303],[120.399672,22.776131],[120.399709,22.776076],[120.400057,22.775436],[120.400111,22.775364],[120.400187,22.775335],[120.400552,22.775348],[120.400598,22.775357],[120.400611,22.775378],[120.40062,22.775443],[120.40063,22.775649],[120.40063,22.775923],[120.400639,22.775999],[120.400678,22.776098],[120.400736,22.776188],[120.401262,22.776686],[120.401314,22.776743],[120.401358,22.776805],[120.401421,22.776964],[120.401424,22.777008],[120.401422,22.777054],[120.401313,22.777367],[120.401279,22.777494],[120.401272,22.777657],[120.401279,22.777772],[120.401298,22.777813],[120.401336,22.777868],[120.401347,22.7779],[120.401312,22.778338],[120.401317,22.778357],[120.40135,22.778377],[120.401615,22.778431],[120.402164,22.778677],[120.402742,22.778966],[120.402897,22.77907],[120.402975,22.779241],[120.403011,22.779348],[120.403082,22.779451],[120.403186,22.779515],[120.403388,22.779579],[120.403463,22.779713],[120.403458,22.77987],[120.403472,22.780017],[120.403629,22.780244],[120.403887,22.780178],[120.403854,22.780002],[120.40384,22.779866],[120.403845,22.779818],[120.403853,22.7798],[120.403885,22.779769],[120.403934,22.779732],[120.403935,22.779706],[120.403911,22.779655],[120.404043,22.779534],[120.403788,22.779142],[120.403561,22.778764],[120.403486,22.778669],[120.403135,22.778465],[120.403072,22.778387],[120.403031,22.778248],[120.402851,22.777984],[120.402595,22.777709],[120.402532,22.777618],[120.402376,22.77725],[120.40239,22.777025],[120.402381,22.776918],[120.402353,22.776813],[120.402279,22.776686],[120.402218,22.776598],[120.402136,22.776503],[120.402035,22.776415],[120.401531,22.776103],[120.401409,22.775945],[120.401376,22.775893],[120.40131,22.77571],[120.401304,22.775675],[120.401306,22.77561],[120.401363,22.77544],[120.401373,22.775372]]]}},{"type":"Feature","properties":{"id":"e7fd204efed3","name":"高雄市岡山區和平國民小學","level":"國小","basis":"both","data_ym":"201711"},"geometry":{"type":"Polygon","coordinates":[[[120.304447,22.783051],[120.304949,22.782075],[120.304451,22.781841],[120.303666,22.781461],[120.303617,22.781456],[120.303576,22.781468],[120.303495,22.781519],[120.303461,22.781555],[120.303015,22.782404],[120.304019,22.782882],[120.304035,22.7829],[120.30442,22.783077],[120.304429,22.783077],[120.304447,22.783051]]]}},{"type":"Feature","properties":{"id":"f0eb82998558","name":"高雄市彌陀區彌陀國民小學","level":"國小","basis":"both","data_ym":"201208"},"geometry":{"type":"Polygon","coordinates":[[[120.247759,22.784311],[120.247796,22.784231],[120.247799,22.784233],[120.247954,22.783893],[120.247998,22.783784],[120.248185,22.783393],[120.248107,22.783366],[120.248114,22.783345],[120.24755,22.783167],[120.247532,22.783218],[120.247287,22.783146],[120.247266,22.7832],[120.246709,22.783006],[120.24634,22.783642],[120.246511,22.783718],[120.246426,22.783896],[120.246709,22.783996],[120.246673,22.784095],[120.246698,22.784105],[120.246679,22.784154],[120.246823,22.784206],[120.247342,22.784379],[120.24748,22.784416],[120.24755,22.784425],[120.247734,22.784379],[120.247764,22.784313],[120.247759,22.784311]]]}},{"type":"Feature","properties":{"id":"51220ab07957","name":"高雄市岡山區兆湘國民小學","level":"國小","basis":"both","data_ym":"202310"},"geometry":{"type":"Polygon","coordinates":[[[120.288179,22.784597],[120.286092,22.784573],[120.286089,22.784608],[120.286067,22.785545],[120.28607,22.785618],[120.286211,22.785657],[120.286212,22.785701],[120.286364,22.785706],[120.286971,22.785741],[120.287233,22.785978],[120.288743,22.784616],[120.288179,22.784597]]]}},{"type":"Feature","properties":{"id":"e0273c245a0a","name":"高雄市立前峰國民中學","level":"國中","basis":"both","data_ym":"201208"},"geometry":{"type":"Polygon","coordinates":[[[120.288994,22.787762],[120.286951,22.787731],[120.286929,22.787744],[120.286922,22.787762],[120.286927,22.787773],[120.288064,22.789693],[120.289067,22.789742],[120.289044,22.787782],[120.289023,22.787767],[120.288994,22.787762]]]}},{"type":"Feature","properties":{"id":"ea08fb075280","name":"國立高雄師範大學燕巢校區","level":"大專","basis":"branch","data_ym":"202311"},"geometry":{"type":"Polygon","coordinates":[[[120.407164,22.791285],[120.40733,22.791282],[120.407439,22.79129],[120.407502,22.791287],[120.407518,22.791277],[120.407529,22.791259],[120.4076,22.791029],[120.407637,22.791],[120.407687,22.790978],[120.40786,22.790942],[120.408053,22.790895],[120.408164,22.790883],[120.408325,22.79088],[120.408501,22.790835],[120.408787,22.790672],[120.409026,22.790555],[120.409247,22.79024],[120.409409,22.790203],[120.409531,22.789923],[120.409579,22.789697],[120.409801,22.789151],[120.409958,22.788709],[120.410135,22.788277],[120.410575,22.787746],[120.410878,22.787575],[120.411064,22.78726],[120.411129,22.78704],[120.410854,22.787044],[120.410853,22.787018],[120.410266,22.787069],[120.410258,22.787025],[120.410145,22.78705],[120.410034,22.787081],[120.409979,22.787105],[120.409956,22.78712],[120.409896,22.787179],[120.409828,22.787269],[120.40972,22.78745],[120.409703,22.78747],[120.409659,22.787507],[120.40961,22.787536],[120.409544,22.787562],[120.409401,22.787593],[120.409328,22.787619],[120.408884,22.787889],[120.408788,22.78794],[120.408685,22.788002],[120.408629,22.788026],[120.40821,22.788067],[120.408181,22.788068],[120.408133,22.788061],[120.408061,22.788029],[120.407963,22.78793],[120.407922,22.787871],[120.407894,22.787801],[120.407887,22.787747],[120.407891,22.787706],[120.407899,22.78768],[120.40792,22.787639],[120.408044,22.787484],[120.408112,22.787364],[120.408145,22.787288],[120.40816,22.787236],[120.40817,22.787182],[120.408173,22.787128],[120.408171,22.787084],[120.408162,22.78703],[120.408138,22.78695],[120.408093,22.78685],[120.408062,22.786792],[120.408015,22.786676],[120.407835,22.786286],[120.407837,22.785919],[120.407946,22.78549],[120.40795,22.785402],[120.407938,22.785349],[120.407918,22.785292],[120.407873,22.785242],[120.407105,22.784534],[120.407186,22.784482],[120.4072,22.784468],[120.407213,22.784438],[120.406745,22.783921],[120.406815,22.783837],[120.406898,22.783719],[120.406977,22.78359],[120.406989,22.783488],[120.406998,22.783354],[120.406958,22.783221],[120.406868,22.78311],[120.406803,22.783],[120.406791,22.78284],[120.406771,22.782714],[120.406718,22.782615],[120.406649,22.782527],[120.406583,22.782477],[120.406256,22.782289],[120.406242,22.782277],[120.406229,22.78232],[120.40617,22.782355],[120.40614,22.782315],[120.406191,22.782272],[120.406202,22.782238],[120.406059,22.782102],[120.405872,22.78185],[120.405782,22.781778],[120.405609,22.781777],[120.405531,22.781792],[120.405373,22.781802],[120.405275,22.78173],[120.405081,22.781692],[120.404976,22.781697],[120.404822,22.781765],[120.404711,22.781785],[120.404594,22.78179],[120.404562,22.781786],[120.404558,22.781754],[120.404535,22.781755],[120.40453,22.781642],[120.404288,22.781602],[120.40425,22.781745],[120.404064,22.781721],[120.403995,22.781909],[120.403934,22.782032],[120.403805,22.782252],[120.403572,22.782683],[120.403533,22.782746],[120.403503,22.78278],[120.403467,22.78281],[120.403324,22.782895],[120.403173,22.782977],[120.403039,22.783039],[120.402954,22.78309],[120.402896,22.783139],[120.402851,22.7832],[120.402838,22.783233],[120.402827,22.783304],[120.402832,22.783404],[120.40287,22.783588],[120.402917,22.783727],[120.402933,22.783759],[120.40297,22.783815],[120.40305,22.783901],[120.403116,22.783955],[120.403349,22.784127],[120.403438,22.784183],[120.403538,22.784229],[120.403594,22.784263],[120.403652,22.784324],[120.403671,22.784366],[120.403681,22.784413],[120.403682,22.78447],[120.403668,22.784513],[120.403629,22.784555],[120.403583,22.784577],[120.403536,22.784588],[120.40348,22.784578],[120.403424,22.784556],[120.40338,22.784523],[120.403231,22.784389],[120.403162,22.78435],[120.403106,22.784332],[120.403073,22.784327],[120.403014,22.784333],[120.402984,22.784344],[120.402941,22.784367],[120.402917,22.784395],[120.402901,22.78443],[120.402896,22.784473],[120.402901,22.7845],[120.402924,22.784552],[120.402946,22.784582],[120.402984,22.784623],[120.403084,22.7847],[120.40324,22.784808],[120.403336,22.784887],[120.403407,22.784961],[120.403453,22.785042],[120.40348,22.78511],[120.403502,22.78518],[120.403518,22.785253],[120.40354,22.785405],[120.403584,22.786065],[120.403589,22.786165],[120.403589,22.786414],[120.403605,22.786697],[120.403673,22.786819],[120.403714,22.786871],[120.404045,22.787214],[120.404113,22.787291],[120.404167,22.787372],[120.404197,22.787449],[120.404203,22.787496],[120.4042,22.78755],[120.40419,22.787614],[120.404172,22.787687],[120.404076,22.787976],[120.403888,22.788466],[120.403873,22.788528],[120.403868,22.788563],[120.403868,22.788681],[120.403891,22.788806],[120.404017,22.789244],[120.404021,22.789323],[120.404014,22.789396],[120.404014,22.789576],[120.404035,22.789741],[120.404049,22.789772],[120.404079,22.789808],[120.404204,22.789911],[120.404316,22.790018],[120.404347,22.790041],[120.404389,22.790063],[120.404484,22.790098],[120.404727,22.790167],[120.405004,22.790275],[120.405067,22.790282],[120.405125,22.790272],[120.405156,22.79026],[120.405211,22.790224],[120.405362,22.790097],[120.405411,22.790068],[120.405441,22.790056],[120.40552,22.790046],[120.405569,22.790049],[120.405622,22.790066],[120.405654,22.790086],[120.4057,22.790138],[120.405722,22.79018],[120.405738,22.790223],[120.405746,22.790271],[120.405745,22.790307],[120.40573,22.790356],[120.40571,22.790387],[120.405665,22.790434],[120.405626,22.790462],[120.405451,22.790567],[120.405405,22.790605],[120.405364,22.790657],[120.405338,22.790715],[120.405334,22.790747],[120.405337,22.790783],[120.405346,22.790823],[120.405372,22.790894],[120.40541,22.790942],[120.40546,22.790969],[120.405546,22.790995],[120.405622,22.791006],[120.405825,22.790995],[120.405928,22.790994],[120.405939,22.79101],[120.405956,22.791023],[120.406054,22.791052],[120.406173,22.791083],[120.406514,22.791158],[120.406527,22.791168],[120.406551,22.791207],[120.406598,22.791299],[120.406646,22.791324],[120.406742,22.791331],[120.407164,22.791285]]]}},{"type":"Feature","properties":{"id":"70426f28866b","name":"高雄市燕巢區安招國民小學","level":"國小","basis":"both","data_ym":"201711"},"geometry":{"type":"Polygon","coordinates":[[[120.338329,22.791298],[120.338344,22.790984],[120.338442,22.790695],[120.338251,22.790664],[120.338211,22.790697],[120.33782,22.790626],[120.337771,22.790571],[120.337239,22.790475],[120.337201,22.790609],[120.337019,22.791104],[120.336877,22.791518],[120.337417,22.791583],[120.337858,22.791652],[120.338329,22.791298]]]}},{"type":"Feature","properties":{"id":"0e2b9fff4a90","name":"高雄市立岡山國民中學","level":"國中","basis":"both","data_ym":"201510"},"geometry":{"type":"Polygon","coordinates":[[[120.304284,22.791042],[120.304239,22.790747],[120.304221,22.790749],[120.304181,22.790492],[120.30417,22.790493],[120.304065,22.789733],[120.302541,22.789602],[120.302525,22.789659],[120.302389,22.790759],[120.302495,22.790766],[120.302664,22.791833],[120.302863,22.791809],[120.302858,22.791786],[120.304028,22.791634],[120.303945,22.791089],[120.304284,22.791042]]]}},{"type":"Feature","properties":{"id":"ac71c84e81db","name":"高雄市岡山區岡山國民小學","level":"國小","basis":"both","data_ym":"202310"},"geometry":{"type":"Polygon","coordinates":[[[120.294083,22.791149],[120.294056,22.791142],[120.292819,22.791149],[120.292741,22.791422],[120.292675,22.791587],[120.292566,22.792295],[120.292603,22.792306],[120.293642,22.792385],[120.293703,22.792417],[120.294647,22.792482],[120.294716,22.791874],[120.29469,22.791873],[120.2947,22.791792],[120.294102,22.79116],[120.294083,22.791149]]]}},{"type":"Feature","properties":{"id":"86b37f48ec6d","name":"高雄市岡山區前峰國民小學","level":"國小","basis":"both","data_ym":"201208"},"geometry":{"type":"Polygon","coordinates":[[[120.283254,22.791007],[120.282727,22.790952],[120.28236,22.791462],[120.281605,22.792531],[120.281475,22.792729],[120.28148,22.792748],[120.281505,22.792779],[120.281247,22.793165],[120.281187,22.793248],[120.281202,22.793286],[120.281239,22.793305],[120.281232,22.793349],[120.281702,22.793391],[120.28237,22.79346],[120.282475,22.793487],[120.282969,22.793531],[120.283254,22.791007]]]}},{"type":"Feature","properties":{"id":"3e71c47579bd","name":"高雄市岡山區後紅國民小學","level":"國小","basis":"both","data_ym":"202311"},"geometry":{"type":"Polygon","coordinates":[[[120.304035,22.79454],[120.304066,22.794317],[120.304434,22.794121],[120.304446,22.794109],[120.304433,22.79411],[120.304411,22.794102],[120.304386,22.794084],[120.303999,22.793305],[120.303966,22.793255],[120.303913,22.792997],[120.303908,22.792985],[120.3039,22.792987],[120.303833,22.792779],[120.303786,22.792665],[120.303748,22.792601],[120.30373,22.792578],[120.303706,22.792566],[120.303671,22.792563],[120.302764,22.792675],[120.302743,22.792704],[120.302737,22.792778],[120.302749,22.79303],[120.302935,22.793595],[120.302958,22.793731],[120.302952,22.793778],[120.30292,22.793828],[120.302978,22.794365],[120.303109,22.794361],[120.303587,22.79436],[120.303679,22.794369],[120.30376,22.794388],[120.303855,22.794422],[120.303914,22.794455],[120.303994,22.794508],[120.304035,22.79454]]]}},{"type":"Feature","properties":{"id":"639b299dda26","name":"高雄市燕巢區燕巢國民小學","level":"國小","basis":"both","data_ym":"202107"},"geometry":{"type":"Polygon","coordinates":[[[120.366104,22.795358],[120.366114,22.795354],[120.366276,22.795359],[120.366677,22.795329],[120.366732,22.795329],[120.366786,22.795309],[120.366806,22.795294],[120.36682,22.795273],[120.366843,22.79499],[120.366837,22.794988],[120.366849,22.794804],[120.366568,22.794743],[120.366422,22.794705],[120.36642,22.794713],[120.366159,22.794654],[120.366122,22.794747],[120.365793,22.794637],[120.365533,22.794545],[120.36553,22.794538],[120.365407,22.794498],[120.36533,22.794478],[120.365304,22.794479],[120.365283,22.794486],[120.365275,22.794499],[120.365141,22.794828],[120.365102,22.794931],[120.365096,22.794996],[120.365112,22.79501],[120.365132,22.795019],[120.365451,22.795128],[120.365568,22.795293],[120.36555,22.79541],[120.365599,22.795434],[120.365616,22.795492],[120.366068,22.795588],[120.366104,22.795358]]]}},{"type":"Feature","properties":{"id":"9ac8b3dccaec","name":"高雄市彌陀區壽齡國民小學","level":"國小","basis":"both","data_ym":"202401"},"geometry":{"type":"Polygon","coordinates":[[[120.234884,22.795589],[120.234464,22.794883],[120.233959,22.795142],[120.233459,22.795411],[120.233633,22.795767],[120.233876,22.796205],[120.233917,22.796172],[120.233992,22.796123],[120.234695,22.795733],[120.23488,22.795624],[120.234886,22.795612],[120.234884,22.795589]]]}},{"type":"Feature","properties":{"id":"2fddf45db414","name":"國立岡山高級中學","level":"高中職","basis":"both","data_ym":"202311"},"geometry":{"type":"Polygon","coordinates":[[[120.290091,22.798321],[120.290129,22.798318],[120.29015,22.798322],[120.290621,22.797298],[120.290773,22.796982],[120.290977,22.796543],[120.290973,22.79653],[120.290963,22.796519],[120.290925,22.796493],[120.290587,22.796349],[120.290464,22.796302],[120.290114,22.796151],[120.29001,22.796101],[120.289755,22.795997],[120.28977,22.795964],[120.289527,22.795861],[120.289012,22.796781],[120.288566,22.797673],[120.288682,22.797718],[120.288895,22.797815],[120.289138,22.797933],[120.289536,22.798129],[120.28976,22.798261],[120.289969,22.798342],[120.290006,22.798343],[120.290091,22.798321]]]}},{"type":"Feature","properties":{"id":"5046192f3098","name":"高雄市岡山區壽天國民小學","level":"國小","basis":"both","data_ym":"201208"},"geometry":{"type":"Polygon","coordinates":[[[120.292886,22.798016],[120.291512,22.797875],[120.291487,22.797893],[120.291367,22.798427],[120.291175,22.799237],[120.292635,22.799407],[120.292683,22.799383],[120.292886,22.798016]]]}},{"type":"Feature","properties":{"id":"dd574d8ec1c3","name":"國立岡山高級農工職業學校","level":"高中職","basis":"name","data_ym":"201711"},"geometry":{"type":"Polygon","coordinates":[[[120.289602,22.803474],[120.291519,22.801916],[120.291517,22.801911],[120.291498,22.8019],[120.29138,22.801855],[120.291207,22.801794],[120.290577,22.801555],[120.290633,22.801396],[120.29068,22.801278],[120.289885,22.801011],[120.289794,22.8012],[120.289716,22.801398],[120.289654,22.801384],[120.289818,22.800988],[120.287367,22.800164],[120.287271,22.800295],[120.287114,22.800483],[120.28695,22.800652],[120.286863,22.800735],[120.286714,22.800865],[120.286599,22.800959],[120.286389,22.801107],[120.286383,22.801185],[120.286388,22.801198],[120.286449,22.801286],[120.286601,22.801456],[120.286764,22.801654],[120.286784,22.801693],[120.286804,22.801759],[120.286911,22.801857],[120.286933,22.801894],[120.287019,22.802182],[120.287069,22.802398],[120.287075,22.802488],[120.28712,22.802775],[120.287217,22.803205],[120.287274,22.803202],[120.287283,22.803357],[120.288174,22.803236],[120.288673,22.803295],[120.289107,22.803478],[120.289367,22.803594],[120.289415,22.803623],[120.289494,22.803548],[120.289602,22.803474]]]}},{"type":"Feature","properties":{"id":"471ae8eb6dc3","name":"高雄市岡山區竹圍國民小學","level":"國小","basis":"both","data_ym":"201208"},"geometry":{"type":"Polygon","coordinates":[[[120.303191,22.804268],[120.303317,22.802756],[120.303308,22.802743],[120.301914,22.802624],[120.301874,22.802655],[120.301829,22.803122],[120.301792,22.80312],[120.301785,22.803196],[120.301821,22.803197],[120.301787,22.80355],[120.302623,22.803973],[120.303191,22.804268]]]}},{"type":"Feature","properties":{"id":"2ca3d02e1267","name":"高雄市燕巢區金山國民小學","level":"國小","basis":"both","data_ym":"201208"},"geometry":{"type":"Polygon","coordinates":[[[120.398124,22.811195],[120.397901,22.81107],[120.397725,22.811131],[120.39771,22.811159],[120.397668,22.811301],[120.397738,22.811464],[120.397755,22.811574],[120.397755,22.811721],[120.397747,22.811777],[120.397726,22.8118],[120.397848,22.812103],[120.398154,22.812027],[120.39816,22.811993],[120.398178,22.811931],[120.398202,22.811889],[120.398244,22.811851],[120.39837,22.811767],[120.398383,22.811747],[120.398382,22.811726],[120.398311,22.811546],[120.398249,22.811464],[120.398231,22.811429],[120.39819,22.811325],[120.398171,22.811251],[120.398158,22.811231],[120.398124,22.811195]]]}},{"type":"Feature","properties":{"id":"251de19cd928","name":"高雄市岡山區岡山國民小學灣裡分校","level":"大專","basis":"branch","data_ym":"201208"},"geometry":{"type":"Polygon","coordinates":[[[120.282814,22.810926],[120.282786,22.810925],[120.282745,22.810951],[120.282087,22.811477],[120.282776,22.812677],[120.28348,22.812268],[120.283464,22.812244],[120.283624,22.812157],[120.283648,22.812136],[120.283652,22.812124],[120.2836,22.811997],[120.283403,22.811719],[120.283298,22.811581],[120.283056,22.811237],[120.282837,22.810944],[120.282814,22.810926]]]}},{"type":"Feature","properties":{"id":"fb867e2a84f1","name":"高雄市燕巢區燕巢國民小學尖山分校","level":"大專","basis":"branch","data_ym":"201208"},"geometry":{"type":"Polygon","coordinates":[[[120.367726,22.812428],[120.367664,22.812345],[120.367613,22.812287],[120.367585,22.812262],[120.367515,22.812215],[120.367451,22.812228],[120.367196,22.812312],[120.367005,22.812396],[120.366951,22.812406],[120.366756,22.812377],[120.366725,22.812364],[120.366709,22.81235],[120.366681,22.812296],[120.366628,22.812176],[120.366569,22.812142],[120.366529,22.812125],[120.366525,22.812142],[120.366574,22.812195],[120.366631,22.812296],[120.366712,22.812569],[120.366656,22.812583],[120.366711,22.81267],[120.36676,22.812815],[120.366762,22.812846],[120.366739,22.812882],[120.36661,22.812918],[120.366642,22.813318],[120.366836,22.813305],[120.367841,22.813203],[120.367726,22.812428]]]}},{"type":"Feature","properties":{"id":"947e6eebec5c","name":"高雄市立嘉興國民中學","level":"國中","basis":"both","data_ym":"201208"},"geometry":{"type":"Polygon","coordinates":[[[120.313,22.815883],[120.313186,22.815217],[120.313251,22.814935],[120.313244,22.814925],[120.313221,22.814917],[120.312637,22.814829],[120.311969,22.81474],[120.311841,22.815552],[120.311335,22.815491],[120.311215,22.816424],[120.312371,22.816583],[120.312702,22.816611],[120.312784,22.816578],[120.313,22.815883]]]}},{"type":"Feature","properties":{"id":"65069441c16a","name":"高雄市岡山區嘉興國民小學","level":"國小","basis":"both","data_ym":"201208"},"geometry":{"type":"Polygon","coordinates":[[[120.305717,22.822013],[120.305721,22.821748],[120.306052,22.821746],[120.306044,22.821438],[120.306033,22.821195],[120.305743,22.821199],[120.305743,22.821167],[120.305697,22.821168],[120.305698,22.821077],[120.305452,22.821075],[120.30543,22.820727],[120.305237,22.820735],[120.305239,22.820795],[120.304749,22.820803],[120.304738,22.820935],[120.304737,22.82105],[120.30477,22.821724],[120.304768,22.82181],[120.305034,22.821828],[120.305277,22.821864],[120.305364,22.821866],[120.305396,22.821873],[120.305395,22.821877],[120.305606,22.821923],[120.3056,22.821982],[120.305717,22.822013]]]}},{"type":"Feature","properties":{"id":"0deb8b9818ab","name":"高雄市永安區新港國民小學","level":"國小","basis":"both","data_ym":"201208"},"geometry":{"type":"Polygon","coordinates":[[[120.20936,22.820781],[120.209353,22.820762],[120.209254,22.820781],[120.209188,22.820768],[120.208841,22.820682],[120.208833,22.820715],[120.208805,22.820771],[120.208794,22.820814],[120.208702,22.820995],[120.20863,22.821031],[120.208609,22.82107],[120.208616,22.821501],[120.208623,22.821582],[120.208773,22.821669],[120.208846,22.821671],[120.208903,22.821657],[120.209016,22.821579],[120.209253,22.821374],[120.209275,22.821346],[120.209305,22.821282],[120.209321,22.82119],[120.209346,22.820959],[120.20936,22.820781]]]}},{"type":"Feature","properties":{"id":"20de26dc61b0","name":"高雄市路竹區北嶺國民小學","level":"國小","basis":"both","data_ym":"201208"},"geometry":{"type":"Polygon","coordinates":[[[120.269827,22.82341],[120.269731,22.823113],[120.269239,22.823211],[120.269251,22.823296],[120.269267,22.823358],[120.269019,22.823378],[120.269037,22.823843],[120.269127,22.824289],[120.269347,22.824261],[120.269536,22.824218],[120.269432,22.823936],[120.269489,22.823859],[120.269969,22.823759],[120.269827,22.82341]]]}},{"type":"Feature","properties":{"id":"424128254f6e","name":"高雄市立大洲國民中學","level":"國中","basis":"both","data_ym":"201801"},"geometry":{"type":"Polygon","coordinates":[[[120.460989,22.835704],[120.461022,22.835506],[120.461081,22.835512],[120.46109,22.835427],[120.461104,22.835428],[120.461111,22.835359],[120.461057,22.835352],[120.461127,22.835047],[120.461575,22.835032],[120.461546,22.834315],[120.461321,22.834244],[120.461287,22.834242],[120.461196,22.834294],[120.461145,22.834375],[120.460344,22.834321],[120.460309,22.834399],[120.460247,22.834491],[120.460208,22.834537],[120.460098,22.834645],[120.460022,22.835133],[120.459935,22.835554],[120.460066,22.835572],[120.460063,22.835597],[120.460244,22.83562],[120.460237,22.835749],[120.460517,22.835742],[120.460989,22.835704]]]}},{"type":"Feature","properties":{"id":"fabc36ed1e01","name":"高雄市田寮區新興國民小學","level":"國小","basis":"both","data_ym":"202311"},"geometry":{"type":"Polygon","coordinates":[[[120.370309,22.835563],[120.37083,22.83522],[120.370831,22.835137],[120.370821,22.835035],[120.370799,22.834897],[120.370768,22.834786],[120.370751,22.834705],[120.370738,22.834563],[120.370721,22.834519],[120.370566,22.8344],[120.370554,22.834382],[120.370261,22.83441],[120.370245,22.8342],[120.369983,22.834216],[120.369562,22.834262],[120.369516,22.834271],[120.369494,22.834285],[120.369472,22.834305],[120.369453,22.834337],[120.369448,22.83437],[120.369579,22.834991],[120.369617,22.834986],[120.369644,22.835107],[120.369609,22.83513],[120.369672,22.835459],[120.369784,22.835452],[120.369852,22.835464],[120.370264,22.835417],[120.370286,22.835449],[120.370309,22.835563]]]}},{"type":"Feature","properties":{"id":"6ef6a945a2e2","name":"高雄市路竹區三埤國民小學","level":"國小","basis":"both","data_ym":"201208"},"geometry":{"type":"Polygon","coordinates":[[[120.280359,22.837125],[120.280372,22.837063],[120.28038,22.837056],[120.280385,22.837042],[120.280421,22.836905],[120.280474,22.83676],[120.280526,22.836586],[120.280592,22.836435],[120.28063,22.836372],[120.28031,22.836317],[120.280138,22.836305],[120.280061,22.836157],[120.279979,22.836143],[120.27996,22.836136],[120.279911,22.836131],[120.279857,22.836275],[120.279451,22.836152],[120.27916,22.836808],[120.279064,22.837085],[120.279197,22.837116],[120.27921,22.837086],[120.280086,22.837095],[120.280306,22.837115],[120.280359,22.837125]]]}},{"type":"Feature","properties":{"id":"4e6a424f206d","name":"臺鋼學校財團法人臺鋼科技大學","level":"大專","basis":"both","data_ym":"202407"},"geometry":{"type":"Polygon","coordinates":[[[120.266233,22.843078],[120.266325,22.842856],[120.266939,22.84297],[120.267029,22.842901],[120.267097,22.842888],[120.267136,22.842801],[120.267115,22.842259],[120.267635,22.842208],[120.268135,22.841837],[120.268157,22.841718],[120.268712,22.841413],[120.268772,22.841459],[120.268919,22.841643],[120.268988,22.841608],[120.269004,22.841583],[120.269047,22.841556],[120.269117,22.841524],[120.269332,22.841452],[120.268324,22.840125],[120.268071,22.839522],[120.268065,22.839462],[120.268659,22.839364],[120.26855,22.83904],[120.268507,22.838925],[120.268484,22.838888],[120.268427,22.838834],[120.267185,22.838235],[120.266858,22.838182],[120.266867,22.838395],[120.266925,22.838873],[120.266768,22.838892],[120.266467,22.838938],[120.266349,22.838973],[120.266385,22.839507],[120.266362,22.84045],[120.265954,22.841217],[120.264338,22.841078],[120.264201,22.841063],[120.264204,22.841019],[120.263956,22.840977],[120.263895,22.841289],[120.264841,22.841346],[120.264836,22.841593],[120.265806,22.841634],[120.265735,22.842517],[120.265849,22.843014],[120.266162,22.843104],[120.266233,22.843078]]]}},{"type":"Feature","properties":{"id":"7370b1b69a31","name":"高雄市旗山區溪洲國民小學","level":"國小","basis":"both","data_ym":"201801"},"geometry":{"type":"Polygon","coordinates":[[[120.465671,22.847843],[120.465614,22.847705],[120.465578,22.847716],[120.465542,22.847705],[120.465518,22.847634],[120.465532,22.847608],[120.465559,22.847594],[120.465396,22.847119],[120.465343,22.847128],[120.465312,22.847027],[120.465236,22.847044],[120.464794,22.847043],[120.463813,22.847287],[120.463784,22.84719],[120.463497,22.847237],[120.463494,22.847282],[120.463495,22.847419],[120.463511,22.847462],[120.46358,22.847545],[120.463762,22.847711],[120.464236,22.848081],[120.464451,22.84827],[120.464462,22.848299],[120.464503,22.848578],[120.464688,22.848408],[120.464798,22.84833],[120.464881,22.848263],[120.465155,22.848096],[120.465297,22.848017],[120.465549,22.847903],[120.465671,22.847843]]]}},{"type":"Feature","properties":{"id":"b6093d2c7ec0","name":"高雄市阿蓮區復安國民小學","level":"國小","basis":"both","data_ym":"202311"},"geometry":{"type":"Polygon","coordinates":[[[120.324008,22.849595],[120.324149,22.849564],[120.324151,22.849585],[120.324317,22.849543],[120.324345,22.849641],[120.324497,22.849605],[120.324257,22.848756],[120.323343,22.848935],[120.323389,22.849116],[120.323386,22.849128],[120.322901,22.849218],[120.322927,22.849334],[120.322915,22.849337],[120.322972,22.849538],[120.323023,22.849765],[120.324008,22.849595]]]}},{"type":"Feature","properties":{"id":"1572bb551dd3","name":"高雄市立路竹高級中學","level":"高中職","basis":"both","data_ym":"201208"},"geometry":{"type":"Polygon","coordinates":[[[120.250949,22.853606],[120.250881,22.853569],[120.250875,22.853627],[120.250886,22.853697],[120.251034,22.854216],[120.25104,22.854268],[120.251027,22.854362],[120.251127,22.854901],[120.251128,22.854942],[120.251121,22.855029],[120.251095,22.855227],[120.251094,22.855231],[120.250928,22.855259],[120.25059,22.855983],[120.250593,22.855999],[120.25153,22.856392],[120.251716,22.856465],[120.252331,22.856684],[120.252757,22.856792],[120.252928,22.856852],[120.252937,22.856851],[120.253753,22.855526],[120.253757,22.855515],[120.252335,22.85456],[120.252236,22.854507],[120.252258,22.854474],[120.250949,22.853606]]]}},{"type":"Feature","properties":{"id":"43ab7b7f0bf3","name":"高雄市路竹區路竹國民小學","level":"國小","basis":"both","data_ym":"201503"},"geometry":{"type":"Polygon","coordinates":[[[120.258888,22.855526],[120.258667,22.855517],[120.258608,22.855522],[120.258573,22.855542],[120.258555,22.855574],[120.258544,22.856297],[120.258755,22.856516],[120.258898,22.85686],[120.259035,22.857126],[120.259221,22.857362],[120.259439,22.857278],[120.259876,22.857139],[120.259953,22.857111],[120.259972,22.857099],[120.259982,22.85705],[120.259878,22.85663],[120.259881,22.8566],[120.259815,22.856267],[120.259795,22.856245],[120.259769,22.856234],[120.259577,22.855541],[120.258888,22.855526]]]}},{"type":"Feature","properties":{"id":"d4844091af10","name":"高雄市路竹區蔡文國民小學","level":"國小","basis":"both","data_ym":"201710"},"geometry":{"type":"Polygon","coordinates":[[[120.255603,22.860158],[120.255499,22.86016],[120.25528,22.861397],[120.255759,22.861472],[120.256752,22.861615],[120.256759,22.861606],[120.25681,22.860585],[120.256858,22.860397],[120.256776,22.860384],[120.256785,22.860332],[120.255597,22.860202],[120.255603,22.860158]]]}},{"type":"Feature","properties":{"id":"c1cdd9a5cd6a","name":"高雄市路竹區竹滬國民小學","level":"國小","basis":"both","data_ym":"202309"},"geometry":{"type":"Polygon","coordinates":[[[120.230749,22.863038],[120.230758,22.862301],[120.230765,22.862045],[120.230707,22.861979],[120.230492,22.861924],[120.230495,22.861936],[120.230475,22.861948],[120.23042,22.861946],[120.230394,22.861937],[120.230389,22.86192],[120.230361,22.861907],[120.230316,22.861897],[120.230312,22.861889],[120.230315,22.86188],[120.230154,22.861845],[120.230149,22.861872],[120.230133,22.861868],[120.230126,22.861898],[120.230142,22.861902],[120.230104,22.862015],[120.230006,22.862491],[120.229944,22.86275],[120.229786,22.862711],[120.229701,22.863067],[120.229793,22.863087],[120.229785,22.863111],[120.229949,22.863145],[120.229929,22.863225],[120.230708,22.863437],[120.230739,22.863211],[120.230749,22.863038]]]}},{"type":"Feature","properties":{"id":"3c637bd80274","name":"高雄市立田寮國民中學","level":"國中","basis":"both","data_ym":"202311"},"geometry":{"type":"Polygon","coordinates":[[[120.360899,22.862485],[120.360597,22.862481],[120.360537,22.862465],[120.360302,22.862383],[120.360278,22.86239],[120.360225,22.862429],[120.360197,22.86244],[120.359999,22.862494],[120.359976,22.862517],[120.360064,22.862572],[120.360115,22.862597],[120.360112,22.86268],[120.360136,22.862991],[120.360438,22.863003],[120.36044,22.863756],[120.360471,22.864487],[120.361077,22.864453],[120.361062,22.863709],[120.361062,22.863583],[120.361069,22.863407],[120.361075,22.86338],[120.361085,22.863363],[120.361114,22.863338],[120.361156,22.863316],[120.361247,22.863295],[120.36128,22.863281],[120.361311,22.863259],[120.361322,22.863246],[120.36134,22.863204],[120.361354,22.863154],[120.361389,22.863001],[120.361401,22.862896],[120.361396,22.862831],[120.361382,22.862788],[120.361312,22.862633],[120.36129,22.862593],[120.361252,22.862542],[120.361226,22.862522],[120.361196,22.86251],[120.360899,22.862485]]]}},{"type":"Feature","properties":{"id":"0c5f14a35913","name":"高雄市路竹區大社國民小學","level":"國小","basis":"both","data_ym":"201208"},"geometry":{"type":"Polygon","coordinates":[[[120.265452,22.867106],[120.265364,22.866878],[120.265261,22.866677],[120.264911,22.866287],[120.264871,22.866276],[120.264669,22.86629],[120.264426,22.866318],[120.264221,22.866351],[120.264204,22.866357],[120.264187,22.866386],[120.264184,22.866456],[120.264176,22.866485],[120.264182,22.866989],[120.264217,22.866989],[120.264215,22.867091],[120.264301,22.86709],[120.264298,22.867505],[120.264308,22.868059],[120.26452,22.868071],[120.264494,22.868362],[120.264856,22.868401],[120.264926,22.868423],[120.26548,22.868511],[120.265478,22.868292],[120.265493,22.868159],[120.265541,22.867839],[120.265546,22.867749],[120.265541,22.867587],[120.265525,22.867429],[120.26549,22.86725],[120.265452,22.867106]]]}},{"type":"Feature","properties":{"id":"cf6b01298bae","name":"高雄市立一甲國民中學","level":"國中","basis":"both","data_ym":"201710"},"geometry":{"type":"Polygon","coordinates":[[[120.272578,22.867433],[120.272515,22.867432],[120.272416,22.867452],[120.272218,22.867551],[120.272153,22.867589],[120.271992,22.867697],[120.271894,22.867741],[120.27168,22.867824],[120.271448,22.867883],[120.271218,22.867962],[120.27118,22.867979],[120.271323,22.868283],[120.2716,22.868838],[120.271619,22.868839],[120.271667,22.868922],[120.271647,22.868937],[120.271723,22.869082],[120.271787,22.869215],[120.272947,22.868796],[120.273093,22.86874],[120.273116,22.868651],[120.27312,22.868559],[120.273115,22.868516],[120.272632,22.867458],[120.272616,22.867441],[120.272578,22.867433]]]}},{"type":"Feature","properties":{"id":"f66f2f7e4708","name":"高雄市路竹區下坑國民小學","level":"國小","basis":"both","data_ym":"201208"},"geometry":{"type":"Polygon","coordinates":[[[120.290901,22.869677],[120.291559,22.869391],[120.291556,22.869378],[120.291819,22.869286],[120.291825,22.869302],[120.291861,22.86929],[120.29186,22.869262],[120.291581,22.868478],[120.290875,22.86874],[120.290682,22.868815],[120.290684,22.868823],[120.290408,22.868932],[120.290449,22.869093],[120.290487,22.869084],[120.290513,22.869172],[120.290471,22.869187],[120.290552,22.869506],[120.290806,22.869437],[120.290901,22.869677]]]}},{"type":"Feature","properties":{"id":"e9555b94dcbe","name":"高雄市阿蓮區阿蓮國民小學峰山分校","level":"大專","basis":"branch","data_ym":"201711"},"geometry":{"type":"Polygon","coordinates":[[[120.350076,22.876902],[120.350124,22.876805],[120.350241,22.876848],[120.350245,22.876765],[120.35026,22.876645],[120.350298,22.876494],[120.350316,22.876447],[120.350152,22.87631],[120.350008,22.87615],[120.34989,22.876059],[120.349816,22.876211],[120.349578,22.876615],[120.349756,22.876721],[120.349797,22.87675],[120.34976,22.876827],[120.349834,22.876863],[120.349849,22.876838],[120.349975,22.8769],[120.349992,22.876865],[120.350076,22.876902]]]}},{"type":"Feature","properties":{"id":"3a93edc3ebe5","name":"高雄市茄萣區興達國民小學","level":"國小","basis":"both","data_ym":"201208"},"geometry":{"type":"Polygon","coordinates":[[[120.197439,22.875781],[120.197346,22.875768],[120.197183,22.875737],[120.197171,22.875774],[120.196594,22.875632],[120.196585,22.875655],[120.196503,22.875632],[120.196501,22.875636],[120.196343,22.875582],[120.196352,22.875554],[120.19594,22.875424],[120.195933,22.875442],[120.195883,22.87543],[120.195573,22.876424],[120.195592,22.876446],[120.196432,22.876609],[120.19675,22.876709],[120.196738,22.876743],[120.197234,22.8769],[120.197252,22.876904],[120.197297,22.876899],[120.197331,22.876882],[120.197355,22.876849],[120.19769,22.8759],[120.197664,22.875853],[120.197439,22.875781]]]}},{"type":"Feature","properties":{"id":"2e527b119b6c","name":"高雄市田寮區崇德國民小學","level":"國小","basis":"both","data_ym":"201711"},"geometry":{"type":"Polygon","coordinates":[[[120.379373,22.877345],[120.379254,22.87719],[120.379219,22.877169],[120.379143,22.877155],[120.379093,22.877185],[120.379049,22.877203],[120.378944,22.877208],[120.378902,22.877227],[120.378854,22.877276],[120.378585,22.87729],[120.378505,22.877263],[120.378298,22.877222],[120.378265,22.877251],[120.378253,22.877284],[120.378248,22.877347],[120.378253,22.877379],[120.378685,22.87817],[120.378793,22.878536],[120.379086,22.878355],[120.379155,22.878319],[120.379188,22.878308],[120.379453,22.878257],[120.379699,22.878231],[120.379588,22.877826],[120.379521,22.877558],[120.379373,22.877345]]]}},{"type":"Feature","properties":{"id":"41c416e1ccb2","name":"高雄市立旗山國民中學","level":"國中","basis":"both","data_ym":"201208"},"geometry":{"type":"Polygon","coordinates":[[[120.480892,22.881721],[120.481151,22.881604],[120.481679,22.881379],[120.481986,22.881254],[120.481659,22.880562],[120.48188,22.880473],[120.481579,22.879833],[120.481831,22.879731],[120.481552,22.879135],[120.481574,22.879128],[120.48156,22.879099],[120.481047,22.879305],[120.481006,22.879274],[120.480956,22.87925],[120.480818,22.879249],[120.480734,22.879271],[120.480653,22.879316],[120.480615,22.879344],[120.480534,22.879386],[120.480382,22.879486],[120.480199,22.879594],[120.480162,22.879648],[120.480137,22.87972],[120.480086,22.879788],[120.48,22.879842],[120.479931,22.879869],[120.479772,22.879921],[120.479528,22.879933],[120.479356,22.879926],[120.479591,22.880379],[120.480183,22.881634],[120.480707,22.881408],[120.480813,22.881614],[120.480835,22.881601],[120.480859,22.881637],[120.480885,22.881629],[120.480905,22.88168],[120.480875,22.881685],[120.480892,22.881721]]]}},{"type":"Feature","properties":{"id":"5b910dfaaab9","name":"高雄市旗山區旗尾國民小學","level":"國小","basis":"both","data_ym":"202107"},"geometry":{"type":"Polygon","coordinates":[[[120.492502,22.88257],[120.492629,22.882351],[120.492864,22.882473],[120.492902,22.882407],[120.492908,22.882393],[120.492675,22.882272],[120.492619,22.882233],[120.492846,22.881922],[120.491646,22.881904],[120.491162,22.881902],[120.491078,22.881905],[120.491079,22.882177],[120.491128,22.88218],[120.491184,22.88222],[120.491247,22.882229],[120.491276,22.882246],[120.49135,22.882315],[120.491345,22.882491],[120.491479,22.882491],[120.49182,22.882607],[120.492017,22.882646],[120.492071,22.882667],[120.492373,22.88275],[120.49245,22.882635],[120.492502,22.88257]]]}},{"type":"Feature","properties":{"id":"a1c58ecebf42","name":"樹人醫護管理專科學校","level":"大專","basis":"both","data_ym":"202309"},"geometry":{"type":"Polygon","coordinates":[[[120.26344,22.884656],[120.2635,22.884656],[120.263679,22.884668],[120.26368,22.884603],[120.263636,22.883965],[120.263958,22.883933],[120.263872,22.883211],[120.263832,22.88282],[120.263833,22.882787],[120.263574,22.882748],[120.263424,22.882714],[120.263344,22.882686],[120.263271,22.882651],[120.263231,22.882629],[120.263172,22.882584],[120.263132,22.88254],[120.263093,22.88248],[120.263002,22.882278],[120.262938,22.882106],[120.262898,22.881753],[120.262149,22.881869],[120.261921,22.881607],[120.261521,22.880942],[120.260767,22.881053],[120.260738,22.881064],[120.260724,22.88108],[120.26072,22.881091],[120.26072,22.881176],[120.260779,22.882333],[120.260699,22.882338],[120.260715,22.882789],[120.260728,22.882999],[120.260732,22.88317],[120.260726,22.883402],[120.260703,22.883686],[120.260705,22.883845],[120.260714,22.883931],[120.260847,22.884563],[120.260864,22.884613],[120.260887,22.884642],[120.260923,22.884669],[120.261224,22.884772],[120.261438,22.884855],[120.261479,22.884865],[120.261593,22.884869],[120.262202,22.884798],[120.262362,22.88476],[120.262427,22.884748],[120.262804,22.884702],[120.263135,22.884675],[120.26344,22.884656]]]}},{"type":"Feature","properties":{"id":"c74ab61c8c0e","name":"高雄市立阿蓮國民中學1","level":"國中","basis":"both","data_ym":"201711"},"geometry":{"type":"Polygon","coordinates":[[[120.327464,22.884771],[120.327212,22.884638],[120.327134,22.885109],[120.327121,22.885258],[120.32712,22.885438],[120.326985,22.88587],[120.327115,22.88568],[120.327572,22.885047],[120.32766,22.884913],[120.327634,22.884899],[120.327585,22.884861],[120.327494,22.88482],[120.327498,22.884804],[120.32746,22.884794],[120.327464,22.884771]]]}},{"type":"Feature","properties":{"id":"61df2db49b37","name":"國立旗美高級中學","level":"高中職","basis":"both","data_ym":"201707"},"geometry":{"type":"Polygon","coordinates":[[[120.493462,22.887116],[120.493467,22.887047],[120.494092,22.887074],[120.494136,22.886757],[120.494318,22.885891],[120.494403,22.885875],[120.494497,22.885675],[120.494503,22.88555],[120.49454,22.885549],[120.494688,22.885562],[120.494705,22.885],[120.495003,22.885016],[120.495015,22.884823],[120.495067,22.884212],[120.495059,22.884199],[120.494767,22.884055],[120.494658,22.884009],[120.494258,22.883803],[120.494111,22.884349],[120.493988,22.884708],[120.493852,22.884673],[120.493799,22.884862],[120.493305,22.884732],[120.493235,22.884921],[120.493168,22.885121],[120.493098,22.885374],[120.493054,22.885472],[120.492975,22.885721],[120.492942,22.886168],[120.492998,22.886685],[120.49301,22.887092],[120.493462,22.887116]]]}},{"type":"Feature","properties":{"id":"03aa29438d33","name":"高雄市立阿蓮國民中學","level":"國中","basis":"both","data_ym":"202311"},"geometry":{"type":"Polygon","coordinates":[[[120.326964,22.88581],[120.327069,22.885467],[120.327088,22.885171],[120.327168,22.884684],[120.32716,22.884683],[120.327176,22.884611],[120.327123,22.884594],[120.327017,22.884589],[120.326941,22.884607],[120.32665,22.88462],[120.326187,22.884563],[120.325862,22.885039],[120.325796,22.885159],[120.325783,22.885176],[120.325762,22.885164],[120.32572,22.885228],[120.325737,22.885237],[120.325425,22.885651],[120.325396,22.885632],[120.325136,22.886009],[120.325136,22.886015],[120.326148,22.886638],[120.326197,22.886661],[120.326219,22.886663],[120.32627,22.886658],[120.326289,22.88665],[120.32631,22.886628],[120.326495,22.886409],[120.32683,22.886053],[120.326892,22.885971],[120.32692,22.885916],[120.326964,22.88581]]]}},{"type":"Feature","properties":{"id":"c2bd5850b678","name":"高雄市旗山區旗山國民小學","level":"國小","basis":"both","data_ym":"201711"},"geometry":{"type":"Polygon","coordinates":[[[120.481633,22.888453],[120.481627,22.888208],[120.48121,22.888211],[120.481187,22.888237],[120.48102,22.888248],[120.480991,22.888229],[120.480138,22.888271],[120.480116,22.888282],[120.4801,22.888301],[120.480121,22.888787],[120.480119,22.889077],[120.481446,22.889119],[120.481448,22.889146],[120.481611,22.889152],[120.481633,22.888453]]]}},{"type":"Feature","properties":{"id":"f87d7c68f6e8","name":"高雄市湖內區大湖國民小學","level":"國小","basis":"both","data_ym":"201710"},"geometry":{"type":"Polygon","coordinates":[[[120.245409,22.887408],[120.245082,22.887236],[120.245065,22.887257],[120.245033,22.887286],[120.244987,22.887255],[120.244945,22.887194],[120.244166,22.887117],[120.244098,22.887175],[120.244058,22.887465],[120.244083,22.88748],[120.244075,22.887578],[120.244042,22.887604],[120.244041,22.887718],[120.244011,22.888003],[120.244157,22.888015],[120.244146,22.888167],[120.244621,22.888205],[120.24471,22.888126],[120.244959,22.88789],[120.245221,22.887626],[120.245323,22.887515],[120.245409,22.887408]]]}},{"type":"Feature","properties":{"id":"e3fd965f357e","name":"高雄市茄萣區成功國民小學","level":"國小","basis":"both","data_ym":"201712"},"geometry":{"type":"Polygon","coordinates":[[[120.186681,22.889034],[120.186816,22.887502],[120.186762,22.887495],[120.186769,22.887446],[120.186689,22.88743],[120.186691,22.88742],[120.185741,22.887241],[120.185679,22.887687],[120.185519,22.887673],[120.185409,22.888508],[120.185363,22.88892],[120.186681,22.889034]]]}},{"type":"Feature","properties":{"id":"8df301f6e1ad","name":"高雄市阿蓮區中路國民小學","level":"國小","basis":"both","data_ym":"201208"},"geometry":{"type":"Polygon","coordinates":[[[120.299618,22.895283],[120.299727,22.895144],[120.299726,22.894971],[120.299704,22.894785],[120.299569,22.894802],[120.299538,22.894772],[120.29953,22.894473],[120.298886,22.894518],[120.298472,22.894556],[120.297964,22.894582],[120.298052,22.894916],[120.298093,22.895129],[120.298287,22.89511],[120.298305,22.895268],[120.298952,22.895195],[120.299072,22.895218],[120.299372,22.89521],[120.299392,22.895915],[120.299599,22.895916],[120.299593,22.895544],[120.299618,22.895283]]]}},{"type":"Feature","properties":{"id":"ed524f1ecd74","name":"高雄市湖內區海埔國民小學","level":"國小","basis":"both","data_ym":"201208"},"geometry":{"type":"Polygon","coordinates":[[[120.22538,22.89642],[120.225533,22.896381],[120.22559,22.896384],[120.225672,22.896406],[120.226423,22.896226],[120.226399,22.896159],[120.22642,22.896154],[120.226129,22.895243],[120.225415,22.895448],[120.22498,22.895552],[120.225075,22.895856],[120.225118,22.895964],[120.225154,22.89607],[120.225123,22.896081],[120.225134,22.896124],[120.225113,22.896129],[120.225137,22.896216],[120.225148,22.896213],[120.225164,22.896271],[120.225155,22.896273],[120.22519,22.896404],[120.225353,22.896393],[120.225364,22.896399],[120.22538,22.89642]]]}},{"type":"Feature","properties":{"id":"de5cd81a34e1","name":"高雄市旗山區鼓山國民小學","level":"國小","basis":"both","data_ym":"201208"},"geometry":{"type":"Polygon","coordinates":[[[120.483746,22.898557],[120.483523,22.89825],[120.483186,22.898426],[120.483044,22.898224],[120.481933,22.898831],[120.481913,22.898853],[120.481907,22.898891],[120.482648,22.900048],[120.482668,22.900048],[120.4833,22.899739],[120.484221,22.899262],[120.484242,22.899243],[120.484056,22.898874],[120.483928,22.898664],[120.483746,22.898557]]]}},{"type":"Feature","properties":{"id":"cf8271a4aefb","name":"實踐大學高雄校區","level":"大專","basis":"branch","data_ym":"201711"},"geometry":{"type":"Polygon","coordinates":[[[120.47085,22.903908],[120.470871,22.903641],[120.470902,22.903385],[120.47076,22.903177],[120.470634,22.903103],[120.470548,22.90311],[120.470445,22.903176],[120.470326,22.903285],[120.470192,22.903365],[120.47009,22.903372],[120.469956,22.903327],[120.469853,22.903305],[120.469743,22.903341],[120.469656,22.903458],[120.4696,22.903545],[120.469498,22.903632],[120.469379,22.90369],[120.469245,22.903697],[120.469119,22.903639],[120.469009,22.903616],[120.468867,22.903623],[120.468773,22.903667],[120.468646,22.903695],[120.468497,22.903666],[120.468379,22.9036],[120.468324,22.903519],[120.468199,22.903351],[120.468129,22.903131],[120.468074,22.902876],[120.46806,22.902576],[120.468107,22.902496],[120.468171,22.902423],[120.468281,22.902373],[120.468408,22.9023],[120.468495,22.902227],[120.468495,22.902118],[120.468393,22.902074],[120.468204,22.902037],[120.468054,22.902022],[120.467952,22.901963],[120.467881,22.901875],[120.46778,22.901685],[120.467686,22.901444],[120.467584,22.901312],[120.467576,22.901239],[120.467609,22.901093],[120.46768,22.901013],[120.46779,22.900918],[120.467901,22.900795],[120.467925,22.900671],[120.46791,22.90059],[120.467808,22.900539],[120.467634,22.900531],[120.467366,22.900647],[120.467334,22.90072],[120.467279,22.9008],[120.467192,22.900865],[120.467042,22.900938],[120.466836,22.900995],[120.466826,22.901005],[120.466826,22.901028],[120.466811,22.90111],[120.46669,22.901507],[120.466679,22.901571],[120.466682,22.901583],[120.46682,22.901635],[120.466927,22.90169],[120.467015,22.901746],[120.4671,22.901808],[120.467171,22.901875],[120.467051,22.902011],[120.466944,22.902109],[120.466698,22.90206],[120.466608,22.902064],[120.466396,22.902089],[120.466235,22.902089],[120.466126,22.902135],[120.466055,22.902198],[120.46591,22.902377],[120.465767,22.90243],[120.465729,22.902465],[120.465727,22.902495],[120.465742,22.902542],[120.465766,22.902667],[120.465721,22.902905],[120.465727,22.902961],[120.466102,22.903658],[120.466129,22.903747],[120.46613,22.903819],[120.466117,22.903878],[120.466078,22.903999],[120.465955,22.904235],[120.465811,22.904285],[120.465766,22.904344],[120.465677,22.904801],[120.465649,22.904887],[120.465596,22.904977],[120.465571,22.905085],[120.465573,22.905144],[120.465597,22.90521],[120.465825,22.905644],[120.465983,22.90607],[120.466125,22.906359],[120.466151,22.906444],[120.466207,22.906519],[120.466435,22.906801],[120.466478,22.906869],[120.466496,22.906943],[120.466485,22.90701],[120.466464,22.907043],[120.466213,22.907289],[120.466208,22.907384],[120.466609,22.908112],[120.466754,22.908318],[120.466808,22.908407],[120.467052,22.908676],[120.46714,22.908805],[120.467219,22.909026],[120.467247,22.909449],[120.467286,22.909688],[120.467335,22.909664],[120.467416,22.909635],[120.467943,22.909507],[120.469095,22.909243],[120.46943,22.909156],[120.469487,22.909132],[120.469774,22.908993],[120.469889,22.908959],[120.470158,22.908891],[120.470266,22.90886],[120.470293,22.908845],[120.4703,22.908829],[120.470306,22.908802],[120.470305,22.908742],[120.470289,22.908642],[120.47027,22.908561],[120.470137,22.908197],[120.470059,22.907967],[120.469956,22.90769],[120.469841,22.907434],[120.46981,22.907378],[120.469684,22.907112],[120.46968,22.907083],[120.469537,22.906792],[120.46947,22.90663],[120.469458,22.906586],[120.469444,22.906475],[120.469453,22.906295],[120.469474,22.90619],[120.469508,22.906084],[120.469565,22.905973],[120.469711,22.905744],[120.469725,22.905728],[120.469787,22.905669],[120.469839,22.905627],[120.469926,22.90557],[120.470101,22.905463],[120.47033,22.90534],[120.470575,22.905188],[120.470645,22.905119],[120.47068,22.905077],[120.470708,22.90502],[120.470727,22.904952],[120.470739,22.904859],[120.470737,22.904786],[120.47076,22.904499],[120.47077,22.904477],[120.47085,22.903908]]]}},{"type":"Feature","properties":{"id":"51eafa742efb","name":"高雄市立圓富國民中學","level":"國中","basis":"both","data_ym":"202310"},"geometry":{"type":"Polygon","coordinates":[[[120.499973,22.929525],[120.500228,22.929403],[120.500095,22.929085],[120.501128,22.928721],[120.501188,22.928611],[120.501174,22.928569],[120.500983,22.928316],[120.500886,22.928131],[120.500734,22.928211],[120.500726,22.928197],[120.500047,22.928429],[120.499934,22.928189],[120.498621,22.928712],[120.498882,22.929472],[120.499099,22.929416],[120.499413,22.930088],[120.499481,22.930047],[120.499744,22.929963],[120.500025,22.929855],[120.500112,22.929811],[120.499973,22.929525]]]}},{"type":"Feature","properties":{"id":"edefda523de7","name":"高雄市旗山區圓潭國民小學","level":"國小","basis":"both","data_ym":"201208"},"geometry":{"type":"Polygon","coordinates":[[[120.503809,22.933403],[120.503554,22.932996],[120.502659,22.933299],[120.502815,22.933637],[120.502897,22.933837],[120.503009,22.93407],[120.503057,22.934155],[120.50402,22.933844],[120.503809,22.933403]]]}},{"type":"Feature","properties":{"id":"d1286bdb113a","name":"高雄市內門區木柵國民小學","level":"國小","basis":"both","data_ym":"202107"},"geometry":{"type":"Polygon","coordinates":[[[120.467302,22.976111],[120.467292,22.976],[120.467348,22.976],[120.467624,22.97597],[120.467621,22.975851],[120.468106,22.975848],[120.468124,22.975291],[120.467787,22.975282],[120.467742,22.975322],[120.467663,22.975329],[120.467632,22.975311],[120.467607,22.975287],[120.467532,22.975296],[120.467418,22.975336],[120.467085,22.975395],[120.467,22.975404],[120.467006,22.975546],[120.467002,22.975579],[120.466994,22.975596],[120.466974,22.975608],[120.466978,22.975731],[120.466996,22.975774],[120.467033,22.975839],[120.467119,22.975968],[120.467142,22.976029],[120.467157,22.976116],[120.467163,22.976128],[120.467302,22.976111]]]}},{"type":"Feature","properties":{"id":"1b56565a94aa","name":"高雄市內門區溝坪國民小學","level":"國小","basis":"both","data_ym":"201801"},"geometry":{"type":"Polygon","coordinates":[[[120.501446,22.99346],[120.501553,22.99342],[120.501613,22.993435],[120.501714,22.993178],[120.501785,22.993096],[120.501897,22.993106],[120.501903,22.993032],[120.501882,22.992946],[120.501837,22.992834],[120.501676,22.99278],[120.501503,22.992749],[120.501449,22.992693],[120.50133,22.992476],[120.501101,22.992484],[120.501108,22.992568],[120.501054,22.992593],[120.500957,22.992853],[120.500945,22.992961],[120.500962,22.993089],[120.500939,22.993124],[120.500908,22.993142],[120.500816,22.993317],[120.500771,22.993484],[120.501305,22.993669],[120.501355,22.99355],[120.501399,22.993493],[120.501446,22.99346]]]}},{"type":"Feature","properties":{"id":"aaacdcefa9d5","name":"高雄市杉林區月美國民小學","level":"國小","basis":"both","data_ym":"201801"},"geometry":{"type":"Polygon","coordinates":[[[120.536258,22.958683],[120.535562,22.957825],[120.534827,22.958542],[120.534944,22.958678],[120.535041,22.958781],[120.535133,22.958863],[120.535482,22.959116],[120.535576,22.959202],[120.535613,22.959252],[120.535639,22.959297],[120.535683,22.959262],[120.536118,22.958872],[120.53626,22.95877],[120.536266,22.958698],[120.536258,22.958683]]]}},{"type":"Feature","properties":{"id":"2a8c2e4e21de","name":"高雄市立巴楠花部落國民中小學","level":"國中","basis":"moe","data_ym":"202311"},"geometry":{"type":"Polygon","coordinates":[[[120.539624,22.966068],[120.539753,22.966065],[120.540069,22.966072],[120.54012,22.966069],[120.540086,22.965877],[120.540018,22.965427],[120.540008,22.965289],[120.540014,22.965247],[120.54004,22.965175],[120.54008,22.965102],[120.540136,22.965036],[120.540165,22.96501],[120.539945,22.964849],[120.53907,22.964224],[120.538632,22.96475],[120.538441,22.964813],[120.538522,22.965008],[120.538578,22.965043],[120.538598,22.965064],[120.53863,22.965111],[120.538657,22.965196],[120.538656,22.965272],[120.538638,22.965365],[120.538568,22.965438],[120.538406,22.965582],[120.538304,22.965717],[120.538222,22.965894],[120.5382,22.965976],[120.538198,22.966026],[120.538213,22.966064],[120.53824,22.966092],[120.538278,22.966111],[120.538483,22.966134],[120.53895,22.966163],[120.539104,22.966166],[120.539181,22.966155],[120.539309,22.966132],[120.539496,22.966083],[120.539624,22.966068]]]}},{"type":"Feature","properties":{"id":"959fe7979a95","name":"高雄市立杉林國民中學","level":"國中","basis":"both","data_ym":"201208"},"geometry":{"type":"Polygon","coordinates":[[[120.540722,22.969164],[120.541322,22.968737],[120.541645,22.968534],[120.542392,22.968003],[120.542262,22.967869],[120.54223,22.967896],[120.542111,22.96776],[120.542064,22.967787],[120.541906,22.967606],[120.541935,22.967546],[120.541606,22.967167],[120.541539,22.967167],[120.541245,22.966855],[120.541193,22.967025],[120.541146,22.967091],[120.541024,22.96712],[120.540991,22.967138],[120.540902,22.967211],[120.540272,22.967658],[120.540293,22.968793],[120.540348,22.968844],[120.540416,22.968795],[120.540507,22.968907],[120.540527,22.96898],[120.540722,22.969164]]]}},{"type":"Feature","properties":{"id":"c2ad12657de2","name":"高雄市杉林區上平國民小學","level":"國小","basis":"both","data_ym":"201711"},"geometry":{"type":"Polygon","coordinates":[[[120.545018,22.976596],[120.544661,22.976172],[120.544635,22.976203],[120.54437,22.975894],[120.544335,22.97588],[120.544268,22.975885],[120.544238,22.975893],[120.54336,22.976619],[120.543371,22.976703],[120.543529,22.976835],[120.543599,22.976843],[120.543715,22.976943],[120.543705,22.976986],[120.543844,22.977117],[120.54408,22.977313],[120.544217,22.977216],[120.545018,22.976596]]]}},{"type":"Feature","properties":{"id":"b06826e6eb16","name":"高雄市杉林區新庄國民小學","level":"國小","basis":"both","data_ym":"201208"},"geometry":{"type":"Polygon","coordinates":[[[120.56108,22.989974],[120.560879,22.989803],[120.560803,22.989881],[120.560604,22.989571],[120.560463,22.989334],[120.560171,22.988934],[120.560086,22.988857],[120.559993,22.98883],[120.559945,22.988838],[120.559682,22.988839],[120.559657,22.988848],[120.559456,22.988943],[120.559386,22.988985],[120.559346,22.98905],[120.559339,22.989082],[120.559346,22.989108],[120.559447,22.98921],[120.55972,22.989432],[120.560083,22.989696],[120.560486,22.989976],[120.560678,22.990067],[120.560707,22.990075],[120.56077,22.99008],[120.560864,22.990081],[120.560932,22.990095],[120.560978,22.990118],[120.56108,22.989974]]]}},{"type":"Feature","properties":{"id":"c6ebce36ed7e","name":"高雄市立六龜高級中學","level":"高中職","basis":"both","data_ym":"201801"},"geometry":{"type":"Polygon","coordinates":[[[120.634389,22.99386],[120.634373,22.993843],[120.634343,22.993835],[120.634232,22.993831],[120.634236,22.99381],[120.634271,22.993815],[120.634385,22.993821],[120.634395,22.993766],[120.634967,22.993897],[120.63507,22.993912],[120.635208,22.993912],[120.635343,22.993927],[120.635401,22.993709],[120.635446,22.993517],[120.635515,22.993254],[120.635597,22.993017],[120.635697,22.992713],[120.635694,22.99269],[120.63568,22.992679],[120.635559,22.992636],[120.635491,22.992596],[120.635524,22.992437],[120.635506,22.992404],[120.635492,22.992388],[120.63547,22.992374],[120.635448,22.992368],[120.635153,22.992313],[120.635026,22.992302],[120.634419,22.992271],[120.634118,22.992266],[120.634106,22.992276],[120.634091,22.992297],[120.634026,22.992455],[120.633991,22.99256],[120.633982,22.992614],[120.633978,22.992653],[120.633977,22.992775],[120.633981,22.993083],[120.633973,22.993233],[120.633955,22.993306],[120.633934,22.99335],[120.633759,22.99364],[120.633696,22.993764],[120.63364,22.993858],[120.634051,22.993927],[120.634069,22.993852],[120.634193,22.993856],[120.634183,22.99395],[120.634176,22.994137],[120.634366,22.994138],[120.634376,22.994138],[120.634383,22.99409],[120.634389,22.99386]]]}},{"type":"Feature","properties":{"id":"125cb784c035","name":"高雄市六龜區龍興國民小學","level":"國小","basis":"both","data_ym":"201801"},"geometry":{"type":"Polygon","coordinates":[[[120.64607,22.994175],[120.646249,22.993565],[120.645768,22.993442],[120.645326,22.993355],[120.644973,22.993257],[120.64428,22.993056],[120.644124,22.993554],[120.644165,22.993562],[120.644101,22.993822],[120.644101,22.993845],[120.644112,22.993859],[120.644163,22.993871],[120.644341,22.993896],[120.644394,22.993639],[120.644708,22.993692],[120.644651,22.993949],[120.645869,22.994146],[120.64607,22.994175]]]}},{"type":"Feature","properties":{"id":"e56359290fed","name":"高雄市六龜區六龜國民小學","level":"國小","basis":"both","data_ym":"201801"},"geometry":{"type":"Polygon","coordinates":[[[120.634405,22.99685],[120.634527,22.996577],[120.634514,22.996534],[120.634556,22.996434],[120.634597,22.996423],[120.634646,22.996326],[120.634371,22.996212],[120.634456,22.99601],[120.634238,22.995898],[120.633912,22.995758],[120.634069,22.995521],[120.634049,22.995487],[120.634021,22.99547],[120.633927,22.995449],[120.633898,22.995447],[120.633861,22.995454],[120.633684,22.995376],[120.633622,22.995342],[120.633635,22.995307],[120.633519,22.99525],[120.633497,22.995281],[120.633489,22.99537],[120.633476,22.995402],[120.633434,22.995454],[120.633325,22.99555],[120.633157,22.995682],[120.632837,22.995908],[120.633239,22.99629],[120.63328,22.996255],[120.63398,22.99654],[120.633921,22.996663],[120.63416,22.996758],[120.634162,22.996754],[120.634405,22.99685]]]}},{"type":"Feature","properties":{"id":"8e2e548b5b5e","name":"高雄市杉林區杉林國民小學","level":"國小","basis":"both","data_ym":"201208"},"geometry":{"type":"Polygon","coordinates":[[[120.548475,22.99756],[120.547477,22.997318],[120.547312,22.997804],[120.547571,22.99789],[120.547429,22.998328],[120.548236,22.998543],[120.548339,22.998247],[120.548378,22.998106],[120.548475,22.99756]]]}},{"type":"Feature","properties":{"id":"453c8c706306","name":"高雄市杉林區杉林國民小學1","level":"國小","basis":"both","data_ym":"202201"},"geometry":{"type":"Polygon","coordinates":[[[120.547934,22.998528],[120.547514,22.998419],[120.547492,22.998891],[120.547835,22.998994],[120.547877,22.998691],[120.5479,22.998616],[120.547934,22.998528]]]}},{"type":"Feature","properties":{"id":"ec4843fbef58","name":"高雄市桃源區寶山國民小學","level":"國小","basis":"both","data_ym":"202203"},"geometry":{"type":"Polygon","coordinates":[[[120.721975,23.055239],[120.721803,23.055252],[120.721634,23.055283],[120.721629,23.055289],[120.72164,23.055292],[120.721632,23.055326],[120.721576,23.055377],[120.72151,23.05542],[120.72156,23.055567],[120.721584,23.055745],[120.721567,23.055967],[120.721503,23.056124],[120.72149,23.056193],[120.721506,23.056409],[120.721701,23.056435],[120.721834,23.056303],[120.721934,23.056124],[120.72201,23.055957],[120.722035,23.055877],[120.722043,23.055686],[120.722054,23.055628],[120.722075,23.055578],[120.722219,23.055426],[120.722067,23.055276],[120.722028,23.05525],[120.721975,23.055239]]]}},{"type":"Feature","properties":{"id":"0485ed7fcb75","name":"高雄市六龜區荖濃國民小學","level":"國小","basis":"both","data_ym":"201509"},"geometry":{"type":"Polygon","coordinates":[[[120.673103,23.073413],[120.672667,23.07283],[120.672314,23.073061],[120.672115,23.073204],[120.672581,23.073761],[120.673103,23.073413]]]}},{"type":"Feature","properties":{"id":"4778cc9351ab","name":"高雄市甲仙區甲仙國民小學","level":"國小","basis":"both","data_ym":"201412"},"geometry":{"type":"Polygon","coordinates":[[[120.5892,23.081707],[120.58931,23.081286],[120.589326,23.081289],[120.589405,23.081],[120.589519,23.080829],[120.589481,23.080639],[120.589457,23.080552],[120.589444,23.080531],[120.589421,23.080512],[120.589093,23.080299],[120.58895,23.080174],[120.588584,23.080646],[120.588505,23.080562],[120.588451,23.080603],[120.588251,23.080394],[120.588042,23.080565],[120.588282,23.080836],[120.588343,23.080914],[120.588338,23.080965],[120.588422,23.081015],[120.588607,23.081144],[120.588515,23.081304],[120.588511,23.081333],[120.588528,23.081371],[120.588598,23.081467],[120.58862,23.081463],[120.588633,23.081547],[120.588607,23.08155],[120.588602,23.081622],[120.588874,23.081655],[120.5892,23.081707]]]}},{"type":"Feature","properties":{"id":"7ff96c08e664","name":"高雄市六龜區寶來國民小學","level":"國小","basis":"both","data_ym":"202201"},"geometry":{"type":"Polygon","coordinates":[[[120.701518,23.109248],[120.702233,23.108746],[120.701938,23.108415],[120.701444,23.107902],[120.700368,23.108636],[120.700493,23.108783],[120.700644,23.10895],[120.700712,23.109036],[120.700732,23.10907],[120.700751,23.109117],[120.700769,23.109186],[120.700981,23.109312],[120.701027,23.109261],[120.701177,23.109127],[120.701302,23.109199],[120.701234,23.10929],[120.701368,23.109372],[120.701495,23.109228],[120.701518,23.109248]]]}},{"type":"Feature","properties":{"id":"4314227cbdeb","name":"高雄市桃源區興中國民小學","level":"國小","basis":"name","data_ym":"201509"},"geometry":{"type":"Polygon","coordinates":[[[120.719525,23.128771],[120.719474,23.128623],[120.719476,23.128574],[120.719492,23.128512],[120.719534,23.128464],[120.719647,23.128377],[120.719713,23.128399],[120.719764,23.128278],[120.719746,23.128183],[120.719699,23.128105],[120.719295,23.127805],[120.719242,23.127822],[120.719108,23.127901],[120.718811,23.128098],[120.718716,23.128272],[120.718529,23.128493],[120.71886,23.128724],[120.718797,23.128812],[120.718979,23.128899],[120.719087,23.128764],[120.719358,23.128942],[120.719437,23.128984],[120.719516,23.128863],[120.71953,23.128826],[120.719525,23.128771]]]}},{"type":"Feature","properties":{"id":"edc485472009","name":"高雄市甲仙區小林國民小學","level":"國小","basis":"both","data_ym":"201906"},"geometry":{"type":"Polygon","coordinates":[[[120.632406,23.149111],[120.632455,23.149072],[120.632435,23.148959],[120.632682,23.148856],[120.632653,23.148812],[120.632603,23.148769],[120.632726,23.14867],[120.633406,23.148388],[120.633406,23.14838],[120.633232,23.148282],[120.633119,23.148273],[120.633055,23.148205],[120.632934,23.148098],[120.632744,23.147912],[120.632699,23.147933],[120.632681,23.147958],[120.632464,23.148087],[120.632472,23.148097],[120.632314,23.14819],[120.63211,23.148384],[120.632018,23.148479],[120.631826,23.14865],[120.63204,23.148836],[120.632065,23.148836],[120.632225,23.14898],[120.63223,23.149001],[120.632351,23.149098],[120.632372,23.14908],[120.632406,23.149111]]]}},{"type":"Feature","properties":{"id":"21d84d8b3774","name":"高雄市桃源區桃源國民小學","level":"國小","basis":"both","data_ym":"201509"},"geometry":{"type":"Polygon","coordinates":[[[120.766071,23.160317],[120.765993,23.160261],[120.765953,23.160313],[120.765725,23.160134],[120.765624,23.160242],[120.765312,23.160152],[120.765195,23.160206],[120.765161,23.160204],[120.765068,23.160212],[120.76498,23.160331],[120.764817,23.160631],[120.765224,23.160795],[120.765612,23.1608],[120.765705,23.160812],[120.765867,23.160886],[120.766106,23.160616],[120.766052,23.160568],[120.766189,23.160427],[120.766071,23.160317]]]}},{"type":"Feature","properties":{"id":"3749b1b52e46","name":"高雄市立桃源國民中學","level":"國中","basis":"both","data_ym":"201509"},"geometry":{"type":"Polygon","coordinates":[[[120.780906,23.179376],[120.781228,23.178606],[120.781217,23.178496],[120.781182,23.178455],[120.78115,23.17843],[120.780976,23.178378],[120.780711,23.178325],[120.780641,23.178307],[120.78059,23.178287],[120.780447,23.178189],[120.780356,23.178138],[120.780266,23.178395],[120.78027,23.178412],[120.780362,23.17848],[120.780422,23.178532],[120.780567,23.178671],[120.780588,23.178685],[120.780643,23.178709],[120.780787,23.178742],[120.780778,23.17878],[120.780601,23.178737],[120.78054,23.178701],[120.780392,23.17856],[120.780369,23.1786],[120.780378,23.178624],[120.780522,23.17923],[120.780545,23.179262],[120.780587,23.179287],[120.780906,23.179376]]]}},{"type":"Feature","properties":{"id":"78c2ca7e0f1d","name":"高雄市桃源區樟山國民小學復興分班","level":"其他","basis":"none","data_ym":"201801"},"geometry":{"type":"Polygon","coordinates":[[[120.804663,23.217837],[120.804576,23.217451],[120.804,23.217567],[120.803951,23.21765],[120.803939,23.217706],[120.803895,23.218229],[120.803903,23.218283],[120.803912,23.218276],[120.804236,23.218163],[120.804338,23.218131],[120.804468,23.218104],[120.804653,23.218079],[120.804678,23.218011],[120.804681,23.217983],[120.804663,23.217837]]]}},{"type":"Feature","properties":{"id":"86a593e6c898","name":"高雄市立那瑪夏國民中學","level":"國中","basis":"both","data_ym":"201707"},"geometry":{"type":"Polygon","coordinates":[[[120.697972,23.239083],[120.697937,23.239004],[120.697851,23.239042],[120.697627,23.239157],[120.697365,23.239271],[120.697197,23.239333],[120.696761,23.239483],[120.696802,23.239618],[120.696863,23.239627],[120.696785,23.239837],[120.696694,23.23997],[120.696618,23.240185],[120.696638,23.240319],[120.696618,23.240659],[120.696569,23.240943],[120.696897,23.241045],[120.697014,23.241066],[120.697584,23.241131],[120.697655,23.24113],[120.69777,23.241115],[120.69789,23.240165],[120.697994,23.23925],[120.697988,23.239143],[120.697972,23.239083]]]}},{"type":"Feature","properties":{"id":"200d5e79c845","name":"高雄市那瑪夏區民權國民小學","level":"國小","basis":"both","data_ym":"201707"},"geometry":{"type":"Polygon","coordinates":[[[120.702313,23.249052],[120.702462,23.248953],[120.702688,23.24922],[120.702857,23.249096],[120.702875,23.249115],[120.703194,23.248851],[120.703116,23.248705],[120.703091,23.24864],[120.702973,23.248236],[120.702871,23.247917],[120.702771,23.24758],[120.70268,23.247613],[120.702182,23.247865],[120.702052,23.247922],[120.701916,23.247995],[120.701838,23.248047],[120.701744,23.248128],[120.701545,23.248308],[120.701292,23.248546],[120.701287,23.248556],[120.701287,23.248588],[120.701301,23.248633],[120.701444,23.248754],[120.701559,23.24883],[120.70166,23.248874],[120.701776,23.248933],[120.701833,23.248968],[120.701873,23.249001],[120.70189,23.249024],[120.701892,23.249039],[120.701887,23.249069],[120.701862,23.249109],[120.702063,23.24924],[120.702313,23.249052]]]}},{"type":"Feature","properties":{"id":"1c734185eba7","name":"高雄市湖內區文賢國民小學","level":"國小","basis":"both","data_ym":"202412"},"geometry":{"type":"Polygon","coordinates":[[[120.213513,22.906797],[120.213076,22.906685],[120.212883,22.907331],[120.212554,22.908305],[120.212952,22.908353],[120.212938,22.908489],[120.21374,22.908499],[120.213739,22.908538],[120.213751,22.908537],[120.213809,22.908509],[120.21385,22.908482],[120.213871,22.908448],[120.213962,22.908185],[120.214143,22.90764],[120.213764,22.907562],[120.213754,22.907532],[120.213722,22.907524],[120.213777,22.907357],[120.213395,22.907226],[120.213558,22.906803],[120.213513,22.906797]]]}},{"type":"Feature","properties":{"id":"0870a4c6d4fb","name":"高雄市湖內區明宗國民小學","level":"國小","basis":"both","data_ym":"202412"},"geometry":{"type":"Polygon","coordinates":[[[120.223539,22.906267],[120.222871,22.905672],[120.221641,22.90567],[120.221667,22.905841],[120.221769,22.906638],[120.221818,22.907067],[120.223071,22.906844],[120.223436,22.906737],[120.223394,22.906634],[120.223417,22.906627],[120.223318,22.906326],[120.223539,22.906267]]]}},{"type":"Feature","properties":{"id":"741400092409","name":"高雄市私立華德高級工業家事職業學校","level":"高中職","basis":"name","data_ym":"202412"},"geometry":{"type":"Polygon","coordinates":[[[120.181373,22.910328],[120.181377,22.910259],[120.181564,22.910271],[120.18163,22.910153],[120.18165,22.910062],[120.181676,22.909898],[120.181675,22.909847],[120.181633,22.909752],[120.181827,22.909735],[120.181828,22.909698],[120.181928,22.909333],[120.181934,22.909291],[120.1819,22.908974],[120.181902,22.908925],[120.181931,22.908831],[120.181944,22.908769],[120.181952,22.908745],[120.18198,22.908696],[120.182031,22.908654],[120.182081,22.908635],[120.182073,22.908246],[120.18215,22.907813],[120.182192,22.907694],[120.182186,22.907363],[120.182199,22.90736],[120.182209,22.907351],[120.182221,22.907326],[120.18222,22.907147],[120.180841,22.907413],[120.180267,22.907528],[120.180248,22.908037],[120.180212,22.908171],[120.180215,22.908357],[120.180187,22.908404],[120.180141,22.9085],[120.180134,22.908598],[120.18016,22.908696],[120.180197,22.908802],[120.180268,22.908931],[120.180263,22.909444],[120.180196,22.909696],[120.180208,22.910057],[120.180208,22.910323],[120.181373,22.910328]]]}},{"type":"Feature","properties":{"id":"282109d99336","name":"高雄市茄萣區茄萣國民小學","level":"國小","basis":"both","data_ym":"202412"},"geometry":{"type":"Polygon","coordinates":[[[120.1826,22.904334],[120.182668,22.90385],[120.182303,22.903856],[120.182297,22.903481],[120.182306,22.903444],[120.182325,22.903423],[120.182348,22.903412],[120.182373,22.903407],[120.182526,22.903404],[120.182521,22.903232],[120.182579,22.903234],[120.182579,22.903192],[120.182564,22.903191],[120.182563,22.903142],[120.182546,22.903142],[120.182526,22.902989],[120.182522,22.902906],[120.182412,22.902898],[120.182403,22.902714],[120.182391,22.902691],[120.182353,22.902509],[120.181386,22.90247],[120.180701,22.902466],[120.179977,22.90245],[120.179852,22.902984],[120.179571,22.904146],[120.17984,22.904129],[120.180014,22.904161],[120.179927,22.904347],[120.180366,22.904416],[120.180381,22.904466],[120.180579,22.904398],[120.180609,22.904395],[120.181291,22.904463],[120.182089,22.904516],[120.182117,22.904398],[120.182551,22.904377],[120.1826,22.904334]]]}},{"type":"Feature","properties":{"id":"eccaacea222a","name":"高雄市湖內區三侯國民小學","level":"國小","basis":"both","data_ym":"201808"},"geometry":{"type":"Polygon","coordinates":[[[120.199877,22.911414],[120.199254,22.910291],[120.198596,22.91061],[120.198594,22.910606],[120.198531,22.910639],[120.198532,22.910641],[120.19834,22.910735],[120.198359,22.910767],[120.198207,22.910837],[120.198584,22.911503],[120.19894,22.911335],[120.198934,22.911324],[120.19895,22.911317],[120.199192,22.91176],[120.199274,22.911721],[120.199706,22.911495],[120.199877,22.911414]]]}},{"type":"Feature","properties":{"id":"2ae2a3d1770c","name":"高雄市立湖內國民中學","level":"國中","basis":"both","data_ym":"202009"},"geometry":{"type":"Polygon","coordinates":[[[120.227602,22.907985],[120.22763,22.908004],[120.227963,22.907482],[120.227923,22.907372],[120.227862,22.907252],[120.227829,22.907269],[120.227474,22.907378],[120.227314,22.906938],[120.227203,22.906595],[120.226822,22.906772],[120.226525,22.90689],[120.225939,22.907135],[120.225796,22.907209],[120.225881,22.907365],[120.225875,22.90737],[120.225924,22.907438],[120.226113,22.907802],[120.226328,22.908201],[120.226361,22.908278],[120.226442,22.908428],[120.226616,22.908361],[120.226817,22.908293],[120.2268,22.908249],[120.227507,22.908012],[120.227602,22.907985]]]}},{"type":"Feature","properties":{"id":"b7750bfa4fe8","name":"高雄市立茄萣國民中學","level":"國中","basis":"both","data_ym":"202209"},"geometry":{"type":"Polygon","coordinates":[[[120.182355,22.906836],[120.182241,22.906336],[120.182191,22.906166],[120.182004,22.906184],[120.181935,22.906151],[120.181841,22.905714],[120.18184,22.905658],[120.181868,22.905446],[120.181994,22.904929],[120.182089,22.904516],[120.181291,22.904463],[120.180676,22.904404],[120.180675,22.904489],[120.180605,22.904536],[120.18064,22.904639],[120.180581,22.904653],[120.180622,22.905108],[120.180505,22.905691],[120.180452,22.905987],[120.180467,22.905989],[120.180521,22.905977],[120.18056,22.906062],[120.180619,22.906329],[120.180398,22.906372],[120.180334,22.906389],[120.180329,22.906457],[120.180294,22.906462],[120.180258,22.907254],[120.181388,22.907028],[120.181861,22.906937],[120.182355,22.906836]]]}},{"type":"Feature","properties":{"id":"2d196439cfa8","name":"高雄市茄萣區砂崙國民小學","level":"國小","basis":"both","data_ym":"202009"},"geometry":{"type":"Polygon","coordinates":[[[120.182338,22.913695],[120.182492,22.913444],[120.18253,22.913369],[120.182557,22.913307],[120.182623,22.913086],[120.182746,22.912578],[120.182745,22.912564],[120.182735,22.912555],[120.182672,22.912538],[120.181807,22.912357],[120.181789,22.912349],[120.181778,22.912338],[120.181772,22.912318],[120.181785,22.912204],[120.181252,22.912113],[120.181091,22.912648],[120.181036,22.91278],[120.181027,22.912776],[120.18091,22.913093],[120.180942,22.913103],[120.180898,22.913244],[120.181107,22.913365],[120.181311,22.913461],[120.181359,22.913457],[120.181363,22.91344],[120.18152,22.913474],[120.181511,22.913513],[120.181986,22.913629],[120.181991,22.913611],[120.182328,22.913701],[120.182338,22.913695]]]}}]}